# Blender 5.2.2 LTS
# www.blender.org
o Holocron_Esquina_08
v 2.911407 4.974063 3.966902
v 4.063076 4.996598 2.738593
v 3.353943 4.980426 3.591178
v 3.744217 4.988183 3.169971
v 4.347424 5.007061 2.229593
v 2.353397 4.968889 4.321460
v 2.908371 5.085842 3.965547
v 4.060040 5.108376 2.737236
v 3.350906 5.092203 3.589823
v 3.741180 5.099958 3.168616
v 4.344383 5.118836 2.228237
v 2.350365 5.080664 4.320105
v 2.140156 5.029039 4.194341
v 2.767178 5.034499 3.810910
v 3.209942 5.040855 3.435435
v 3.052597 5.025408 4.121542
v 2.563606 5.020513 4.447223
v 4.463928 5.057311 2.436524
v 4.204334 5.047938 2.893302
v 3.494904 5.031776 3.745566
v 2.001751 5.016540 4.752286
v 3.918781 5.057034 2.582526
v 4.227875 5.068583 2.021307
v 3.599998 5.048615 3.013987
v 4.689526 5.067951 1.935052
v 3.885403 5.039526 3.324600
v 4.895565 5.176108 0.598156
v 4.899601 5.080686 4.998431
v 0.500755 5.102395 4.992151
v 4.899288 4.834591 5.234720
v 4.884056 0.444189 5.127723
v 0.491772 4.860902 5.223192
v 5.137699 4.839452 4.995492
v 5.136028 4.940667 0.585630
v 5.133701 0.504454 4.886360
v 4.989731 3.893472 2.906021
v 4.995659 2.662083 4.054609
v 4.992531 3.516590 3.347608
v 4.994514 3.094340 3.736830
v 4.995998 2.152272 4.337683
v 4.985550 4.249454 2.348914
v 5.101349 3.888858 2.901096
v 5.107281 2.657470 4.049683
v 5.104153 3.511976 3.342683
v 5.106133 3.089725 3.731904
v 5.107620 2.147656 4.332759
v 5.097176 4.244842 2.343989
v 5.038364 4.121178 2.134424
v 5.043140 3.736147 2.760472
v 5.045940 3.359517 3.202290
v 5.047939 4.046182 3.046646
v 5.044361 4.373117 2.558479
v 5.054237 2.357346 4.453755
v 5.053871 2.814866 4.195299
v 5.050735 3.669050 3.488004
v 5.039871 4.679605 1.997401
v 5.049068 2.504690 3.908993
v 5.049381 1.942582 4.216687
v 5.047920 2.937024 3.591288
v 5.053986 1.855204 4.678103
v 5.052723 3.247041 3.877445
v 3.902458 2.754761 5.085897
v 2.717377 3.951046 5.095525
v 3.542828 3.210331 5.098933
v 3.136299 3.615938 5.101713
v 2.209969 4.258802 5.081330
v 4.237354 2.185401 5.057900
v 3.887054 2.739193 5.195556
v 2.701973 3.935476 5.205186
v 3.527424 3.194765 5.208594
v 3.120895 3.600371 5.211375
v 2.194565 4.243233 5.190991
v 4.221951 2.169835 5.167560
v 4.097145 1.972720 5.076798
v 3.735725 2.611857 5.109710
v 3.376354 3.067645 5.122795
v 4.053783 2.882097 5.171745
v 4.362156 2.382519 5.148661
v 2.422707 4.363125 5.166238
v 2.868778 4.078443 5.181387
v 3.693901 3.337451 5.184728
v 4.647701 1.811447 5.115434
v 2.550571 3.808077 5.119323
v 1.981827 4.138910 5.106082
v 2.969574 3.473043 5.125530
v 3.287617 3.743267 5.187560
v 3.557205 4.984180 3.383733
v 3.137825 4.977048 3.786061
v 3.912369 4.992311 2.955498
v 4.201969 5.001259 2.508989
v 4.515060 5.014588 1.871703
v 2.666573 4.971424 4.137934
v 1.932304 4.966233 4.536557
v 3.554169 5.095957 3.382376
v 3.134789 5.088825 3.784704
v 3.909328 5.104086 2.954143
v 4.198933 5.113034 2.507632
v 4.512024 5.126363 1.870347
v 2.663536 5.083201 4.136578
v 1.929268 5.078010 4.535201
v 2.513660 5.031826 3.985489
v 2.993740 5.037477 3.630223
v 2.816448 5.022800 4.289026
v 4.340134 5.052461 2.670226
v 3.278873 5.028394 3.940543
v 1.445332 5.019376 4.770632
v 4.060768 5.061831 2.346395
v 3.413124 5.044612 3.227900
v 1.572567 5.025777 4.470973
v 4.695248 5.079028 1.466337
v 2.289001 5.018465 4.600785
v 4.578976 5.062526 2.189604
v 3.768082 5.052745 2.799443
v 4.448112 5.078424 1.552446
v 3.698250 5.035528 3.538210
v 4.053616 5.043649 3.110198
v 5.088608 4.650077 2.907065
v 2.803181 2.774137 5.133888
v 2.824799 5.052082 4.754377
v 3.427002 3.417212 3.483820
v 4.897583 5.128396 2.798295
v 2.700180 5.091541 4.995289
v 2.698158 5.139249 2.795152
v 4.891674 2.639390 5.181222
v 2.695530 4.847748 5.228956
v 2.687912 2.652547 5.175459
v 5.136864 4.890058 2.790560
v 5.135700 2.671951 4.940925
v 5.134865 2.722559 2.735994
v 5.033810 3.411235 3.492306
v 3.434547 5.031158 3.531071
v 3.421993 3.382944 5.103668
v 2.822468 5.093064 2.920645
v 4.646832 2.760266 5.137299
v 5.082561 2.796966 4.705530
v 4.657448 5.081525 2.921436
v 2.815884 4.611104 5.177723
v 5.082596 2.840956 2.862163
v 4.993626 3.308604 3.550353
v 4.991222 3.712039 3.131983
v 4.995186 2.879409 3.904442
v 4.995934 2.432091 4.192928
v 4.995865 1.793887 4.504433
v 4.987980 4.065133 2.661620
v 4.982117 4.465614 1.928368
v 5.105247 3.303990 3.545429
v 5.102844 3.707425 3.127057
v 5.106812 2.874794 3.899515
v 5.107555 2.427474 4.188001
v 5.107487 1.789270 4.499509
v 5.099602 4.060519 2.656695
v 5.093739 4.460999 1.923443
v 5.041313 3.911380 2.507395
v 5.044636 3.554872 2.986576
v 5.046268 4.214274 2.810919
v 5.054146 2.591408 4.330540
v 5.049431 3.864595 3.272464
v 5.033894 4.699284 1.441055
v 5.049335 2.268156 4.050389
v 5.047039 3.151441 3.404951
v 5.033661 4.399237 1.567543
v 5.051434 1.386351 4.682668
v 5.042191 4.527375 2.284268
v 5.054153 2.110085 4.568187
v 5.048595 2.722023 3.758834
v 5.049194 1.473071 4.435755
v 5.051834 3.461154 3.690830
v 5.053402 3.032179 4.045122
v 3.342964 3.421074 5.101537
v 3.729790 2.987363 5.093672
v 2.928326 3.792099 5.099714
v 2.492149 4.099243 5.089207
v 1.837692 4.448275 5.072545
v 4.064781 2.504287 5.075113
v 4.437893 1.757975 5.031683
v 3.327560 3.405504 5.211198
v 3.714386 2.971794 5.203332
v 2.912922 3.776531 5.209374
v 2.476746 4.083677 5.198868
v 1.822289 4.432706 5.182204
v 4.049374 2.488719 5.184773
v 4.422489 1.742410 5.141342
v 3.901299 2.352608 5.098298
v 3.563217 2.844593 5.117515
v 4.212856 2.640399 5.161587
v 2.651218 4.223757 5.174950
v 3.880959 3.114563 5.179487
v 4.648232 1.258007 5.055009
v 2.317677 3.959159 5.113126
v 3.176395 3.278308 5.125384
v 4.354225 1.397167 5.040171
v 1.403976 4.648647 5.118159
v 4.506157 2.103220 5.132855
v 2.180767 4.503568 5.155426
v 2.761528 3.649142 5.123513
v 1.479214 4.377414 5.099323
v 3.494129 3.548269 5.187353
v 3.079716 3.919488 5.185571
v 3.069729 4.972871 4.139277
v 3.068050 4.969076 4.137381
v 3.069988 4.971390 4.139535
v 3.069763 4.970150 4.139266
v 3.069080 4.969337 4.138509
v 3.900837 4.983193 3.340422
v 3.902531 4.986991 3.342335
v 3.901875 4.983453 3.341558
v 3.902561 4.984266 3.342319
v 3.902794 4.985509 3.342592
v 2.754776 4.979054 3.796438
v 2.752907 4.983083 3.794473
v 2.753727 4.979391 3.795302
v 2.753002 4.980274 3.794529
v 2.752716 4.981571 3.794237
v 3.585728 4.997203 2.997551
v 3.587605 4.993170 2.999521
v 3.585537 4.995688 2.997317
v 3.585827 4.994390 2.997607
v 3.586552 4.993506 2.998383
v 3.512035 4.979238 3.763303
v 3.510357 4.975446 3.761408
v 3.512295 4.977758 3.763561
v 3.512070 4.976518 3.763292
v 3.511387 4.975705 3.762534
v 3.195671 4.989439 3.418998
v 3.197533 4.985410 3.420954
v 3.195480 4.987926 3.418761
v 3.195766 4.986626 3.419050
v 3.196487 4.985744 3.419821
v 3.904514 5.005626 2.566092
v 3.906422 5.001590 2.568096
v 3.904324 5.004112 2.565860
v 3.904617 5.002811 2.566158
v 3.905354 5.001925 2.566943
v 4.219734 4.991609 2.909086
v 4.221458 4.995418 2.911032
v 4.220783 4.991869 2.910234
v 4.221481 4.992684 2.911009
v 4.221718 4.993932 2.911288
v 4.213608 5.017182 2.004874
v 4.215057 5.013118 2.007869
v 4.213387 5.015662 2.004715
v 4.213581 5.014357 2.005229
v 4.214169 5.013463 2.006336
v 4.479790 5.001002 2.451318
v 4.481049 5.004815 2.454247
v 4.480663 5.001256 2.452846
v 4.481209 5.002070 2.453938
v 4.481342 5.003320 2.454431
v 4.686813 5.038619 0.985630
v 4.681767 5.034345 0.998194
v 4.684917 5.038623 0.985108
v 4.686142 5.037024 0.988443
v 4.684948 5.035650 0.991818
v 4.686710 5.038912 0.984314
v 4.685886 5.037249 0.986230
v 4.684910 5.035929 0.988419
v 4.684753 5.036366 0.986948
v 4.681664 5.034726 0.994938
v 4.682224 5.035672 0.991308
v 4.683411 5.034709 0.995242
v 4.683475 5.035242 0.991366
v 4.683754 5.035938 0.988201
v 4.685684 5.038913 0.984032
v 4.683369 5.037043 0.987856
v 4.684586 5.037256 0.985952
v 4.685513 5.037375 0.984922
v 4.706631 5.015485 1.952764
v 4.703655 5.011554 1.953884
v 4.706802 5.013971 1.953259
v 4.706295 5.012694 1.953645
v 4.705193 5.011846 1.953865
v 2.580730 4.967994 4.464956
v 2.577976 4.964174 4.463721
v 2.580914 4.966506 4.465266
v 2.580452 4.965257 4.465140
v 2.579418 4.964439 4.464597
v 2.128906 4.973604 4.179253
v 2.125885 4.977628 4.177907
v 2.127415 4.973937 4.178353
v 2.126320 4.974819 4.177780
v 2.125782 4.976115 4.177623
v 2.019440 4.960221 4.767075
v 2.018867 4.964044 4.770009
v 2.019611 4.960478 4.768605
v 2.019566 4.961298 4.769699
v 2.019302 4.962549 4.770192
v 0.879051 4.970790 4.772550
v 0.878536 4.970823 4.770737
v 0.892368 4.966855 4.767028
v 0.877724 4.971021 4.772483
v 0.882065 4.969265 4.771742
v 0.879810 4.969434 4.771550
v 0.878471 4.969537 4.771215
v 0.880619 4.968599 4.770369
v 0.881474 4.969324 4.769038
v 0.885132 4.968044 4.767736
v 0.877445 4.971038 4.771503
v 0.879528 4.969463 4.770280
v 0.881935 4.968221 4.769332
v 0.889271 4.967136 4.768754
v 0.885651 4.967983 4.770410
v 0.888962 4.967177 4.767029
v 0.885242 4.967594 4.768939
v 0.882156 4.968193 4.770465
v 3.031246 5.081928 4.099279
v 3.035469 5.077945 4.103803
v 3.032475 5.081595 4.100607
v 3.033707 5.080721 4.101935
v 3.034760 5.079441 4.103056
v 3.868271 5.092062 3.306865
v 3.864037 5.096044 3.302320
v 3.867561 5.093557 3.306115
v 3.866505 5.094840 3.304991
v 3.865269 5.095712 3.303658
v 2.781448 5.085916 3.827347
v 2.785507 5.089756 3.831832
v 2.782093 5.087415 3.828074
v 2.783089 5.088672 3.829180
v 2.784290 5.089493 3.830500
v 3.618332 5.103870 3.034913
v 3.614265 5.100028 3.030421
v 3.617111 5.103607 3.033580
v 3.615910 5.102785 3.032258
v 3.614914 5.101529 3.031149
v 3.473557 5.088296 3.723305
v 3.477772 5.084319 3.727827
v 3.474781 5.087965 3.724634
v 3.476013 5.087093 3.725960
v 3.477062 5.085813 3.727082
v 3.228260 5.096111 3.456345
v 3.224213 5.092269 3.451871
v 3.227047 5.095848 3.455018
v 3.225849 5.095026 3.453702
v 3.224854 5.093769 3.452595
v 3.937145 5.112290 2.603487
v 3.933048 5.108443 2.598959
v 3.935913 5.112027 2.602140
v 3.934704 5.111203 2.600807
v 3.933697 5.109945 2.599690
v 4.187210 5.100463 2.875571
v 4.182930 5.104462 2.870982
v 4.186493 5.101964 2.874818
v 4.185429 5.103251 2.873681
v 4.184177 5.104127 2.872334
v 4.245651 5.123813 2.043515
v 4.242142 5.119987 2.037738
v 4.244644 5.123559 2.041692
v 4.243622 5.122744 2.039953
v 4.242744 5.121489 2.038564
v 4.446812 5.109816 2.418799
v 4.443119 5.113858 2.412961
v 4.446136 5.111325 2.417948
v 4.445198 5.112625 2.416541
v 4.444141 5.113513 2.414789
v 4.715012 5.141383 1.018452
v 4.713451 5.141422 1.017970
v 4.710987 5.144977 1.036845
v 4.714920 5.142817 1.022636
v 4.714828 5.142936 1.020374
v 4.714584 5.142990 1.019003
v 4.714123 5.143685 1.021930
v 4.712490 5.142854 1.022230
v 4.711681 5.144031 1.027313
v 4.714184 5.141691 1.016885
v 4.713692 5.142953 1.020178
v 4.713268 5.143966 1.023661
v 4.712746 5.144763 1.032590
v 4.714127 5.144006 1.027600
v 4.711155 5.144777 1.032445
v 4.712975 5.144433 1.027779
v 4.714302 5.143956 1.023786
v 4.666870 5.124404 1.915836
v 4.672417 5.120427 1.917336
v 4.668598 5.124093 1.916001
v 4.670258 5.123227 1.916345
v 4.671597 5.121942 1.916813
v 2.540901 5.077022 4.425786
v 2.546478 5.073040 4.429492
v 2.542648 5.076693 4.426800
v 2.544319 5.075821 4.427862
v 2.545666 5.074539 4.428807
v 2.154427 5.080453 4.210778
v 2.159931 5.084306 4.214483
v 2.155182 5.081954 4.211445
v 2.156490 5.083213 4.212384
v 2.158157 5.084037 4.213451
v 1.984631 5.069046 4.734560
v 1.982620 5.073070 4.729018
v 1.984085 5.070553 4.733734
v 1.983513 5.071847 4.732390
v 1.982998 5.072732 4.730734
v 0.907551 5.073594 4.805113
v 0.926270 5.077572 4.800908
v 0.907070 5.073644 4.803607
v 0.911819 5.075097 4.805009
v 0.916878 5.076382 4.804174
v 0.906235 5.073816 4.805157
v 0.909508 5.075157 4.804964
v 0.912971 5.076255 4.804421
v 0.911079 5.075949 4.804262
v 0.921799 5.077288 4.801144
v 0.916580 5.076446 4.801740
v 0.921951 5.077251 4.802734
v 0.917042 5.076831 4.803038
v 0.912842 5.076281 4.803392
v 0.911407 5.075165 4.802605
v 0.909309 5.075187 4.803838
v 0.908108 5.075181 4.804745
v 4.660099 5.084112 4.751943
v 4.655846 5.084045 4.756201
v 4.664661 5.088136 4.760883
v 4.659779 5.084075 4.753574
v 4.658855 5.084050 4.754957
v 4.660458 5.085697 4.753928
v 4.660141 5.085618 4.754953
v 4.660152 5.086465 4.756305
v 4.657776 5.085656 4.756589
v 4.660126 5.086998 4.757615
v 4.657475 5.084039 4.755878
v 4.658810 5.085597 4.756271
v 4.661449 5.087018 4.756323
v 4.662544 5.087871 4.759122
v 4.661514 5.087439 4.757700
v 4.634132 0.926519 5.137048
v 4.631107 0.925290 5.137007
v 4.638813 0.913147 5.140951
v 4.633236 0.924395 5.136993
v 4.634274 0.923143 5.138536
v 4.633720 0.922282 5.138572
v 4.637009 0.916438 5.140722
v 4.637894 0.915710 5.140705
v 4.636181 0.918518 5.140284
v 4.634998 0.920960 5.139740
v 4.655445 5.160328 1.092901
v 4.660069 5.164895 1.079360
v 4.652428 5.160371 1.091653
v 4.655212 5.160362 1.091499
v 4.655602 5.161979 1.089502
v 4.655998 5.162889 1.087900
v 4.657215 5.163499 1.085562
v 4.658310 5.164495 1.082640
v 4.653580 5.160383 1.090825
v 0.994404 5.102635 4.754546
v 0.993156 5.102703 4.751531
v 0.980736 5.106828 4.759231
v 0.992275 5.102666 4.753664
v 0.991428 5.104269 4.754934
v 0.989353 5.105091 4.755135
v 0.990452 5.104231 4.754234
v 0.987782 5.105619 4.755949
v 0.983631 5.106527 4.758184
v 0.986366 5.106082 4.756603
v 5.132141 4.693714 1.067953
v 5.132137 4.690782 1.066682
v 5.136395 4.698745 1.054104
v 5.132141 4.693523 1.066551
v 5.133675 4.693662 1.064273
v 5.134590 4.694403 1.062841
v 5.135151 4.695746 1.060396
v 5.132141 4.691936 1.065863
v 5.136070 4.696857 1.057484
v 4.659481 4.591937 5.224518
v 4.664066 4.600628 5.228990
v 4.655251 4.596227 5.224605
v 4.659836 4.593838 5.226196
v 4.660835 4.596157 5.227636
v 4.659168 4.593568 5.224555
v 4.659523 4.594867 5.226161
v 4.659538 4.596179 5.227068
v 4.661942 4.598905 5.228624
v 4.659519 4.597461 5.227660
v 4.660904 4.597513 5.228117
v 4.656879 4.595891 5.224601
v 4.658253 4.594957 5.224583
v 4.657169 4.596521 5.226249
v 4.658203 4.596196 5.226186
v 0.976471 4.624002 5.212489
v 0.963112 4.628415 5.216855
v 0.975204 4.621005 5.212411
v 0.973473 4.624321 5.214119
v 0.975067 4.623783 5.212482
v 0.971443 4.624483 5.214942
v 0.965881 4.627426 5.216499
v 0.968529 4.625884 5.215989
v 0.974384 4.622162 5.212442
v 0.972427 4.623415 5.214093
v 5.132072 4.605941 4.746167
v 5.136356 4.610138 4.754961
v 5.132069 4.601579 4.750316
v 5.133705 4.606222 4.748117
v 5.135094 4.607119 4.750472
v 5.132072 4.605579 4.747791
v 5.133648 4.605877 4.749128
v 5.134525 4.605847 4.750448
v 5.136024 4.608140 4.753216
v 5.135090 4.605815 4.751722
v 5.135548 4.607149 4.751817
v 5.132072 4.603218 4.750036
v 5.132076 4.604621 4.749149
v 5.133701 4.603509 4.750703
v 5.133648 4.604534 4.750407
v 5.129135 1.044494 4.658789
v 5.133389 1.033368 4.662422
v 5.129814 1.042777 4.655126
v 5.130760 1.041925 4.658939
v 5.130024 1.043361 4.658432
v 5.133114 1.035805 4.661774
v 5.132339 1.038449 4.660163
v 5.130390 1.042430 4.656450
v 5.130466 1.042634 4.657611
v 5.131351 1.041306 4.658047
v 0.020756 5.097965 5.225076
v 0.018295 5.094451 5.226091
v 0.020504 5.093355 5.229528
v 0.019688 5.097705 5.224550
v 0.018845 5.096947 5.224557
v 0.020699 5.097572 5.226823
v 0.018791 5.097179 5.226578
v 0.017555 5.096571 5.226518
v 0.017586 5.095991 5.227678
v 0.018322 5.093423 5.227397
v 0.018749 5.092853 5.228510
v 0.018356 5.095804 5.225097
v 0.017651 5.095212 5.226865
v 0.017513 5.094818 5.228214
v 0.020561 5.095079 5.229232
v 0.020630 5.096559 5.228282
v 0.019516 5.092828 5.229257
v 0.018707 5.094854 5.228823
v 5.135658 5.182644 0.117042
v 5.132175 5.183929 0.114442
v 5.131058 5.187320 0.116957
v 5.135391 5.182167 0.115928
v 5.134636 5.182244 0.115043
v 5.135307 5.184436 0.117038
v 5.134903 5.184262 0.115075
v 5.134289 5.184265 0.113796
v 5.133720 5.185451 0.113867
v 5.131145 5.185259 0.114540
v 5.130569 5.186368 0.115050
v 5.133507 5.182863 0.114521
v 5.132927 5.184670 0.113876
v 5.132545 5.186033 0.113798
v 5.132816 5.186966 0.116992
v 5.134312 5.185952 0.117020
v 5.130539 5.187092 0.115900
v 5.132587 5.186610 0.115059
v 5.134537 5.073234 5.235976
v 5.134495 5.068540 5.240447
v 5.139042 5.068733 5.235986
v 5.134529 5.072839 5.237717
v 5.134518 5.071809 5.239178
v 5.136269 5.072877 5.235996
v 5.136200 5.072334 5.237664
v 5.136150 5.071620 5.238995
v 5.137131 5.071228 5.238590
v 5.136242 5.068567 5.240106
v 5.137718 5.068613 5.239140
v 5.134506 5.070299 5.240138
v 5.136189 5.070260 5.239642
v 5.137531 5.070244 5.238981
v 5.138706 5.070442 5.235999
v 5.137733 5.071899 5.236002
v 5.138702 5.068672 5.237693
v 5.138206 5.070331 5.237653
v 5.137539 5.071661 5.237624
v 5.129261 -0.024688 5.114498
v 5.130543 -0.026753 5.110916
v 5.134010 -0.024170 5.110172
v 5.128777 -0.025591 5.114193
v 5.128853 -0.026301 5.113405
v 5.131084 -0.024582 5.114159
v 5.131870 -0.026732 5.109979
v 5.132999 -0.026232 5.109510
v 5.129471 -0.026706 5.112253
v 5.133652 -0.024301 5.111820
v 5.132626 -0.024445 5.113220
v 5.133751 -0.025334 5.109577
v 4.654800 5.084500 1.091026
v 4.651787 5.084552 1.089780
v 4.650513 5.080129 1.096935
v 4.654762 5.084546 1.089166
v 4.654175 5.084571 1.088276
v 4.654274 5.082851 1.091904
v 4.654175 5.082854 1.090072
v 4.653244 5.082067 1.090414
v 4.651485 5.082900 1.090752
v 4.651138 5.081479 1.092453
v 4.653130 5.084573 1.088491
v 4.652847 5.082880 1.089525
v 4.651955 5.080487 1.095101
v 4.653275 5.081443 1.093335
v 4.650799 5.080506 1.094624
v 4.652290 5.080934 1.092670
v 4.653351 5.081707 1.091348
v 4.659451 4.997159 4.749870
v 4.655155 4.992932 4.749767
v 4.655193 4.997091 4.754126
v 4.659111 4.995533 4.749830
v 4.658176 4.994158 4.749796
v 4.659126 4.997123 4.751498
v 4.658722 4.995454 4.751500
v 4.657967 4.994339 4.751387
v 4.655159 4.993219 4.751403
v 4.655170 4.994110 4.752806
v 4.656788 4.993245 4.749774
v 4.656834 4.993595 4.751455
v 4.656757 4.994319 4.752596
v 4.656822 4.997085 4.753803
v 4.658203 4.997097 4.752881
v 4.655182 4.995468 4.753764
v 4.656853 4.995424 4.753371
v 4.657974 4.995518 4.752626
v 0.993759 5.024557 4.752631
v 0.999741 5.020354 4.748271
v 0.992512 5.024638 4.749617
v 0.994663 5.022933 4.752076
v 0.996120 5.021564 4.751053
v 0.991898 5.024572 4.752593
v 0.994129 5.021794 4.751136
v 0.993187 5.022139 4.751033
v 0.997425 5.020689 4.748562
v 0.995235 5.021621 4.748924
v 0.997902 5.020658 4.749716
v 0.995461 5.021059 4.750062
v 0.991222 5.024616 4.750963
v 0.991005 5.024593 4.752005
v 0.993511 5.023006 4.749294
v 0.992073 5.023010 4.751519
v 4.659531 4.594012 5.137552
v 4.655300 4.598302 5.137651
v 4.655273 4.594145 5.133291
v 4.659218 4.595644 5.137590
v 4.658306 4.597032 5.137620
v 4.659206 4.594053 5.135919
v 4.658829 4.595728 5.135918
v 4.658089 4.596856 5.136029
v 4.655300 4.598018 5.136012
v 4.655293 4.597126 5.134609
v 4.656929 4.597967 5.137642
v 4.656967 4.597614 5.135963
v 4.656879 4.596894 5.134820
v 4.656902 4.594126 5.133613
v 4.658287 4.594093 5.134537
v 4.655285 4.595767 5.133651
v 4.656956 4.595787 5.134043
v 4.658081 4.595676 5.134792
v 4.634182 0.928594 5.050081
v 4.629967 0.934729 5.045963
v 4.631157 0.927366 5.050050
v 4.633675 0.929553 5.048471
v 4.632694 0.931055 5.047125
v 4.634132 0.926735 5.050035
v 4.632759 0.929058 5.047293
v 4.632645 0.928110 5.047607
v 4.630238 0.932402 5.046232
v 4.630554 0.930187 5.047103
v 4.631393 0.932875 5.046242
v 4.631714 0.930424 5.046575
v 4.632492 0.926070 5.050018
v 4.633537 0.925847 5.050013
v 4.630878 0.928418 5.048443
v 4.633099 0.926968 5.048454
v 0.976521 4.625886 5.136150
v 0.975254 4.622888 5.136077
v 0.982544 4.621685 5.131791
v 0.975117 4.625667 5.136143
v 0.977909 4.625591 5.134511
v 0.976208 4.625247 5.134560
v 0.975124 4.624748 5.134589
v 0.976299 4.624274 5.133661
v 0.976463 4.622169 5.134430
v 0.978271 4.621688 5.133037
v 0.974434 4.624046 5.136104
v 0.975521 4.623623 5.134523
v 0.976807 4.623315 5.133255
v 0.981167 4.623317 5.132153
v 0.979542 4.624690 5.133109
v 0.980408 4.621519 5.132111
v 0.978760 4.623262 5.132622
v 0.977348 4.624597 5.133287
v 5.045151 4.694216 1.067963
v 5.040863 4.689837 1.073911
v 5.045132 4.691237 1.066649
v 5.043518 4.693868 1.069343
v 5.042130 4.692912 1.070959
v 5.045151 4.694019 1.066557
v 5.043571 4.693554 1.067639
v 5.042309 4.692859 1.068767
v 5.042690 4.692560 1.067714
v 5.041187 4.689711 1.071773
v 5.042114 4.689933 1.069644
v 5.041199 4.691497 1.072563
v 5.041672 4.691489 1.070155
v 5.042305 4.691586 1.068205
v 5.045139 4.692409 1.065846
v 5.043499 4.690469 1.067843
v 5.043564 4.691939 1.066926
v 5.043610 4.693070 1.066548
v 5.045078 4.606438 4.746176
v 5.045055 4.602079 4.750334
v 5.040794 4.602205 4.746075
v 5.045078 4.606077 4.747799
v 5.045074 4.605119 4.749158
v 5.043449 4.606123 4.746169
v 5.043404 4.605694 4.747831
v 5.043484 4.604917 4.748937
v 5.043427 4.602096 4.750011
v 5.042042 4.602127 4.749088
v 5.045067 4.603715 4.750049
v 5.043396 4.603776 4.749658
v 5.042267 4.603715 4.748909
v 5.041130 4.603832 4.746114
v 5.042061 4.605209 4.746146
v 5.041119 4.602163 4.747707
v 5.041519 4.603831 4.747786
v 5.042274 4.604953 4.747730
v 5.024029 0.943075 4.662759
v 5.023335 0.940089 4.659185
v 5.019775 0.943365 4.658764
v 5.024609 0.941645 4.662418
v 5.024677 0.940575 4.661619
v 5.022400 0.943128 4.662534
v 5.022671 0.940906 4.662061
v 5.022762 0.939436 4.661402
v 5.021626 0.939627 4.660955
v 5.021965 0.940145 4.658361
v 5.020809 0.940791 4.657991
v 5.024231 0.940028 4.660484
v 5.022453 0.939482 4.660080
v 5.021107 0.939529 4.659849
v 5.020100 0.943284 4.660372
v 5.021023 0.943200 4.661697
v 5.020042 0.941917 4.658131
v 5.020496 0.941038 4.660018
v 5.021202 0.940565 4.661430
v 4.996243 4.065402 3.064697
v 4.992363 4.063622 3.063077
v 4.994774 4.065701 3.064983
v 4.993523 4.065470 3.064776
v 4.992676 4.064739 3.064106
v 4.997147 3.264463 3.893862
v 5.001026 3.266260 3.895497
v 4.997456 3.265588 3.894896
v 4.998302 3.266324 3.895571
v 4.999557 3.266561 3.895783
v 4.987091 3.723337 2.748978
v 4.991032 3.721259 2.747037
v 4.987377 3.722192 2.747920
v 4.988228 3.721397 2.747180
v 4.989510 3.721068 2.746870
v 4.995815 2.922137 3.577853
v 4.991879 2.924220 3.579800
v 4.994293 2.921947 3.577687
v 4.993011 2.922275 3.577997
v 4.992165 2.923073 3.578739
v 4.999035 3.688271 3.506056
v 4.995163 3.686492 3.504435
v 4.997566 3.688571 3.506342
v 4.996315 3.688339 3.506134
v 4.995472 3.687609 3.505465
v 4.993835 3.344628 3.188855
v 4.989899 3.346696 3.190788
v 4.992313 3.344436 3.188687
v 4.991032 3.344760 3.188995
v 4.990181 3.345555 3.189733
v 4.996967 2.489804 3.895561
v 4.993027 2.491919 3.897537
v 4.995445 2.489614 3.895395
v 4.994160 2.489951 3.895713
v 4.993309 2.490761 3.896465
v 4.998295 2.832249 4.211679
v 5.002190 2.834080 4.213345
v 4.998608 2.833389 4.212727
v 4.999454 2.834136 4.213413
v 5.000713 2.834378 4.213630
v 4.997288 1.927698 4.203256
v 4.993340 1.930807 4.204777
v 4.995758 1.927585 4.203057
v 4.994473 1.928134 4.203275
v 4.993622 1.929267 4.203880
v 4.998657 2.373741 4.470590
v 5.002575 2.376552 4.471792
v 4.998970 2.375256 4.471463
v 4.999825 2.376325 4.471998
v 5.001091 2.376779 4.472113
v 4.996838 0.907057 4.673922
v 4.992847 0.919752 4.668975
v 4.996792 0.906537 4.672030
v 4.995312 0.909916 4.673286
v 4.994019 0.913333 4.672120
v 4.997089 0.905733 4.673813
v 4.995464 0.907699 4.673023
v 4.994194 0.909925 4.672072
v 4.994587 0.908443 4.671908
v 4.993130 0.916489 4.668858
v 4.993980 0.912829 4.669398
v 4.993153 0.916788 4.670606
v 4.993572 0.912897 4.670654
v 4.994179 0.909713 4.670917
v 4.997063 0.905453 4.672787
v 4.995266 0.909335 4.670512
v 4.995445 0.907422 4.671721
v 4.995548 0.906388 4.672642
v 5.002354 1.874399 4.696130
v 4.998405 1.875638 4.693222
v 5.000858 1.874936 4.696326
v 4.999584 1.875359 4.695842
v 4.998722 1.875607 4.694752
v 4.992676 4.392333 2.576525
v 4.988777 4.391218 2.573831
v 4.991203 4.392686 2.576731
v 4.989944 4.392598 2.576292
v 4.989090 4.392082 2.575273
v 4.982327 4.107747 2.124082
v 4.986259 4.106290 2.120991
v 4.982609 4.106841 2.122584
v 4.983452 4.106246 2.121470
v 4.984737 4.106053 2.120911
v 4.984318 4.695988 2.016068
v 4.988213 4.698811 2.015439
v 4.984623 4.697509 2.016242
v 4.985470 4.698578 2.016183
v 4.986732 4.699035 2.015901
v 4.975872 4.704070 0.875679
v 4.975842 4.702256 0.875158
v 4.972000 4.698630 0.889050
v 4.976078 4.703998 0.874348
v 4.974373 4.703300 0.878715
v 4.974503 4.703106 0.876458
v 4.974571 4.702771 0.875119
v 4.973644 4.701949 0.877279
v 4.974342 4.700595 0.878114
v 4.973087 4.699321 0.881793
v 4.976063 4.703018 0.874066
v 4.974487 4.701837 0.876173
v 4.973255 4.700921 0.878596
v 4.972279 4.700356 0.885952
v 4.973114 4.701995 0.882322
v 4.972263 4.698632 0.885633
v 4.972675 4.700537 0.881914
v 4.973267 4.702052 0.878822
v 5.103416 4.022330 3.024298
v 5.099644 4.026959 3.028594
v 5.103146 4.023665 3.025533
v 5.102333 4.025016 3.026783
v 5.101105 4.026172 3.027858
v 5.104424 3.227823 3.859396
v 5.108200 3.223174 3.855082
v 5.105885 3.227032 3.858658
v 5.107117 3.225869 3.857579
v 5.107929 3.224516 3.856323
v 5.095245 3.751038 2.773906
v 5.099285 3.755399 2.777908
v 5.096779 3.751720 2.774526
v 5.098080 3.752788 2.775504
v 5.098961 3.754079 2.776691
v 5.104069 2.956280 3.608729
v 5.100029 2.951915 3.604721
v 5.103745 2.954958 3.607509
v 5.102863 2.953665 3.606322
v 5.101559 2.952598 3.605343
v 5.106216 3.645202 3.465657
v 5.102440 3.649828 3.469950
v 5.105942 3.646536 3.466892
v 5.105129 3.647884 3.468139
v 5.103901 3.649040 3.469215
v 5.102089 3.378757 3.219716
v 5.098053 3.374406 3.215724
v 5.101765 3.377443 3.218503
v 5.100883 3.376152 3.217319
v 5.099579 3.375088 3.216343
v 5.105213 2.523980 3.926465
v 5.101170 2.519577 3.922425
v 5.104889 2.522645 3.925235
v 5.104008 2.521342 3.924034
v 5.102699 2.520263 3.923047
v 5.105560 2.795652 4.177254
v 5.109348 2.790958 4.172900
v 5.107025 2.794855 4.176512
v 5.108261 2.793686 4.175422
v 5.109077 2.792318 4.174155
v 5.105526 1.963124 4.233575
v 5.101475 1.957467 4.230118
v 5.105202 1.961308 4.232569
v 5.104321 1.959597 4.231558
v 5.103008 1.958249 4.230696
v 5.105904 2.338140 4.435715
v 5.109711 2.332196 4.431945
v 5.107376 2.337246 4.435015
v 5.108616 2.335803 4.434053
v 5.109436 2.334030 4.432975
v 5.100975 0.936787 4.700450
v 5.100975 0.936305 4.698890
v 5.105038 0.955076 4.696405
v 5.101311 0.934918 4.700169
v 5.102531 0.940925 4.700347
v 5.102577 0.938661 4.700249
v 5.102589 0.937292 4.699999
v 5.103363 0.940195 4.699529
v 5.102512 0.940524 4.697912
v 5.103825 0.945575 4.697098
v 5.102570 0.938468 4.699109
v 5.103680 0.941921 4.698675
v 5.104729 0.950824 4.698157
v 5.103848 0.945855 4.699540
v 5.104710 0.950683 4.696567
v 5.104263 0.946022 4.698383
v 5.103687 0.942044 4.699711
v 5.109459 1.834402 4.654456
v 5.105625 1.836006 4.660071
v 5.109184 1.834574 4.656190
v 5.108356 1.834936 4.657865
v 5.107109 1.835441 4.659229
v 5.099827 4.350099 2.534780
v 5.096050 4.353902 2.540431
v 5.099560 4.351116 2.536532
v 5.098747 4.352197 2.538221
v 5.097515 4.353175 2.539591
v 5.090469 4.136069 2.147858
v 5.094521 4.139646 2.153304
v 5.092003 4.136689 2.148588
v 5.093307 4.137589 2.149879
v 5.094193 4.138625 2.151535
v 5.091541 4.660395 1.979361
v 5.095367 4.654742 1.977274
v 5.093018 4.659526 1.978789
v 5.094261 4.658145 1.978192
v 5.095085 4.656466 1.977660
v 5.080048 4.733540 0.902506
v 5.084213 4.729173 0.921149
v 5.080048 4.732034 0.902024
v 5.081619 4.733382 0.906752
v 5.082962 4.732495 0.911784
v 5.080250 4.733581 0.901186
v 5.081638 4.733340 0.904437
v 5.082779 4.732755 0.907882
v 5.082436 4.732613 0.905996
v 5.083866 4.729429 0.916681
v 5.082951 4.730062 0.911479
v 5.083874 4.731017 0.916841
v 5.083382 4.731347 0.911937
v 5.082771 4.731726 0.907750
v 5.081612 4.730978 0.906332
v 5.081635 4.732215 0.904235
v 5.081635 4.733125 0.903036
v 4.078472 2.904227 5.124108
v 4.077015 2.903077 5.119943
v 4.078918 2.904641 5.122710
v 4.078800 2.904567 5.121429
v 4.078133 2.904018 5.120457
v 3.310841 3.764239 5.135759
v 3.312309 3.765400 5.139917
v 3.311962 3.765184 5.136272
v 3.312634 3.765737 5.137243
v 3.312756 3.765811 5.138521
v 3.727921 2.606467 5.051855
v 3.725407 2.604244 5.055369
v 3.726715 2.605438 5.051925
v 3.725815 2.604651 5.052617
v 3.725357 2.604235 5.053828
v 2.959255 3.465428 5.071189
v 2.961784 3.467661 5.067678
v 2.959209 3.465418 5.069647
v 2.959671 3.465840 5.068436
v 2.960575 3.466629 5.067746
v 3.718590 3.359582 5.137085
v 3.717136 3.358432 5.132929
v 3.719040 3.359996 5.135689
v 3.718922 3.359924 5.134411
v 3.718250 3.359374 5.133442
v 3.366035 3.060030 5.068455
v 3.368542 3.062247 5.064940
v 3.365982 3.060021 5.066911
v 3.366444 3.060439 5.065703
v 3.367340 3.061220 5.065009
v 2.540253 3.800462 5.064989
v 2.542820 3.802730 5.061479
v 2.540207 3.800457 5.063445
v 2.540680 3.800886 5.062236
v 2.541595 3.801684 5.061547
v 2.891972 4.099390 5.129578
v 2.893467 4.100574 5.133746
v 2.893105 4.100343 5.130093
v 2.893784 4.100905 5.131067
v 2.893913 4.100986 5.132349
v 1.971512 4.131297 5.051751
v 1.975132 4.133073 5.048207
v 1.971542 4.131253 5.050204
v 1.972244 4.131576 5.048987
v 1.973503 4.132215 5.048284
v 2.444942 4.384603 5.114474
v 2.447392 4.385255 5.118600
v 2.446438 4.385355 5.114973
v 2.447430 4.385744 5.115933
v 2.447765 4.385709 5.117206
v 0.870945 4.644411 5.038852
v 0.883801 4.639884 5.034932
v 0.870449 4.642515 5.038559
v 0.873909 4.643934 5.037364
v 0.877396 4.642908 5.036095
v 0.869606 4.644265 5.038977
v 0.871693 4.643655 5.037368
v 0.874004 4.642842 5.036109
v 0.872505 4.642637 5.036417
v 0.880577 4.639741 5.035065
v 0.876911 4.640190 5.035802
v 0.880867 4.641486 5.035243
v 0.876995 4.641490 5.035497
v 0.873798 4.641691 5.035984
v 0.869339 4.643239 5.038820
v 0.873352 4.641164 5.037030
v 0.871429 4.642353 5.037211
v 0.870384 4.643264 5.037344
v 1.951019 4.667284 5.095858
v 1.959522 4.665391 5.096011
v 1.956779 4.664875 5.092225
v 1.953030 4.667123 5.096051
v 1.955349 4.666708 5.096147
v 1.952351 4.667648 5.094432
v 1.954273 4.667377 5.094608
v 1.956028 4.667131 5.094725
v 1.959385 4.666131 5.094618
v 1.958813 4.666294 5.093409
v 1.957630 4.666099 5.096133
v 1.957680 4.666643 5.094696
v 1.957531 4.666934 5.093546
v 1.955467 4.666343 5.092467
v 1.953915 4.667318 5.093241
v 1.957897 4.665853 5.092570
v 1.956631 4.666739 5.092939
v 1.955402 4.667380 5.093476
v 4.386837 2.404641 5.101039
v 4.386005 2.402395 5.096802
v 4.387337 2.404973 5.099632
v 4.387352 2.404664 5.098333
v 4.386887 2.403758 5.097338
v 4.088760 1.968498 5.019012
v 4.086826 1.965104 5.022459
v 4.087780 1.967019 5.019056
v 4.087067 1.965855 5.019727
v 4.086731 1.965184 5.020921
v 4.669952 1.834697 5.063781
v 4.672367 1.833557 5.067833
v 4.671444 1.834769 5.064240
v 4.672424 1.834576 5.065171
v 4.672752 1.834153 5.066433
v 4.638592 0.701330 4.940751
v 4.636772 0.700896 4.940504
v 4.634022 0.715248 4.937774
v 4.638454 0.699990 4.940816
v 4.638073 0.704529 4.939506
v 4.637791 0.702280 4.939387
v 4.637405 0.700959 4.939288
v 4.636749 0.703233 4.938514
v 4.635368 0.704053 4.939170
v 4.634350 0.707890 4.938182
v 4.637470 0.699756 4.940683
v 4.636520 0.702054 4.939227
v 4.635811 0.704625 4.938171
v 4.635601 0.712061 4.937895
v 4.637024 0.708298 4.938504
v 4.633877 0.711820 4.937691
v 4.635601 0.707999 4.937896
v 4.636944 0.704800 4.938308
v 4.023987 2.855540 5.222265
v 4.029099 2.859969 5.219380
v 4.025383 2.856733 5.222242
v 4.026844 2.857994 5.221686
v 4.028149 2.859129 5.220680
v 3.262936 3.721139 5.235192
v 3.257812 3.716702 5.238078
v 3.261982 3.720298 5.236493
v 3.260677 3.719160 5.237499
v 3.259212 3.717897 5.238056
v 3.746044 2.619473 5.164051
v 3.750141 2.622867 5.168854
v 3.746597 2.619911 5.165692
v 3.747570 2.620708 5.167180
v 3.748817 2.621746 5.168290
v 2.984001 3.484061 5.184675
v 2.979897 3.480659 5.179869
v 2.982674 3.482937 5.184111
v 2.981426 3.481896 5.182999
v 2.980450 3.481096 5.181511
v 3.664108 3.310897 5.235252
v 3.669212 3.315320 5.232366
v 3.665504 3.312088 5.235225
v 3.666962 3.313347 5.234669
v 3.668266 3.314483 5.233667
v 3.390762 3.078648 5.181938
v 3.386673 3.075262 5.177138
v 3.389439 3.077530 5.181376
v 3.388199 3.076495 5.180266
v 3.387226 3.075698 5.178777
v 2.565041 3.819131 5.178478
v 2.560890 3.815692 5.173661
v 2.563694 3.817995 5.177911
v 2.562431 3.816942 5.176796
v 2.561447 3.816133 5.175304
v 2.844101 4.056323 5.229005
v 2.838943 4.051853 5.231900
v 2.843147 4.055477 5.230312
v 2.841831 4.054330 5.231321
v 2.840355 4.053058 5.231879
v 1.997612 4.149337 5.165193
v 1.992146 4.146525 5.160413
v 1.995762 4.148441 5.164643
v 1.994072 4.147590 5.163540
v 1.992802 4.146918 5.162055
v 2.398041 4.341017 5.213832
v 2.391678 4.337209 5.216809
v 2.396992 4.340219 5.215152
v 2.395412 4.339215 5.216181
v 2.393547 4.338157 5.216762
v 0.891556 4.659368 5.147446
v 0.891083 4.657741 5.147220
v 0.908634 4.655073 5.151903
v 0.889664 4.659000 5.147585
v 0.895336 4.659132 5.149133
v 0.893147 4.658992 5.149054
v 0.891827 4.658714 5.148971
v 0.894550 4.658195 5.149842
v 0.895016 4.656646 5.148880
v 0.899734 4.655752 5.150353
v 0.892990 4.657828 5.148934
v 0.896202 4.657318 5.150171
v 0.904579 4.656807 5.151545
v 0.899910 4.658232 5.150572
v 0.904514 4.655201 5.151414
v 0.900059 4.657016 5.150904
v 0.896278 4.658367 5.150265
v 1.903675 4.617390 5.194634
v 1.906448 4.623293 5.191026
v 1.904163 4.619138 5.194357
v 1.904861 4.620872 5.193575
v 1.905666 4.622332 5.192406
v 4.333138 2.354580 5.199112
v 4.337479 2.360393 5.196286
v 4.334236 2.356302 5.199116
v 4.335445 2.358011 5.198580
v 4.336586 2.359447 5.197586
v 4.107464 1.980335 5.131136
v 4.110828 1.985196 5.136028
v 4.107964 1.980883 5.132784
v 4.108776 1.981999 5.134291
v 4.109783 1.983517 5.135431
v 4.623032 1.789329 5.163041
v 4.616966 1.787145 5.166106
v 4.622005 1.788658 5.164365
v 4.620491 1.788008 5.165410
v 4.618725 1.787475 5.166023
v 4.658924 0.716536 5.049365
v 4.654839 0.734866 5.054981
v 4.657410 0.716123 5.049178
v 4.658768 0.720610 5.051337
v 4.657936 0.725524 5.053097
v 4.658642 0.718309 5.051118
v 4.658073 0.721650 5.052542
v 4.657898 0.719815 5.051999
v 4.654972 0.730442 5.054207
v 4.655506 0.725327 5.052830
v 4.656555 0.730531 5.054376
v 4.656757 0.725686 5.053424
v 4.657047 0.721567 5.052429
v 4.658081 0.714980 5.049333
v 4.656364 0.720301 5.051066
v 4.657516 0.718160 5.050989
v 4.658379 0.716926 5.050952
v 5.160027 5.177149 0.073269
v 5.158382 5.180402 0.071928
v 5.158417 5.179625 0.072754
v 5.160660 5.180346 0.070843
v 5.160431 5.179903 0.072762
v 5.160393 5.179265 0.074006
v 5.161568 5.178712 0.073928
v 5.161358 5.176147 0.073200
v 5.162491 5.175607 0.072685
v 5.158993 5.178483 0.073225
v 5.160778 5.177913 0.073889
v 5.162136 5.177543 0.073975
v 5.163155 5.177892 0.070751
v 5.162155 5.179361 0.070801
v 5.163242 5.175611 0.071807
v 5.162750 5.177619 0.072703
v 3.713696 4.979197 3.554044
v 3.715382 4.982991 3.555947
v 3.714729 4.979455 3.555175
v 3.715416 4.980268 3.555932
v 3.715645 4.981510 3.556204
v 2.981331 4.982034 3.615744
v 2.979469 4.986063 3.613786
v 2.980282 4.982369 3.614609
v 2.979561 4.983252 3.613838
v 2.979275 4.984551 3.613549
v 3.294327 4.972064 3.956387
v 3.296005 4.975857 3.958280
v 3.295357 4.972324 3.957515
v 3.296040 4.973136 3.958269
v 3.296265 4.974376 3.958538
v 3.400723 4.989166 3.213424
v 3.398857 4.993193 3.211463
v 3.399673 4.989501 3.212290
v 3.398949 4.990386 3.211518
v 3.398663 4.991682 3.211227
v 3.755699 4.997300 2.784995
v 3.753815 5.001334 2.783009
v 3.754642 4.997636 2.783848
v 3.753914 4.998522 2.783068
v 3.753620 4.999820 2.782773
v 4.069035 4.987321 3.126004
v 4.070744 4.991123 3.127932
v 4.070076 4.987580 3.127145
v 4.070770 4.988395 3.127912
v 4.071003 4.989638 3.128189
v 4.355579 4.996136 2.685873
v 4.357254 4.999955 2.687953
v 4.356609 4.996397 2.687073
v 4.357292 4.997214 2.687891
v 4.357521 4.998463 2.688200
v 4.048359 5.006382 2.332102
v 4.046501 5.010426 2.329962
v 4.047310 5.006721 2.330897
v 4.046593 5.007607 2.330066
v 4.046307 5.008908 2.329740
v 4.692711 5.022948 1.476045
v 4.696651 5.027278 1.466964
v 4.694256 5.023337 1.472584
v 4.695545 5.024296 1.469644
v 4.696388 5.025680 1.467669
v 4.595810 5.006263 2.202244
v 4.596088 5.010044 2.207321
v 4.596310 5.006499 2.204593
v 4.596539 5.007302 2.206384
v 4.596462 5.008546 2.207343
v 4.434311 5.022912 1.541143
v 4.433846 5.027023 1.536015
v 4.433796 5.023276 1.538794
v 4.433525 5.024184 1.536995
v 4.433544 5.025500 1.536019
v 2.501408 4.976383 3.970938
v 2.499390 4.980411 3.969054
v 2.500301 4.976717 3.969833
v 2.499527 4.977601 3.969085
v 2.499210 4.978897 3.968811
v 2.831757 4.966467 4.304951
v 2.833576 4.970271 4.306759
v 2.832844 4.966729 4.306047
v 2.833569 4.967542 4.306775
v 2.833828 4.968788 4.307025
v 1.455658 4.963539 4.767051
v 1.446739 4.967641 4.771260
v 1.452278 4.963836 4.768677
v 1.449398 4.964721 4.770049
v 1.447453 4.966055 4.770955
v 1.563732 4.970355 4.454728
v 1.558296 4.974366 4.454538
v 1.561317 4.970684 4.454270
v 1.559437 4.971560 4.454072
v 1.558376 4.972855 4.454167
v 2.301228 4.962110 4.618463
v 2.306126 4.965953 4.618512
v 2.303493 4.962380 4.618887
v 2.305222 4.963205 4.619046
v 2.306145 4.964462 4.618913
v 3.681122 5.088068 3.520472
v 3.676895 5.092048 3.515943
v 3.680408 5.089561 3.519726
v 3.679359 5.090845 3.518603
v 3.678123 5.091716 3.517275
v 3.008011 5.088895 3.646659
v 3.012058 5.092735 3.651136
v 3.008652 5.090393 3.647384
v 3.009647 5.091650 3.648491
v 3.010845 5.092472 3.649808
v 3.261742 5.080936 3.922806
v 3.257526 5.084915 3.918286
v 3.261032 5.082429 3.922059
v 3.259983 5.083711 3.920939
v 3.258751 5.084583 3.919613
v 3.427395 5.096026 3.244335
v 3.431450 5.099866 3.248816
v 3.428040 5.097524 3.245063
v 3.429035 5.098780 3.246169
v 3.430233 5.099603 3.247487
v 3.782352 5.104157 2.815877
v 3.786427 5.108004 2.820384
v 3.782997 5.105659 2.816607
v 3.783997 5.106915 2.817719
v 3.785202 5.107738 2.819046
v 4.036488 5.096181 3.092464
v 4.032234 5.100171 3.087902
v 4.035774 5.097678 3.091713
v 4.034718 5.098963 3.090584
v 4.033470 5.099837 3.089245
v 4.323009 5.104978 2.652498
v 4.318794 5.108989 2.647738
v 4.322300 5.106483 2.651731
v 4.321247 5.107774 2.650557
v 4.320015 5.108653 2.649154
v 4.075035 5.113236 2.362828
v 4.079067 5.117081 2.367522
v 4.075676 5.114739 2.363571
v 4.076672 5.115998 2.364726
v 4.077858 5.116820 2.366112
v 4.693844 5.130759 1.465710
v 4.688927 5.134690 1.476355
v 4.693432 5.132333 1.466506
v 4.692356 5.133634 1.468808
v 4.690773 5.134459 1.472267
v 4.561863 5.115016 2.171884
v 4.559406 5.119130 2.163311
v 4.561283 5.116536 2.170824
v 4.560612 5.117850 2.168822
v 4.559956 5.118763 2.166184
v 4.462376 5.129824 1.568877
v 4.464642 5.133597 1.577358
v 4.462883 5.131323 1.569910
v 4.463493 5.132565 1.571885
v 4.464108 5.133365 1.574500
v 2.527931 5.083241 4.001923
v 2.532173 5.087083 4.006306
v 2.528587 5.084739 4.002643
v 2.529625 5.085996 4.003728
v 2.530884 5.086819 4.005015
v 2.799320 5.075334 4.271290
v 2.794922 5.079319 4.266873
v 2.798595 5.076829 4.270551
v 2.797504 5.078113 4.269452
v 2.796215 5.078987 4.268160
v 1.443928 5.071094 4.770007
v 1.454086 5.075323 4.764987
v 1.444664 5.072692 4.769610
v 1.446857 5.074059 4.768515
v 1.450165 5.074982 4.766893
v 1.586834 5.077190 4.487407
v 1.595333 5.081061 4.489675
v 1.587814 5.078693 4.487965
v 1.589775 5.079956 4.488593
v 1.592419 5.080787 4.489193
v 2.271881 5.070982 4.583056
v 2.263680 5.074953 4.580792
v 2.270866 5.072482 4.582478
v 2.268951 5.073765 4.581846
v 2.266426 5.074632 4.581254
v 0.892803 5.022233 4.787173
v 0.893303 5.022190 4.788834
v 0.891918 5.022201 4.788751
v 4.699184 5.090024 1.001539
v 4.700916 5.090001 1.002044
v 4.700802 5.090034 1.000650
v 5.132809 5.130277 2.676419
v 5.137352 5.125704 2.676297
v 5.134548 5.129940 2.675688
v 5.136024 5.128953 2.675409
v 5.137009 5.127465 2.675622
v 5.131893 2.521929 5.177473
v 5.136528 2.522433 5.173088
v 5.133671 2.521270 5.177116
v 5.135178 2.521136 5.176159
v 5.136177 2.521543 5.174743
v 5.131359 2.578588 2.612680
v 5.134834 2.579629 2.613267
v 5.132690 2.578143 2.612180
v 5.133816 2.578184 2.612116
v 2.577492 5.080959 5.234987
v 2.577579 5.085599 5.230541
v 2.576797 5.082698 5.234684
v 2.576569 5.084193 5.233733
v 2.576843 5.085210 5.232277
v 2.575233 5.139190 2.670269
v 2.575909 5.142640 2.671061
v 2.574749 5.140531 2.669821
v 2.574707 5.141656 2.669812
v 2.574417 2.533853 5.168504
v 2.574898 2.534377 5.172014
v 2.573917 2.533340 5.169826
v 2.573837 2.533258 5.170958
v 4.657772 5.122220 2.922421
v 4.662354 5.126515 2.920168
v 4.658131 5.123852 2.922282
v 4.659126 5.125241 2.921806
v 4.660610 5.126178 2.921062
v 2.822777 5.097483 4.760045
v 2.825123 5.093339 4.755374
v 2.823685 5.097204 4.758289
v 2.824451 5.096319 4.756786
v 2.824955 5.094961 4.755761
v 2.820408 5.135862 2.919243
v 2.822792 5.131536 2.921592
v 2.821331 5.135512 2.920173
v 2.822109 5.134568 2.920949
v 2.822620 5.133172 2.921446
v 4.646805 2.759228 5.180784
v 4.651424 2.756866 5.184971
v 4.647160 2.759017 5.182409
v 4.648159 2.758495 5.183775
v 4.649658 2.757740 5.184675
v 2.815861 4.610116 5.218547
v 2.813580 4.614513 5.222923
v 2.815685 4.610419 5.220186
v 2.815189 4.611360 5.221592
v 2.814449 4.612798 5.222554
v 2.800945 2.770735 5.178902
v 2.803154 2.773146 5.174711
v 2.801792 2.771628 5.178604
v 2.802509 2.772399 5.177703
v 2.802986 2.772932 5.176336
v 5.136375 4.654422 2.904820
v 5.132107 4.649827 2.907060
v 5.136047 4.652656 2.905677
v 5.135120 4.651162 2.906404
v 5.133739 4.650170 2.906889
v 5.134872 2.821523 4.708684
v 5.130600 2.822026 4.704540
v 5.134544 2.822398 4.707071
v 5.133617 2.822802 4.705717
v 5.132233 2.822670 4.704828
v 5.134892 2.865522 2.858751
v 5.130875 2.866141 2.861167
v 5.134586 2.866402 2.859650
v 5.133717 2.866829 2.860425
v 5.132412 2.866738 2.860959
v 4.652832 5.036551 2.922472
v 4.657127 5.040831 2.920448
v 4.654465 5.036881 2.921667
v 4.655853 5.037811 2.920998
v 4.656788 5.039198 2.920569
v 2.824474 5.010824 4.753379
v 2.826569 5.006649 4.749017
v 2.824623 5.009201 4.753017
v 2.825073 5.007837 4.752059
v 2.825756 5.006941 4.750655
v 2.822147 5.054595 2.919698
v 2.825127 5.050242 2.922602
v 2.822365 5.052958 2.919888
v 2.823006 5.051557 2.920506
v 2.823975 5.050602 2.921460
v 4.642612 2.763559 5.089605
v 4.646858 2.761303 5.093817
v 4.644238 2.762727 5.089912
v 4.645615 2.762006 5.090820
v 4.646534 2.761507 5.092191
v 2.818020 4.607924 5.132539
v 2.815910 4.612096 5.136899
v 2.817215 4.609552 5.132903
v 2.816528 4.610918 5.133859
v 2.816071 4.611810 5.135263
v 2.803207 2.775128 5.093065
v 2.806248 2.778215 5.088878
v 2.803440 2.775394 5.091440
v 2.804100 2.776075 5.090073
v 2.805084 2.777065 5.089174
v 5.045116 4.650327 2.907070
v 5.040833 4.646041 2.909107
v 5.043484 4.650010 2.907226
v 5.042095 4.649082 2.907667
v 5.041164 4.647689 2.908328
v 5.034538 2.771913 4.706520
v 5.030281 2.771909 4.702400
v 5.032906 2.771229 4.706234
v 5.031525 2.770987 4.705351
v 5.030602 2.771226 4.704004
v 5.034336 2.815777 2.863159
v 5.030319 2.816609 2.866331
v 5.032795 2.815196 2.863426
v 5.031490 2.815150 2.864121
v 5.030621 2.815645 2.865142
v 4.659775 5.040636 4.750906
v 4.655518 5.040567 4.755164
v 4.659451 5.040601 4.752536
v 4.658527 5.040577 4.753918
v 4.657146 5.040565 4.754841
v 0.992832 5.063671 4.750575
v 0.994080 5.063594 4.753589
v 0.992004 5.063650 4.751727
v 0.992680 5.063610 4.753359
v 4.634159 0.927556 5.093565
v 4.631134 0.926329 5.093529
v 4.633919 0.926157 5.093530
v 4.632278 0.925493 5.093511
v 0.976494 4.624943 5.174320
v 0.975231 4.621948 5.174246
v 0.975090 4.624726 5.174311
v 0.974407 4.623104 5.174271
v 5.088562 4.601829 4.750327
v 5.088577 4.606190 4.746172
v 5.088566 4.603467 4.750042
v 5.088573 4.604871 4.749154
v 5.088573 4.605829 4.747794
v 5.088634 4.691009 1.066665
v 5.088646 4.693966 1.067957
v 5.088638 4.692172 1.065855
v 5.088646 4.693771 1.066554
v 4.655125 5.122415 1.091963
v 4.652107 5.122461 1.090716
v 4.654892 5.122447 1.090562
v 4.653259 5.122472 1.089888
v 4.655273 4.597267 5.181129
v 4.659508 4.592974 5.181035
v 4.656902 4.596929 5.181122
v 4.658279 4.595996 5.181103
v 4.659195 4.594606 5.181072
v 5.076565 0.991423 4.657158
v 5.076572 0.993772 4.660774
v 5.076561 0.990504 4.658497
v 5.076561 0.990629 4.659653
v 5.076565 0.991775 4.660455
v 4.996262 3.478588 3.707258
v 5.000134 3.480375 3.708884
v 4.996571 3.479709 3.708289
v 4.997414 3.480441 3.708960
v 4.998665 3.480674 3.709169
v 4.988590 3.542053 2.975076
v 4.992527 3.539983 2.973141
v 4.988876 3.540912 2.974021
v 4.989723 3.540118 2.973282
v 4.991005 3.539792 2.972974
v 4.993855 3.882039 3.288898
v 4.997734 3.883817 3.290516
v 4.994167 3.883156 3.289927
v 4.995010 3.883885 3.290595
v 4.996265 3.884117 3.290802
v 4.990993 3.138625 3.393454
v 4.994930 3.136553 3.391516
v 4.991280 3.137484 3.392399
v 4.992126 3.136688 3.391659
v 4.993408 3.136361 3.391350
v 4.992554 2.709234 3.747360
v 4.996494 2.707135 3.745401
v 4.992836 2.708081 3.746295
v 4.993687 2.707278 3.745549
v 4.994968 2.706947 3.745235
v 4.997826 3.049587 4.061521
v 5.001709 3.051399 4.063172
v 4.998135 3.050717 4.062564
v 4.998981 3.051459 4.063243
v 5.000237 3.051697 4.063456
v 4.998569 2.608653 4.346966
v 5.002476 2.610617 4.348583
v 4.998882 2.609843 4.347996
v 4.999737 2.610636 4.348665
v 5.000996 2.610907 4.348871
v 4.993294 2.255522 4.038888
v 4.997242 2.253270 4.036958
v 4.993580 2.254310 4.037833
v 4.994431 2.253457 4.037097
v 4.995716 2.253093 4.036789
v 4.995628 1.397702 4.681099
v 4.999756 1.388489 4.684949
v 4.995937 1.394226 4.682627
v 4.996834 1.391258 4.683896
v 4.998173 1.389241 4.684712
v 4.998573 2.124322 4.585994
v 5.002506 2.129287 4.586221
v 4.998890 2.126664 4.586496
v 4.999748 2.128432 4.586715
v 5.001019 2.129351 4.586618
v 4.993153 1.463435 4.422869
v 4.997101 1.458187 4.422324
v 4.993439 1.461078 4.422344
v 4.994289 1.459250 4.422056
v 4.995575 1.458238 4.422049
v 4.985271 3.898486 2.496049
v 4.989208 3.896490 2.493962
v 4.985554 3.897374 2.494935
v 4.986401 3.896604 2.494147
v 4.987682 3.896293 2.493805
v 4.990688 4.231802 2.827211
v 4.994576 4.233491 2.828968
v 4.991001 4.232885 2.828294
v 4.991848 4.233588 2.829008
v 4.993103 4.233802 2.829245
v 4.978157 4.697310 1.452314
v 4.982227 4.701419 1.443335
v 4.978443 4.698936 1.448934
v 4.979317 4.700287 1.446041
v 4.980648 4.701159 1.444075
v 4.977646 4.384643 1.559611
v 4.981556 4.384350 1.554109
v 4.977917 4.384181 1.557191
v 4.978756 4.383962 1.555295
v 4.980034 4.384025 1.554213
v 4.986591 4.546661 2.297480
v 4.990520 4.546586 2.302310
v 4.986912 4.547072 2.299741
v 4.987770 4.547202 2.301453
v 4.989037 4.547030 2.302355
v 5.103539 3.441933 3.672778
v 5.107315 3.437299 3.668480
v 5.105000 3.441144 3.672042
v 5.106228 3.439986 3.670965
v 5.107040 3.438636 3.669715
v 5.096745 3.569762 3.000010
v 5.100780 3.574115 3.004004
v 5.098274 3.570442 3.000630
v 5.099579 3.571510 3.001606
v 5.100456 3.572799 3.002791
v 5.101135 3.845373 3.254411
v 5.104912 3.840749 3.250120
v 5.102596 3.844585 3.253675
v 5.103825 3.843431 3.252602
v 5.104637 3.842082 3.251353
v 5.099148 3.166332 3.418386
v 5.103184 3.170686 3.422383
v 5.100677 3.167011 3.419006
v 5.101978 3.168078 3.419983
v 5.102859 3.169370 3.421169
v 5.100700 2.736911 3.772268
v 5.104744 2.741293 3.776288
v 5.102230 2.737595 3.772889
v 5.103539 2.738666 3.773872
v 5.104416 2.739966 3.775066
v 5.105095 3.012964 4.027075
v 5.108879 3.008297 4.022743
v 5.106560 3.012172 4.026335
v 5.107792 3.011007 4.025252
v 5.108604 3.009645 4.023989
v 5.105824 2.572195 4.312498
v 5.109623 2.567333 4.308203
v 5.107296 2.571385 4.311760
v 5.108532 2.570178 4.310684
v 5.109348 2.568754 4.309435
v 5.101433 2.283043 4.063820
v 5.105484 2.287613 4.067796
v 5.102966 2.283740 4.064439
v 5.104279 2.284857 4.065411
v 5.105160 2.286216 4.066592
v 5.103088 1.384217 4.680390
v 5.107250 1.394753 4.675431
v 5.104679 1.384964 4.679956
v 5.106030 1.387233 4.678860
v 5.106930 1.390667 4.677272
v 5.105808 2.090884 4.550152
v 5.109631 2.082200 4.547611
v 5.107288 2.089782 4.549543
v 5.108532 2.087744 4.548847
v 5.109352 2.085080 4.548167
v 5.101288 1.487956 4.449186
v 5.105343 1.496320 4.451401
v 5.102821 1.488944 4.449671
v 5.104134 1.490880 4.450261
v 5.105019 1.493471 4.450870
v 5.093422 3.926269 2.520830
v 5.097462 3.930526 2.525016
v 5.094952 3.926941 2.521464
v 5.096256 3.927987 2.522482
v 5.097137 3.929246 2.523729
v 5.097965 4.195056 2.792870
v 5.101746 4.190533 2.788395
v 5.099426 4.194275 2.792119
v 5.100658 4.193142 2.791005
v 5.101471 4.191828 2.789697
v 5.085537 4.697148 1.438776
v 5.089790 4.691981 1.448853
v 5.087139 4.696702 1.439487
v 5.088509 4.695563 1.441651
v 5.089439 4.693906 1.444941
v 5.085762 4.414126 1.580976
v 5.089840 4.416259 1.589414
v 5.087299 4.414638 1.581934
v 5.088612 4.415224 1.583874
v 5.089504 4.415793 1.586500
v 5.093872 4.508163 2.266224
v 5.097637 4.505805 2.257955
v 5.095337 4.507545 2.265183
v 5.096569 4.506881 2.263246
v 5.097374 4.506270 2.260708
v 5.027946 4.717145 0.888591
v 5.027958 4.718808 0.889095
v 5.027943 4.718730 0.887712
v 5.048885 0.921422 4.685459
v 5.048904 0.921924 4.687193
v 5.048889 0.919945 4.686703
v 3.517361 3.569250 5.135553
v 3.518818 3.570402 5.139707
v 3.518478 3.570190 5.136063
v 3.519146 3.570740 5.137036
v 3.519264 3.570815 5.138315
v 3.555405 2.839197 5.059660
v 3.552898 2.836980 5.063174
v 3.554207 2.838170 5.059729
v 3.553307 2.837389 5.060423
v 3.552849 2.836969 5.061631
v 3.904194 3.135546 5.127688
v 3.905647 3.136694 5.131846
v 3.905312 3.136487 5.128199
v 3.905975 3.137035 5.129170
v 3.906097 3.137107 5.130450
v 3.168591 3.272918 5.067528
v 3.166077 3.270693 5.071041
v 3.167389 3.271888 5.067599
v 3.166489 3.271103 5.068289
v 3.166027 3.270684 5.069499
v 2.753754 3.643777 5.065666
v 2.751213 3.641529 5.069174
v 2.752541 3.642737 5.065733
v 2.751629 3.641944 5.066425
v 2.751163 3.641521 5.067631
v 3.102928 3.940450 5.133766
v 3.104408 3.941623 5.137929
v 3.104053 3.941401 5.134281
v 3.104729 3.941955 5.135252
v 3.104855 3.942034 5.136533
v 2.674278 4.244767 5.123147
v 2.675907 4.245889 5.127311
v 2.675461 4.245697 5.123660
v 2.676186 4.246238 5.124632
v 2.676342 4.246305 5.125914
v 2.310074 3.953763 5.055279
v 2.307358 3.951547 5.058792
v 2.308792 3.952736 5.055348
v 2.307827 3.951955 5.056038
v 2.307323 3.951538 5.057247
v 1.419991 4.652371 5.063508
v 1.411091 4.655836 5.067523
v 1.416763 4.653879 5.063758
v 1.413940 4.655069 5.064609
v 1.411949 4.655756 5.065932
v 2.201225 4.526039 5.103746
v 2.205452 4.525697 5.107790
v 2.203403 4.526411 5.104211
v 2.204971 4.526476 5.105145
v 2.205692 4.526226 5.106401
v 1.474640 4.370615 5.041385
v 1.468899 4.369801 5.044994
v 1.472198 4.370125 5.041487
v 1.470249 4.369798 5.042209
v 1.469090 4.369685 5.043440
v 3.893417 2.347363 5.040453
v 3.890980 2.344993 5.043958
v 3.892242 2.346278 5.040519
v 3.891369 2.345446 5.041209
v 3.890926 2.344994 5.042416
v 4.236168 2.661234 5.109779
v 4.237537 2.662525 5.113956
v 4.237251 2.662230 5.110296
v 4.237896 2.662826 5.111271
v 4.237995 2.662929 5.112556
v 4.651981 1.274722 5.000749
v 4.655365 1.265214 5.004250
v 4.653450 1.271261 5.000840
v 4.654610 1.268238 5.001539
v 4.655281 1.266116 5.002735
v 4.344769 1.395391 4.982544
v 4.343906 1.389551 4.985833
v 4.344196 1.392979 4.982528
v 4.343830 1.391018 4.983146
v 4.343731 1.389817 4.984308
v 4.531109 2.120920 5.080871
v 4.530830 2.125339 5.085242
v 4.531567 2.123116 5.081455
v 4.531673 2.124729 5.082492
v 4.531414 2.125506 5.083822
v 3.469440 3.526139 5.234988
v 3.464333 3.521713 5.237873
v 3.468494 3.525300 5.236290
v 3.467186 3.524164 5.237294
v 3.465729 3.522903 5.237851
v 3.573536 2.852210 5.171858
v 3.577625 2.855596 5.176657
v 3.574089 2.852646 5.173497
v 3.575062 2.853443 5.174986
v 3.576302 2.854478 5.176096
v 3.856274 3.092433 5.227124
v 3.851166 3.088010 5.230008
v 3.855324 3.091597 5.228424
v 3.854019 3.090461 5.229430
v 3.852562 3.089201 5.229985
v 3.186714 3.285923 5.179723
v 3.190811 3.289315 5.184528
v 3.187271 3.286359 5.181364
v 3.188244 3.287158 5.182852
v 3.189487 3.288196 5.183963
v 2.771851 3.656759 5.177850
v 2.775978 3.660177 5.182663
v 2.772408 3.657197 5.179493
v 2.773384 3.658000 5.180982
v 2.774639 3.659046 5.182098
v 3.055038 3.897366 5.233198
v 3.049900 3.892915 5.236088
v 3.054085 3.896523 5.234501
v 3.052773 3.895381 5.235509
v 3.051304 3.894115 5.236066
v 2.626549 4.201641 5.222558
v 2.621220 4.197250 5.225469
v 2.625576 4.200801 5.223869
v 2.624226 4.199672 5.224882
v 2.622692 4.198425 5.225444
v 2.327995 3.966774 5.167460
v 2.332329 3.970144 5.172279
v 2.328568 3.967211 5.169101
v 2.329590 3.968004 5.170595
v 2.330914 3.969034 5.171711
v 1.396843 4.641435 5.168963
v 1.405724 4.636247 5.173193
v 1.397346 4.640864 5.170517
v 1.399208 4.639678 5.171869
v 1.402153 4.638056 5.172806
v 2.156113 4.481465 5.203005
v 2.147594 4.478857 5.206098
v 2.154892 4.480756 5.204339
v 2.152847 4.480011 5.205394
v 2.150284 4.479345 5.206012
v 1.489529 4.385029 5.153654
v 1.497612 4.386647 5.158357
v 1.490387 4.385331 5.155288
v 1.492226 4.385744 5.156759
v 1.494762 4.386205 5.157835
v 3.911617 2.360221 5.152639
v 3.915619 2.363802 5.157452
v 3.912163 2.360672 5.154279
v 3.913116 2.361513 5.155772
v 3.914330 2.362612 5.156884
v 4.188171 2.618270 5.209217
v 4.183159 2.613658 5.212097
v 4.187229 2.617419 5.210520
v 4.185947 2.616241 5.211525
v 4.184517 2.614922 5.212077
v 4.641106 1.250807 5.105747
v 4.635918 1.260641 5.110505
v 4.640533 1.251377 5.107363
v 4.639347 1.253446 5.108836
v 4.637726 1.256698 5.109939
v 4.364544 1.404779 5.094507
v 4.366573 1.412681 5.099597
v 4.364941 1.405559 5.096172
v 4.365467 1.407337 5.097721
v 4.366039 1.409837 5.098924
v 4.481480 2.081100 5.180473
v 4.478485 2.072625 5.183152
v 4.480690 2.079948 5.181762
v 4.479839 2.077936 5.182725
v 4.479069 2.075363 5.183213
v 4.647091 0.708508 4.994841
v 4.648762 0.708936 4.995058
v 4.647732 0.707332 4.994778
v 0.880768 4.650129 5.092889
v 0.881233 4.651882 5.093057
v 0.879604 4.650807 5.092889
v 1.934837 4.643261 5.143648
v 1.926487 4.645417 5.143246
v 1.929283 4.643761 5.146965
v 1.933052 4.644078 5.143563
v 1.930840 4.644774 5.143456
v 1.928535 4.645243 5.143344
v 4.656456 5.163327 1.086992
v 5.135029 4.694911 1.061890
v 5.132153 1.039863 4.659349
v 0.969883 4.625247 5.215572
vn 0.0481 -0.9972 0.0579
vn -0.0059 -0.9997 -0.0239
vn 0.0527 -0.9971 0.0543
vn 0.6081 0.3325 0.7209
vn 0.6229 0.4249 0.6568
vn 0.5829 0.4241 0.6931
vn -0.0708 -0.9933 -0.0914
vn -0.7399 0.2912 -0.6064
vn -0.7473 0.3814 -0.5442
vn -0.7733 0.2884 -0.5647
vn 0.0727 -0.9968 0.0338
vn 0.0690 -0.9969 0.0380
vn 0.5655 0.3309 0.7555
vn 0.5423 0.4221 0.7265
vn -0.5709 0.2963 -0.7657
vn -0.4897 0.3858 -0.7819
vn -0.5517 0.3890 -0.7378
vn -0.6641 0.2949 -0.6870
vn -0.6803 0.3876 -0.6221
vn -0.7047 0.2934 -0.6460
vn 0.0648 -0.9970 0.0415
vn 0.0609 -0.9971 0.0457
vn -0.0750 -0.9933 -0.0879
vn -0.7814 0.3760 -0.4980
vn -0.8081 0.2828 -0.5166
vn 0.8204 0.3207 0.4733
vn 0.7581 0.4166 0.5018
vn 0.7890 0.3262 0.5206
vn 0.7559 0.3306 0.5651
vn 0.6935 0.4230 0.5832
vn 0.7234 0.3300 0.6065
vn -0.8153 0.3690 -0.4464
vn -0.8420 0.2777 -0.4625
vn -0.8393 0.3625 -0.4051
vn -0.8667 0.2696 -0.4197
vn 0.8629 0.3143 0.3958
vn 0.8150 0.4055 0.4139
vn 0.8463 0.3164 0.4285
vn 0.0769 -0.9966 0.0296
vn -0.8499 0.3592 -0.3857
vn -0.8764 0.2689 -0.3995
vn -0.6805 0.3905 -0.6201
vn -0.8466 0.1052 -0.5217
vn 0.9476 0.2604 0.1850
vn 0.8323 0.4007 0.3830
vn -0.0059 -0.9997 -0.0238
vn 0.0864 -0.9960 0.0207
vn 0.0817 -0.9963 0.0252
vn 0.5218 0.3287 0.7872
vn 0.5007 0.4190 0.7574
vn 0.4802 0.3262 0.8143
vn 0.4609 0.4151 0.7844
vn -0.4441 0.2894 -0.8480
vn -0.3998 0.3779 -0.8351
vn -0.4303 0.3810 -0.8183
vn -0.0667 -0.9932 -0.0954
vn 0.4503 0.3250 0.8316
vn 0.4327 0.4118 0.8020
vn 0.2250 0.2764 0.9343
vn 0.2255 0.3724 0.9003
vn -0.4124 0.2879 -0.8643
vn -0.6271 0.3925 -0.6728
vn -0.0561 -0.9931 -0.1034
vn 0.5964 0.4971 0.6303
vn 0.5576 0.4970 0.6648
vn 0.0059 0.9997 0.0239
vn 0.0725 0.9947 0.0727
vn -0.7146 0.3850 -0.5840
vn -0.7187 0.4602 -0.5213
vn -0.0637 0.9977 -0.0218
vn 0.0059 0.9997 0.0238
vn -0.0669 0.9976 -0.0175
vn 0.5193 0.4942 0.6972
vn 0.4795 0.4920 0.7266
vn -0.6411 0.3894 -0.6613
vn -0.5749 0.4692 -0.6703
vn -0.6160 0.4680 -0.6336
vn -0.6534 0.4672 -0.5956
vn -0.5988 0.3898 -0.6996
vn -0.5298 0.4684 -0.7070
vn 0.6601 0.4245 0.6198
vn 0.7258 0.4205 0.5444
vn 0.6635 0.4966 0.5596
vn 0.6949 0.4935 0.5230
vn -0.7855 0.4473 -0.4277
vn -0.0611 0.9978 -0.0260
vn 0.7887 0.4114 0.4568
vn 0.7266 0.4886 0.4831
vn 0.7566 0.4833 0.4404
vn -0.8207 0.4353 -0.3702
vn -0.0715 0.9973 -0.0149
vn 0.7822 0.4780 0.3997
vn 0.9144 0.3571 0.1906
vn 0.8006 0.4706 0.3711
vn -0.7901 0.4718 -0.3912
vn 0.0551 0.9945 0.0893
vn -0.4700 0.4654 -0.7500
vn -0.4133 0.4586 -0.7867
vn 0.4424 0.4871 0.7530
vn 0.4160 0.4828 0.7706
vn 0.0481 0.9942 0.0964
vn 0.0513 0.9944 0.0925
vn -0.3848 0.4529 -0.8042
vn -0.5740 0.5548 -0.6022
vn 0.2282 0.4458 0.8656
vn -0.6201 0.2963 -0.7264
vn 0.0160 -0.0885 0.9960
vn 0.0482 0.0135 0.9987
vn 0.0657 0.1133 0.9914
vn -0.0471 0.9981 -0.0387
vn -0.0430 0.9982 -0.0417
vn -0.6874 0.4628 -0.5598
vn -0.0507 0.9981 -0.0352
vn -0.0517 -0.9927 -0.1094
vn 0.0569 -0.9971 0.0500
vn -0.0342 0.9981 -0.0509
vn 0.9973 -0.0724 -0.0072
vn 0.9694 -0.2404 -0.0504
vn 0.9992 0.0275 0.0291
vn 0.9667 0.0937 -0.2381
vn 0.9905 0.1282 0.0503
vn 0.0759 0.9947 0.0689
vn 0.6880 0.3345 0.6440
vn 0.0587 0.9946 0.0860
vn 0.6320 0.4967 0.5949
vn -0.0059 -0.9973 0.0725
vn -0.0498 -0.9921 -0.1148
vn 0.0235 -0.9963 0.0830
vn 0.0419 -0.9970 0.0658
vn 0.0323 0.9931 0.1130
vn 0.0462 0.9940 0.0991
vn -0.0323 0.9980 -0.0552
vn 0.0123 0.9928 0.1189
vn 0.0899 -0.9958 0.0185
vn -0.0821 -0.9934 -0.0804
vn -0.7518 0.4553 -0.4769
vn 0.0867 0.9945 0.0594
vn 0.0058 0.9997 0.0237
vn -0.0790 -0.9933 -0.0845
vn -0.0855 -0.9934 -0.0758
vn -0.0542 0.9980 -0.0319
vn -0.5064 0.2924 -0.8112
vn -0.9950 0.0995 0.0033
vn -0.9953 0.0098 -0.0966
vn -0.9881 0.1386 -0.0665
vn -0.0378 0.9982 -0.0455
vn -0.0058 -0.9997 -0.0237
vn 0.1041 -0.9946 0.0019
vn -0.0985 -0.9929 -0.0669
vn 0.0902 -0.9956 -0.0258
vn -0.0743 0.9971 -0.0137
vn 0.1007 0.9945 0.0283
vn 0.0204 0.9998 -0.0089
vn 0.0983 0.9940 0.0471
vn -0.0228 -0.2919 0.9562
vn -0.0892 -0.4656 0.8805
vn 0.0443 -0.9971 0.0625
vn 0.0228 -0.1404 0.9898
vn 0.0834 0.9946 0.0613
vn 0.6494 0.3340 0.6832
vn -0.0574 0.9979 -0.0288
vn 0.0794 0.9947 0.0649
vn -0.0904 -0.9933 -0.0715
vn -0.8097 0.4400 -0.3883
vn 0.8801 0.4319 0.1975
vn 0.0688 0.9948 0.0756
vn 0.0657 0.9947 0.0791
vn 0.0623 0.9946 0.0825
vn -0.0624 -0.9931 -0.0998
vn -0.0948 -0.9932 -0.0681
vn 1.0000 -0.0053 0.0082
vn 1.0000 -0.0004 0.0003
vn 1.0000 -0.0009 -0.0012
vn -0.0130 0.0563 -0.9983
vn -0.0336 0.0249 -0.9991
vn 0.0654 0.0253 -0.9975
vn -0.1246 0.0905 -0.9881
vn 0.0651 0.0238 -0.9976
vn 0.9898 -0.1022 -0.0995
vn 1.0000 -0.0057 -0.0001
vn 0.9946 -0.1041 -0.0024
vn 0.0121 -0.0304 0.9995
vn -0.0042 -0.0252 0.9997
vn 0.0871 0.0659 0.9940
vn -0.9930 0.1040 0.0553
vn -1.0000 0.0079 0.0014
vn 0.0731 -0.9970 -0.0246
vn -0.0075 -0.9972 0.0737
vn -0.0075 -0.9997 -0.0242
vn 0.9955 0.0624 0.0715
vn 0.9966 -0.0385 0.0734
vn 0.0153 0.9996 0.0224
vn 0.0055 0.9997 0.0218
vn 0.0032 0.9997 0.0235
vn -0.9928 0.1090 0.0494
vn -1.0000 0.0069 -0.0004
vn -0.9962 0.0871 0.0015
vn 0.0075 0.9972 -0.0744
vn 0.0808 0.9920 0.0970
vn 0.0776 0.9969 -0.0107
vn -0.9912 -0.0923 0.0943
vn -0.9952 0.0046 0.0982
vn 0.0045 0.9997 0.0240
vn -0.1449 0.9812 -0.1275
vn -0.0015 -0.0275 0.9996
vn -0.1653 -0.1865 0.9684
vn -0.0114 -0.2249 0.9743
vn -0.0005 -0.0254 0.9997
vn 0.6558 -0.2036 0.7269
vn 0.7072 -0.0233 0.7067
vn 0.6475 -0.0243 0.7616
vn 0.0011 0.1287 -0.9917
vn -0.0972 0.0245 -0.9950
vn 0.0006 0.0242 -0.9997
vn 1.0000 -0.0034 -0.0023
vn 0.9950 -0.0034 0.1001
vn 1.0000 -0.0008 -0.0041
vn 0.9681 -0.1736 -0.1809
vn 0.9875 0.0559 -0.1470
vn -0.0173 0.9998 0.0038
vn 0.0030 0.9998 0.0213
vn -0.0853 0.9961 0.0211
vn 0.7056 0.0567 0.7063
vn 0.7621 -0.0222 0.6470
vn -0.6061 -0.5042 -0.6152
vn -0.6045 -0.5914 -0.5337
vn -0.7447 -0.4592 -0.4843
vn -0.0011 -0.0234 0.9997
vn 0.0971 -0.0246 0.9950
vn 0.0940 0.0731 0.9929
vn 1.0000 -0.0027 -0.0003
vn 0.9956 -0.0938 -0.0022
vn 0.0050 0.9996 0.0278
vn 0.0050 0.9970 -0.0773
vn 0.1015 0.9946 0.0218
vn 0.0250 0.9842 -0.1752
vn 0.9955 0.0953 0.0016
vn -0.0078 -0.9968 0.0796
vn -0.1057 -0.9941 -0.0238
vn -0.0789 -0.9912 0.1066
vn 0.7089 0.6994 0.0910
vn 0.6525 0.7575 0.0185
vn 0.7110 0.7030 0.0175
vn 1.0000 0.0002 -0.0009
vn 0.9882 -0.1391 0.0647
vn 0.7426 0.6593 0.1175
vn 0.7652 0.6436 0.0163
vn 0.0366 -0.9970 0.0682
vn 0.0057 0.9997 0.0245
vn 0.0046 0.9922 0.1246
vn 0.1018 0.9874 0.1211
vn -0.0031 -0.0143 0.9999
vn 0.0038 -0.0242 0.9997
vn -0.0852 -0.0233 0.9961
vn 0.9994 -0.0244 -0.0239
vn -0.1938 0.9802 0.0396
vn -0.9965 0.0064 0.0830
vn -0.9943 0.1065 0.0038
vn -0.0007 -0.0732 -0.9973
vn 0.1273 -0.0451 -0.9908
vn -0.2515 0.6780 0.6907
vn 0.0021 0.6373 0.7706
vn -0.3294 0.6582 0.6770
vn -0.5153 -0.5930 -0.6187
vn -0.4626 -0.4481 -0.7650
vn -0.5713 0.6034 0.5564
vn -0.5785 0.6216 0.5281
vn 0.1218 -0.9881 -0.0944
vn -0.0057 -0.9997 -0.0239
vn 0.0994 -0.9948 -0.0237
vn -0.0020 0.0721 0.9974
vn -0.0031 -0.0274 0.9996
vn -0.9944 0.0044 0.1059
vn -0.9959 -0.0902 -0.0028
vn -0.1888 -0.0209 0.9818
vn -0.4701 -0.7331 -0.4915
vn -0.5786 -0.5644 -0.5888
vn 0.9906 0.0936 0.0994
vn 0.0962 -0.0737 -0.9926
vn -0.2336 0.6744 0.7004
vn -0.4150 0.7709 0.4832
vn 0.1616 0.6045 0.7800
vn -0.0956 0.1210 -0.9880
vn 0.0013 0.1217 -0.9926
vn 0.6878 0.1365 0.7129
vn 0.7274 0.1849 0.6608
vn 0.7046 0.0753 0.7056
vn 0.6603 0.7166 0.2246
vn 0.7075 0.6973 0.1153
vn -0.1041 -0.9919 0.0728
vn 0.7711 0.6122 0.1749
vn -0.0009 0.9995 0.0326
vn 0.0950 0.9893 0.1106
vn 0.1057 0.1189 -0.9873
vn 0.0816 0.0238 -0.9964
vn 0.0508 0.2307 -0.9717
vn -0.9895 0.1096 -0.0940
vn -0.0230 -0.0431 0.9988
vn -0.0975 -0.1191 0.9881
vn -0.0006 -0.0239 0.9997
vn -0.0990 -0.0231 0.9948
vn 0.0691 0.0452 0.9966
vn -0.0299 0.0504 0.9983
vn 0.9949 0.0018 -0.1010
vn 0.9999 0.0133 -0.0053
vn 0.9951 -0.0034 -0.0987
vn 0.9913 0.1153 -0.0639
vn 0.0915 -0.9885 -0.1201
vn 0.0917 -0.9955 -0.0238
vn -0.0926 0.9954 0.0239
vn -0.0218 0.9953 0.0940
vn -0.0898 0.9932 -0.0739
vn 0.0075 0.9997 0.0239
vn -0.0041 -0.1203 0.9927
vn -0.0013 -0.1219 0.9925
vn 0.0736 -0.0546 0.9958
vn -0.9769 0.0503 0.2078
vn 0.9929 0.0830 0.0850
vn -0.0242 -0.9994 0.0261
vn -0.0057 -0.9984 0.0570
vn 0.1530 -0.9849 0.0807
vn -0.9940 0.0873 0.0654
vn -0.9999 0.0054 0.0109
vn -0.9940 0.0845 0.0693
vn 0.3637 0.7097 0.6033
vn 0.4543 0.6425 0.6170
vn 0.4539 0.6789 0.5771
vn -0.9966 -0.0618 -0.0540
vn 0.2601 -0.6129 -0.7461
vn 0.3527 -0.5532 -0.7548
vn 0.2576 -0.5711 -0.7794
vn -0.9941 0.0624 0.0891
vn -0.9941 0.0666 0.0854
vn 0.3621 0.7441 0.5614
vn 0.4522 0.7124 0.5366
vn 0.2631 -0.7723 -0.5782
vn 0.3545 -0.7915 -0.4978
vn 0.3579 -0.7474 -0.5597
vn 0.2638 -0.6935 -0.6704
vn 0.3578 -0.6314 -0.6880
vn 0.2623 -0.6526 -0.7108
vn -0.9942 0.0705 0.0817
vn -0.9941 0.0753 0.0780
vn -0.9965 -0.0585 -0.0589
vn 0.3481 -0.5068 -0.7887
vn 0.2543 -0.5226 -0.8138
vn 0.3484 0.4618 0.8157
vn 0.4438 0.4875 0.7520
vn 0.3543 0.5088 0.7846
vn 0.3580 0.5537 0.7519
vn 0.4515 0.5688 0.6875
vn 0.3620 0.5941 0.7184
vn 0.3420 -0.4549 -0.8223
vn 0.2482 -0.4684 -0.8479
vn 0.3363 -0.4134 -0.8462
vn 0.2433 -0.4252 -0.8718
vn 0.3406 0.3844 0.8580
vn 0.4310 0.3998 0.8089
vn 0.3434 0.4178 0.8411
vn -0.9938 0.0591 0.0938
vn 0.3334 -0.3938 -0.8566
vn 0.2421 -0.4049 -0.8817
vn 0.3481 -0.4985 -0.7939
vn 0.0764 -0.5210 -0.8502
vn 0.2827 0.1749 0.9431
vn 0.4257 0.3690 0.8262
vn -0.9935 0.0489 0.1028
vn -0.9937 0.0540 0.0982
vn 0.3606 0.7758 0.5177
vn 0.4493 0.7436 0.4952
vn 0.3577 0.8032 0.4764
vn 0.4456 0.7708 0.4554
vn 0.2564 -0.8551 -0.4507
vn 0.3465 -0.8448 -0.4078
vn 0.3496 -0.8280 -0.4383
vn -0.9965 -0.0668 -0.0507
vn 0.3563 0.8207 0.4466
vn 0.4423 0.7885 0.4274
vn 0.3066 0.9255 0.2222
vn 0.4023 0.8884 0.2210
vn 0.2550 -0.8714 -0.4191
vn 0.3620 -0.6815 -0.6360
vn -0.9965 -0.0739 -0.0394
vn 0.5250 0.6142 0.5892
vn 0.5255 0.6482 0.5511
vn 0.9999 -0.0054 -0.0109
vn 0.9975 0.0432 0.0557
vn 0.3557 -0.5932 -0.7222
vn 0.4331 -0.5325 -0.7272
vn 0.9954 -0.0508 -0.0808
vn 0.9953 -0.0468 -0.0845
vn 0.5230 0.6811 0.5125
vn 0.5206 0.7108 0.4730
vn 0.3590 -0.6708 -0.6490
vn 0.4396 -0.6822 -0.5843
vn 0.4397 -0.6452 -0.6248
vn 0.4381 -0.6075 -0.6626
vn 0.3591 -0.7092 -0.6067
vn 0.4380 -0.7193 -0.5391
vn 0.4535 0.6054 0.6541
vn 0.4483 0.5300 0.7198
vn 0.5228 0.5436 0.6566
vn 0.5194 0.5070 0.6879
vn 0.4218 -0.4384 -0.7937
vn 0.9955 -0.0547 -0.0780
vn 0.4378 0.4426 0.7826
vn 0.5153 0.4664 0.7189
vn 0.5087 0.4241 0.7492
vn 0.4112 -0.3797 -0.8287
vn 0.9999 -0.0054 -0.0110
vn 0.9951 -0.0439 -0.0884
vn 0.5025 0.3829 0.7752
vn 0.3778 0.1778 0.9086
vn 0.4954 0.3549 0.7929
vn 0.4795 -0.4594 -0.7476
vn 0.9975 0.0596 0.0381
vn 0.4348 -0.7622 -0.4796
vn 0.4281 -0.7987 -0.4229
vn 0.5158 0.7376 0.4358
vn 0.5121 0.7551 0.4094
vn 0.9973 0.0666 0.0311
vn 0.9974 0.0636 0.0351
vn 0.4225 -0.8162 -0.3941
vn 0.5276 -0.6166 -0.5843
vn 0.4746 0.8516 0.2226
vn 0.2634 -0.7338 -0.6263
vn -0.0587 0.9981 0.0195
vn 0.0435 0.9978 0.0501
vn 0.1433 0.9875 0.0658
vn 0.9956 -0.0680 -0.0643
vn 0.9957 -0.0714 -0.0597
vn 0.4365 -0.5698 -0.6962
vn 0.9956 -0.0641 -0.0677
vn -0.9961 -0.0805 -0.0353
vn -0.9943 0.0771 0.0739
vn 0.9955 -0.0799 -0.0510
vn -0.0573 -0.0076 0.9983
vn -0.2078 -0.1216 0.9706
vn 0.0452 0.0258 0.9986
vn -0.0209 -0.0762 0.9969
vn 0.1455 0.0440 0.9884
vn 0.9975 0.0391 0.0585
vn 0.3631 0.6328 0.6839
vn 0.9976 0.0557 0.0420
vn 0.5243 0.5786 0.6247
vn -0.9948 0.1013 0.0111
vn -0.9959 -0.0842 -0.0330
vn -0.9929 0.1120 0.0404
vn -0.9936 0.0965 0.0591
vn 0.9965 0.0823 0.0159
vn 0.9970 0.0718 0.0297
vn 0.9952 -0.0849 -0.0493
vn 0.9959 0.0901 -0.0042
vn -0.9931 0.0476 0.1076
vn -0.9966 -0.0508 -0.0651
vn 0.4286 -0.4880 -0.7603
vn 0.9970 0.0306 0.0715
vn 0.9999 -0.0055 -0.0110
vn -0.9965 -0.0554 -0.0625
vn -0.9965 -0.0465 -0.0692
vn 0.9956 -0.0610 -0.0715
vn 0.2604 -0.8179 -0.5130
vn 0.1838 0.1579 -0.9702
vn 0.1011 0.1081 -0.9890
vn 0.1799 0.1623 -0.9702
vn 0.9958 -0.0738 -0.0548
vn -0.9999 0.0055 0.0110
vn -0.9922 0.0307 0.1209
vn -0.9960 -0.0369 -0.0811
vn -0.9943 0.0031 0.1063
vn 0.9949 -0.0421 -0.0911
vn 0.9964 -0.0010 0.0844
vn 0.9992 -0.0388 0.0045
vn 0.9966 0.0174 0.0805
vn -0.2642 0.9643 -0.0152
vn -0.4417 0.8935 -0.0805
vn -0.9938 0.0932 0.0614
vn -0.1114 0.9934 0.0271
vn 0.9972 0.0321 0.0669
vn 0.3642 0.6714 0.6455
vn 0.9955 -0.0581 -0.0746
vn 0.9974 0.0357 0.0630
vn -0.9964 -0.0423 -0.0738
vn 0.4147 -0.3994 -0.8176
vn 0.4525 0.1824 0.8729
vn 0.9976 0.0462 0.0519
vn 0.9976 0.0493 0.0494
vn 0.9975 0.0534 0.0459
vn -0.9965 -0.0700 -0.0456
vn -0.9962 -0.0391 -0.0777
vn 0.6921 0.5331 0.4867
vn 0.6177 0.5406 0.5712
vn 0.6525 0.4993 0.5701
vn 0.0314 0.0462 -0.9984
vn -0.6609 -0.7398 0.1264
vn -0.6105 -0.7601 0.2225
vn -0.6202 -0.7745 0.1242
vn 0.1605 0.1834 -0.9698
vn 0.1644 0.1792 -0.9700
vn 0.7257 0.4898 0.4831
vn 0.6845 0.4577 0.5674
vn -0.8142 -0.5656 0.1310
vn -0.8388 -0.4942 0.2285
vn -0.7974 -0.5581 0.2296
vn -0.7386 -0.6614 0.1305
vn -0.6865 -0.6908 0.2271
vn -0.6994 -0.7031 0.1282
vn 0.1676 0.1749 -0.9702
vn 0.1724 0.1714 -0.9700
vn 0.0345 0.0415 -0.9985
vn -0.5629 -0.7971 0.2186
vn -0.5706 -0.8124 0.1203
vn 0.4634 0.7501 0.4718
vn 0.4701 0.6819 0.5604
vn 0.5009 0.7218 0.4776
vn 0.5431 0.6878 0.4817
vn 0.5470 0.6142 0.5688
vn 0.5821 0.6528 0.4847
vn -0.5006 -0.8392 0.2127
vn -0.5062 -0.8547 0.1153
vn -0.4435 -0.8722 0.2064
vn -0.4483 -0.8869 0.1118
vn 0.4239 0.7752 0.4683
vn 0.4100 0.7273 0.5503
vn 0.4375 0.7671 0.4691
vn 0.1563 0.1871 -0.9698
vn -0.4149 -0.8869 0.2031
vn -0.4197 -0.9010 0.1096
vn -0.4506 -0.8684 0.2072
vn -0.5198 -0.8529 -0.0486
vn 0.3852 0.7956 0.4675
vn 0.3974 0.7362 0.5479
vn 0.0958 0.1081 -0.9895
vn 0.1417 0.1765 -0.9740
vn 0.1517 0.1877 -0.9704
vn 0.7558 0.4451 0.4803
vn 0.7144 0.4154 0.5632
vn 0.7817 0.4030 0.4760
vn 0.7403 0.3750 0.5579
vn -0.8909 -0.4349 0.1308
vn -0.8878 -0.4016 0.2249
vn -0.8725 -0.4330 0.2264
vn 0.0276 0.0504 -0.9983
vn 0.7983 0.3728 0.4731
vn 0.7573 0.3466 0.5535
vn 0.8987 0.1496 0.4122
vn 0.8533 0.1409 0.5020
vn -0.9060 -0.4026 0.1309
vn -0.8718 -0.4344 0.2265
vn 0.0200 0.0612 -0.9979
vn 0.5819 0.5076 0.6355
vn 0.6150 0.4678 0.6348
vn -0.1011 -0.1081 0.9890
vn -0.0500 -0.0436 0.9978
vn -0.6495 -0.7263 0.2251
vn -0.5967 -0.7415 0.3069
vn -0.1464 -0.1753 0.9736
vn -0.0938 -0.1064 0.9899
vn -0.1344 -0.1830 0.9739
vn 0.6456 0.4280 0.6324
vn 0.6747 0.3881 0.6278
vn -0.7244 -0.6503 0.2287
vn -0.7412 -0.5933 0.3142
vn -0.7058 -0.6352 0.3135
vn -0.6693 -0.6742 0.3122
vn -0.7611 -0.6066 0.2295
vn -0.7763 -0.5466 0.3140
vn 0.5821 0.5792 0.5707
vn 0.5099 0.6483 0.5654
vn 0.5141 0.5775 0.6342
vn 0.4790 0.6107 0.6305
vn -0.4902 -0.8196 0.2966
vn -0.1516 -0.1711 0.9735
vn -0.1005 -0.1082 0.9890
vn 0.4343 0.7097 0.5548
vn 0.4414 0.6435 0.6254
vn 0.4075 0.6707 0.6197
vn -0.4066 -0.8683 0.2841
vn -0.0795 -0.0964 0.9922
vn -0.1141 -0.1845 0.9762
vn 0.3848 0.6889 0.6143
vn 0.3716 0.7588 0.5349
vn 0.1842 0.8132 0.5520
vn 0.3735 0.6991 0.6098
vn -0.4923 -0.7924 0.3601
vn -0.0341 -0.0617 0.9975
vn -0.8166 -0.4852 0.3126
vn -0.8503 -0.4263 0.3087
vn 0.6998 0.3501 0.6226
vn 0.7169 0.3234 0.6176
vn -0.0273 -0.0689 0.9972
vn -0.0309 -0.0655 0.9974
vn -0.8660 -0.3966 0.3046
vn -0.8392 -0.4195 0.3461
vn 0.8100 0.1368 0.5703
vn -0.7767 -0.6161 0.1308
vn 0.9992 -0.0193 0.0342
vn 0.9947 0.0014 0.1025
vn 0.9803 0.0081 0.1972
vn -0.1639 -0.1573 0.9739
vn -0.1675 -0.1535 0.9739
vn -0.6341 -0.7088 0.3091
vn -0.1609 -0.1611 0.9737
vn 0.0140 0.0657 -0.9977
vn 0.1753 0.1661 -0.9704
vn -0.1763 -0.1442 0.9737
vn -0.0105 0.9991 0.0401
vn -0.2861 0.9551 -0.0769
vn 0.0132 0.9897 0.1424
vn -0.1013 0.9901 0.0972
vn 0.0245 0.9697 0.2431
vn -0.0536 -0.0399 0.9978
vn 0.6188 0.6163 0.4871
vn -0.0372 -0.0580 0.9976
vn 0.5479 0.5444 0.6352
vn 0.1963 0.1034 -0.9751
vn 0.0089 0.0679 -0.9976
vn 0.2079 0.1320 -0.9692
vn 0.1913 0.1514 -0.9698
vn -0.0102 -0.0851 0.9963
vn -0.0240 -0.0707 0.9972
vn -0.1803 -0.1422 0.9733
vn -0.0059 -0.1053 0.9944
vn 0.0826 0.1014 -0.9914
vn 0.1236 0.1477 -0.9813
vn 0.0419 0.0345 -0.9985
vn 0.1005 0.1083 -0.9890
vn -0.5508 -0.7778 0.3027
vn -0.0285 0.0171 0.9994
vn -0.0607 -0.0734 0.9955
vn 0.0385 0.0383 -0.9985
vn 0.0450 0.0314 -0.9985
vn -0.1583 -0.1653 0.9735
vn -0.8566 -0.4991 0.1313
vn -0.1709 -0.1481 0.9741
vn 0.0644 0.0832 -0.9945
vn 0.0860 0.1773 -0.9804
vn 0.0180 0.0062 -0.9998
vn 0.0507 0.1720 -0.9838
vn -0.0963 -0.1718 0.9804
vn -0.0448 0.0321 0.9985
vn -0.0811 -0.0654 0.9946
vn -0.0227 0.0717 0.9972
vn 0.9563 -0.2740 -0.1015
vn 0.9295 -0.0788 -0.3602
vn 0.1877 0.1536 -0.9701
vn 0.9396 -0.2031 0.2756
vn -0.0458 -0.0159 0.9988
vn 0.6561 0.5763 0.4873
vn -0.1550 -0.1682 0.9735
vn -0.0550 -0.0340 0.9979
vn 0.0022 0.9140 0.4058
vn -0.0028 0.9441 0.3297
vn 0.0427 0.0305 -0.9986
vn -0.4344 -0.8535 0.2879
vn -0.0470 -0.0473 0.9978
vn -0.0438 -0.0507 0.9978
vn -0.0397 -0.0535 0.9978
vn 0.0240 0.0551 -0.9982
vn 0.0321 0.0246 -0.9992
vn 0.8965 -0.4250 -0.1249
vn 0.6622 -0.7200 -0.2074
vn 0.7700 -0.4910 -0.4074
vn 0.7915 -0.6062 -0.0776
vn 0.3726 -0.9086 -0.1886
vn 0.6007 -0.7050 -0.3770
vn 0.2277 -0.5102 -0.8294
vn 0.3861 -0.8759 -0.2893
vn -0.3079 -0.9265 -0.2165
vn 0.2452 -0.9662 -0.0798
vn -0.0114 -0.9975 -0.0702
vn -0.3384 -0.9027 -0.2656
vn -0.0042 -0.9825 -0.1863
vn 0.5285 -0.8462 -0.0675
vn -0.0075 -0.9696 -0.2446
vn -0.6942 -0.4262 -0.5801
vn -0.8708 -0.1419 -0.4708
vn -0.7359 -0.2440 -0.6316
vn -0.6658 -0.3794 -0.6425
vn -0.7454 -0.4599 -0.4826
vn -0.8626 -0.3027 -0.4053
vn -0.4230 -0.7120 -0.5605
vn -0.1653 -0.7518 0.6383
vn -0.0450 -0.6380 0.7687
vn -0.1380 -0.4572 0.8786
vn -0.2157 -0.7450 0.6312
vn -0.1529 -0.9246 0.3489
vn -0.0375 -0.8640 0.5021
vn -0.2485 -0.8982 0.3627
vn -0.5210 0.1249 -0.8444
vn -0.5659 -0.4208 -0.7090
vn -0.5888 -0.1643 -0.7914
vn -0.4733 -0.1258 -0.8719
vn -0.4712 -0.4456 -0.7612
vn -0.8226 -0.5682 0.0230
vn -0.6951 -0.4412 -0.5677
vn -0.7864 -0.5793 0.2144
vn -0.5370 -0.7208 -0.4383
vn -0.0546 -0.9729 0.2247
vn -0.2010 -0.9240 -0.3253
vn -0.0509 -0.9983 -0.0292
vn -0.1619 -0.9865 -0.0231
vn -0.2475 -0.9025 -0.3525
vn -0.2167 -0.9759 -0.0241
vn 0.8688 0.4868 -0.0904
vn 0.9762 0.2159 0.0210
vn 0.9008 0.0546 -0.4308
vn 0.9840 -0.0091 -0.1777
vn 0.8687 0.4952 0.0093
vn 0.6950 0.7187 0.0222
vn 0.5223 0.8372 -0.1621
vn -0.5452 0.7713 -0.3283
vn -0.7616 0.4903 -0.4237
vn -0.6852 0.6528 -0.3230
vn -0.2943 0.9315 -0.2136
vn -0.5019 0.7888 -0.3549
vn -0.2697 0.9230 -0.2744
vn 0.3224 0.9466 -0.0036
vn -0.2057 0.9719 -0.1147
vn 0.0498 0.9946 -0.0913
vn -0.4519 0.8665 -0.2121
vn 0.0563 0.9916 -0.1168
vn -0.0601 0.4650 0.8833
vn -0.0180 -0.1451 0.9893
vn 0.0337 0.1807 0.9830
vn 0.0167 0.4658 0.8847
vn -0.1254 0.4968 0.8587
vn -0.1691 0.8188 0.5487
vn -0.1322 0.9735 -0.1867
vn -0.0137 0.9384 0.3453
vn -0.0259 0.9989 0.0392
vn -0.2299 0.8718 -0.4325
vn -0.1058 0.9920 0.0689
vn 0.0224 0.6994 0.7144
vn -0.2303 0.9337 -0.2741
vn -0.1327 0.9884 0.0734
vn -0.3664 0.7722 -0.5191
vn -0.3383 0.6637 -0.6671
vn -0.6914 0.5437 -0.4757
vn -0.5214 0.5060 -0.6871
vn -0.2926 0.9210 -0.2573
vn -0.9051 0.2580 -0.3379
vn -0.8507 0.5172 -0.0937
vn -0.5932 0.5527 -0.5854
vn -0.6515 0.6606 -0.3730
vn -0.5119 0.8470 -0.1436
vn -0.3804 0.6629 -0.6449
vn -0.4114 0.8161 -0.4058
vn -0.1007 0.5309 -0.8414
vn -0.3429 0.2670 -0.9006
vn -0.0699 0.1552 -0.9854
vn -0.1613 0.8678 -0.4700
vn -0.1829 0.9588 -0.2174
vn -0.1152 0.9862 -0.1189
vn -0.6818 0.2740 0.6783
vn -0.6654 0.2951 0.6857
vn -0.5627 0.3537 0.7472
vn -0.4910 0.3458 0.7996
vn -0.4416 0.3166 0.8395
vn 0.2630 0.6169 0.7418
vn 0.2630 0.6170 0.7417
vn -0.7823 -0.2522 0.5696
vn -0.5145 -0.0320 0.8569
vn -0.6782 -0.1262 0.7239
vn -0.2438 -0.2778 -0.9292
vn -0.1521 -0.1630 -0.9748
vn -0.1366 -0.1439 -0.9801
vn -0.8659 0.4996 0.0231
vn -0.9526 0.2559 0.1643
vn 0.2702 0.8083 0.5231
vn 0.5822 -0.0530 0.8113
vn 0.6359 -0.3181 0.7032
vn -0.2312 0.7787 0.5832
vn -0.2312 0.7790 0.5829
vn -0.2312 0.7788 0.5831
vn -0.8054 -0.3610 -0.4702
vn -0.8017 -0.3699 -0.4694
vn -0.7357 -0.5051 -0.4512
vn 0.2881 0.6839 -0.6703
vn 0.3151 0.6863 -0.6555
vn 0.3490 0.7341 -0.5825
vn 0.3757 0.9172 0.1324
vn 0.3756 0.9172 0.1326
vn 0.6727 0.6809 0.2894
vn 0.6726 0.6809 0.2896
vn -0.2007 0.5886 -0.7831
vn -0.1162 0.6747 -0.7289
vn -0.2304 0.5550 -0.7993
vn 0.3366 0.7897 -0.5129
vn 0.1729 -0.9758 0.1338
vn 0.0379 -0.9988 0.0304
vn 0.8137 -0.2311 0.5334
vn 0.8139 -0.2311 0.5330
vn 0.0917 0.8583 0.5049
vn -0.0719 0.6641 0.7442
vn -0.0686 0.6644 0.7443
vn 0.1177 0.5810 0.8054
vn -0.0604 -0.8736 -0.4830
vn -0.5091 -0.7319 -0.4529
vn -0.0889 -0.8703 -0.4843
vn -0.8560 -0.1093 0.5053
vn -0.9091 -0.3444 0.2343
vn -0.9894 -0.0675 0.1283
vn -0.5269 -0.1556 0.8355
vn -0.6608 -0.3987 0.6359
vn -0.6028 -0.6059 0.5191
vn -0.1706 -0.5072 0.8448
vn -0.1932 -0.2622 0.9455
vn -0.1206 -0.1638 0.9791
vn -0.3530 -0.9092 0.2209
vn -0.1123 -0.8667 0.4860
vn -0.3928 -0.6716 0.6282
vn -0.4225 -0.4379 0.7935
vn 0.4390 -0.6356 0.6351
vn 0.1964 -0.8587 0.4733
vn 0.1377 -0.8928 0.4290
vn 0.3305 -0.3339 0.8828
vn 0.3682 -0.0673 0.9273
vn 0.3182 -0.3925 0.8629
vn 0.7826 0.5434 0.3038
vn 0.6486 0.6180 0.4443
vn 0.5302 -0.2407 0.8130
vn -0.0350 -0.6475 0.7613
vn -0.1156 -0.7405 0.6621
vn -0.0306 -0.6421 0.7660
vn 0.4994 -0.8568 -0.1285
vn 0.2361 -0.8993 -0.3680
vn 0.8161 -0.5493 -0.1796
vn 0.6401 -0.6509 -0.4081
vn 0.5285 -0.5853 -0.6149
vn 0.7992 -0.4154 -0.4344
vn 0.6410 -0.3762 -0.6690
vn 0.8494 -0.1615 -0.5025
vn 0.9490 -0.1951 -0.2477
vn 0.9806 -0.1249 -0.1512
vn 0.2399 -0.3224 -0.9157
vn 0.5023 -0.0870 -0.8603
vn 0.7933 0.5174 0.3208
vn 0.8247 0.5497 0.1326
vn 0.8256 0.5085 0.2447
vn 0.4991 0.4796 0.7217
vn 0.4991 0.4795 0.7218
vn 0.8554 0.5176 -0.0190
vn 0.8932 0.3341 -0.3011
vn 0.8866 0.3781 -0.2663
vn 0.8242 0.5616 0.0728
vn 0.5772 -0.3367 -0.7439
vn 0.5772 -0.3368 -0.7439
vn 0.5772 -0.3369 -0.7439
vn -0.4924 0.8454 -0.2069
vn -0.1213 0.9133 0.3888
vn -0.6058 0.7536 -0.2551
vn -0.3612 0.8963 0.2573
vn -0.1245 0.6916 0.7115
vn -0.4172 0.8081 0.4159
vn -0.3409 0.6567 0.6727
vn -0.9423 -0.2233 -0.2496
vn -0.7858 -0.1802 -0.5916
vn -0.7864 -0.5765 -0.2221
vn -0.9447 -0.3051 -0.1198
vn -0.9424 -0.0814 -0.3243
vn -0.7496 0.0072 -0.6619
vn -0.9982 -0.0246 -0.0542
vn -0.3776 0.2354 0.8955
vn -0.5057 -0.2966 0.8101
vn -0.1208 0.3650 0.9231
vn -0.6283 -0.2912 0.7214
vn -0.4284 0.3974 0.8115
vn 0.8639 -0.2167 -0.4547
vn 0.9231 0.3680 -0.1117
vn 0.7632 -0.2385 -0.6006
vn 0.9034 0.2525 -0.3466
vn 0.7088 0.6975 -0.1051
vn 0.8207 0.4152 -0.3926
vn 0.6747 0.6691 -0.3116
vn -0.2108 -0.2030 -0.9562
vn -0.1835 -0.5671 -0.8029
vn -0.5795 -0.1753 -0.7959
vn -0.2991 -0.0686 -0.9517
vn -0.0711 -0.2914 -0.9539
vn -0.0017 -0.6466 -0.7629
vn -0.0063 -0.0051 -1.0000
vn 0.3804 0.9193 -0.1012
vn -0.2480 0.8510 -0.4630
vn 0.2617 0.9050 -0.3353
vn -0.2488 0.7695 -0.5882
vn 0.4267 0.8173 -0.3872
vn 0.1266 0.9031 0.4104
vn 0.3880 0.9098 0.1472
vn 0.1073 0.6854 0.7202
vn 0.3599 0.8493 0.3863
vn 0.7013 0.7014 0.1271
vn 0.5711 0.5654 0.5952
vn 0.6656 0.6604 0.3477
vn 0.3800 0.1024 0.9193
vn 0.1219 0.3651 0.9230
vn 0.6948 0.0907 0.7134
vn 0.3550 0.3431 0.8696
vn 0.3209 0.6528 0.6862
vn 0.9130 0.3848 0.1358
vn 0.9103 0.1172 0.3971
vn 0.8548 0.3570 0.3765
vn 0.6618 0.3127 0.6813
vn -0.9856 0.1679 0.0209
vn -0.9051 0.4231 0.0421
vn -0.8862 0.4622 0.0311
vn -0.5535 0.6019 0.5756
vn -0.3798 0.6850 0.6217
vn -0.7132 0.5059 0.4851
vn -0.7363 0.6741 0.0586
vn -0.6747 0.7363 0.0512
vn -0.4413 0.7430 0.5032
vn -0.5212 0.7750 0.3575
vn 0.6483 0.3040 0.6980
vn 0.5245 0.0582 0.8494
vn 0.5536 0.5195 0.6509
vn 0.2997 0.7669 0.5675
vn 0.3901 0.8194 0.4199
vn 0.1762 0.4915 0.8529
vn 0.8461 0.5228 0.1041
vn 0.8461 0.5228 0.1040
vn -0.3175 0.9441 0.0886
vn 0.1884 0.9355 0.2988
vn -0.4375 0.8929 0.1065
vn 0.2715 0.7909 0.5485
vn 0.4072 0.7196 0.5625
vn -0.9174 0.3883 -0.0868
vn -0.9201 0.1139 -0.3749
vn -0.6998 0.7105 -0.0739
vn -0.8467 0.3886 -0.3634
vn -0.7035 0.1140 -0.7015
vn -0.6557 0.6751 -0.3380
vn -0.6585 0.3760 -0.6519
vn -0.0897 0.9299 -0.3566
vn -0.3716 0.9254 -0.0747
vn -0.0861 0.7217 -0.6869
vn -0.3667 0.8608 -0.3528
vn -0.3495 0.6792 -0.6453
vn -0.3771 0.1220 -0.9181
vn -0.0941 0.4008 -0.9113
vn -0.3707 0.3967 -0.8398
vn 0.2040 0.5285 -0.8240
vn 0.2849 0.2905 -0.9135
vn 0.0803 0.4813 -0.8729
vn 0.1102 0.6614 -0.7419
vn 0.4743 0.5340 -0.7000
vn 0.3357 0.7439 -0.5779
vn 0.3357 0.7438 -0.5780
vn 0.2849 0.9364 0.2050
vn 0.0743 0.9501 -0.3029
vn 0.5542 0.7168 0.4231
vn 0.5366 0.7937 0.2865
vn 0.0906 0.9010 -0.4243
vn 0.0382 0.7522 -0.6578
vn 0.6888 0.5820 0.4323
vn 0.6762 0.5198 0.5221
vn 0.7696 0.3474 0.5358
vn 0.8400 0.5098 0.1855
vn 0.5848 0.7561 0.2939
vn -0.9232 -0.3744 0.0874
vn -0.9215 -0.0997 0.3753
vn -0.7095 -0.7007 0.0748
vn -0.8521 -0.3767 0.3635
vn -0.7053 -0.1040 0.7012
vn -0.6669 -0.6635 0.3391
vn -0.6642 -0.3660 0.6519
vn -0.1046 -0.9284 0.3565
vn -0.3851 -0.9198 0.0753
vn -0.0973 -0.7201 0.6870
vn -0.3801 -0.8549 0.3531
vn -0.3596 -0.6747 0.6445
vn -0.3793 -0.1171 0.9178
vn -0.1003 -0.3993 0.9113
vn -0.3764 -0.3910 0.8399
vn -0.8355 0.1944 0.5139
vn -0.9139 0.1657 0.3705
vn -0.8844 0.0740 0.4608
vn -0.7581 0.0944 0.6453
vn -0.7081 0.4660 0.5305
vn -0.5833 0.3335 0.7406
vn -0.5832 0.3338 0.7406
vn -0.5833 0.3336 0.7406
vn 0.1810 0.2508 0.9510
vn -0.3252 0.0470 0.9445
vn 0.4086 0.5263 0.7457
vn 0.2694 0.5075 0.8184
vn -0.4454 0.0667 0.8929
vn -0.6725 0.0229 0.7397
vn 0.4211 0.6672 0.6144
vn 0.5133 0.6568 0.5524
vn 0.4562 0.8408 0.2915
vn 0.1766 0.8229 0.5400
vn 0.2790 0.5590 0.7808
vn 0.0963 -0.9861 0.1354
vn 0.2758 -0.8022 0.5295
vn 0.0742 -0.9129 0.4015
vn 0.8533 -0.4923 0.1721
vn 0.5516 -0.6665 0.5015
vn 0.2504 -0.5196 0.8169
vn 0.0624 -0.6586 0.7499
vn 0.5443 -0.2504 0.8006
vn 0.7580 0.3385 0.5576
vn 0.8254 0.5137 0.2341
vn 0.6980 0.5660 0.4386
vn 0.5323 0.1487 0.8334
vn 0.7638 0.2335 0.6018
vn 0.0854 -0.3406 0.9363
vn 0.2875 0.1384 0.9477
vn 0.2522 -0.1296 0.9590
vn 0.5016 0.3828 0.7758
vn 0.5439 -0.7967 0.2635
vn 0.1421 -0.9803 0.1370
vn 0.4186 -0.9063 0.0591
vn 0.8269 -0.5073 0.2426
vn 0.1803 -0.5033 0.8451
vn 0.5131 -0.6662 0.5412
vn 0.0951 -0.4026 0.9104
vn 0.8055 -0.2418 0.5410
vn 0.9447 0.1517 0.2908
vn 0.9429 -0.3233 0.0803
vn 0.7684 0.3885 0.5086
vn 0.9611 -0.1152 0.2510
vn 0.7627 -0.6447 0.0520
vn 0.8300 0.1569 0.5352
vn 0.5505 0.3369 0.7638
vn 0.4275 0.5628 0.7075
vn 0.2230 0.5069 0.8327
vn 0.5967 0.2309 0.7686
vn 0.0919 -0.9119 -0.4000
vn 0.3728 -0.9203 -0.1185
vn 0.0877 -0.6874 -0.7210
vn 0.3689 -0.8418 -0.3941
vn 0.7001 -0.7058 -0.1080
vn 0.3506 -0.6466 -0.6775
vn 0.6568 -0.6567 -0.3706
vn 0.3773 -0.0778 -0.9228
vn 0.0952 -0.3571 -0.9292
vn 0.7033 -0.0798 -0.7064
vn 0.3704 -0.3551 -0.8583
vn 0.6585 -0.3426 -0.6701
vn 0.9183 -0.3815 -0.1059
vn 0.9199 -0.0948 -0.3806
vn 0.8475 -0.3686 -0.3820
vn 0.0032 0.1341 -0.9910
vn 0.1673 0.3324 -0.9282
vn 0.3399 0.1275 -0.9318
vn -0.2432 0.5247 -0.8158
vn -0.2156 0.4073 -0.8875
vn 0.6849 0.1028 -0.7214
vn 0.1343 0.4488 -0.8835
vn 0.3500 0.3102 -0.8839
vn -0.1168 0.9766 0.1807
vn -0.5486 0.8255 0.1322
vn -0.0546 0.8032 0.5932
vn 0.0747 0.9660 0.2475
vn -0.3761 0.9266 -0.0049
vn -0.6321 0.7655 -0.1198
vn 0.1105 0.9921 -0.0599
vn 0.1659 0.9861 -0.0052
vn 0.9170 0.1145 -0.3821
vn 0.9152 0.3655 0.1699
vn 0.9311 0.3036 -0.2022
vn 0.8473 0.4862 0.2136
vn 0.8734 0.2995 -0.3840
vn 0.8892 0.4256 -0.1678
vn -0.4104 -0.1146 0.9047
vn -0.7143 -0.1879 0.6741
vn -0.4012 -0.1661 0.9008
vn -0.5947 -0.0613 0.8016
vn -0.9073 -0.1626 0.3877
vn -0.7071 -0.2382 0.6657
vn -0.8779 -0.2630 0.4001
vn -0.9373 -0.1888 -0.2930
vn -0.9638 -0.0520 0.2615
vn -0.9992 -0.0402 0.0054
vn -0.9152 -0.2393 -0.3242
vn -0.9875 -0.1569 0.0120
vn -0.8403 -0.0433 0.5404
vn -0.9763 -0.2161 0.0082
vn -0.4541 -0.5652 -0.6887
vn -0.1720 -0.4643 -0.8688
vn -0.5286 -0.8483 0.0309
vn -0.4609 -0.7069 -0.5365
vn -0.4866 -0.4668 -0.7385
vn -0.3271 -0.3942 -0.8589
vn -0.7333 -0.5399 -0.4133
vn -0.7352 0.6606 -0.1522
vn -0.6165 0.7866 -0.0334
vn -0.4341 0.8915 -0.1291
vn -0.7294 0.6537 -0.2018
vn -0.9169 0.3751 -0.1366
vn -0.8493 0.5275 -0.0220
vn -0.8898 0.3931 -0.2319
vn 0.0914 -0.8454 -0.5262
vn -0.4517 -0.6943 -0.5603
vn -0.1979 -0.7822 -0.5907
vn -0.1608 -0.8659 -0.4737
vn -0.4767 -0.7452 -0.4663
vn -0.5798 0.0426 -0.8136
vn -0.4681 -0.5514 -0.6905
vn -0.5848 0.2346 -0.7765
vn -0.7416 -0.4203 -0.5228
vn -0.9669 0.2525 -0.0377
vn -0.9361 -0.2984 -0.1862
vn -0.9994 -0.0005 -0.0339
vn -0.9893 0.0054 -0.1458
vn -0.9158 -0.3270 -0.2332
vn -0.9798 0.0022 -0.2000
vn 0.5042 -0.0882 0.8591
vn 0.2347 0.0125 0.9720
vn -0.0544 -0.1668 0.9845
vn 0.4169 -0.1600 0.8948
vn 0.5133 -0.0080 0.8581
vn 0.7308 -0.0005 0.6826
vn 0.8385 -0.1879 0.5114
vn 0.7502 -0.3552 -0.5578
vn 0.4867 -0.5297 -0.6946
vn 0.6298 -0.3403 -0.6983
vn 0.9199 -0.2399 -0.3101
vn 0.7375 -0.3993 -0.5447
vn 0.9093 -0.3017 -0.2867
vn 0.9504 -0.0320 0.3094
vn 0.9644 -0.1430 -0.2225
vn 0.9922 -0.1203 0.0336
vn 0.8516 -0.2366 -0.4678
vn 0.9882 -0.1472 0.0416
vn 0.4881 0.8702 -0.0667
vn -0.1170 0.9930 -0.0137
vn 0.2107 0.9770 0.0325
vn 0.4961 0.8682 0.0105
vn 0.5143 0.8475 -0.1310
vn 0.8347 0.5196 -0.1823
vn 0.9654 -0.2140 -0.1488
vn 0.9471 0.3195 -0.0286
vn 0.9991 0.0110 -0.0420
vn 0.8549 -0.4570 -0.2456
vn 0.9915 0.0439 -0.1222
vn 0.7186 0.6953 0.0120
vn 0.9213 -0.3004 -0.2468
vn 0.9877 0.0486 -0.1489
vn 0.7495 -0.5422 -0.3798
vn 0.6384 -0.6851 -0.3508
vn 0.5180 -0.4895 -0.7015
vn 0.4792 -0.6991 -0.5307
vn 0.9085 -0.2833 -0.3073
vn -0.0960 0.9480 -0.3035
vn -0.1546 0.7484 -0.6449
vn -0.5100 0.6206 -0.5956
vn -0.0366 0.8623 -0.5050
vn -0.1229 0.4748 -0.8714
vn -0.3252 0.6824 -0.6547
vn -0.7838 0.2868 -0.5508
vn -0.2263 0.4815 -0.8467
vn -0.1478 -0.2166 -0.9650
vn -0.0111 0.3469 -0.9378
vn 0.0027 0.0846 -0.9964
vn -0.1979 -0.2498 -0.9479
vn -0.1145 0.0978 -0.9886
vn -0.0084 0.6232 -0.7820
vn -0.1737 0.0913 -0.9806
vn -0.5343 -0.6386 -0.5538
vn -0.4506 -0.8436 -0.2920
vn -0.5583 -0.8296 0.0040
vn -0.5974 -0.6080 -0.5229
vn -0.4374 -0.6834 -0.5845
vn -0.3744 -0.8186 -0.4355
vn -0.4965 -0.3448 -0.7966
vn 0.0990 0.9227 0.3726
vn 0.0389 0.9992 0.0118
vn 0.1832 0.8892 0.4192
vn 0.1068 0.9831 0.1484
vn 0.0436 0.8807 -0.4716
vn 0.2116 0.9570 0.1984
vn 0.2177 0.9758 0.0189
vn 0.4088 0.9001 0.1504
vn 0.2869 0.8466 0.4484
vn 0.4072 0.9133 -0.0051
vn 0.3093 0.9186 0.2459
vn 0.2447 0.9686 0.0431
vn 0.1596 0.5499 -0.8198
vn 0.1955 0.4599 -0.8662
vn 0.0927 0.4616 -0.8822
vn 0.0712 0.6980 -0.7126
vn 0.2858 0.6935 -0.6613
vn 0.3374 0.6304 -0.6991
vn 0.1467 0.9754 -0.1645
vn 0.7220 -0.1095 -0.6831
vn 0.8399 -0.0079 -0.5427
vn 0.7937 -0.1408 -0.5918
vn 0.7128 -0.1608 -0.6827
vn 0.4575 -0.0630 -0.8870
vn 0.6043 0.0374 -0.7959
vn 0.4670 -0.1598 -0.8697
vn -0.8698 -0.4919 -0.0389
vn -0.6675 -0.4822 -0.5673
vn -0.7847 -0.5279 -0.3248
vn -0.8638 -0.4154 -0.2852
vn -0.7131 -0.3830 -0.5871
vn 0.0670 -0.7499 -0.6581
vn -0.5283 -0.6144 -0.5860
vn 0.2596 -0.7207 -0.6428
vn -0.3610 -0.4313 -0.8269
vn 0.3424 0.0454 -0.9385
vn -0.2138 -0.0808 -0.9735
vn 0.0942 0.0635 -0.9935
vn 0.0943 -0.0486 -0.9944
vn -0.2459 -0.1280 -0.9608
vn 0.0926 -0.1035 -0.9903
vn -0.1374 0.7918 0.5952
vn -0.0174 0.9366 0.3500
vn -0.1991 0.9786 0.0525
vn -0.2049 0.8029 0.5598
vn -0.0517 0.7875 0.6142
vn -0.0426 0.6088 0.7922
vn -0.2445 0.4256 0.8713
vn -0.4043 -0.6298 0.6632
vn -0.5652 -0.7377 0.3693
vn -0.3785 -0.7605 0.5276
vn -0.2926 -0.3934 0.8716
vn -0.4511 -0.6155 0.6462
vn -0.3578 -0.3673 0.8586
vn -0.0777 0.2335 0.9693
vn -0.1892 -0.2993 0.9352
vn -0.1706 -0.0494 0.9841
vn -0.2836 -0.5460 0.7884
vn -0.1983 -0.0376 0.9794
vn 0.8174 -0.1749 0.5488
vn 0.8294 -0.3671 0.4211
vn 0.9530 -0.0312 0.3013
vn 0.8190 -0.0754 0.5687
vn 0.9803 -0.1909 0.0496
vn 0.4336 -0.2865 0.8544
vn 0.5503 -0.2005 0.8105
vn -0.3103 -0.2326 0.9217
vn 0.2253 -0.1347 0.9649
vn -0.0859 -0.1398 0.9864
vn -0.5453 -0.3073 0.7799
vn -0.0585 -0.2201 0.9737
vn 0.6223 -0.0891 0.7777
vn -0.3955 -0.3217 0.8603
vn -0.0535 -0.2468 0.9676
vn -0.6277 -0.4062 0.6640
vn -0.7546 -0.3813 0.5341
vn -0.8138 -0.4541 0.3626
vn -0.5888 -0.4329 0.6826
vn -0.3764 -0.3805 0.8447
vn -0.2629 0.7366 0.6231
vn 0.2465 0.8932 0.3761
vn -0.2245 0.8270 0.5154
vn 0.6981 0.7030 0.1357
vn 0.3713 0.9178 0.1409
vn 0.4081 0.8063 0.4283
vn 0.6633 0.6639 0.3453
vn -0.4646 -0.4792 0.7446
vn -0.2180 -0.2345 0.9474
vn -0.5815 -0.2052 0.7873
vn -0.1769 -0.5960 0.7832
vn -0.0729 -0.3166 0.9458
vn -0.3026 -0.0981 0.9481
vn -0.6592 -0.0226 0.7516
vn -0.0154 -0.0336 0.9993
vn 0.8992 0.2491 0.3597
vn 0.9176 0.3759 0.1290
vn 0.7678 -0.2589 0.5861
vn 0.8696 -0.2230 0.4406
vn 0.8124 0.4086 0.4160
vn 0.3018 0.8235 0.4804
vn 0.2062 0.8605 0.4658
vn 0.2065 0.8798 0.4281
vn 0.0998 0.9072 0.4088
vn 0.3119 -0.9105 0.2716
vn 0.2938 -0.9108 0.2899
vn 0.4655 -0.7801 0.4180
vn 0.4388 -0.7814 0.4437
vn 0.6688 -0.2714 0.6921
vn 0.7330 -0.0171 0.6800
vn 0.6922 -0.0164 0.7215
vn 0.3280 -0.9098 0.2542
vn 0.4880 -0.7801 0.3915
vn 0.7072 -0.2762 0.6508
vn 0.7691 -0.0202 0.6388
vn -0.2932 -0.9003 -0.3217
vn -0.2748 -0.8997 -0.3391
vn -0.4386 -0.7659 -0.4702
vn -0.6150 -0.2998 -0.7293
vn -0.6909 -0.0528 -0.7210
vn -0.6578 -0.2994 -0.6911
vn -0.2540 -0.8991 -0.3564
vn -0.4080 -0.7674 -0.4945
vn -0.5669 -0.2985 -0.7678
vn -0.6454 -0.0525 -0.7621
vn 0.2555 -0.9106 0.3249
vn 0.2743 -0.9111 0.3077
vn 0.3826 -0.7810 0.4936
vn 0.6252 -0.2701 0.7322
vn 0.6022 -0.0179 0.7982
vn 0.5808 -0.2722 0.7672
vn 0.4102 -0.7821 0.4691
vn 0.6477 -0.0172 0.7617
vn -0.3118 -0.8997 -0.3054
vn -0.3287 -0.8990 -0.2895
vn -0.4653 -0.7659 -0.4437
vn -0.4899 -0.7645 -0.4190
vn -0.7307 -0.3034 -0.6115
vn -0.7330 -0.0556 -0.6780
vn -0.7690 -0.0561 -0.6368
vn -0.6974 -0.3004 -0.6507
vn -0.3428 -0.8994 -0.2713
vn -0.3592 -0.8987 -0.2517
vn -0.5114 -0.7660 -0.3895
vn -0.5379 -0.7622 -0.3602
vn -0.7966 -0.3019 -0.5237
vn -0.8032 -0.0575 -0.5930
vn -0.8382 -0.0602 -0.5421
vn -0.7638 -0.3004 -0.5713
vn 0.3439 -0.9090 0.2356
vn 0.5109 -0.7786 0.3643
vn 0.7434 -0.2731 0.6105
vn 0.8038 -0.0167 0.5947
vn 0.3609 -0.9073 0.2159
vn 0.5344 -0.7758 0.3354
vn 0.7774 -0.2703 0.5680
vn 0.8374 -0.0204 0.5461
vn 0.3789 -0.9046 0.1952
vn 0.5592 -0.7707 0.3054
vn 0.8094 -0.2739 0.5194
vn 0.8685 -0.0204 0.4952
vn 0.3954 -0.9016 0.1755
vn 0.5783 -0.7672 0.2775
vn 0.8412 -0.2664 0.4706
vn 0.8942 -0.0176 0.4473
vn -0.3765 -0.8976 -0.2293
vn -0.3924 -0.8948 -0.2129
vn -0.5629 -0.7601 -0.3245
vn -0.5844 -0.7544 -0.2989
vn -0.8539 -0.2942 -0.4293
vn -0.8723 -0.0606 -0.4853
vn -0.8961 -0.0608 -0.4398
vn -0.8293 -0.3009 -0.4709
vn 0.4438 -0.8922 0.0838
vn 0.3721 -0.9277 -0.0304
vn 0.8196 -0.5486 0.1650
vn 0.7048 -0.7087 -0.0325
vn 0.9792 -0.0747 0.1887
vn 0.9288 -0.3695 -0.0287
vn 0.1781 -0.9821 0.0609
vn 0.6034 -0.7535 0.2610
vn 0.8697 -0.2558 0.4222
vn 0.9111 -0.0129 0.4120
vn 0.6163 -0.7447 0.2561
vn 0.8879 -0.2453 0.3891
vn -0.4031 -0.8917 -0.2060
vn -0.5970 -0.7482 -0.2893
vn -0.9059 -0.0575 -0.4195
vn -0.8652 -0.2902 -0.4089
vn -0.2266 -0.8987 -0.3754
vn -0.3769 -0.7650 -0.5223
vn -0.5047 -0.2944 -0.8115
vn -0.5941 -0.0525 -0.8027
vn -0.2049 -0.8935 -0.3996
vn -0.3338 -0.7624 -0.5544
vn -0.4465 -0.2875 -0.8473
vn -0.5256 -0.0527 -0.8491
vn 0.2182 -0.9074 0.3592
vn 0.2358 -0.9101 0.3407
vn 0.3305 -0.7741 0.5399
vn 0.5348 -0.2703 0.8006
vn 0.5112 -0.0162 0.8593
vn 0.4896 -0.2634 0.8312
vn 0.3545 -0.7801 0.5156
vn 0.5556 -0.0186 0.8313
vn -0.0054 -0.9333 0.3592
vn -0.0037 -0.7194 0.6946
vn -0.0010 -0.3845 0.9231
vn 0.1187 -0.8998 0.4199
vn 0.2152 -0.5535 0.8046
vn 0.2389 -0.0663 0.9688
vn -0.1945 -0.8882 -0.4162
vn -0.2968 -0.7513 -0.5895
vn -0.4150 -0.2772 -0.8666
vn -0.4605 -0.0470 -0.8864
vn -0.4282 -0.0393 -0.9028
vn -0.2820 -0.7413 -0.6090
vn -0.4075 -0.2814 -0.8688
vn 0.2080 -0.9035 0.3746
vn 0.4597 -0.2477 0.8528
vn 0.3151 -0.7657 0.5607
vn 0.4789 -0.0091 0.8778
vn 0.5066 0.6721 0.5401
vn 0.5369 0.6719 0.5101
vn 0.3683 0.8398 0.3989
vn 0.3907 0.8396 0.3774
vn 0.2077 0.9499 0.2333
vn 0.2198 0.9502 0.2210
vn 0.5631 0.6730 0.4796
vn 0.4106 0.8394 0.3562
vn 0.2313 0.9501 0.2094
vn -0.4897 0.6626 -0.5668
vn -0.5255 0.6609 -0.5359
vn -0.3532 0.8446 -0.4023
vn -0.3782 0.8445 -0.3793
vn -0.1906 0.9593 -0.2086
vn -0.2039 0.9593 -0.1956
vn -0.4517 0.6615 -0.5987
vn -0.3255 0.8445 -0.4253
vn -0.1753 0.9595 -0.2205
vn 0.4732 0.6729 0.5686
vn 0.4420 0.6694 0.5971
vn 0.3449 0.8394 0.4200
vn 0.3217 0.8381 0.4406
vn 0.1947 0.9497 0.2453
vn 0.1820 0.9491 0.2572
vn -0.5869 0.6571 -0.4730
vn -0.5572 0.6606 -0.5032
vn -0.4234 0.8421 -0.3342
vn -0.4023 0.8432 -0.3567
vn -0.2291 0.9581 -0.1717
vn -0.2175 0.9586 -0.1837
vn -0.6436 0.6506 -0.4031
vn -0.6145 0.6544 -0.4407
vn -0.4668 0.8370 -0.2854
vn -0.4442 0.8399 -0.3118
vn -0.2534 0.9564 -0.1455
vn -0.2412 0.9572 -0.1598
vn 0.5913 0.6693 0.4499
vn 0.4310 0.8381 0.3343
vn 0.2430 0.9497 0.1975
vn 0.6187 0.6664 0.4161
vn 0.4517 0.8364 0.3104
vn 0.2551 0.9492 0.1844
vn 0.6463 0.6612 0.3810
vn 0.4730 0.8335 0.2855
vn 0.2675 0.9483 0.1706
vn 0.6705 0.6555 0.3475
vn 0.4933 0.8295 0.2619
vn 0.2810 0.9466 0.1582
vn -0.6990 0.6345 -0.3299
vn -0.6747 0.6432 -0.3621
vn -0.5119 0.8264 -0.2346
vn -0.4910 0.8326 -0.2565
vn -0.2800 0.9526 -0.1186
vn -0.2668 0.9550 -0.1299
vn 0.9112 0.4083 0.0538
vn 0.7586 0.6256 0.1823
vn 0.6895 0.7225 0.0507
vn 0.5613 0.8149 0.1445
vn 0.3737 0.9267 0.0402
vn 0.3221 0.9418 0.0959
vn 0.6891 0.6481 0.3243
vn 0.5116 0.8229 0.2472
vn 0.2932 0.9441 0.1509
vn -0.7105 0.6291 -0.3153
vn -0.5233 0.8219 -0.2250
vn -0.2891 0.9505 -0.1143
vn -0.4010 0.6593 -0.6360
vn -0.2898 0.8428 -0.4536
vn -0.1564 0.9588 -0.2370
vn -0.3545 0.6509 -0.6714
vn -0.2581 0.8368 -0.4828
vn -0.1402 0.9570 -0.2541
vn 0.4084 0.6677 0.6225
vn 0.3775 0.6634 0.6460
vn 0.2988 0.8356 0.4609
vn 0.2769 0.8324 0.4800
vn 0.1690 0.9484 0.2684
vn 0.1573 0.9468 0.2806
vn 0.0625 0.3966 0.9158
vn 0.0501 0.7110 0.7014
vn 0.0303 0.9198 0.3912
vn 0.2024 0.6340 0.7464
vn 0.1521 0.8166 0.5568
vn 0.0912 0.9398 0.3293
vn -0.3319 0.6425 -0.6907
vn -0.2433 0.8304 -0.5012
vn -0.1331 0.9544 -0.2671
vn 0.3568 0.6567 0.6644
vn 0.2635 0.8271 0.4964
vn 0.1503 0.9449 0.2907
vn -0.8119 0.3741 -0.4482
vn -0.4852 0.3858 -0.7847
vn -0.9459 0.1741 0.2738
vn -0.9460 0.1742 0.2733
vn -0.0599 -0.2867 0.9561
vn -0.7958 0.3735 -0.4766
vn 0.2592 0.2289 -0.9383
vn 0.2593 0.2289 -0.9383
vn 0.2594 0.2289 -0.9382
vn 0.9690 -0.2317 -0.0856
vn -0.4490 0.3877 -0.8050
vn 0.3858 0.9224 0.0203
vn 0.7099 0.7042 0.0152
vn 0.9249 0.3801 0.0078
vn 0.3679 -0.0234 0.9296
vn 0.9177 -0.0107 0.3971
vn 0.3633 -0.1443 0.9205
vn 0.6899 -0.0168 0.7237
vn 0.9102 -0.1308 0.3931
vn -0.1670 -0.7806 -0.6023
vn -0.2384 -0.6727 -0.7004
vn 0.0457 -0.7375 -0.6738
vn 0.7822 -0.5678 -0.2564
vn 0.8743 -0.3359 -0.3504
vn 0.8821 -0.4224 -0.2085
vn -0.0166 -0.6932 -0.7205
vn -0.0002 0.3611 0.9325
vn 0.0018 0.6916 0.7223
vn 0.0036 0.9145 0.4045
vn -0.6839 -0.2412 -0.6885
vn -0.6590 -0.0024 -0.7522
vn -0.2884 0.9180 -0.2721
vn -0.7064 -0.0286 -0.7073
vn -0.6768 -0.6747 -0.2945
vn -0.7536 -0.6557 -0.0460
vn -0.3186 -0.3381 0.8855
vn -0.5836 -0.7746 -0.2438
vn -0.6591 -0.7478 -0.0798
vn -0.7047 -0.7012 -0.1088
vn -0.6078 -0.6182 0.4983
vn -0.9184 0.3956 0.0094
vn -0.6944 0.7194 0.0159
vn -0.5758 0.8174 0.0178
vn -0.3597 0.9329 0.0199
vn 0.0078 0.9899 0.1416
vn 0.0994 0.9949 -0.0188
vn 0.0049 0.9483 -0.3173
vn 0.0046 0.8735 -0.4868
vn 0.0192 0.7441 -0.6678
vn 0.0032 0.5540 -0.8325
vn 0.0026 0.4266 -0.9044
vn 0.3272 0.8843 0.3330
vn 0.4382 0.7775 0.4510
vn 0.5201 0.6695 0.5303
vn 0.5409 0.6352 0.5513
vn 0.6562 0.3629 0.6616
vn 0.4501 0.6911 0.5655
vn 0.6291 0.4470 0.6359
vn 0.7760 -0.0125 0.6306
vn -0.9172 -0.0031 0.3985
vn -0.6995 -0.0122 0.7145
vn -0.3558 -0.0199 0.9344
vn -0.8700 -0.0056 0.4930
vn -0.2184 -0.0219 0.9756
vn -0.0082 -0.9262 0.3770
vn -0.0082 -0.8811 0.4729
vn -0.0076 -0.7071 0.7071
vn -0.0066 -0.4777 0.8785
vn -0.0060 -0.3925 0.9198
vn 0.1020 -0.1028 0.9895
vn 0.3127 0.2911 0.9042
vn 0.4769 0.5303 0.7010
vn 0.5459 0.5269 0.6514
vn 0.6807 0.6599 0.3180
vn 0.2038 0.1825 0.9618
vn 0.4694 0.4484 0.7607
vn 0.6506 0.6351 0.4162
vn 0.6337 0.7691 0.0828
vn 0.9921 0.0134 0.1244
vn 0.9311 -0.3647 -0.0087
vn 0.8370 -0.5471 -0.0131
vn 0.7269 -0.6866 -0.0163
vn 0.6589 -0.7520 -0.0178
vn 0.3998 -0.9163 -0.0218
vn 0.9219 0.0092 -0.3872
vn 0.6971 0.0179 -0.7167
vn 0.3585 0.0237 -0.9332
vn 0.9856 0.0740 -0.1519
vn 0.8725 0.0117 -0.4884
vn 0.5602 0.0208 -0.8281
vn 0.8694 0.3456 0.3531
vn 0.6529 0.5306 0.5406
vn 0.6730 0.5180 0.5279
vn 0.4857 0.6118 0.6243
vn 0.4490 0.6281 0.6355
vn -0.1726 0.6917 0.7013
vn -0.5639 0.5788 0.5890
vn 0.7967 0.4236 0.4311
vn 0.6608 0.5278 0.5336
vn 0.2356 0.6815 0.6929
vn -0.3791 0.9251 0.0226
vn -0.6999 0.7140 0.0180
vn -0.9189 0.3943 0.0106
vn 0.0035 0.4046 -0.9145
vn 0.0058 0.7235 -0.6903
vn 0.0072 0.9324 -0.3614
vn 0.6541 0.3699 0.6598
vn 0.4995 0.6908 0.5228
vn 0.2815 0.9126 0.2965
vn -0.3837 -0.0194 0.9233
vn -0.7051 -0.0120 0.7090
vn -0.9222 -0.0028 0.3866
vn -0.0034 -0.4048 0.9144
vn -0.0057 -0.7237 0.6901
vn -0.0071 -0.9327 0.3606
vn 0.6552 0.6392 0.4026
vn 0.5010 0.4795 0.7205
vn 0.2729 0.2487 0.9293
vn 0.3770 -0.9260 -0.0221
vn 0.7022 -0.7118 -0.0169
vn 0.9211 -0.3892 -0.0092
vn 0.3571 0.0203 -0.9339
vn 0.9216 0.0040 -0.3882
vn 0.6952 0.0132 -0.7187
vn 0.1054 0.6874 0.7186
vn 0.1969 0.7289 0.6558
vn 0.5809 0.5612 0.5896
vn 0.9069 0.2884 0.3071
vn -0.9238 0.0160 -0.3824
vn -0.7072 0.0222 -0.7067
vn -0.7069 0.0222 -0.7069
vn -0.3823 0.0249 -0.9237
vn 0.8133 -0.0212 0.5814
vn 0.9259 -0.0071 -0.3778
vn 0.9823 -0.0237 0.1856
vn 0.9792 -0.0236 0.2015
vn 0.5503 0.0054 -0.8350
vn 0.1686 0.0225 -0.9854
vn 0.9241 0.0125 -0.3819
vn 0.9240 -0.0069 -0.3823
vn -0.9857 0.1687 0.0033
vn -0.9213 0.3888 0.0013
vn -0.3757 0.9262 0.0317
vn -0.3798 0.9250 0.0141
vn -0.3757 0.9266 0.0142
vn 0.5858 0.8102 0.0194
vn 0.3876 0.9217 0.0147
vn -0.8210 0.5709 0.0032
vn 0.2079 0.9780 0.0140
vn 0.1532 -0.9879 -0.0243
vn 0.1525 -0.9804 0.1244
vn 0.9211 -0.3891 -0.0090
vn 0.9174 -0.3881 0.0883
vn 0.8137 0.5811 0.0148
vn 0.1544 -0.9877 -0.0243
vn 0.9216 -0.3881 -0.0090
vn 0.9214 -0.3885 -0.0090
vn -0.0022 -0.3598 -0.9330
vn -0.0041 -0.6887 -0.7250
vn -0.0040 -0.6895 -0.7243
vn -0.0053 -0.9145 -0.4045
vn -0.0057 -0.9926 -0.1213
vn 0.0028 0.5717 0.8205
vn -0.0023 -0.4004 0.9163
vn -0.0023 -0.4004 0.9164
vn -0.0023 -0.3976 0.9176
vn -0.0057 -0.9905 0.1374
vn -0.9868 0.0043 0.1617
vn -0.9894 0.1429 0.0254
vn -0.3864 -0.0338 0.9217
vn -0.8254 -0.0184 0.5643
vn -0.8346 -0.0174 0.5505
vn 0.2012 -0.0368 0.9789
vn 0.5825 -0.0252 0.8124
vn -0.3817 -0.0196 0.9241
vn -0.3818 -0.0340 0.9236
vn -0.3893 -0.9209 -0.0222
vn -0.7117 -0.7022 -0.0172
vn -0.7125 -0.7015 -0.0172
vn -0.9270 -0.3750 -0.0095
vn -0.6147 0.6549 0.4396
vn -0.6937 0.7157 -0.0815
vn -0.6938 0.7160 -0.0774
vn -0.6937 0.7157 -0.0817
vn -0.5042 0.4943 -0.7082
vn -0.5050 0.4958 -0.7065
vn -0.1886 0.1573 -0.9694
vn -0.6125 0.6526 0.4461
vn -0.5046 0.4952 -0.7072
vn -0.1872 0.1559 -0.9699
vn -0.8972 0.2970 0.3270
vn -0.8967 0.3163 0.3097
vn -0.7611 0.4383 0.4781
vn -0.7607 0.4654 0.4526
vn -0.2407 0.6982 0.6742
vn 0.0149 0.6783 0.7346
vn 0.0157 0.7198 0.6940
vn -0.8963 0.2806 0.3434
vn -0.7589 0.4148 0.5019
vn -0.2410 0.6571 0.7142
vn 0.0136 0.6356 0.7719
vn -0.9136 -0.2958 -0.2791
vn -0.9137 -0.3120 -0.2605
vn -0.7868 -0.4469 -0.4258
vn -0.3294 -0.7196 -0.6113
vn -0.0853 -0.7173 -0.6915
vn -0.3294 -0.6811 -0.6539
vn -0.9137 -0.3282 -0.2397
vn -0.7872 -0.4724 -0.3964
vn -0.3305 -0.7568 -0.5639
vn -0.0857 -0.7590 -0.6454
vn -0.8957 0.3524 0.2714
vn -0.8972 0.3320 0.2912
vn -0.7589 0.5166 0.3966
vn -0.2416 0.7354 0.6331
vn 0.0150 0.7967 0.6041
vn -0.2400 0.7730 0.5872
vn -0.7600 0.4913 0.4254
vn 0.0151 0.7600 0.6498
vn -0.9135 -0.2780 -0.2971
vn -0.9132 -0.2613 -0.3128
vn -0.7873 -0.4194 -0.4519
vn -0.7865 -0.3931 -0.4763
vn -0.3299 -0.6012 -0.7278
vn -0.0866 -0.6745 -0.7332
vn -0.0874 -0.6328 -0.7693
vn -0.3305 -0.6402 -0.6934
vn -0.9129 -0.2436 -0.3276
vn -0.9121 -0.2237 -0.3437
vn -0.7855 -0.3661 -0.4990
vn -0.7831 -0.3361 -0.5232
vn -0.3307 -0.5107 -0.7936
vn -0.0885 -0.5889 -0.8034
vn -0.0903 -0.5379 -0.8382
vn -0.3310 -0.5599 -0.7596
vn -0.8955 0.2620 0.3598
vn -0.7582 0.3868 0.5250
vn -0.2434 0.6149 0.7501
vn 0.0122 0.5928 0.8053
vn -0.8943 0.2417 0.3767
vn -0.7569 0.3552 0.5486
vn -0.2417 0.5734 0.7828
vn 0.0109 0.5444 0.8388
vn -0.8921 0.2209 0.3941
vn -0.7524 0.3269 0.5718
vn -0.2413 0.5260 0.8155
vn 0.0083 0.4931 0.8699
vn -0.8889 0.2005 0.4118
vn -0.7467 0.2994 0.5939
vn -0.2413 0.4751 0.8462
vn 0.0100 0.4452 0.8954
vn -0.9101 -0.2022 -0.3618
vn -0.9073 -0.1855 -0.3773
vn -0.7785 -0.3010 -0.5507
vn -0.7732 -0.2733 -0.5723
vn -0.3229 -0.4188 -0.8487
vn -0.0912 -0.4808 -0.8721
vn -0.0893 -0.4362 -0.8954
vn -0.3281 -0.4583 -0.8260
vn -0.8820 0.1091 0.4585
vn -0.9214 -0.0044 0.3886
vn -0.5298 0.1788 0.8291
vn -0.6973 -0.0136 0.7166
vn -0.0527 0.1883 0.9807
vn -0.3564 -0.0202 0.9341
vn -0.9764 0.0903 0.1960
vn -0.7346 0.2835 0.6164
vn -0.2316 0.4271 0.8741
vn 0.0150 0.4100 0.9120
vn -0.7267 0.2772 0.6285
vn -0.2170 0.3955 0.8925
vn -0.9040 -0.1798 -0.3879
vn -0.7669 -0.2673 -0.5834
vn -0.0860 -0.4139 -0.9062
vn -0.3179 -0.3970 -0.8610
vn -0.9122 -0.3506 -0.2122
vn -0.7868 -0.4974 -0.3655
vn -0.3281 -0.8007 -0.5012
vn -0.0860 -0.7986 -0.5957
vn -0.9073 -0.3750 -0.1904
vn -0.7814 -0.5345 -0.3221
vn -0.3185 -0.8378 -0.4435
vn -0.0859 -0.8458 -0.5266
vn -0.8926 0.3851 0.2344
vn -0.8961 0.3650 0.2525
vn -0.7526 0.5607 0.3453
vn -0.2394 0.8065 0.5406
vn 0.0177 0.8581 0.5132
vn -0.2308 0.8378 0.4947
vn -0.7588 0.5366 0.3693
vn 0.0156 0.8302 0.5573
vn -0.9223 0.3863 0.0111
vn -0.6987 0.7153 0.0099
vn -0.3568 0.9342 0.0074
vn -0.8853 0.4451 0.1346
vn -0.5265 0.8196 0.2259
vn -0.0340 0.9697 0.2421
vn -0.9038 -0.3882 -0.1803
vn -0.7719 -0.5686 -0.2844
vn -0.3060 -0.8585 -0.4114
vn -0.0806 -0.8835 -0.4614
vn -0.0727 -0.9002 -0.4294
vn -0.7644 -0.5853 -0.2706
vn -0.3137 -0.8591 -0.4044
vn -0.8884 0.4006 0.2242
vn -0.2153 0.8584 0.4655
vn -0.7451 0.5796 0.3300
vn 0.0239 0.8765 0.4809
vn 0.6968 0.5187 0.4954
vn 0.6963 0.4885 0.5258
vn 0.8573 0.3727 0.3552
vn 0.8570 0.3517 0.3766
vn 0.9597 0.2047 0.1925
vn 0.9595 0.1934 0.2050
vn 0.6949 0.4590 0.5536
vn 0.8562 0.3304 0.3971
vn 0.9593 0.1822 0.2160
vn 0.6378 -0.5836 -0.5026
vn 0.6375 -0.5528 -0.5367
vn 0.8266 -0.4257 -0.3680
vn 0.8265 -0.4024 -0.3936
vn 0.9493 -0.2362 -0.2073
vn 0.9493 -0.2233 -0.2211
vn 0.6365 -0.6163 -0.4637
vn 0.8263 -0.4487 -0.3404
vn 0.9492 -0.2489 -0.1925
vn 0.6964 0.5476 0.4639
vn 0.6948 0.5756 0.4313
vn 0.8568 0.3948 0.3317
vn 0.8561 0.4148 0.3082
vn 0.9596 0.2167 0.1793
vn 0.9594 0.2282 0.1660
vn 0.6343 -0.4896 -0.5982
vn 0.6363 -0.5207 -0.5692
vn 0.8242 -0.3582 -0.4387
vn 0.8260 -0.3796 -0.4167
vn 0.9484 -0.1996 -0.2463
vn 0.9492 -0.2101 -0.2342
vn 0.6274 -0.4204 -0.6555
vn 0.6309 -0.4583 -0.6260
vn 0.8204 -0.3086 -0.4813
vn 0.8224 -0.3363 -0.4588
vn 0.9474 -0.1726 -0.2696
vn 0.9480 -0.1871 -0.2575
vn 0.6920 0.4286 0.5809
vn 0.8551 0.3082 0.4169
vn 0.9592 0.1685 0.2272
vn 0.6886 0.3948 0.6083
vn 0.8523 0.2849 0.4387
vn 0.9582 0.1564 0.2393
vn 0.6831 0.3598 0.6356
vn 0.8495 0.2597 0.4592
vn 0.9573 0.1414 0.2520
vn 0.6766 0.3258 0.6603
vn 0.8442 0.2370 0.4808
vn 0.9553 0.1299 0.2655
vn 0.6126 -0.3466 -0.7103
vn 0.6208 -0.3791 -0.6862
vn 0.8107 -0.2572 -0.5260
vn 0.8162 -0.2796 -0.5056
vn 0.9440 -0.1455 -0.2961
vn 0.9461 -0.1570 -0.2831
vn 0.4275 0.0393 0.9032
vn 0.6439 0.1616 0.7478
vn 0.7357 0.0278 0.6767
vn 0.8284 0.1193 0.5473
vn 0.9333 0.0122 0.3590
vn 0.9494 0.0676 0.3066
vn 0.6685 0.3035 0.6790
vn 0.8379 0.2222 0.4986
vn 0.9531 0.1217 0.2772
vn 0.6074 -0.3318 -0.7218
vn 0.8057 -0.2478 -0.5381
vn 0.9419 -0.1410 -0.3048
vn 0.6332 -0.6543 -0.4136
vn 0.8243 -0.4772 -0.3048
vn 0.9492 -0.2628 -0.1729
vn 0.6246 -0.6893 -0.3671
vn 0.8184 -0.5055 -0.2733
vn 0.9465 -0.2819 -0.1571
vn 0.6925 0.6012 0.3987
vn 0.6873 0.6263 0.3680
vn 0.8546 0.4339 0.2853
vn 0.8505 0.4549 0.2639
vn 0.9588 0.2391 0.1534
vn 0.9573 0.2520 0.1416
vn 0.4242 0.9037 0.0577
vn 0.7320 0.6802 0.0395
vn 0.9316 0.3631 0.0156
vn 0.6588 0.7270 0.1933
vn 0.8346 0.5330 0.1393
vn 0.9506 0.3010 0.0760
vn 0.6165 -0.7082 -0.3441
vn 0.8118 -0.5237 -0.2583
vn 0.9442 -0.2934 -0.1499
vn 0.6817 0.6441 0.3471
vn 0.8457 0.4712 0.2505
vn 0.9549 0.2645 0.1351
vn 0.3467 -0.4555 -0.8199
vn 0.3551 -0.7931 -0.4948
vn 0.1675 0.2702 -0.9481
vn 0.1679 0.2706 -0.9479
vn -0.2599 0.9643 -0.0518
vn 0.3450 -0.4800 -0.8066
vn 0.1964 -0.9469 0.2544
vn -0.1776 -0.2340 0.9559
vn 0.3580 -0.6005 -0.7150
vn 0.3936 0.4003 -0.8276
vn 0.4103 0.3811 -0.8285
vn 0.5270 0.5315 -0.6632
vn 0.5508 0.5032 -0.6659
vn 0.7411 0.6629 -0.1063
vn 0.6992 0.6987 0.1517
vn 0.7390 0.6564 0.1518
vn 0.3764 0.4170 -0.8273
vn 0.5012 0.5555 -0.6635
vn 0.7020 0.7042 -0.1066
vn 0.6593 0.7368 0.1501
vn -0.2160 -0.1751 -0.9606
vn -0.2322 -0.1556 -0.9601
vn -0.3838 -0.3265 -0.8638
vn -0.7051 -0.5432 -0.4558
vn -0.7297 -0.6471 -0.2209
vn -0.6685 -0.5876 -0.4559
vn -0.2478 -0.1339 -0.9595
vn -0.4077 -0.2965 -0.8636
vn -0.7421 -0.4945 -0.4525
vn -0.7692 -0.6000 -0.2198
vn 0.4446 0.3420 -0.8279
vn 0.4284 0.3619 -0.8279
vn 0.5995 0.4459 -0.6647
vn 0.7785 0.6183 -0.1077
vn 0.8125 0.5637 0.1486
vn 0.8128 0.5725 -0.1079
vn 0.5780 0.4760 -0.6628
vn 0.7775 0.6104 0.1512
vn -0.1989 -0.1929 -0.9608
vn -0.1824 -0.2088 -0.9608
vn -0.3560 -0.3528 -0.8654
vn -0.3320 -0.3778 -0.8643
vn -0.5918 -0.6642 -0.4568
vn -0.6885 -0.6902 -0.2228
vn -0.6482 -0.7280 -0.2233
vn -0.6292 -0.6281 -0.4579
vn -0.1660 -0.2248 -0.9602
vn -0.1469 -0.2402 -0.9595
vn -0.3060 -0.4020 -0.8630
vn -0.2758 -0.4274 -0.8609
vn -0.5042 -0.7325 -0.4574
vn -0.6055 -0.7636 -0.2240
vn -0.5538 -0.8013 -0.2261
vn -0.5516 -0.6974 -0.4575
vn 0.3589 0.4345 -0.8261
vn 0.4756 0.5797 -0.6616
vn 0.6626 0.7414 -0.1061
vn 0.6170 0.7730 0.1474
vn 0.3395 0.4508 -0.8255
vn 0.4474 0.6034 -0.6601
vn 0.6210 0.7761 -0.1093
vn 0.5712 0.8078 0.1457
vn 0.3216 0.4617 -0.8267
vn 0.4216 0.6218 -0.6600
vn 0.5762 0.8101 -0.1084
vn 0.5302 0.8358 0.1426
vn 0.3055 0.4575 -0.8351
vn 0.4021 0.6256 -0.6685
vn 0.5366 0.8368 -0.1090
vn 0.5029 0.8529 0.1404
vn -0.1301 -0.2552 -0.9581
vn -0.1248 -0.2754 -0.9532
vn -0.2437 -0.4552 -0.8564
vn -0.2259 -0.4847 -0.8450
vn -0.4012 -0.8014 -0.4436
vn -0.4894 -0.8423 -0.2259
vn -0.4345 -0.8734 -0.2200
vn -0.4482 -0.7706 -0.4530
vn 0.0372 0.4501 -0.8922
vn 0.0161 0.7741 -0.6328
vn -0.0072 0.9646 -0.2636
vn 0.1683 0.2177 -0.9614
vn 0.3851 0.6130 -0.6899
vn 0.5101 0.8529 -0.1116
vn 0.4887 0.8612 0.1398
vn 0.3840 0.6159 -0.6879
vn 0.4973 0.8603 -0.1127
vn -0.1288 -0.2993 -0.9454
vn -0.2233 -0.5066 -0.8328
vn -0.4090 -0.8874 -0.2129
vn -0.3784 -0.8188 -0.4317
vn -0.2678 -0.1068 -0.9575
vn -0.4332 -0.2632 -0.8620
vn -0.7834 -0.4309 -0.4479
vn -0.8080 -0.5474 -0.2177
vn -0.2902 -0.0841 -0.9533
vn -0.4656 -0.2206 -0.8571
vn -0.8177 -0.3721 -0.4393
vn -0.8518 -0.4775 -0.2156
vn 0.4776 0.3032 -0.8246
vn 0.4594 0.3213 -0.8281
vn 0.6435 0.3920 -0.6574
vn 0.8442 0.5249 -0.1081
vn 0.8701 0.4703 0.1474
vn 0.8721 0.4782 -0.1035
vn 0.6208 0.4162 -0.6643
vn 0.8439 0.5156 0.1482
vn 0.4724 0.0837 -0.8774
vn 0.7784 0.0461 -0.6260
vn 0.9633 0.0006 -0.2684
vn 0.5325 0.2005 -0.8223
vn 0.8731 0.2395 -0.4247
vn 0.9764 0.2008 0.0793
vn -0.3065 -0.0734 -0.9490
vn -0.4988 -0.1824 -0.8473
vn -0.8378 -0.3411 -0.4264
vn -0.8874 -0.4115 -0.2080
vn -0.9038 -0.3796 -0.1978
vn -0.5187 -0.1684 -0.8382
vn -0.8388 -0.3332 -0.4306
vn 0.4919 0.2919 -0.8203
vn 0.8910 0.4456 -0.0868
vn 0.6618 0.3738 -0.6498
vn 0.8865 0.4367 0.1528
vn 0.4671 0.4025 0.7873
vn 0.4387 0.4340 0.7869
vn 0.3022 0.2530 0.9190
vn 0.2818 0.2762 0.9189
vn 0.1203 0.0896 0.9887
vn 0.1083 0.1018 0.9889
vn 0.4105 0.4626 0.7858
vn 0.2624 0.2980 0.9178
vn 0.0974 0.1137 0.9887
vn -0.6598 -0.5353 0.5273
vn -0.6296 -0.5711 0.5267
vn -0.5153 -0.4276 0.7427
vn -0.4934 -0.4535 0.7422
vn -0.3321 -0.2878 0.8983
vn -0.3202 -0.3019 0.8980
vn -0.6902 -0.4957 0.5272
vn -0.5368 -0.3988 0.7435
vn -0.3439 -0.2722 0.8987
vn 0.4955 0.3691 0.7863
vn 0.5220 0.3356 0.7841
vn 0.3231 0.2292 0.9182
vn 0.3431 0.2052 0.9166
vn 0.1309 0.0752 0.9885
vn 0.1422 0.0619 0.9879
vn -0.5689 -0.6345 0.5232
vn -0.5985 -0.6045 0.5256
vn -0.4495 -0.4995 0.7405
vn -0.4711 -0.4778 0.7414
vn -0.2969 -0.3275 0.8970
vn -0.3088 -0.3157 0.8972
vn -0.4985 -0.6957 0.5172
vn -0.5374 -0.6632 0.5208
vn -0.3992 -0.5458 0.7367
vn -0.4276 -0.5209 0.7388
vn -0.2688 -0.3533 0.8961
vn -0.2849 -0.3393 0.8965
vn 0.3815 0.4916 0.7828
vn 0.2416 0.3196 0.9162
vn 0.0857 0.1262 0.9883
vn 0.3502 0.5207 0.7786
vn 0.2194 0.3417 0.9139
vn 0.0734 0.1390 0.9876
vn 0.3224 0.5459 0.7733
vn 0.2008 0.3630 0.9099
vn 0.0635 0.1527 0.9862
vn 0.3048 0.5652 0.7666
vn 0.1916 0.3849 0.9029
vn 0.0643 0.1764 0.9822
vn -0.3957 -0.7698 0.5007
vn -0.4457 -0.7352 0.5106
vn -0.3194 -0.6089 0.7261
vn -0.3597 -0.5795 0.7313
vn -0.2147 -0.3937 0.8938
vn -0.2440 -0.3756 0.8941
vn 0.1493 0.6860 0.7121
vn -0.0105 0.6221 0.7829
vn 0.0950 0.5004 0.8605
vn -0.0291 0.3101 0.9503
vn 0.0362 0.2916 0.9559
vn 0.0098 0.8611 0.5084
vn 0.2998 0.5825 0.7555
vn 0.1961 0.4128 0.8894
vn 0.0783 0.2143 0.9736
vn -0.3703 -0.7848 0.4969
vn -0.2974 -0.6205 0.7256
vn -0.1955 -0.3957 0.8973
vn -0.7257 -0.4437 0.5259
vn -0.5634 -0.3619 0.7427
vn -0.3583 -0.2523 0.8989
vn -0.7583 -0.3948 0.5188
vn -0.5916 -0.3288 0.7361
vn -0.3764 -0.2358 0.8960
vn 0.5475 0.3023 0.7803
vn 0.5705 0.2710 0.7753
vn 0.3616 0.1809 0.9146
vn 0.3813 0.1595 0.9106
vn 0.1527 0.0483 0.9871
vn 0.1653 0.0367 0.9856
vn 0.8607 -0.0242 0.5086
vn 0.6087 -0.0624 0.7910
vn 0.2736 -0.0915 0.9575
vn 0.6670 0.0955 0.7389
vn 0.4546 0.0336 0.8901
vn 0.2127 -0.0303 0.9766
vn -0.7750 -0.3705 0.5120
vn -0.6080 -0.3125 0.7299
vn -0.3890 -0.2280 0.8926
vn 0.5877 0.2498 0.7696
vn 0.3975 0.1458 0.9059
vn 0.1763 0.0299 0.9839
vn -0.8502 -0.4745 0.2280
vn 0.8760 -0.4723 -0.0975
vn 0.8767 -0.4711 -0.0978
vn -0.8458 -0.4823 0.2281
vn 0.2184 -0.9712 0.0947
vn 0.8466 -0.5254 -0.0856
vn -0.9603 0.2349 0.1508
vn -0.9602 0.2349 0.1508
vn -0.5466 0.8372 -0.0168
vn -0.1169 0.9883 -0.0983
vn -0.4925 -0.8443 0.2112
vn 0.2905 0.8433 -0.4522
vn 0.4895 0.5057 0.7104
vn -0.5430 -0.7117 -0.4456
vn 0.8076 0.5731 0.1391
vn 0.4857 0.6184 0.6178
vn -0.7289 -0.5168 -0.4491
vn -0.1175 -0.4800 0.8694
vn 0.6310 0.7713 -0.0830
vn -0.2885 0.8812 -0.3744
vn -0.2593 -0.2971 -0.9190
vn -0.1102 0.6802 -0.7247
vn 0.4815 -0.5794 0.6576
vn 0.3742 0.0136 0.9272
vn -0.3645 -0.9095 0.1998
vn -0.4351 0.8931 -0.1145
vn -0.4467 -0.1481 0.8823
vn 0.8962 -0.1071 -0.4306
vn -0.1068 0.9054 -0.4109
vn -0.2708 0.6754 0.6859
vn 0.3818 0.5516 -0.7416
vn 0.7446 0.5371 -0.3964
vn -0.2140 -0.5923 -0.7768
vn -0.5297 -0.8143 0.2376
vn 0.7788 -0.1079 0.6179
vn 0.8634 -0.4031 -0.3034
vn -0.1237 0.8848 0.4493
vn 0.0168 -0.6715 0.7408
vn 0.8973 -0.1194 0.4249
vn 0.6792 -0.1090 0.7258
vn 0.9240 -0.0253 0.3814
vn 0.3830 0.0112 -0.9237
vn -0.8291 0.5591 0.0033
vn -0.0023 -0.3975 0.9176
vn 0.9821 -0.1082 -0.1541
vt 0.024689 0.243520
vt 0.022089 0.239058
vt 0.025522 0.239321
vt 0.314703 0.122046
vt 0.311195 0.134322
vt 0.312211 0.121843
vt 0.022742 0.234777
vt 0.019737 0.230086
vt 0.023202 0.230447
vt 0.283990 0.157528
vt 0.284306 0.169694
vt 0.281854 0.169389
vt 0.023520 0.221865
vt 0.026821 0.218292
vt 0.026929 0.222312
vt 0.315292 0.109576
vt 0.312797 0.109391
vt 0.288969 0.106791
vt 0.291465 0.093316
vt 0.291432 0.106946
vt 0.287341 0.132371
vt 0.288303 0.145365
vt 0.285846 0.145112
vt 0.026871 0.226510
vt 0.026627 0.230802
vt 0.020000 0.225696
vt 0.023454 0.226109
vt 0.281859 0.181146
vt 0.279411 0.180810
vt 0.303084 0.192695
vt 0.303380 0.181466
vt 0.305863 0.181770
vt 0.308286 0.170643
vt 0.307915 0.158824
vt 0.310404 0.159088
vt 0.278862 0.192968
vt 0.276428 0.192604
vt 0.274378 0.208392
vt 0.271970 0.208030
vt 0.296135 0.214900
vt 0.297378 0.203311
vt 0.299868 0.203670
vt 0.023419 0.217798
vt 0.026544 0.214407
vt 0.268065 0.229920
vt 0.265673 0.229614
vt 0.261491 0.255166
vt 0.259097 0.254903
vt 0.291918 0.226386
vt 0.293633 0.214502
vt 0.022674 0.209888
vt 0.025455 0.206698
vt 0.026093 0.210577
vt 0.315482 0.097096
vt 0.312983 0.096926
vt 0.315290 0.084214
vt 0.312777 0.084050
vt 0.287895 0.074326
vt 0.287783 0.046477
vt 0.290371 0.074377
vt 0.019274 0.234469
vt 0.314736 0.070523
vt 0.312203 0.070367
vt 0.313950 0.056491
vt 0.311473 0.056214
vt 0.285311 0.046453
vt 0.284298 0.013465
vt 0.019763 0.248642
vt 0.017682 0.243344
vt 0.021199 0.243427
vt 0.308712 0.134100
vt 0.309723 0.121641
vt 0.297229 0.158316
vt 0.302989 0.170064
vt 0.295109 0.170027
vt 0.286445 0.157806
vt 0.286763 0.169999
vt 0.284647 0.181492
vt 0.289775 0.192657
vt 0.281636 0.193332
vt 0.310306 0.109207
vt 0.310485 0.096757
vt 0.289798 0.132595
vt 0.293306 0.119952
vt 0.292258 0.132819
vt 0.290763 0.145618
vt 0.290842 0.119758
vt 0.293901 0.107101
vt 0.309738 0.146737
vt 0.305800 0.170360
vt 0.305430 0.158561
vt 0.303320 0.170078
vt 0.281299 0.193335
vt 0.287098 0.170013
vt 0.292679 0.181305
vt 0.300599 0.192365
vt 0.300901 0.181162
vt 0.298120 0.192033
vt 0.270449 0.230226
vt 0.285857 0.205805
vt 0.277129 0.208698
vt 0.294894 0.202949
vt 0.289491 0.225792
vt 0.291158 0.214102
vt 0.263885 0.255429
vt 0.309978 0.109170
vt 0.301579 0.120804
vt 0.302168 0.108165
vt 0.293941 0.093418
vt 0.292850 0.074428
vt 0.310265 0.083891
vt 0.309686 0.070212
vt 0.302276 0.095107
vt 0.309934 0.083775
vt 0.310157 0.096707
vt 0.290260 0.046502
vt 0.286774 0.013498
vt 0.308957 0.055929
vt 0.288382 0.119566
vt 0.310543 0.031937
vt 0.308278 0.032171
vt 0.306013 0.032408
vt 0.293638 0.119983
vt 0.294232 0.107137
vt 0.288903 0.158084
vt 0.292589 0.132846
vt 0.017559 0.255313
vt 0.015885 0.249477
vt 0.026171 0.235086
vt 0.293185 0.074545
vt 0.300021 0.058393
vt 0.301596 0.079204
vt 0.279479 0.243026
vt 0.265484 0.257419
vt 0.277661 0.241747
vt 0.264067 0.255504
vt 0.275842 0.240465
vt 0.300568 0.181152
vt 0.312228 0.146981
vt 0.309395 0.121610
vt 0.300550 0.133464
vt 0.307252 0.146493
vt 0.014994 0.262694
vt 0.012832 0.258269
vt 0.020889 0.256851
vt 0.022315 0.252340
vt 0.308633 0.055983
vt 0.309347 0.069961
vt 0.290608 0.046767
vt 0.297881 0.035055
vt 0.021876 0.205255
vt 0.024619 0.202678
vt 0.019980 0.217289
vt 0.023148 0.213865
vt 0.284311 0.181483
vt 0.290762 0.214278
vt 0.280639 0.222044
vt 0.020076 0.221404
vt 0.019711 0.213308
vt 0.299070 0.146054
vt 0.291095 0.145640
vt 0.288997 0.093215
vt 0.213771 0.100178
vt 0.179987 0.133906
vt 0.178735 0.133547
vt 0.294273 0.093467
vt 0.020681 0.199509
vt 0.023689 0.198737
vt 0.016751 0.196468
vt 0.019384 0.193377
vt 0.270824 0.230033
vt 0.275893 0.239930
vt 0.264399 0.254669
vt 0.286840 0.225071
vt 0.304852 0.008036
vt 0.307123 0.007129
vt 0.023629 0.247821
vt 0.302577 0.008960
vt 0.294541 0.203003
vt 0.313686 0.134545
vt 0.289236 0.158102
vt 0.297783 0.192035
vt 0.019216 0.209183
vt 0.276782 0.208758
vt 0.287118 0.225207
vt 0.305100 0.158543
vt 0.306923 0.146471
vt 0.308383 0.134073
vt 0.018615 0.238799
vt 0.018276 0.203814
vt 0.233452 0.034725
vt 0.139804 0.027773
vt 0.253043 0.028160
vt 0.074143 0.072757
vt 0.121012 0.102083
vt 0.121029 0.103435
vt 0.077648 0.072419
vt 0.121016 0.100698
vt 0.162952 0.114355
vt 0.153020 0.074361
vt 0.185471 0.076802
vt 0.174114 0.243925
vt 0.091218 0.199166
vt 0.095586 0.195535
vt 0.259236 0.065460
vt 0.214500 0.101031
vt 0.172487 0.240873
vt 0.165730 0.186345
vt 0.166838 0.186174
vt 0.148061 0.054394
vt 0.207968 0.039286
vt 0.212040 0.234727
vt 0.265870 0.158078
vt 0.207506 0.255525
vt 0.058556 0.111875
vt 0.112079 0.125365
vt 0.060605 0.113448
vt 0.202691 0.171037
vt 0.238820 0.151192
vt 0.222585 0.207136
vt 0.155649 0.140239
vt 0.111780 0.126486
vt 0.266799 0.043952
vt 0.272243 0.159825
vt 0.043794 0.095353
vt 0.086374 0.203191
vt 0.029162 0.077983
vt 0.187568 0.260340
vt 0.259485 0.065610
vt 0.258442 0.156026
vt 0.258390 0.067670
vt 0.191037 0.180371
vt 0.179934 0.134093
vt 0.192117 0.180018
vt 0.165208 0.124596
vt 0.110539 0.111008
vt 0.116269 0.106864
vt 0.137944 0.021584
vt 0.273561 0.021481
vt 0.178432 0.133568
vt 0.212156 0.093918
vt 0.213690 0.099974
vt 0.259768 0.156400
vt 0.212391 0.231413
vt 0.138263 0.308105
vt 0.132723 0.242487
vt 0.193802 0.279759
vt 0.162356 0.134239
vt 0.110423 0.111260
vt 0.166499 0.130437
vt 0.203403 0.084955
vt 0.197346 0.083349
vt 0.186321 0.184922
vt 0.190863 0.180503
vt 0.210294 0.087096
vt 0.273917 0.021750
vt 0.210090 0.086894
vt 0.167946 0.185998
vt 0.156690 0.139543
vt 0.157644 0.138678
vt 0.095875 0.195290
vt 0.060448 0.113651
vt 0.096982 0.194321
vt 0.051341 0.075041
vt 0.029370 0.077624
vt 0.173488 0.243156
vt 0.172243 0.241019
vt 0.173758 0.243017
vt 0.172309 0.131900
vt 0.181129 0.189790
vt 0.166739 0.130381
vt 0.057707 0.111370
vt 0.111386 0.118039
vt 0.112371 0.124033
vt 0.163711 0.118519
vt 0.202427 0.277348
vt 0.258151 0.067548
vt 0.215226 0.101887
vt 0.163236 0.117016
vt 0.163544 0.118264
vt 0.141317 0.033410
vt 0.230113 0.036326
vt 0.141123 0.035143
vt 0.077184 0.270834
vt 0.082723 0.336452
vt 0.074170 0.072491
vt 0.077686 0.072185
vt 0.163737 0.118215
vt 0.196210 0.082490
vt 0.197139 0.083269
vt 0.180852 0.189859
vt 0.174097 0.187879
vt 0.112380 0.124245
vt 0.156561 0.139401
vt 0.202032 0.277481
vt 0.071645 0.205215
vt 0.116057 0.273809
vt 0.166571 0.130210
vt 0.162944 0.115806
vt 0.140941 0.036912
vt 0.080691 0.071741
vt 0.227937 0.037456
vt 0.181144 0.134431
vt 0.193197 0.179660
vt 0.257492 0.069448
vt 0.212562 0.229384
vt 0.257127 0.155656
vt 0.062159 0.115015
vt 0.098078 0.193361
vt 0.155774 0.140375
vt 0.171129 0.239155
vt 0.259801 0.064701
vt 0.260130 0.156500
vt 0.211953 0.233790
vt 0.212126 0.231393
vt 0.212315 0.229366
vt 0.181195 0.134251
vt 0.157786 0.138416
vt 0.154950 0.141782
vt 0.126541 0.166895
vt 0.114870 0.139234
vt 0.112357 0.179433
vt 0.074828 0.136689
vt 0.120928 0.103603
vt 0.073456 0.072611
vt 0.125536 0.091918
vt 0.088155 0.069502
vt 0.163125 0.115763
vt 0.195279 0.081716
vt 0.218934 0.115065
vt 0.255054 0.095248
vt 0.182779 0.134902
vt 0.220157 0.145767
vt 0.168162 0.186035
vt 0.152416 0.181999
vt 0.149885 0.222176
vt 0.062308 0.114825
vt 0.141306 0.033056
vt 0.232704 0.035276
vt 0.230243 0.036578
vt 0.228047 0.037669
vt 0.054750 0.243297
vt 0.052061 0.238850
vt 0.055507 0.239061
vt 0.403768 0.121458
vt 0.400360 0.134172
vt 0.401194 0.121300
vt 0.052659 0.234541
vt 0.049584 0.229871
vt 0.053070 0.230186
vt 0.372731 0.158093
vt 0.373021 0.170446
vt 0.370536 0.170122
vt 0.053262 0.221545
vt 0.056528 0.217877
vt 0.056711 0.221938
vt 0.404079 0.108565
vt 0.401498 0.108442
vt 0.376972 0.106488
vt 0.378966 0.092745
vt 0.379475 0.106563
vt 0.375931 0.132515
vt 0.377057 0.145714
vt 0.374560 0.145477
vt 0.056716 0.226176
vt 0.056521 0.230503
vt 0.049782 0.225460
vt 0.053265 0.225820
vt 0.370428 0.182046
vt 0.367955 0.181674
vt 0.391944 0.194184
vt 0.392407 0.182627
vt 0.394960 0.182965
vt 0.397529 0.171527
vt 0.397154 0.159376
vt 0.399712 0.159641
vt 0.367188 0.193963
vt 0.364741 0.193544
vt 0.362266 0.209371
vt 0.359868 0.208931
vt 0.384185 0.216909
vt 0.385831 0.205004
vt 0.388384 0.205443
vt 0.053084 0.217447
vt 0.056164 0.213956
vt 0.355245 0.230649
vt 0.352827 0.230265
vt 0.348024 0.256008
vt 0.345322 0.256167
vt 0.379277 0.228246
vt 0.381629 0.216381
vt 0.052153 0.209502
vt 0.054852 0.206217
vt 0.055612 0.210100
vt 0.403894 0.095640
vt 0.401297 0.095557
vt 0.403127 0.082270
vt 0.400519 0.082242
vt 0.374554 0.073991
vt 0.373498 0.047329
vt 0.376975 0.073928
vt 0.049176 0.234277
vt 0.401701 0.068140
vt 0.399076 0.068202
vt 0.399318 0.053860
vt 0.396853 0.054184
vt 0.371037 0.047236
vt 0.372417 0.017162
vt 0.049868 0.248501
vt 0.047674 0.243215
vt 0.051229 0.243251
vt 0.397801 0.133976
vt 0.398627 0.121142
vt 0.386209 0.158876
vt 0.392087 0.170912
vt 0.384021 0.170841
vt 0.375222 0.158372
vt 0.375516 0.170770
vt 0.373253 0.182435
vt 0.378291 0.193887
vt 0.369986 0.194393
vt 0.398923 0.108322
vt 0.398707 0.095477
vt 0.378433 0.132705
vt 0.381761 0.119756
vt 0.380941 0.132896
vt 0.379562 0.145952
vt 0.379246 0.119618
vt 0.381991 0.106636
vt 0.398973 0.146951
vt 0.394974 0.171227
vt 0.394603 0.159111
vt 0.392427 0.170928
vt 0.369645 0.194388
vt 0.375856 0.170787
vt 0.381440 0.182343
vt 0.389391 0.193801
vt 0.389863 0.182288
vt 0.386849 0.193416
vt 0.357641 0.231034
vt 0.373969 0.207174
vt 0.365014 0.209770
vt 0.383291 0.204563
vt 0.376896 0.227552
vt 0.379108 0.215864
vt 0.350635 0.255231
vt 0.398584 0.108293
vt 0.390237 0.120451
vt 0.390501 0.107482
vt 0.381466 0.092738
vt 0.379397 0.073853
vt 0.397922 0.082216
vt 0.396490 0.068256
vt 0.390136 0.094115
vt 0.397576 0.082115
vt 0.398367 0.095437
vt 0.375964 0.047391
vt 0.373450 0.019819
vt 0.394444 0.054493
vt 0.376742 0.119482
vt 0.387265 0.033306
vt 0.385390 0.034526
vt 0.383498 0.035705
vt 0.382100 0.119780
vt 0.382330 0.106661
vt 0.377723 0.158653
vt 0.381280 0.132918
vt 0.047824 0.255130
vt 0.045997 0.249400
vt 0.056098 0.234807
vt 0.379728 0.073952
vt 0.385842 0.057705
vt 0.388666 0.078031
vt 0.048713 0.192910
vt 0.045201 0.187081
vt 0.049294 0.192434
vt 0.045954 0.186766
vt 0.049879 0.191960
vt 0.389521 0.182275
vt 0.401533 0.147184
vt 0.398289 0.121117
vt 0.389417 0.133435
vt 0.396419 0.146718
vt 0.045741 0.262590
vt 0.043283 0.258268
vt 0.051082 0.256504
vt 0.052468 0.252166
vt 0.394145 0.054578
vt 0.396132 0.068031
vt 0.376274 0.047620
vt 0.383485 0.036166
vt 0.051235 0.204890
vt 0.053875 0.202258
vt 0.049609 0.217005
vt 0.052726 0.213490
vt 0.372912 0.182421
vt 0.378700 0.216028
vt 0.368139 0.223375
vt 0.049784 0.221142
vt 0.049255 0.213010
vt 0.388037 0.146331
vt 0.379901 0.145973
vt 0.376480 0.092747
vt 0.028880 0.213574
vt 0.031519 0.218128
vt 0.028018 0.217863
vt 0.381802 0.092772
vt 0.049933 0.199258
vt 0.052817 0.198535
vt 0.046064 0.196122
vt 0.048719 0.193072
vt 0.358015 0.230856
vt 0.362756 0.241007
vt 0.351137 0.254549
vt 0.374289 0.226726
vt 0.372640 0.017106
vt 0.371152 0.013841
vt 0.053745 0.247638
vt 0.373599 0.019782
vt 0.382927 0.204609
vt 0.402929 0.134371
vt 0.378062 0.158671
vt 0.386503 0.193412
vt 0.366228 0.244199
vt 0.048668 0.208883
vt 0.364664 0.209819
vt 0.364461 0.242867
vt 0.374561 0.226874
vt 0.394264 0.159093
vt 0.396081 0.146698
vt 0.397463 0.133952
vt 0.048570 0.238637
vt 0.047624 0.203528
vt 0.359078 0.118585
vt 0.355802 0.130946
vt 0.356577 0.118426
vt 0.030870 0.222486
vt 0.033964 0.227212
vt 0.030447 0.226892
vt 0.329069 0.154813
vt 0.329695 0.166982
vt 0.327243 0.166732
vt 0.030291 0.235627
vt 0.027023 0.239366
vt 0.026799 0.235258
vt 0.359459 0.106073
vt 0.356951 0.105926
vt 0.332905 0.103738
vt 0.335102 0.090156
vt 0.335381 0.103840
vt 0.331828 0.129487
vt 0.333097 0.142514
vt 0.330628 0.142320
vt 0.026769 0.230964
vt 0.026953 0.226575
vt 0.033777 0.231656
vt 0.030262 0.231307
vt 0.327455 0.178489
vt 0.325001 0.178184
vt 0.349029 0.189678
vt 0.349039 0.178366
vt 0.351539 0.178612
vt 0.353712 0.167384
vt 0.353050 0.155546
vt 0.355545 0.155750
vt 0.324543 0.190491
vt 0.322090 0.190118
vt 0.319812 0.206754
vt 0.317380 0.206317
vt 0.343245 0.212847
vt 0.343726 0.200727
vt 0.346243 0.200988
vt 0.030509 0.239761
vt 0.027448 0.243313
vt 0.312311 0.230221
vt 0.309887 0.229749
vt 0.303300 0.257804
vt 0.300999 0.257178
vt 0.340166 0.224859
vt 0.340719 0.212586
vt 0.031540 0.247757
vt 0.028782 0.251138
vt 0.028031 0.247195
vt 0.359473 0.093527
vt 0.356952 0.093392
vt 0.359088 0.080516
vt 0.356546 0.080406
vt 0.331317 0.071330
vt 0.331364 0.044341
vt 0.333745 0.071361
vt 0.034389 0.222776
vt 0.358198 0.066675
vt 0.355621 0.066629
vt 0.356538 0.052499
vt 0.354080 0.052671
vt 0.328978 0.044265
vt 0.329357 0.012520
vt 0.033934 0.208412
vt 0.036015 0.213792
vt 0.032438 0.213689
vt 0.353310 0.130773
vt 0.354079 0.118268
vt 0.342345 0.155288
vt 0.348385 0.166929
vt 0.340497 0.167075
vt 0.331536 0.155031
vt 0.332157 0.167233
vt 0.330258 0.178797
vt 0.335582 0.189997
vt 0.327351 0.190857
vt 0.354445 0.105781
vt 0.354434 0.093261
vt 0.334302 0.129657
vt 0.337555 0.116875
vt 0.336779 0.129828
vt 0.335571 0.142709
vt 0.335075 0.116733
vt 0.337864 0.103942
vt 0.354602 0.143403
vt 0.351212 0.167160
vt 0.350557 0.155341
vt 0.348717 0.166935
vt 0.327010 0.190864
vt 0.332493 0.167240
vt 0.338300 0.178449
vt 0.346522 0.189420
vt 0.346542 0.178120
vt 0.344017 0.189160
vt 0.314742 0.230693
vt 0.331750 0.203782
vt 0.322608 0.207130
vt 0.341210 0.200463
vt 0.337637 0.224597
vt 0.335064 0.224519
vt 0.338196 0.212324
vt 0.305658 0.258244
vt 0.354116 0.105750
vt 0.345883 0.117576
vt 0.346225 0.104868
vt 0.337585 0.090210
vt 0.336174 0.071384
vt 0.354009 0.080301
vt 0.353077 0.066582
vt 0.346085 0.091749
vt 0.353674 0.080192
vt 0.354103 0.093215
vt 0.333734 0.044407
vt 0.332120 0.013122
vt 0.351671 0.052837
vt 0.332603 0.116592
vt 0.346165 0.030792
vt 0.344202 0.031672
vt 0.342235 0.032549
vt 0.337889 0.116899
vt 0.338197 0.103971
vt 0.334007 0.155250
vt 0.337112 0.129848
vt 0.036159 0.201741
vt 0.037864 0.207583
vt 0.027373 0.222195
vt 0.336503 0.071496
vt 0.343075 0.055508
vt 0.345103 0.075866
vt 0.035241 0.264990
vt 0.039248 0.271334
vt 0.034711 0.265485
vt 0.038525 0.271621
vt 0.034177 0.265982
vt 0.346208 0.178118
vt 0.357100 0.143593
vt 0.353749 0.118243
vt 0.345113 0.130301
vt 0.352108 0.143214
vt 0.038484 0.194165
vt 0.040834 0.198599
vt 0.032909 0.200305
vt 0.031403 0.204662
vt 0.351366 0.052903
vt 0.352733 0.066346
vt 0.334059 0.044668
vt 0.342176 0.033055
vt 0.032568 0.252473
vt 0.029728 0.255173
vt 0.034018 0.240173
vt 0.030914 0.243741
vt 0.329920 0.178793
vt 0.337810 0.212494
vt 0.326419 0.221434
vt 0.033805 0.236005
vt 0.034413 0.244189
vt 0.343905 0.142957
vt 0.335904 0.142724
vt 0.332627 0.090099
vt 0.337918 0.090253
vt 0.034039 0.258319
vt 0.030803 0.258977
vt 0.038054 0.261735
vt 0.035240 0.264840
vt 0.315133 0.230508
vt 0.320471 0.240947
vt 0.306189 0.257627
vt 0.334746 0.224407
vt 0.333999 0.011597
vt 0.335711 0.010095
vt 0.029999 0.209200
vt 0.332283 0.013090
vt 0.340855 0.200527
vt 0.358301 0.131119
vt 0.334342 0.155260
vt 0.343678 0.189170
vt 0.030296 0.259694
vt 0.030784 0.259079
vt 0.035064 0.248352
vt 0.322253 0.207193
vt 0.029818 0.260311
vt 0.350227 0.155330
vt 0.351779 0.143199
vt 0.352981 0.130753
vt 0.035041 0.218390
vt 0.036281 0.253886
vt 0.015110 0.188075
vt 0.015103 0.188116
vt 0.015078 0.188058
vt 0.015134 0.188141
vt 0.015116 0.188160
vt 0.015080 0.188107
vt 0.015057 0.188057
vt 0.015098 0.188144
vt 0.015139 0.188261
vt 0.015160 0.188250
vt 0.015167 0.188296
vt 0.015112 0.188216
vt 0.015127 0.188207
vt 0.015148 0.188197
vt 0.015101 0.188169
vt 0.015050 0.188110
vt 0.015078 0.188131
vt 0.015083 0.188169
vt 0.307201 0.007151
vt 0.307216 0.007250
vt 0.009048 0.268621
vt 0.009066 0.268598
vt 0.009086 0.268595
vt 0.009119 0.268578
vt 0.009107 0.268555
vt 0.009149 0.268522
vt 0.009087 0.268569
vt 0.009048 0.268593
vt 0.009068 0.268578
vt 0.009044 0.268612
vt 0.009074 0.268544
vt 0.009094 0.268544
vt 0.009171 0.268463
vt 0.009150 0.268448
vt 0.009185 0.268413
vt 0.009129 0.268507
vt 0.009113 0.268495
vt 0.264082 0.255356
vt 0.264163 0.255275
vt 0.263938 0.255564
vt 0.264023 0.255400
vt 0.264152 0.255194
vt 0.264254 0.255061
vt 0.264095 0.255260
vt 0.264014 0.255323
vt 0.263907 0.255524
vt 0.264023 0.255201
vt 0.264112 0.255170
vt 0.264340 0.254852
vt 0.264286 0.254815
vt 0.264218 0.255020
vt 0.264158 0.255000
vt 0.302521 0.009054
vt 0.302560 0.008903
vt 0.008015 0.270020
vt 0.008001 0.270044
vt 0.008003 0.269986
vt 0.008007 0.269930
vt 0.007994 0.269965
vt 0.007994 0.270014
vt 0.287083 0.014106
vt 0.287147 0.014075
vt 0.287177 0.014282
vt 0.286978 0.013894
vt 0.287041 0.013880
vt 0.007998 0.270112
vt 0.008015 0.270104
vt 0.008016 0.270188
vt 0.286951 0.013716
vt 0.286992 0.013694
vt 0.286868 0.013574
vt 0.286872 0.013682
vt 0.286793 0.013413
vt 0.286871 0.013508
vt 0.286936 0.013630
vt 0.178709 0.133590
vt 0.178656 0.133561
vt 0.178690 0.133639
vt 0.178638 0.133591
vt 0.178565 0.133577
vt 0.178628 0.133622
vt 0.178577 0.133595
vt 0.178620 0.133689
vt 0.178680 0.133691
vt 0.178680 0.133742
vt 0.178570 0.133619
vt 0.178621 0.133653
vt 0.178590 0.133611
vt 0.178529 0.133595
vt 0.178490 0.133578
vt 0.178487 0.133589
vt 0.178551 0.133629
vt 0.058466 0.111903
vt 0.058322 0.111766
vt 0.058416 0.111944
vt 0.058248 0.111808
vt 0.058275 0.111786
vt 0.058115 0.111679
vt 0.058405 0.112107
vt 0.058213 0.111814
vt 0.058394 0.112006
vt 0.058194 0.111820
vt 0.057983 0.111600
vt 0.058083 0.111665
vt 0.057878 0.111477
vt 0.057824 0.111468
vt 0.259477 0.065244
vt 0.259335 0.065446
vt 0.259429 0.065244
vt 0.259605 0.065052
vt 0.259582 0.065087
vt 0.259449 0.065511
vt 0.259559 0.065262
vt 0.259402 0.065463
vt 0.259539 0.065255
vt 0.259661 0.064975
vt 0.212030 0.233854
vt 0.212004 0.234074
vt 0.212042 0.234099
vt 0.212059 0.234304
vt 0.212054 0.234384
vt 0.212242 0.233792
vt 0.212103 0.234123
vt 0.212160 0.233858
vt 0.212124 0.234127
vt 0.212055 0.234324
vt 0.212076 0.234104
vt 0.232719 0.035177
vt 0.232919 0.035083
vt 0.232702 0.035110
vt 0.232919 0.035035
vt 0.233069 0.034934
vt 0.233151 0.034888
vt 0.232552 0.035025
vt 0.232913 0.034974
vt 0.232654 0.035061
vt 0.232910 0.034956
vt 0.233188 0.034854
vt 0.233101 0.034914
vt 0.157587 0.138507
vt 0.157553 0.138557
vt 0.157510 0.138530
vt 0.157673 0.138482
vt 0.157616 0.138527
vt 0.157638 0.138550
vt 0.157591 0.138592
vt 0.157709 0.138522
vt 0.157713 0.138482
vt 0.157747 0.138459
vt 0.157740 0.138450
vt 0.157622 0.138634
vt 0.157675 0.138605
vt 0.157658 0.138574
vt 0.157687 0.138521
vt 0.173844 0.243310
vt 0.173717 0.243114
vt 0.173904 0.243547
vt 0.173821 0.243348
vt 0.173597 0.243179
vt 0.173758 0.243412
vt 0.173666 0.243163
vt 0.173775 0.243398
vt 0.173952 0.243655
vt 0.163722 0.118294
vt 0.163694 0.118241
vt 0.163705 0.118385
vt 0.163691 0.118311
vt 0.163645 0.118259
vt 0.163670 0.118359
vt 0.163661 0.118320
vt 0.163652 0.118398
vt 0.163686 0.118421
vt 0.163691 0.118464
vt 0.163702 0.118461
vt 0.163594 0.118266
vt 0.163594 0.118327
vt 0.163629 0.118327
vt 0.073934 0.072656
vt 0.074063 0.072695
vt 0.073940 0.072688
vt 0.073735 0.072632
vt 0.073813 0.072620
vt 0.073935 0.072626
vt 0.074047 0.072627
vt 0.074076 0.072558
vt 0.073914 0.072563
vt 0.073923 0.072594
vt 0.073794 0.072619
vt 0.073706 0.072606
vt 0.202496 0.277413
vt 0.202328 0.277391
vt 0.202538 0.277504
vt 0.202373 0.277520
vt 0.202231 0.277427
vt 0.202381 0.277622
vt 0.202270 0.277569
vt 0.193827 0.279756
vt 0.193808 0.279787
vt 0.193803 0.279727
vt 0.193838 0.279731
vt 0.193841 0.279775
vt 0.193810 0.279804
vt 0.193846 0.279750
vt 0.202161 0.277580
vt 0.202006 0.277569
vt 0.202133 0.277455
vt 0.202034 0.277641
vt 0.202285 0.277630
vt 0.202200 0.277665
vt 0.273577 0.021385
vt 0.273661 0.021539
vt 0.273630 0.021301
vt 0.273740 0.021418
vt 0.273755 0.021600
vt 0.273813 0.021345
vt 0.273855 0.021464
vt 0.082718 0.336464
vt 0.082696 0.336434
vt 0.082752 0.336469
vt 0.082738 0.336480
vt 0.273733 0.021199
vt 0.273932 0.021298
vt 0.273891 0.021400
vt 0.273839 0.021669
vt 0.274021 0.021726
vt 0.273950 0.021553
vt 0.274117 0.021656
vt 0.274010 0.021433
vt 0.166680 0.130407
vt 0.166704 0.130329
vt 0.166622 0.130425
vt 0.166653 0.130357
vt 0.166665 0.130284
vt 0.166603 0.130342
vt 0.166627 0.130319
vt 0.166507 0.130375
vt 0.166562 0.130435
vt 0.166522 0.130318
vt 0.166564 0.130378
vt 0.166610 0.130374
vt 0.166621 0.130245
vt 0.166543 0.130263
vt 0.166591 0.130292
vt 0.166571 0.130332
vt 0.257271 0.069334
vt 0.257332 0.069406
vt 0.257257 0.069427
vt 0.257401 0.069343
vt 0.257360 0.069332
vt 0.257305 0.069475
vt 0.257236 0.069521
vt 0.257339 0.069455
vt 0.257386 0.069436
vt 0.257435 0.069370
vt 0.257405 0.069513
vt 0.257337 0.069495
vt 0.257367 0.069406
vt 0.257209 0.069617
vt 0.257253 0.069645
vt 0.258729 0.069562
vt 0.257283 0.069547
vt 0.257327 0.069577
vt 0.181234 0.134279
vt 0.181173 0.134295
vt 0.181268 0.134310
vt 0.181212 0.134319
vt 0.181158 0.134338
vt 0.181239 0.134339
vt 0.181198 0.134349
vt 0.181281 0.134405
vt 0.181298 0.134345
vt 0.179113 0.133738
vt 0.181237 0.134420
vt 0.181258 0.134366
vt 0.181221 0.134356
vt 0.181148 0.134383
vt 0.181192 0.134428
vt 0.181193 0.134383
vt 0.181227 0.134379
vt 0.212404 0.229337
vt 0.212389 0.229414
vt 0.212352 0.229281
vt 0.212417 0.229263
vt 0.212434 0.229356
vt 0.212430 0.229426
vt 0.212436 0.229299
vt 0.212462 0.229093
vt 0.212409 0.229093
vt 0.213646 0.229963
vt 0.212489 0.229189
vt 0.212436 0.229191
vt 0.212383 0.229189
vt 0.212466 0.229340
vt 0.212522 0.229283
vt 0.212473 0.229421
vt 0.212455 0.229264
vt 0.155688 0.140268
vt 0.155627 0.140281
vt 0.155720 0.140299
vt 0.155664 0.140306
vt 0.155610 0.140323
vt 0.155690 0.140327
vt 0.155649 0.140336
vt 0.155730 0.140394
vt 0.155749 0.140334
vt 0.155686 0.140407
vt 0.155709 0.140355
vt 0.155672 0.140343
vt 0.155599 0.140367
vt 0.155641 0.140413
vt 0.157417 0.138951
vt 0.155644 0.140369
vt 0.155677 0.140366
vt 0.062283 0.114912
vt 0.062229 0.114859
vt 0.062357 0.114900
vt 0.062336 0.114963
vt 0.062252 0.114926
vt 0.062197 0.114885
vt 0.062297 0.114959
vt 0.062451 0.115091
vt 0.062479 0.115049
vt 0.060770 0.115818
vt 0.062357 0.115061
vt 0.062384 0.115017
vt 0.062415 0.114974
vt 0.062248 0.114961
vt 0.062263 0.115037
vt 0.062178 0.114923
vt 0.062315 0.114993
vt 0.171335 0.239031
vt 0.171244 0.239018
vt 0.171264 0.238944
vt 0.171291 0.239094
vt 0.171219 0.239062
vt 0.171195 0.238960
vt 0.171196 0.238873
vt 0.171189 0.239006
vt 0.171168 0.239061
vt 0.171211 0.239142
vt 0.171093 0.239036
vt 0.171146 0.238986
vt 0.171130 0.238808
vt 0.171062 0.238842
vt 0.170446 0.239927
vt 0.171136 0.238905
vt 0.171074 0.238936
vt 0.227963 0.037632
vt 0.228042 0.037592
vt 0.227940 0.037706
vt 0.227890 0.037656
vt 0.227964 0.037582
vt 0.228027 0.037548
vt 0.227909 0.037613
vt 0.227713 0.037687
vt 0.227753 0.037752
vt 0.227981 0.036783
vt 0.227773 0.037613
vt 0.227810 0.037672
vt 0.227845 0.037732
vt 0.227862 0.037608
vt 0.227920 0.037555
vt 0.227843 0.037537
vt 0.163081 0.115783
vt 0.163098 0.115723
vt 0.163038 0.115797
vt 0.163059 0.115744
vt 0.163069 0.115689
vt 0.163028 0.115757
vt 0.163040 0.115717
vt 0.162950 0.115759
vt 0.162993 0.115804
vt 0.162961 0.115715
vt 0.162995 0.115760
vt 0.163022 0.115734
vt 0.163035 0.115659
vt 0.162977 0.115674
vt 0.163269 0.116962
vt 0.163014 0.115697
vt 0.163000 0.115727
vt 0.080655 0.071971
vt 0.080704 0.071877
vt 0.080729 0.071953
vt 0.080641 0.071854
vt 0.080636 0.071903
vt 0.080784 0.071926
vt 0.080702 0.071833
vt 0.080744 0.071855
vt 0.080716 0.071800
vt 0.080655 0.071807
vt 0.080763 0.071759
vt 0.080752 0.071811
vt 0.080731 0.071831
vt 0.080830 0.071893
vt 0.080840 0.071809
vt 0.079331 0.072103
vt 0.080784 0.071838
vt 0.080805 0.071781
vt 0.044439 0.187444
vt 0.044427 0.187470
vt 0.044425 0.187426
vt 0.044449 0.187496
vt 0.044429 0.187513
vt 0.044412 0.187456
vt 0.044415 0.187493
vt 0.044449 0.187620
vt 0.044471 0.187609
vt 0.044478 0.187656
vt 0.044421 0.187572
vt 0.044438 0.187562
vt 0.044461 0.187553
vt 0.044412 0.187520
vt 0.345273 0.256115
vt 0.345293 0.256014
vt 0.044403 0.187430
vt 0.044401 0.187475
vt 0.044391 0.187516
vt 0.040132 0.268910
vt 0.040131 0.268879
vt 0.040164 0.268858
vt 0.040098 0.268922
vt 0.040111 0.268888
vt 0.040147 0.268834
vt 0.040186 0.268794
vt 0.040127 0.268851
vt 0.370928 0.013962
vt 0.370866 0.013993
vt 0.370979 0.013886
vt 0.040111 0.268825
vt 0.040131 0.268823
vt 0.040107 0.268866
vt 0.040092 0.268911
vt 0.040204 0.268734
vt 0.040182 0.268721
vt 0.040215 0.268684
vt 0.040164 0.268782
vt 0.040148 0.268770
vt 0.350789 0.255313
vt 0.350815 0.255176
vt 0.350893 0.255105
vt 0.350669 0.255330
vt 0.350759 0.255211
vt 0.350886 0.255031
vt 0.350986 0.254911
vt 0.350831 0.255089
vt 0.350756 0.255142
vt 0.350651 0.255300
vt 0.350768 0.255032
vt 0.350851 0.255008
vt 0.351074 0.254720
vt 0.351025 0.254684
vt 0.350953 0.254872
vt 0.350899 0.254852
vt 0.373601 0.019906
vt 0.373541 0.019755
vt 0.373657 0.019981
vt 0.373641 0.020045
vt 0.373557 0.019864
vt 0.373602 0.019985
vt 0.373712 0.020366
vt 0.373760 0.020341
vt 0.373790 0.020500
vt 0.373627 0.020203
vt 0.373677 0.020192
vt 0.373710 0.020163
vt 0.373608 0.020059
vt 0.373542 0.019926
vt 0.373538 0.020025
vt 0.373513 0.019751
vt 0.039955 0.270994
vt 0.039969 0.270972
vt 0.039964 0.271010
vt 0.039949 0.270946
vt 0.039968 0.270931
vt 0.039983 0.270986
vt 0.039972 0.271017
vt 0.039980 0.270951
vt 0.039950 0.270824
vt 0.039928 0.270836
vt 0.039922 0.270789
vt 0.039980 0.270872
vt 0.039961 0.270882
vt 0.039939 0.270891
vt 0.039984 0.270926
vt 0.300953 0.257124
vt 0.300975 0.257029
vt 0.300986 0.257262
vt 0.300937 0.257183
vt 0.300925 0.257007
vt 0.300966 0.256858
vt 0.300914 0.257080
vt 0.030768 0.259057
vt 0.030791 0.259054
vt 0.030750 0.259030
vt 0.030777 0.259033
vt 0.030794 0.259029
vt 0.030773 0.259005
vt 0.030782 0.259014
vt 0.030746 0.258971
vt 0.030735 0.259001
vt 0.030723 0.258973
vt 0.030764 0.258972
vt 0.030755 0.258993
vt 0.030765 0.259014
vt 0.030770 0.258990
vt 0.030782 0.258996
vt 0.030782 0.258975
vt 0.030797 0.259004
vt 0.044356 0.187652
vt 0.044367 0.187678
vt 0.044343 0.187704
vt 0.044377 0.187630
vt 0.044383 0.187664
vt 0.044361 0.187722
vt 0.044327 0.187762
vt 0.044375 0.187702
vt 0.326867 0.012473
vt 0.326811 0.012519
vt 0.326874 0.012417
vt 0.326810 0.012617
vt 0.326758 0.012631
vt 0.326810 0.012457
vt 0.326876 0.012387
vt 0.326764 0.012556
vt 0.044310 0.187822
vt 0.044333 0.187836
vt 0.044297 0.187875
vt 0.044349 0.187773
vt 0.044366 0.187783
vt 0.044377 0.187729
vt 0.038494 0.271616
vt 0.038476 0.271592
vt 0.038538 0.271645
vt 0.038504 0.271633
vt 0.038453 0.271592
vt 0.038421 0.271554
vt 0.038469 0.271611
vt 0.305761 0.258202
vt 0.305652 0.258301
vt 0.305786 0.258102
vt 0.305869 0.258092
vt 0.305750 0.258265
vt 0.305835 0.258169
vt 0.038363 0.271513
vt 0.038346 0.271528
vt 0.038310 0.271481
vt 0.038405 0.271563
vt 0.038394 0.271579
vt 0.038443 0.271603
vt 0.332276 0.013224
vt 0.332218 0.013038
vt 0.332333 0.013311
vt 0.332311 0.013381
vt 0.332231 0.013174
vt 0.332272 0.013311
vt 0.332368 0.013755
vt 0.332424 0.013730
vt 0.332446 0.013915
vt 0.332284 0.013559
vt 0.332340 0.013552
vt 0.332380 0.013522
vt 0.332272 0.013395
vt 0.332212 0.013241
vt 0.332199 0.013352
vt 0.332179 0.013020
vt 0.742296 0.993162
vt 0.742158 0.993087
vt 0.742308 0.993066
vt 0.742097 0.992936
vt 0.742188 0.992962
vt 0.742112 0.993172
vt 0.742052 0.993074
vt 0.741879 0.993606
vt 0.741997 0.993247
vt 0.742237 0.993302
vt 0.741768 0.993152
vt 0.741946 0.993119
vt 0.742032 0.993136
vt 0.741959 0.993022
vt 0.742009 0.992900
vt 0.741803 0.993003
vt 0.741850 0.992917
vt 0.030225 0.259599
vt 0.030243 0.259619
vt 0.030229 0.259688
vt 0.030262 0.259645
vt 0.030281 0.259671
vt 0.026894 0.226512
vt 0.026650 0.230804
vt 0.313863 0.134564
vt 0.312349 0.146997
vt 0.313807 0.134557
vt 0.312294 0.146988
vt 0.313751 0.134552
vt 0.026952 0.222315
vt 0.312404 0.147007
vt 0.310524 0.159107
vt 0.310469 0.159096
vt 0.019713 0.230084
vt 0.019250 0.234467
vt 0.019693 0.230082
vt 0.019230 0.234465
vt 0.019672 0.230080
vt 0.019186 0.234459
vt 0.019649 0.230078
vt 0.018591 0.238797
vt 0.018571 0.238795
vt 0.019209 0.234462
vt 0.018528 0.238788
vt 0.025545 0.239322
vt 0.314881 0.122056
vt 0.315414 0.109580
vt 0.315470 0.109577
vt 0.314825 0.122054
vt 0.315358 0.109580
vt 0.026194 0.235088
vt 0.314769 0.122051
vt 0.019977 0.225694
vt 0.020052 0.221401
vt 0.019956 0.225692
vt 0.020031 0.221399
vt 0.019935 0.225690
vt 0.020011 0.221398
vt 0.019987 0.221399
vt 0.019912 0.225690
vt 0.019956 0.217286
vt 0.019687 0.213304
vt 0.019936 0.217283
vt 0.019666 0.213302
vt 0.019915 0.217283
vt 0.019645 0.213302
vt 0.019622 0.213306
vt 0.019892 0.217285
vt 0.026843 0.218295
vt 0.310578 0.159122
vt 0.308405 0.170666
vt 0.308351 0.170653
vt 0.026567 0.214410
vt 0.308459 0.170686
vt 0.305982 0.181797
vt 0.305929 0.181781
vt 0.026116 0.210582
vt 0.306035 0.181821
vt 0.303203 0.192729
vt 0.303150 0.192708
vt 0.025479 0.206708
vt 0.303252 0.192758
vt 0.299982 0.203719
vt 0.299933 0.203687
vt 0.019192 0.209179
vt 0.018252 0.203804
vt 0.019171 0.209176
vt 0.018230 0.203797
vt 0.019151 0.209176
vt 0.018210 0.203795
vt 0.018187 0.203799
vt 0.019128 0.209181
vt 0.023707 0.198723
vt 0.019371 0.193325
vt 0.023721 0.198708
vt 0.019363 0.193278
vt 0.023733 0.198691
vt 0.279554 0.243042
vt 0.291986 0.226400
vt 0.019363 0.193242
vt 0.019374 0.193220
vt 0.024646 0.202701
vt 0.300026 0.203765
vt 0.296239 0.214982
vt 0.296197 0.214926
vt 0.296269 0.215063
vt 0.292049 0.226396
vt 0.016725 0.196445
vt 0.016702 0.196427
vt 0.016681 0.196418
vt 0.016658 0.196420
vt 0.017658 0.243343
vt 0.017637 0.243342
vt 0.018550 0.238792
vt 0.017594 0.243334
vt 0.015860 0.249483
vt 0.015837 0.249487
vt 0.017617 0.243339
vt 0.288929 0.093217
vt 0.023654 0.247815
vt 0.315660 0.097086
vt 0.315413 0.084195
vt 0.315468 0.084167
vt 0.315604 0.097095
vt 0.315357 0.084211
vt 0.024712 0.243521
vt 0.315548 0.097098
vt 0.014976 0.262746
vt 0.014963 0.262793
vt 0.307317 0.007396
vt 0.310617 0.031959
vt 0.020908 0.256866
vt 0.020921 0.256880
vt 0.310700 0.032035
vt 0.314017 0.056500
vt 0.012802 0.258289
vt 0.012776 0.258305
vt 0.015816 0.249486
vt 0.285244 0.046469
vt 0.287827 0.074332
vt 0.012752 0.258312
vt 0.281772 0.013598
vt 0.314910 0.070405
vt 0.314075 0.056510
vt 0.314131 0.056530
vt 0.314859 0.070470
vt 0.022343 0.252321
vt 0.314803 0.070512
vt 0.308634 0.134093
vt 0.307174 0.146486
vt 0.308548 0.134086
vt 0.307088 0.146480
vt 0.308462 0.134079
vt 0.307002 0.146475
vt 0.305352 0.158555
vt 0.305266 0.158550
vt 0.305179 0.158546
vt 0.293385 0.119958
vt 0.292337 0.132826
vt 0.293471 0.119966
vt 0.292423 0.132833
vt 0.293558 0.119975
vt 0.292509 0.132840
vt 0.293980 0.107107
vt 0.294066 0.107116
vt 0.294152 0.107127
vt 0.309646 0.121634
vt 0.310228 0.109200
vt 0.309560 0.121626
vt 0.310142 0.109191
vt 0.309474 0.121618
vt 0.310057 0.109180
vt 0.288982 0.158091
vt 0.290841 0.145625
vt 0.289068 0.158097
vt 0.290927 0.145631
vt 0.289155 0.158100
vt 0.291014 0.145636
vt 0.284390 0.181491
vt 0.286842 0.170006
vt 0.284477 0.181494
vt 0.286929 0.170010
vt 0.284565 0.181494
vt 0.287016 0.170012
vt 0.303242 0.170071
vt 0.303155 0.170067
vt 0.303068 0.170065
vt 0.300823 0.181155
vt 0.300736 0.181152
vt 0.300649 0.181151
vt 0.298041 0.192027
vt 0.297954 0.192026
vt 0.297865 0.192030
vt 0.294814 0.202946
vt 0.294723 0.202956
vt 0.294629 0.202977
vt 0.276861 0.208761
vt 0.281378 0.193342
vt 0.276950 0.208749
vt 0.281465 0.193343
vt 0.277042 0.208726
vt 0.281553 0.193339
vt 0.275806 0.240397
vt 0.287045 0.225185
vt 0.275810 0.240275
vt 0.286970 0.225153
vt 0.275843 0.240113
vt 0.286900 0.225114
vt 0.291074 0.214108
vt 0.290973 0.214144
vt 0.290866 0.214205
vt 0.270530 0.230218
vt 0.270625 0.230177
vt 0.270726 0.230111
vt 0.294020 0.093424
vt 0.294106 0.093436
vt 0.294192 0.093451
vt 0.292930 0.074439
vt 0.293017 0.074465
vt 0.293104 0.074502
vt 0.310407 0.096750
vt 0.310186 0.083878
vt 0.310321 0.096737
vt 0.310100 0.083852
vt 0.310235 0.096722
vt 0.310013 0.083816
vt 0.302537 0.009155
vt 0.010285 0.278143
vt 0.010269 0.278184
vt 0.297865 0.034862
vt 0.012612 0.286374
vt 0.010307 0.278125
vt 0.012584 0.286374
vt 0.012553 0.286375
vt 0.010258 0.278243
vt 0.308708 0.055958
vt 0.290340 0.046523
vt 0.290430 0.046581
vt 0.290522 0.046667
vt 0.309606 0.070189
vt 0.308877 0.055929
vt 0.309517 0.070133
vt 0.308792 0.055939
vt 0.309428 0.070053
vt 0.284295 0.013406
vt 0.286781 0.013438
vt 0.281832 0.013383
vt 0.008555 0.269228
vt 0.304845 0.007975
vt 0.013688 0.188034
vt 0.015049 0.188077
vt 0.015743 0.186649
vt 0.012326 0.187959
vt 0.013693 0.188002
vt 0.016433 0.185193
vt 0.015783 0.186654
vt 0.210263 0.087025
vt 0.210220 0.086967
vt 0.210162 0.086924
vt 0.110424 0.111187
vt 0.110482 0.111061
vt 0.029205 0.077888
vt 0.110443 0.111120
vt 0.029310 0.077711
vt 0.071620 0.205223
vt 0.137820 0.021199
vt 0.029236 0.077492
vt 0.029128 0.077441
vt 0.137902 0.021458
vt 0.029313 0.077545
vt 0.077158 0.270830
vt 0.137858 0.021329
vt 0.180928 0.189870
vt 0.181000 0.189862
vt 0.181066 0.189835
vt 0.138280 0.308128
vt 0.082778 0.336474
vt 0.272382 0.159863
vt 0.138294 0.308139
vt 0.272524 0.159901
vt 0.132737 0.242463
vt 0.193803 0.279701
vt 0.132758 0.242432
vt 0.193802 0.279684
vt 0.086262 0.203283
vt 0.071672 0.205199
vt 0.071696 0.205187
vt 0.132749 0.242444
vt 0.071714 0.205181
vt 0.213742 0.100135
vt 0.213720 0.100086
vt 0.259628 0.065008
vt 0.213704 0.100033
vt 0.259704 0.064856
vt 0.212038 0.234546
vt 0.190905 0.180460
vt 0.190945 0.180424
vt 0.190989 0.180393
vt 0.259734 0.064842
vt 0.260035 0.156474
vt 0.259946 0.156449
vt 0.259859 0.156425
vt 0.212056 0.234572
vt 0.212063 0.234429
vt 0.112388 0.124195
vt 0.112388 0.124143
vt 0.112381 0.124090
vt 0.058065 0.111638
vt 0.057973 0.111563
vt 0.167998 0.185995
vt 0.168052 0.186002
vt 0.173942 0.243611
vt 0.168105 0.186016
vt 0.174032 0.243757
vt 0.174026 0.243789
vt 0.095662 0.195472
vt 0.095734 0.195411
vt 0.095803 0.195352
vt 0.233299 0.034818
vt 0.197287 0.083335
vt 0.197233 0.083319
vt 0.197183 0.083298
vt 0.120974 0.103568
vt 0.121006 0.103530
vt 0.121024 0.103485
vt 0.073596 0.072631
vt 0.073582 0.072606
vt 0.141327 0.033145
vt 0.141331 0.033233
vt 0.141326 0.033320
vt 0.233315 0.034788
vt 0.215294 0.102028
vt 0.215277 0.101976
vt 0.215255 0.101928
vt 0.216503 0.105251
vt 0.193243 0.179640
vt 0.193286 0.179611
vt 0.193328 0.179576
vt 0.196132 0.177484
vt 0.257041 0.155632
vt 0.256955 0.155608
vt 0.256868 0.155583
vt 0.252999 0.154501
vt 0.112420 0.130245
vt 0.111779 0.126637
vt 0.111772 0.126585
vt 0.111772 0.126534
vt 0.165574 0.186329
vt 0.165627 0.186342
vt 0.165679 0.186348
vt 0.162153 0.185447
vt 0.098146 0.193301
vt 0.098213 0.193241
vt 0.098281 0.193181
vt 0.101229 0.190183
vt 0.195236 0.081688
vt 0.195188 0.081666
vt 0.195135 0.081650
vt 0.192593 0.079756
vt 0.121021 0.100647
vt 0.121064 0.100562
vt 0.122011 0.095843
vt 0.121037 0.100602
vt 0.140931 0.037000
vt 0.140923 0.037088
vt 0.140922 0.037173
vt 0.144229 0.042783
vt 0.179974 0.133953
vt 0.179961 0.134000
vt 0.179947 0.134046
vt 0.212312 0.231407
vt 0.212204 0.231399
vt 0.212094 0.233874
vt 0.212257 0.231403
vt 0.060559 0.113508
vt 0.060527 0.113549
vt 0.060495 0.113590
vt 0.172415 0.240917
vt 0.171255 0.239124
vt 0.172315 0.240976
vt 0.172365 0.240946
vt 0.163283 0.117005
vt 0.163329 0.116993
vt 0.163375 0.116982
vt 0.163422 0.116970
vt 0.230151 0.036400
vt 0.227999 0.037509
vt 0.230204 0.036502
vt 0.230177 0.036450
vt 0.258221 0.067584
vt 0.258318 0.067634
vt 0.258269 0.067609
vt 0.156657 0.139507
vt 0.156625 0.139472
vt 0.156593 0.139437
vt 0.077726 0.072295
vt 0.077699 0.072349
vt 0.077723 0.072245
vt 0.056739 0.226178
vt 0.056544 0.230505
vt 0.056758 0.226180
vt 0.056563 0.230506
vt 0.056778 0.226181
vt 0.056582 0.230508
vt 0.401600 0.147191
vt 0.402996 0.134377
vt 0.056735 0.221940
vt 0.056754 0.221942
vt 0.056773 0.221942
vt 0.399779 0.159650
vt 0.049560 0.229869
vt 0.049152 0.234275
vt 0.049539 0.229867
vt 0.049132 0.234273
vt 0.049519 0.229866
vt 0.375862 0.132510
vt 0.048546 0.238636
vt 0.048525 0.238634
vt 0.049111 0.234271
vt 0.376673 0.119478
vt 0.055530 0.239063
vt 0.056121 0.234809
vt 0.055550 0.239064
vt 0.056140 0.234811
vt 0.055569 0.239067
vt 0.056182 0.234816
vt 0.055591 0.239071
vt 0.056160 0.234813
vt 0.056605 0.230510
vt 0.049758 0.225457
vt 0.049760 0.221140
vt 0.049738 0.225455
vt 0.049739 0.221138
vt 0.049717 0.225454
vt 0.049718 0.221137
vt 0.374491 0.145469
vt 0.372662 0.158083
vt 0.049585 0.217002
vt 0.049231 0.213006
vt 0.049564 0.217000
vt 0.049210 0.213004
vt 0.049544 0.217000
vt 0.049190 0.213005
vt 0.370468 0.170111
vt 0.367887 0.181660
vt 0.056551 0.217880
vt 0.056571 0.217881
vt 0.056590 0.217881
vt 0.397596 0.171537
vt 0.056188 0.213959
vt 0.056207 0.213960
vt 0.056227 0.213959
vt 0.395027 0.182977
vt 0.055636 0.210104
vt 0.055656 0.210106
vt 0.055675 0.210104
vt 0.392011 0.194198
vt 0.054877 0.206226
vt 0.054898 0.206233
vt 0.054918 0.206234
vt 0.388450 0.205463
vt 0.048644 0.208879
vt 0.047600 0.203518
vt 0.048623 0.208877
vt 0.047578 0.203511
vt 0.048602 0.208877
vt 0.047557 0.203509
vt 0.364675 0.193528
vt 0.359803 0.208911
vt 0.052835 0.198522
vt 0.048707 0.193018
vt 0.052849 0.198508
vt 0.048700 0.192970
vt 0.052864 0.198493
vt 0.366302 0.244218
vt 0.379345 0.228264
vt 0.048701 0.192933
vt 0.053903 0.202280
vt 0.053927 0.202297
vt 0.053948 0.202305
vt 0.384247 0.216938
vt 0.046037 0.196099
vt 0.046014 0.196081
vt 0.045992 0.196071
vt 0.352764 0.230238
vt 0.047650 0.243214
vt 0.047629 0.243213
vt 0.048505 0.238631
vt 0.376903 0.106488
vt 0.045971 0.249407
vt 0.045949 0.249411
vt 0.047609 0.243210
vt 0.376412 0.092750
vt 0.053770 0.247632
vt 0.054773 0.243297
vt 0.053791 0.247628
vt 0.054793 0.243298
vt 0.053811 0.247628
vt 0.403195 0.082264
vt 0.054812 0.243300
vt 0.054834 0.243305
vt 0.045726 0.262643
vt 0.045716 0.262691
vt 0.045714 0.262728
vt 0.371296 0.013896
vt 0.051100 0.256517
vt 0.051114 0.256531
vt 0.051129 0.256544
vt 0.387340 0.033291
vt 0.043253 0.258290
vt 0.043228 0.258307
vt 0.045928 0.249412
vt 0.370971 0.047250
vt 0.374487 0.074000
vt 0.043204 0.258315
vt 0.370853 0.014099
vt 0.052496 0.252147
vt 0.052520 0.252132
vt 0.399386 0.053852
vt 0.052542 0.252125
vt 0.401768 0.068123
vt 0.397721 0.133970
vt 0.396339 0.146712
vt 0.397633 0.133964
vt 0.396251 0.146706
vt 0.397544 0.133958
vt 0.396162 0.146701
vt 0.394523 0.159104
vt 0.394435 0.159099
vt 0.394346 0.159096
vt 0.381842 0.119761
vt 0.381022 0.132902
vt 0.381929 0.119767
vt 0.381109 0.132908
vt 0.382018 0.119774
vt 0.381198 0.132913
vt 0.382071 0.106640
vt 0.382159 0.106646
vt 0.382248 0.106653
vt 0.398547 0.121137
vt 0.398842 0.108317
vt 0.398458 0.121130
vt 0.398754 0.108310
vt 0.398370 0.121123
vt 0.398665 0.108302
vt 0.377803 0.158660
vt 0.379642 0.145959
vt 0.377891 0.158665
vt 0.379730 0.145964
vt 0.377980 0.158669
vt 0.379819 0.145969
vt 0.372993 0.182430
vt 0.375597 0.170778
vt 0.373081 0.182435
vt 0.375685 0.170783
vt 0.373170 0.182436
vt 0.375774 0.170786
vt 0.392347 0.170921
vt 0.392259 0.170916
vt 0.392169 0.170913
vt 0.389783 0.182281
vt 0.389694 0.182276
vt 0.389604 0.182275
vt 0.386768 0.193408
vt 0.386678 0.193406
vt 0.386586 0.193408
vt 0.383209 0.204558
vt 0.383115 0.204566
vt 0.383018 0.204585
vt 0.364743 0.209824
vt 0.369724 0.194398
vt 0.364833 0.209815
vt 0.369813 0.194400
vt 0.364926 0.209796
vt 0.369902 0.194398
vt 0.362652 0.241456
vt 0.374489 0.226849
vt 0.362660 0.241339
vt 0.374416 0.226814
vt 0.362700 0.241183
vt 0.374347 0.226772
vt 0.362683 0.241524
vt 0.379023 0.215866
vt 0.378920 0.215900
vt 0.378808 0.215957
vt 0.357720 0.231028
vt 0.357815 0.230991
vt 0.357917 0.230929
vt 0.381546 0.092740
vt 0.381633 0.092748
vt 0.381721 0.092760
vt 0.379474 0.073860
vt 0.379560 0.073882
vt 0.379647 0.073914
vt 0.398627 0.095472
vt 0.397841 0.082208
vt 0.398538 0.095462
vt 0.397750 0.082185
vt 0.398448 0.095450
vt 0.397660 0.082153
vt 0.383460 0.035761
vt 0.383450 0.035865
vt 0.383461 0.036006
vt 0.394369 0.054506
vt 0.394290 0.054525
vt 0.394214 0.054550
vt 0.376035 0.047409
vt 0.376115 0.047459
vt 0.376197 0.047534
vt 0.396408 0.068239
vt 0.396315 0.068190
vt 0.396220 0.068117
vt 0.372484 0.017127
vt 0.373487 0.019765
vt 0.371023 0.013878
vt 0.372561 0.017116
vt 0.345322 0.256231
vt 0.348037 0.256107
vt 0.345332 0.256263
vt 0.045187 0.187066
vt 0.348029 0.256075
vt 0.045945 0.186749
vt 0.026745 0.230961
vt 0.026930 0.226573
vt 0.026726 0.230960
vt 0.026910 0.226571
vt 0.026706 0.230959
vt 0.026891 0.226570
vt 0.357165 0.143599
vt 0.358367 0.131124
vt 0.026775 0.235255
vt 0.026756 0.235254
vt 0.026736 0.235254
vt 0.355611 0.155757
vt 0.033988 0.227214
vt 0.332414 0.116586
vt 0.331700 0.129477
vt 0.331639 0.129471
vt 0.332475 0.116587
vt 0.331760 0.129482
vt 0.034413 0.222778
vt 0.332716 0.103744
vt 0.332777 0.103739
vt 0.332534 0.116588
vt 0.027994 0.217861
vt 0.027350 0.222193
vt 0.027975 0.217859
vt 0.027331 0.222191
vt 0.027955 0.217856
vt 0.359525 0.106076
vt 0.027311 0.222189
vt 0.359144 0.118588
vt 0.033801 0.231658
vt 0.033829 0.236008
vt 0.328883 0.154779
vt 0.330500 0.142305
vt 0.328943 0.154794
vt 0.330560 0.142313
vt 0.329002 0.154805
vt 0.330440 0.142295
vt 0.034042 0.240176
vt 0.034438 0.244192
vt 0.034063 0.240177
vt 0.034459 0.244193
vt 0.324877 0.178154
vt 0.327175 0.166722
vt 0.324934 0.178172
vt 0.327058 0.166691
vt 0.327117 0.166708
vt 0.027000 0.239364
vt 0.026980 0.239362
vt 0.026961 0.239363
vt 0.353777 0.167391
vt 0.027424 0.243310
vt 0.027405 0.243309
vt 0.027385 0.243310
vt 0.026938 0.239367
vt 0.028007 0.247192
vt 0.027988 0.247190
vt 0.027968 0.247191
vt 0.027363 0.243314
vt 0.028757 0.251130
vt 0.028737 0.251123
vt 0.028717 0.251122
vt 0.027946 0.247196
vt 0.035088 0.248357
vt 0.036306 0.253896
vt 0.035110 0.248359
vt 0.036328 0.253904
vt 0.317263 0.206259
vt 0.322024 0.190103
vt 0.317315 0.206296
vt 0.321968 0.190079
vt 0.035249 0.264889
vt 0.035254 0.264933
vt 0.035253 0.264967
vt 0.029701 0.255155
vt 0.029679 0.255140
vt 0.029659 0.255133
vt 0.029638 0.255137
vt 0.028696 0.251128
vt 0.038081 0.261759
vt 0.038105 0.261778
vt 0.309824 0.229719
vt 0.309780 0.229659
vt 0.035065 0.218392
vt 0.332440 0.090122
vt 0.332499 0.090109
vt 0.332837 0.103737
vt 0.036040 0.213793
vt 0.331138 0.071394
vt 0.331193 0.071359
vt 0.332559 0.090101
vt 0.029974 0.209206
vt 0.028857 0.213573
vt 0.029952 0.209209
vt 0.028837 0.213572
vt 0.029932 0.209209
vt 0.359155 0.080512
vt 0.028818 0.213568
vt 0.359539 0.093529
vt 0.038500 0.194111
vt 0.038511 0.194062
vt 0.038513 0.194024
vt 0.038503 0.193999
vt 0.032892 0.200291
vt 0.032877 0.200278
vt 0.032863 0.200263
vt 0.346241 0.030790
vt 0.037890 0.207576
vt 0.328808 0.044399
vt 0.328859 0.044326
vt 0.331251 0.071337
vt 0.328913 0.044280
vt 0.040865 0.198578
vt 0.326717 0.012951
vt 0.326762 0.012788
vt 0.031374 0.204680
vt 0.031349 0.204695
vt 0.356606 0.052496
vt 0.031327 0.204701
vt 0.358265 0.066661
vt 0.353232 0.130768
vt 0.352030 0.143209
vt 0.353146 0.130762
vt 0.351944 0.143205
vt 0.353059 0.130757
vt 0.351858 0.143201
vt 0.350479 0.155336
vt 0.350393 0.155333
vt 0.350306 0.155331
vt 0.337634 0.116880
vt 0.336858 0.129833
vt 0.337721 0.116886
vt 0.336944 0.129838
vt 0.337808 0.116893
vt 0.337031 0.129843
vt 0.337943 0.103947
vt 0.338029 0.103954
vt 0.338117 0.103962
vt 0.354000 0.118263
vt 0.354367 0.105775
vt 0.353914 0.118256
vt 0.354281 0.105768
vt 0.353828 0.118249
vt 0.354194 0.105759
vt 0.334086 0.155255
vt 0.335650 0.142715
vt 0.334173 0.155258
vt 0.335736 0.142719
vt 0.334261 0.155260
vt 0.335823 0.142722
vt 0.330000 0.178799
vt 0.332236 0.167239
vt 0.330087 0.178801
vt 0.332323 0.167241
vt 0.330176 0.178800
vt 0.332411 0.167241
vt 0.348638 0.166930
vt 0.348552 0.166928
vt 0.348464 0.166928
vt 0.346463 0.178115
vt 0.346376 0.178114
vt 0.346288 0.178115
vt 0.343937 0.189155
vt 0.343849 0.189157
vt 0.343760 0.189162
vt 0.341128 0.200463
vt 0.341036 0.200476
vt 0.340942 0.200499
vt 0.322334 0.207197
vt 0.327089 0.190872
vt 0.322425 0.207185
vt 0.327178 0.190872
vt 0.322519 0.207161
vt 0.327267 0.190866
vt 0.029805 0.260333
vt 0.034118 0.265982
vt 0.029790 0.260357
vt 0.034072 0.265963
vt 0.029773 0.260381
vt 0.034022 0.265936
vt 0.029757 0.260400
vt 0.034153 0.265989
vt 0.338112 0.212331
vt 0.338012 0.212367
vt 0.337908 0.212425
vt 0.334984 0.224505
vt 0.334899 0.224480
vt 0.334816 0.224446
vt 0.314825 0.230689
vt 0.305928 0.257931
vt 0.314924 0.230651
vt 0.306067 0.257764
vt 0.315029 0.230587
vt 0.337665 0.090215
vt 0.337751 0.090225
vt 0.337837 0.090238
vt 0.336252 0.071394
vt 0.336338 0.071419
vt 0.336423 0.071455
vt 0.354355 0.093254
vt 0.353929 0.080290
vt 0.354269 0.093244
vt 0.353842 0.080266
vt 0.354182 0.093230
vt 0.353754 0.080231
vt 0.342188 0.032607
vt 0.342167 0.032720
vt 0.342165 0.032877
vt 0.351595 0.052845
vt 0.351515 0.052859
vt 0.351436 0.052879
vt 0.333811 0.044429
vt 0.333895 0.044487
vt 0.333980 0.044571
vt 0.352996 0.066562
vt 0.352907 0.066510
vt 0.352816 0.066434
vt 0.329360 0.012454
vt 0.332152 0.013051
vt 0.043028 0.186601
vt 0.043692 0.187139
vt 0.043014 0.186616
vt 0.043708 0.187126
vt 0.300992 0.257233
vt 0.039261 0.271350
vt 0.303281 0.257861
vt 0.038534 0.271637
vt 0.212063 0.234248
vt 0.212052 0.234458
vt 0.233217 0.034852
vt 0.173978 0.243677
vt 0.259665 0.064942
vt 0.337405 0.224761
vt 0.029078 0.077997
vt 0.281825 0.013443
vt 0.266894 0.259343
vt 0.307108 0.007072
vt 0.263987 0.255550
vt 0.157671 0.138503
vt 0.173916 0.243567
vt 0.163686 0.118373
vt 0.163663 0.118379
vt 0.044413 0.187421
vt 0.040111 0.268922
vt 0.350705 0.255346
vt 0.044369 0.187636
vt 0.292111 0.226388
vt 0.305947 0.032452
vt 0.012522 0.286377
vt 0.012325 0.187926
vt 0.016469 0.185207
vt 0.029253 0.077797
vt 0.403963 0.095639
vt 0.371067 0.013870
s 1
f 1246/1/1 1/2/2 200/3/3
f 1197/4/4 20/5/5 105/6/6
f 88/7/2 225/8/7 3/9/2
f 214/10/8 113/11/9 1207/12/10
f 4/13/2 1211/14/11 204/15/12
f 199/16/13 105/6/6 16/17/14
f 210/18/15 101/19/16 14/20/17
f 224/21/18 108/22/19 1202/23/20
f 3/9/2 1186/24/21 220/25/22
f 1201/26/23 4/13/2 87/27/2
f 1207/12/10 22/28/24 229/29/25
f 1217/30/26 19/31/27 235/32/28
f 1212/33/29 26/34/30 205/35/31
f 229/29/25 107/36/32 1222/37/33
f 1222/37/33 23/38/34 239/39/35
f 1232/40/36 18/41/37 245/42/38
f 89/43/2 234/44/39 1211/14/11
f 239/39/35 114/45/40 1237/46/41
f 1237/46/41 1349/47/42 251/48/43
f 267/49/44 112/50/45 1232/40/36
f 90/51/46 244/52/47 1216/53/48
f 1247/54/49 16/17/14 103/55/50
f 272/56/51 103/55/50 17/57/52
f 278/58/53 109/59/54 13/60/55
f 1/2/2 1191/61/56 88/7/2
f 1262/62/57 17/57/52 111/63/58
f 283/64/59 111/63/58 21/65/60
f 1257/66/61 1346/67/62 109/59/54
f 6/68/2 1241/69/63 92/70/2
f 105/6/6 326/71/64 1276/72/65
f 10/73/66 1292/74/67 96/75/66
f 24/76/68 1286/77/69 113/11/9
f 335/78/70 97/79/71 1302/80/72
f 103/55/50 306/81/73 1326/82/74
f 15/83/75 1271/84/76 331/85/77
f 15/83/75 1281/86/78 108/22/19
f 102/87/79 315/88/80 1271/84/76
f 115/89/81 326/71/64 20/5/5
f 116/90/82 310/91/83 26/34/30
f 19/31/27 1291/92/84 116/90/82
f 22/28/24 1301/93/85 107/36/32
f 1287/94/86 8/95/66 335/78/70
f 104/96/87 340/97/88 19/31/27
f 18/41/37 1296/98/89 104/96/87
f 23/38/34 1316/99/90 114/45/40
f 1302/80/72 11/100/71 345/101/91
f 112/50/45 350/102/92 18/41/37
f 25/103/93 1311/104/94 112/50/45
f 114/45/40 356/105/95 1349/47/42
f 305/106/96 95/107/66 7/108/66
f 14/20/17 1321/109/97 315/88/80
f 101/19/16 382/110/98 1321/109/97
f 111/63/58 378/111/99 1341/112/100
f 99/113/66 377/114/101 1327/115/102
f 13/60/55 1336/116/103 382/110/98
f 109/59/54 394/117/104 1336/116/103
f 21/65/60 1341/112/100 387/118/105
f 1192/119/106 14/20/17 102/87/79
f 1252/120/107 21/65/60 106/121/108
f 106/121/108 387/118/105 1331/122/109
f 7/108/66 1272/123/110 316/124/111
f 225/8/7 87/27/2 3/9/2
f 1202/23/20 24/76/68 214/10/8
f 108/22/19 321/125/112 24/76/68
f 95/107/66 330/126/113 1272/123/110
f 93/127/2 277/128/114 6/68/2
f 200/3/3 88/7/2 1196/129/115
f 16/17/14 1276/72/65 306/81/73
f 383/130/116 100/131/66 12/132/66
f 235/32/28 116/90/82 1212/33/29
f 1227/133/117 1350/134/118 110/135/119
f 110/135/119 355/136/120 1306/137/121
f 96/75/66 341/138/122 8/95/66
f 205/35/31 115/89/81 1187/139/123
f 224/21/18 102/87/79 15/83/75
f 1277/140/124 9/141/66 95/107/66
f 26/34/30 1266/142/125 115/89/81
f 1251/143/126 1256/144/127 93/127/2
f 282/145/128 93/127/2 1261/146/129
f 100/131/66 388/147/130 1342/148/131
f 1337/149/132 1332/150/133 100/131/66
f 5/151/46 1231/152/134 244/52/47
f 1206/153/135 2/154/2 89/43/2
f 113/11/9 336/155/136 22/28/24
f 11/100/71 1312/156/137 98/157/138
f 215/158/139 89/43/2 4/13/2
f 230/159/140 90/51/46 2/154/2
f 94/160/66 330/126/113 9/141/66
f 10/73/66 1282/161/141 94/160/66
f 1242/162/142 13/60/55 101/19/16
f 7/108/66 1327/115/102 305/106/96
f 1379/163/143 1469/164/144 409/165/145
f 1322/166/146 12/132/66 99/113/66
f 91/167/147 268/168/148 1231/152/134
f 1236/169/149 1226/170/150 91/167/147
f 1317/171/151 1307/172/152 357/173/153
f 98/157/138 372/174/154 1307/172/152
f 1252/120/107 1347/175/155 287/176/156
f 273/177/157 92/70/2 1246/1/1
f 17/57/52 1326/82/74 378/111/99
f 106/121/108 392/178/158 1347/175/155
f 245/42/38 104/96/87 1217/30/26
f 1261/146/129 6/68/2 273/177/157
f 12/132/66 1342/148/131 377/114/101
f 97/79/71 351/179/159 11/100/71
f 2/154/2 1216/53/48 234/44/39
f 1187/139/123 20/5/5 219/180/160
f 320/181/161 96/75/66 1287/94/86
f 8/95/66 1297/182/162 97/79/71
f 1227/133/117 25/103/93 267/49/44
f 1221/183/163 5/151/46 90/51/46
f 107/36/32 346/184/164 23/38/34
f 110/135/119 373/185/165 25/103/93
f 1196/129/115 3/9/2 220/25/22
f 87/27/2 204/15/12 1186/24/21
f 311/186/166 94/160/66 1267/187/167
f 1267/187/167 9/141/66 325/188/168
f 92/70/2 209/189/169 1/2/2
f 240/190/170 91/167/147 5/151/46
f 345/101/91 98/157/138 1317/171/151
f 316/124/111 99/113/66 7/108/66
f 455/191/171 129/192/172 34/193/173
f 502/194/174 135/195/175 1415/196/176
f 1505/197/177 1459/198/178 135/195/175
f 702/199/179 130/200/180 1455/201/181
f 478/202/182 126/203/183 1404/204/184
f 434/205/185 136/206/186 1379/163/143
f 1482/207/187 1445/208/188 137/209/189
f 1455/201/181 1465/210/190 683/211/191
f 445/212/192 123/213/193 29/214/194
f 424/215/195 134/216/196 1478/217/197
f 1430/218/198 1435/219/199 615/220/200
f 134/216/196 630/221/201 1440/222/202
f 27/223/203 1372/224/204 123/213/193
f 31/225/205 1376/226/206 567/227/207
f 32/228/208 1376/226/206 126/203/183
f 436/229/209 133/230/210 1496/231/211
f 1385/232/212 1470/233/213 119/234/214
f 33/235/215 1358/236/216 128/237/217
f 34/193/173 1363/238/218 530/239/219
f 411/240/220 121/241/221 1380/242/222
f 1390/243/223 1474/244/224 133/230/210
f 1371/245/225 1375/246/226 513/247/227
f 30/248/228 1357/249/229 549/250/230
f 455/191/171 127/251/231 1409/252/232
f 445/212/192 122/253/233 1384/254/234
f 27/223/203 1352/255/235 532/256/236
f 34/193/173 1353/257/237 127/251/231
f 1399/258/238 1499/259/239 464/260/240
f 1405/261/241 1479/262/242 118/263/243
f 35/264/244 1363/238/218 129/192/172
f 35/264/244 1358/236/216 569/265/245
f 479/266/246 118/263/243 1483/267/247
f 477/268/248 137/209/189 1399/258/238
f 28/269/249 1367/270/250 548/271/251
f 29/214/194 1367/270/250 122/253/233
f 426/272/252 124/273/253 1395/274/254
f 488/275/255 127/251/231 33/235/215
f 29/214/194 1372/224/204 512/276/256
f 1495/277/257 1425/278/258 136/206/186
f 1415/196/176 1486/279/259 489/280/260
f 1420/281/261 1491/282/262 138/283/263
f 1362/284/264 1371/245/225 531/285/265
f 28/269/249 1352/255/235 121/241/221
f 504/286/266 138/283/263 1504/287/267
f 487/288/268 117/289/269 1410/290/270
f 30/248/228 1366/291/271 125/292/272
f 31/225/205 1357/249/229 124/273/253
f 1394/293/273 1500/294/274 134/216/196
f 32/228/208 1366/291/271 514/295/275
f 568/296/276 120/297/277 1362/284/264
f 33/235/215 1353/257/237 550/298/278
f 135/195/175 701/299/279 1486/279/259
f 1504/287/267 1464/300/280 719/301/281
f 138/283/263 684/302/282 1464/300/280
f 119/234/214 598/303/283 1429/304/284
f 133/230/210 580/305/285 1496/231/211
f 133/230/210 616/306/286 1434/307/287
f 118/263/243 650/308/288 1449/309/289
f 137/209/189 631/310/290 1499/259/239
f 1483/267/247 1449/309/289 665/311/291
f 435/312/292 123/213/193 1389/313/293
f 443/314/294 119/234/214 1475/315/295
f 1475/315/295 1429/304/284 614/316/296
f 136/206/186 596/317/297 1469/164/144
f 426/272/252 126/203/183 31/225/205
f 463/318/298 124/273/253 30/248/228
f 632/319/299 132/320/300 1439/321/301
f 1439/321/301 1450/322/302 649/323/303
f 488/275/255 128/237/217 1414/324/304
f 503/325/305 128/237/217 35/264/244
f 1465/210/190 1460/326/306 720/327/307
f 117/289/269 700/328/308 1454/329/309
f 411/240/220 122/253/233 28/269/249
f 435/312/292 121/241/221 27/223/203
f 1435/219/199 1424/330/310 581/331/311
f 597/332/312 131/333/313 1430/218/198
f 463/318/298 125/292/272 1400/334/314
f 478/202/182 125/292/272 32/228/208
f 1450/322/302 1444/335/315 666/336/316
f 134/216/196 648/337/317 1478/217/197
f 503/325/305 129/192/172 1419/338/318
f 453/339/319 117/289/269 1492/340/320
f 117/289/269 682/341/321 1492/340/320
f 1569/342/322 36/343/323 738/344/324
f 1520/345/325 55/346/326 157/347/327
f 140/348/323 763/349/328 38/350/323
f 752/351/329 165/352/330 1530/353/331
f 39/354/323 1534/355/332 742/356/333
f 737/357/334 157/347/327 51/358/335
f 748/359/336 153/360/337 49/361/338
f 762/362/339 160/363/340 1525/364/341
f 38/350/323 1509/365/342 758/366/343
f 1524/367/344 39/354/323 139/368/323
f 1530/353/331 57/369/345 767/370/346
f 1540/371/347 54/372/348 773/373/349
f 1535/374/350 61/375/351 743/376/352
f 767/370/346 159/377/353 1545/378/354
f 1545/378/354 58/379/355 777/380/356
f 1555/381/357 53/382/358 783/383/359
f 141/384/323 772/385/360 1534/355/332
f 777/380/356 166/386/361 1560/387/362
f 1560/387/362 1672/388/363 789/389/364
f 805/390/365 164/391/366 1555/381/357
f 142/392/323 782/393/367 1539/394/368
f 1570/395/369 51/358/335 155/396/370
f 810/397/371 155/396/370 52/398/372
f 816/399/373 161/400/374 48/401/375
f 36/343/323 1514/402/376 140/348/323
f 1585/403/377 52/398/372 163/404/378
f 821/405/379 163/404/378 56/406/380
f 1580/407/381 1669/408/382 161/400/374
f 41/409/323 1564/410/383 144/411/323
f 157/347/327 864/412/384 1599/413/385
f 45/414/386 1615/415/387 148/416/386
f 59/417/388 1609/418/389 165/352/330
f 873/419/390 149/420/386 1625/421/391
f 155/396/370 844/422/392 1649/423/393
f 50/424/394 1594/425/395 869/426/396
f 50/424/394 1604/427/397 160/363/340
f 154/428/398 853/429/399 1594/425/395
f 167/430/400 864/412/384 55/346/326
f 168/431/401 848/432/402 61/375/351
f 54/372/348 1614/433/403 168/431/401
f 57/369/345 1624/434/404 159/377/353
f 1610/435/405 43/436/386 873/419/390
f 156/437/406 878/438/407 54/372/348
f 53/382/358 1619/439/408 156/437/406
f 58/379/355 1639/440/409 166/386/361
f 1625/421/391 46/441/410 883/442/411
f 164/391/366 888/443/412 53/382/358
f 60/444/413 1634/445/414 164/391/366
f 166/386/361 894/446/415 1672/388/363
f 843/447/416 147/448/386 42/449/386
f 49/361/338 1644/450/417 853/429/399
f 153/360/337 920/451/418 1644/450/417
f 163/404/378 916/452/419 1664/453/420
f 151/454/386 915/455/421 1650/456/422
f 48/401/375 1659/457/423 920/451/418
f 161/400/374 932/458/424 1659/457/423
f 56/406/380 1664/453/420 925/459/425
f 1515/460/426 49/361/338 154/428/398
f 1575/461/427 56/406/380 158/462/428
f 158/462/428 925/459/425 1654/463/429
f 42/449/386 1595/464/430 854/465/431
f 763/349/328 139/368/323 38/350/323
f 1525/364/341 59/417/388 752/351/329
f 160/363/340 859/466/432 59/417/388
f 147/448/386 868/467/433 1595/464/430
f 145/468/323 815/469/434 41/409/323
f 738/344/324 140/348/323 1519/470/435
f 51/358/335 1599/413/385 844/422/392
f 921/471/436 152/472/386 47/473/386
f 773/373/349 168/431/401 1535/374/350
f 1550/474/437 1673/475/438 162/476/439
f 162/476/439 893/477/440 1629/478/441
f 148/416/386 879/479/442 43/436/386
f 743/376/352 167/430/400 1510/480/443
f 762/362/339 154/428/398 50/424/394
f 1600/481/444 44/482/386 147/448/386
f 61/375/351 1589/483/445 167/430/400
f 1574/484/446 1579/485/447 145/468/323
f 820/486/448 145/468/323 1584/487/449
f 152/472/386 926/488/450 1665/489/451
f 1660/490/452 1655/491/453 152/472/386
f 40/492/323 1554/493/454 782/393/367
f 1529/494/455 37/495/323 141/384/323
f 165/352/330 874/496/456 57/369/345
f 46/441/410 1635/497/457 150/498/458
f 753/499/459 141/384/323 39/354/323
f 768/500/460 142/392/323 37/495/323
f 146/501/386 868/467/433 44/482/386
f 45/414/386 1605/502/461 146/501/386
f 1565/503/462 48/401/375 153/360/337
f 42/449/386 1650/456/422 843/447/416
f 1735/504/463 62/505/464 948/506/465
f 1645/507/466 47/473/386 151/454/386
f 143/508/467 806/509/468 1554/493/454
f 1559/510/469 1549/511/470 143/508/467
f 1640/512/471 1630/513/472 895/514/473
f 150/498/458 910/515/474 1630/513/472
f 1575/461/427 1670/516/475 825/517/476
f 811/518/477 144/411/323 1569/342/322
f 52/398/372 1649/423/393 916/452/419
f 158/462/428 930/519/478 1670/516/475
f 783/383/359 156/437/406 1540/371/347
f 1584/487/449 41/409/323 811/518/477
f 47/473/386 1665/489/451 915/455/421
f 149/420/386 889/520/479 46/441/410
f 37/495/323 1539/394/368 772/385/360
f 1510/480/443 55/346/326 757/521/480
f 858/522/481 148/416/386 1610/435/405
f 43/436/386 1620/523/482 149/420/386
f 1550/524/437 60/444/413 805/390/365
f 1544/525/483 40/492/323 142/392/323
f 159/377/353 884/526/484 58/379/355
f 162/527/439 911/528/485 60/444/413
f 1519/470/435 38/350/323 758/366/343
f 139/368/323 742/356/333 1509/365/342
f 849/529/486 146/501/386 1590/530/487
f 1590/530/487 44/482/386 863/531/488
f 144/411/323 747/532/489 36/343/323
f 778/533/490 143/508/467 40/492/323
f 883/442/411 150/498/458 1640/512/471
f 854/465/431 151/454/386 42/449/386
f 1686/534/491 81/535/492 187/536/493
f 170/537/464 973/538/494 64/539/464
f 962/540/495 195/541/496 1696/542/497
f 65/543/464 1700/544/498 952/545/499
f 947/546/500 187/536/493 77/547/501
f 958/548/502 183/549/503 75/550/504
f 972/551/505 190/552/506 1691/553/507
f 64/539/464 1675/554/508 968/555/509
f 1690/556/510 65/543/464 169/557/464
f 1696/542/497 83/558/511 977/559/512
f 1706/560/513 80/561/514 983/562/515
f 1701/563/516 86/564/517 953/565/518
f 977/559/512 189/566/519 1711/567/520
f 1711/567/520 84/568/521 987/569/522
f 1721/570/523 79/571/524 993/572/525
f 171/573/464 982/574/526 1700/544/498
f 987/569/522 196/575/527 1726/576/528
f 1726/576/528 1838/577/529 999/578/530
f 1016/579/531 194/580/532 1721/570/523
f 172/581/533 992/582/534 1705/583/535
f 1736/584/536 77/547/501 185/585/537
f 1033/586/538 185/585/537 78/587/539
f 1039/588/540 191/589/541 74/590/542
f 62/505/464 1680/591/543 170/537/464
f 1751/592/544 78/587/539 193/593/545
f 1044/594/546 193/593/545 82/595/547
f 1746/596/548 1835/597/549 191/589/541
f 67/598/464 1730/599/550 174/600/464
f 187/536/493 1087/601/551 1765/602/552
f 71/603/553 1781/604/554 178/605/553
f 85/606/555 1775/607/556 195/541/496
f 1096/608/557 179/609/558 1791/610/559
f 185/585/537 1067/611/560 1815/612/561
f 76/613/562 1760/614/563 1092/615/564
f 76/613/562 1770/616/565 190/552/506
f 184/617/566 1076/618/567 1760/614/563
f 197/619/568 1087/601/551 81/535/492
f 198/620/569 1071/621/570 86/564/517
f 80/561/514 1780/622/571 198/620/569
f 83/558/511 1790/623/572 189/566/519
f 1776/624/573 69/625/574 1096/608/557
f 186/626/575 1101/627/576 80/561/514
f 79/571/524 1785/628/577 186/626/575
f 84/568/521 1805/629/578 196/575/527
f 1791/610/559 72/630/579 1106/631/580
f 194/580/532 1111/632/581 79/571/524
f 1841/633/582 1134/634/583 1800/635/584
f 196/575/527 1117/636/585 1838/577/529
f 1066/637/586 177/638/553 68/639/553
f 75/550/504 1810/640/587 1076/618/567
f 183/549/503 1143/641/588 1810/640/587
f 193/593/545 1139/642/589 1830/643/590
f 181/644/553 1138/645/591 1816/646/592
f 74/590/542 1825/647/593 1143/641/588
f 191/589/541 1155/648/594 1825/647/593
f 82/595/547 1830/643/590 1148/649/595
f 1681/650/596 75/550/504 184/617/566
f 1741/651/597 82/595/547 188/652/598
f 188/652/598 1148/649/595 1820/653/599
f 68/639/553 1761/654/600 1077/655/601
f 973/538/494 169/557/464 64/539/464
f 1691/553/507 85/606/555 962/540/495
f 190/552/506 1082/656/602 85/606/555
f 177/638/553 1091/657/603 1761/654/600
f 175/658/464 1038/659/604 67/598/464
f 948/506/465 170/537/464 1685/660/605
f 77/547/501 1765/602/552 1067/611/560
f 1144/661/606 182/662/553 73/663/553
f 983/562/515 198/620/569 1701/563/516
f 1716/664/607 1839/665/608 192/666/609
f 192/666/609 1116/667/610 1795/668/611
f 178/605/553 1102/669/612 69/625/574
f 953/565/518 197/619/568 1676/670/613
f 972/551/505 184/617/566 76/613/562
f 1766/671/614 70/672/553 177/638/553
f 86/564/517 1755/673/615 197/619/568
f 1740/674/616 1745/675/617 175/658/464
f 1043/676/618 175/658/464 1750/677/619
f 182/662/553 1149/678/620 1831/679/621
f 1826/680/622 1821/681/623 182/662/553
f 66/682/624 1720/683/625 992/582/534
f 1695/684/626 63/685/627 171/573/464
f 195/541/496 1097/686/628 83/558/511
f 72/630/579 1801/687/629 180/688/630
f 963/689/631 171/573/464 65/543/464
f 978/690/632 172/581/533 63/685/627
f 176/691/553 1091/657/603 70/672/553
f 71/603/553 1771/692/633 176/691/553
f 1731/693/634 74/590/542 183/549/503
f 68/639/553 1816/646/592 1066/637/586
f 1811/694/635 73/663/553 181/644/553
f 173/695/636 1017/696/637 1720/683/625
f 1725/697/638 1715/698/639 173/695/636
f 1806/699/640 1796/700/641 1118/701/642
f 180/688/630 1133/702/643 1796/700/641
f 1741/651/597 1836/703/644 1048/704/645
f 1034/705/646 174/600/464 1735/504/463
f 78/587/539 1815/612/561 1139/642/589
f 188/652/598 1153/706/647 1836/703/644
f 993/572/525 186/626/575 1706/560/513
f 1750/677/619 67/598/464 1034/705/646
f 73/663/553 1831/679/621 1138/645/591
f 179/609/558 1112/707/648 72/630/579
f 63/685/627 1705/583/535 982/574/526
f 1676/670/613 81/535/492 967/708/649
f 1081/709/650 178/605/553 1776/624/573
f 69/625/574 1786/710/651 179/609/558
f 1716/664/607 1842/711/652 1015/712/653
f 1710/713/654 66/682/624 172/581/533
f 189/566/519 1107/714/655 84/568/521
f 192/666/609 1795/668/611 1134/715/583
f 1685/660/605 64/539/464 968/555/509
f 169/557/464 952/545/499 1675/554/508
f 1072/716/656 176/691/553 1756/717/657
f 1756/717/657 70/672/553 1086/718/658
f 174/600/464 957/719/659 62/505/464
f 988/720/660 173/695/636 66/682/624
f 1106/631/580 180/688/630 1806/699/640
f 1077/655/601 181/644/553 68/639/553
f 249/721/661 255/722/662 254/723/663
f 252/724/664 256/725/665 255/722/662
f 254/723/663 266/726/666 263/727/667
f 255/722/662 257/728/668 266/726/666
f 258/729/669 260/730/670 250/731/671
f 259/732/672 261/733/673 258/729/669
f 261/733/673 253/734/674 260/730/670
f 262/735/675 256/725/665 261/733/673
f 251/736/43 265/737/676 264/738/677
f 263/727/678 266/726/679 265/737/676
f 264/738/677 262/735/680 259/732/681
f 265/737/676 257/728/682 262/735/680
f 287/176/156 292/739/683 291/740/684
f 290/741/685 293/742/686 292/743/683
f 291/744/684 304/745/687 301/746/688
f 292/743/683 294/747/689 304/745/687
f 288/748/690 298/749/691 297/750/692
f 295/751/693 299/752/694 298/749/691
f 297/750/695 293/742/696 290/741/697
f 298/749/691 294/747/698 293/742/696
f 300/753/699 302/754/700 289/755/701
f 301/746/688 303/756/702 300/753/699
f 303/756/702 296/757/703 302/754/700
f 304/745/687 299/752/704 303/756/702
f 355/136/120 359/758/705 358/759/706
f 364/760/707 360/761/708 359/758/705
f 358/759/706 371/762/709 368/763/710
f 359/758/705 361/764/711 371/762/709
f 356/105/95 365/765/712 364/766/713
f 362/767/714 366/768/715 365/765/712
f 364/766/713 365/765/712 360/761/716
f 365/765/712 361/764/717 360/761/716
f 367/769/718 369/770/719 357/173/153
f 368/763/710 370/771/720 367/769/718
f 370/771/720 363/772/721 369/770/719
f 371/762/722 366/768/715 370/771/720
f 392/178/158 398/773/723 397/774/724
f 395/775/725 399/776/726 398/777/723
f 397/778/724 398/777/723 408/779/727
f 398/777/723 400/780/728 408/779/727
f 401/781/729 403/782/730 393/783/731
f 402/784/732 404/785/733 401/781/729
f 404/786/733 396/787/734 403/788/730
f 405/789/735 399/790/736 404/785/733
f 394/117/104 407/791/737 406/792/738
f 397/793/739 408/794/740 407/791/737
f 406/792/738 405/789/735 402/784/732
f 407/791/737 400/795/741 405/789/735
f 412/796/742 414/797/743 409/165/145
f 413/798/744 415/799/745 412/796/742
f 415/799/745 421/800/746 414/797/743
f 415/799/745 420/801/747 416/802/748
f 417/803/749 419/804/750 410/805/751
f 417/803/749 418/806/752 420/807/747
f 419/804/750 420/801/747 413/798/744
f 420/807/747 418/806/752 416/808/748
f 421/800/746 423/809/753 422/810/754
f 422/811/754 423/809/753 418/812/752
f 423/809/753 416/808/748 418/806/752
f 424/215/755 427/813/756 428/814/757
f 427/815/756 429/816/758 428/817/757
f 428/817/757 429/816/758 433/818/759
f 425/819/760 429/820/761 427/821/761
f 429/822/762 432/823/763 433/824/764
f 430/825/765 431/826/766 426/272/767
f 434/205/185 438/827/768 437/828/769
f 438/829/770 1847/830/770 439/831/770
f 436/229/209 442/832/771 438/833/772
f 442/832/773 437/834/774 438/835/775
f 438/835/776 1847/830/777 440/836/778
f 443/314/779 446/837/780 447/838/781
f 447/839/782 448/840/783 450/841/783
f 444/842/784 449/843/785 446/844/784
f 449/845/786 450/846/787 448/840/788
f 446/844/780 449/843/789 447/847/781
f 453/339/319 456/848/790 457/849/791
f 456/848/792 460/850/793 457/851/793
f 457/851/794 458/852/794 1848/853/794
f 454/854/795 457/855/796 460/856/797
f 457/857/798 459/858/799 1848/859/800
f 465/860/801 467/861/802 462/862/803
f 466/863/804 468/864/805 465/860/801
f 467/861/802 468/865/805 474/866/806
f 471/867/807 472/868/808 470/869/809
f 472/868/808 466/863/804 470/870/809
f 473/871/810 475/872/811 464/260/240
f 474/866/806 476/873/812 473/871/810
f 476/873/812 471/867/807 475/872/811
f 476/873/812 468/865/805 469/874/813
f 480/875/814 481/876/815 477/268/816
f 480/875/817 482/877/818 486/878/819
f 479/266/246 485/879/820 486/880/821
f 485/879/822 481/881/822 486/882/822
f 482/877/823 484/883/824 486/882/825
f 490/884/826 492/885/827 487/288/268
f 491/886/828 493/887/829 490/884/826
f 493/887/829 499/888/830 492/885/827
f 493/887/829 494/889/831 501/890/832
f 496/891/833 497/892/834 495/893/835
f 497/892/834 491/886/828 495/894/835
f 498/895/836 500/896/837 489/280/260
f 498/895/836 499/888/830 501/897/832
f 501/897/832 496/891/833 500/896/837
f 502/194/838 505/898/839 506/899/840
f 505/900/841 508/901/841 1849/902/842
f 506/899/840 505/903/839 510/904/843
f 504/286/844 509/905/845 511/906/846
f 510/904/843 511/907/846 509/905/845
f 511/907/847 1849/908/848 508/909/849
f 515/910/850 517/911/851 512/276/256
f 516/912/852 518/913/853 515/910/850
f 518/913/853 527/914/854 517/911/851
f 518/913/853 519/915/855 520/916/856
f 513/247/227 524/917/857 523/918/858
f 521/919/859 525/920/860 524/917/857
f 523/918/858 519/921/861 516/922/862
f 524/917/857 520/923/863 519/921/861
f 514/295/275 529/924/864 528/925/865
f 527/914/854 529/924/864 526/926/866
f 529/924/864 522/927/867 528/925/865
f 529/924/864 520/928/856 525/929/868
f 533/930/869 535/931/870 530/239/219
f 534/932/871 536/933/872 533/930/869
f 536/933/872 545/934/873 535/931/870
f 536/933/872 537/935/874 538/936/875
f 531/285/265 542/937/876 541/938/877
f 539/939/878 543/940/879 542/937/876
f 541/941/877 537/935/880 534/932/881
f 542/942/876 538/943/882 537/935/880
f 544/944/883 546/945/884 532/256/236
f 545/934/873 547/946/885 544/944/883
f 547/946/885 540/947/886 546/945/884
f 547/946/885 538/943/875 543/948/887
f 551/949/888 553/950/889 548/271/251
f 552/951/890 554/952/891 551/949/888
f 554/952/891 563/953/892 553/950/889
f 554/952/891 556/954/893 566/955/894
f 557/956/895 559/957/896 549/250/230
f 558/958/897 560/959/898 557/956/895
f 560/959/898 552/951/890 559/957/896
f 560/959/898 556/954/893 555/960/899
f 562/961/900 564/962/901 550/298/278
f 563/953/892 565/963/902 562/961/900
f 565/963/902 558/958/897 564/962/901
f 565/963/902 556/954/893 561/964/903
f 579/965/904 585/966/905 584/967/906
f 583/968/907 585/966/908 582/969/909
f 584/967/906 595/970/910 592/971/911
f 585/966/908 586/972/912 595/970/913
f 580/305/285 590/973/914 589/974/915
f 587/975/916 595/976/917 590/973/918
f 589/974/919 590/977/919 583/968/919
f 590/973/920 595/976/921 586/972/921
f 591/978/922 593/979/923 581/980/311
f 592/971/911 594/981/924 591/978/922
f 594/981/925 588/982/926 593/979/923
f 599/983/927 601/984/928 596/317/297
f 600/985/929 602/986/930 599/983/927
f 602/986/930 610/987/931 601/984/928
f 603/988/932 613/989/933 602/986/930
f 604/990/934 606/991/935 597/992/312
f 605/993/936 607/994/937 604/990/934
f 607/994/937 600/985/929 606/991/935
f 607/994/937 608/995/938 603/988/932
f 609/996/939 611/997/940 598/303/283
f 610/987/931 612/998/941 609/996/939
f 612/998/941 605/993/936 611/997/940
f 612/998/941 613/989/933 608/999/938
f 614/316/296 629/1000/942 619/1001/943
f 617/1002/944 620/1003/945 629/1000/942
f 619/1001/943 629/1004/942 627/1005/946
f 629/1000/947 620/1003/948 621/1006/948
f 622/1007/949 624/1008/950 615/1009/200
f 623/1010/951 625/1011/952 622/1007/949
f 625/1011/953 618/1012/954 624/1008/950
f 616/306/286 629/1013/955 628/1014/956
f 626/1015/957 627/1005/958 629/1013/955
f 628/1014/956 620/1016/959 623/1010/951
f 633/1017/960 635/1018/961 630/221/201
f 634/1019/962 636/1020/963 633/1017/960
f 636/1020/963 644/1021/964 635/1018/961
f 637/1022/965 647/1023/966 636/1020/963
f 638/1024/967 640/1025/968 631/310/290
f 639/1026/969 641/1027/970 638/1024/967
f 641/1027/970 634/1019/962 640/1025/968
f 641/1027/970 642/1028/971 637/1022/965
f 643/1029/972 645/1030/973 632/1031/299
f 644/1021/964 646/1032/974 643/1029/972
f 646/1032/974 639/1026/969 645/1030/973
f 646/1032/974 647/1023/966 642/1033/971
f 648/337/317 663/1034/975 653/1035/976
f 651/1036/977 654/1037/978 663/1034/975
f 653/1035/976 663/1038/975 661/1039/979
f 663/1034/980 654/1037/981 655/1040/982
f 656/1041/983 658/1042/984 649/1043/303
f 657/1044/985 659/1045/986 656/1041/983
f 659/1045/987 652/1046/988 658/1042/984
f 650/308/288 663/1047/989 662/1048/990
f 660/1049/991 661/1039/992 663/1047/989
f 662/1048/990 654/1050/993 657/1044/985
f 664/1051/994 669/1052/995 668/1053/996
f 667/1054/997 670/1055/998 669/1052/995
f 668/1053/996 681/1056/999 678/1057/1000
f 669/1052/995 671/1058/1001 681/1056/999
f 665/311/291 675/1059/1002 674/1060/1003
f 672/1061/1004 676/1062/1005 675/1059/1002
f 674/1060/1003 675/1059/1002 670/1055/1006
f 675/1059/1002 671/1058/1001 670/1055/1006
f 677/1063/1007 679/1064/1008 666/1065/316
f 678/1057/1000 680/1066/1009 677/1063/1007
f 680/1066/1009 673/1067/1010 679/1064/1008
f 681/1056/999 676/1062/1005 680/1066/1009
f 682/341/321 688/1068/1011 687/1069/1012
f 685/1070/1013 689/1071/1014 688/1068/1011
f 687/1069/1015 699/1072/1016 696/1073/1017
f 688/1068/1011 690/1074/1018 699/1072/1016
f 691/1075/1019 693/1076/1020 683/1077/191
f 692/1078/1021 694/1079/1022 691/1075/1019
f 694/1079/1022 686/1080/1023 693/1076/1020
f 695/1081/1024 689/1071/1014 694/1079/1022
f 684/302/282 698/1082/1025 697/1083/1026
f 696/1073/1027 699/1072/1028 698/1082/1025
f 697/1083/1026 695/1081/1024 692/1078/1021
f 698/1082/1025 690/1074/1018 695/1081/1024
f 703/1084/1029 705/1085/1030 700/328/308
f 704/1086/1031 706/1087/1032 703/1084/1029
f 706/1087/1032 714/1088/1033 705/1085/1030
f 707/1089/1034 717/1090/1035 706/1087/1032
f 708/1091/1036 710/1092/1037 701/299/279
f 709/1093/1038 711/1094/1039 708/1091/1036
f 711/1094/1039 704/1086/1031 710/1092/1037
f 711/1094/1039 712/1095/1040 707/1089/1034
f 713/1096/1041 715/1097/1042 702/1098/179
f 714/1088/1033 716/1099/1043 713/1096/1041
f 716/1099/1043 709/1093/1038 715/1097/1042
f 716/1099/1043 717/1090/1035 712/1100/1040
f 718/1101/1044 724/1102/1045 723/1103/1046
f 722/1104/1047 724/1102/1045 721/1105/1048
f 724/1102/1045 733/1106/1049 723/1103/1046
f 725/1107/1050 736/1108/1051 724/1102/1045
f 719/301/281 730/1109/1052 729/1110/1053
f 727/1111/1054 731/1112/1055 730/1109/1052
f 729/1110/1053 725/1107/1056 722/1104/1057
f 730/1109/1052 726/1113/1058 725/1107/1059
f 732/1114/1060 734/1115/1061 720/1116/307
f 733/1106/1049 735/1117/1062 732/1114/1060
f 735/1117/1062 728/1118/1063 734/1115/1061
f 736/1108/1064 731/1112/1065 735/1117/1062
f 787/1119/1066 793/1120/1067 792/1121/1068
f 790/1122/1069 794/1123/1070 793/1120/1067
f 792/1121/1068 793/1120/1067 804/1124/1071
f 793/1120/1067 795/1125/1072 804/1124/1071
f 796/1126/1073 798/1127/1074 788/1128/1075
f 797/1129/1076 799/1130/1077 796/1126/1073
f 799/1130/1077 791/1131/1078 798/1127/1074
f 800/1132/1079 794/1123/1070 799/1130/1077
f 789/389/364 803/1133/1080 802/1134/1081
f 801/1135/1082 804/1124/1083 803/1136/1080
f 802/1137/1081 800/1132/1084 797/1129/1085
f 803/1136/1080 795/1125/1086 800/1132/1084
f 825/1138/476 830/1139/1087 829/1140/1088
f 828/1141/1089 831/1142/1090 830/1139/1087
f 829/1140/1088 842/1143/1091 839/1144/1092
f 830/1139/1087 832/1145/1093 842/1143/1091
f 826/1146/1094 836/1147/1095 835/1148/1096
f 833/1149/1097 837/1150/1098 836/1151/1095
f 835/1152/1099 831/1142/1100 828/1141/1101
f 836/1151/1095 832/1145/1102 831/1142/1100
f 838/1153/1103 840/1154/1104 827/1155/1105
f 839/1144/1092 841/1156/1106 838/1153/1103
f 841/1156/1106 834/1157/1107 840/1154/1104
f 842/1143/1091 837/1150/1108 841/1156/1106
f 893/1158/440 898/1159/1109 897/1160/1110
f 896/1161/1111 899/1162/1112 898/1159/1109
f 897/1160/1110 909/1163/1113 906/1164/1114
f 898/1159/1109 900/1165/1115 909/1163/1113
f 894/446/415 903/1166/1116 896/1167/1117
f 901/1168/1118 904/1169/1119 903/1166/1116
f 896/1167/1117 903/1166/1116 899/1162/1120
f 903/1166/1116 900/1165/1121 899/1162/1120
f 905/1170/1122 907/1171/1123 895/514/473
f 906/1164/1114 908/1172/1124 905/1170/1122
f 908/1172/1124 902/1173/1125 907/1171/1123
f 909/1163/1126 904/1169/1119 908/1172/1124
f 930/519/478 936/1174/1127 935/1175/1128
f 933/1176/1129 937/1177/1130 936/1174/1127
f 935/1175/1128 936/1174/1127 946/1178/1131
f 936/1174/1127 938/1179/1132 946/1178/1131
f 939/1180/1133 941/1181/1134 931/1182/1135
f 940/1183/1136 942/1184/1137 939/1180/1133
f 942/1184/1137 934/1185/1138 941/1181/1134
f 943/1186/1139 937/1177/1140 942/1184/1137
f 932/458/424 945/1187/1141 944/1188/1142
f 935/1189/1143 946/1178/1144 945/1187/1141
f 944/1188/1142 943/1186/1139 940/1183/1136
f 945/1187/1141 938/1179/1145 943/1186/1139
f 997/1190/1146 1003/1191/1147 1002/1192/1148
f 1000/1193/1149 1004/1194/1150 1003/1191/1147
f 1002/1192/1148 1014/1195/1151 1011/1196/1152
f 1003/1191/1147 1005/1197/1153 1014/1195/1151
f 1006/1198/1154 1008/1199/1155 998/1200/1156
f 1007/1201/1157 1009/1202/1158 1006/1198/1154
f 1009/1202/1158 1001/1203/1159 1008/1199/1155
f 1010/1204/1160 1004/1194/1150 1009/1202/1158
f 999/578/530 1013/1205/1161 1012/1206/1162
f 1011/1207/1163 1014/1208/1164 1013/1205/1161
f 1012/1206/1162 1010/1209/1165 1007/1210/1166
f 1013/1205/1161 1005/1211/1167 1010/1209/1165
f 1018/1212/1168 1020/1213/1169 1015/712/653
f 1019/1214/1170 1021/1215/1171 1018/1212/1168
f 1021/1215/1171 1029/1216/1172 1020/1213/1169
f 1021/1215/1171 1022/1217/1173 1032/1218/1174
f 1023/1219/1175 1025/1220/1176 1016/1221/531
f 1024/1222/1177 1026/1223/1178 1023/1219/1175
f 1025/1220/1176 1022/1224/1173 1019/1214/1170
f 1026/1223/1178 1027/1225/1179 1022/1224/1173
f 1017/696/637 1031/1226/1180 1030/1227/1181
f 1028/1228/1182 1032/1218/1183 1031/1226/1180
f 1030/1227/1181 1027/1225/1184 1024/1222/1185
f 1031/1226/1186 1022/1217/1173 1027/1225/1179
f 1048/1229/645 1053/1230/1187 1052/1231/1188
f 1051/1232/1189 1054/1233/1190 1053/1230/1187
f 1052/1231/1188 1065/1234/1191 1062/1235/1192
f 1053/1230/1187 1055/1236/1193 1065/1234/1191
f 1049/1237/1194 1059/1238/1195 1058/1239/1196
f 1056/1240/1197 1060/1241/1198 1059/1238/1195
f 1058/1239/1199 1054/1242/1200 1051/1243/1201
f 1059/1238/1195 1055/1244/1202 1054/1242/1200
f 1061/1245/1203 1063/1246/1204 1050/1247/1205
f 1062/1235/1192 1064/1248/1206 1061/1245/1203
f 1064/1248/1206 1057/1249/1207 1063/1246/1204
f 1065/1234/1191 1060/1250/1208 1064/1248/1206
f 1116/667/610 1121/1251/1209 1120/1252/1210
f 1119/1253/1211 1122/1254/1212 1121/1251/1209
f 1120/1252/1210 1132/1255/1213 1129/1256/1214
f 1121/1251/1209 1123/1257/1215 1132/1255/1213
f 1117/636/585 1126/1258/1216 1119/1259/1217
f 1124/1260/1218 1127/1261/1219 1126/1258/1216
f 1119/1259/1217 1126/1258/1216 1122/1262/1220
f 1126/1258/1216 1123/1263/1221 1122/1262/1220
f 1128/1264/1222 1130/1265/1223 1118/1266/642
f 1129/1256/1214 1131/1267/1224 1128/1264/1222
f 1131/1267/1224 1125/1268/1225 1130/1265/1223
f 1132/1255/1226 1127/1269/1219 1131/1267/1224
f 1153/706/647 1158/1270/1227 1166/1271/1228
f 1156/1272/1229 1159/1273/1230 1158/1270/1227
f 1166/1271/1228 1158/1270/1227 1169/1274/1231
f 1158/1270/1227 1160/1275/1232 1169/1274/1233
f 1161/1276/1234 1163/1277/1235 1154/1278/1236
f 1162/1279/1237 1164/1280/1238 1161/1276/1234
f 1164/1280/1238 1157/1281/1239 1163/1277/1235
f 1165/1282/1240 1159/1273/1241 1164/1280/1238
f 1155/648/594 1168/1283/1242 1167/1284/1243
f 1166/1285/1244 1169/1274/1245 1168/1283/1242
f 1167/1284/1243 1165/1282/1240 1162/1279/1237
f 1168/1283/1242 1160/1275/1246 1165/1282/1240
f 1172/1286/1247 1174/1287/1248 1171/1288/1249
f 1174/1287/1248 1183/1289/1250 1173/1290/1251
f 1174/1287/1248 1175/1291/1252 1176/1292/1253
f 1170/1293/1254 1180/1294/1255 1179/1295/1256
f 1177/1296/1257 1181/1297/1258 1180/1294/1255
f 1179/1295/1256 1175/1291/1259 1172/1286/1260
f 1180/1294/1255 1176/1298/1261 1175/1291/1259
f 1183/1289/1250 1185/1299/1262 1182/1300/1263
f 1185/1299/1262 1178/1301/1264 1184/1302/1265
f 1185/1299/1262 1176/1298/1253 1181/1297/1266
f 1841/1303/582 1844/1304/1267 1843/1305/1268
f 1844/1304/1267 1845/1306/1269 1843/1305/1268
f 1845/1306/1269 1846/1307/1270 1843/1305/1268
f 1846/1307/1270 1842/711/652 1843/1305/1268
f 220/25/22 1188/1308/1271 223/1309/1272
f 223/1310/1272 1189/1311/1273 222/1312/1274
f 222/1312/1275 1190/1313/1276 221/1314/1277
f 1190/1313/1276 219/180/160 221/1314/1277
f 1186/24/21 206/1315/1278 1188/1308/1271
f 1188/1316/1271 207/1317/1279 1189/1311/1273
f 1189/1311/1280 208/1318/1281 1190/1313/1276
f 208/1318/1281 1187/139/123 1190/1313/1276
f 1191/61/56 228/1319/1282 225/8/7
f 1193/1320/1283 227/1321/1284 228/1319/1282
f 1194/1322/1285 226/1323/1286 227/1321/1287
f 226/1323/1286 1192/1324/106 224/1325/18
f 209/189/169 1193/1320/1283 1191/61/56
f 211/1326/1288 1194/1322/1289 1193/1320/1283
f 212/1327/1290 1195/1328/1291 1194/1322/1285
f 1195/1328/1291 210/1329/15 1192/1324/106
f 1196/129/115 203/1330/1292 200/3/3
f 1198/1331/1293 202/1332/1294 203/1333/1292
f 1199/1334/1295 201/1335/1296 202/1332/1297
f 201/1335/1296 1197/4/4 199/16/13
f 220/25/22 1198/1336/1293 1196/129/115
f 223/1310/1272 1199/1334/1298 1198/1331/1293
f 222/1312/1275 1200/1337/1299 1199/1334/1295
f 1200/1337/1299 219/180/160 1197/4/4
f 215/158/139 1203/1338/1300 218/1339/1301
f 218/1339/1301 1204/1340/1302 217/1341/1303
f 217/1341/1304 1205/1342/1305 216/1343/1306
f 1205/1342/1305 214/1344/8 216/1343/1306
f 1201/26/23 228/1319/1282 1203/1338/1300
f 1203/1338/1300 227/1321/1284 1204/1340/1302
f 1204/1340/1307 226/1323/1286 1205/1342/1305
f 226/1323/1286 1202/1345/20 1205/1342/1305
f 230/159/140 1208/1346/1308 233/1347/1309
f 233/1347/1309 1209/1348/1310 232/1349/1311
f 232/1349/1312 1210/1350/1313 231/1351/1314
f 1210/1350/1313 229/1352/25 231/1351/1314
f 1206/153/135 218/1339/1301 1208/1346/1308
f 1208/1346/1308 217/1341/1303 1209/1348/1310
f 1209/1348/1315 216/1343/1306 1210/1350/1313
f 216/1343/1306 1207/1353/10 1210/1350/1313
f 204/15/12 1213/1354/1316 206/1315/1278
f 206/1355/1278 1214/1356/1317 207/1317/1279
f 207/1317/1318 1215/1357/1319 208/1318/1281
f 1215/1357/1319 205/35/31 208/1318/1281
f 1211/14/11 236/1358/1320 1213/1354/1316
f 1213/1359/1316 237/1360/1321 1214/1356/1317
f 1214/1356/1322 238/1361/1323 1215/1357/1319
f 238/1361/1323 1212/33/29 1215/1357/1319
f 234/44/39 1218/1362/1324 236/1358/1320
f 236/1363/1320 1219/1364/1325 237/1360/1321
f 237/1360/1326 1220/1365/1327 238/1361/1323
f 1220/1365/1327 235/32/28 238/1361/1323
f 1216/53/48 246/1366/1328 1218/1362/1324
f 1218/1367/1324 247/1368/1329 1219/1364/1325
f 1219/1364/1330 248/1369/1331 1220/1365/1327
f 248/1369/1331 1217/30/26 1220/1365/1327
f 240/190/170 1223/1370/1332 243/1371/1333
f 243/1371/1333 1224/1372/1334 242/1373/1335
f 242/1373/1336 1225/1374/1337 241/1375/1338
f 1225/1374/1337 239/1376/35 241/1375/1338
f 1221/183/163 233/1347/1309 1223/1370/1332
f 1223/1370/1332 232/1349/1311 1224/1372/1334
f 1224/1372/1339 231/1351/1314 1225/1374/1337
f 231/1351/1314 1222/1377/33 1225/1374/1337
f 1226/170/150 271/1378/1340 268/168/148
f 1228/1379/1341 270/1380/1342 271/1378/1340
f 1229/1381/1343 269/1382/1344 270/1380/1342
f 1230/1383/1345 267/49/44 269/1384/1344
f 250/731/671 1228/1379/1341 1226/170/150
f 260/730/670 1229/1381/1343 1228/1379/1341
f 253/734/674 1230/1385/1345 1229/1381/1343
f 252/724/664 1227/1386/117 1230/1385/1345
f 244/52/47 1233/1387/1346 246/1366/1328
f 246/1388/1328 1234/1389/1347 247/1368/1329
f 247/1368/1348 1235/1390/1349 248/1369/1331
f 248/1369/1331 1232/40/36 245/42/38
f 1231/152/134 271/1378/1340 1233/1387/1346
f 1233/1391/1350 270/1392/1342 1234/1389/1347
f 1234/1389/1351 269/1384/1344 1235/1390/1349
f 269/1384/1344 1232/40/36 1235/1390/1349
f 250/731/671 1238/1393/1352 258/729/669
f 258/729/669 1239/1394/1353 259/732/672
f 259/732/681 1240/1395/1354 264/738/677
f 264/738/677 1237/1396/41 251/736/43
f 1236/169/149 243/1371/1333 1238/1393/1352
f 1238/1393/1352 242/1373/1335 1239/1394/1353
f 1239/1394/1355 241/1375/1338 1240/1395/1354
f 1240/1395/1354 239/1376/35 1237/1396/41
f 1241/69/63 211/1326/1288 209/189/169
f 1243/1397/1356 212/1327/1357 211/1326/1288
f 1244/1398/1358 213/1399/1359 212/1327/1290
f 213/1399/1359 1242/1400/142 210/1329/15
f 277/128/114 1243/1397/1356 1241/69/63
f 279/1401/1360 1244/1398/1361 1243/1397/1356
f 280/1402/1362 1245/1403/1363 1244/1398/1358
f 1245/1404/1363 278/58/53 1242/162/142
f 1246/1/1 276/1405/1364 273/177/157
f 1248/1406/1365 275/1407/1366 276/1408/1364
f 1249/1409/1367 274/1410/1368 275/1407/1369
f 274/1410/1368 1247/54/49 272/56/51
f 200/3/3 1248/1411/1365 1246/1/1
f 203/1333/1292 1249/1409/1370 1248/1406/1365
f 202/1332/1297 1250/1412/1371 1249/1409/1367
f 1250/1412/1371 199/16/13 1247/54/49
f 289/755/701 1253/1413/1372 300/753/699
f 300/753/699 1254/1414/1373 301/746/688
f 301/1415/688 1255/1416/1374 291/740/684
f 291/740/684 1252/120/107 287/176/156
f 1251/143/126 284/1417/1375 1253/1413/1372
f 1253/1413/1372 285/1418/1376 1254/1414/1373
f 1254/1419/1373 286/1420/1377 1255/1416/1374
f 1255/1416/1374 283/64/59 1252/120/107
f 1256/144/127 279/1401/1360 277/128/114
f 1258/1421/1378 280/1402/1379 279/1401/1360
f 1259/1422/1380 281/1423/1381 280/1402/1362
f 1260/1424/1382 278/58/53 281/1425/1381
f 289/755/701 1258/1421/1378 1256/144/127
f 302/754/700 1259/1422/1383 1258/1421/1378
f 296/757/1384 1260/1426/1382 1259/1422/1380
f 295/1427/693 1257/66/61 1260/1424/1382
f 1261/146/129 284/1417/1375 282/145/128
f 1263/1428/1385 285/1429/1376 284/1430/1375
f 1264/1431/1386 286/1420/1377 285/1429/1376
f 286/1420/1377 1262/62/57 283/64/59
f 273/177/157 1263/1432/1385 1261/146/129
f 276/1408/1364 1264/1431/1387 1263/1428/1385
f 275/1407/1369 1265/1433/1388 1264/1431/1386
f 274/1410/1368 1262/62/57 1265/1433/1388
f 1266/142/125 329/1434/1389 326/71/64
f 1268/1435/1390 328/1436/1391 329/1434/1389
f 1269/1437/1392 327/1438/1393 328/1436/1391
f 1270/1439/1394 325/188/168 327/1438/1393
f 310/91/83 1268/1435/1390 1266/142/125
f 312/1440/1395 1269/1437/1392 1268/1435/1390
f 313/1441/1396 1270/1439/1394 1269/1437/1392
f 314/1442/1397 1267/187/167 1270/1439/1394
f 331/85/77 1273/1443/1398 334/1444/1399
f 334/1444/1399 1274/1445/1400 333/1446/1401
f 333/1446/1401 1275/1447/1402 332/1448/1403
f 332/1448/1403 1272/123/110 330/126/113
f 1271/84/76 317/1449/1404 1273/1443/1398
f 1273/1443/1398 318/1450/1405 1274/1445/1400
f 1274/1445/1400 319/1451/1406 1275/1447/1402
f 1275/1447/1402 316/124/111 1272/123/110
f 306/81/73 1278/1452/1407 309/1453/1408
f 309/1453/1408 1279/1454/1409 308/1455/1410
f 308/1455/1410 1280/1456/1411 307/1457/1412
f 307/1457/1412 1277/140/124 305/106/96
f 1276/72/65 329/1434/1389 1278/1452/1407
f 1278/1452/1407 328/1436/1391 1279/1454/1409
f 1279/1454/1409 327/1438/1393 1280/1456/1411
f 1280/1456/1411 325/188/168 1277/140/124
f 1281/86/78 324/1458/1413 321/125/112
f 1283/1459/1414 323/1460/1415 324/1458/1413
f 1284/1461/1416 322/1462/1417 323/1460/1415
f 1285/1463/1418 320/181/161 322/1462/1417
f 331/85/77 1283/1459/1414 1281/86/78
f 334/1444/1399 1284/1461/1416 1283/1459/1414
f 333/1446/1401 1285/1463/1418 1284/1461/1416
f 332/1448/1403 1282/161/141 1285/1463/1418
f 1286/77/69 339/1464/1419 336/155/136
f 1288/1465/1420 338/1466/1421 339/1464/1419
f 1289/1467/1422 337/1468/1423 338/1466/1421
f 1290/1469/1424 335/78/70 337/1468/1423
f 321/125/112 1288/1465/1420 1286/77/69
f 324/1458/1413 1289/1467/1422 1288/1465/1420
f 323/1460/1415 1290/1469/1424 1289/1467/1422
f 322/1462/1417 1287/94/86 1290/1469/1424
f 1291/92/84 312/1440/1395 310/91/83
f 1293/1470/1425 313/1441/1396 312/1440/1395
f 1294/1471/1426 314/1442/1397 313/1441/1396
f 1295/1472/1427 311/186/166 314/1442/1397
f 340/97/88 1293/1470/1425 1291/92/84
f 342/1473/1428 1294/1471/1426 1293/1470/1425
f 343/1474/1429 1295/1472/1427 1294/1471/1426
f 344/1475/1430 1292/74/67 1295/1472/1427
f 1296/98/89 342/1473/1428 340/97/88
f 1298/1476/1431 343/1474/1429 342/1473/1428
f 1299/1477/1432 344/1475/1430 343/1474/1429
f 1300/1478/1433 341/138/122 344/1475/1430
f 350/102/92 1298/1476/1431 1296/98/89
f 352/1479/1434 1299/1477/1432 1298/1476/1431
f 353/1480/1435 1300/1478/1433 1299/1477/1432
f 354/1481/1436 1297/182/162 1300/1478/1433
f 1301/93/85 349/1482/1437 346/184/164
f 1303/1483/1438 348/1484/1439 349/1482/1437
f 1304/1485/1440 347/1486/1441 348/1484/1439
f 1305/1487/1442 345/101/91 347/1486/1441
f 336/155/136 1303/1483/1438 1301/93/85
f 339/1464/1419 1304/1485/1440 1303/1483/1438
f 338/1466/1421 1305/1487/1442 1304/1485/1440
f 337/1468/1423 1302/80/72 1305/1487/1442
f 373/185/165 1308/1488/1443 376/1489/1444
f 376/1489/1444 1309/1490/1445 375/1491/1446
f 375/1491/1446 1310/1492/1447 374/1493/1448
f 374/1493/1448 1307/172/152 372/174/154
f 1306/137/121 358/759/706 1308/1488/1443
f 1308/1488/1443 368/763/710 1309/1490/1445
f 1309/1490/1445 367/769/718 1310/1492/1447
f 1310/1492/1447 357/173/153 1307/172/152
f 1311/104/94 352/1479/1434 350/102/92
f 1313/1494/1449 353/1480/1435 352/1479/1434
f 1314/1495/1450 354/1481/1436 353/1480/1435
f 1315/1496/1451 351/179/159 354/1481/1436
f 373/185/165 1313/1494/1449 1311/104/94
f 376/1489/1444 1314/1495/1450 1313/1494/1449
f 375/1491/1446 1315/1496/1451 1314/1495/1450
f 374/1493/1448 1312/156/137 1315/1496/1451
f 1316/99/90 362/767/714 356/105/95
f 1318/1497/1452 363/772/721 362/767/714
f 1319/1498/1453 369/770/719 363/772/721
f 1320/1499/1454 357/173/153 369/770/719
f 346/184/164 1318/1497/1452 1316/99/90
f 349/1482/1437 1319/1498/1453 1318/1497/1452
f 348/1484/1439 1320/1499/1454 1319/1498/1453
f 347/1486/1441 1317/171/151 1320/1499/1454
f 315/88/80 1323/1500/1455 317/1449/1404
f 317/1449/1404 1324/1501/1456 318/1450/1405
f 318/1450/1405 1325/1502/1457 319/1451/1406
f 319/1451/1406 1322/166/146 316/124/111
f 1321/109/97 384/1503/1458 1323/1500/1455
f 1323/1500/1455 385/1504/1459 1324/1501/1456
f 1324/1501/1456 386/1505/1460 1325/1502/1457
f 1325/1502/1457 383/130/116 1322/166/146
f 378/111/99 1328/1506/1461 381/1507/1462
f 381/1507/1462 1329/1508/1463 380/1509/1464
f 380/1509/1464 1330/1510/1465 379/1511/1466
f 379/1511/1466 1327/115/102 377/114/101
f 1326/82/74 309/1453/1408 1328/1506/1461
f 1328/1506/1461 308/1455/1410 1329/1508/1463
f 1329/1508/1463 307/1457/1412 1330/1510/1465
f 1330/1510/1465 305/106/96 1327/115/102
f 1331/122/109 395/1512/725 392/178/158
f 1333/1513/1467 396/787/734 395/775/725
f 1334/1514/1468 403/788/730 396/787/734
f 1335/1515/1469 393/783/731 403/782/730
f 387/1516/105 1333/1513/1467 1331/1517/109
f 389/1518/1470 1334/1514/1468 1333/1513/1467
f 390/1519/1471 1335/1520/1469 1334/1514/1468
f 391/1521/1472 1332/150/133 1335/1515/1469
f 382/110/98 1338/1522/1473 384/1503/1458
f 384/1503/1458 1339/1523/1474 385/1504/1459
f 385/1504/1459 1340/1524/1475 386/1505/1460
f 386/1505/1460 1337/149/132 383/130/116
f 1336/116/103 406/792/738 1338/1522/1473
f 1338/1522/1473 402/784/732 1339/1523/1474
f 1339/1523/1474 401/781/729 1340/1524/1475
f 1340/1524/1475 393/783/731 1337/149/132
f 387/118/105 1343/1525/1476 389/1526/1470
f 389/1526/1470 1344/1527/1477 390/1528/1471
f 390/1528/1471 1345/1529/1478 391/1521/1472
f 391/1521/1472 1342/148/131 388/147/130
f 1341/112/100 381/1507/1462 1343/1525/1476
f 1343/1525/1476 380/1509/1464 1344/1527/1477
f 1344/1527/1477 379/1511/1466 1345/1529/1478
f 1345/1529/1478 377/114/101 1342/148/131
f 394/117/104 1348/1530/1479 397/1531/739
f 397/774/724 1347/175/155 392/178/158
f 1346/67/62 297/1532/1480 1348/1530/1479
f 1348/1533/1481 297/750/1481 290/741/1482
f 1348/1534/1483 287/176/156 1347/175/155
f 1349/1535/42 263/1536/1484 251/736/43
f 263/727/1485 1351/1537/1486 254/723/1487
f 1351/1537/1488 249/721/661 254/723/663
f 356/1538/95 1351/1539/1489 1349/1535/42
f 364/1540/707 1350/1541/118 1351/1537/1488
f 532/256/236 1354/1542/1490 544/944/883
f 544/944/883 1355/1543/1491 545/934/873
f 1355/1543/1491 535/931/870 545/934/873
f 1356/1544/1492 530/239/219 535/931/870
f 1352/255/235 553/950/889 1354/1542/1490
f 1354/1542/1490 563/953/892 1355/1543/1491
f 563/953/892 1356/1544/1492 1355/1543/1491
f 562/961/900 1353/257/237 1356/1544/1492
f 1357/249/229 557/956/895 549/250/230
f 1359/1545/1493 558/958/897 557/956/895
f 558/958/897 1361/1546/1494 564/962/901
f 564/962/901 1358/236/216 550/298/278
f 567/227/207 1359/1545/1493 1357/249/229
f 572/1547/1495 1360/1548/1496 1359/1545/1493
f 1360/1548/1496 576/1549/1497 1361/1546/1494
f 1361/1546/1494 569/265/245 1358/236/216
f 1362/284/264 573/1550/1498 568/296/276
f 1364/1551/1499 574/1552/1500 573/1553/1498
f 574/1552/1501 1365/1554/1502 578/1555/1503
f 1365/1554/1502 569/265/245 578/1555/1503
f 1362/284/264 541/938/877 1364/1556/1499
f 1364/1551/1499 534/932/881 1365/1557/1504
f 1365/1557/1502 534/932/871 533/930/869
f 1365/1554/1502 530/239/219 1363/238/218
f 514/295/275 1368/1558/1505 526/926/866
f 526/926/866 1369/1559/1506 527/914/854
f 1369/1559/1506 517/911/851 527/914/854
f 1370/1560/1507 512/276/256 517/911/851
f 1366/291/271 559/957/896 1368/1558/1505
f 1368/1558/1505 552/951/890 1369/1559/1506
f 552/951/890 1370/1560/1507 1369/1559/1506
f 551/949/888 1367/270/250 1370/1560/1507
f 1371/245/225 539/939/878 531/285/265
f 1373/1561/1508 540/1562/1509 539/939/878
f 540/947/886 1374/1563/1510 546/945/884
f 1374/1563/1510 532/256/236 546/945/884
f 1371/245/225 523/918/858 1373/1561/1508
f 1373/1561/1508 516/922/862 1374/1564/1511
f 1374/1565/1510 516/912/852 515/910/850
f 1374/1563/1510 512/276/256 1372/224/204
f 1375/246/226 521/919/859 513/247/227
f 1377/1566/1512 522/1567/1513 521/919/859
f 522/1567/867 1378/1568/1514 528/1569/865
f 1378/1570/1514 514/295/275 528/925/865
f 1375/246/226 575/1571/1515 1377/1566/1512
f 1377/1566/1512 571/1572/1516 1378/1573/1517
f 1378/1573/1518 571/1572/1518 570/1574/1518
f 1378/1570/1514 567/227/207 1376/226/206
f 434/205/185 1381/1575/1519 438/829/768
f 438/829/768 1382/1576/1520 1847/1577/1521
f 1847/1577/1521 1383/1578/1522 441/1579/1523
f 441/1579/1523 1380/242/222 435/312/292
f 409/165/145 1381/1575/1519 1379/163/143
f 414/797/743 1382/1576/1520 1381/1575/1519
f 421/800/746 1383/1578/1522 1382/1576/1520
f 422/810/754 1380/242/222 1383/1578/1522
f 1384/254/234 451/1580/1524 445/212/192
f 1386/1581/1525 450/841/1526 451/1580/1524
f 1387/1582/1527 447/838/1528 450/841/1526
f 1388/1583/1529 443/314/294 447/838/1528
f 1384/254/234 422/811/754 1386/1581/1525
f 1386/1581/1525 418/812/752 1387/1582/1527
f 1387/1582/1527 417/803/749 1388/1583/1529
f 1388/1583/1529 410/805/751 1385/232/212
f 1389/313/293 441/1584/1523 435/312/292
f 1391/1585/1530 440/836/1531 441/1584/1523
f 1392/1586/1532 438/833/1533 440/836/1531
f 1393/1587/1534 436/229/209 438/833/772
f 1389/313/293 451/1588/1524 1391/1585/1530
f 1391/1585/1530 452/1589/1535 1392/1586/1532
f 1392/1586/1532 449/845/1536 1393/1587/1534
f 1393/1587/1534 444/842/1537 1390/243/223
f 462/862/803 1396/1590/1538 465/860/801
f 465/860/801 1397/1591/1539 466/863/804
f 466/863/804 1398/1592/1540 470/870/809
f 470/870/809 1395/274/254 463/318/298
f 424/215/195 1396/1590/1538 1394/293/273
f 428/814/1541 1397/1591/1539 1396/1590/1538
f 433/1593/764 432/1594/763 1398/1592/1540
f 430/825/1542 1395/274/254 1398/1592/1540
f 477/268/248 1401/1595/1543 480/875/1544
f 480/875/1544 1402/1596/1545 1850/1597/1546
f 1850/1597/1546 1403/1598/1547 483/1599/1548
f 483/1599/1548 1400/334/314 478/202/182
f 464/260/240 1401/1595/1543 1399/258/238
f 475/872/811 1402/1596/1545 1401/1595/1543
f 471/867/807 1403/1598/1547 1402/1596/1545
f 470/869/809 1400/334/314 1403/1598/1547
f 1404/204/184 483/1600/1548 478/202/182
f 1406/1601/1549 484/883/1550 483/1600/1548
f 1407/1602/1551 486/880/821 484/883/1550
f 1408/1603/1552 479/266/246 486/880/821
f 1404/204/184 431/826/1553 1406/1601/1549
f 1406/1601/1549 432/823/1554 1407/1602/1551
f 1407/1602/1551 429/822/1555 1408/1603/1552
f 1408/1603/1552 425/819/1556 1405/261/241
f 1409/252/232 461/1604/1557 455/191/171
f 1411/1605/1558 1848/853/1559 461/1604/1557
f 1412/1606/1560 457/849/1561 1848/853/1559
f 1413/1607/1562 453/339/319 457/849/791
f 1409/252/232 495/894/835 1411/1605/1558
f 1411/1605/1558 491/886/828 1412/1606/1560
f 1412/1606/1560 490/884/826 1413/1607/1562
f 1413/1607/1562 487/288/268 1410/290/270
f 1414/324/304 495/893/835 488/275/255
f 1416/1608/1563 496/891/833 495/893/835
f 1417/1609/1564 500/896/837 496/891/833
f 1418/1610/1565 489/280/260 500/896/837
f 1414/324/304 507/1611/1566 1416/1608/1563
f 1416/1608/1563 508/901/1567 1417/1609/1564
f 1417/1609/1564 505/900/1568 1418/1610/1565
f 1418/1610/1565 502/194/174 1415/196/176
f 1419/338/318 507/1612/1566 503/325/305
f 1421/1613/1569 508/909/1570 507/1612/1571
f 1422/1614/1572 511/906/1573 508/909/1570
f 1423/1615/1574 504/286/266 511/906/1575
f 1419/338/318 461/1616/1557 1421/1613/1569
f 1421/1613/1569 459/858/1576 1422/1614/1572
f 1422/1614/1572 457/857/1577 1423/1615/1578
f 1423/1615/1574 454/854/795 1420/281/261
f 581/980/311 1426/1617/1579 591/978/922
f 591/978/922 1427/1618/1580 592/971/911
f 592/971/911 1428/1619/1581 584/967/906
f 584/967/906 1425/278/258 579/965/904
f 1424/1620/310 606/991/935 1426/1617/1579
f 1426/1617/1579 600/985/929 1427/1618/1580
f 1427/1618/1580 599/983/927 1428/1619/1581
f 1428/1619/1581 596/317/297 1425/278/258
f 1429/304/284 617/1002/944 614/316/296
f 1431/1621/1582 618/1012/954 617/1002/944
f 1432/1622/1583 624/1008/950 618/1012/954
f 1433/1623/1584 615/1009/200 624/1008/950
f 598/303/283 1431/1621/1582 1429/304/284
f 611/997/940 1432/1622/1583 1431/1621/1582
f 605/993/936 1433/1623/1584 1432/1622/1583
f 604/990/934 1430/1624/198 1433/1623/1584
f 1434/307/287 587/975/916 580/305/285
f 1436/1625/1585 588/982/926 587/975/916
f 1437/1626/1586 593/979/923 588/982/926
f 1438/1627/1587 581/980/311 593/979/923
f 1434/307/287 628/1014/956 1436/1625/1585
f 1436/1625/1585 623/1010/951 1437/1626/1586
f 1437/1626/1586 622/1007/949 1438/1627/1587
f 1438/1627/1587 615/1009/200 1435/1628/199
f 1439/1629/301 643/1029/972 632/1031/299
f 1441/1630/1588 644/1021/964 643/1029/972
f 1442/1631/1589 635/1018/961 644/1021/964
f 1443/1632/1590 630/221/201 635/1018/961
f 649/1043/303 1441/1630/1588 1439/1629/301
f 658/1042/984 1442/1631/1589 1441/1630/1588
f 652/1046/988 1443/1632/1590 1442/1631/1589
f 651/1036/977 1440/222/202 1443/1632/1590
f 666/1065/316 1446/1633/1591 677/1063/1007
f 677/1063/1007 1447/1634/1592 678/1057/1000
f 678/1057/1000 1448/1635/1593 668/1053/996
f 668/1053/996 1445/208/188 664/1051/994
f 1444/1636/315 645/1030/973 1446/1633/1591
f 1446/1633/1591 639/1026/969 1447/1634/1592
f 1447/1634/1592 638/1024/967 1448/1635/1593
f 1448/1635/1593 631/310/290 1445/208/188
f 1449/309/289 672/1061/1004 665/311/291
f 1451/1637/1594 673/1067/1010 672/1061/1004
f 1452/1638/1595 679/1064/1008 673/1067/1010
f 1453/1639/1596 666/1065/316 679/1064/1008
f 1449/309/289 662/1048/990 1451/1637/1594
f 1451/1637/1594 657/1044/985 1452/1638/1595
f 1452/1638/1595 656/1041/983 1453/1639/1596
f 1453/1639/1596 649/1043/303 1450/1640/302
f 1454/329/309 685/1070/1013 682/341/321
f 1456/1641/1597 686/1080/1023 685/1070/1013
f 1457/1642/1598 693/1076/1020 686/1080/1023
f 1458/1643/1599 683/1077/191 693/1076/1020
f 700/328/308 1456/1641/1597 1454/329/309
f 705/1085/1030 1457/1642/1598 1456/1641/1597
f 714/1088/1033 1458/1643/1599 1457/1642/1598
f 713/1096/1041 1455/1644/181 1458/1643/1599
f 1459/198/178 708/1091/1036 701/299/279
f 1461/1645/1600 709/1093/1038 708/1091/1036
f 709/1093/1038 1463/1646/1601 715/1097/1042
f 715/1097/1042 1460/1647/306 702/1098/179
f 718/1101/1044 1461/1645/1600 1459/198/178
f 723/1103/1046 1462/1648/1602 1461/1645/1600
f 1462/1648/1602 732/1114/1060 1463/1646/1601
f 1463/1646/1601 720/1116/307 1460/1647/306
f 719/301/281 1466/1649/1603 727/1111/1054
f 1466/1649/1603 728/1118/1604 727/1111/1054
f 1467/1650/1605 734/1115/1061 728/1118/1063
f 1468/1651/1606 720/1116/307 734/1115/1061
f 1464/300/280 697/1083/1026 1466/1649/1603
f 1466/1649/1603 692/1078/1021 1467/1650/1605
f 1467/1650/1605 691/1075/1019 1468/1651/1606
f 1468/1651/1606 683/1077/191 1465/1652/190
f 409/165/145 1471/1653/1607 412/796/742
f 412/796/742 1472/1654/1608 413/798/1609
f 413/798/1609 1473/1655/1610 419/804/750
f 1473/1655/1610 410/805/751 419/804/750
f 1469/164/144 601/984/928 1471/1653/1607
f 1471/1653/1607 610/987/931 1472/1654/1608
f 610/987/931 1473/1655/1610 1472/1654/1608
f 609/996/939 1470/233/213 1473/1655/1610
f 616/306/286 1476/1656/1611 626/1015/957
f 1476/1656/1612 627/1005/1613 626/1015/1614
f 627/1005/1615 1477/1657/1616 619/1001/943
f 1477/1657/1616 614/316/296 619/1001/943
f 444/842/1537 1476/1656/1611 1474/244/224
f 1476/1656/1612 446/1658/1617 1477/1659/1618
f 1477/1657/1616 443/314/294 1475/315/295
f 424/215/195 1480/1660/1619 427/813/1620
f 427/813/1621 1480/1660/1622 1481/1661/1623
f 1481/1662/1624 425/819/1556 427/821/1625
f 648/337/317 1480/1660/1619 1478/217/197
f 1480/1660/1622 661/1039/1626 1481/1661/1623
f 1481/1661/1624 661/1039/1627 660/1049/991
f 1481/1662/1624 650/308/288 1479/262/242
f 664/1051/994 1484/1663/1628 667/1054/1629
f 1484/1663/1630 674/1664/1631 667/1054/997
f 1485/1665/1632 665/311/291 674/1060/1003
f 1482/207/187 481/876/1633 1484/1663/1628
f 1484/1663/1630 481/881/1634 1485/1666/1635
f 1485/1666/1635 481/881/1634 485/879/1634
f 485/879/820 1483/267/247 1485/1665/1632
f 1486/279/259 498/895/836 489/280/260
f 1488/1667/1636 499/888/1637 498/895/836
f 1489/1668/1638 492/885/827 499/888/1637
f 1490/1669/1639 487/288/268 492/885/827
f 701/299/279 1488/1667/1636 1486/279/259
f 710/1092/1037 1489/1668/1638 1488/1667/1636
f 704/1086/1031 1490/1669/1639 1489/1668/1638
f 703/1084/1029 1487/1670/1640 1490/1669/1639
f 684/302/282 1493/1671/1641 696/1672/1027
f 696/1073/1017 1494/1673/1642 687/1069/1015
f 687/1069/1012 1492/340/320 682/341/321
f 1491/282/262 460/856/797 1493/1671/1641
f 1493/1674/1643 456/848/1644 1494/1673/1642
f 1494/1673/1645 453/339/319 1492/340/320
f 579/965/904 1497/1675/1646 582/969/1647
f 1497/1675/1648 583/968/1649 582/969/1650
f 583/968/1651 1498/1676/1652 589/974/915
f 1498/1676/1652 580/305/285 589/974/915
f 1495/277/257 437/828/769 1497/1675/1646
f 1497/1675/1648 437/834/1653 1498/1677/1654
f 1498/1677/1654 437/834/1653 442/832/1653
f 1498/1676/1652 436/229/209 1496/231/211
f 464/260/240 1501/1678/1655 473/871/810
f 473/871/810 1502/1679/1656 474/866/1657
f 474/866/1657 1503/1680/1658 467/861/802
f 467/861/802 1500/294/274 462/862/803
f 1499/259/239 640/1025/968 1501/1678/1655
f 1501/1678/1655 634/1019/962 1502/1679/1656
f 1502/1679/1656 633/1017/960 1503/1680/1658
f 1503/1680/1658 630/221/201 1500/294/274
f 1504/287/267 509/905/1659 504/286/266
f 509/905/1660 1507/1681/1661 510/904/1662
f 510/904/1663 1508/1682/1664 506/899/1663
f 506/899/1665 1505/197/177 502/194/174
f 719/301/281 1506/1683/1666 1504/287/267
f 1506/1683/1661 722/1104/1057 1507/1681/1661
f 1507/1681/1667 721/1105/1048 1508/1682/1664
f 1508/1682/1668 718/1101/1044 1505/197/177
f 758/366/343 1511/1684/1669 761/1685/1670
f 761/1685/1670 1512/1686/1671 760/1687/1672
f 760/1687/1673 1513/1688/1674 759/1689/1675
f 1513/1690/1674 757/521/480 759/1691/1675
f 1509/365/342 744/1692/1676 1511/1684/1669
f 1511/1684/1669 745/1693/1677 1512/1686/1671
f 1512/1686/1678 746/1694/1679 1513/1688/1674
f 746/1695/1679 1510/480/443 1513/1690/1674
f 1514/402/376 766/1696/1680 763/349/328
f 1516/1697/1681 765/1698/1682 766/1696/1680
f 1517/1699/1683 764/1700/1684 765/1698/1685
f 764/1701/1684 1515/460/426 762/362/339
f 747/532/489 1516/1697/1681 1514/402/376
f 749/1702/1686 1517/1699/1687 1516/1697/1681
f 750/1703/1688 1518/1704/1689 1517/1699/1683
f 1518/1705/1689 748/359/336 1515/460/426
f 1519/470/435 741/1706/1690 738/344/324
f 1521/1707/1691 740/1708/1692 741/1706/1690
f 1522/1709/1693 739/1710/1694 740/1708/1695
f 739/1710/1694 1520/1711/325 737/1712/334
f 758/366/343 1521/1707/1691 1519/470/435
f 761/1685/1670 1522/1709/1696 1521/1707/1691
f 760/1687/1673 1523/1713/1697 1522/1709/1693
f 1523/1713/1697 757/1714/480 1520/1711/325
f 753/499/459 1526/1715/1698 756/1716/1699
f 756/1716/1699 1527/1717/1700 755/1718/1701
f 755/1718/1702 1528/1719/1703 754/1720/1704
f 1528/1721/1703 752/351/329 754/1722/1704
f 1524/367/344 766/1696/1680 1526/1715/1698
f 1526/1715/1698 765/1698/1682 1527/1717/1700
f 1527/1717/1705 764/1700/1684 1528/1719/1703
f 764/1701/1684 1525/364/341 1528/1721/1703
f 768/500/460 1531/1723/1706 771/1724/1707
f 771/1724/1707 1532/1725/1708 770/1726/1709
f 770/1726/1710 1533/1727/1711 769/1728/1712
f 1533/1729/1711 767/370/346 769/1730/1712
f 1529/494/455 756/1716/1699 1531/1723/1706
f 1531/1723/1706 755/1718/1701 1532/1725/1708
f 1532/1725/1713 754/1720/1704 1533/1727/1711
f 754/1722/1704 1530/353/331 1533/1729/1711
f 742/356/333 1536/1731/1714 744/1692/1676
f 744/1692/1676 1537/1732/1715 745/1693/1677
f 745/1693/1716 1538/1733/1717 746/1694/1679
f 1538/1734/1717 743/376/352 746/1695/1679
f 1534/355/332 774/1735/1718 1536/1731/1714
f 1536/1731/1714 775/1736/1719 1537/1732/1715
f 1537/1732/1720 776/1737/1721 1538/1733/1717
f 776/1738/1721 1535/374/350 1538/1734/1717
f 772/385/360 1541/1739/1722 774/1735/1718
f 774/1735/1718 1542/1740/1723 775/1736/1719
f 775/1736/1724 1543/1741/1725 776/1737/1721
f 1543/1742/1725 773/373/349 776/1738/1721
f 1539/394/368 784/1743/1726 1541/1739/1722
f 1541/1739/1722 785/1744/1727 1542/1740/1723
f 1542/1740/1728 786/1745/1729 1543/1741/1725
f 786/1746/1729 1540/371/347 1543/1742/1725
f 778/533/490 1546/1747/1730 781/1748/1731
f 781/1748/1731 1547/1749/1732 780/1750/1733
f 780/1750/1734 1548/1751/1735 779/1752/1736
f 1548/1753/1735 777/380/356 779/1754/1736
f 1544/525/483 771/1724/1707 1546/1747/1730
f 1546/1747/1730 770/1726/1709 1547/1749/1732
f 1547/1749/1737 769/1728/1712 1548/1751/1735
f 769/1730/1712 1545/378/354 1548/1753/1735
f 1549/511/470 809/1755/1738 806/509/468
f 1551/1756/1739 808/1757/1740 809/1755/1738
f 1552/1758/1741 807/1759/1742 808/1757/1740
f 1553/1760/1743 805/390/365 807/1761/1742
f 788/1128/1075 1551/1756/1739 1549/511/470
f 798/1127/1074 1552/1758/1741 1551/1756/1739
f 791/1131/1078 1553/1762/1743 1552/1758/1741
f 790/1122/1069 1550/474/437 1553/1762/1743
f 782/393/367 1556/1763/1744 784/1743/1726
f 784/1743/1726 1557/1764/1745 785/1744/1727
f 785/1744/1746 1558/1765/1747 786/1745/1729
f 786/1746/1729 1555/381/357 783/383/359
f 1554/493/454 809/1755/1738 1556/1763/1744
f 1556/1763/1748 808/1757/1740 1557/1764/1745
f 1557/1764/1749 807/1759/1742 1558/1765/1747
f 807/1761/1742 1555/381/357 1558/1766/1747
f 788/1128/1075 1561/1767/1750 796/1126/1073
f 796/1126/1073 1562/1768/1751 797/1129/1076
f 797/1129/1085 1563/1769/1752 802/1137/1081
f 802/1134/1081 1560/387/362 789/389/364
f 1559/510/469 781/1748/1731 1561/1767/1750
f 1561/1767/1750 780/1750/1733 1562/1768/1751
f 1562/1768/1753 779/1752/1736 1563/1769/1752
f 1563/1770/1752 777/380/356 1560/387/362
f 1564/410/383 749/1702/1686 747/532/489
f 1566/1771/1754 750/1703/1755 749/1702/1686
f 1567/1772/1756 751/1773/1757 750/1703/1688
f 751/1774/1757 1565/503/462 748/359/336
f 815/469/434 1566/1771/1754 1564/410/383
f 817/1775/1758 1567/1772/1759 1566/1771/1754
f 818/1776/1760 1568/1777/1761 1567/1772/1756
f 1568/1778/1761 816/399/373 1565/503/462
f 1569/342/322 814/1779/1762 811/518/477
f 1571/1780/1763 813/1781/1764 814/1779/1762
f 1572/1782/1765 812/1783/1766 813/1781/1767
f 812/1784/1766 1570/395/369 810/397/371
f 738/344/324 1571/1780/1763 1569/342/322
f 741/1706/1690 1572/1782/1768 1571/1780/1763
f 740/1708/1695 1573/1785/1769 1572/1782/1765
f 1573/1785/1769 737/1712/334 1570/1786/369
f 827/1155/1105 1576/1787/1770 838/1153/1103
f 838/1153/1103 1577/1788/1771 839/1144/1092
f 839/1144/1092 1578/1789/1772 829/1140/1088
f 829/1790/1088 1575/461/427 825/517/476
f 1574/484/446 822/1791/1773 1576/1787/1770
f 1576/1787/1770 823/1792/1774 1577/1788/1771
f 1577/1788/1771 824/1793/1775 1578/1789/1772
f 1578/1794/1772 821/405/379 1575/461/427
f 1579/485/447 817/1775/1758 815/469/434
f 1581/1795/1776 818/1776/1777 817/1775/1758
f 1582/1796/1778 819/1797/1779 818/1776/1760
f 1583/1798/1780 816/399/373 819/1799/1779
f 827/1155/1105 1581/1795/1776 1579/485/447
f 840/1154/1104 1582/1796/1781 1581/1795/1776
f 834/1157/1782 1583/1800/1780 1582/1796/1778
f 833/1801/1097 1580/407/381 1583/1798/1780
f 1584/487/449 822/1791/1773 820/486/448
f 1586/1802/1783 823/1792/1774 822/1791/1773
f 1587/1803/1784 824/1793/1775 823/1792/1774
f 824/1804/1775 1585/403/377 821/405/379
f 811/518/477 1586/1802/1783 1584/487/449
f 814/1779/1762 1587/1803/1785 1586/1802/1783
f 813/1781/1767 1588/1805/1786 1587/1803/1784
f 812/1784/1766 1585/403/377 1588/1806/1786
f 1589/483/445 867/1807/1787 864/412/384
f 1591/1808/1788 866/1809/1789 867/1807/1787
f 1592/1810/1790 865/1811/1791 866/1809/1789
f 1593/1812/1792 863/531/488 865/1811/1791
f 848/432/402 1591/1808/1788 1589/483/445
f 850/1813/1793 1592/1810/1790 1591/1808/1788
f 851/1814/1794 1593/1812/1792 1592/1810/1790
f 852/1815/1795 1590/530/487 1593/1812/1792
f 869/426/396 1596/1816/1796 872/1817/1797
f 872/1817/1797 1597/1818/1798 871/1819/1799
f 871/1819/1799 1598/1820/1800 870/1821/1801
f 870/1821/1801 1595/464/430 868/467/433
f 1594/425/395 855/1822/1802 1596/1816/1796
f 1596/1816/1796 856/1823/1803 1597/1818/1798
f 1597/1818/1798 857/1824/1804 1598/1820/1800
f 1598/1820/1800 854/465/431 1595/464/430
f 844/422/392 1601/1825/1805 847/1826/1806
f 847/1826/1806 1602/1827/1807 846/1828/1808
f 846/1828/1808 1603/1829/1809 845/1830/1810
f 845/1830/1810 1600/481/444 843/447/416
f 1599/413/385 867/1807/1787 1601/1825/1805
f 1601/1825/1805 866/1809/1789 1602/1827/1807
f 1602/1827/1807 865/1811/1791 1603/1829/1809
f 1603/1829/1809 863/531/488 1600/481/444
f 1604/427/397 862/1831/1811 859/466/432
f 1606/1832/1812 861/1833/1813 862/1831/1811
f 1607/1834/1814 860/1835/1815 861/1833/1813
f 1608/1836/1816 858/522/481 860/1835/1815
f 869/426/396 1606/1832/1812 1604/427/397
f 872/1817/1797 1607/1834/1814 1606/1832/1812
f 871/1819/1799 1608/1836/1816 1607/1834/1814
f 870/1821/1801 1605/502/461 1608/1836/1816
f 1609/418/389 877/1837/1817 874/496/456
f 1611/1838/1818 876/1839/1819 877/1837/1817
f 1612/1840/1820 875/1841/1821 876/1839/1819
f 1613/1842/1822 873/419/390 875/1841/1821
f 859/466/432 1611/1838/1818 1609/418/389
f 862/1831/1811 1612/1840/1820 1611/1838/1818
f 861/1833/1813 1613/1842/1822 1612/1840/1820
f 860/1835/1815 1610/435/405 1613/1842/1822
f 1614/433/403 850/1813/1793 848/432/402
f 1616/1843/1823 851/1814/1794 850/1813/1793
f 1617/1844/1824 852/1815/1795 851/1814/1794
f 1618/1845/1825 849/529/486 852/1815/1795
f 878/438/407 1616/1843/1823 1614/433/403
f 880/1846/1826 1617/1844/1824 1616/1843/1823
f 881/1847/1827 1618/1845/1825 1617/1844/1824
f 882/1848/1828 1615/415/387 1618/1845/1825
f 1619/439/408 880/1846/1826 878/438/407
f 1621/1849/1829 881/1847/1827 880/1846/1826
f 1622/1850/1830 882/1848/1828 881/1847/1827
f 1623/1851/1831 879/479/442 882/1848/1828
f 888/443/412 1621/1849/1829 1619/439/408
f 890/1852/1832 1622/1850/1830 1621/1849/1829
f 891/1853/1833 1623/1851/1831 1622/1850/1830
f 892/1854/1834 1620/523/482 1623/1851/1831
f 1624/434/404 887/1855/1835 884/526/484
f 1626/1856/1836 886/1857/1837 887/1855/1835
f 1627/1858/1838 885/1859/1839 886/1857/1837
f 1628/1860/1840 883/442/411 885/1859/1839
f 874/496/456 1626/1856/1836 1624/434/404
f 877/1837/1817 1627/1858/1838 1626/1856/1836
f 876/1839/1819 1628/1860/1840 1627/1858/1838
f 875/1841/1821 1625/421/391 1628/1860/1840
f 911/528/485 1631/1861/1841 914/1862/1842
f 914/1862/1842 1632/1863/1843 913/1864/1844
f 913/1864/1844 1633/1865/1845 912/1866/1846
f 912/1866/1846 1630/513/472 910/515/474
f 1629/1867/441 897/1160/1110 1631/1861/1841
f 1631/1861/1841 906/1164/1114 1632/1863/1843
f 1632/1863/1843 905/1170/1122 1633/1865/1845
f 1633/1865/1845 895/514/473 1630/513/472
f 1634/445/414 890/1852/1832 888/443/412
f 1636/1868/1847 891/1853/1833 890/1852/1832
f 1637/1869/1848 892/1854/1834 891/1853/1833
f 1638/1870/1849 889/520/479 892/1854/1834
f 911/528/485 1636/1868/1847 1634/445/414
f 914/1862/1842 1637/1869/1848 1636/1868/1847
f 913/1864/1844 1638/1870/1849 1637/1869/1848
f 912/1866/1846 1635/497/457 1638/1870/1849
f 1639/440/409 901/1168/1118 894/446/415
f 1641/1871/1850 902/1173/1125 901/1168/1118
f 1642/1872/1851 907/1171/1123 902/1173/1125
f 1643/1873/1852 895/514/473 907/1171/1123
f 884/526/484 1641/1871/1850 1639/440/409
f 887/1855/1835 1642/1872/1851 1641/1871/1850
f 886/1857/1837 1643/1873/1852 1642/1872/1851
f 885/1859/1839 1640/512/471 1643/1873/1852
f 853/429/399 1646/1874/1853 855/1822/1802
f 855/1822/1802 1647/1875/1854 856/1823/1803
f 856/1823/1803 1648/1876/1855 857/1824/1804
f 857/1824/1804 1645/507/466 854/465/431
f 1644/450/417 922/1877/1856 1646/1874/1853
f 1646/1874/1853 923/1878/1857 1647/1875/1854
f 1647/1875/1854 924/1879/1858 1648/1876/1855
f 1648/1876/1855 921/471/436 1645/507/466
f 916/452/419 1651/1880/1859 919/1881/1860
f 919/1881/1860 1652/1882/1861 918/1883/1862
f 918/1883/1862 1653/1884/1863 917/1885/1864
f 917/1885/1864 1650/456/422 915/455/421
f 1649/423/393 847/1826/1806 1651/1880/1859
f 1651/1880/1859 846/1828/1808 1652/1882/1861
f 1652/1882/1861 845/1830/1810 1653/1884/1863
f 1653/1884/1863 843/447/416 1650/456/422
f 1654/463/429 933/1176/1129 930/519/478
f 1656/1886/1865 934/1185/1138 933/1176/1129
f 1657/1887/1866 941/1181/1134 934/1185/1138
f 1658/1888/1867 931/1182/1135 941/1181/1134
f 925/459/425 1656/1886/1865 1654/463/429
f 927/1889/1868 1657/1887/1866 1656/1886/1865
f 928/1890/1869 1658/1888/1867 1657/1887/1866
f 929/1891/1870 1655/491/453 1658/1888/1867
f 920/451/418 1661/1892/1871 922/1877/1856
f 922/1877/1856 1662/1893/1872 923/1878/1857
f 923/1878/1857 1663/1894/1873 924/1879/1858
f 924/1879/1858 1660/490/452 921/471/436
f 1659/457/423 944/1188/1142 1661/1892/1871
f 1661/1892/1871 940/1183/1136 1662/1893/1872
f 1662/1893/1872 939/1180/1133 1663/1894/1873
f 1663/1894/1873 931/1182/1135 1660/490/452
f 925/459/425 1666/1895/1874 927/1889/1868
f 927/1889/1868 1667/1896/1875 928/1890/1869
f 928/1890/1869 1668/1897/1876 929/1891/1870
f 929/1891/1870 1665/489/451 926/488/450
f 1664/453/420 919/1881/1860 1666/1895/1874
f 1666/1895/1874 918/1883/1862 1667/1896/1875
f 1667/1896/1875 917/1885/1864 1668/1897/1876
f 1668/1897/1876 915/455/421 1665/489/451
f 932/458/424 1671/1898/1877 935/1899/1143
f 935/1175/1128 1670/516/475 930/519/478
f 1669/408/382 835/1148/1878 1671/1898/1877
f 1671/1898/1879 835/1148/1880 828/1900/1879
f 1671/1901/1881 825/517/476 1670/516/475
f 1672/388/363 801/1902/1882 789/389/364
f 801/1902/1883 1674/1903/1883 792/1904/1883
f 1674/1905/1884 787/1119/1066 792/1121/1068
f 894/446/415 1674/1906/1885 1672/388/363
f 896/1907/1111 1673/475/438 1674/1905/1884
f 968/555/509 1677/1908/1886 971/1909/1887
f 971/1909/1887 1678/1910/1888 970/1911/1889
f 970/1911/1890 1679/1912/1891 969/1913/1892
f 1679/1914/1891 967/708/649 969/1915/1892
f 1675/554/508 954/1916/1893 1677/1908/1886
f 1677/1908/1886 955/1917/1894 1678/1910/1888
f 1678/1910/1895 956/1918/1896 1679/1912/1891
f 956/1919/1896 1676/670/613 1679/1914/1891
f 1680/591/543 976/1920/1897 973/538/494
f 1682/1921/1898 975/1922/1899 976/1923/1897
f 1683/1924/1900 974/1925/1901 975/1922/1902
f 974/1925/1901 1681/650/596 972/551/505
f 957/719/659 1682/1926/1898 1680/591/543
f 959/1927/1903 1683/1924/1904 1682/1921/1898
f 960/1928/1905 1684/1929/1906 1683/1924/1900
f 1684/1929/1906 958/548/502 1681/650/596
f 1685/660/605 951/1930/1907 948/506/465
f 1687/1931/1908 950/1932/1909 951/1930/1907
f 1688/1933/1910 949/1934/1911 950/1932/1912
f 949/1935/1911 1686/534/491 947/546/500
f 968/555/509 1687/1931/1908 1685/660/605
f 971/1909/1887 1688/1933/1913 1687/1931/1908
f 970/1911/1890 1689/1936/1914 1688/1933/1910
f 1689/1937/1914 967/708/649 1686/534/491
f 963/689/631 1692/1938/1915 966/1939/1916
f 966/1940/1916 1693/1941/1917 965/1942/1918
f 965/1942/1919 1694/1943/1920 964/1944/1921
f 1694/1943/1920 962/540/495 964/1944/1921
f 1690/556/510 976/1920/1897 1692/1938/1915
f 1692/1945/1915 975/1922/1899 1693/1941/1917
f 1693/1941/1922 974/1925/1901 1694/1943/1920
f 974/1925/1901 1691/553/507 1694/1943/1920
f 978/690/632 1697/1946/1923 981/1947/1924
f 981/1947/1924 1698/1948/1925 980/1949/1926
f 980/1950/1927 1699/1951/1928 979/1952/1929
f 1699/1951/1928 977/559/512 979/1952/1929
f 1695/684/626 966/1939/1916 1697/1946/1923
f 1697/1953/1923 965/1942/1918 1698/1954/1925
f 1698/1954/1930 964/1944/1921 1699/1951/1928
f 964/1944/1921 1696/542/497 1699/1951/1928
f 952/545/499 1702/1955/1931 954/1916/1893
f 954/1916/1893 1703/1956/1932 955/1917/1894
f 955/1917/1933 1704/1957/1934 956/1918/1896
f 1704/1958/1934 953/565/518 956/1919/1896
f 1700/544/498 984/1959/1935 1702/1955/1931
f 1702/1955/1931 985/1960/1936 1703/1956/1932
f 1703/1956/1937 986/1961/1938 1704/1957/1934
f 986/1961/1938 1701/1962/516 1704/1957/1934
f 982/574/526 1707/1963/1939 984/1959/1935
f 984/1959/1935 1708/1964/1940 985/1960/1936
f 985/1960/1941 1709/1965/1942 986/1961/1938
f 1709/1965/1942 983/1966/515 986/1961/1938
f 1705/583/535 994/1967/1943 1707/1963/1939
f 1707/1963/1939 995/1968/1944 1708/1964/1940
f 1708/1964/1945 996/1969/1946 1709/1965/1942
f 996/1969/1946 1706/1970/513 1709/1965/1942
f 988/720/660 1712/1971/1947 991/1972/1948
f 991/1972/1948 1713/1973/1949 990/1974/1950
f 990/1975/1951 1714/1976/1952 989/1977/1953
f 1714/1976/1952 987/569/522 989/1977/1953
f 1710/713/654 981/1947/1924 1712/1971/1947
f 1712/1971/1947 980/1949/1926 1713/1973/1949
f 1713/1978/1954 979/1952/1929 1714/1976/1952
f 979/1952/1929 1711/567/520 1714/1976/1952
f 1715/698/639 1028/1228/1182 1017/696/637
f 1717/1979/1955 1029/1216/1172 1028/1228/1182
f 1718/1980/1956 1020/1213/1169 1029/1216/1172
f 1719/1981/1957 1015/712/653 1020/1213/1169
f 998/1200/1156 1717/1979/1955 1715/698/639
f 1008/1199/1155 1718/1980/1956 1717/1979/1955
f 1001/1203/1159 1719/1981/1957 1718/1980/1956
f 1000/1193/1149 1716/664/607 1719/1981/1957
f 992/582/534 1722/1982/1958 994/1967/1943
f 994/1967/1943 1723/1983/1959 995/1968/1944
f 995/1968/1960 1724/1984/1961 996/1969/1946
f 996/1969/1946 1721/1985/523 993/1986/525
f 1720/683/625 1030/1227/1181 1722/1982/1958
f 1722/1982/1962 1024/1222/1185 1723/1983/1959
f 1723/1983/1963 1023/1219/1175 1724/1984/1961
f 1724/1984/1961 1016/1221/531 1721/1985/523
f 998/1200/1156 1727/1987/1964 1006/1198/1154
f 1006/1198/1154 1728/1988/1965 1007/1201/1157
f 1007/1210/1166 1729/1989/1966 1012/1206/1162
f 1012/1206/1162 1726/576/528 999/578/530
f 1725/697/638 991/1972/1948 1727/1987/1964
f 1727/1987/1964 990/1974/1950 1728/1988/1965
f 1728/1990/1967 989/1977/1953 1729/1989/1966
f 1729/1989/1966 987/569/522 1726/576/528
f 1730/599/550 959/1991/1903 957/719/659
f 1732/1992/1968 960/1928/1969 959/1927/1903
f 1733/1993/1970 961/1994/1971 960/1928/1905
f 961/1994/1971 1731/693/634 958/548/502
f 1038/659/604 1732/1995/1968 1730/599/550
f 1040/1996/1972 1733/1993/1973 1732/1992/1968
f 1041/1997/1974 1734/1998/1975 1733/1993/1970
f 1734/1998/1975 1039/588/540 1731/693/634
f 1735/504/463 1037/1999/1976 1034/705/646
f 1737/2000/1977 1036/2001/1978 1037/1999/1976
f 1738/2002/1979 1035/2003/1980 1036/2001/1981
f 1035/2004/1980 1736/584/536 1033/586/538
f 948/506/465 1737/2000/1977 1735/504/463
f 951/1930/1907 1738/2002/1982 1737/2000/1977
f 950/1932/1912 1739/2005/1983 1738/2002/1979
f 1739/2006/1983 947/546/500 1736/584/536
f 1050/1247/1205 1742/2007/1984 1061/1245/1203
f 1061/1245/1203 1743/2008/1985 1062/1235/1192
f 1062/1235/1192 1744/2009/1986 1052/1231/1188
f 1052/1231/1188 1741/2010/597 1048/1229/645
f 1740/674/616 1045/2011/1987 1742/2007/1984
f 1742/2007/1984 1046/2012/1988 1743/2008/1985
f 1743/2008/1985 1047/2013/1989 1744/2009/1986
f 1744/2014/1986 1044/594/546 1741/651/597
f 1745/675/617 1040/2015/1972 1038/659/604
f 1747/2016/1990 1041/1997/1991 1040/1996/1972
f 1748/2017/1992 1042/2018/1993 1041/1997/1974
f 1749/2019/1994 1039/588/540 1042/2018/1993
f 1050/1247/1205 1747/2020/1990 1745/675/617
f 1063/2021/1204 1748/2017/1995 1747/2016/1990
f 1057/2022/1996 1749/2019/1994 1748/2017/1992
f 1056/1240/1197 1746/596/548 1749/2019/1994
f 1750/677/619 1045/2011/1987 1043/676/618
f 1752/2023/1997 1046/2012/1988 1045/2011/1987
f 1753/2024/1998 1047/2013/1989 1046/2012/1988
f 1047/2025/1989 1751/592/544 1044/594/546
f 1034/705/646 1752/2023/1997 1750/677/619
f 1037/1999/1976 1753/2024/1999 1752/2023/1997
f 1036/2001/1981 1754/2026/2000 1753/2024/1998
f 1035/2004/1980 1751/592/544 1754/2027/2000
f 1755/673/615 1090/2028/2001 1087/601/551
f 1757/2029/2002 1089/2030/2003 1090/2028/2001
f 1758/2031/2004 1088/2032/2005 1089/2030/2003
f 1759/2033/2006 1086/718/658 1088/2032/2005
f 1071/621/570 1757/2029/2002 1755/673/615
f 1073/2034/2007 1758/2031/2004 1757/2029/2002
f 1074/2035/2008 1759/2033/2006 1758/2031/2004
f 1075/2036/2009 1756/717/657 1759/2033/2006
f 1092/615/564 1762/2037/2010 1095/2038/2011
f 1095/2038/2011 1763/2039/2012 1094/2040/2013
f 1094/2040/2013 1764/2041/2014 1093/2042/2015
f 1093/2042/2015 1761/654/600 1091/657/603
f 1760/614/563 1078/2043/2016 1762/2037/2010
f 1762/2037/2010 1079/2044/2017 1763/2039/2012
f 1763/2039/2012 1080/2045/2018 1764/2041/2014
f 1764/2041/2014 1077/655/601 1761/654/600
f 1067/611/560 1767/2046/2019 1070/2047/2020
f 1070/2047/2020 1768/2048/2021 1069/2049/2022
f 1069/2049/2022 1769/2050/2023 1068/2051/2024
f 1068/2051/2024 1766/671/614 1066/637/586
f 1765/602/552 1090/2028/2001 1767/2046/2019
f 1767/2046/2019 1089/2030/2003 1768/2048/2021
f 1768/2048/2021 1088/2032/2005 1769/2050/2023
f 1769/2050/2023 1086/718/658 1766/671/614
f 1770/616/565 1085/2052/2025 1082/656/602
f 1772/2053/2026 1084/2054/2027 1085/2052/2025
f 1773/2055/2028 1083/2056/2029 1084/2054/2027
f 1774/2057/2030 1081/709/650 1083/2056/2029
f 1092/615/564 1772/2053/2026 1770/616/565
f 1095/2038/2011 1773/2055/2028 1772/2053/2026
f 1094/2040/2013 1774/2057/2030 1773/2055/2028
f 1093/2042/2015 1771/692/633 1774/2057/2030
f 1775/607/556 1100/2058/2031 1097/686/628
f 1777/2059/2032 1099/2060/2033 1100/2058/2031
f 1778/2061/2034 1098/2062/2035 1099/2060/2033
f 1779/2063/2036 1096/608/557 1098/2062/2035
f 1082/656/602 1777/2059/2032 1775/607/556
f 1085/2052/2025 1778/2061/2034 1777/2059/2032
f 1084/2054/2027 1779/2063/2036 1778/2061/2034
f 1083/2056/2029 1776/624/573 1779/2063/2036
f 1780/622/571 1073/2034/2007 1071/621/570
f 1782/2064/2037 1074/2035/2008 1073/2034/2007
f 1783/2065/2038 1075/2036/2009 1074/2035/2008
f 1784/2066/2039 1072/716/656 1075/2036/2009
f 1101/627/576 1782/2064/2037 1780/622/571
f 1103/2067/2040 1783/2065/2038 1782/2064/2037
f 1104/2068/2041 1784/2066/2039 1783/2065/2038
f 1105/2069/2042 1781/604/554 1784/2066/2039
f 1785/628/577 1103/2067/2040 1101/627/576
f 1787/2070/2043 1104/2068/2041 1103/2067/2040
f 1788/2071/2044 1105/2069/2042 1104/2068/2041
f 1789/2072/2045 1102/669/612 1105/2069/2042
f 1111/632/581 1787/2070/2043 1785/628/577
f 1113/2073/2046 1788/2071/2044 1787/2070/2043
f 1114/2074/2047 1789/2072/2045 1788/2071/2044
f 1115/2075/2048 1786/710/651 1789/2072/2045
f 1790/623/572 1110/2076/2049 1107/714/655
f 1792/2077/2050 1109/2078/2051 1110/2076/2049
f 1793/2079/2052 1108/2080/2053 1109/2078/2051
f 1794/2081/2054 1106/631/580 1108/2080/2053
f 1097/686/628 1792/2077/2050 1790/623/572
f 1100/2058/2031 1793/2079/2052 1792/2077/2050
f 1099/2060/2033 1794/2081/2054 1793/2079/2052
f 1098/2062/2035 1791/610/559 1794/2081/2054
f 1795/668/611 1137/2082/2055 1134/715/583
f 1137/2082/2055 1798/2083/2056 1136/2084/2057
f 1136/2084/2057 1799/2085/2058 1135/2086/2059
f 1135/2086/2059 1796/2087/641 1133/2088/643
f 1795/668/611 1120/1252/1210 1797/2089/2060
f 1797/2089/2060 1129/1256/1214 1798/2083/2056
f 1798/2083/2056 1128/1264/1222 1799/2085/2058
f 1799/2085/2058 1118/1266/642 1796/2087/641
f 1800/635/584 1113/2073/2046 1111/632/581
f 1802/2090/2061 1114/2074/2047 1113/2073/2046
f 1803/2091/2062 1115/2075/2048 1114/2074/2047
f 1804/2092/2063 1112/707/648 1115/2075/2048
f 1134/634/583 1802/2090/2061 1800/635/584
f 1137/2093/2055 1803/2091/2062 1802/2090/2061
f 1136/2094/2057 1804/2092/2063 1803/2091/2062
f 1135/2095/2059 1801/687/629 1804/2092/2063
f 1805/629/578 1124/1260/1218 1117/636/585
f 1807/2096/2064 1125/2097/1225 1124/1260/1218
f 1808/2098/2065 1130/2099/1223 1125/2097/1225
f 1809/2100/2066 1118/701/642 1130/2099/1223
f 1107/714/655 1807/2096/2064 1805/629/578
f 1110/2076/2049 1808/2098/2065 1807/2096/2064
f 1109/2078/2051 1809/2100/2066 1808/2098/2065
f 1108/2080/2053 1806/699/640 1809/2100/2066
f 1076/618/567 1812/2101/2067 1078/2043/2016
f 1078/2043/2016 1813/2102/2068 1079/2044/2017
f 1079/2044/2017 1814/2103/2069 1080/2045/2018
f 1080/2045/2018 1811/694/635 1077/655/601
f 1810/640/587 1145/2104/2070 1812/2101/2067
f 1812/2101/2067 1146/2105/2071 1813/2102/2068
f 1813/2102/2068 1147/2106/2072 1814/2103/2069
f 1814/2103/2069 1144/661/606 1811/694/635
f 1139/642/589 1817/2107/2073 1142/2108/2074
f 1142/2108/2074 1818/2109/2075 1141/2110/2076
f 1141/2110/2076 1819/2111/2077 1140/2112/2078
f 1140/2112/2078 1816/646/592 1138/645/591
f 1815/612/561 1070/2047/2020 1817/2107/2073
f 1817/2107/2073 1069/2049/2022 1818/2109/2075
f 1818/2109/2075 1068/2051/2024 1819/2111/2077
f 1819/2111/2077 1066/637/586 1816/646/592
f 1820/653/599 1156/1272/1229 1153/706/647
f 1822/2113/2079 1157/1281/1239 1156/1272/1229
f 1823/2114/2080 1163/1277/1235 1157/1281/1239
f 1824/2115/2081 1154/1278/1236 1163/1277/1235
f 1148/649/595 1822/2113/2079 1820/653/599
f 1150/2116/2082 1823/2114/2080 1822/2113/2079
f 1151/2117/2083 1824/2115/2081 1823/2114/2080
f 1152/2118/2084 1821/681/623 1824/2115/2081
f 1143/641/588 1827/2119/2085 1145/2104/2070
f 1145/2104/2070 1828/2120/2086 1146/2105/2071
f 1146/2105/2071 1829/2121/2087 1147/2106/2072
f 1147/2106/2072 1826/680/622 1144/661/606
f 1825/647/593 1167/1284/1243 1827/2119/2085
f 1827/2119/2085 1162/1279/1237 1828/2120/2086
f 1828/2120/2086 1161/1276/1234 1829/2121/2087
f 1829/2121/2087 1154/1278/1236 1826/680/622
f 1148/649/595 1832/2122/2088 1150/2116/2082
f 1150/2116/2082 1833/2123/2089 1151/2117/2083
f 1151/2117/2083 1834/2124/2090 1152/2118/2084
f 1152/2118/2084 1831/679/621 1149/678/620
f 1830/643/590 1142/2108/2074 1832/2122/2088
f 1832/2122/2088 1141/2110/2076 1833/2123/2089
f 1833/2123/2089 1140/2112/2078 1834/2124/2090
f 1834/2124/2090 1138/645/591 1831/679/621
f 1155/648/594 1837/2125/2091 1166/2126/1244
f 1166/2127/2092 1836/2128/644 1153/2129/2093
f 1835/597/549 1058/1239/2094 1837/2125/2091
f 1837/2125/2095 1058/1239/2095 1051/1243/2095
f 1837/2130/2096 1048/1229/645 1836/2128/644
f 1838/577/529 1011/2131/1163 999/578/530
f 1011/1196/2097 1840/2132/2097 1002/1192/2098
f 1840/2132/2099 997/1190/1146 1002/1192/2100
f 1117/636/585 1840/2133/2101 1838/577/529
f 1119/2134/1211 1839/665/608 1840/2132/2099
f 1841/1303/582 1025/1220/1176 1844/1304/1267
f 1844/1304/1267 1019/1214/1170 1845/1306/1269
f 1845/1306/1269 1018/1212/1168 1846/1307/1270
f 1846/1307/1270 1015/712/653 1842/711/652
f 449/843/789 448/2135/2102 447/847/781
f 451/1580/1524 450/841/2103 452/2136/1535
f 461/1604/2104 1848/853/800 459/2137/799
f 511/907/846 505/903/839 1849/902/2105
f 483/1599/1548 484/2138/1550 1850/1597/2106
f 441/1579/2107 440/2139/778 1847/1577/777
f 199/16/13 1197/4/4 105/6/6
f 1222/37/33 107/36/32 23/38/34
f 1237/46/41 114/45/40 1349/47/42
f 1262/62/57 272/56/51 17/57/52
f 105/6/6 20/5/5 326/71/64
f 10/73/66 311/186/166 1292/74/67
f 24/76/68 321/125/112 1286/77/69
f 335/78/70 8/95/66 97/79/71
f 103/55/50 16/17/14 306/81/73
f 15/83/75 102/87/79 1271/84/76
f 116/90/82 1291/92/84 310/91/83
f 22/28/24 336/155/136 1301/93/85
f 1287/94/86 96/75/66 8/95/66
f 23/38/34 346/184/164 1316/99/90
f 1302/80/72 97/79/71 11/100/71
f 114/45/40 1316/99/90 356/105/95
f 305/106/96 1277/140/124 95/107/66
f 14/20/17 101/19/16 1321/109/97
f 101/19/16 13/60/55 382/110/98
f 111/63/58 17/57/52 378/111/99
f 99/113/66 12/132/66 377/114/101
f 21/65/60 111/63/58 1341/112/100
f 7/108/66 95/107/66 1272/123/110
f 108/22/19 1281/86/78 321/125/112
f 95/107/66 9/141/66 330/126/113
f 16/17/14 105/6/6 1276/72/65
f 383/130/116 1337/149/132 100/131/66
f 96/75/66 1292/74/67 341/138/122
f 1277/140/124 325/188/168 9/141/66
f 26/34/30 310/91/83 1266/142/125
f 100/131/66 1332/150/133 388/147/130
f 1337/149/132 393/783/731 1332/150/133
f 113/11/9 1286/77/69 336/155/136
f 11/100/71 351/179/159 1312/156/137
f 94/160/66 1282/161/141 330/126/113
f 10/73/66 320/181/161 1282/161/141
f 7/108/66 99/113/66 1327/115/102
f 1379/163/143 136/206/186 1469/164/144
f 1322/166/146 383/130/116 12/132/66
f 1317/171/151 98/157/138 1307/172/152
f 98/157/138 1312/156/137 372/174/154
f 17/57/52 103/55/50 1326/82/74
f 12/132/66 100/131/66 1342/148/131
f 97/79/71 1297/182/162 351/179/159
f 320/181/161 10/73/66 96/75/66
f 8/95/66 341/138/122 1297/182/162
f 107/36/32 1301/93/85 346/184/164
f 311/186/166 10/73/66 94/160/66
f 1267/187/167 94/160/66 9/141/66
f 345/101/91 11/100/71 98/157/138
f 316/124/111 1322/166/146 99/113/66
f 478/202/182 32/228/208 126/203/183
f 434/205/185 1495/277/257 136/206/186
f 445/212/192 1389/313/293 123/213/193
f 424/215/195 1394/293/273 134/216/196
f 1430/218/198 131/333/313 1435/219/199
f 134/216/196 1500/294/274 630/221/201
f 27/223/203 532/256/236 1372/224/204
f 31/225/205 126/203/183 1376/226/206
f 32/228/208 514/295/275 1376/226/206
f 411/240/220 28/269/249 121/241/221
f 30/248/228 124/273/253 1357/249/229
f 445/212/192 29/214/194 122/253/233
f 27/223/203 121/241/221 1352/255/235
f 1399/258/238 137/209/189 1499/259/239
f 1405/261/241 425/819/1556 1479/262/242
f 479/266/246 1405/261/241 118/263/243
f 477/268/248 1482/207/187 137/209/189
f 28/269/249 122/253/233 1367/270/250
f 29/214/194 512/276/256 1367/270/250
f 426/272/252 31/225/205 124/273/253
f 29/214/194 123/213/193 1372/224/204
f 1495/277/257 579/965/904 1425/278/258
f 28/269/249 548/271/251 1352/255/235
f 30/248/228 549/250/230 1366/291/271
f 31/225/205 567/227/207 1357/249/229
f 1394/293/273 462/862/803 1500/294/274
f 32/228/208 125/292/272 1366/291/271
f 568/296/276 1375/246/226 120/297/277
f 33/235/215 127/251/231 1353/257/237
f 118/263/243 1479/262/242 650/308/288
f 1483/267/247 118/263/243 1449/309/289
f 435/312/292 27/223/203 123/213/193
f 136/206/186 1425/278/258 596/317/297
f 426/272/252 1404/204/184 126/203/183
f 463/318/298 1395/274/254 124/273/253
f 632/319/299 1444/335/315 132/320/300
f 1439/321/301 132/320/300 1450/322/302
f 411/240/220 1384/254/234 122/253/233
f 435/312/292 1380/242/222 121/241/221
f 1435/219/199 131/333/313 1424/330/310
f 597/332/312 1424/330/310 131/333/313
f 463/318/298 30/248/228 125/292/272
f 478/202/182 1400/334/314 125/292/272
f 1450/322/302 132/320/300 1444/335/315
f 134/216/196 1440/222/202 648/337/317
f 1686/534/491 967/708/649 81/535/492
f 947/546/500 1686/534/491 187/536/493
f 1706/560/513 186/626/575 80/561/514
f 1701/563/516 198/620/569 86/564/517
f 1721/570/523 194/580/532 79/571/524
f 1736/584/536 947/546/500 77/547/501
f 1033/586/538 1736/584/536 185/585/537
f 1751/592/544 1033/586/538 78/587/539
f 187/536/493 81/535/492 1087/601/551
f 71/603/553 1072/716/656 1781/604/554
f 85/606/555 1082/656/602 1775/607/556
f 1096/608/557 69/625/574 179/609/558
f 185/585/537 77/547/501 1067/611/560
f 76/613/562 184/617/566 1760/614/563
f 76/613/562 1092/615/564 1770/616/565
f 184/617/566 75/550/504 1076/618/567
f 197/619/568 1755/673/615 1087/601/551
f 198/620/569 1780/622/571 1071/621/570
f 80/561/514 1101/627/576 1780/622/571
f 1776/624/573 178/605/553 69/625/574
f 186/626/575 1785/628/577 1101/627/576
f 79/571/524 1111/632/581 1785/628/577
f 1791/610/559 179/609/558 72/630/579
f 194/580/532 1800/635/584 1111/632/581
f 1800/635/584 194/580/532 1841/633/582
f 1841/633/582 1843/2140/1268 1134/634/583
f 1066/637/586 1766/671/614 177/638/553
f 75/550/504 183/549/503 1810/640/587
f 183/549/503 74/590/542 1143/641/588
f 181/644/553 73/663/553 1138/645/591
f 74/590/542 191/589/541 1825/647/593
f 191/589/541 1835/597/549 1155/648/594
f 1681/650/596 958/548/502 75/550/504
f 68/639/553 177/638/553 1761/654/600
f 190/552/506 1770/616/565 1082/656/602
f 177/638/553 70/672/553 1091/657/603
f 77/547/501 187/536/493 1765/602/552
f 1144/661/606 1826/680/622 182/662/553
f 983/562/515 80/561/514 198/620/569
f 178/605/553 1781/604/554 1102/669/612
f 953/565/518 86/564/517 197/619/568
f 1766/671/614 1086/718/658 70/672/553
f 86/564/517 1071/621/570 1755/673/615
f 182/662/553 1821/681/623 1149/678/620
f 1826/680/622 1154/1278/1236 1821/681/623
f 195/541/496 1775/607/556 1097/686/628
f 72/630/579 1112/707/648 1801/687/629
f 176/691/553 1771/692/633 1091/657/603
f 71/603/553 1081/709/650 1771/692/633
f 68/639/553 181/644/553 1816/646/592
f 1811/694/635 1144/661/606 73/663/553
f 1806/699/640 180/688/630 1796/700/641
f 180/688/630 1801/687/629 1133/702/643
f 188/652/598 1820/653/599 1153/706/647
f 993/572/525 79/571/524 186/626/575
f 73/663/553 182/662/553 1831/679/621
f 179/609/558 1786/710/651 1112/707/648
f 1676/670/613 197/619/568 81/535/492
f 1081/709/650 71/603/553 178/605/553
f 69/625/574 1102/669/612 1786/710/651
f 1072/716/656 71/603/553 176/691/553
f 1756/717/657 176/691/553 70/672/553
f 1106/631/580 72/630/579 180/688/630
f 1077/655/601 1811/694/635 181/644/553
f 314/1442/1397 311/186/166 1267/187/167
f 1274/1445/1400 318/1450/1405 319/1451/1406
f 1279/1454/1409 328/1436/1391 327/1438/1393
f 322/1462/1417 320/181/161 1287/94/86
f 344/1475/1430 341/138/122 1292/74/67
f 1300/1478/1433 1297/182/162 341/138/122
f 1304/1485/1440 1305/1487/1442 347/1486/1441
f 336/155/136 339/1464/1419 1303/1483/1438
f 1316/99/90 1318/1497/1452 362/767/714
f 347/1486/1441 345/101/91 1317/171/151
f 1323/1500/1455 384/1503/1458 385/1504/1459
f 379/1511/1466 1330/1510/1465 1327/115/102
f 1328/1506/1461 309/1453/1408 308/1455/1410
f 1338/1522/1473 406/792/738 402/784/732
f 563/953/892 562/961/900 1356/1544/1492
f 562/961/900 550/298/278 1353/257/237
f 1357/249/229 1359/1545/1493 557/956/895
f 558/958/897 1360/1548/1496 1361/1546/1494
f 1361/1546/1494 576/1549/1497 569/265/245
f 514/295/275 1366/291/271 1368/1558/1505
f 526/926/866 1368/1558/1505 1369/1559/1506
f 1369/1559/1506 1370/1560/1507 517/911/851
f 1370/1560/1507 1367/270/250 512/276/256
f 1366/291/271 549/250/230 559/957/896
f 1368/1558/1505 559/957/896 552/951/890
f 552/951/890 551/949/888 1370/1560/1507
f 551/949/888 548/271/251 1367/270/250
f 1374/1563/1510 1372/224/204 532/256/236
f 1374/1563/1510 515/910/850 512/276/256
f 1375/246/226 1377/1566/1512 521/919/859
f 1378/1570/1514 1376/226/206 514/295/275
f 1375/246/226 568/296/276 575/1571/1515
f 1377/1566/1512 575/1571/1515 571/1572/1516
f 1378/1570/1514 570/2141/2108 567/227/207
f 434/205/185 1379/163/143 1381/1575/1519
f 1847/1577/1521 1382/1576/1520 1383/1578/1522
f 441/1579/1523 1383/1578/1522 1380/242/222
f 409/165/145 414/797/743 1381/1575/1519
f 414/797/743 421/800/746 1382/1576/1520
f 421/800/746 422/810/754 1383/1578/1522
f 422/810/754 411/240/220 1380/242/222
f 1384/254/234 1386/1581/1525 451/1580/1524
f 1386/1581/1525 1387/1582/1527 450/841/1526
f 1389/313/293 1391/1585/1530 441/1584/1523
f 1392/1586/1532 1393/1587/1534 438/833/1533
f 1389/313/293 445/212/192 451/1588/1524
f 1392/1586/1532 452/1589/1535 449/845/1536
f 462/862/803 1394/293/273 1396/1590/1538
f 465/860/801 1396/1590/1538 1397/1591/1539
f 466/863/804 1397/1591/1539 1398/1592/1540
f 428/814/1541 433/1593/764 1397/1591/1539
f 1398/1592/1540 1397/1591/1539 433/1593/764
f 432/1594/763 430/825/1542 1398/1592/1540
f 430/825/1542 426/272/252 1395/274/254
f 464/260/240 475/872/811 1401/1595/1543
f 475/872/811 471/867/807 1402/1596/1545
f 471/867/807 470/869/809 1403/1598/1547
f 1404/204/184 1406/1601/1549 483/1600/1548
f 1406/1601/1549 1407/1602/1551 484/883/1550
f 1407/1602/1551 1408/1603/1552 486/880/821
f 1406/1601/1549 431/826/1553 432/823/1554
f 581/980/311 1424/1620/310 1426/1617/1579
f 592/971/911 1427/1618/1580 1428/1619/1581
f 1424/1620/310 597/992/312 606/991/935
f 1427/1618/1580 600/985/929 599/983/927
f 1436/1625/1585 1437/1626/1586 588/982/926
f 1438/1627/1587 1435/1628/199 581/980/311
f 1436/1625/1585 628/1014/956 623/1010/951
f 1438/1627/1587 622/1007/949 615/1009/200
f 1439/1629/301 1441/1630/1588 643/1029/972
f 1441/1630/1588 1442/1631/1589 644/1021/964
f 1442/1631/1589 1443/1632/1590 635/1018/961
f 1443/1632/1590 1440/222/202 630/221/201
f 652/1046/988 651/1036/977 1443/1632/1590
f 1451/1637/1594 1452/1638/1595 673/1067/1010
f 1452/1638/1595 1453/1639/1596 679/1064/1008
f 1453/1639/1596 1450/1640/302 666/1065/316
f 1451/1637/1594 662/1048/990 657/1044/985
f 1452/1638/1595 657/1044/985 656/1041/983
f 1094/2040/2013 1763/2039/2012 1764/2041/2014
f 1762/2037/2010 1078/2043/2016 1079/2044/2017
f 1769/2050/2023 1088/2032/2005 1086/718/658
f 1082/656/602 1085/2052/2025 1777/2059/2032
f 1101/627/576 1103/2067/2040 1782/2064/2037
f 1789/2072/2045 1786/710/651 1102/669/612
f 1113/2073/2046 1114/2074/2047 1788/2071/2044
f 1078/2043/2016 1812/2101/2067 1813/2102/2068
f 1818/2109/2075 1069/2049/2022 1068/2051/2024
f 1146/2105/2071 1828/2120/2086 1829/2121/2087
f 1829/2121/2087 1161/1276/1234 1154/1278/1236
f 1152/2118/2084 1834/2124/2090 1831/679/621
f 1246/1/1 92/70/2 1/2/2
f 1197/4/4 219/180/160 20/5/5
f 88/7/2 1191/61/56 225/8/7
f 214/10/8 24/76/68 113/11/9
f 4/13/2 89/43/2 1211/14/11
f 210/18/15 1242/162/142 101/19/16
f 224/21/18 15/83/75 108/22/19
f 3/9/2 87/27/2 1186/24/21
f 1201/26/23 215/158/139 4/13/2
f 1207/12/10 113/11/9 22/28/24
f 1217/30/26 104/96/87 19/31/27
f 1212/33/29 116/90/82 26/34/30
f 229/29/25 22/28/24 107/36/32
f 1232/40/36 112/50/45 18/41/37
f 89/43/2 2/154/2 234/44/39
f 239/39/35 23/38/34 114/45/40
f 267/49/44 25/103/93 112/50/45
f 90/51/46 5/151/46 244/52/47
f 1247/54/49 199/16/13 16/17/14
f 272/56/51 1247/54/49 103/55/50
f 278/58/53 1257/66/61 109/59/54
f 1/2/2 209/189/169 1191/61/56
f 283/64/59 1262/62/57 111/63/58
f 1257/66/61 288/2142/690 1346/67/62
f 6/68/2 277/128/114 1241/69/63
f 15/83/75 331/85/77 1281/86/78
f 102/87/79 14/20/17 315/88/80
f 115/89/81 1266/142/125 326/71/64
f 19/31/27 340/97/88 1291/92/84
f 104/96/87 1296/98/89 340/97/88
f 18/41/37 350/102/92 1296/98/89
f 112/50/45 1311/104/94 350/102/92
f 25/103/93 373/185/165 1311/104/94
f 13/60/55 109/59/54 1336/116/103
f 109/59/54 1346/67/62 394/117/104
f 1192/119/106 210/18/15 14/20/17
f 1252/120/107 283/64/59 21/65/60
f 106/121/108 21/65/60 387/118/105
f 225/8/7 1201/26/23 87/27/2
f 1202/23/20 108/22/19 24/76/68
f 93/127/2 1256/144/127 277/128/114
f 200/3/3 1/2/2 88/7/2
f 235/32/28 19/31/27 116/90/82
f 1227/133/117 249/2143/661 1350/134/118
f 110/135/119 1350/134/118 355/136/120
f 205/35/31 26/34/30 115/89/81
f 224/21/18 1192/119/106 102/87/79
f 1251/143/126 289/755/701 1256/144/127
f 282/145/128 1251/143/126 93/127/2
f 5/151/46 91/167/147 1231/152/134
f 1206/153/135 230/159/140 2/154/2
f 215/158/139 1206/153/135 89/43/2
f 230/159/140 1221/183/163 90/51/46
f 1242/162/142 278/58/53 13/60/55
f 91/167/147 1226/170/150 268/168/148
f 1236/169/149 250/731/671 1226/170/150
f 1252/120/107 106/121/108 1347/175/155
f 273/177/157 6/68/2 92/70/2
f 106/121/108 1331/122/109 392/178/158
f 245/42/38 18/41/37 104/96/87
f 1261/146/129 93/127/2 6/68/2
f 2/154/2 90/51/46 1216/53/48
f 1187/139/123 115/89/81 20/5/5
f 1227/133/117 110/135/119 25/103/93
f 1221/183/163 240/190/170 5/151/46
f 110/135/119 1306/137/121 373/185/165
f 1196/129/115 88/7/2 3/9/2
f 87/27/2 4/13/2 204/15/12
f 92/70/2 1241/69/63 209/189/169
f 240/190/170 1236/169/149 91/167/147
f 455/191/171 1419/338/318 129/192/172
f 502/194/174 1505/197/177 135/195/175
f 1505/197/177 718/1101/1044 1459/198/178
f 702/199/179 1460/326/306 130/200/180
f 1482/207/187 664/1051/994 1445/208/188
f 1455/201/181 130/200/180 1465/210/190
f 436/229/209 1390/243/223 133/230/210
f 1385/232/212 410/805/751 1470/233/213
f 33/235/215 550/298/278 1358/236/216
f 34/193/173 129/192/172 1363/238/218
f 1390/243/223 444/842/1537 1474/244/224
f 1371/245/225 120/297/277 1375/246/226
f 455/191/171 34/193/173 127/251/231
f 34/193/173 530/239/219 1353/257/237
f 35/264/244 569/265/245 1363/238/218
f 35/264/244 128/237/217 1358/236/216
f 488/275/255 1409/252/232 127/251/231
f 1415/196/176 135/195/175 1486/279/259
f 1420/281/261 454/854/795 1491/282/262
f 1362/284/264 120/297/277 1371/245/225
f 504/286/266 1420/281/261 138/283/263
f 487/288/268 1487/1670/1640 117/289/269
f 135/195/175 1459/198/178 701/299/279
f 1504/287/267 138/283/263 1464/300/280
f 138/283/263 1491/282/262 684/302/282
f 119/234/214 1470/233/213 598/303/283
f 133/230/210 1434/307/287 580/305/285
f 133/230/210 1474/244/224 616/306/286
f 137/209/189 1445/208/188 631/310/290
f 443/314/294 1385/232/212 119/234/214
f 1475/315/295 119/234/214 1429/304/284
f 488/275/255 33/235/215 128/237/217
f 503/325/305 1414/324/304 128/237/217
f 1465/210/190 130/200/180 1460/326/306
f 117/289/269 1487/1670/1640 700/328/308
f 503/325/305 35/264/244 129/192/172
f 453/339/319 1410/290/270 117/289/269
f 117/289/269 1454/329/309 682/341/321
f 1569/342/322 144/411/323 36/343/323
f 1520/345/325 757/521/480 55/346/326
f 140/348/323 1514/402/376 763/349/328
f 752/351/329 59/417/388 165/352/330
f 39/354/323 141/384/323 1534/355/332
f 737/357/334 1520/345/325 157/347/327
f 748/359/336 1565/503/462 153/360/337
f 762/362/339 50/424/394 160/363/340
f 38/350/323 139/368/323 1509/365/342
f 1524/367/344 753/499/459 39/354/323
f 1530/353/331 165/352/330 57/369/345
f 1540/371/347 156/437/406 54/372/348
f 1535/374/350 168/431/401 61/375/351
f 767/370/346 57/369/345 159/377/353
f 1545/378/354 159/377/353 58/379/355
f 1555/381/357 164/391/366 53/382/358
f 141/384/323 37/495/323 772/385/360
f 777/380/356 58/379/355 166/386/361
f 1560/387/362 166/386/361 1672/388/363
f 805/390/365 60/444/413 164/391/366
f 142/392/323 40/492/323 782/393/367
f 1570/395/369 737/357/334 51/358/335
f 810/397/371 1570/395/369 155/396/370
f 816/399/373 1580/407/381 161/400/374
f 36/343/323 747/532/489 1514/402/376
f 1585/403/377 810/397/371 52/398/372
f 821/405/379 1585/403/377 163/404/378
f 1580/407/381 826/1146/1094 1669/408/382
f 41/409/323 815/469/434 1564/410/383
f 157/347/327 55/346/326 864/412/384
f 45/414/386 849/529/486 1615/415/387
f 59/417/388 859/466/432 1609/418/389
f 873/419/390 43/436/386 149/420/386
f 155/396/370 51/358/335 844/422/392
f 50/424/394 154/428/398 1594/425/395
f 50/424/394 869/426/396 1604/427/397
f 154/428/398 49/361/338 853/429/399
f 167/430/400 1589/483/445 864/412/384
f 168/431/401 1614/433/403 848/432/402
f 54/372/348 878/438/407 1614/433/403
f 57/369/345 874/496/456 1624/434/404
f 1610/435/405 148/416/386 43/436/386
f 156/437/406 1619/439/408 878/438/407
f 53/382/358 888/443/412 1619/439/408
f 58/379/355 884/526/484 1639/440/409
f 1625/421/391 149/420/386 46/441/410
f 164/391/366 1634/445/414 888/443/412
f 60/444/413 911/528/485 1634/445/414
f 166/386/361 1639/440/409 894/446/415
f 843/447/416 1600/481/444 147/448/386
f 49/361/338 153/360/337 1644/450/417
f 153/360/337 48/401/375 920/451/418
f 163/404/378 52/398/372 916/452/419
f 151/454/386 47/473/386 915/455/421
f 48/401/375 161/400/374 1659/457/423
f 161/400/374 1669/408/382 932/458/424
f 56/406/380 163/404/378 1664/453/420
f 1515/460/426 748/359/336 49/361/338
f 1575/461/427 821/405/379 56/406/380
f 158/462/428 56/406/380 925/459/425
f 42/449/386 147/448/386 1595/464/430
f 763/349/328 1524/367/344 139/368/323
f 1525/364/341 160/363/340 59/417/388
f 160/363/340 1604/427/397 859/466/432
f 147/448/386 44/482/386 868/467/433
f 145/468/323 1579/485/447 815/469/434
f 738/344/324 36/343/323 140/348/323
f 51/358/335 157/347/327 1599/413/385
f 921/471/436 1660/490/452 152/472/386
f 773/373/349 54/372/348 168/431/401
f 1550/474/437 787/1119/1066 1673/475/438
f 162/476/439 1673/475/438 893/477/440
f 148/416/386 1615/415/387 879/479/442
f 743/376/352 61/375/351 167/430/400
f 762/362/339 1515/460/426 154/428/398
f 1600/481/444 863/531/488 44/482/386
f 61/375/351 848/432/402 1589/483/445
f 1574/484/446 827/1155/1105 1579/485/447
f 820/486/448 1574/484/446 145/468/323
f 152/472/386 1655/491/453 926/488/450
f 1660/490/452 931/1182/1135 1655/491/453
f 40/492/323 143/508/467 1554/493/454
f 1529/494/455 768/500/460 37/495/323
f 165/352/330 1609/418/389 874/496/456
f 46/441/410 889/520/479 1635/497/457
f 753/499/459 1529/494/455 141/384/323
f 768/500/460 1544/525/483 142/392/323
f 146/501/386 1605/502/461 868/467/433
f 45/414/386 858/522/481 1605/502/461
f 1565/503/462 816/399/373 48/401/375
f 42/449/386 151/454/386 1650/456/422
f 1735/504/463 174/600/464 62/505/464
f 1645/507/466 921/471/436 47/473/386
f 143/508/467 1549/511/470 806/509/468
f 1559/510/469 788/1128/1075 1549/511/470
f 1640/512/471 150/498/458 1630/513/472
f 150/498/458 1635/497/457 910/515/474
f 1575/461/427 158/462/428 1670/516/475
f 811/518/477 41/409/323 144/411/323
f 52/398/372 155/396/370 1649/423/393
f 158/462/428 1654/463/429 930/519/478
f 783/383/359 53/382/358 156/437/406
f 1584/487/449 145/468/323 41/409/323
f 47/473/386 152/472/386 1665/489/451
f 149/420/386 1620/523/482 889/520/479
f 37/495/323 142/392/323 1539/394/368
f 1510/480/443 167/430/400 55/346/326
f 858/522/481 45/414/386 148/416/386
f 43/436/386 879/479/442 1620/523/482
f 1550/524/437 162/527/439 60/444/413
f 1544/525/483 778/533/490 40/492/323
f 159/377/353 1624/434/404 884/526/484
f 162/527/439 1629/1867/441 911/528/485
f 1519/470/435 140/348/323 38/350/323
f 139/368/323 39/354/323 742/356/333
f 849/529/486 45/414/386 146/501/386
f 1590/530/487 146/501/386 44/482/386
f 144/411/323 1564/410/383 747/532/489
f 778/533/490 1559/510/469 143/508/467
f 883/442/411 46/441/410 150/498/458
f 854/465/431 1645/507/466 151/454/386
f 170/537/464 1680/591/543 973/538/494
f 962/540/495 85/606/555 195/541/496
f 65/543/464 171/573/464 1700/544/498
f 958/548/502 1731/693/634 183/549/503
f 972/551/505 76/613/562 190/552/506
f 64/539/464 169/557/464 1675/554/508
f 1690/556/510 963/689/631 65/543/464
f 1696/542/497 195/541/496 83/558/511
f 977/559/512 83/558/511 189/566/519
f 1711/567/520 189/566/519 84/568/521
f 171/573/464 63/685/627 982/574/526
f 987/569/522 84/568/521 196/575/527
f 1726/576/528 196/575/527 1838/577/529
f 1016/579/531 1841/633/582 194/580/532
f 172/581/533 66/682/624 992/582/534
f 1039/588/540 1746/596/548 191/589/541
f 62/505/464 957/719/659 1680/591/543
f 1044/594/546 1751/592/544 193/593/545
f 1746/596/548 1049/1237/1194 1835/597/549
f 67/598/464 1038/659/604 1730/599/550
f 83/558/511 1097/686/628 1790/623/572
f 84/568/521 1107/714/655 1805/629/578
f 196/575/527 1805/629/578 1117/636/585
f 193/593/545 78/587/539 1139/642/589
f 82/595/547 193/593/545 1830/643/590
f 1741/651/597 1044/594/546 82/595/547
f 188/652/598 82/595/547 1148/649/595
f 973/538/494 1690/556/510 169/557/464
f 1691/553/507 190/552/506 85/606/555
f 175/658/464 1745/675/617 1038/659/604
f 948/506/465 62/505/464 170/537/464
f 1716/664/607 997/1190/1146 1839/665/608
f 192/666/609 1839/665/608 1116/667/610
f 972/551/505 1681/650/596 184/617/566
f 1740/674/616 1050/1247/1205 1745/675/617
f 1043/676/618 1740/674/616 175/658/464
f 66/682/624 173/695/636 1720/683/625
f 1695/684/626 978/690/632 63/685/627
f 963/689/631 1695/684/626 171/573/464
f 978/690/632 1710/713/654 172/581/533
f 1731/693/634 1039/588/540 74/590/542
f 173/695/636 1715/698/639 1017/696/637
f 1725/697/638 998/1200/1156 1715/698/639
f 1741/651/597 188/652/598 1836/703/644
f 1034/705/646 67/598/464 174/600/464
f 78/587/539 185/585/537 1815/612/561
f 1750/677/619 175/658/464 67/598/464
f 63/685/627 172/581/533 1705/583/535
f 1716/664/607 192/666/609 1842/711/652
f 1710/713/654 988/720/660 66/682/624
f 189/566/519 1790/623/572 1107/714/655
f 1134/715/583 1843/1305/1268 1842/711/652
f 1842/711/652 192/666/609 1134/715/583
f 1685/660/605 170/537/464 64/539/464
f 169/557/464 65/543/464 952/545/499
f 174/600/464 1730/599/550 957/719/659
f 988/720/660 1725/697/638 173/695/636
f 249/721/661 252/724/664 255/722/662
f 252/724/664 253/734/674 256/725/665
f 254/723/663 255/722/662 266/726/666
f 255/722/662 256/725/665 257/728/668
f 258/729/669 261/733/673 260/730/670
f 259/732/672 262/735/675 261/733/673
f 261/733/673 256/725/665 253/734/674
f 262/735/675 257/728/668 256/725/665
f 251/736/43 263/1536/678 265/737/676
f 264/738/677 265/737/676 262/735/680
f 265/737/676 266/726/679 257/728/682
f 287/176/156 290/2144/685 292/739/683
f 291/744/684 292/743/683 304/745/687
f 292/743/683 293/742/686 294/747/689
f 288/748/690 295/751/693 298/749/691
f 295/751/693 296/757/1384 299/752/694
f 297/750/695 298/749/691 293/742/696
f 298/749/691 299/752/694 294/747/698
f 300/753/699 303/756/702 302/754/700
f 301/746/688 304/745/687 303/756/702
f 303/756/702 299/752/704 296/757/703
f 304/745/687 294/747/689 299/752/704
f 355/136/120 364/2145/707 359/758/705
f 358/759/706 359/758/705 371/762/709
f 359/758/705 360/761/2109 361/764/711
f 356/105/95 362/767/714 365/765/712
f 362/767/714 363/772/721 366/768/715
f 365/765/712 366/768/715 361/764/717
f 367/769/718 370/771/720 369/770/719
f 368/763/710 371/762/722 370/771/720
f 370/771/720 366/768/715 363/772/721
f 371/762/722 361/764/717 366/768/715
f 392/178/158 395/1512/725 398/773/723
f 395/775/725 396/787/734 399/776/726
f 398/777/723 399/776/726 400/780/728
f 401/781/729 404/785/733 403/782/730
f 402/784/732 405/789/735 404/785/733
f 404/786/733 399/776/736 396/787/734
f 405/789/735 400/795/741 399/790/736
f 394/117/104 397/1531/739 407/791/737
f 406/792/738 407/791/737 405/789/735
f 407/791/737 408/794/2110 400/795/741
f 412/796/742 415/799/745 414/797/743
f 413/798/744 420/801/747 415/799/745
f 415/799/745 416/802/748 421/800/746
f 417/803/749 420/807/747 419/804/750
f 421/800/746 416/802/748 423/809/753
f 430/825/765 432/1594/2111 431/826/766
f 449/845/786 452/1589/2112 450/846/787
f 465/860/801 468/864/805 467/861/802
f 466/863/804 469/2146/813 468/864/805
f 471/867/807 469/874/813 472/868/808
f 472/868/808 469/2146/813 466/863/804
f 473/871/810 476/873/812 475/872/811
f 474/866/806 468/865/805 476/873/812
f 476/873/812 469/874/813 471/867/807
f 480/875/814 486/878/2113 481/876/815
f 480/875/817 1850/2147/2114 482/877/818
f 482/877/823 1850/2147/2115 484/883/824
f 490/884/826 493/887/829 492/885/827
f 491/886/828 494/2148/831 493/887/829
f 493/887/829 501/890/832 499/888/830
f 496/891/833 494/2149/831 497/892/834
f 497/892/834 494/2148/831 491/886/828
f 498/895/836 501/897/832 500/896/837
f 501/897/832 494/2149/831 496/891/833
f 510/904/843 505/903/839 511/907/846
f 515/910/850 518/913/853 517/911/851
f 516/912/852 519/915/2116 518/913/853
f 518/913/853 520/916/856 527/914/854
f 513/247/227 521/919/859 524/917/857
f 521/919/859 522/1567/1513 525/920/860
f 523/918/858 524/917/857 519/921/861
f 524/917/857 525/920/860 520/923/863
f 514/295/275 526/926/866 529/924/864
f 527/914/854 520/916/856 529/924/864
f 529/924/864 525/929/2117 522/927/867
f 533/930/869 536/933/872 535/931/870
f 534/932/871 537/935/2118 536/933/872
f 536/933/872 538/936/875 545/934/873
f 531/285/265 539/939/878 542/937/876
f 539/939/878 540/1562/1509 543/940/879
f 541/941/877 542/942/876 537/935/880
f 542/942/876 543/948/879 538/943/882
f 544/944/883 547/946/885 546/945/884
f 545/934/873 538/936/875 547/946/885
f 547/946/885 543/948/2119 540/947/886
f 551/949/888 554/952/891 553/950/889
f 552/951/890 555/960/899 554/952/891
f 554/952/891 566/955/894 563/953/892
f 554/952/891 555/960/899 556/954/893
f 557/956/895 560/959/898 559/957/896
f 558/958/897 561/964/903 560/959/898
f 560/959/898 555/960/899 552/951/890
f 560/959/898 561/964/903 556/954/893
f 562/961/900 565/963/902 564/962/901
f 563/953/892 566/955/894 565/963/902
f 565/963/902 561/964/903 558/958/897
f 565/963/902 566/955/894 556/954/893
f 579/965/904 582/969/1647 585/966/905
f 583/968/907 590/977/2120 585/966/908
f 584/967/906 585/966/905 595/970/910
f 585/966/908 590/977/2120 586/972/912
f 580/305/285 587/975/916 590/973/914
f 587/975/916 588/982/926 595/976/917
f 591/978/922 594/981/924 593/979/923
f 592/971/911 595/970/910 594/981/924
f 594/981/925 595/976/917 588/982/926
f 599/983/927 602/986/930 601/984/928
f 600/985/929 603/988/932 602/986/930
f 602/986/930 613/989/933 610/987/931
f 603/988/932 608/995/938 613/989/933
f 604/990/934 607/994/937 606/991/935
f 605/993/936 608/999/938 607/994/937
f 607/994/937 603/988/932 600/985/929
f 609/996/939 612/998/941 611/997/940
f 610/987/931 613/989/933 612/998/941
f 612/998/941 608/999/938 605/993/936
f 614/316/296 617/1002/944 629/1000/942
f 617/1002/944 618/1012/954 620/1003/945
f 622/1007/949 625/1011/953 624/1008/950
f 623/1010/951 620/1016/959 625/1011/952
f 625/1011/953 620/1003/945 618/1012/954
f 616/306/286 626/1015/957 629/1013/955
f 628/1014/956 629/1013/955 620/1016/959
f 633/1017/960 636/1020/963 635/1018/961
f 634/1019/962 637/1022/965 636/1020/963
f 636/1020/963 647/1023/966 644/1021/964
f 637/1022/965 642/1028/971 647/1023/966
f 638/1024/967 641/1027/970 640/1025/968
f 639/1026/969 642/1033/971 641/1027/970
f 641/1027/970 637/1022/965 634/1019/962
f 643/1029/972 646/1032/974 645/1030/973
f 644/1021/964 647/1023/966 646/1032/974
f 646/1032/974 642/1033/971 639/1026/969
f 648/337/317 651/1036/977 663/1034/975
f 651/1036/977 652/1046/988 654/1037/978
f 656/1041/983 659/1045/987 658/1042/984
f 657/1044/985 654/1050/993 659/1045/986
f 659/1045/987 654/1037/978 652/1046/988
f 650/308/288 660/1049/991 663/1047/989
f 662/1048/990 663/1047/989 654/1050/993
f 664/1051/994 667/1054/1629 669/1052/995
f 667/1054/997 674/1664/1631 670/1055/998
f 668/1053/996 669/1052/995 681/1056/999
f 669/1052/995 670/1055/998 671/1058/1001
f 665/311/291 672/1061/1004 675/1059/1002
f 672/1061/1004 673/1067/1010 676/1062/1005
f 675/1059/1002 676/1062/1005 671/1058/1001
f 677/1063/1007 680/1066/1009 679/1064/1008
f 678/1057/1000 681/1056/999 680/1066/1009
f 680/1066/1009 676/1062/1005 673/1067/1010
f 681/1056/999 671/1058/1001 676/1062/1005
f 682/341/321 685/1070/1013 688/1068/1011
f 685/1070/1013 686/1080/1023 689/1071/1014
f 687/1069/1015 688/1068/1011 699/1072/1016
f 688/1068/1011 689/1071/1014 690/1074/1018
f 691/1075/1019 694/1079/1022 693/1076/1020
f 692/1078/1021 695/1081/1024 694/1079/1022
f 694/1079/1022 689/1071/1014 686/1080/1023
f 695/1081/1024 690/1074/1018 689/1071/1014
f 684/302/282 696/1672/1027 698/1082/1025
f 697/1083/1026 698/1082/1025 695/1081/1024
f 698/1082/1025 699/1072/1028 690/1074/1018
f 703/1084/1029 706/1087/1032 705/1085/1030
f 704/1086/1031 707/1089/1034 706/1087/1032
f 706/1087/1032 717/1090/1035 714/1088/1033
f 707/1089/1034 712/1095/1040 717/1090/1035
f 708/1091/1036 711/1094/1039 710/1092/1037
f 709/1093/1038 712/1100/1040 711/1094/1039
f 711/1094/1039 707/1089/1034 704/1086/1031
f 713/1096/1041 716/1099/1043 715/1097/1042
f 714/1088/1033 717/1090/1035 716/1099/1043
f 716/1099/1043 712/1100/1040 709/1093/1038
f 718/1101/1044 721/1105/1048 724/1102/1045
f 722/1104/1047 725/1107/1050 724/1102/1045
f 724/1102/1045 736/1108/1051 733/1106/1049
f 725/1107/1050 726/1113/2121 736/1108/1051
f 719/301/281 727/1111/1054 730/1109/1052
f 727/1111/1054 728/1118/1604 731/1112/1055
f 729/1110/1053 730/1109/1052 725/1107/1056
f 730/1109/1052 731/1112/1055 726/1113/1058
f 732/1114/1060 735/1117/1062 734/1115/1061
f 733/1106/1049 736/1108/1064 735/1117/1062
f 735/1117/1062 731/1112/1065 728/1118/1063
f 736/1108/1064 726/1113/2122 731/1112/1065
f 787/1119/1066 790/1122/1069 793/1120/1067
f 790/1122/1069 791/1131/1078 794/1123/1070
f 793/1120/1067 794/1123/1070 795/1125/1072
f 796/1126/1073 799/1130/1077 798/1127/1074
f 797/1129/1076 800/1132/1079 799/1130/1077
f 799/1130/1077 794/1123/1070 791/1131/1078
f 800/1132/1079 795/1125/1072 794/1123/1070
f 789/389/364 801/1902/2123 803/1133/1080
f 801/1135/1082 792/2150/2124 804/1124/1083
f 802/1137/1081 803/1136/1080 800/1132/1084
f 803/1136/1080 804/1124/1083 795/1125/1086
f 825/1138/476 828/2151/1089 830/1139/1087
f 829/1140/1088 830/1139/1087 842/1143/1091
f 830/1139/1087 831/1142/1090 832/1145/1093
f 826/1146/1094 833/1801/1097 836/1147/1095
f 833/1149/1097 834/1157/1782 837/1150/1098
f 835/1152/1099 836/1151/1095 831/1142/1100
f 836/1151/1095 837/1150/1098 832/1145/1102
f 838/1153/1103 841/1156/1106 840/1154/1104
f 839/1144/1092 842/1143/1091 841/1156/1106
f 841/1156/1106 837/1150/1108 834/1157/1107
f 842/1143/1091 832/1145/1093 837/1150/1108
f 893/1158/440 896/2152/1111 898/1159/1109
f 897/1160/1110 898/1159/1109 909/1163/1113
f 898/1159/1109 899/1162/2125 900/1165/1115
f 894/446/415 901/1168/1118 903/1166/1116
f 901/1168/1118 902/1173/1125 904/1169/1119
f 903/1166/1116 904/1169/1119 900/1165/1121
f 905/1170/1122 908/1172/1124 907/1171/1123
f 906/1164/1114 909/1163/1126 908/1172/1124
f 908/1172/1124 904/1169/1119 902/1173/1125
f 909/1163/1126 900/1165/1121 904/1169/1119
f 930/519/478 933/1176/1129 936/1174/1127
f 933/1176/1129 934/1185/1138 937/1177/1130
f 936/1174/1127 937/1177/1130 938/1179/1132
f 939/1180/1133 942/1184/1137 941/1181/1134
f 940/1183/1136 943/1186/1139 942/1184/1137
f 942/1184/1137 937/1177/1140 934/1185/1138
f 943/1186/1139 938/1179/1145 937/1177/1140
f 932/458/424 935/1899/1143 945/1187/1141
f 944/1188/1142 945/1187/1141 943/1186/1139
f 945/1187/1141 946/1178/2126 938/1179/1145
f 997/1190/1146 1000/1193/1149 1003/1191/1147
f 1000/1193/1149 1001/1203/1159 1004/1194/1150
f 1002/1192/1148 1003/1191/1147 1014/1195/1151
f 1003/1191/1147 1004/1194/1150 1005/1197/1153
f 1006/1198/1154 1009/1202/1158 1008/1199/1155
f 1007/1201/1157 1010/1204/1160 1009/1202/1158
f 1009/1202/1158 1004/1194/1150 1001/1203/1159
f 1010/1204/1160 1005/1197/1153 1004/1194/1150
f 999/578/530 1011/2131/1163 1013/1205/1161
f 1012/1206/1162 1013/1205/1161 1010/1209/1165
f 1013/1205/1161 1014/1208/1164 1005/1211/1167
f 1018/1212/1168 1021/1215/1171 1020/1213/1169
f 1019/1214/1170 1022/1224/1173 1021/1215/1171
f 1021/1215/1171 1032/1218/1174 1029/1216/1172
f 1023/1219/1175 1026/1223/1178 1025/1220/1176
f 1024/1222/1177 1027/1225/1179 1026/1223/1178
f 1025/1220/1176 1026/1223/1178 1022/1224/1173
f 1017/696/637 1028/1228/1182 1031/1226/1180
f 1028/1228/1182 1029/1216/1172 1032/1218/1183
f 1030/1227/1181 1031/1226/1180 1027/1225/1184
f 1031/1226/1186 1032/1218/1174 1022/1217/1173
f 1048/1229/645 1051/2153/1189 1053/1230/1187
f 1052/1231/1188 1053/1230/1187 1065/1234/1191
f 1053/1230/1187 1054/1233/1190 1055/1236/1193
f 1049/1237/1194 1056/1240/1197 1059/1238/1195
f 1056/1240/1197 1057/2022/1996 1060/1241/1198
f 1058/1239/1199 1059/1238/1195 1054/1242/1200
f 1059/1238/1195 1060/1241/1198 1055/1244/1202
f 1061/1245/1203 1064/1248/1206 1063/1246/1204
f 1062/1235/1192 1065/1234/1191 1064/1248/1206
f 1064/1248/1206 1060/1250/1208 1057/1249/1207
f 1065/1234/1191 1055/1236/1193 1060/1250/1208
f 1116/667/610 1119/2134/1211 1121/1251/1209
f 1120/1252/1210 1121/1251/1209 1132/1255/1213
f 1121/1251/1209 1122/1254/1212 1123/1257/1215
f 1117/636/585 1124/1260/1218 1126/1258/1216
f 1124/1260/1218 1125/2097/1225 1127/1261/1219
f 1126/1258/1216 1127/1261/1219 1123/1263/1221
f 1128/1264/1222 1131/1267/1224 1130/1265/1223
f 1129/1256/1214 1132/1255/1226 1131/1267/1224
f 1131/1267/1224 1127/1269/1219 1125/1268/1225
f 1132/1255/1226 1123/1257/1221 1127/1269/1219
f 1153/706/647 1156/1272/1229 1158/1270/1227
f 1156/1272/1229 1157/1281/1239 1159/1273/1230
f 1158/1270/1227 1159/1273/1230 1160/1275/1232
f 1161/1276/1234 1164/1280/1238 1163/1277/1235
f 1162/1279/1237 1165/1282/1240 1164/1280/1238
f 1164/1280/1238 1159/1273/1241 1157/1281/1239
f 1165/1282/1240 1160/1275/1246 1159/1273/1241
f 1155/648/594 1166/2126/1244 1168/1283/1242
f 1167/1284/1243 1168/1283/1242 1165/1282/1240
f 1168/1283/1242 1169/1274/1245 1160/1275/1246
f 1171/1288/1249 1174/1287/1248 1173/1290/1251
f 1172/1286/1247 1175/1291/2127 1174/1287/1248
f 1174/1287/1248 1176/1292/1253 1183/1289/1250
f 1170/1293/1254 1177/1296/1257 1180/1294/1255
f 1177/1296/1257 1178/1301/2128 1181/1297/1258
f 1179/1295/1256 1180/1294/1255 1175/1291/1259
f 1180/1294/1255 1181/1297/1258 1176/1298/1261
f 1182/1300/1263 1185/1299/1262 1184/1302/1265
f 1183/1289/1250 1176/1292/1253 1185/1299/1262
f 1185/1299/1262 1181/1297/2129 1178/1301/1264
f 220/25/22 1186/24/21 1188/1308/1271
f 223/1310/1272 1188/1316/1271 1189/1311/1273
f 222/1312/1275 1189/1311/1280 1190/1313/1276
f 1190/1313/1276 1187/139/123 219/180/160
f 1186/24/21 204/15/12 206/1315/1278
f 1188/1316/1271 206/1355/1278 207/1317/1279
f 1189/1311/1280 207/1317/1318 208/1318/1281
f 208/1318/1281 205/35/31 1187/139/123
f 1191/61/56 1193/1320/1283 228/1319/1282
f 1193/1320/1283 1194/1322/1289 227/1321/1284
f 1194/1322/1285 1195/1328/1291 226/1323/1286
f 226/1323/1286 1195/1328/1291 1192/1324/106
f 209/189/169 211/1326/1288 1193/1320/1283
f 211/1326/1288 212/1327/1357 1194/1322/1289
f 212/1327/1290 213/1399/1359 1195/1328/1291
f 1195/1328/1291 213/1399/1359 210/1329/15
f 1196/129/115 1198/1336/1293 203/1330/1292
f 1198/1331/1293 1199/1334/1298 202/1332/1294
f 1199/1334/1295 1200/1337/1299 201/1335/1296
f 201/1335/1296 1200/1337/1299 1197/4/4
f 220/25/22 223/1309/1272 1198/1336/1293
f 223/1310/1272 222/1312/1274 1199/1334/1298
f 222/1312/1275 221/1314/1277 1200/1337/1299
f 1200/1337/1299 221/1314/1277 219/180/160
f 215/158/139 1201/26/23 1203/1338/1300
f 218/1339/1301 1203/1338/1300 1204/1340/1302
f 217/1341/1304 1204/1340/1307 1205/1342/1305
f 1205/1342/1305 1202/1345/20 214/1344/8
f 1201/26/23 225/8/7 228/1319/1282
f 1203/1338/1300 228/1319/1282 227/1321/1284
f 1204/1340/1307 227/1321/1287 226/1323/1286
f 226/1323/1286 224/1325/18 1202/1345/20
f 230/159/140 1206/153/135 1208/1346/1308
f 233/1347/1309 1208/1346/1308 1209/1348/1310
f 232/1349/1312 1209/1348/1315 1210/1350/1313
f 1210/1350/1313 1207/1353/10 229/1352/25
f 1206/153/135 215/158/139 218/1339/1301
f 1208/1346/1308 218/1339/1301 217/1341/1303
f 1209/1348/1315 217/1341/1304 216/1343/1306
f 216/1343/1306 214/1344/8 1207/1353/10
f 204/15/12 1211/14/11 1213/1354/1316
f 206/1355/1278 1213/1359/1316 1214/1356/1317
f 207/1317/1318 1214/1356/1322 1215/1357/1319
f 1215/1357/1319 1212/33/29 205/35/31
f 1211/14/11 234/44/39 236/1358/1320
f 1213/1359/1316 236/1363/1320 237/1360/1321
f 1214/1356/1322 237/1360/1326 238/1361/1323
f 238/1361/1323 235/32/28 1212/33/29
f 234/44/39 1216/53/48 1218/1362/1324
f 236/1363/1320 1218/1367/1324 1219/1364/1325
f 237/1360/1326 1219/1364/1330 1220/1365/1327
f 1220/1365/1327 1217/30/26 235/32/28
f 1216/53/48 244/52/47 246/1366/1328
f 1218/1367/1324 246/1388/1328 247/1368/1329
f 1219/1364/1330 247/1368/1348 248/1369/1331
f 248/1369/1331 245/42/38 1217/30/26
f 240/190/170 1221/183/163 1223/1370/1332
f 243/1371/1333 1223/1370/1332 1224/1372/1334
f 242/1373/1336 1224/1372/1339 1225/1374/1337
f 1225/1374/1337 1222/1377/33 239/1376/35
f 1221/183/163 230/159/140 233/1347/1309
f 1223/1370/1332 233/1347/1309 232/1349/1311
f 1224/1372/1339 232/1349/1312 231/1351/1314
f 231/1351/1314 229/1352/25 1222/1377/33
f 1226/170/150 1228/1379/1341 271/1378/1340
f 1228/1379/1341 1229/1381/1343 270/1380/1342
f 1229/1381/1343 1230/1385/1345 269/1382/1344
f 1230/1383/1345 1227/133/117 267/49/44
f 250/731/671 260/730/670 1228/1379/1341
f 260/730/670 253/734/674 1229/1381/1343
f 253/734/674 252/724/664 1230/1385/1345
f 252/724/664 249/721/661 1227/1386/117
f 244/52/47 1231/152/134 1233/1387/1346
f 246/1388/1328 1233/1391/1350 1234/1389/1347
f 247/1368/1348 1234/1389/1351 1235/1390/1349
f 248/1369/1331 1235/1390/1349 1232/40/36
f 1231/152/134 268/168/148 271/1378/1340
f 1233/1391/1350 271/2154/1340 270/1392/1342
f 1234/1389/1351 270/1392/1342 269/1384/1344
f 269/1384/1344 267/49/44 1232/40/36
f 250/731/671 1236/169/149 1238/1393/1352
f 258/729/669 1238/1393/1352 1239/1394/1353
f 259/732/681 1239/1394/1355 1240/1395/1354
f 264/738/677 1240/1395/1354 1237/1396/41
f 1236/169/149 240/190/170 243/1371/1333
f 1238/1393/1352 243/1371/1333 242/1373/1335
f 1239/1394/1355 242/1373/1336 241/1375/1338
f 1240/1395/1354 241/1375/1338 239/1376/35
f 1241/69/63 1243/1397/1356 211/1326/1288
f 1243/1397/1356 1244/1398/1361 212/1327/1357
f 1244/1398/1358 1245/1403/1363 213/1399/1359
f 213/1399/1359 1245/1403/1363 1242/1400/142
f 277/128/114 279/1401/1360 1243/1397/1356
f 279/1401/1360 280/1402/1379 1244/1398/1361
f 280/1402/1362 281/1423/1381 1245/1403/1363
f 1245/1404/1363 281/1425/1381 278/58/53
f 1246/1/1 1248/1411/1365 276/1405/1364
f 1248/1406/1365 1249/1409/1370 275/1407/1366
f 1249/1409/1367 1250/1412/1371 274/1410/1368
f 274/1410/1368 1250/1412/1371 1247/54/49
f 200/3/3 203/1330/1292 1248/1411/1365
f 203/1333/1292 202/1332/1294 1249/1409/1370
f 202/1332/1297 201/1335/1296 1250/1412/1371
f 1250/1412/1371 201/1335/1296 199/16/13
f 289/755/701 1251/143/126 1253/1413/1372
f 300/753/699 1253/1413/1372 1254/1414/1373
f 301/1415/688 1254/1419/1373 1255/1416/1374
f 291/740/684 1255/1416/1374 1252/120/107
f 1251/143/126 282/145/128 284/1417/1375
f 1253/1413/1372 284/1417/1375 285/1418/1376
f 1254/1419/1373 285/1429/1376 286/1420/1377
f 1255/1416/1374 286/1420/1377 283/64/59
f 1256/144/127 1258/1421/1378 279/1401/1360
f 1258/1421/1378 1259/1422/1383 280/1402/1379
f 1259/1422/1380 1260/1426/1382 281/1423/1381
f 1260/1424/1382 1257/66/61 278/58/53
f 289/755/701 302/754/700 1258/1421/1378
f 302/754/700 296/757/703 1259/1422/1383
f 296/757/1384 295/751/693 1260/1426/1382
f 295/1427/693 288/2142/690 1257/66/61
f 1261/146/129 1263/1432/1385 284/1417/1375
f 1263/1428/1385 1264/1431/1387 285/1429/1376
f 1264/1431/1386 1265/1433/1388 286/1420/1377
f 286/1420/1377 1265/1433/1388 1262/62/57
f 273/177/157 276/1405/1364 1263/1432/1385
f 276/1408/1364 275/1407/1366 1264/1431/1387
f 275/1407/1369 274/1410/1368 1265/1433/1388
f 274/1410/1368 272/56/51 1262/62/57
f 1266/142/125 1268/1435/1390 329/1434/1389
f 1268/1435/1390 1269/1437/1392 328/1436/1391
f 1269/1437/1392 1270/1439/1394 327/1438/1393
f 1270/1439/1394 1267/187/167 325/188/168
f 310/91/83 312/1440/1395 1268/1435/1390
f 312/1440/1395 313/1441/1396 1269/1437/1392
f 313/1441/1396 314/1442/1397 1270/1439/1394
f 331/85/77 1271/84/76 1273/1443/1398
f 334/1444/1399 1273/1443/1398 1274/1445/1400
f 333/1446/1401 1274/1445/1400 1275/1447/1402
f 332/1448/1403 1275/1447/1402 1272/123/110
f 1271/84/76 315/88/80 317/1449/1404
f 1273/1443/1398 317/1449/1404 318/1450/1405
f 1275/1447/1402 319/1451/1406 316/124/111
f 306/81/73 1276/72/65 1278/1452/1407
f 309/1453/1408 1278/1452/1407 1279/1454/1409
f 308/1455/1410 1279/1454/1409 1280/1456/1411
f 307/1457/1412 1280/1456/1411 1277/140/124
f 1276/72/65 326/71/64 329/1434/1389
f 1278/1452/1407 329/1434/1389 328/1436/1391
f 1280/1456/1411 327/1438/1393 325/188/168
f 1281/86/78 1283/1459/1414 324/1458/1413
f 1283/1459/1414 1284/1461/1416 323/1460/1415
f 1284/1461/1416 1285/1463/1418 322/1462/1417
f 1285/1463/1418 1282/161/141 320/181/161
f 331/85/77 334/1444/1399 1283/1459/1414
f 334/1444/1399 333/1446/1401 1284/1461/1416
f 333/1446/1401 332/1448/1403 1285/1463/1418
f 332/1448/1403 330/126/113 1282/161/141
f 1286/77/69 1288/1465/1420 339/1464/1419
f 1288/1465/1420 1289/1467/1422 338/1466/1421
f 1289/1467/1422 1290/1469/1424 337/1468/1423
f 1290/1469/1424 1287/94/86 335/78/70
f 321/125/112 324/1458/1413 1288/1465/1420
f 324/1458/1413 323/1460/1415 1289/1467/1422
f 323/1460/1415 322/1462/1417 1290/1469/1424
f 1291/92/84 1293/1470/1425 312/1440/1395
f 1293/1470/1425 1294/1471/1426 313/1441/1396
f 1294/1471/1426 1295/1472/1427 314/1442/1397
f 1295/1472/1427 1292/74/67 311/186/166
f 340/97/88 342/1473/1428 1293/1470/1425
f 342/1473/1428 343/1474/1429 1294/1471/1426
f 343/1474/1429 344/1475/1430 1295/1472/1427
f 1296/98/89 1298/1476/1431 342/1473/1428
f 1298/1476/1431 1299/1477/1432 343/1474/1429
f 1299/1477/1432 1300/1478/1433 344/1475/1430
f 350/102/92 352/1479/1434 1298/1476/1431
f 352/1479/1434 353/1480/1435 1299/1477/1432
f 353/1480/1435 354/1481/1436 1300/1478/1433
f 354/1481/1436 351/179/159 1297/182/162
f 1301/93/85 1303/1483/1438 349/1482/1437
f 1303/1483/1438 1304/1485/1440 348/1484/1439
f 1305/1487/1442 1302/80/72 345/101/91
f 339/1464/1419 338/1466/1421 1304/1485/1440
f 338/1466/1421 337/1468/1423 1305/1487/1442
f 337/1468/1423 335/78/70 1302/80/72
f 373/185/165 1306/137/121 1308/1488/1443
f 376/1489/1444 1308/1488/1443 1309/1490/1445
f 375/1491/1446 1309/1490/1445 1310/1492/1447
f 374/1493/1448 1310/1492/1447 1307/172/152
f 1306/137/121 355/136/120 358/759/706
f 1308/1488/1443 358/759/706 368/763/710
f 1309/1490/1445 368/763/710 367/769/718
f 1310/1492/1447 367/769/718 357/173/153
f 1311/104/94 1313/1494/1449 352/1479/1434
f 1313/1494/1449 1314/1495/1450 353/1480/1435
f 1314/1495/1450 1315/1496/1451 354/1481/1436
f 1315/1496/1451 1312/156/137 351/179/159
f 373/185/165 376/1489/1444 1313/1494/1449
f 376/1489/1444 375/1491/1446 1314/1495/1450
f 375/1491/1446 374/1493/1448 1315/1496/1451
f 374/1493/1448 372/174/154 1312/156/137
f 1318/1497/1452 1319/1498/1453 363/772/721
f 1319/1498/1453 1320/1499/1454 369/770/719
f 1320/1499/1454 1317/171/151 357/173/153
f 346/184/164 349/1482/1437 1318/1497/1452
f 349/1482/1437 348/1484/1439 1319/1498/1453
f 348/1484/1439 347/1486/1441 1320/1499/1454
f 315/88/80 1321/109/97 1323/1500/1455
f 317/1449/1404 1323/1500/1455 1324/1501/1456
f 318/1450/1405 1324/1501/1456 1325/1502/1457
f 319/1451/1406 1325/1502/1457 1322/166/146
f 1321/109/97 382/110/98 384/1503/1458
f 1324/1501/1456 385/1504/1459 386/1505/1460
f 1325/1502/1457 386/1505/1460 383/130/116
f 378/111/99 1326/82/74 1328/1506/1461
f 381/1507/1462 1328/1506/1461 1329/1508/1463
f 380/1509/1464 1329/1508/1463 1330/1510/1465
f 1326/82/74 306/81/73 309/1453/1408
f 1329/1508/1463 308/1455/1410 307/1457/1412
f 1330/1510/1465 307/1457/1412 305/106/96
f 1331/122/109 1333/2155/1467 395/1512/725
f 1333/1513/1467 1334/1514/1468 396/787/734
f 1334/1514/1468 1335/1520/1469 403/788/730
f 1335/1515/1469 1332/150/133 393/783/731
f 387/1516/105 389/1518/1470 1333/1513/1467
f 389/1518/1470 390/1519/1471 1334/1514/1468
f 390/1519/1471 391/2156/1472 1335/1520/1469
f 391/1521/1472 388/147/130 1332/150/133
f 382/110/98 1336/116/103 1338/1522/1473
f 384/1503/1458 1338/1522/1473 1339/1523/1474
f 385/1504/1459 1339/1523/1474 1340/1524/1475
f 386/1505/1460 1340/1524/1475 1337/149/132
f 1336/116/103 394/117/104 406/792/738
f 1339/1523/1474 402/784/732 401/781/729
f 1340/1524/1475 401/781/729 393/783/731
f 387/118/105 1341/112/100 1343/1525/1476
f 389/1526/1470 1343/1525/1476 1344/1527/1477
f 390/1528/1471 1344/1527/1477 1345/1529/1478
f 391/1521/1472 1345/1529/1478 1342/148/131
f 1341/112/100 378/111/99 381/1507/1462
f 1343/1525/1476 381/1507/1462 380/1509/1464
f 1344/1527/1477 380/1509/1464 379/1511/1466
f 1345/1529/1478 379/1511/1466 377/114/101
f 394/117/104 1346/67/62 1348/1530/1479
f 397/774/724 1348/1534/1483 1347/175/155
f 1346/67/62 288/2142/690 297/1532/1480
f 1348/1534/1483 290/2144/685 287/176/156
f 1349/1535/42 1351/1539/1489 263/1536/1484
f 1351/1537/1488 1350/1541/118 249/721/661
f 356/1538/95 364/2157/713 1351/1539/1489
f 364/1540/707 355/2158/120 1350/1541/118
f 532/256/236 1352/255/235 1354/1542/1490
f 544/944/883 1354/1542/1490 1355/1543/1491
f 1355/1543/1491 1356/1544/1492 535/931/870
f 1356/1544/1492 1353/257/237 530/239/219
f 1352/255/235 548/271/251 553/950/889
f 1354/1542/1490 553/950/889 563/953/892
f 1359/1545/1493 1360/1548/1496 558/958/897
f 564/962/901 1361/1546/1494 1358/236/216
f 567/227/207 572/1547/1495 1359/1545/1493
f 572/1547/1495 577/2159/2130 1360/1548/1496
f 1360/1548/1496 577/2159/2130 576/1549/1497
f 1362/284/264 1364/1556/1499 573/1550/1498
f 1364/1551/1499 1365/1557/1504 574/1552/1500
f 1365/1554/1502 1363/238/218 569/265/245
f 1362/284/264 531/285/265 541/938/877
f 1364/1551/1499 541/941/877 534/932/881
f 1365/1554/1502 533/930/869 530/239/219
f 1371/245/225 1373/1561/1508 539/939/878
f 1373/1561/1508 1374/1564/1511 540/1562/1509
f 1371/245/225 513/247/227 523/918/858
f 1373/1561/1508 523/918/858 516/922/862
f 1377/1566/1512 1378/1573/1517 522/1567/1513
f 438/829/768 1381/1575/1519 1382/1576/1520
f 1387/1582/1527 1388/1583/1529 447/838/1528
f 1388/1583/1529 1385/232/212 443/314/294
f 1384/254/234 411/240/220 422/811/754
f 1386/1581/1525 422/811/754 418/812/752
f 1387/1582/1527 418/812/752 417/803/749
f 1388/1583/1529 417/803/749 410/805/751
f 1391/1585/1530 1392/1586/1532 440/836/1531
f 1393/1587/1534 1390/243/223 436/229/209
f 1391/1585/1530 451/1588/1524 452/1589/1535
f 1393/1587/1534 449/845/1536 444/842/1537
f 470/870/809 1398/1592/1540 1395/274/254
f 424/215/195 428/814/1541 1396/1590/1538
f 477/268/248 1399/258/238 1401/1595/1543
f 480/875/1544 1401/1595/1543 1402/1596/1545
f 1850/1597/1546 1402/1596/1545 1403/1598/1547
f 483/1599/1548 1403/1598/1547 1400/334/314
f 470/869/809 463/318/298 1400/334/314
f 1408/1603/1552 1405/261/241 479/266/246
f 1404/204/184 426/272/252 431/826/1553
f 1407/1602/1551 432/823/1554 429/822/1555
f 1408/1603/1552 429/822/1555 425/819/1556
f 1409/252/232 1411/1605/1558 461/1604/1557
f 1411/1605/1558 1412/1606/1560 1848/853/1559
f 1412/1606/1560 1413/1607/1562 457/849/1561
f 1413/1607/1562 1410/290/270 453/339/319
f 1409/252/232 488/275/255 495/894/835
f 1411/1605/1558 495/894/835 491/886/828
f 1412/1606/1560 491/886/828 490/884/826
f 1413/1607/1562 490/884/826 487/288/268
f 1414/324/304 1416/1608/1563 495/893/835
f 1416/1608/1563 1417/1609/1564 496/891/833
f 1417/1609/1564 1418/1610/1565 500/896/837
f 1418/1610/1565 1415/196/176 489/280/260
f 1414/324/304 503/325/305 507/1611/1566
f 1416/1608/1563 507/1611/1566 508/901/1567
f 1417/1609/1564 508/901/1567 505/900/1568
f 1418/1610/1565 505/900/1568 502/194/174
f 1419/338/318 1421/1613/1569 507/1612/1566
f 1421/1613/1569 1422/1614/1572 508/909/1570
f 1422/1614/1572 1423/1615/1578 511/906/1573
f 1423/1615/1574 1420/281/261 504/286/266
f 1419/338/318 455/191/171 461/1616/1557
f 1421/1613/1569 461/1616/1557 459/858/1576
f 1422/1614/1572 459/858/1576 457/857/1577
f 1423/1615/1574 457/857/796 454/854/795
f 591/978/922 1426/1617/1579 1427/1618/1580
f 584/967/906 1428/1619/1581 1425/278/258
f 1426/1617/1579 606/991/935 600/985/929
f 1428/1619/1581 599/983/927 596/317/297
f 1429/304/284 1431/1621/1582 617/1002/944
f 1431/1621/1582 1432/1622/1583 618/1012/954
f 1432/1622/1583 1433/1623/1584 624/1008/950
f 1433/1623/1584 1430/1624/198 615/1009/200
f 598/303/283 611/997/940 1431/1621/1582
f 611/997/940 605/993/936 1432/1622/1583
f 605/993/936 604/990/934 1433/1623/1584
f 604/990/934 597/992/312 1430/1624/198
f 1434/307/287 1436/1625/1585 587/975/916
f 1437/1626/1586 1438/1627/1587 593/979/923
f 1434/307/287 616/306/286 628/1014/956
f 1437/1626/1586 623/1010/951 622/1007/949
f 649/1043/303 658/1042/984 1441/1630/1588
f 658/1042/984 652/1046/988 1442/1631/1589
f 651/1036/977 648/337/317 1440/222/202
f 666/1065/316 1444/1636/315 1446/1633/1591
f 677/1063/1007 1446/1633/1591 1447/1634/1592
f 678/1057/1000 1447/1634/1592 1448/1635/1593
f 668/1053/996 1448/1635/1593 1445/208/188
f 1444/1636/315 632/1031/299 645/1030/973
f 1446/1633/1591 645/1030/973 639/1026/969
f 1447/1634/1592 639/1026/969 638/1024/967
f 1448/1635/1593 638/1024/967 631/310/290
f 1449/309/289 1451/1637/1594 672/1061/1004
f 1449/309/289 650/308/288 662/1048/990
f 1453/1639/1596 656/1041/983 649/1043/303
f 1454/329/309 1456/1641/1597 685/1070/1013
f 1456/1641/1597 1457/1642/1598 686/1080/1023
f 1457/1642/1598 1458/1643/1599 693/1076/1020
f 1458/1643/1599 1455/1644/181 683/1077/191
f 700/328/308 705/1085/1030 1456/1641/1597
f 705/1085/1030 714/1088/1033 1457/1642/1598
f 714/1088/1033 713/1096/1041 1458/1643/1599
f 713/1096/1041 702/1098/179 1455/1644/181
f 1459/198/178 1461/1645/1600 708/1091/1036
f 1461/1645/1600 1462/1648/1602 709/1093/1038
f 709/1093/1038 1462/1648/1602 1463/1646/1601
f 715/1097/1042 1463/1646/1601 1460/1647/306
f 718/1101/1044 723/1103/1046 1461/1645/1600
f 723/1103/1046 733/1106/1049 1462/1648/1602
f 1462/1648/1602 733/1106/1049 732/1114/1060
f 1463/1646/1601 732/1114/1060 720/1116/307
f 719/301/281 1464/300/280 1466/1649/1603
f 1466/1649/1603 1467/1650/1605 728/1118/1604
f 1467/1650/1605 1468/1651/1606 734/1115/1061
f 1468/1651/1606 1465/1652/190 720/1116/307
f 1464/300/280 684/302/282 697/1083/1026
f 1466/1649/1603 697/1083/1026 692/1078/1021
f 1467/1650/1605 692/1078/1021 691/1075/1019
f 1468/1651/1606 691/1075/1019 683/1077/191
f 409/165/145 1469/164/144 1471/1653/1607
f 412/796/742 1471/1653/1607 1472/1654/1608
f 413/798/1609 1472/1654/1608 1473/1655/1610
f 1473/1655/1610 1470/233/213 410/805/751
f 1469/164/144 596/317/297 601/984/928
f 1471/1653/1607 601/984/928 610/987/931
f 610/987/931 609/996/939 1473/1655/1610
f 609/996/939 598/303/283 1470/233/213
f 616/306/286 1474/244/224 1476/1656/1611
f 1476/1656/1612 1477/1659/1618 627/1005/1613
f 1477/1657/1616 1475/315/295 614/316/296
f 444/842/1537 446/844/2131 1476/1656/1611
f 1477/1657/1616 446/837/2132 443/314/294
f 424/215/195 1478/217/197 1480/1660/1619
f 1481/1662/1624 1479/262/242 425/819/1556
f 648/337/317 653/1035/976 1480/1660/1619
f 1480/1660/1622 653/1035/2133 661/1039/1626
f 1481/1662/1624 660/1049/991 650/308/288
f 664/1051/994 1482/207/187 1484/1663/1628
f 1484/1663/1630 1485/1666/1635 674/1664/1631
f 1485/1665/1632 1483/267/247 665/311/291
f 1482/207/187 477/268/248 481/876/1633
f 485/879/820 479/266/246 1483/267/247
f 1486/279/259 1488/1667/1636 498/895/836
f 1488/1667/1636 1489/1668/1638 499/888/1637
f 1489/1668/1638 1490/1669/1639 492/885/827
f 1490/1669/1639 1487/1670/1640 487/288/268
f 701/299/279 710/1092/1037 1488/1667/1636
f 710/1092/1037 704/1086/1031 1489/1668/1638
f 704/1086/1031 703/1084/1029 1490/1669/1639
f 703/1084/1029 700/328/308 1487/1670/1640
f 684/302/282 1491/282/262 1493/1671/1641
f 696/1073/1017 1493/1674/1643 1494/1673/1642
f 687/1069/1012 1494/1673/1645 1492/340/320
f 1491/282/262 454/854/795 460/856/797
f 1493/1674/1643 460/850/2134 456/848/1644
f 1494/1673/1645 456/848/790 453/339/319
f 579/965/904 1495/277/257 1497/1675/1646
f 1497/1675/1648 1498/1677/1654 583/968/1649
f 1498/1676/1652 1496/231/211 580/305/285
f 1495/277/257 434/205/185 437/828/769
f 1498/1676/1652 442/832/771 436/229/209
f 464/260/240 1499/259/239 1501/1678/1655
f 473/871/810 1501/1678/1655 1502/1679/1656
f 474/866/1657 1502/1679/1656 1503/1680/1658
f 467/861/802 1503/1680/1658 1500/294/274
f 1499/259/239 631/310/290 640/1025/968
f 1501/1678/1655 640/1025/968 634/1019/962
f 1502/1679/1656 634/1019/962 633/1017/960
f 1503/1680/1658 633/1017/960 630/221/201
f 1504/287/267 1506/1683/1666 509/905/1659
f 509/905/1660 1506/1683/1661 1507/1681/1661
f 510/904/1663 1507/1681/1667 1508/1682/1664
f 506/899/1665 1508/1682/1668 1505/197/177
f 719/301/281 729/1110/1053 1506/1683/1666
f 1506/1683/1661 729/1110/1053 722/1104/1057
f 1507/1681/1667 722/1104/1047 721/1105/1048
f 1508/1682/1668 721/1105/1048 718/1101/1044
f 758/366/343 1509/365/342 1511/1684/1669
f 761/1685/1670 1511/1684/1669 1512/1686/1671
f 760/1687/1673 1512/1686/1678 1513/1688/1674
f 1513/1690/1674 1510/480/443 757/521/480
f 1509/365/342 742/356/333 744/1692/1676
f 1511/1684/1669 744/1692/1676 745/1693/1677
f 1512/1686/1678 745/1693/1716 746/1694/1679
f 746/1695/1679 743/376/352 1510/480/443
f 1514/402/376 1516/1697/1681 766/1696/1680
f 1516/1697/1681 1517/1699/1687 765/1698/1682
f 1517/1699/1683 1518/1704/1689 764/1700/1684
f 764/1701/1684 1518/1705/1689 1515/460/426
f 747/532/489 749/1702/1686 1516/1697/1681
f 749/1702/1686 750/1703/1755 1517/1699/1687
f 750/1703/1688 751/1773/1757 1518/1704/1689
f 1518/1705/1689 751/1774/1757 748/359/336
f 1519/470/435 1521/1707/1691 741/1706/1690
f 1521/1707/1691 1522/1709/1696 740/1708/1692
f 1522/1709/1693 1523/1713/1697 739/1710/1694
f 739/1710/1694 1523/1713/1697 1520/1711/325
f 758/366/343 761/1685/1670 1521/1707/1691
f 761/1685/1670 760/1687/1672 1522/1709/1696
f 760/1687/1673 759/1689/1675 1523/1713/1697
f 1523/1713/1697 759/1689/1675 757/1714/480
f 753/499/459 1524/367/344 1526/1715/1698
f 756/1716/1699 1526/1715/1698 1527/1717/1700
f 755/1718/1702 1527/1717/1705 1528/1719/1703
f 1528/1721/1703 1525/364/341 752/351/329
f 1524/367/344 763/349/328 766/1696/1680
f 1526/1715/1698 766/1696/1680 765/1698/1682
f 1527/1717/1705 765/1698/1685 764/1700/1684
f 764/1701/1684 762/362/339 1525/364/341
f 768/500/460 1529/494/455 1531/1723/1706
f 771/1724/1707 1531/1723/1706 1532/1725/1708
f 770/1726/1710 1532/1725/1713 1533/1727/1711
f 1533/1729/1711 1530/353/331 767/370/346
f 1529/494/455 753/499/459 756/1716/1699
f 1531/1723/1706 756/1716/1699 755/1718/1701
f 1532/1725/1713 755/1718/1702 754/1720/1704
f 754/1722/1704 752/351/329 1530/353/331
f 742/356/333 1534/355/332 1536/1731/1714
f 744/1692/1676 1536/1731/1714 1537/1732/1715
f 745/1693/1716 1537/1732/1720 1538/1733/1717
f 1538/1734/1717 1535/374/350 743/376/352
f 1534/355/332 772/385/360 774/1735/1718
f 1536/1731/1714 774/1735/1718 775/1736/1719
f 1537/1732/1720 775/1736/1724 776/1737/1721
f 776/1738/1721 773/373/349 1535/374/350
f 772/385/360 1539/394/368 1541/1739/1722
f 774/1735/1718 1541/1739/1722 1542/1740/1723
f 775/1736/1724 1542/1740/1728 1543/1741/1725
f 1543/1742/1725 1540/371/347 773/373/349
f 1539/394/368 782/393/367 784/1743/1726
f 1541/1739/1722 784/1743/1726 785/1744/1727
f 1542/1740/1728 785/1744/1746 786/1745/1729
f 786/1746/1729 783/383/359 1540/371/347
f 778/533/490 1544/525/483 1546/1747/1730
f 781/1748/1731 1546/1747/1730 1547/1749/1732
f 780/1750/1734 1547/1749/1737 1548/1751/1735
f 1548/1753/1735 1545/378/354 777/380/356
f 1544/525/483 768/500/460 771/1724/1707
f 1546/1747/1730 771/1724/1707 770/1726/1709
f 1547/1749/1737 770/1726/1710 769/1728/1712
f 769/1730/1712 767/370/346 1545/378/354
f 1549/511/470 1551/1756/1739 809/1755/1738
f 1551/1756/1739 1552/1758/1741 808/1757/1740
f 1552/1758/1741 1553/1762/1743 807/1759/1742
f 1553/1760/1743 1550/524/437 805/390/365
f 788/1128/1075 798/1127/1074 1551/1756/1739
f 798/1127/1074 791/1131/1078 1552/1758/1741
f 791/1131/1078 790/1122/1069 1553/1762/1743
f 790/1122/1069 787/1119/1066 1550/474/437
f 782/393/367 1554/493/454 1556/1763/1744
f 784/1743/1726 1556/1763/1748 1557/1764/1745
f 785/1744/1746 1557/1764/1749 1558/1765/1747
f 786/1746/1729 1558/1766/1747 1555/381/357
f 1554/493/454 806/509/468 809/1755/1738
f 1556/1763/1748 809/1755/1738 808/1757/1740
f 1557/1764/1749 808/1757/1740 807/1759/1742
f 807/1761/1742 805/390/365 1555/381/357
f 788/1128/1075 1559/510/469 1561/1767/1750
f 796/1126/1073 1561/1767/1750 1562/1768/1751
f 797/1129/1085 1562/1768/1753 1563/1769/1752
f 802/1134/1081 1563/1770/1752 1560/387/362
f 1559/510/469 778/533/490 781/1748/1731
f 1561/1767/1750 781/1748/1731 780/1750/1733
f 1562/1768/1753 780/1750/1734 779/1752/1736
f 1563/1770/1752 779/1754/1736 777/380/356
f 1564/410/383 1566/1771/1754 749/1702/1686
f 1566/1771/1754 1567/1772/1759 750/1703/1755
f 1567/1772/1756 1568/1777/1761 751/1773/1757
f 751/1774/1757 1568/1778/1761 1565/503/462
f 815/469/434 817/1775/1758 1566/1771/1754
f 817/1775/1758 818/1776/1777 1567/1772/1759
f 818/1776/1760 819/1797/1779 1568/1777/1761
f 1568/1778/1761 819/1799/1779 816/399/373
f 1569/342/322 1571/1780/1763 814/1779/1762
f 1571/1780/1763 1572/1782/1768 813/1781/1764
f 1572/1782/1765 1573/1785/1769 812/1783/1766
f 812/1784/1766 1573/2160/1769 1570/395/369
f 738/344/324 741/1706/1690 1571/1780/1763
f 741/1706/1690 740/1708/1692 1572/1782/1768
f 740/1708/1695 739/1710/1694 1573/1785/1769
f 1573/1785/1769 739/1710/1694 737/1712/334
f 827/1155/1105 1574/484/446 1576/1787/1770
f 838/1153/1103 1576/1787/1770 1577/1788/1771
f 839/1144/1092 1577/1788/1771 1578/1789/1772
f 829/1790/1088 1578/1794/1772 1575/461/427
f 1574/484/446 820/486/448 822/1791/1773
f 1576/1787/1770 822/1791/1773 823/1792/1774
f 1577/1788/1771 823/1792/1774 824/1793/1775
f 1578/1794/1772 824/1804/1775 821/405/379
f 1579/485/447 1581/1795/1776 817/1775/1758
f 1581/1795/1776 1582/1796/1781 818/1776/1777
f 1582/1796/1778 1583/1800/1780 819/1797/1779
f 1583/1798/1780 1580/407/381 816/399/373
f 827/1155/1105 840/1154/1104 1581/1795/1776
f 840/1154/1104 834/1157/1107 1582/1796/1781
f 834/1157/1782 833/1149/1097 1583/1800/1780
f 833/1801/1097 826/1146/1094 1580/407/381
f 1584/487/449 1586/1802/1783 822/1791/1773
f 1586/1802/1783 1587/1803/1785 823/1792/1774
f 1587/1803/1784 1588/1805/1786 824/1793/1775
f 824/1804/1775 1588/1806/1786 1585/403/377
f 811/518/477 814/1779/1762 1586/1802/1783
f 814/1779/1762 813/1781/1764 1587/1803/1785
f 813/1781/1767 812/1783/1766 1588/1805/1786
f 812/1784/1766 810/397/371 1585/403/377
f 1589/483/445 1591/1808/1788 867/1807/1787
f 1591/1808/1788 1592/1810/1790 866/1809/1789
f 1592/1810/1790 1593/1812/1792 865/1811/1791
f 1593/1812/1792 1590/530/487 863/531/488
f 848/432/402 850/1813/1793 1591/1808/1788
f 850/1813/1793 851/1814/1794 1592/1810/1790
f 851/1814/1794 852/1815/1795 1593/1812/1792
f 852/1815/1795 849/529/486 1590/530/487
f 869/426/396 1594/425/395 1596/1816/1796
f 872/1817/1797 1596/1816/1796 1597/1818/1798
f 871/1819/1799 1597/1818/1798 1598/1820/1800
f 870/1821/1801 1598/1820/1800 1595/464/430
f 1594/425/395 853/429/399 855/1822/1802
f 1596/1816/1796 855/1822/1802 856/1823/1803
f 1597/1818/1798 856/1823/1803 857/1824/1804
f 1598/1820/1800 857/1824/1804 854/465/431
f 844/422/392 1599/413/385 1601/1825/1805
f 847/1826/1806 1601/1825/1805 1602/1827/1807
f 846/1828/1808 1602/1827/1807 1603/1829/1809
f 845/1830/1810 1603/1829/1809 1600/481/444
f 1599/413/385 864/412/384 867/1807/1787
f 1601/1825/1805 867/1807/1787 866/1809/1789
f 1602/1827/1807 866/1809/1789 865/1811/1791
f 1603/1829/1809 865/1811/1791 863/531/488
f 1604/427/397 1606/1832/1812 862/1831/1811
f 1606/1832/1812 1607/1834/1814 861/1833/1813
f 1607/1834/1814 1608/1836/1816 860/1835/1815
f 1608/1836/1816 1605/502/461 858/522/481
f 869/426/396 872/1817/1797 1606/1832/1812
f 872/1817/1797 871/1819/1799 1607/1834/1814
f 871/1819/1799 870/1821/1801 1608/1836/1816
f 870/1821/1801 868/467/433 1605/502/461
f 1609/418/389 1611/1838/1818 877/1837/1817
f 1611/1838/1818 1612/1840/1820 876/1839/1819
f 1612/1840/1820 1613/1842/1822 875/1841/1821
f 1613/1842/1822 1610/435/405 873/419/390
f 859/466/432 862/1831/1811 1611/1838/1818
f 862/1831/1811 861/1833/1813 1612/1840/1820
f 861/1833/1813 860/1835/1815 1613/1842/1822
f 860/1835/1815 858/522/481 1610/435/405
f 1614/433/403 1616/1843/1823 850/1813/1793
f 1616/1843/1823 1617/1844/1824 851/1814/1794
f 1617/1844/1824 1618/1845/1825 852/1815/1795
f 1618/1845/1825 1615/415/387 849/529/486
f 878/438/407 880/1846/1826 1616/1843/1823
f 880/1846/1826 881/1847/1827 1617/1844/1824
f 881/1847/1827 882/1848/1828 1618/1845/1825
f 882/1848/1828 879/479/442 1615/415/387
f 1619/439/408 1621/1849/1829 880/1846/1826
f 1621/1849/1829 1622/1850/1830 881/1847/1827
f 1622/1850/1830 1623/1851/1831 882/1848/1828
f 1623/1851/1831 1620/523/482 879/479/442
f 888/443/412 890/1852/1832 1621/1849/1829
f 890/1852/1832 891/1853/1833 1622/1850/1830
f 891/1853/1833 892/1854/1834 1623/1851/1831
f 892/1854/1834 889/520/479 1620/523/482
f 1624/434/404 1626/1856/1836 887/1855/1835
f 1626/1856/1836 1627/1858/1838 886/1857/1837
f 1627/1858/1838 1628/1860/1840 885/1859/1839
f 1628/1860/1840 1625/421/391 883/442/411
f 874/496/456 877/1837/1817 1626/1856/1836
f 877/1837/1817 876/1839/1819 1627/1858/1838
f 876/1839/1819 875/1841/1821 1628/1860/1840
f 875/1841/1821 873/419/390 1625/421/391
f 911/528/485 1629/1867/441 1631/1861/1841
f 914/1862/1842 1631/1861/1841 1632/1863/1843
f 913/1864/1844 1632/1863/1843 1633/1865/1845
f 912/1866/1846 1633/1865/1845 1630/513/472
f 1629/1867/441 893/1158/440 897/1160/1110
f 1631/1861/1841 897/1160/1110 906/1164/1114
f 1632/1863/1843 906/1164/1114 905/1170/1122
f 1633/1865/1845 905/1170/1122 895/514/473
f 1634/445/414 1636/1868/1847 890/1852/1832
f 1636/1868/1847 1637/1869/1848 891/1853/1833
f 1637/1869/1848 1638/1870/1849 892/1854/1834
f 1638/1870/1849 1635/497/457 889/520/479
f 911/528/485 914/1862/1842 1636/1868/1847
f 914/1862/1842 913/1864/1844 1637/1869/1848
f 913/1864/1844 912/1866/1846 1638/1870/1849
f 912/1866/1846 910/515/474 1635/497/457
f 1639/440/409 1641/1871/1850 901/1168/1118
f 1641/1871/1850 1642/1872/1851 902/1173/1125
f 1642/1872/1851 1643/1873/1852 907/1171/1123
f 1643/1873/1852 1640/512/471 895/514/473
f 884/526/484 887/1855/1835 1641/1871/1850
f 887/1855/1835 886/1857/1837 1642/1872/1851
f 886/1857/1837 885/1859/1839 1643/1873/1852
f 885/1859/1839 883/442/411 1640/512/471
f 853/429/399 1644/450/417 1646/1874/1853
f 855/1822/1802 1646/1874/1853 1647/1875/1854
f 856/1823/1803 1647/1875/1854 1648/1876/1855
f 857/1824/1804 1648/1876/1855 1645/507/466
f 1644/450/417 920/451/418 922/1877/1856
f 1646/1874/1853 922/1877/1856 923/1878/1857
f 1647/1875/1854 923/1878/1857 924/1879/1858
f 1648/1876/1855 924/1879/1858 921/471/436
f 916/452/419 1649/423/393 1651/1880/1859
f 919/1881/1860 1651/1880/1859 1652/1882/1861
f 918/1883/1862 1652/1882/1861 1653/1884/1863
f 917/1885/1864 1653/1884/1863 1650/456/422
f 1649/423/393 844/422/392 847/1826/1806
f 1651/1880/1859 847/1826/1806 846/1828/1808
f 1652/1882/1861 846/1828/1808 845/1830/1810
f 1653/1884/1863 845/1830/1810 843/447/416
f 1654/463/429 1656/1886/1865 933/1176/1129
f 1656/1886/1865 1657/1887/1866 934/1185/1138
f 1657/1887/1866 1658/1888/1867 941/1181/1134
f 1658/1888/1867 1655/491/453 931/1182/1135
f 925/459/425 927/1889/1868 1656/1886/1865
f 927/1889/1868 928/1890/1869 1657/1887/1866
f 928/1890/1869 929/1891/1870 1658/1888/1867
f 929/1891/1870 926/488/450 1655/491/453
f 920/451/418 1659/457/423 1661/1892/1871
f 922/1877/1856 1661/1892/1871 1662/1893/1872
f 923/1878/1857 1662/1893/1872 1663/1894/1873
f 924/1879/1858 1663/1894/1873 1660/490/452
f 1659/457/423 932/458/424 944/1188/1142
f 1661/1892/1871 944/1188/1142 940/1183/1136
f 1662/1893/1872 940/1183/1136 939/1180/1133
f 1663/1894/1873 939/1180/1133 931/1182/1135
f 925/459/425 1664/453/420 1666/1895/1874
f 927/1889/1868 1666/1895/1874 1667/1896/1875
f 928/1890/1869 1667/1896/1875 1668/1897/1876
f 929/1891/1870 1668/1897/1876 1665/489/451
f 1664/453/420 916/452/419 919/1881/1860
f 1666/1895/1874 919/1881/1860 918/1883/1862
f 1667/1896/1875 918/1883/1862 917/1885/1864
f 1668/1897/1876 917/1885/1864 915/455/421
f 932/458/424 1669/408/382 1671/1898/1877
f 935/1175/1128 1671/1901/1881 1670/516/475
f 1669/408/382 826/1146/1094 835/1148/1878
f 1671/1901/1881 828/2161/1089 825/517/476
f 1672/388/363 1674/1906/1885 801/1902/1882
f 1674/1905/1884 1673/475/438 787/1119/1066
f 894/446/415 896/1167/1117 1674/1906/1885
f 896/1907/1111 893/477/440 1673/475/438
f 968/555/509 1675/554/508 1677/1908/1886
f 971/1909/1887 1677/1908/1886 1678/1910/1888
f 970/1911/1890 1678/1910/1895 1679/1912/1891
f 1679/1914/1891 1676/670/613 967/708/649
f 1675/554/508 952/545/499 954/1916/1893
f 1677/1908/1886 954/1916/1893 955/1917/1894
f 1678/1910/1895 955/1917/1933 956/1918/1896
f 956/1919/1896 953/565/518 1676/670/613
f 1680/591/543 1682/1926/1898 976/1920/1897
f 1682/1921/1898 1683/1924/1904 975/1922/1899
f 1683/1924/1900 1684/1929/1906 974/1925/1901
f 974/1925/1901 1684/1929/1906 1681/650/596
f 957/719/659 959/1991/1903 1682/1926/1898
f 959/1927/1903 960/1928/1969 1683/1924/1904
f 960/1928/1905 961/1994/1971 1684/1929/1906
f 1684/1929/1906 961/1994/1971 958/548/502
f 1685/660/605 1687/1931/1908 951/1930/1907
f 1687/1931/1908 1688/1933/1913 950/1932/1909
f 1688/1933/1910 1689/1936/1914 949/1934/1911
f 949/1935/1911 1689/1937/1914 1686/534/491
f 968/555/509 971/1909/1887 1687/1931/1908
f 971/1909/1887 970/1911/1889 1688/1933/1913
f 970/1911/1890 969/1913/1892 1689/1936/1914
f 1689/1937/1914 969/1915/1892 967/708/649
f 963/689/631 1690/556/510 1692/1938/1915
f 966/1940/1916 1692/1945/1915 1693/1941/1917
f 965/1942/1919 1693/1941/1922 1694/1943/1920
f 1694/1943/1920 1691/553/507 962/540/495
f 1690/556/510 973/538/494 976/1920/1897
f 1692/1945/1915 976/1923/1897 975/1922/1899
f 1693/1941/1922 975/1922/1902 974/1925/1901
f 974/1925/1901 972/551/505 1691/553/507
f 978/690/632 1695/684/626 1697/1946/1923
f 981/1947/1924 1697/1946/1923 1698/1948/1925
f 980/1950/1927 1698/1954/1930 1699/1951/1928
f 1699/1951/1928 1696/542/497 977/559/512
f 1695/684/626 963/689/631 966/1939/1916
f 1697/1953/1923 966/1940/1916 965/1942/1918
f 1698/1954/1930 965/1942/1919 964/1944/1921
f 964/1944/1921 962/540/495 1696/542/497
f 952/545/499 1700/544/498 1702/1955/1931
f 954/1916/1893 1702/1955/1931 1703/1956/1932
f 955/1917/1933 1703/1956/1937 1704/1957/1934
f 1704/1958/1934 1701/563/516 953/565/518
f 1700/544/498 982/574/526 984/1959/1935
f 1702/1955/1931 984/1959/1935 985/1960/1936
f 1703/1956/1937 985/1960/1941 986/1961/1938
f 986/1961/1938 983/1966/515 1701/1962/516
f 982/574/526 1705/583/535 1707/1963/1939
f 984/1959/1935 1707/1963/1939 1708/1964/1940
f 985/1960/1941 1708/1964/1945 1709/1965/1942
f 1709/1965/1942 1706/1970/513 983/1966/515
f 1705/583/535 992/582/534 994/1967/1943
f 1707/1963/1939 994/1967/1943 995/1968/1944
f 1708/1964/1945 995/1968/1960 996/1969/1946
f 996/1969/1946 993/1986/525 1706/1970/513
f 988/720/660 1710/713/654 1712/1971/1947
f 991/1972/1948 1712/1971/1947 1713/1973/1949
f 990/1975/1951 1713/1978/1954 1714/1976/1952
f 1714/1976/1952 1711/567/520 987/569/522
f 1710/713/654 978/690/632 981/1947/1924
f 1712/1971/1947 981/1947/1924 980/1949/1926
f 1713/1978/1954 980/1950/1927 979/1952/1929
f 979/1952/1929 977/559/512 1711/567/520
f 1715/698/639 1717/1979/1955 1028/1228/1182
f 1717/1979/1955 1718/1980/1956 1029/1216/1172
f 1718/1980/1956 1719/1981/1957 1020/1213/1169
f 1719/1981/1957 1716/664/607 1015/712/653
f 998/1200/1156 1008/1199/1155 1717/1979/1955
f 1008/1199/1155 1001/1203/1159 1718/1980/1956
f 1001/1203/1159 1000/1193/1149 1719/1981/1957
f 1000/1193/1149 997/1190/1146 1716/664/607
f 992/582/534 1720/683/625 1722/1982/1958
f 994/1967/1943 1722/1982/1962 1723/1983/1959
f 995/1968/1960 1723/1983/1963 1724/1984/1961
f 996/1969/1946 1724/1984/1961 1721/1985/523
f 1720/683/625 1017/696/637 1030/1227/1181
f 1722/1982/1962 1030/1227/1181 1024/1222/1185
f 1723/1983/1963 1024/1222/1177 1023/1219/1175
f 1724/1984/1961 1023/1219/1175 1016/1221/531
f 998/1200/1156 1725/697/638 1727/1987/1964
f 1006/1198/1154 1727/1987/1964 1728/1988/1965
f 1007/1210/1166 1728/1990/1967 1729/1989/1966
f 1012/1206/1162 1729/1989/1966 1726/576/528
f 1725/697/638 988/720/660 991/1972/1948
f 1727/1987/1964 991/1972/1948 990/1974/1950
f 1728/1990/1967 990/1975/1951 989/1977/1953
f 1729/1989/1966 989/1977/1953 987/569/522
f 1730/599/550 1732/1995/1968 959/1991/1903
f 1732/1992/1968 1733/1993/1973 960/1928/1969
f 1733/1993/1970 1734/1998/1975 961/1994/1971
f 961/1994/1971 1734/1998/1975 1731/693/634
f 1038/659/604 1040/2015/1972 1732/1995/1968
f 1040/1996/1972 1041/1997/1991 1733/1993/1973
f 1041/1997/1974 1042/2018/1993 1734/1998/1975
f 1734/1998/1975 1042/2018/1993 1039/588/540
f 1735/504/463 1737/2000/1977 1037/1999/1976
f 1737/2000/1977 1738/2002/1982 1036/2001/1978
f 1738/2002/1979 1739/2005/1983 1035/2003/1980
f 1035/2004/1980 1739/2006/1983 1736/584/536
f 948/506/465 951/1930/1907 1737/2000/1977
f 951/1930/1907 950/1932/1909 1738/2002/1982
f 950/1932/1912 949/1934/1911 1739/2005/1983
f 1739/2006/1983 949/1935/1911 947/546/500
f 1050/1247/1205 1740/674/616 1742/2007/1984
f 1061/1245/1203 1742/2007/1984 1743/2008/1985
f 1062/1235/1192 1743/2008/1985 1744/2009/1986
f 1052/1231/1188 1744/2009/1986 1741/2010/597
f 1740/674/616 1043/676/618 1045/2011/1987
f 1742/2007/1984 1045/2011/1987 1046/2012/1988
f 1743/2008/1985 1046/2012/1988 1047/2013/1989
f 1744/2014/1986 1047/2025/1989 1044/594/546
f 1745/675/617 1747/2020/1990 1040/2015/1972
f 1747/2016/1990 1748/2017/1995 1041/1997/1991
f 1748/2017/1992 1749/2019/1994 1042/2018/1993
f 1749/2019/1994 1746/596/548 1039/588/540
f 1050/1247/1205 1063/1246/1204 1747/2020/1990
f 1063/2021/1204 1057/2022/1207 1748/2017/1995
f 1057/2022/1996 1056/1240/1197 1749/2019/1994
f 1056/1240/1197 1049/1237/1194 1746/596/548
f 1750/677/619 1752/2023/1997 1045/2011/1987
f 1752/2023/1997 1753/2024/1999 1046/2012/1988
f 1753/2024/1998 1754/2026/2000 1047/2013/1989
f 1047/2025/1989 1754/2027/2000 1751/592/544
f 1034/705/646 1037/1999/1976 1752/2023/1997
f 1037/1999/1976 1036/2001/1978 1753/2024/1999
f 1036/2001/1981 1035/2003/1980 1754/2026/2000
f 1035/2004/1980 1033/586/538 1751/592/544
f 1755/673/615 1757/2029/2002 1090/2028/2001
f 1757/2029/2002 1758/2031/2004 1089/2030/2003
f 1758/2031/2004 1759/2033/2006 1088/2032/2005
f 1759/2033/2006 1756/717/657 1086/718/658
f 1071/621/570 1073/2034/2007 1757/2029/2002
f 1073/2034/2007 1074/2035/2008 1758/2031/2004
f 1074/2035/2008 1075/2036/2009 1759/2033/2006
f 1075/2036/2009 1072/716/656 1756/717/657
f 1092/615/564 1760/614/563 1762/2037/2010
f 1095/2038/2011 1762/2037/2010 1763/2039/2012
f 1093/2042/2015 1764/2041/2014 1761/654/600
f 1760/614/563 1076/618/567 1078/2043/2016
f 1763/2039/2012 1079/2044/2017 1080/2045/2018
f 1764/2041/2014 1080/2045/2018 1077/655/601
f 1067/611/560 1765/602/552 1767/2046/2019
f 1070/2047/2020 1767/2046/2019 1768/2048/2021
f 1069/2049/2022 1768/2048/2021 1769/2050/2023
f 1068/2051/2024 1769/2050/2023 1766/671/614
f 1765/602/552 1087/601/551 1090/2028/2001
f 1767/2046/2019 1090/2028/2001 1089/2030/2003
f 1768/2048/2021 1089/2030/2003 1088/2032/2005
f 1770/616/565 1772/2053/2026 1085/2052/2025
f 1772/2053/2026 1773/2055/2028 1084/2054/2027
f 1773/2055/2028 1774/2057/2030 1083/2056/2029
f 1774/2057/2030 1771/692/633 1081/709/650
f 1092/615/564 1095/2038/2011 1772/2053/2026
f 1095/2038/2011 1094/2040/2013 1773/2055/2028
f 1094/2040/2013 1093/2042/2015 1774/2057/2030
f 1093/2042/2015 1091/657/603 1771/692/633
f 1775/607/556 1777/2059/2032 1100/2058/2031
f 1777/2059/2032 1778/2061/2034 1099/2060/2033
f 1778/2061/2034 1779/2063/2036 1098/2062/2035
f 1779/2063/2036 1776/624/573 1096/608/557
f 1085/2052/2025 1084/2054/2027 1778/2061/2034
f 1084/2054/2027 1083/2056/2029 1779/2063/2036
f 1083/2056/2029 1081/709/650 1776/624/573
f 1780/622/571 1782/2064/2037 1073/2034/2007
f 1782/2064/2037 1783/2065/2038 1074/2035/2008
f 1783/2065/2038 1784/2066/2039 1075/2036/2009
f 1784/2066/2039 1781/604/554 1072/716/656
f 1103/2067/2040 1104/2068/2041 1783/2065/2038
f 1104/2068/2041 1105/2069/2042 1784/2066/2039
f 1105/2069/2042 1102/669/612 1781/604/554
f 1785/628/577 1787/2070/2043 1103/2067/2040
f 1787/2070/2043 1788/2071/2044 1104/2068/2041
f 1788/2071/2044 1789/2072/2045 1105/2069/2042
f 1111/632/581 1113/2073/2046 1787/2070/2043
f 1114/2074/2047 1115/2075/2048 1789/2072/2045
f 1115/2075/2048 1112/707/648 1786/710/651
f 1790/623/572 1792/2077/2050 1110/2076/2049
f 1792/2077/2050 1793/2079/2052 1109/2078/2051
f 1793/2079/2052 1794/2081/2054 1108/2080/2053
f 1794/2081/2054 1791/610/559 1106/631/580
f 1097/686/628 1100/2058/2031 1792/2077/2050
f 1100/2058/2031 1099/2060/2033 1793/2079/2052
f 1099/2060/2033 1098/2062/2035 1794/2081/2054
f 1098/2062/2035 1096/608/557 1791/610/559
f 1795/668/611 1797/2089/2060 1137/2082/2055
f 1137/2082/2055 1797/2089/2060 1798/2083/2056
f 1136/2084/2057 1798/2083/2056 1799/2085/2058
f 1135/2086/2059 1799/2085/2058 1796/2087/641
f 1795/668/611 1116/667/610 1120/1252/1210
f 1797/2089/2060 1120/1252/1210 1129/1256/1214
f 1798/2083/2056 1129/1256/1214 1128/1264/1222
f 1799/2085/2058 1128/1264/1222 1118/1266/642
f 1800/635/584 1802/2090/2061 1113/2073/2046
f 1802/2090/2061 1803/2091/2062 1114/2074/2047
f 1803/2091/2062 1804/2092/2063 1115/2075/2048
f 1804/2092/2063 1801/687/629 1112/707/648
f 1134/634/583 1137/2093/2055 1802/2090/2061
f 1137/2093/2055 1136/2094/2057 1803/2091/2062
f 1136/2094/2057 1135/2095/2059 1804/2092/2063
f 1135/2095/2059 1133/702/643 1801/687/629
f 1805/629/578 1807/2096/2064 1124/1260/1218
f 1807/2096/2064 1808/2098/2065 1125/2097/1225
f 1808/2098/2065 1809/2100/2066 1130/2099/1223
f 1809/2100/2066 1806/699/640 1118/701/642
f 1107/714/655 1110/2076/2049 1807/2096/2064
f 1110/2076/2049 1109/2078/2051 1808/2098/2065
f 1109/2078/2051 1108/2080/2053 1809/2100/2066
f 1108/2080/2053 1106/631/580 1806/699/640
f 1076/618/567 1810/640/587 1812/2101/2067
f 1079/2044/2017 1813/2102/2068 1814/2103/2069
f 1080/2045/2018 1814/2103/2069 1811/694/635
f 1810/640/587 1143/641/588 1145/2104/2070
f 1812/2101/2067 1145/2104/2070 1146/2105/2071
f 1813/2102/2068 1146/2105/2071 1147/2106/2072
f 1814/2103/2069 1147/2106/2072 1144/661/606
f 1139/642/589 1815/612/561 1817/2107/2073
f 1142/2108/2074 1817/2107/2073 1818/2109/2075
f 1141/2110/2076 1818/2109/2075 1819/2111/2077
f 1140/2112/2078 1819/2111/2077 1816/646/592
f 1815/612/561 1067/611/560 1070/2047/2020
f 1817/2107/2073 1070/2047/2020 1069/2049/2022
f 1819/2111/2077 1068/2051/2024 1066/637/586
f 1820/653/599 1822/2113/2079 1156/1272/1229
f 1822/2113/2079 1823/2114/2080 1157/1281/1239
f 1823/2114/2080 1824/2115/2081 1163/1277/1235
f 1824/2115/2081 1821/681/623 1154/1278/1236
f 1148/649/595 1150/2116/2082 1822/2113/2079
f 1150/2116/2082 1151/2117/2083 1823/2114/2080
f 1151/2117/2083 1152/2118/2084 1824/2115/2081
f 1152/2118/2084 1149/678/620 1821/681/623
f 1143/641/588 1825/647/593 1827/2119/2085
f 1145/2104/2070 1827/2119/2085 1828/2120/2086
f 1147/2106/2072 1829/2121/2087 1826/680/622
f 1825/647/593 1155/648/594 1167/1284/1243
f 1827/2119/2085 1167/1284/1243 1162/1279/1237
f 1828/2120/2086 1162/1279/1237 1161/1276/1234
f 1148/649/595 1830/643/590 1832/2122/2088
f 1150/2116/2082 1832/2122/2088 1833/2123/2089
f 1151/2117/2083 1833/2123/2089 1834/2124/2090
f 1830/643/590 1139/642/589 1142/2108/2074
f 1832/2122/2088 1142/2108/2074 1141/2110/2076
f 1833/2123/2089 1141/2110/2076 1140/2112/2078
f 1834/2124/2090 1140/2112/2078 1138/645/591
f 1155/648/594 1835/597/549 1837/2125/2091
f 1166/2127/2092 1837/2130/2096 1836/2128/644
f 1835/597/549 1049/1237/1194 1058/1239/2094
f 1837/2130/2096 1051/2153/2135 1048/1229/645
f 1838/577/529 1840/2133/2101 1011/2131/1163
f 1840/2132/2099 1839/665/608 997/1190/1146
f 1117/636/585 1119/1259/1217 1840/2133/2101
f 1119/2134/1211 1116/667/610 1839/665/608
f 1841/1303/582 1016/1221/531 1025/1220/1176
f 1844/1304/1267 1025/1220/1176 1019/1214/1170
f 1845/1306/1269 1019/1214/1170 1018/1212/1168
f 1846/1307/1270 1018/1212/1168 1015/712/653
