# Blender 5.2.2 LTS
# www.blender.org
o Holocron_Esquina_07
v 3.896698 5.095828 -2.831734
v 2.668564 5.112946 -3.983687
v 3.521069 5.102435 -3.274348
v 3.099922 5.108231 -3.664722
v 2.159550 5.117105 -4.268167
v 4.251102 5.087464 -2.273669
v 3.892643 5.207450 -2.826349
v 2.664509 5.224572 -3.978302
v 3.517014 5.214055 -3.268961
v 3.095867 5.219855 -3.659338
v 2.155499 5.228728 -4.262783
v 4.247047 5.199086 -2.268283
v 4.122501 5.140029 -2.059312
v 3.739246 5.149429 -2.686395
v 3.363865 5.156039 -3.129237
v 4.050095 5.153845 -2.971689
v 4.375648 5.146521 -2.482640
v 2.365246 5.174778 -4.383423
v 2.822033 5.170968 -4.123707
v 3.674213 5.160447 -3.414072
v 4.680542 5.138085 -1.920739
v 2.511040 5.166552 -3.838283
v 1.949802 5.171055 -4.147527
v 2.942478 5.161835 -3.519391
v 1.863731 5.178057 -4.609158
v 3.253307 5.166251 -3.804668
v 0.517242 5.258714 -4.818145
v 4.925980 5.269129 -4.816397
v 4.921921 5.190202 -0.413653
v 5.168140 5.028858 -4.821065
v 5.171627 0.624572 -4.883909
v 5.164074 4.957899 -0.409509
v 4.928940 5.032961 -5.059520
v 0.510517 5.027972 -5.063538
v 4.932430 0.629008 -5.124512
v 2.862869 4.033928 -4.933199
v 4.040852 2.831015 -4.964082
v 3.313427 3.667954 -4.943562
v 3.712730 3.255355 -4.954107
v 4.336151 2.328300 -4.974910
v 2.297329 4.376199 -4.921995
v 2.858093 4.031546 -5.044897
v 4.036076 2.828633 -5.075781
v 3.308651 3.665574 -5.055260
v 3.707951 3.252975 -5.065803
v 4.331375 2.325919 -5.086608
v 2.292553 4.373818 -5.033692
v 2.086014 4.243924 -4.977669
v 2.721176 3.874298 -4.990025
v 3.171959 3.508579 -5.000387
v 2.999783 4.191178 -4.988071
v 2.503864 4.506092 -4.978016
v 4.447258 2.537297 -5.028725
v 4.177834 2.988338 -5.018954
v 3.450119 3.824949 -4.998435
v 1.935551 4.798787 -4.967547
v 3.899094 2.671309 -5.020910
v 4.220272 2.116922 -5.032791
v 3.571045 3.095732 -5.010933
v 4.683662 2.040818 -5.038851
v 3.849636 3.412594 -5.008977
v 5.069256 2.925519 -3.868323
v 5.049629 4.096480 -2.658336
v 5.071178 3.373602 -3.499182
v 5.064037 3.770512 -3.084209
v 5.024548 4.389571 -2.154839
v 5.055119 2.362824 -4.215143
v 5.179256 2.912281 -3.853160
v 5.159630 4.083241 -2.643173
v 5.181175 3.360363 -3.484019
v 5.174038 3.757273 -3.069046
v 5.134544 4.376332 -2.139675
v 5.165119 2.349586 -4.199980
v 5.079102 2.147755 -4.079423
v 5.096462 2.779753 -3.704615
v 5.098427 3.228060 -3.335725
v 5.152054 3.058045 -4.016868
v 5.141136 2.564656 -4.335700
v 5.110329 4.496495 -2.355160
v 5.132439 4.229072 -2.806954
v 5.153927 3.505906 -3.647476
v 5.121796 1.999084 -4.633219
v 5.076820 3.950650 -2.494555
v 5.048767 4.269405 -1.939354
v 5.091244 3.624756 -2.920509
v 5.080841 4.730922 -1.858514
v 5.146832 3.903030 -3.232745
v 3.313656 5.105456 -3.477659
v 3.715908 5.099210 -3.058188
v 2.885464 5.110722 -3.832923
v 2.438957 5.114986 -4.122639
v 1.801636 5.119520 -4.435908
v 4.067665 5.092160 -2.586869
v 4.466064 5.081137 -1.852544
v 3.309605 5.217078 -3.472275
v 3.711853 5.210830 -3.052804
v 2.881409 5.222344 -3.827538
v 2.434906 5.226609 -4.117255
v 1.797581 5.231143 -4.430522
v 4.063614 5.203782 -2.581484
v 4.462009 5.192760 -1.847158
v 3.913757 5.145636 -2.432847
v 3.558609 5.152814 -2.912992
v 4.217518 5.150311 -2.735507
v 2.598957 5.172963 -4.259564
v 3.869148 5.157225 -3.198000
v 4.698639 5.129651 -1.364371
v 2.274906 5.168633 -3.980330
v 3.156364 5.159062 -3.332469
v 4.398949 5.131498 -1.491688
v 1.394890 5.177939 -4.615033
v 4.529129 5.142400 -2.208014
v 2.118305 5.176451 -4.498538
v 2.727951 5.164324 -3.687526
v 1.480911 5.174211 -4.367893
v 3.466892 5.163472 -3.617466
v 3.038921 5.168742 -3.972934
v 2.845676 4.792252 -5.016143
v 5.119080 2.922924 -2.768843
v 4.682014 5.189159 -2.742881
v 3.452320 3.527512 -3.370598
v 2.721611 5.263922 -4.817272
v 4.923950 5.229667 -2.615026
v 2.719582 5.224459 -2.615899
v 5.169884 2.826713 -4.852488
v 5.166103 4.993378 -2.615286
v 5.167850 2.791235 -2.646710
v 2.719727 5.030467 -5.061529
v 4.930683 2.830984 -5.092016
v 2.721474 2.828489 -5.094025
v 3.460640 3.567017 -4.986929
v 3.459782 5.153382 -3.353919
v 5.071705 3.543696 -3.374739
v 2.847813 5.185916 -2.741189
v 5.120747 2.947928 -4.612375
v 4.690090 2.955750 -5.043635
v 2.849472 5.214842 -4.575979
v 5.118561 4.760276 -2.742871
v 2.846199 2.955236 -5.044264
v 3.521133 3.464992 -4.948867
v 3.093143 3.858075 -4.938323
v 3.885483 3.044592 -4.959163
v 4.184681 2.604479 -4.969077
v 4.511505 1.974120 -4.982177
v 2.614395 4.199568 -4.928042
v 1.871685 4.582026 -4.914359
v 3.516357 3.462611 -5.060566
v 3.088367 3.855694 -5.050021
v 3.880703 3.042212 -5.070863
v 4.179905 2.602097 -5.080775
v 4.506729 1.971736 -5.093876
v 2.609615 4.197188 -5.039739
v 1.866909 4.579646 -5.026056
v 2.463943 4.043293 -4.984723
v 2.951591 3.698602 -4.995148
v 2.760067 4.353461 -4.983055
v 4.318428 2.768260 -5.023817
v 3.229919 4.015166 -4.993194
v 1.378891 4.804906 -4.961611
v 4.046158 2.438316 -5.026038
v 3.379585 3.305522 -5.005695
v 1.512585 4.508063 -4.967583
v 4.699547 1.572263 -5.046159
v 2.226009 4.653609 -4.972829
v 4.567627 2.292922 -5.033753
v 3.743732 2.884898 -5.015990
v 4.450611 1.652934 -5.042300
v 3.657906 3.622077 -5.003741
v 4.022453 3.201907 -5.014035
v 5.068630 3.580092 -3.294927
v 5.071362 3.154555 -3.690796
v 5.057720 3.942157 -2.872579
v 5.039253 4.239276 -2.431330
v 5.004059 4.563490 -1.800469
v 5.064575 2.678329 -4.035887
v 5.039291 1.939206 -4.424649
v 5.178631 3.566851 -3.279763
v 5.181358 3.141316 -3.675632
v 5.167717 3.928918 -2.857415
v 5.149250 4.226035 -2.416165
v 5.114059 4.550251 -1.785305
v 5.174576 2.665091 -4.020723
v 5.149292 1.925969 -4.409487
v 5.091362 2.523844 -3.875615
v 5.098591 3.008929 -3.527244
v 5.147785 2.819575 -4.180996
v 5.122433 4.368659 -2.586410
v 5.154129 3.286941 -3.839185
v 5.074749 1.444485 -4.645442
v 5.066071 4.096653 -2.261085
v 5.095863 3.434470 -3.131380
v 5.056461 1.577022 -4.348583
v 5.035198 4.745704 -1.392094
v 5.132122 2.288152 -4.485553
v 5.096157 4.615876 -2.110659
v 5.084911 3.796336 -2.708807
v 5.021961 4.497865 -1.475114
v 5.151398 3.712474 -3.443311
v 5.140526 4.074740 -3.021186
v 0.028378 5.258902 -5.062899
v 4.069099 5.102126 -2.989906
v 4.067295 5.098250 -2.988307
v 4.069397 5.100657 -2.990197
v 4.069153 5.099405 -2.989996
v 4.068417 5.098559 -2.989332
v 3.270493 5.110655 -3.821270
v 3.272312 5.114533 -3.822884
v 3.271622 5.110964 -3.822300
v 3.272362 5.111810 -3.822970
v 3.272606 5.113062 -3.823174
v 3.726112 5.093403 -2.675175
v 3.724052 5.097342 -2.673223
v 3.724968 5.093690 -2.674120
v 3.724174 5.094539 -2.673378
v 3.723850 5.095820 -2.673064
v 2.927284 5.109753 -3.506221
v 2.929352 5.105812 -3.508178
v 2.927086 5.108231 -3.506059
v 2.927406 5.106947 -3.506376
v 2.928204 5.106097 -3.507119
v 3.693222 5.108724 -3.432288
v 3.691418 5.104852 -3.430691
v 3.693516 5.107256 -3.432580
v 3.693275 5.106005 -3.432379
v 3.692539 5.105160 -3.431715
v 3.348671 5.103954 -3.116066
v 3.350723 5.100015 -3.118010
v 3.348473 5.102433 -3.115905
v 3.348793 5.101149 -3.116217
v 3.349583 5.100300 -3.116957
v 2.495850 5.114472 -3.825113
v 2.497952 5.110526 -3.827101
v 2.495651 5.112947 -3.824955
v 2.495979 5.111661 -3.825276
v 2.496788 5.110812 -3.826030
v 2.839176 5.115370 -4.140274
v 2.841034 5.119261 -4.141919
v 2.840321 5.115680 -4.141319
v 2.841076 5.116530 -4.141999
v 2.841324 5.117787 -4.142209
v 1.934612 5.118983 -4.134358
v 1.937706 5.115025 -4.135887
v 1.934490 5.117455 -4.134164
v 1.935036 5.116168 -4.134387
v 1.936165 5.115312 -4.134991
v 2.381397 5.119187 -4.400450
v 2.384235 5.123095 -4.401628
v 2.382919 5.119498 -4.401318
v 2.383995 5.120348 -4.401846
v 2.384457 5.121611 -4.401954
v 0.915295 5.125775 -4.607845
v 0.927956 5.121699 -4.602879
v 0.914772 5.125725 -4.605953
v 0.918148 5.124234 -4.607204
v 0.921555 5.122919 -4.606037
v 0.913975 5.126032 -4.607735
v 0.915928 5.124400 -4.606948
v 0.918148 5.123112 -4.605996
v 0.916668 5.123510 -4.605834
v 0.924694 5.121999 -4.602768
v 0.921043 5.122869 -4.603316
v 0.924999 5.122028 -4.604517
v 0.921112 5.122468 -4.604573
v 0.917931 5.123093 -4.604843
v 0.913689 5.126006 -4.606711
v 0.917561 5.124178 -4.604434
v 0.915649 5.124373 -4.605647
v 0.914616 5.124485 -4.606571
v 1.882713 5.126406 -4.627350
v 1.883926 5.122441 -4.624458
v 1.883244 5.124907 -4.627551
v 1.883663 5.123629 -4.627071
v 1.883900 5.122762 -4.625985
v 4.394646 5.094814 -2.500850
v 4.393505 5.090909 -2.498177
v 4.394993 5.093339 -2.501061
v 4.394897 5.092078 -2.500628
v 4.394375 5.091225 -2.499614
v 4.108749 5.084019 -2.049243
v 4.107307 5.087944 -2.046141
v 4.107841 5.084300 -2.047748
v 4.107246 5.085142 -2.046633
v 4.107059 5.086424 -2.046067
v 4.696690 5.082524 -1.939597
v 4.699532 5.086402 -1.938943
v 4.698212 5.082824 -1.939764
v 4.699287 5.083665 -1.939698
v 4.699749 5.084923 -1.939410
v 4.701550 5.069221 -0.799235
v 4.699738 5.069196 -0.798719
v 4.696129 5.065433 -0.812638
v 4.701477 5.069419 -0.797904
v 4.700779 5.067739 -0.802280
v 4.700581 5.067856 -0.800023
v 4.700241 5.067923 -0.798685
v 4.699421 5.067008 -0.800851
v 4.698074 5.067719 -0.801688
v 4.696804 5.066486 -0.805376
v 4.700493 5.069407 -0.797625
v 4.699310 5.067847 -0.799742
v 4.698395 5.066632 -0.802174
v 4.697845 5.065689 -0.809533
v 4.699478 5.066499 -0.805896
v 4.696121 5.065682 -0.809221
v 4.698017 5.066068 -0.805494
v 4.699528 5.066638 -0.802395
v 4.026466 5.209349 -2.949172
v 4.031090 5.205567 -2.953471
v 4.027805 5.209075 -2.950403
v 4.029152 5.208261 -2.951653
v 4.030308 5.207028 -2.952730
v 3.234306 5.217972 -3.786452
v 3.229668 5.221756 -3.782135
v 3.233521 5.219433 -3.785709
v 3.232365 5.220665 -3.784628
v 3.231010 5.221482 -3.783374
v 3.754440 5.201516 -2.699569
v 3.758835 5.205548 -2.703541
v 3.755131 5.203046 -2.700180
v 3.756207 5.204349 -2.701149
v 3.757507 5.205228 -2.702329
v 2.962070 5.217955 -3.536540
v 2.957672 5.213921 -3.532563
v 2.960743 5.217635 -3.535327
v 2.959442 5.216753 -3.534146
v 2.958363 5.215451 -3.533175
v 3.650589 5.215950 -3.391557
v 3.655209 5.212174 -3.395853
v 3.651928 5.215679 -3.392787
v 3.653275 5.214865 -3.394037
v 3.654427 5.213634 -3.395113
v 3.383442 5.212158 -3.146373
v 3.379063 5.208127 -3.142411
v 3.382122 5.211837 -3.145165
v 3.380825 5.210958 -3.143989
v 3.379749 5.209657 -3.143020
v 2.530666 5.222670 -3.855464
v 2.526234 5.218629 -3.851454
v 2.529327 5.222346 -3.854239
v 2.528015 5.221467 -3.853045
v 2.526928 5.220160 -3.852067
v 2.803036 5.222676 -4.105495
v 2.798351 5.226473 -4.101139
v 2.802246 5.224144 -4.104749
v 2.801079 5.225380 -4.103658
v 2.799709 5.226197 -4.102392
v 1.970676 5.227166 -4.164120
v 1.964993 5.223129 -4.160697
v 1.968861 5.226848 -4.163120
v 1.967140 5.225968 -4.162118
v 1.965782 5.224661 -4.161267
v 2.346252 5.226464 -4.365220
v 2.340317 5.230288 -4.361448
v 2.345367 5.227940 -4.364516
v 2.343925 5.229184 -4.363551
v 2.342155 5.230010 -4.362474
v 0.945637 5.229871 -4.633849
v 0.945152 5.229867 -4.632289
v 0.963936 5.233820 -4.629735
v 0.949783 5.231404 -4.633726
v 0.947521 5.231464 -4.633635
v 0.946148 5.231480 -4.633388
v 0.949059 5.232235 -4.632908
v 0.949379 5.231377 -4.631295
v 0.954430 5.232661 -4.630458
v 0.944061 5.230124 -4.633018
v 0.947323 5.231452 -4.632495
v 0.950783 5.232541 -4.632047
v 0.959690 5.233540 -4.631500
v 0.954720 5.232693 -4.632902
v 0.959541 5.233518 -4.629911
v 0.954887 5.233102 -4.631741
v 0.950905 5.232556 -4.633081
v 1.843151 5.233542 -4.585336
v 1.844749 5.229720 -4.590964
v 1.843327 5.233271 -4.587070
v 1.843693 5.232451 -4.588747
v 1.844193 5.231202 -4.590113
v 4.352844 5.202006 -2.458768
v 4.356647 5.198234 -2.464427
v 4.353867 5.201739 -2.460520
v 4.354950 5.200928 -2.462209
v 4.355927 5.199697 -2.463581
v 4.137691 5.192112 -2.072484
v 4.141304 5.196169 -2.077901
v 4.138325 5.193645 -2.073205
v 4.139233 5.194953 -2.074487
v 4.140282 5.195838 -2.076138
v 4.661545 5.189776 -1.902533
v 4.655907 5.193625 -1.900445
v 4.660683 5.191253 -1.901957
v 4.659306 5.192502 -1.901358
v 4.657631 5.193336 -1.900827
v 4.731628 5.173357 -0.825539
v 4.727333 5.177625 -0.844175
v 4.730122 5.173362 -0.825061
v 4.731491 5.174946 -0.829777
v 4.730625 5.176316 -0.834806
v 4.731441 5.174954 -0.827463
v 4.730873 5.176114 -0.830905
v 4.730724 5.175765 -0.829020
v 4.727577 5.177254 -0.839709
v 4.728191 5.176314 -0.834508
v 4.729168 5.177257 -0.839863
v 4.729481 5.176742 -0.834960
v 4.729843 5.176114 -0.830776
v 4.730850 5.173554 -0.823959
v 4.729088 5.174949 -0.829364
v 4.730316 5.174955 -0.827264
v 4.731224 5.174946 -0.826063
v 4.679405 5.261566 -4.577078
v 4.683662 5.261503 -4.572824
v 4.688251 5.265902 -4.581559
v 4.681034 5.261560 -4.576756
v 4.682419 5.261546 -4.575835
v 4.681351 5.263205 -4.577404
v 4.682377 5.263142 -4.577086
v 4.683712 5.264022 -4.577077
v 4.684013 5.263165 -4.574715
v 4.685005 5.264584 -4.577040
v 4.683338 5.261526 -4.574454
v 4.683693 5.263122 -4.575757
v 4.686138 5.265551 -4.579829
v 4.683716 5.264604 -4.578369
v 4.685081 5.265059 -4.578422
v 5.164764 1.114849 -4.638250
v 5.164761 1.113554 -4.635249
v 5.169075 1.101179 -4.643061
v 5.164764 1.112706 -4.637396
v 5.166397 1.111873 -4.638641
v 5.167221 1.109784 -4.638853
v 5.166397 1.110783 -4.637732
v 5.167789 1.107457 -4.640086
v 5.168732 1.104475 -4.641245
v 1.019512 5.249710 -4.573792
v 1.005898 5.254046 -4.578325
v 1.018265 5.249653 -4.570776
v 1.016544 5.251340 -4.574118
v 1.018112 5.249703 -4.573561
v 1.014458 5.252160 -4.574294
v 1.009178 5.253685 -4.576571
v 1.011482 5.253200 -4.575727
v 1.017437 5.249671 -4.571929
v 1.015446 5.251320 -4.573212
v 4.680347 5.195709 -0.911898
v 4.677330 5.195678 -0.910651
v 4.684944 5.199708 -0.898175
v 4.679462 5.195674 -0.909769
v 4.680695 5.197287 -0.908905
v 4.680882 5.198066 -0.906800
v 4.679790 5.197263 -0.907803
v 4.681679 5.198577 -0.905238
v 4.683910 5.199445 -0.901051
v 4.682331 5.199025 -0.903802
v 1.006062 4.792407 -5.060260
v 1.004822 4.789400 -5.060305
v 0.992332 4.797009 -5.064502
v 1.004662 4.792178 -5.060263
v 1.003044 4.792777 -5.061890
v 1.000984 4.792962 -5.062712
v 1.003990 4.790549 -5.060291
v 1.002106 4.792069 -5.061845
v 0.995613 4.795268 -5.064186
v 0.997986 4.794405 -5.063718
v 5.163723 4.781033 -4.586423
v 5.167984 4.789895 -4.590795
v 5.163719 4.785233 -4.582102
v 5.165352 4.782983 -4.586735
v 5.166737 4.785351 -4.587677
v 5.163723 4.782656 -4.586077
v 5.165295 4.784003 -4.586401
v 5.166172 4.785331 -4.586386
v 5.167660 4.788128 -4.588724
v 5.166733 4.786623 -4.586344
v 5.167187 4.786715 -4.587717
v 5.163719 4.784932 -4.583739
v 5.163723 4.784028 -4.585134
v 5.165352 4.785607 -4.584019
v 5.165295 4.785300 -4.585059
v 5.160393 4.735342 -0.903559
v 5.164639 4.739660 -0.889671
v 5.160393 4.732318 -0.902358
v 5.162018 4.735643 -0.900499
v 5.162838 4.735778 -0.898456
v 5.164318 4.738639 -0.892680
v 5.163849 4.737151 -0.895414
v 5.160393 4.734433 -0.901442
v 5.162018 4.734666 -0.899547
v 4.685322 4.793433 -5.059008
v 4.694126 4.798044 -5.063196
v 4.689583 4.789174 -5.059074
v 4.687256 4.793804 -5.060631
v 4.689610 4.794810 -5.062000
v 4.686954 4.793108 -5.059013
v 4.688286 4.793484 -5.060581
v 4.692020 4.796299 -5.062897
v 4.690979 4.794884 -5.062450
v 4.690205 4.793510 -5.061840
v 4.689259 4.790804 -5.059046
v 4.688335 4.792185 -5.059027
v 4.689930 4.791132 -5.060673
v 4.689610 4.792161 -5.060600
v 4.690624 1.123659 -5.115181
v 4.695267 1.110053 -5.119602
v 4.687607 1.122405 -5.115202
v 4.690979 1.120727 -5.116852
v 4.690395 1.122258 -5.115204
v 4.691174 1.118633 -5.117701
v 4.694225 1.112920 -5.119253
v 4.692635 1.115664 -5.118750
v 4.688763 1.121579 -5.115214
v 4.690289 1.119710 -5.116812
v 5.158894 5.180697 0.070870
v 5.160027 5.177149 0.073269
v 5.163509 5.176158 0.070698
v 5.158382 5.180402 0.071928
v 5.158417 5.179625 0.072754
v 5.160660 5.180346 0.070843
v 5.161358 5.176147 0.073200
v 5.162491 5.175607 0.072685
v 5.158993 5.178483 0.073225
v 5.163155 5.177892 0.070751
v 5.162155 5.179361 0.070801
v 5.163242 5.175611 0.071807
v 0.026215 5.259943 -5.059118
v 0.028625 5.263385 -5.057947
v 0.027618 5.258404 -5.062332
v 0.028679 5.260673 -5.062213
v 0.026749 5.260426 -5.061822
v 0.025497 5.260365 -5.061218
v 0.025555 5.261523 -5.060635
v 0.026276 5.261257 -5.058065
v 0.026756 5.262370 -5.057472
v 0.026276 5.258948 -5.060461
v 0.025597 5.260718 -5.059858
v 0.025490 5.262063 -5.059455
v 0.028641 5.263080 -5.059708
v 0.028660 5.262128 -5.061206
v 0.027580 5.263119 -5.057432
v 0.026730 5.262675 -5.059486
v 5.163712 5.272358 -5.051245
v 5.168289 5.267803 -5.051322
v 5.163750 5.267874 -5.055845
v 5.165462 5.272006 -5.051249
v 5.166950 5.271016 -5.051266
v 5.163719 5.272035 -5.052986
v 5.165409 5.271528 -5.052932
v 5.166759 5.270852 -5.052900
v 5.166355 5.270459 -5.053879
v 5.167946 5.267830 -5.053051
v 5.166965 5.267852 -5.054517
v 5.167942 5.269539 -5.051292
v 5.167439 5.269508 -5.052963
v 5.166767 5.269486 -5.054302
v 5.163738 5.269607 -5.055475
v 5.163727 5.271068 -5.054470
v 5.165489 5.267868 -5.055498
v 5.165421 5.269539 -5.054972
v 5.165371 5.270873 -5.054281
v 5.174179 0.147954 -5.124764
v 5.170738 0.145430 -5.125941
v 5.169586 0.147965 -5.129420
v 5.173927 0.146859 -5.124264
v 5.173187 0.145995 -5.124312
v 5.173843 0.147968 -5.126534
v 5.173447 0.146023 -5.126333
v 5.172844 0.144758 -5.126314
v 5.172276 0.144835 -5.127495
v 5.169704 0.145521 -5.127274
v 5.169121 0.146033 -5.128403
v 5.172066 0.145493 -5.124901
v 5.171486 0.144851 -5.126702
v 5.171101 0.144773 -5.128067
v 5.171356 0.147973 -5.129053
v 5.172852 0.147974 -5.128039
v 5.169083 0.146891 -5.129156
v 5.171135 0.146037 -5.128668
v 1.019539 5.173501 -4.574789
v 1.018291 5.173460 -4.571770
v 1.025555 5.169186 -4.570590
v 1.017677 5.173499 -4.574749
v 1.016788 5.173493 -4.574161
v 1.020458 5.171864 -4.574296
v 1.018627 5.171822 -4.574198
v 1.018986 5.171020 -4.573284
v 1.019302 5.171827 -4.571508
v 1.021042 5.170439 -4.571192
v 1.017002 5.173478 -4.573116
v 1.018078 5.171803 -4.572872
v 1.019577 5.170674 -4.572543
v 1.023712 5.169528 -4.572025
v 1.021923 5.170470 -4.573326
v 1.023235 5.169513 -4.570869
v 1.021271 5.169924 -4.572352
v 4.679428 5.174592 -4.578258
v 4.679428 5.170274 -4.574055
v 4.683685 5.174535 -4.574002
v 4.679428 5.172957 -4.577956
v 4.679428 5.171563 -4.577051
v 4.681061 5.174588 -4.577935
v 4.681099 5.172910 -4.577566
v 4.681015 5.171776 -4.576832
v 4.681057 5.170599 -4.574051
v 4.682438 5.171524 -4.574042
v 4.679428 5.170620 -4.575680
v 4.681099 5.171013 -4.575717
v 4.682224 5.171761 -4.575624
v 4.683365 5.174557 -4.575632
v 4.682442 5.174576 -4.577013
v 4.683365 5.172904 -4.574024
v 4.682972 5.172887 -4.575696
v 4.682224 5.172987 -4.576818
v 4.680370 5.124892 -0.912802
v 4.676117 5.120712 -0.918875
v 4.677357 5.124874 -0.911555
v 4.679859 5.123274 -0.913742
v 4.678867 5.121911 -0.915226
v 4.680332 5.124867 -0.910940
v 4.679760 5.123208 -0.911911
v 4.678833 5.122424 -0.912283
v 4.676403 5.121005 -0.916551
v 4.676735 5.121900 -0.914343
v 4.677555 5.121012 -0.917028
v 4.677891 5.121371 -0.914581
v 4.678089 5.122097 -0.912876
v 4.678699 5.124858 -0.910266
v 4.679745 5.124854 -0.910050
v 4.677071 5.123257 -0.912590
v 4.678432 5.123200 -0.911363
v 5.076729 4.781007 -4.586503
v 5.076725 4.785210 -4.582181
v 5.072464 4.780947 -4.582244
v 5.076729 4.782633 -4.586154
v 5.076729 4.784003 -4.585211
v 5.075100 4.781003 -4.586180
v 5.075058 4.782670 -4.585763
v 5.075142 4.783783 -4.585001
v 5.075096 4.784884 -4.582189
v 5.073715 4.783961 -4.582201
v 5.076729 4.784907 -4.583817
v 5.075058 4.784517 -4.583865
v 5.073933 4.783766 -4.583792
v 5.072792 4.780970 -4.583874
v 5.073719 4.780990 -4.585258
v 5.072792 4.782578 -4.582222
v 5.073185 4.782642 -4.583891
v 5.073933 4.782575 -4.585019
v 5.077770 1.114827 -4.638328
v 5.073505 1.120769 -4.633987
v 5.077770 1.113531 -4.635329
v 5.076141 1.115734 -4.637800
v 5.074757 1.117184 -4.636790
v 5.077774 1.112964 -4.638314
v 5.076099 1.113902 -4.637731
v 5.075310 1.114249 -4.636799
v 5.073830 1.118456 -4.634304
v 5.074753 1.116268 -4.634670
v 5.073833 1.118952 -4.635452
v 5.074223 1.116516 -4.635822
v 5.074974 1.114826 -4.636047
v 5.077770 1.112264 -4.636691
v 5.077774 1.112066 -4.637740
v 5.076138 1.114539 -4.635031
v 5.076099 1.113335 -4.636412
v 5.073399 4.735318 -0.903636
v 5.073399 4.732297 -0.902436
v 5.069145 4.731141 -0.909751
v 5.073399 4.735071 -0.902239
v 5.071774 4.735013 -0.905031
v 5.071827 4.734635 -0.903340
v 5.071869 4.734114 -0.902268
v 5.070950 4.733641 -0.903453
v 5.071770 4.731561 -0.903660
v 5.070389 4.731086 -0.905481
v 5.073399 4.733434 -0.901590
v 5.071827 4.732997 -0.902689
v 5.070568 4.732684 -0.903982
v 5.069469 4.732751 -0.908341
v 5.070389 4.734113 -0.906683
v 5.069469 4.730935 -0.907620
v 5.069939 4.732657 -0.905934
v 5.070572 4.733977 -0.904495
v 1.006035 4.791075 -4.973278
v 1.012085 4.786752 -4.969083
v 1.004791 4.788068 -4.973325
v 1.007420 4.790727 -4.971653
v 1.009056 4.789784 -4.970285
v 1.004631 4.790846 -4.973283
v 1.005722 4.790373 -4.971717
v 1.006870 4.789679 -4.970467
v 1.005821 4.789364 -4.970855
v 1.009949 4.786582 -4.969409
v 1.007816 4.786772 -4.970333
v 1.010696 4.788388 -4.969383
v 1.008289 4.788332 -4.969856
v 1.006336 4.788393 -4.970486
v 1.003960 4.789219 -4.973307
v 1.006004 4.787294 -4.971706
v 1.005051 4.788743 -4.971741
v 1.004646 4.789864 -4.971762
v 4.685291 4.792101 -4.972028
v 4.689556 4.787842 -4.972090
v 4.685291 4.787776 -4.967831
v 4.686924 4.791777 -4.972031
v 4.688305 4.790854 -4.972045
v 4.685291 4.791752 -4.970402
v 4.686966 4.791361 -4.970367
v 4.688087 4.790613 -4.970462
v 4.689232 4.787817 -4.970462
v 4.688305 4.787796 -4.969078
v 4.689232 4.789473 -4.972064
v 4.688839 4.789487 -4.970394
v 4.688087 4.789385 -4.969271
v 4.685291 4.789412 -4.968132
v 4.685291 4.790807 -4.969036
v 4.686924 4.787781 -4.968156
v 4.686966 4.789459 -4.968521
v 4.686878 4.790595 -4.969252
v 4.690598 1.122329 -5.028200
v 4.687576 1.121074 -5.028219
v 4.686333 1.128260 -5.023850
v 4.690556 1.120468 -5.028229
v 4.689972 1.119575 -5.028242
v 4.690079 1.123216 -5.026556
v 4.689983 1.121387 -5.026543
v 4.689056 1.121733 -5.025748
v 4.687294 1.122060 -5.026573
v 4.686954 1.123771 -5.025166
v 4.688923 1.119789 -5.028239
v 4.688656 1.120837 -5.026552
v 4.688313 1.122313 -5.025404
v 4.687775 1.126428 -5.024203
v 4.689087 1.124657 -5.025152
v 4.686619 1.125947 -5.024210
v 4.688110 1.123996 -5.024630
v 3.017349 4.209736 -4.935964
v 3.015770 4.207839 -4.932127
v 3.017628 4.210014 -4.934490
v 3.017426 4.209750 -4.933241
v 3.016773 4.208986 -4.932413
v 3.865608 3.429237 -4.953031
v 3.867203 3.431153 -4.956873
v 3.866615 3.430391 -4.953317
v 3.867271 3.431160 -4.954150
v 3.867477 3.431428 -4.955396
v 2.709980 3.860035 -4.934272
v 2.708088 3.857996 -4.938255
v 2.708950 3.858872 -4.934582
v 2.708229 3.858077 -4.935446
v 2.707928 3.857769 -4.936736
v 3.557961 3.079431 -4.959163
v 3.559853 3.081478 -4.955178
v 3.557796 3.079205 -4.957646
v 3.558098 3.079514 -4.956355
v 3.558823 3.080313 -4.955489
v 3.467686 3.843506 -4.946327
v 3.466106 3.841609 -4.942490
v 3.467964 3.843785 -4.944852
v 3.467762 3.843521 -4.943607
v 3.467110 3.842757 -4.942775
v 3.158871 3.492276 -4.948616
v 3.160751 3.494307 -4.944635
v 3.158710 3.492050 -4.947098
v 3.159008 3.492355 -4.945810
v 3.159725 3.493149 -4.944944
v 3.886009 2.655009 -4.969146
v 3.887932 2.657090 -4.965157
v 3.885849 2.654784 -4.967626
v 3.886158 2.655101 -4.966334
v 3.886890 2.655910 -4.965466
v 4.193768 3.004937 -4.963010
v 4.195389 3.006889 -4.966863
v 4.194790 3.006107 -4.963297
v 4.195457 3.006889 -4.964130
v 4.195667 3.007164 -4.965381
v 4.207184 2.100623 -4.981035
v 4.208630 2.103686 -4.977019
v 4.206989 2.100471 -4.979510
v 4.207191 2.101002 -4.978211
v 4.207767 2.102129 -4.977337
v 4.463676 2.552916 -4.972801
v 4.464809 2.555839 -4.976659
v 4.464512 2.554461 -4.973083
v 4.465019 2.555559 -4.973915
v 4.465126 2.556043 -4.975170
v 4.702358 1.091853 -5.001662
v 4.697102 1.104338 -4.997410
v 4.700478 1.091288 -5.001631
v 4.701649 1.094663 -5.000078
v 4.700401 1.098025 -4.998714
v 4.702278 1.090533 -5.001940
v 4.701439 1.092443 -5.000280
v 4.700436 1.094622 -4.998963
v 4.700306 1.093143 -4.999386
v 4.697063 1.101078 -4.997761
v 4.697693 1.097454 -4.998687
v 4.698807 1.101422 -4.997778
v 4.698944 1.097544 -4.998278
v 4.699287 1.094377 -4.998952
v 4.701260 1.090227 -5.001922
v 4.698891 1.094016 -5.000046
v 4.700146 1.092137 -5.000263
v 4.701092 1.091125 -5.000389
v 4.701202 2.059349 -4.986814
v 4.698265 2.060438 -4.982846
v 4.701385 2.059862 -4.985308
v 4.700893 2.060250 -4.984027
v 4.699799 2.060451 -4.983162
v 2.521427 4.524645 -4.925926
v 2.518757 4.523385 -4.922053
v 2.521622 4.524973 -4.924445
v 2.521187 4.524848 -4.923188
v 2.520180 4.524291 -4.922348
v 2.075981 4.229069 -4.921937
v 2.072929 4.227622 -4.925899
v 2.074505 4.228133 -4.922239
v 2.073406 4.227530 -4.923097
v 2.072853 4.227350 -4.924384
v 1.953800 4.814444 -4.911642
v 1.953102 4.817331 -4.915478
v 1.953938 4.815975 -4.911915
v 1.953850 4.817059 -4.912740
v 1.953560 4.817538 -4.913992
v 0.813545 4.794825 -4.903966
v 0.813068 4.793002 -4.903973
v 0.827042 4.789630 -4.900198
v 0.812218 4.794726 -4.904175
v 0.816601 4.794097 -4.902483
v 0.814346 4.793852 -4.902615
v 0.813015 4.793486 -4.902693
v 0.815197 4.792698 -4.901782
v 0.816063 4.791379 -4.902510
v 0.819771 4.790168 -4.901278
v 0.811958 4.793740 -4.904179
v 0.814091 4.792578 -4.902628
v 0.816536 4.791693 -4.901416
v 0.823902 4.791287 -4.900444
v 0.820236 4.792853 -4.901245
v 0.823627 4.789555 -4.900466
v 0.819862 4.791377 -4.900839
v 0.816734 4.792832 -4.901401
v 2.978035 4.167969 -5.044055
v 2.982216 4.172620 -5.040180
v 2.979237 4.169327 -5.043753
v 2.980453 4.170690 -5.042911
v 2.981503 4.171845 -5.041656
v 3.832069 3.394039 -5.061084
v 3.827873 3.389369 -5.064964
v 3.831352 3.393261 -5.062563
v 3.830303 3.392103 -5.063819
v 3.829082 3.390734 -5.064662
v 2.734264 3.890602 -5.041797
v 2.738159 3.895142 -5.045739
v 2.734867 3.891330 -5.043312
v 2.735821 3.892449 -5.044593
v 2.736977 3.893786 -5.045446
v 3.588032 3.116581 -5.066644
v 3.584129 3.112036 -5.062701
v 3.586845 3.115224 -5.066352
v 3.585690 3.113885 -5.065498
v 3.584736 3.112764 -5.064216
v 3.428371 3.801743 -5.054422
v 3.432549 3.806389 -5.050548
v 3.429573 3.803100 -5.054121
v 3.430790 3.804461 -5.053279
v 3.431835 3.805615 -5.052025
v 3.188934 3.529414 -5.056101
v 3.185047 3.524883 -5.052161
v 3.187752 3.528061 -5.055807
v 3.186600 3.526726 -5.054954
v 3.185650 3.525610 -5.053673
v 3.916115 2.692194 -5.076624
v 3.912178 2.687609 -5.072674
v 3.914917 2.690823 -5.076328
v 3.913750 2.689471 -5.075474
v 3.912788 2.688342 -5.074191
v 4.160271 2.969783 -5.071048
v 4.156033 2.965069 -5.074939
v 4.159546 2.969002 -5.072530
v 4.158489 2.967832 -5.073791
v 4.157253 2.966450 -5.074637
v 4.236675 2.139039 -5.088478
v 4.233356 2.133221 -5.084550
v 4.235710 2.137195 -5.088194
v 4.234741 2.135444 -5.087346
v 4.233913 2.134047 -5.086067
v 4.429703 2.518751 -5.080799
v 4.426079 2.512800 -5.084737
v 4.429024 2.517874 -5.082291
v 4.428097 2.516435 -5.083565
v 4.427063 2.514652 -5.084422
v 4.728191 1.124400 -5.105132
v 4.726643 1.123883 -5.105142
v 4.723705 1.142669 -5.108812
v 4.728233 1.123092 -5.105409
v 4.727985 1.128569 -5.106600
v 4.727943 1.126304 -5.106696
v 4.727726 1.124927 -5.106736
v 4.727188 1.127838 -5.107447
v 4.725563 1.128108 -5.106592
v 4.724628 1.133162 -5.107798
v 4.726810 1.126083 -5.106693
v 4.726295 1.129546 -5.107730
v 4.725559 1.138456 -5.108589
v 4.727062 1.133506 -5.107815
v 4.723976 1.138275 -5.108577
v 4.725903 1.133653 -5.108227
v 4.727325 1.129694 -5.107735
v 4.660545 2.020626 -5.094774
v 4.666115 2.022282 -5.090900
v 4.662270 2.020831 -5.094493
v 4.663937 2.021219 -5.093658
v 4.665287 2.021727 -5.092396
v 2.480747 4.483679 -5.033975
v 2.486301 4.487540 -5.030115
v 2.482471 4.484734 -5.033683
v 2.484135 4.485837 -5.032847
v 2.485481 4.486823 -5.031594
v 2.099102 4.260228 -5.029438
v 2.104462 4.264019 -5.033410
v 2.099815 4.260899 -5.030957
v 2.101086 4.261855 -5.032243
v 2.102718 4.262951 -5.033105
v 1.917995 4.780240 -5.019624
v 1.916046 4.774621 -5.023570
v 1.917446 4.779389 -5.021116
v 1.916882 4.778022 -5.022390
v 1.916389 4.776347 -5.023251
v 0.839687 4.827122 -5.007480
v 0.858429 4.823293 -5.011722
v 0.839241 4.825604 -5.007511
v 0.843933 4.827097 -5.009051
v 0.848988 4.826363 -5.010409
v 0.838364 4.827136 -5.007681
v 0.841621 4.827001 -5.009072
v 0.845081 4.826525 -5.010222
v 0.843197 4.826329 -5.009884
v 0.853958 4.823435 -5.011369
v 0.848740 4.823925 -5.010446
v 0.854076 4.825026 -5.011346
v 0.849167 4.825228 -5.010851
v 0.844975 4.825493 -5.010237
v 0.843571 4.824686 -5.009091
v 0.841446 4.825873 -5.009091
v 0.840225 4.826753 -5.009073
v 5.103909 3.079531 -4.041121
v 5.099770 3.078249 -4.039692
v 5.102501 3.079922 -4.041563
v 5.101219 3.079817 -4.041447
v 5.100258 3.079229 -4.040789
v 5.094543 3.923218 -3.255551
v 5.098686 3.924516 -3.256998
v 5.095036 3.924203 -3.256655
v 5.095997 3.924796 -3.257318
v 5.097279 3.924906 -3.257438
v 5.038750 2.772803 -3.696969
v 5.042316 2.770615 -3.694503
v 5.038845 2.771752 -3.695788
v 5.039555 2.770966 -3.694906
v 5.040775 2.770568 -3.694454
v 5.037102 3.615617 -2.910398
v 5.033535 3.617810 -2.912870
v 5.035561 3.615568 -2.910349
v 5.034340 3.615970 -2.910801
v 5.033630 3.616755 -2.911687
v 5.105778 3.527393 -3.671731
v 5.101643 3.526109 -3.670301
v 5.104370 3.527782 -3.672172
v 5.103092 3.527674 -3.672056
v 5.102135 3.527088 -3.671398
v 5.044281 3.218922 -3.325614
v 5.040714 3.221102 -3.328071
v 5.042740 3.218874 -3.325563
v 5.041519 3.219270 -3.326013
v 5.040810 3.220052 -3.326893
v 5.022682 3.941511 -2.484445
v 5.019115 3.943734 -2.486951
v 5.021141 3.941464 -2.484397
v 5.019920 3.941870 -2.484857
v 5.019211 3.942669 -2.485754
v 5.080139 4.249223 -2.829720
v 5.084305 4.250551 -2.831200
v 5.080635 4.250220 -2.830839
v 5.081604 4.250824 -2.831514
v 5.082890 4.250940 -2.831640
v 4.994637 4.260268 -1.929245
v 4.991119 4.262016 -1.932734
v 4.993095 4.260185 -1.929272
v 4.991882 4.260489 -1.929945
v 4.991192 4.261132 -1.931160
v 5.057976 4.517128 -2.376947
v 5.062218 4.517968 -2.379396
v 5.058495 4.517941 -2.378440
v 5.059483 4.518388 -2.379430
v 5.060791 4.518395 -2.379765
v 4.935894 4.751369 -0.919984
v 4.932728 4.746466 -0.932927
v 4.935654 4.749496 -0.919445
v 4.934593 4.750787 -0.922966
v 4.933537 4.749650 -0.926473
v 4.936008 4.751269 -0.918640
v 4.934525 4.750562 -0.920739
v 4.933395 4.749661 -0.923064
v 4.933632 4.749499 -0.921549
v 4.932697 4.746398 -0.929649
v 4.933243 4.746949 -0.925935
v 4.932880 4.748135 -0.929971
v 4.932941 4.748232 -0.926059
v 4.933270 4.748517 -0.922834
v 4.935883 4.750254 -0.918349
v 4.934280 4.748037 -0.922352
v 4.934372 4.749270 -0.920448
v 4.934456 4.750205 -0.919421
v 5.032757 4.752380 -1.882735
v 5.028732 4.749754 -1.884302
v 5.031338 4.752677 -1.883415
v 5.030075 4.752281 -1.883951
v 5.029160 4.751254 -1.884263
v 5.093002 2.586138 -4.359947
v 5.088821 2.583770 -4.359165
v 5.091587 2.586448 -4.360441
v 5.090294 2.586107 -4.360465
v 5.089325 2.585165 -4.360017
v 5.021431 2.141963 -4.071177
v 5.024960 2.138615 -4.069314
v 5.021511 2.140467 -4.070226
v 5.022209 2.139306 -4.069539
v 5.023418 2.138656 -4.069217
v 5.069603 2.021539 -4.655021
v 5.073685 2.020556 -4.657455
v 5.070061 2.021655 -4.656510
v 5.070995 2.021510 -4.657493
v 5.072269 2.021125 -4.657827
v 4.973965 0.885131 -4.647605
v 4.973724 0.884652 -4.645797
v 4.970650 0.898869 -4.642745
v 4.974060 0.883789 -4.647495
v 4.972641 0.888286 -4.647022
v 4.972572 0.886031 -4.646785
v 4.972507 0.884697 -4.646426
v 4.971680 0.886939 -4.645726
v 4.972313 0.887750 -4.644325
v 4.971233 0.891539 -4.643228
v 4.973930 0.883530 -4.646517
v 4.972420 0.885775 -4.645519
v 4.971302 0.888305 -4.644757
v 4.970844 0.895721 -4.644393
v 4.971546 0.892007 -4.645895
v 4.970646 0.895446 -4.642673
v 4.970943 0.891663 -4.644479
v 4.971436 0.888503 -4.645887
v 5.203190 3.032090 -3.987589
v 5.200203 3.036557 -3.992614
v 5.203140 3.033312 -3.988962
v 5.202553 3.034590 -3.990399
v 5.201523 3.035730 -3.991681
v 5.194981 3.881543 -3.208492
v 5.197968 3.877060 -3.203449
v 5.196301 3.880714 -3.207558
v 5.197330 3.879572 -3.206271
v 5.197914 3.878287 -3.204829
v 5.150604 2.788895 -3.714726
v 5.155327 2.792485 -3.718745
v 5.152237 2.789382 -3.715270
v 5.153706 2.790235 -3.716224
v 5.154789 2.791325 -3.717444
v 5.150108 3.637492 -2.934643
v 5.145386 3.633896 -2.930620
v 5.149574 3.636330 -2.933341
v 5.148487 3.635239 -2.932119
v 5.147015 3.634384 -2.931164
v 5.205063 3.479951 -3.618200
v 5.202080 3.484416 -3.623220
v 5.205013 3.481172 -3.619571
v 5.204430 3.482451 -3.621007
v 5.203400 3.483589 -3.622288
v 5.157288 3.240782 -3.349844
v 5.152569 3.237200 -3.345837
v 5.156754 3.239628 -3.348548
v 5.155666 3.238541 -3.347331
v 5.154198 3.237689 -3.346379
v 5.135693 3.963417 -2.508725
v 5.130955 3.959788 -2.504665
v 5.135151 3.962244 -2.507409
v 5.134064 3.961139 -2.506175
v 5.132587 3.960278 -2.505212
v 5.180573 4.207590 -2.782706
v 5.183563 4.203062 -2.777617
v 5.181896 4.206755 -2.781767
v 5.182930 4.205604 -2.780469
v 5.183517 4.204307 -2.779012
v 5.107708 4.281563 -1.954760
v 5.102898 4.278546 -1.949463
v 5.107143 4.280623 -1.952971
v 5.106030 4.279719 -1.951336
v 5.104538 4.278991 -1.950105
v 5.158443 4.475022 -2.330922
v 5.161385 4.471103 -2.324593
v 5.159771 4.474233 -2.329885
v 5.160793 4.473210 -2.328318
v 5.161362 4.472112 -2.326459
v 5.044075 4.769315 -0.940161
v 5.043911 4.767771 -0.939662
v 5.049492 4.764585 -0.957929
v 5.045994 4.769006 -0.944135
v 5.045826 4.768954 -0.941876
v 5.045689 4.768731 -0.940506
v 5.046692 4.768146 -0.943320
v 5.045753 4.766589 -0.943705
v 5.047459 4.765569 -0.948595
v 5.044113 4.768500 -0.938560
v 5.045712 4.767823 -0.941668
v 5.047100 4.767232 -0.944994
v 5.048923 4.766444 -0.953751
v 5.047699 4.767997 -0.948907
v 5.048771 4.764867 -0.953590
v 5.048035 4.766809 -0.949020
v 5.047199 4.768260 -0.945129
v 5.132160 4.703608 -1.832253
v 5.128933 4.709459 -1.834288
v 5.132034 4.705351 -1.832473
v 5.131378 4.707076 -1.832937
v 5.130287 4.708518 -1.833574
v 5.192238 2.537334 -4.307228
v 5.189274 2.543172 -4.311452
v 5.192200 2.539080 -4.308293
v 5.191620 2.540802 -4.309469
v 5.190598 2.542239 -4.310578
v 5.133244 2.156895 -4.089535
v 5.138020 2.161939 -4.092792
v 5.134880 2.157492 -4.090020
v 5.136360 2.158663 -4.090810
v 5.137463 2.160224 -4.091783
v 5.169914 1.977610 -4.608979
v 5.173027 1.975362 -4.602963
v 5.171253 1.976949 -4.607967
v 5.172314 1.976289 -4.606468
v 5.172939 1.975732 -4.604711
v 5.082184 0.903378 -4.667525
v 5.087353 0.921742 -4.663050
v 5.082005 0.902931 -4.666019
v 5.084053 0.907492 -4.667279
v 5.085697 0.912430 -4.666343
v 5.083893 0.905187 -4.667204
v 5.085236 0.908549 -4.666565
v 5.084736 0.906697 -4.666425
v 5.086685 0.917309 -4.663275
v 5.085434 0.912178 -4.663918
v 5.086853 0.917434 -4.664858
v 5.086018 0.912576 -4.665163
v 5.085125 0.908439 -4.665539
v 5.082188 0.901803 -4.666713
v 5.083790 0.907128 -4.664880
v 5.083767 0.905011 -4.666082
v 5.083759 0.903797 -4.666970
v 5.163036 0.053936 -5.119856
v 5.161407 0.052551 -5.123102
v 5.161438 0.053406 -5.122328
v 5.163673 0.051396 -5.123038
v 5.163445 0.053357 -5.122587
v 5.163403 0.054632 -5.121947
v 5.164360 0.053808 -5.118805
v 5.165478 0.053226 -5.118220
v 5.162010 0.053891 -5.121187
v 5.163788 0.054512 -5.120583
v 5.165134 0.054554 -5.120186
v 5.166122 0.051209 -5.120508
v 5.165146 0.051308 -5.122025
v 5.166214 0.052281 -5.118191
v 5.165733 0.053226 -5.120245
v 5.164982 0.053727 -5.121807
v 3.484089 5.107878 -3.634079
v 3.485901 5.111752 -3.635684
v 3.485214 5.108185 -3.635107
v 3.485950 5.109030 -3.635772
v 3.486195 5.110281 -3.635974
v 3.545471 5.096789 -2.901767
v 3.543419 5.100729 -2.899821
v 3.544331 5.097074 -2.900712
v 3.543537 5.097924 -2.899973
v 3.543217 5.099208 -2.899659
v 3.886353 5.101630 -3.214622
v 3.888157 5.105504 -3.216218
v 3.887474 5.101940 -3.215646
v 3.888210 5.102785 -3.216309
v 3.888451 5.104036 -3.216510
v 3.143230 5.103037 -3.321245
v 3.141171 5.106977 -3.319297
v 3.142086 5.103322 -3.320190
v 3.141293 5.104171 -3.319449
v 3.140972 5.105456 -3.319135
v 2.714840 5.108300 -3.676327
v 2.712757 5.112245 -3.674356
v 2.713684 5.108585 -3.675263
v 2.712883 5.109437 -3.674515
v 2.712559 5.110719 -3.674197
v 3.056087 5.113146 -3.989520
v 3.057926 5.117031 -3.991148
v 3.057224 5.113457 -3.990557
v 3.057972 5.114304 -3.991230
v 3.058220 5.115559 -3.991438
v 2.615963 5.117370 -4.276175
v 2.617950 5.121269 -4.277772
v 2.617157 5.117680 -4.277203
v 2.617958 5.118529 -4.277868
v 2.618237 5.119792 -4.278066
v 2.261951 5.112607 -3.969101
v 2.259716 5.116559 -3.967161
v 2.260738 5.112895 -3.968049
v 2.259888 5.113745 -3.967310
v 2.259529 5.115034 -3.966999
v 1.405949 5.122071 -4.613667
v 1.396767 5.126261 -4.617526
v 1.402481 5.122406 -4.615204
v 1.399517 5.123322 -4.616477
v 1.397511 5.124675 -4.617292
v 2.132309 5.120875 -4.516541
v 2.137291 5.124784 -4.516737
v 2.134651 5.121182 -4.517035
v 2.136421 5.122031 -4.517247
v 2.137352 5.123295 -4.517140
v 1.470947 5.118165 -4.355270
v 1.465721 5.122141 -4.354723
v 1.468590 5.118461 -4.354752
v 1.466766 5.119318 -4.354465
v 1.465759 5.120612 -4.354455
v 3.900547 5.089611 -2.421773
v 3.898563 5.093551 -2.419674
v 3.899429 5.089894 -2.420661
v 3.898663 5.090743 -2.419871
v 3.898357 5.092027 -2.419525
v 4.234806 5.094712 -2.751986
v 4.236523 5.098597 -2.753722
v 4.235893 5.095023 -2.753064
v 4.236603 5.095870 -2.753773
v 4.236824 5.097125 -2.754004
v 4.696407 5.073975 -1.375872
v 4.700516 5.077988 -1.366864
v 4.698029 5.074239 -1.372485
v 4.699375 5.075095 -1.369584
v 4.700249 5.076411 -1.367610
v 4.384045 5.075524 -1.484035
v 4.383759 5.079415 -1.478517
v 4.383579 5.075791 -1.481613
v 4.383358 5.076622 -1.479714
v 4.383423 5.077897 -1.478627
v 4.548164 5.086755 -2.221407
v 4.548122 5.090704 -2.226223
v 4.548584 5.087085 -2.223668
v 4.548721 5.087949 -2.225376
v 4.548561 5.089220 -2.226273
v 3.447887 5.215199 -3.599248
v 3.443264 5.218976 -3.594945
v 3.447105 5.216658 -3.598507
v 3.445950 5.217888 -3.597430
v 3.444603 5.218705 -3.596179
v 3.573807 5.204904 -2.926164
v 3.578190 5.208933 -2.930129
v 3.574497 5.206431 -2.926775
v 3.575573 5.207733 -2.927743
v 3.576870 5.208612 -2.928921
v 3.850143 5.208951 -3.179781
v 3.845528 5.212729 -3.175487
v 3.849361 5.210410 -3.179040
v 3.848209 5.211641 -3.177965
v 3.846863 5.212456 -3.176718
v 3.171558 5.211149 -3.345639
v 3.175945 5.215180 -3.349607
v 3.172249 5.212678 -3.346251
v 3.173328 5.213980 -3.347219
v 3.174625 5.214859 -3.348398
v 2.743141 5.216408 -3.700698
v 2.747555 5.220444 -3.704690
v 2.743835 5.217937 -3.701312
v 2.744919 5.219243 -3.702286
v 2.746223 5.220124 -3.703471
v 3.019920 5.220459 -3.954720
v 3.015263 5.224246 -3.950386
v 3.019135 5.221922 -3.953975
v 3.017975 5.223155 -3.952890
v 3.016613 5.223973 -3.951631
v 2.579960 5.224664 -4.241355
v 2.575104 5.228470 -4.237058
v 2.579155 5.226134 -4.240613
v 2.577953 5.227374 -4.239534
v 2.576530 5.228194 -4.238286
v 2.290096 5.220710 -3.993500
v 2.294701 5.224751 -3.997447
v 2.290806 5.222243 -3.994111
v 2.291927 5.223549 -3.995075
v 2.293297 5.224431 -3.996248
v 1.393013 5.229599 -4.612541
v 1.403561 5.233681 -4.607534
v 1.393768 5.231182 -4.612098
v 1.396042 5.232515 -4.610991
v 1.399479 5.233391 -4.609389
v 2.099319 5.228130 -4.480338
v 2.090649 5.231984 -4.477805
v 2.098225 5.229609 -4.479726
v 2.096191 5.230862 -4.479031
v 2.093533 5.231696 -4.478357
v 1.496101 5.226283 -4.381059
v 1.504486 5.230303 -4.383236
v 1.497097 5.227814 -4.381536
v 1.499039 5.229117 -4.382117
v 1.501637 5.229991 -4.382714
v 3.928951 5.197719 -2.446018
v 3.933243 5.201755 -2.450176
v 3.929634 5.199248 -2.446643
v 3.930691 5.200551 -2.447652
v 3.931957 5.201432 -2.448894
v 4.198517 5.202030 -2.717292
v 4.194000 5.205813 -2.712813
v 4.197742 5.203494 -2.716537
v 4.196609 5.204725 -2.715421
v 4.195297 5.205542 -2.714113
v 4.696762 5.181300 -1.361879
v 4.691647 5.185618 -1.371953
v 4.696327 5.182904 -1.362584
v 4.695202 5.184289 -1.364746
v 4.693558 5.185242 -1.368035
v 4.414143 5.183581 -1.504859
v 4.416321 5.187683 -1.513274
v 4.414665 5.185117 -1.505809
v 4.415264 5.186438 -1.507741
v 4.415844 5.187337 -1.510363
v 4.510128 5.194102 -2.189805
v 4.507767 5.197845 -2.181525
v 4.509514 5.195567 -2.188758
v 4.508850 5.196793 -2.186818
v 4.508236 5.197591 -2.184278
v 4.714928 5.121279 -0.811890
v 4.716591 5.121287 -0.812389
v 4.715611 5.121260 -0.810736
v 0.929962 5.177795 -4.619121
v 0.930470 5.177821 -4.620852
v 0.928799 5.177805 -4.619801
v 2.596172 5.267873 -5.054607
v 2.596165 5.263417 -5.059211
v 2.595432 5.267557 -5.056358
v 2.595173 5.266600 -5.057844
v 2.595428 5.265145 -5.058847
v 5.171234 2.707803 -5.088055
v 5.166679 2.707875 -5.092631
v 5.170898 2.707098 -5.089810
v 5.169910 2.706864 -5.091295
v 5.168430 2.707137 -5.092287
v 2.598469 2.702693 -5.092528
v 2.599152 2.703488 -5.095997
v 2.597988 2.702239 -5.093867
v 2.597950 2.702230 -5.094998
v 5.165897 5.221989 -2.490199
v 5.161316 5.226529 -2.490158
v 5.165550 5.223709 -2.489442
v 5.164555 5.225175 -2.489171
v 5.163071 5.226166 -2.489421
v 2.593117 5.218547 -2.492929
v 2.593819 5.222040 -2.493527
v 2.592632 5.219870 -2.492425
v 2.592594 5.220998 -2.492363
v 5.165382 2.661291 -2.526333
v 5.168842 2.662116 -2.527014
v 5.166714 2.660815 -2.525859
v 5.167839 2.660805 -2.525823
v 2.849461 5.255637 -4.575437
v 2.847054 5.259973 -4.579931
v 2.849274 5.257273 -4.575759
v 2.848755 5.258671 -4.576729
v 2.847973 5.259621 -4.578192
v 4.686584 5.232806 -2.739893
v 4.682007 5.228606 -2.742362
v 4.684834 5.232505 -2.740820
v 4.683346 5.231602 -2.741616
v 4.682354 5.230231 -2.742157
v 2.845348 5.226879 -2.738275
v 2.847797 5.222665 -2.740714
v 2.846283 5.226573 -2.739192
v 2.847080 5.225663 -2.739975
v 2.847610 5.224292 -2.740510
v 5.164246 2.947941 -4.612337
v 5.168530 2.945629 -4.616915
v 5.165874 2.947766 -4.612683
v 5.167267 2.947264 -4.613676
v 5.168198 2.946514 -4.615160
v 5.162056 4.760289 -2.742831
v 5.166313 4.764771 -2.740376
v 5.163685 4.760631 -2.742644
v 5.165070 4.761602 -2.742110
v 5.165989 4.763055 -2.741313
v 5.166855 2.920348 -2.766399
v 5.162575 2.922936 -2.768804
v 5.166523 2.921339 -2.767319
v 5.165596 2.922178 -2.768097
v 5.164207 2.922741 -2.768620
v 2.843288 4.797517 -5.063850
v 2.845692 4.792921 -5.059635
v 2.844208 4.795778 -5.063543
v 2.844990 4.794293 -5.062632
v 2.845509 4.793290 -5.061262
v 4.694687 2.954093 -5.091398
v 4.690105 2.956418 -5.087126
v 4.692932 2.955002 -5.091070
v 4.691448 2.955764 -5.090143
v 4.690453 2.956260 -5.088759
v 2.843792 2.953493 -5.092055
v 2.846214 2.955902 -5.087755
v 2.844719 2.954435 -5.091713
v 2.845505 2.955224 -5.090777
v 2.846031 2.955739 -5.089388
v 2.851608 5.169729 -4.572321
v 2.849483 5.174046 -4.576523
v 2.850796 5.170076 -4.573947
v 2.850105 5.171018 -4.575316
v 2.849648 5.172412 -4.576221
v 4.682030 5.149714 -2.743402
v 4.677773 5.145482 -2.745585
v 4.681705 5.148086 -2.743584
v 4.680782 5.146710 -2.744065
v 4.679401 5.145796 -2.744767
v 2.847824 5.149169 -2.741663
v 2.850838 5.144950 -2.744730
v 2.848053 5.147540 -2.741914
v 2.848705 5.146168 -2.742584
v 2.849686 5.145258 -2.743573
v 5.072987 2.949981 -4.608129
v 5.077251 2.947918 -4.612415
v 5.073311 2.949190 -4.609770
v 5.074238 2.948521 -4.611161
v 5.075619 2.948074 -4.612090
v 5.070805 4.756032 -2.745111
v 5.075062 4.760266 -2.742910
v 5.071129 4.757651 -2.744271
v 5.072052 4.759025 -2.743556
v 5.073433 4.759942 -2.743078
v 5.075584 2.922913 -2.768883
v 5.071327 2.925962 -2.771862
v 5.073956 2.923146 -2.769110
v 5.072571 2.923806 -2.769757
v 5.071651 2.924796 -2.770723
v 2.845661 4.791588 -4.972654
v 2.847801 4.787266 -4.968458
v 2.845825 4.791242 -4.971029
v 2.846287 4.790295 -4.969659
v 2.846981 4.788900 -4.968756
v 4.690075 2.955084 -5.000145
v 4.685814 2.957139 -4.995856
v 4.689751 2.955222 -4.998512
v 4.688828 2.955660 -4.997124
v 4.687443 2.956333 -4.996191
v 2.846184 2.954570 -5.000773
v 2.849201 2.957512 -4.996466
v 2.846413 2.954774 -4.999140
v 2.847069 2.955407 -4.997748
v 2.848045 2.956366 -4.996809
v 4.679417 5.218078 -4.577668
v 4.683674 5.218019 -4.573411
v 4.681049 5.218076 -4.577344
v 4.682430 5.218064 -4.576422
v 4.683353 5.218043 -4.575041
v 4.677341 5.160275 -0.911103
v 4.680359 5.160302 -0.912350
v 4.678497 5.160266 -0.910274
v 4.680130 5.160279 -0.910948
v 5.121265 1.114838 -4.638289
v 5.121265 1.113542 -4.635289
v 5.121269 1.113434 -4.638079
v 5.121265 1.112731 -4.636455
v 5.116898 4.735332 -0.903597
v 5.116898 4.732308 -0.902397
v 5.116894 4.734420 -0.901482
v 4.689571 4.788508 -5.015583
v 4.685307 4.792767 -5.015518
v 4.689243 4.790139 -5.015556
v 4.688320 4.791522 -5.015537
v 4.686939 4.792445 -5.015522
v 1.004807 4.788734 -5.016815
v 1.006046 4.791741 -5.016771
v 1.003975 4.789883 -5.016799
v 1.004646 4.791512 -5.016773
v 1.019527 5.211606 -4.574291
v 1.018276 5.211556 -4.571272
v 1.018127 5.211600 -4.574059
v 1.017448 5.211573 -4.572426
v 5.120224 4.785223 -4.582141
v 5.120228 4.781020 -4.586462
v 5.120224 4.784919 -4.583777
v 5.120224 4.784016 -4.585171
v 5.120224 4.782647 -4.586115
v 4.687592 1.121740 -5.071711
v 4.690609 1.122993 -5.071690
v 4.688747 1.120912 -5.071724
v 4.690380 1.121591 -5.071713
v 3.673889 3.638731 -4.947795
v 3.675472 3.640636 -4.951629
v 3.674892 3.639880 -4.948080
v 3.675549 3.640646 -4.948910
v 3.675751 3.640912 -4.950156
v 2.940388 3.684332 -4.939395
v 2.938503 3.682300 -4.943376
v 2.939362 3.683173 -4.939705
v 2.938641 3.682379 -4.940570
v 2.938339 3.682073 -4.941860
v 3.245911 4.031828 -4.937251
v 3.247490 4.033725 -4.941087
v 3.246914 4.032975 -4.937537
v 3.247562 4.033740 -4.938366
v 3.247765 4.034001 -4.939613
v 3.368385 3.291257 -4.949939
v 3.366501 3.289222 -4.953923
v 3.367355 3.290097 -4.950248
v 3.366638 3.289301 -4.951114
v 3.366337 3.288993 -4.952404
v 3.732555 2.870659 -4.960237
v 3.730648 2.868598 -4.964226
v 3.731518 2.869487 -4.960547
v 3.730789 2.868684 -4.961414
v 3.730484 2.868371 -4.962704
v 4.038406 3.218527 -4.958091
v 4.040016 3.220460 -4.961936
v 4.039421 3.219689 -4.958377
v 4.040085 3.220464 -4.959210
v 4.040291 3.220736 -4.960459
v 4.334412 2.784726 -4.967878
v 4.335983 2.786809 -4.971739
v 4.335415 2.785947 -4.968164
v 4.336067 2.786772 -4.968999
v 4.336266 2.787076 -4.970252
v 4.034950 2.424229 -4.970281
v 4.033077 2.422016 -4.974277
v 4.033924 2.422999 -4.970594
v 4.033211 2.422146 -4.971462
v 4.032909 2.421801 -4.972756
v 4.697685 1.582394 -4.990127
v 4.701756 1.573366 -4.994445
v 4.699295 1.578966 -4.990513
v 4.700638 1.576046 -4.991468
v 4.701500 1.574078 -4.992850
v 4.585064 2.306411 -4.977871
v 4.585171 2.311460 -4.981697
v 4.585510 2.308771 -4.978136
v 4.585686 2.310560 -4.978956
v 4.585567 2.311505 -4.980209
v 4.437943 1.641809 -4.986483
v 4.437527 1.636637 -4.990544
v 4.437477 1.639447 -4.986818
v 4.437233 1.637635 -4.987706
v 4.437248 1.636648 -4.989014
v 2.452892 4.028952 -4.928973
v 2.450855 4.026990 -4.932954
v 2.451805 4.027818 -4.929282
v 2.451038 4.027049 -4.930146
v 2.450703 4.026757 -4.931435
v 2.775913 4.370205 -4.927109
v 2.777630 4.372017 -4.930956
v 2.776970 4.371320 -4.927396
v 2.777668 4.372057 -4.928229
v 2.777901 4.372303 -4.929477
v 1.390175 4.802033 -4.905917
v 1.381100 4.806009 -4.909911
v 1.386757 4.803580 -4.906173
v 1.383831 4.804881 -4.907023
v 1.381847 4.805733 -4.908334
v 1.504990 4.492105 -4.911894
v 1.499496 4.491761 -4.915816
v 1.502583 4.491591 -4.912179
v 1.500690 4.491345 -4.913024
v 1.499607 4.491404 -4.914301
v 2.238735 4.672034 -4.916824
v 2.243568 4.672158 -4.920748
v 2.240986 4.672505 -4.917136
v 2.242695 4.672696 -4.917990
v 2.243599 4.672572 -4.919259
v 3.640339 3.603519 -5.055851
v 3.636154 3.598863 -5.059725
v 3.639622 3.602744 -5.057328
v 3.638577 3.601586 -5.058583
v 3.637356 3.600224 -5.059425
v 2.964680 3.714906 -5.046921
v 2.968571 3.719439 -5.050863
v 2.965282 3.715635 -5.048436
v 2.966232 3.716750 -5.049717
v 2.967388 3.718087 -5.050568
v 3.212353 3.996607 -5.045308
v 3.208176 3.991961 -5.049181
v 3.211636 3.995834 -5.046786
v 3.210590 3.994679 -5.048040
v 3.209377 3.993318 -5.048879
v 3.392673 3.321829 -5.057463
v 3.396564 3.326362 -5.061406
v 3.393276 3.322555 -5.058979
v 3.394226 3.323672 -5.060260
v 3.395382 3.325010 -5.061113
v 3.756821 2.901200 -5.067757
v 3.760735 2.905761 -5.071704
v 3.757423 2.901930 -5.069274
v 3.758381 2.903054 -5.070555
v 3.759544 2.904398 -5.071409
v 4.004887 3.183350 -5.066138
v 4.000671 3.178662 -5.070020
v 4.004169 3.182573 -5.067618
v 4.003113 3.181408 -5.068876
v 4.001884 3.180033 -5.069720
v 4.300873 2.749712 -5.075904
v 4.296696 2.744828 -5.079807
v 4.300152 2.748917 -5.077389
v 4.299107 2.747709 -5.078654
v 4.297894 2.746272 -5.079501
v 4.059246 2.454614 -5.077800
v 4.063110 2.459365 -5.081746
v 4.059845 2.455359 -5.079317
v 4.060791 2.456525 -5.080601
v 4.061939 2.457929 -5.081454
v 4.697334 1.571161 -5.097852
v 4.692123 1.581662 -5.101793
v 4.696884 1.571932 -5.099426
v 4.695736 1.574200 -5.100727
v 4.694061 1.577617 -5.101558
v 4.550076 2.274381 -5.085813
v 4.547745 2.265723 -5.089816
v 4.549492 2.273293 -5.087315
v 4.548847 2.271269 -5.088603
v 4.548233 2.268609 -5.089482
v 4.463696 1.669233 -5.094057
v 4.465710 1.677729 -5.097934
v 4.464153 1.670263 -5.095573
v 4.464699 1.672239 -5.096841
v 4.465244 1.674859 -5.097669
v 2.477032 4.059597 -5.036495
v 2.481113 4.064038 -5.040440
v 2.477650 4.060318 -5.038009
v 2.478642 4.061413 -5.039293
v 2.479858 4.062720 -5.040146
v 2.742500 4.334906 -5.035161
v 2.738140 4.330359 -5.039038
v 2.741772 4.334137 -5.036640
v 2.740685 4.333004 -5.037896
v 2.739410 4.331677 -5.038739
v 1.376678 4.803805 -5.013292
v 1.386879 4.798974 -5.017642
v 1.377399 4.803410 -5.014901
v 1.379593 4.802352 -5.016291
v 1.382919 4.800796 -5.017255
v 1.525669 4.524365 -5.019352
v 1.534058 4.526785 -5.023377
v 1.526615 4.524931 -5.020874
v 1.528542 4.525591 -5.022174
v 1.531155 4.526242 -5.023053
v 2.208450 4.635058 -5.024918
v 2.200241 4.632583 -5.028739
v 2.207424 4.634448 -5.026397
v 2.205505 4.633761 -5.027643
v 2.202984 4.633106 -5.028465
v 0.826153 4.809302 -4.955742
v 0.826618 4.810977 -4.955720
v 0.824986 4.809958 -4.955719
v 4.713562 1.107585 -5.053385
v 4.715279 1.108128 -5.053395
v 4.714264 1.106438 -5.053410
v 5.099113 3.732671 -3.466129
v 5.103249 3.733962 -3.467565
v 5.099602 3.733654 -3.467228
v 5.100563 3.734243 -3.467888
v 5.101841 3.734351 -3.468005
v 5.040878 3.001972 -3.519590
v 5.044449 2.999790 -3.517132
v 5.040974 3.000923 -3.518412
v 5.041687 3.000139 -3.517531
v 5.042904 2.999741 -3.517082
v 5.101841 3.307151 -3.862012
v 5.105980 3.308430 -3.863440
v 5.102333 3.308127 -3.863108
v 5.103291 3.308715 -3.863765
v 5.104572 3.308821 -3.863881
v 5.038155 3.427514 -3.123730
v 5.041721 3.425331 -3.121268
v 5.038246 3.426466 -3.122551
v 5.038960 3.425681 -3.121669
v 5.040180 3.425282 -3.121218
v 5.027206 3.789405 -2.701183
v 5.030773 3.787198 -2.698697
v 5.027298 3.788345 -2.699994
v 5.028008 3.787554 -2.699104
v 5.029228 3.787150 -2.698649
v 5.088234 4.094913 -3.043974
v 5.092384 4.096224 -3.045435
v 5.088730 4.095902 -3.045085
v 5.089691 4.096500 -3.045753
v 5.090973 4.096614 -3.045876
v 5.070126 4.388860 -2.609039
v 5.074310 4.390135 -2.610651
v 5.070625 4.389838 -2.610210
v 5.071598 4.390424 -2.610928
v 5.072891 4.390528 -2.611082
v 5.008377 4.089688 -2.253615
v 5.011940 4.087515 -2.250975
v 5.008465 4.088641 -2.252367
v 5.009174 4.087862 -2.251427
v 5.010395 4.087466 -2.250938
v 4.980728 4.748111 -1.408620
v 4.984268 4.751834 -1.399115
v 4.980835 4.749684 -1.405155
v 4.981544 4.750947 -1.402132
v 4.982750 4.751700 -1.400011
v 5.043678 4.637518 -2.130312
v 5.048058 4.637341 -2.134888
v 5.044243 4.637944 -2.132622
v 5.045277 4.638061 -2.134302
v 5.046616 4.637850 -2.135098
v 4.964439 4.489455 -1.470606
v 4.967834 4.488727 -1.465005
v 4.964462 4.488961 -1.468225
v 4.965118 4.488650 -1.466324
v 4.966301 4.488567 -1.465194
v 5.033661 2.517042 -3.867891
v 5.037220 2.514706 -3.865504
v 5.033752 2.515932 -3.866739
v 5.034462 2.515098 -3.865881
v 5.035679 2.514667 -3.865448
v 5.095493 2.839637 -4.203903
v 5.099644 2.841058 -4.205246
v 5.095985 2.840668 -4.204969
v 5.096951 2.841303 -4.205598
v 5.098232 2.841440 -4.205695
v 5.020103 1.459958 -4.648880
v 5.023834 1.450611 -4.652461
v 5.020279 1.456531 -4.650424
v 5.021049 1.453553 -4.651645
v 5.022301 1.451475 -4.652360
v 4.998890 1.573657 -4.339211
v 5.002323 1.567883 -4.338474
v 4.998932 1.571234 -4.338691
v 4.999599 1.569284 -4.338368
v 5.000790 1.568108 -4.338291
v 5.079735 2.305108 -4.510170
v 5.084000 2.309628 -4.509794
v 5.080269 2.307329 -4.510581
v 5.081264 2.308968 -4.510653
v 5.082573 2.309777 -4.510379
v 5.199547 3.690985 -3.419056
v 5.202534 3.686513 -3.414027
v 5.200867 3.690158 -3.418123
v 5.201897 3.689017 -3.416840
v 5.202484 3.687737 -3.415401
v 5.152737 3.018069 -3.537355
v 5.157455 3.021653 -3.541365
v 5.154366 3.018557 -3.537897
v 5.155834 3.019410 -3.538850
v 5.156918 3.020497 -3.540068
v 5.202278 3.265454 -3.814929
v 5.205265 3.260990 -3.809909
v 5.203598 3.264626 -3.813997
v 5.204628 3.263489 -3.812716
v 5.205215 3.262210 -3.811280
v 5.150005 3.443610 -3.141491
v 5.154728 3.447196 -3.145503
v 5.151638 3.444096 -3.142034
v 5.153107 3.444951 -3.142987
v 5.154190 3.446038 -3.144205
v 5.139050 3.805476 -2.718918
v 5.143780 3.809088 -2.722957
v 5.140682 3.805966 -2.719463
v 5.142155 3.806824 -2.720422
v 5.143242 3.807920 -2.721649
v 5.188667 4.053256 -2.996935
v 5.191658 4.048751 -2.991872
v 5.189991 4.052423 -2.995999
v 5.191021 4.051277 -2.994707
v 5.191608 4.049987 -2.993259
v 5.170559 4.347181 -2.562166
v 5.173546 4.342717 -2.556905
v 5.171886 4.346351 -2.561212
v 5.172920 4.345211 -2.559877
v 5.173504 4.343935 -2.558365
v 5.120205 4.105792 -2.271195
v 5.124954 4.109353 -2.275420
v 5.121841 4.106278 -2.271754
v 5.123318 4.107125 -2.272753
v 5.124409 4.108205 -2.274041
v 5.086105 4.739579 -1.385076
v 5.090828 4.734096 -1.395106
v 5.087719 4.739011 -1.385667
v 5.089184 4.737767 -1.387781
v 5.090275 4.736042 -1.391095
v 5.144264 4.594406 -2.086426
v 5.147053 4.591770 -2.077388
v 5.145580 4.593713 -2.085182
v 5.146576 4.592967 -2.083027
v 5.147091 4.592286 -2.080290
v 5.076088 4.507001 -1.485223
v 5.081062 4.508725 -1.493196
v 5.077744 4.507348 -1.486068
v 5.079269 4.507798 -1.487880
v 5.080433 4.508284 -1.490383
v 5.145508 2.532985 -3.885726
v 5.150234 2.536761 -3.889643
v 5.147137 2.533488 -3.886261
v 5.148609 2.534382 -3.887194
v 5.149696 2.535531 -3.888382
v 5.195930 2.798087 -4.156744
v 5.198917 2.793438 -4.151824
v 5.197250 2.797247 -4.155818
v 5.198280 2.796067 -4.154558
v 5.198868 2.794730 -4.153156
v 5.125645 1.438360 -4.638426
v 5.130161 1.448195 -4.633027
v 5.127247 1.438957 -4.637840
v 5.128666 1.441037 -4.636610
v 5.129692 1.444280 -4.634918
v 5.110603 1.586161 -4.358695
v 5.115501 1.594220 -4.360553
v 5.112247 1.586990 -4.359073
v 5.113754 1.588813 -4.359560
v 5.114899 1.591350 -4.360080
v 5.180252 2.266672 -4.461308
v 5.183136 2.258194 -4.458489
v 5.181572 2.265537 -4.460541
v 5.182579 2.263526 -4.459735
v 5.183128 2.260950 -4.459016
v 5.027866 0.893792 -4.655907
v 5.028072 0.894256 -4.657570
v 5.027832 0.892629 -4.656574
v 4.989780 4.758632 -0.929554
v 4.989983 4.760348 -0.930075
v 4.989727 4.759331 -0.928404
v 5.163456 4.736547 -0.896786
v 5.167656 1.108883 -4.639332
v 1.013535 5.252586 -4.574748
v 1.000084 4.793417 -5.063137
v 4.691639 1.117712 -5.118132
v 0.026150 5.257946 -5.061939
vn 0.0822 -0.9942 -0.0692
vn 0.0003 -0.9999 -0.0152
vn 0.0780 -0.9943 -0.0733
vn 0.7133 0.3614 -0.6005
vn 0.6466 0.4536 -0.6133
vn 0.6828 0.4528 -0.5733
vn -0.0676 -0.9965 0.0500
vn -0.6135 0.2607 0.7454
vn -0.5534 0.3523 0.7547
vn -0.5720 0.2574 0.7788
vn 0.0581 -0.9939 -0.0941
vn 0.0619 -0.9940 -0.0897
vn 0.7472 0.3617 -0.5576
vn 0.7162 0.4508 -0.5327
vn -0.7731 0.2636 0.5769
vn -0.7911 0.3565 0.4971
vn -0.7471 0.3594 0.5592
vn -0.6940 0.2651 0.6694
vn -0.6314 0.3581 0.6878
vn -0.6533 0.2629 0.7100
vn 0.0657 -0.9941 -0.0864
vn 0.0699 -0.9942 -0.0819
vn -0.0636 -0.9965 0.0538
vn -0.5072 0.3474 0.7887
vn -0.5236 0.2533 0.8135
vn 0.4657 0.3503 -0.8127
vn 0.4918 0.4444 -0.7487
vn 0.5129 0.3547 -0.7817
vn 0.5574 0.3591 -0.7486
vn 0.5730 0.4514 -0.6840
vn 0.5981 0.3613 -0.7153
vn -0.4554 0.3408 0.8225
vn -0.4694 0.2476 0.8475
vn -0.4140 0.3348 0.8465
vn -0.4262 0.2425 0.8715
vn 0.3884 0.3423 -0.8555
vn 0.4042 0.4324 -0.8060
vn 0.4211 0.3442 -0.8392
vn 0.0535 -0.9938 -0.0978
vn -0.3945 0.3318 0.8569
vn -0.4061 0.2408 0.8816
vn -0.4310 0.3374 0.8369
vn -0.5234 0.0761 0.8487
vn 0.1790 0.2853 -0.9416
vn 0.3735 0.4272 -0.8234
vn 0.0451 -0.9932 -0.1075
vn 0.0489 -0.9936 -0.1020
vn 0.7793 0.3582 -0.5142
vn 0.7473 0.4476 -0.4912
vn 0.8063 0.3557 -0.4726
vn 0.7743 0.4435 -0.4514
vn -0.8548 0.2599 0.4493
vn -0.8441 0.3491 0.4069
vn -0.8275 0.3520 0.4375
vn -0.0713 -0.9964 0.0457
vn 0.8237 0.3543 -0.4427
vn 0.7919 0.4401 -0.4233
vn 0.9275 0.3034 -0.2184
vn 0.8911 0.3987 -0.2168
vn -0.8710 0.2588 0.4176
vn -0.8258 0.3522 0.4404
vn -0.0789 -0.9963 0.0348
vn 0.6186 0.5242 -0.5853
vn 0.6528 0.5241 -0.5469
vn -0.0003 0.9999 0.0152
vn 0.0481 0.9975 -0.0509
vn -0.5934 0.3557 0.7221
vn -0.5322 0.4330 0.7275
vn -0.0462 0.9953 0.0853
vn -0.0417 0.9952 0.0882
vn 0.6851 0.5218 -0.5083
vn 0.7149 0.5190 -0.4686
vn -0.6708 0.3597 0.6486
vn -0.6818 0.4397 0.5846
vn -0.6451 0.4394 0.6251
vn -0.6070 0.4386 0.6627
vn -0.7090 0.3601 0.6063
vn -0.7184 0.4401 0.5387
vn 0.6095 0.4531 -0.6505
vn 0.5343 0.4487 -0.7164
vn 0.5481 0.5231 -0.6527
vn 0.5113 0.5201 -0.6841
vn -0.4384 0.4209 0.7942
vn -0.0495 0.9955 0.0812
vn 0.4470 0.4388 -0.7795
vn 0.4712 0.5157 -0.7155
vn 0.4286 0.5103 -0.7456
vn -0.3807 0.4095 0.8291
vn -0.0389 0.9950 0.0922
vn 0.3885 0.5030 -0.7721
vn 0.1822 0.3807 -0.9066
vn 0.3595 0.4972 -0.7896
vn -0.3992 0.4497 0.7990
vn 0.0650 0.9973 -0.0339
vn -0.7613 0.4367 0.4793
vn -0.7977 0.4305 0.4224
vn 0.7409 0.5148 -0.4313
vn 0.7590 0.5098 -0.4051
vn 0.0722 0.9970 -0.0270
vn 0.0684 0.9972 -0.0302
vn -0.8143 0.4269 0.3933
vn -0.7843 0.4654 0.4101
vn 0.8548 0.4709 -0.2182
vn -0.7335 0.2657 0.6256
vn 0.9977 -0.0653 -0.0170
vn 0.9981 0.0386 -0.0471
vn 0.9882 0.1401 -0.0625
vn -0.0626 0.9957 0.0681
vn -0.0656 0.9958 0.0637
vn -0.5706 0.4358 0.6960
vn -0.0594 0.9957 0.0717
vn -0.0860 -0.9958 0.0311
vn 0.0741 -0.9942 -0.0775
vn -0.0752 0.9956 0.0552
vn -0.0051 -0.0535 -0.9986
vn -0.2797 -0.1511 -0.9481
vn 0.0288 0.0493 -0.9984
vn -0.1605 0.1645 -0.9732
vn 0.0475 0.1496 -0.9876
vn 0.0450 0.9975 -0.0552
vn 0.6364 0.3630 -0.6806
vn 0.0617 0.9974 -0.0375
vn 0.5829 0.5243 -0.6207
vn 0.0960 -0.9953 -0.0151
vn -0.0909 -0.9954 0.0288
vn 0.1076 -0.9932 -0.0444
vn 0.0903 -0.9939 -0.0632
vn 0.0901 0.9959 -0.0114
vn 0.0758 0.9968 -0.0255
vn -0.0790 0.9955 0.0532
vn 0.0948 0.9955 0.0087
vn 0.0430 -0.9927 -0.1125
vn -0.0562 -0.9965 0.0617
vn -0.4880 0.4281 0.7607
vn 0.0355 0.9972 -0.0662
vn -0.0004 0.9999 0.0153
vn -0.0602 -0.9965 0.0574
vn -0.0522 -0.9966 0.0640
vn -0.0561 0.9956 0.0751
vn -0.8181 0.2620 0.5119
vn 0.0006 0.0906 0.9959
vn -0.0971 -0.0135 0.9952
vn -0.0700 0.1169 0.9907
vn -0.0695 0.9958 0.0588
vn 0.0004 -0.9999 -0.0152
vn 0.0257 -0.9920 -0.1239
vn -0.0427 -0.9961 0.0776
vn -0.0017 -0.9939 -0.1105
vn -0.0379 0.9947 0.0952
vn 0.0043 0.9968 -0.0794
vn -0.0330 0.9995 -0.0003
vn 0.0229 0.9968 -0.0771
vn 0.9457 -0.2049 0.2525
vn 0.8944 -0.4396 0.0825
vn 0.0863 -0.9941 -0.0651
vn 0.9782 0.1416 0.1521
vn 0.0372 0.9974 -0.0622
vn 0.6750 0.3637 -0.6419
vn -0.0529 0.9955 0.0785
vn 0.0410 0.9974 -0.0585
vn -0.0474 -0.9965 0.0693
vn -0.3991 0.4135 0.8184
vn 0.1870 0.4559 -0.8702
vn 0.0516 0.9975 -0.0483
vn 0.0547 0.9975 -0.0441
vn 0.0581 0.9975 -0.0408
vn -0.0756 -0.9963 0.0413
vn -0.0438 -0.9964 0.0731
vn 0.0148 0.0100 -0.9998
vn 0.0007 0.0151 -0.9999
vn 0.0053 0.0141 -0.9999
vn -0.9900 0.0561 -0.1296
vn -1.0000 -0.0003 -0.0004
vn -0.9945 0.0013 -0.1048
vn -0.9868 0.0188 -0.1609
vn -0.9952 0.0012 -0.0982
vn -0.0970 -0.0821 -0.9919
vn 0.0003 0.0153 -0.9999
vn 0.0004 -0.0825 -0.9966
vn 0.9999 -0.0037 -0.0110
vn 1.0000 0.0048 -0.0032
vn 0.9924 0.0888 -0.0849
vn 0.0452 0.0830 0.9955
vn 0.0009 -0.0133 0.9999
vn 0.0003 -0.9999 -0.0136
vn 0.1598 -0.9802 -0.1166
vn 0.0988 -0.9950 -0.0134
vn 0.0697 0.0849 -0.9940
vn 0.0741 -0.0155 -0.9971
vn -0.0019 1.0000 0.0073
vn -0.0023 0.9998 0.0174
vn -0.0007 0.9998 0.0194
vn 0.0948 0.0913 0.9913
vn -0.0009 -0.0141 0.9999
vn -0.0009 0.0672 0.9977
vn -0.0983 0.9951 0.0134
vn 0.0690 0.9961 -0.0558
vn -0.0307 0.9977 -0.0603
vn -0.0009 -0.1120 0.9937
vn 0.0972 -0.0140 0.9952
vn -0.0004 0.9998 0.0179
vn -0.1518 0.9740 0.1683
vn 1.0000 0.0047 0.0012
vn 0.9676 -0.1804 0.1764
vn 0.9882 -0.1421 -0.0580
vn 1.0000 0.0011 0.0007
vn 0.7049 0.0881 -0.7038
vn 0.7624 0.0087 -0.6470
vn 0.7390 0.1110 -0.6645
vn -0.9945 0.1048 0.0010
vn -0.9953 -0.0016 0.0964
vn -1.0000 -0.0003 -0.0009
vn 0.0012 0.0144 -0.9999
vn 0.1024 0.0146 -0.9946
vn 0.0052 0.0150 -0.9999
vn -0.1844 -0.1725 -0.9676
vn -0.2158 0.2030 -0.9551
vn -0.0228 0.9991 0.0362
vn -0.0028 0.9998 0.0181
vn -0.0031 0.9940 0.1097
vn 0.6285 0.0839 -0.7733
vn 0.7072 0.0094 -0.7069
vn -0.4647 -0.4792 0.7446
vn -0.5768 -0.5876 0.5675
vn -0.5150 -0.6165 0.5956
vn 1.0000 0.0006 0.0014
vn 0.9957 0.0023 -0.0930
vn 0.9904 0.1009 -0.0947
vn 0.0007 0.0108 -0.9999
vn 0.0004 -0.0821 -0.9966
vn 0.0038 0.9998 0.0179
vn -0.0993 0.9949 0.0178
vn -0.0019 0.9968 -0.0802
vn -0.1973 0.9803 0.0015
vn 0.0010 0.1091 -0.9940
vn 0.1040 -0.9945 -0.0134
vn 0.0002 -0.9964 0.0850
vn 0.1308 -0.9897 0.0576
vn 0.0728 0.7843 -0.6160
vn 0.0004 0.7180 -0.6960
vn 0.0816 0.7156 -0.6937
vn 0.0014 0.0110 -0.9999
vn 0.0616 -0.1471 -0.9872
vn 0.0778 0.6393 -0.7650
vn -0.0013 0.5697 -0.8219
vn 0.0964 -0.9882 -0.1193
vn 0.0009 0.9999 0.0162
vn 0.1002 0.9948 0.0179
vn 0.0981 0.9918 -0.0822
vn 0.9999 0.0145 0.0058
vn 1.0000 0.0005 0.0055
vn 0.9952 -0.0011 0.0975
vn -0.0208 -0.0057 -0.9998
vn 0.0181 0.9749 0.2217
vn 0.0823 -0.0130 0.9965
vn 0.0009 0.0994 0.9951
vn -0.9951 -0.0987 -0.0018
vn -0.9889 -0.0686 -0.1314
vn 0.7034 0.7075 -0.0686
vn 0.7604 0.6494 0.0102
vn 0.7056 0.7085 0.0111
vn -0.6045 -0.6146 0.5068
vn -0.6044 -0.5287 0.5960
vn -0.7495 -0.4766 0.4595
vn 0.6683 0.7435 -0.0243
vn 0.6466 0.7627 0.0119
vn 0.0003 -0.9929 -0.1190
vn -0.0972 -0.9951 -0.0153
vn 0.0003 -0.9999 -0.0153
vn 0.9949 0.1009 0.0027
vn 1.0000 0.0004 0.0009
vn 0.1033 -0.0140 0.9946
vn 0.9869 0.0607 0.1493
vn -0.4631 -0.7618 0.4530
vn 0.0981 0.1115 -0.9889
vn -0.9904 -0.0972 -0.0986
vn 0.6849 0.7131 -0.1498
vn 0.7023 0.7066 -0.0870
vn -0.9907 0.0956 0.0972
vn -0.9938 0.1112 0.0006
vn 0.7096 0.1694 -0.6840
vn 0.6472 0.0100 -0.7623
vn 0.7039 0.1072 -0.7022
vn 0.1610 0.7198 -0.6753
vn 0.0986 0.7146 -0.6926
vn 0.0977 -0.9917 0.0839
vn 0.1597 0.6327 -0.7577
vn 0.0097 0.9997 0.0225
vn 0.0834 0.9941 -0.0687
vn -0.9900 0.0954 -0.1038
vn -0.9967 0.0007 -0.0813
vn -0.9883 0.1518 -0.0149
vn -0.0958 0.0835 0.9919
vn 0.9995 -0.0203 0.0224
vn 0.9907 -0.0961 0.0962
vn 1.0000 0.0003 0.0009
vn 0.9951 -0.0011 0.0984
vn 0.9951 0.0721 -0.0674
vn 0.9967 0.0734 0.0335
vn -0.0857 0.0152 -0.9962
vn -0.0038 0.0229 -0.9997
vn -0.0976 0.0152 -0.9951
vn -0.0308 0.0891 -0.9955
vn -0.0966 -0.9890 -0.1119
vn 0.0003 -0.9937 -0.1124
vn -0.0002 0.9937 0.1116
vn 0.0736 0.9963 0.0435
vn -0.0971 0.9891 0.1103
vn -0.0003 0.9999 0.0136
vn 0.9957 -0.0927 -0.0003
vn 0.9951 -0.0992 -0.0004
vn 0.9968 -0.0297 -0.0738
vn 0.1598 0.0025 0.9871
vn 0.0857 0.1008 -0.9912
vn 0.0536 -0.9883 -0.1429
vn 0.0811 -0.9966 -0.0152
vn 0.1037 -0.9793 -0.1740
vn 0.0626 0.0674 0.9958
vn 0.0105 -0.0154 0.9998
vn 0.0670 0.0636 0.9957
vn 0.5867 0.7314 -0.3476
vn 0.6015 0.6667 -0.4402
vn 0.5607 0.7020 -0.4391
vn -0.0533 -0.0848 0.9950
vn -0.7308 -0.6251 -0.2743
vn -0.7411 -0.5637 -0.3648
vn -0.7652 -0.5840 -0.2710
vn 0.0876 0.0440 0.9952
vn 0.0839 0.0481 0.9953
vn 0.5432 0.7647 -0.3466
vn 0.5194 0.7345 -0.4367
vn -0.5589 -0.7809 -0.2789
vn -0.4784 -0.7957 -0.3715
vn -0.5414 -0.7530 -0.3740
vn -0.6534 -0.7040 -0.2784
vn -0.6724 -0.6401 -0.3716
vn -0.6946 -0.6638 -0.2773
vn 0.0797 0.0515 0.9955
vn 0.0759 0.0557 0.9956
vn -0.0574 -0.0810 0.9951
vn -0.7761 -0.5182 -0.3594
vn -0.8010 -0.5367 -0.2653
vn 0.8042 0.4885 -0.3385
vn 0.7401 0.5147 -0.4328
vn 0.7720 0.5349 -0.3434
vn 0.7384 0.5790 -0.3458
vn 0.6737 0.5946 -0.4389
vn 0.7040 0.6189 -0.3484
vn -0.8110 -0.4673 -0.3521
vn -0.8361 -0.4832 -0.2598
vn -0.8358 -0.4265 -0.3456
vn -0.8613 -0.4407 -0.2531
vn 0.8484 0.4119 -0.3325
vn 0.7992 0.4281 -0.4219
vn 0.8313 0.4441 -0.3343
vn 0.0920 0.0398 0.9950
vn -0.8467 -0.4073 -0.3423
vn -0.8717 -0.4210 -0.2508
vn -0.8260 -0.4431 -0.3483
vn -0.8381 -0.5381 -0.0893
vn 0.9387 0.2034 -0.2784
vn 0.8172 0.3977 -0.4171
vn 0.1016 0.0314 0.9943
vn 0.0962 0.0352 0.9947
vn 0.4990 0.7954 -0.3441
vn 0.4772 0.7646 -0.4332
vn 0.4569 0.8219 -0.3401
vn 0.4368 0.7907 -0.4289
vn -0.4298 -0.8599 -0.2753
vn -0.3872 -0.8469 -0.3646
vn -0.4181 -0.8308 -0.3673
vn -0.0492 -0.0887 0.9948
vn 0.4269 0.8386 -0.3384
vn 0.4083 0.8077 -0.4253
vn 0.1998 0.9366 -0.2879
vn 0.1996 0.9018 -0.3833
vn -0.3978 -0.8755 -0.2744
vn -0.4206 -0.8295 -0.3675
vn -0.0381 -0.0963 0.9946
vn 0.5743 0.6390 -0.5117
vn 0.5355 0.6729 -0.5104
vn -0.0105 0.0154 -0.9998
vn 0.0545 0.0652 -0.9964
vn -0.7076 -0.6028 -0.3687
vn -0.7143 -0.5409 -0.4441
vn -0.0793 -0.0319 -0.9963
vn -0.0825 -0.0276 -0.9962
vn 0.4960 0.7041 -0.5081
vn 0.4558 0.7331 -0.5048
vn -0.6325 -0.6786 -0.3736
vn -0.5674 -0.6867 -0.4544
vn -0.6088 -0.6507 -0.4538
vn -0.6478 -0.6140 -0.4509
vn -0.5893 -0.7159 -0.3744
vn -0.5214 -0.7226 -0.4539
vn 0.6395 0.6304 -0.4401
vn 0.7069 0.5566 -0.4365
vn 0.6435 0.5703 -0.5105
vn 0.6758 0.5344 -0.5077
vn -0.7828 -0.4484 -0.4315
vn -0.0758 -0.0356 -0.9965
vn 0.7718 0.4705 -0.4277
vn 0.7076 0.4942 -0.5050
vn 0.7385 0.4524 -0.5000
vn -0.8194 -0.3920 -0.4184
vn -0.0105 0.0153 -0.9998
vn -0.0867 -0.0249 -0.9959
vn 0.7656 0.4127 -0.4935
vn 0.9042 0.2075 -0.3732
vn 0.7842 0.3841 -0.4874
vn -0.6173 -0.5770 -0.5348
vn 0.0374 0.0820 -0.9959
vn -0.4607 -0.7641 -0.4514
vn -0.4031 -0.7996 -0.4451
vn 0.4179 0.7584 -0.5001
vn 0.3912 0.7756 -0.4953
vn 0.0301 0.0887 -0.9956
vn 0.0334 0.0848 -0.9958
vn -0.3740 -0.8161 -0.4406
vn -0.5655 -0.6205 -0.5433
vn 0.2020 0.8667 -0.4562
vn -0.6086 -0.7425 -0.2798
vn -0.0046 0.9968 0.0799
vn 0.0260 0.9994 -0.0225
vn 0.0420 0.9916 -0.1223
vn -0.0622 -0.0483 -0.9969
vn -0.0577 -0.0510 -0.9970
vn -0.6814 -0.5781 -0.4489
vn -0.0658 -0.0450 -0.9968
vn -0.0335 -0.1020 0.9942
vn 0.0715 0.0599 0.9956
vn -0.0487 -0.0599 -0.9970
vn 0.9982 0.0153 0.0582
vn 0.9529 -0.2609 0.1547
vn 0.9977 0.0508 -0.0438
vn 0.9959 0.0264 0.0863
vn 0.9871 0.0709 -0.1434
vn 0.0586 0.0620 -0.9964
vn 0.6685 0.6564 -0.3496
vn 0.0409 0.0787 -0.9961
vn 0.6110 0.6043 -0.5114
vn 0.0083 0.0810 0.9967
vn -0.0314 -0.1070 0.9938
vn 0.0374 0.0923 0.9950
vn 0.0566 0.0758 0.9955
vn 0.0142 0.1061 -0.9943
vn 0.0285 0.0922 -0.9953
vn -0.0468 -0.0642 -0.9968
vn -0.0061 0.1101 -0.9939
vn 0.0105 -0.0153 0.9998
vn 0.1055 0.0291 0.9940
vn -0.0650 -0.0740 0.9951
vn -0.7480 -0.4970 -0.4398
vn 0.0696 0.0526 -0.9962
vn -0.0106 0.0153 -0.9998
vn -0.0614 -0.0779 0.9951
vn -0.0682 -0.0693 0.9953
vn -0.0691 -0.0416 -0.9967
vn -0.4929 -0.8244 -0.2782
vn -0.9737 0.1381 -0.1810
vn -0.9913 0.0863 -0.0996
vn -0.9739 0.1424 -0.1767
vn -0.0524 -0.0544 -0.9971
vn 0.0106 -0.0153 0.9998
vn 0.1196 0.0126 0.9927
vn -0.0810 -0.0604 0.9949
vn 0.1071 -0.0153 0.9941
vn -0.0900 -0.0240 -0.9957
vn 0.0844 0.0220 -0.9962
vn 0.0054 -0.0172 -0.9998
vn 0.0812 0.0405 -0.9959
vn -0.2724 0.9362 0.2222
vn -0.1039 0.8841 0.4557
vn 0.0585 0.0717 0.9957
vn 0.0033 0.9913 0.1317
vn 0.0666 0.0548 -0.9963
vn 0.6290 0.6941 -0.3500
vn -0.0723 -0.0383 -0.9966
vn 0.0625 0.0583 -0.9963
vn -0.0734 -0.0652 0.9952
vn -0.8080 -0.4099 -0.4231
vn 0.8681 0.2129 -0.4483
vn 0.0516 0.0688 -0.9963
vn 0.0481 0.0718 -0.9963
vn 0.0447 0.0754 -0.9962
vn -0.0443 -0.0922 0.9948
vn -0.0771 -0.0614 0.9951
vn 0.4737 0.5592 -0.6804
vn 0.5582 0.5671 -0.6057
vn 0.5581 0.5266 -0.6413
vn -0.9993 0.0222 -0.0308
vn 0.1447 -0.7502 0.6452
vn 0.2406 -0.7672 0.5946
vn 0.1429 -0.7850 0.6028
vn -0.9741 0.1621 -0.1575
vn -0.9740 0.1591 -0.1613
vn 0.4724 0.5162 -0.7144
vn 0.5564 0.4856 -0.6743
vn 0.1447 -0.5793 0.8022
vn 0.2401 -0.5061 0.8284
vn 0.2428 -0.5690 0.7857
vn 0.1462 -0.6733 0.7248
vn 0.2436 -0.6994 0.6720
vn 0.1455 -0.7144 0.6845
vn -0.9739 0.1564 -0.1647
vn -0.9738 0.1514 -0.1696
vn -0.9992 0.0189 -0.0351
vn 0.2378 -0.8017 0.5485
vn 0.1414 -0.8192 0.5557
vn 0.4517 0.7770 -0.4385
vn 0.5437 0.7057 -0.4542
vn 0.4594 0.7445 -0.4844
vn 0.4656 0.7103 -0.5279
vn 0.5540 0.6391 -0.5335
vn 0.4698 0.6760 -0.5677
vn 0.2339 -0.8358 0.4967
vn 0.1377 -0.8540 0.5016
vn 0.2302 -0.8601 0.4552
vn 0.1358 -0.8783 0.4585
vn 0.4399 0.8218 -0.3622
vn 0.5274 0.7653 -0.3689
vn 0.4444 0.8042 -0.3947
vn -0.9740 0.1671 -0.1530
vn 0.2283 -0.8707 0.4356
vn 0.1345 -0.8887 0.4384
vn 0.2317 -0.8504 0.4723
vn -0.0374 -0.8416 0.5388
vn 0.3695 0.9152 -0.1609
vn 0.5205 0.7836 -0.3391
vn -0.9733 0.1785 -0.1445
vn -0.9739 0.1716 -0.1484
vn 0.4696 0.4724 -0.7458
vn 0.5532 0.4438 -0.7050
vn 0.4666 0.4306 -0.7726
vn 0.5489 0.4039 -0.7318
vn 0.1414 -0.4503 0.8816
vn 0.2342 -0.4146 0.8793
vn 0.2365 -0.4456 0.8634
vn -0.9993 0.0265 -0.0269
vn 0.4649 0.4006 -0.7896
vn 0.5452 0.3758 -0.7494
vn 0.4081 0.1784 -0.8953
vn 0.4988 0.1709 -0.8497
vn 0.1413 -0.4183 0.8972
vn 0.2366 -0.4480 0.8621
vn -0.9991 0.0372 -0.0194
vn 0.6237 0.5346 -0.5703
vn 0.6237 0.4957 -0.6044
vn 0.9913 -0.0863 0.0996
vn 0.9985 -0.0207 0.0501
vn 0.2424 -0.7341 0.6343
vn 0.3243 -0.7463 0.5812
vn 0.9772 -0.1548 0.1456
vn 0.9772 -0.1585 0.1415
vn 0.6219 0.4568 -0.6360
vn 0.6190 0.4170 -0.6656
vn 0.2441 -0.6597 0.7108
vn 0.3281 -0.6010 0.7288
vn 0.3283 -0.6422 0.6926
vn 0.3275 -0.6804 0.6556
vn 0.2439 -0.6168 0.7484
vn 0.3267 -0.5552 0.7649
vn 0.5567 0.6049 -0.5693
vn 0.5497 0.6723 -0.4957
vn 0.6200 0.6035 -0.5014
vn 0.6159 0.6356 -0.4655
vn 0.3167 -0.8137 0.4875
vn 0.9773 -0.1503 0.1491
vn 0.5360 0.7377 -0.4105
vn 0.6103 0.6678 -0.4260
vn 0.6025 0.6992 -0.3849
vn 0.3086 -0.8488 0.4294
vn 0.9771 -0.1617 0.1383
vn 0.5934 0.7268 -0.3459
vn 0.4617 0.8735 -0.1544
vn 0.5866 0.7448 -0.3183
vn 0.3502 -0.8206 0.4517
vn 0.9987 -0.0387 0.0340
vn 0.3243 -0.4944 0.8064
vn 0.3182 -0.4366 0.8415
vn 0.6144 0.3794 -0.6918
vn 0.6097 0.3535 -0.7095
vn 0.9986 -0.0454 0.0265
vn 0.9987 -0.0420 0.0304
vn 0.3139 -0.4072 0.8577
vn 0.3557 -0.4268 0.8314
vn 0.5669 0.1676 -0.8065
vn 0.1457 -0.6289 0.7637
vn 0.0350 0.0026 -0.9994
vn 0.1395 0.0253 -0.9899
vn 0.2394 0.0336 -0.9703
vn 0.9771 -0.1376 0.1621
vn 0.9772 -0.1338 0.1650
vn 0.3261 -0.7145 0.6190
vn 0.9773 -0.1410 0.1584
vn -0.9990 0.0417 -0.0131
vn -0.9738 0.1472 -0.1736
vn 0.9770 -0.1233 0.1739
vn 0.0191 0.9997 -0.0121
vn -0.1078 0.9615 0.2527
vn 0.1243 0.9916 -0.0356
vn 0.2170 0.9623 0.1641
vn 0.2255 0.9732 -0.0443
vn 0.9984 -0.0180 0.0542
vn 0.4720 0.6409 -0.6054
vn 0.9987 -0.0349 0.0372
vn 0.6225 0.5707 -0.5355
vn -0.9773 0.0840 -0.1947
vn -0.9990 0.0433 -0.0084
vn -0.9721 0.1129 -0.2056
vn -0.9731 0.1312 -0.1892
vn 0.9981 -0.0608 0.0089
vn 0.9986 -0.0474 0.0230
vn 0.9762 -0.1230 0.1785
vn 0.9967 -0.0813 0.0050
vn -0.9735 0.1793 -0.1419
vn -0.9991 0.0113 -0.0419
vn 0.3210 -0.7803 0.5368
vn 0.9980 -0.0058 0.0628
vn 0.9913 -0.0864 0.0997
vn -0.9992 0.0140 -0.0378
vn -0.9989 0.0061 -0.0460
vn 0.9771 -0.1450 0.1557
vn 0.1436 -0.5135 0.8460
vn 0.9774 -0.1280 0.1684
vn -0.9913 0.0864 -0.0997
vn -0.9729 0.1941 -0.1255
vn -0.9985 -0.0026 -0.0554
vn -0.9784 0.1818 -0.0981
vn 0.9765 -0.1659 0.1378
vn 0.9956 0.0085 0.0936
vn 0.9886 -0.0727 0.1319
vn 0.9972 0.0042 0.0751
vn -0.1288 -0.2561 -0.9580
vn -0.3572 -0.0680 -0.9316
vn -0.9735 0.1341 -0.1853
vn 0.2279 -0.1799 -0.9569
vn 0.9981 -0.0073 0.0609
vn 0.4741 0.6007 -0.6437
vn 0.9771 -0.1485 0.1521
vn 0.9982 -0.0140 0.0579
vn -0.9987 0.0031 -0.0510
vn 0.3121 -0.8377 0.4482
vn 0.5339 0.8319 -0.1513
vn 0.9987 -0.0220 0.0468
vn 0.9987 -0.0277 0.0438
vn 0.9987 -0.0309 0.0403
vn -0.9992 0.0312 -0.0232
vn -0.9985 -0.0029 -0.0540
vn -0.1166 -0.4044 -0.9071
vn -0.1890 -0.7106 -0.6777
vn -0.5489 -0.6254 -0.5546
vn -0.0623 -0.5921 -0.8035
vn -0.1660 -0.9050 -0.3916
vn -0.3600 -0.6993 -0.6175
vn -0.8173 -0.5243 -0.2391
vn -0.2669 -0.8747 -0.4045
vn -0.1949 -0.9373 0.2890
vn -0.0564 -0.9622 -0.2663
vn -0.0464 -0.9989 -0.0108
vn -0.2442 -0.9155 0.3199
vn -0.1621 -0.9866 -0.0173
vn -0.0463 -0.8375 -0.5445
vn -0.2214 -0.9751 -0.0137
vn -0.5699 -0.4545 0.6846
vn -0.4673 -0.1738 0.8669
vn -0.6250 -0.2742 0.7308
vn -0.6326 -0.4123 0.6556
vn -0.4714 -0.4879 0.7346
vn -0.3986 -0.3293 0.8559
vn -0.5441 -0.7323 0.4095
vn 0.6573 -0.7385 0.1506
vn 0.7855 -0.6181 0.0327
vn 0.5313 -0.6765 0.5099
vn 0.6007 -0.7374 0.3089
vn 0.3707 -0.9191 0.1337
vn 0.5241 -0.8514 0.0202
vn 0.3867 -0.8933 0.2293
vn -0.8476 0.0919 0.5226
vn -0.6973 -0.4528 0.5556
vn -0.7441 -0.2679 0.6121
vn -0.8692 -0.1562 0.4692
vn -0.7500 -0.4744 0.4609
vn -0.6697 -0.4102 0.6191
vn -0.4172 -0.7470 0.5175
vn 0.2474 -0.9683 0.0343
vn -0.3032 -0.9355 0.1813
vn -0.0059 -0.9995 0.0298
vn -0.0005 -0.9900 0.1412
vn -0.3306 -0.9161 0.2269
vn 0.0001 -0.9807 0.1957
vn -0.1022 0.5030 -0.8582
vn 0.0163 0.2391 -0.9708
vn -0.3058 0.3884 -0.8692
vn -0.1774 0.0071 -0.9841
vn -0.0027 0.5172 -0.8558
vn 0.0053 0.7332 -0.6799
vn -0.1829 0.8412 -0.5089
vn -0.3466 0.7514 0.5615
vn -0.4310 0.4728 0.7686
vn -0.3391 0.6291 0.6995
vn -0.2366 0.9192 0.3148
vn -0.3715 0.7729 0.5144
vn -0.2973 0.9098 0.2897
vn -0.0260 0.9518 -0.3055
vn -0.1380 0.9644 0.2256
vn -0.1151 0.9929 -0.0294
vn -0.2339 0.8504 0.4712
vn -0.1410 0.9893 -0.0365
vn 0.8725 0.4795 0.0939
vn 0.8825 0.3650 0.2965
vn 0.9790 0.2018 -0.0288
vn 0.8707 0.4918 -0.0059
vn 0.9874 -0.0337 0.1543
vn 0.5287 0.8278 0.1874
vn 0.6334 0.7668 0.1040
vn -0.2101 0.9657 0.1525
vn 0.3234 0.9457 0.0335
vn 0.0150 0.9988 0.0467
vn -0.4528 0.8565 0.2477
vn 0.0458 0.9909 0.1264
vn 0.6960 0.7181 -0.0069
vn -0.2973 0.9216 0.2497
vn 0.0513 0.9869 0.1531
vn -0.5429 0.7592 0.3589
vn -0.6834 0.6398 0.3516
vn -0.7559 0.4828 0.4421
vn -0.5017 0.7749 0.3846
vn -0.2768 0.9087 0.3124
vn -0.3436 0.2314 0.9102
vn -0.1057 0.4973 0.8611
vn -0.5983 0.5258 0.6046
vn -0.3884 0.6369 0.6660
vn -0.1716 0.8495 0.4988
vn -0.6599 0.6390 0.3953
vn -0.4250 0.7977 0.4279
vn -0.8534 0.5091 0.1123
vn -0.9067 0.2380 0.3483
vn -0.9888 0.1304 0.0728
vn -0.5428 0.8218 0.1733
vn -0.1948 0.9488 0.2486
vn -0.1273 0.9794 0.1564
vn 0.6731 0.3279 0.6629
vn 0.7489 0.3853 0.5391
vn 0.6672 0.2759 0.6918
vn 0.9150 0.3370 0.2217
vn 0.9213 0.3425 0.1842
vn 0.7131 0.6518 -0.2582
vn 0.4306 -0.3295 0.8402
vn 0.6651 -0.2138 0.7155
vn 0.6983 -0.1927 0.6894
vn 0.4314 0.6329 0.6429
vn 0.2013 0.4823 0.8525
vn 0.1441 0.4387 0.8870
vn 0.3127 0.8769 0.3650
vn 0.2495 0.8973 0.3643
vn 0.2633 0.8615 0.4342
vn 0.5267 0.8170 0.2346
vn 0.5264 0.8176 0.2334
vn 0.7774 0.2982 -0.5538
vn 0.6421 0.4494 -0.6212
vn -0.1011 0.7130 0.6938
vn -0.1520 0.6666 0.7297
vn -0.6588 0.6800 -0.3219
vn -0.5259 0.7635 -0.3748
vn -0.6853 0.6750 -0.2735
vn 0.0023 0.9380 -0.3465
vn 0.0956 0.9309 -0.3524
vn 0.2641 0.7265 -0.6344
vn 0.2642 0.7265 -0.6343
vn 0.2640 0.7268 -0.6341
vn -0.6411 0.7641 0.0717
vn -0.6410 0.7642 0.0717
vn 0.1871 -0.8456 -0.5000
vn 0.1939 -0.7839 -0.5899
vn 0.5215 -0.2034 -0.8286
vn 0.5214 -0.2036 -0.8287
vn 0.3459 -0.2133 -0.9137
vn 0.3527 -0.1666 -0.9208
vn 0.7400 0.6720 -0.0273
vn 0.6224 0.6188 -0.4793
vn 0.7863 0.5736 -0.2296
vn -0.1784 -0.8076 -0.5622
vn -0.2623 -0.8443 -0.4673
vn -0.0397 -0.7204 -0.6924
vn 0.5061 -0.1184 0.8543
vn 0.2425 -0.3576 0.9019
vn 0.1280 -0.0848 0.9881
vn 0.8195 -0.1710 0.5470
vn 0.6450 -0.3983 0.6522
vn 0.5340 -0.6063 0.5894
vn 0.8034 -0.4285 0.4135
vn 0.6444 -0.6644 0.3787
vn 0.8548 -0.4929 0.1624
vn 0.9517 -0.2417 0.1895
vn 0.9818 -0.1449 0.1225
vn 0.2428 -0.9113 0.3326
vn 0.5089 -0.8556 0.0943
vn 0.7697 -0.4780 -0.4230
vn 0.6800 -0.6435 -0.3513
vn 0.6721 -0.6809 -0.2910
vn 0.9316 -0.2756 -0.2370
vn 0.8175 -0.4200 -0.3940
vn 0.7113 0.2792 -0.6450
vn 0.9377 -0.2617 -0.2287
vn -0.0960 -0.8711 -0.4816
vn -0.3453 -0.9024 -0.2577
vn -0.0707 -0.9868 -0.1454
vn -0.1937 -0.4518 -0.8708
vn -0.3878 -0.6467 -0.6568
vn -0.1615 -0.6390 -0.7521
vn -0.5973 -0.5891 -0.5442
vn 0.4981 -0.5611 -0.6611
vn 0.4980 -0.5612 -0.6611
vn 0.4981 -0.5612 -0.6611
vn -0.3027 -0.1265 -0.9446
vn -0.1290 -0.1166 -0.9848
vn -0.9065 -0.3408 -0.2491
vn -0.9373 -0.1013 -0.3334
vn -0.7158 -0.3768 -0.5879
vn -0.5631 -0.3078 -0.7669
vn -0.7950 0.1912 -0.5757
vn -0.8549 0.1926 -0.4818
vn -0.1986 0.3538 -0.9140
vn -0.5377 0.3344 -0.7740
vn -0.2150 0.5257 -0.8230
vn -0.2149 0.5258 -0.8230
vn 0.5634 0.7941 -0.2281
vn 0.6108 0.6339 -0.4745
vn -0.8129 -0.1858 -0.5519
vn -0.8459 -0.2693 -0.4604
vn -0.8490 -0.2794 -0.4485
vn -0.7474 -0.0683 -0.6608
vn -0.2246 0.8269 0.5155
vn 0.3712 0.9178 0.1411
vn 0.9176 0.3760 0.1289
vn 0.8695 -0.2230 0.4406
vn -0.3418 0.3540 -0.8706
vn -0.1098 0.4724 -0.8745
vn -0.2872 -0.0015 -0.9579
vn -0.3612 -0.1305 -0.9233
vn -0.1230 0.7146 -0.6886
vn -0.4258 0.3081 -0.8508
vn -0.3345 0.6776 -0.6550
vn -0.9470 -0.2322 0.2217
vn -0.7709 -0.5174 0.3715
vn -0.7879 -0.2062 0.5803
vn -0.9465 -0.0996 0.3068
vn -0.9464 -0.2690 0.1788
vn -0.7090 -0.5543 0.4360
vn -0.9992 -0.0322 0.0254
vn -0.1233 0.9275 -0.3530
vn -0.4838 0.8320 0.2715
vn -0.3608 0.9036 -0.2310
vn -0.6085 0.7437 0.2768
vn -0.4137 0.8191 -0.3974
vn 0.3869 0.9156 -0.1096
vn 0.1248 0.9186 -0.3750
vn 0.7015 0.7061 -0.0964
vn 0.3621 0.8639 -0.3501
vn 0.1086 0.7123 -0.6934
vn 0.5751 0.5875 -0.5693
vn 0.3260 0.6779 -0.6589
vn 0.9133 0.1325 -0.3851
vn 0.9128 0.3908 -0.1184
vn 0.7015 0.1204 -0.7024
vn 0.8573 0.3708 -0.3571
vn 0.6666 0.6752 -0.3158
vn 0.1254 0.4002 -0.9078
vn 0.3862 0.1392 -0.9119
vn 0.3614 0.3762 -0.8532
vn 0.6667 0.3393 -0.6636
vn 0.8676 -0.4477 0.2162
vn 0.9226 -0.1133 -0.3688
vn 0.7644 -0.5968 0.2439
vn 0.9029 -0.3472 -0.2532
vn 0.7070 -0.1109 -0.6985
vn 0.8154 -0.4004 -0.4181
vn 0.6717 -0.3192 -0.6685
vn -0.2161 -0.9546 0.2049
vn -0.1843 -0.8009 0.5697
vn -0.5798 -0.7951 0.1779
vn -0.3025 -0.9506 0.0694
vn -0.0768 -0.9541 0.2895
vn -0.0004 -0.7596 0.6504
vn -0.0139 -0.9999 0.0049
vn 0.3800 -0.1112 -0.9183
vn -0.2262 -0.4526 -0.8626
vn 0.2546 -0.3477 -0.9024
vn -0.2570 -0.6000 -0.7576
vn 0.4187 -0.3990 -0.8157
vn 0.0251 0.1427 0.9894
vn 0.0331 0.3157 0.9483
vn 0.0633 0.5146 0.8551
vn 0.5598 0.6060 0.5651
vn 0.4378 0.7645 0.4732
vn 0.4721 0.5071 0.7211
vn 0.1174 0.7695 0.6278
vn 0.0970 0.7256 0.6812
vn -0.1976 0.6908 0.6955
vn 0.6730 0.4894 -0.5546
vn 0.8481 0.0910 -0.5219
vn 0.6412 0.4671 -0.6089
vn 0.5701 0.7018 -0.4272
vn 0.8410 0.5150 -0.1658
vn 0.8410 0.5149 -0.1659
vn 0.6140 0.7790 -0.1267
vn 0.0675 0.9388 0.3377
vn 0.2773 0.9456 -0.1699
vn 0.1863 0.7990 0.5717
vn 0.3731 0.8959 -0.2413
vn 0.5004 0.7431 -0.4443
vn -0.0965 0.3658 0.9257
vn -0.3778 0.0849 0.9220
vn -0.0915 0.6944 0.7138
vn -0.3728 0.3623 0.8543
vn -0.7040 0.0825 0.7054
vn -0.3548 0.6521 0.6700
vn -0.6612 0.3453 0.6660
vn -0.3788 0.9190 0.1094
vn -0.0973 0.9154 0.3906
vn -0.7044 0.7026 0.1009
vn -0.3733 0.8443 0.3844
vn -0.6614 0.6561 0.3634
vn -0.9209 0.0919 0.3789
vn -0.9204 0.3774 0.1021
vn -0.8489 0.3688 0.3786
vn -0.9444 0.3276 -0.0278
vn -0.9906 0.1352 -0.0189
vn -0.8468 0.5289 -0.0560
vn -0.6171 0.7796 -0.1069
vn -0.4617 0.7769 -0.4280
vn -0.5582 0.6195 -0.5519
vn -0.7160 0.5209 -0.4647
vn -0.6848 0.6984 0.2081
vn -0.2768 0.6965 -0.6620
vn 0.1820 0.9470 -0.2646
vn -0.3263 0.9437 -0.0548
vn 0.4544 0.7433 -0.4909
vn 0.2544 0.8967 -0.3623
vn -0.5629 0.8076 -0.1760
vn -0.6730 0.7344 -0.0873
vn 0.6866 0.1692 -0.7071
vn 0.5605 0.4930 -0.6654
vn 0.6148 0.4673 -0.6353
vn 0.1742 0.5224 -0.8347
vn 0.1742 0.5223 -0.8348
vn 0.4362 0.7037 -0.5608
vn 0.1362 0.7870 -0.6018
vn 0.0965 -0.3914 0.9151
vn 0.3778 -0.1104 0.9193
vn 0.0960 -0.1111 0.9892
vn 0.0912 -0.7139 0.6942
vn 0.3725 -0.3851 0.8444
vn 0.7037 -0.1015 0.7032
vn 0.3539 -0.6703 0.6522
vn 0.6613 -0.3633 0.6562
vn 0.3789 -0.9215 0.0850
vn 0.0970 -0.9257 0.3657
vn 0.7044 -0.7050 0.0827
vn 0.3729 -0.8546 0.3615
vn 0.6614 -0.6653 0.3463
vn 0.9201 -0.1031 0.3779
vn 0.9211 -0.3782 0.0925
vn 0.8495 -0.3776 0.3685
vn 0.3271 0.0194 0.9448
vn 0.1350 0.0077 0.9908
vn 0.5405 0.0502 0.8398
vn 0.7777 0.1088 0.6191
vn 0.7703 0.4324 0.4687
vn 0.6106 0.5526 0.5673
vn 0.5125 0.4610 0.7245
vn 0.7117 -0.1870 0.6771
vn 0.6875 0.6670 0.2873
vn 0.9437 0.2800 -0.1762
vn 0.9428 0.0627 0.3273
vn 0.7367 0.5084 -0.4458
vn 0.8918 0.3785 -0.2478
vn 0.8053 0.1781 0.5655
vn 0.7337 0.0870 0.6739
vn 0.4831 0.6812 -0.5501
vn 0.4593 0.6514 -0.6039
vn 0.5142 0.8427 -0.1592
vn 0.5142 0.8428 -0.1591
vn 0.6967 0.5767 -0.4267
vn 0.7795 0.6137 -0.1255
vn 0.5492 -0.7829 -0.2922
vn 0.4237 -0.9010 -0.0929
vn 0.1904 -0.4704 -0.8617
vn 0.5177 -0.6437 -0.5636
vn 0.8293 -0.4942 -0.2608
vn 0.7662 -0.6382 -0.0758
vn 0.8072 -0.2179 -0.5486
vn 0.5488 0.3688 -0.7502
vn 0.2196 0.5359 -0.8152
vn 0.4242 0.5913 -0.6859
vn 0.8299 0.1799 -0.5280
vn 0.5957 0.2646 -0.7584
vn 0.9440 -0.3172 -0.0915
vn 0.9441 0.1679 -0.2838
vn 0.9619 -0.1011 -0.2540
vn 0.7670 0.4113 -0.4924
vn 0.2824 -0.7788 -0.5601
vn 0.1596 -0.9736 -0.1635
vn 0.0816 -0.8955 -0.4374
vn 0.2546 -0.4848 -0.8368
vn 0.8568 -0.4793 -0.1903
vn 0.5562 -0.6429 -0.5266
vn 0.9200 -0.3781 -0.1033
vn 0.5467 -0.2137 -0.8096
vn 0.2875 0.1775 -0.9412
vn 0.0885 -0.3035 -0.9487
vn 0.4990 0.4171 -0.7596
vn 0.2537 -0.0897 -0.9631
vn 0.0683 -0.6278 -0.7754
vn 0.5320 0.1851 -0.8263
vn 0.7664 0.6247 -0.1498
vn 0.7556 0.3676 -0.5421
vn 0.6939 0.5887 -0.4146
vn 0.8200 0.5315 -0.2123
vn 0.7617 0.2665 -0.5906
vn -0.3782 -0.9190 -0.1112
vn -0.0966 -0.9147 -0.3925
vn -0.7036 -0.7031 -0.1029
vn -0.3732 -0.8435 -0.3864
vn -0.0909 -0.6935 -0.7147
vn -0.6609 -0.6555 -0.3654
vn -0.3544 -0.6509 -0.6714
vn -0.9206 -0.0918 -0.3796
vn -0.9201 -0.3778 -0.1036
vn -0.7035 -0.0812 -0.7060
vn -0.8491 -0.3669 -0.3800
vn -0.6610 -0.3444 -0.6667
vn -0.0966 -0.3647 -0.9261
vn -0.3778 -0.0829 -0.9222
vn -0.3732 -0.3605 -0.8549
vn -0.9439 0.0351 -0.3284
vn -0.8386 0.0700 -0.5403
vn -0.5578 0.5714 -0.6020
vn -0.4627 0.4507 -0.7634
vn -0.7153 0.4835 -0.5045
vn -0.6167 0.1286 -0.7766
vn -0.6719 0.1072 -0.7328
vn -0.6794 -0.1852 -0.7100
vn 0.5595 0.6814 -0.4719
vn 0.5219 0.8500 -0.0716
vn 0.6135 0.6496 -0.4491
vn 0.4355 0.5824 -0.6864
vn 0.1710 0.8476 -0.5023
vn 0.1712 0.8476 -0.5022
vn 0.1356 0.6260 -0.7679
vn -0.3258 0.0813 -0.9419
vn 0.1816 0.2920 -0.9390
vn -0.5626 0.1982 -0.8026
vn 0.2544 0.3885 -0.8856
vn 0.4539 0.5131 -0.7285
vn 0.9075 -0.1035 0.4071
vn 0.6781 -0.1853 0.7113
vn 0.5633 -0.5489 0.6175
vn 0.8022 -0.0539 0.5947
vn 0.3916 -0.1719 0.9039
vn 0.6220 -0.3574 0.6967
vn 0.2538 -0.8231 0.5080
vn 0.4066 -0.2734 0.8718
vn -0.2881 -0.2156 0.9330
vn 0.2633 -0.0658 0.9625
vn 0.0068 -0.0616 0.9981
vn -0.3176 -0.2647 0.9105
vn 0.0162 -0.1775 0.9840
vn 0.5417 -0.0481 0.8392
vn 0.0146 -0.2365 0.9715
vn -0.6740 -0.5925 0.4412
vn -0.8575 -0.4885 0.1614
vn -0.7201 -0.6433 0.2600
vn -0.6444 -0.6533 0.3975
vn -0.7267 -0.4943 0.4771
vn -0.8491 -0.4216 0.3182
vn -0.3998 -0.5642 0.7224
vn -0.1682 0.6407 0.7492
vn -0.0522 0.7732 0.6320
vn -0.5226 0.5102 0.6831
vn -0.3260 0.5818 0.7451
vn -0.1461 0.3537 0.9239
vn -0.0351 0.5079 0.8607
vn -0.2426 0.3660 0.8984
vn -0.5035 -0.8569 -0.1102
vn -0.5445 -0.7162 0.4365
vn -0.5973 -0.7614 0.2521
vn -0.4515 -0.8812 0.1402
vn -0.4473 -0.7671 0.4598
vn -0.6075 -0.6885 0.3962
vn -0.5160 -0.4374 0.7365
vn -0.0442 0.2309 0.9720
vn -0.1792 -0.3218 0.9297
vn -0.0345 -0.0222 0.9992
vn -0.1460 -0.0196 0.9891
vn -0.2254 -0.3512 0.9088
vn -0.2009 -0.0209 0.9794
vn 0.8607 -0.0480 -0.5068
vn 0.9715 0.0405 -0.2336
vn 0.9965 -0.0242 0.0803
vn 0.8303 -0.1191 -0.5444
vn 0.8588 0.0243 -0.5118
vn 0.6830 0.0315 -0.7297
vn 0.5146 -0.1589 -0.8426
vn -0.5431 -0.3715 -0.7530
vn -0.4785 -0.6923 -0.5401
vn -0.6893 -0.3437 -0.6378
vn -0.3037 -0.2279 -0.9251
vn -0.6991 -0.5355 -0.4739
vn -0.2784 -0.2889 -0.9160
vn -0.4018 -0.2879 -0.8693
vn 0.3102 -0.0044 -0.9507
vn -0.2184 -0.1275 -0.9675
vn 0.0362 -0.0985 -0.9945
vn -0.4617 -0.2298 -0.8568
vn 0.0451 -0.1234 -0.9913
vn -0.0869 0.8779 -0.4709
vn -0.0437 0.9898 0.1359
vn 0.0091 0.9817 -0.1902
vn -0.0102 0.8809 -0.4732
vn -0.1517 0.8533 -0.4989
vn -0.1948 0.5359 -0.8215
vn -0.1436 -0.1980 -0.9696
vn -0.0361 0.3366 -0.9409
vn -0.0425 0.0301 -0.9986
vn -0.2341 -0.4452 -0.8643
vn -0.1229 0.0583 -0.9907
vn -0.0045 0.7092 -0.7050
vn -0.2387 -0.2877 -0.9275
vn -0.1499 0.0627 -0.9867
vn -0.3669 -0.5341 -0.7617
vn -0.3339 -0.6800 -0.6527
vn -0.6863 -0.4928 -0.5349
vn -0.5154 -0.7004 -0.4938
vn -0.3003 -0.2709 -0.9146
vn -0.3476 0.9355 0.0637
vn -0.6736 0.7310 0.1089
vn -0.6341 0.6079 0.4780
vn -0.5362 0.8441 -0.0063
vn -0.8859 0.4584 0.0708
vn -0.6841 0.6729 0.2814
vn -0.5808 0.2908 0.7603
vn -0.8643 0.4721 0.1735
vn -0.9705 -0.2176 0.1039
vn -0.9414 0.3346 -0.0425
vn -0.9950 0.0838 -0.0534
vn -0.9571 -0.2447 0.1555
vn -0.9937 0.0930 0.0633
vn -0.7966 0.6029 -0.0431
vn -0.9882 0.0906 0.1233
vn -0.5557 -0.6410 0.5294
vn -0.2811 -0.8433 0.4580
vn -0.3864 -0.6972 0.6038
vn -0.5172 -0.6143 0.5959
vn -0.5843 -0.6889 0.4290
vn -0.4279 -0.8229 0.3738
vn -0.8114 -0.3407 0.4749
vn -0.6806 -0.1107 -0.7243
vn -0.5414 -0.0033 -0.8407
vn -0.6580 -0.4683 -0.5897
vn -0.6953 -0.2686 -0.6667
vn -0.8853 -0.0758 -0.4588
vn -0.7964 0.0311 -0.6040
vn -0.8653 -0.1734 -0.4703
vn -0.0275 -0.5123 0.8583
vn -0.5560 -0.5090 0.6570
vn -0.3811 -0.5784 0.7212
vn -0.2746 -0.4410 0.8544
vn -0.5768 -0.4115 0.7057
vn -0.5179 -0.5753 0.6331
vn -0.8188 -0.4547 0.3504
vn -0.9393 0.0301 -0.3418
vn -0.9715 -0.1079 0.2110
vn -0.9948 0.0416 -0.0934
vn -0.9928 -0.0708 -0.0964
vn -0.9579 -0.1561 0.2411
vn -0.9872 -0.1278 -0.0952
vn 0.5505 0.8228 0.1415
vn 0.3089 0.9511 -0.0043
vn 0.4176 0.8461 0.3313
vn 0.0614 0.9844 0.1648
vn 0.5749 0.8170 0.0435
vn 0.7783 0.6250 0.0597
vn 0.8515 0.4560 0.2587
vn 0.6686 -0.6102 0.4250
vn 0.3711 -0.7920 0.4847
vn 0.5393 -0.7368 0.4078
vn 0.8656 -0.3770 0.3296
vn 0.6877 -0.5702 0.4494
vn 0.8538 -0.3451 0.3899
vn 0.9641 0.2384 0.1168
vn 0.9271 -0.2914 0.2358
vn 0.9763 -0.0397 0.2125
vn 0.7878 -0.5249 0.3221
vn 0.9707 -0.0364 0.2377
vn 0.5529 -0.1442 -0.8206
vn 0.4321 -0.3381 -0.8360
vn 0.3012 -0.0042 -0.9536
vn 0.5701 -0.0445 -0.8204
vn 0.0554 -0.1692 -0.9840
vn 0.8615 -0.2550 -0.4390
vn 0.8141 -0.1707 -0.5551
vn 0.9270 -0.2160 0.3066
vn 0.9681 -0.1061 -0.2271
vn 0.9895 -0.1170 0.0844
vn 0.7870 -0.3002 0.5391
vn 0.9786 -0.1986 0.0539
vn 0.7797 -0.0572 -0.6235
vn 0.8679 -0.3080 0.3898
vn 0.9734 -0.2237 0.0492
vn 0.6730 -0.4024 0.6207
vn 0.5422 -0.3836 0.7476
vn 0.3729 -0.4601 0.8057
vn 0.6926 -0.4287 0.5801
vn 0.8530 -0.3698 0.3684
vn -0.2424 0.6118 -0.7529
vn 0.2075 0.3552 -0.9115
vn -0.2169 0.4696 -0.8559
vn 0.7169 0.0988 -0.6901
vn 0.3852 0.1414 -0.9119
vn 0.1212 0.4484 -0.8856
vn 0.3947 0.2334 -0.8887
vn -0.4571 0.7515 0.4757
vn -0.2993 0.8961 0.3278
vn -0.5783 0.7920 0.1956
vn -0.1641 0.7842 0.5985
vn -0.0557 0.8906 0.4514
vn -0.4271 0.8992 0.0950
vn -0.6590 0.7521 0.0099
vn 0.3153 0.9085 -0.2742
vn 0.3172 0.9084 -0.2722
vn 0.4979 0.8649 -0.0646
vn 0.7171 0.0988 -0.6900
vn 0.9288 0.3222 -0.1831
vn 0.9264 0.1186 -0.3573
vn 0.7929 0.5579 0.2451
vn 0.8826 0.4159 0.2194
vn 0.9047 0.2198 -0.3651
vn 0.9052 0.4127 -0.1011
vn 0.2944 -0.8963 -0.3316
vn 0.3121 -0.8971 -0.3127
vn 0.4374 -0.7593 -0.4819
vn 0.4618 -0.7618 -0.4544
vn 0.6982 -0.2419 -0.6738
vn 0.6803 0.0139 -0.7328
vn 0.7217 0.0147 -0.6920
vn 0.2764 -0.8962 -0.3470
vn 0.4109 -0.7592 -0.5047
vn 0.6576 -0.2408 -0.7139
vn 0.6390 0.0139 -0.7691
vn -0.3005 -0.9135 0.2744
vn -0.3174 -0.9132 0.2557
vn -0.4519 -0.7858 0.4223
vn -0.7225 -0.3305 0.6073
vn -0.7198 -0.0846 0.6890
vn -0.6841 -0.3301 0.6504
vn -0.3343 -0.9129 0.2343
vn -0.4773 -0.7862 0.3926
vn -0.7605 -0.3287 0.5599
vn -0.7609 -0.0843 0.6433
vn 0.3470 -0.8968 -0.2745
vn 0.3303 -0.8969 -0.2939
vn 0.5122 -0.7608 -0.3984
vn 0.7380 -0.2412 -0.6302
vn 0.7985 0.0133 -0.6018
vn 0.7736 -0.2420 -0.5857
vn 0.4887 -0.7608 -0.4269
vn 0.7620 0.0145 -0.6474
vn -0.2830 -0.9136 0.2920
vn -0.2668 -0.9133 0.3079
vn -0.4243 -0.7869 0.4480
vn -0.3995 -0.7858 0.4721
vn -0.6054 -0.3302 0.7242
vn -0.6771 -0.0857 0.7308
vn -0.6355 -0.0866 0.7673
vn -0.6445 -0.3274 0.6910
vn -0.2493 -0.9128 0.3235
vn -0.2290 -0.9126 0.3386
vn -0.3721 -0.7850 0.4953
vn -0.3403 -0.7840 0.5191
vn -0.5165 -0.3296 0.7903
vn -0.5916 -0.0896 0.8012
vn -0.5407 -0.0900 0.8364
vn -0.5631 -0.3327 0.7565
vn 0.2580 -0.8950 -0.3638
vn 0.3836 -0.7577 -0.5279
vn 0.6174 -0.2425 -0.7484
vn 0.5950 0.0125 -0.8036
vn 0.2378 -0.8939 -0.3800
vn 0.3542 -0.7560 -0.5504
vn 0.5739 -0.2430 -0.7820
vn 0.5469 0.0109 -0.8371
vn 0.2163 -0.8925 -0.3958
vn 0.3235 -0.7529 -0.5731
vn 0.5271 -0.2414 -0.8148
vn 0.4960 0.0114 -0.8683
vn 0.1979 -0.8878 -0.4155
vn 0.2974 -0.7458 -0.5961
vn 0.4770 -0.2381 -0.8460
vn 0.4477 0.0106 -0.8941
vn -0.2079 -0.9108 0.3566
vn -0.1915 -0.9076 0.3737
vn -0.3061 -0.7800 0.5458
vn -0.2814 -0.7721 0.5698
vn -0.4223 -0.3247 0.8463
vn -0.4836 -0.0920 0.8704
vn -0.4386 -0.0909 0.8940
vn -0.4639 -0.3282 0.8228
vn 0.1055 -0.8810 -0.4613
vn -0.0080 -0.9195 -0.3931
vn 0.1787 -0.5267 -0.8310
vn -0.0151 -0.6942 -0.7196
vn 0.1907 -0.0495 -0.9804
vn -0.0195 -0.3523 -0.9357
vn 0.1869 -0.8821 -0.4324
vn 0.2788 -0.7353 -0.6177
vn 0.4282 -0.2309 -0.8737
vn 0.4127 0.0167 -0.9107
vn 0.3953 -0.2158 -0.8928
vn -0.1844 -0.9048 0.3839
vn -0.2704 -0.7700 0.5780
vn -0.4182 -0.0871 0.9042
vn -0.4018 -0.3195 0.8582
vn -0.3549 -0.9115 0.2080
vn -0.5029 -0.7861 0.3594
vn -0.8042 -0.3245 0.4981
vn -0.8014 -0.0842 0.5922
vn -0.3775 -0.9072 0.1856
vn -0.5389 -0.7795 0.3194
vn -0.8390 -0.3210 0.4394
vn -0.8478 -0.0835 0.5237
vn 0.3814 -0.8935 -0.2371
vn 0.3635 -0.8961 -0.2547
vn 0.5595 -0.7525 -0.3475
vn 0.8075 -0.2384 -0.5396
vn 0.8596 0.0157 -0.5106
vn 0.8374 -0.2331 -0.4943
vn 0.5362 -0.7581 -0.3712
vn 0.8318 0.0142 -0.5549
vn 0.3807 -0.9246 -0.0139
vn 0.7114 -0.7027 -0.0108
vn 0.9320 -0.3623 -0.0063
vn 0.4420 -0.8864 -0.1376
vn 0.8168 -0.5308 -0.2258
vn 0.9700 -0.0405 -0.2395
vn -0.3952 -0.9017 0.1755
vn -0.5695 -0.7730 0.2797
vn -0.8610 -0.3030 0.4085
vn -0.8851 -0.0794 0.4587
vn -0.9018 -0.0690 0.4266
vn -0.5893 -0.7630 0.2654
vn -0.8617 -0.3111 0.4008
vn 0.3973 -0.8891 -0.2272
vn 0.8579 -0.2215 -0.4636
vn 0.5781 -0.7463 -0.3299
vn 0.8779 0.0203 -0.4784
vn 0.5234 0.6960 -0.4916
vn 0.4932 0.6963 -0.5215
vn 0.3778 0.8573 -0.3498
vn 0.3575 0.8562 -0.3730
vn 0.2100 0.9596 -0.1872
vn 0.1985 0.9595 -0.1999
vn 0.4642 0.6950 -0.5491
vn 0.3362 0.8560 -0.3928
vn 0.1868 0.9594 -0.2115
vn -0.5831 0.6371 0.5041
vn -0.5515 0.6373 0.5383
vn -0.4226 0.8271 0.3705
vn -0.3993 0.8272 0.3952
vn -0.2318 0.9497 0.2108
vn -0.2193 0.9495 0.2243
vn -0.6138 0.6386 0.4642
vn -0.4457 0.8269 0.3428
vn -0.2445 0.9497 0.1955
vn 0.5530 0.6949 -0.4598
vn 0.5804 0.6936 -0.4267
vn 0.4004 0.8559 -0.3272
vn 0.4203 0.8551 -0.3036
vn 0.2226 0.9591 -0.1746
vn 0.2338 0.9588 -0.1614
vn -0.4886 0.6335 0.5999
vn -0.5189 0.6366 0.5705
vn -0.3554 0.8237 0.4418
vn -0.3767 0.8260 0.4194
vn -0.1958 0.9483 0.2497
vn -0.2070 0.9491 0.2375
vn -0.4192 0.6265 0.6571
vn -0.4562 0.6314 0.6271
vn -0.3057 0.8200 0.4838
vn -0.3323 0.8224 0.4618
vn -0.1687 0.9470 0.2735
vn -0.1828 0.9479 0.2609
vn 0.4333 0.6931 -0.5760
vn 0.3143 0.8547 -0.4131
vn 0.1746 0.9591 -0.2228
vn 0.4002 0.6889 -0.6044
vn 0.2903 0.8529 -0.4340
vn 0.1616 0.9584 -0.2353
vn 0.3650 0.6841 -0.6315
vn 0.2657 0.8496 -0.4556
vn 0.1480 0.9574 -0.2479
vn 0.3320 0.6775 -0.6564
vn 0.2427 0.8451 -0.4764
vn 0.1356 0.9558 -0.2610
vn -0.3453 0.6118 0.7117
vn -0.3777 0.6196 0.6881
vn -0.2547 0.8094 0.5291
vn -0.2768 0.8156 0.5082
vn -0.1418 0.9432 0.3005
vn -0.1529 0.9457 0.2867
vn 0.0440 0.4312 -0.9012
vn 0.1672 0.6465 -0.7444
vn 0.0335 0.7382 -0.6738
vn 0.1250 0.8296 -0.5442
vn 0.0179 0.9349 -0.3545
vn 0.0733 0.9503 -0.3026
vn 0.3089 0.6697 -0.6753
vn 0.2279 0.8385 -0.4950
vn 0.1282 0.9534 -0.2732
vn -0.3305 0.6062 0.7233
vn -0.2450 0.8048 0.5406
vn -0.1370 0.9414 0.3083
vn -0.6519 0.6350 0.4144
vn -0.4737 0.8254 0.3070
vn -0.2595 0.9495 0.1763
vn -0.6871 0.6267 0.3676
vn -0.5026 0.8197 0.2749
vn -0.2769 0.9475 0.1597
vn 0.6064 0.6908 -0.3938
vn 0.6298 0.6869 -0.3627
vn 0.4399 0.8532 -0.2801
vn 0.4600 0.8493 -0.2590
vn 0.2454 0.9580 -0.1487
vn 0.2577 0.9564 -0.1372
vn 0.9061 0.4198 -0.0534
vn 0.6846 0.7281 -0.0345
vn 0.3702 0.9289 -0.0106
vn 0.7310 0.6558 -0.1885
vn 0.5368 0.8330 -0.1344
vn 0.3071 0.9490 -0.0713
vn -0.7059 0.6188 0.3446
vn -0.5212 0.8128 0.2604
vn -0.2898 0.9448 0.1528
vn 0.6484 0.6800 -0.3422
vn 0.4761 0.8445 -0.2454
vn 0.2683 0.9544 -0.1305
vn -0.8027 0.3552 0.4790
vn 0.8807 -0.1401 0.4524
vn 0.8814 -0.1401 0.4511
vn -0.7996 0.3556 0.4840
vn 0.2681 0.1624 0.9496
vn 0.2682 0.1624 0.9496
vn 0.8556 -0.1208 0.5034
vn -0.4715 0.3430 0.8125
vn -0.4780 0.3435 0.8084
vn -0.9440 0.2094 -0.2549
vn -0.9440 0.2094 -0.2551
vn -0.5287 -0.0588 -0.8468
vn -0.1180 -0.1930 -0.9741
vn -0.4760 -0.0801 -0.8758
vn -0.0011 0.9304 -0.3665
vn -0.0003 0.7182 -0.6958
vn 0.0006 0.3948 -0.9188
vn 0.9251 0.0065 -0.3796
vn 0.3856 0.0137 -0.9226
vn 0.7091 0.0109 -0.7051
vn -0.6825 -0.6899 0.2414
vn -0.6576 -0.7533 -0.0034
vn -0.3568 -0.3476 -0.8671
vn -0.7044 -0.7093 0.0290
vn -0.3838 -0.3755 -0.8436
vn 0.9226 0.3858 0.0078
vn 0.7041 0.7100 0.0134
vn 0.6982 0.7030 0.1355
vn 0.3818 0.9241 0.0169
vn -0.6822 -0.2735 0.6781
vn -0.7512 -0.0220 0.6597
vn -0.2961 0.9032 0.3106
vn -0.5814 -0.2050 0.7873
vn -0.6592 -0.0227 0.7517
vn -0.7058 -0.0663 0.7053
vn -0.2628 0.7365 0.6233
vn -0.1770 -0.5962 0.7831
vn -0.2452 -0.6975 0.6733
vn 0.0168 -0.6716 0.7407
vn 0.7679 -0.2584 0.5862
vn 0.8699 -0.3535 0.3439
vn -0.0285 -0.7205 0.6929
vn -0.0004 0.3899 0.9209
vn -0.0004 0.4115 0.9114
vn -0.0017 0.7198 0.6942
vn -0.0021 0.8050 0.5933
vn -0.0027 0.9273 0.3744
vn 0.1250 0.9921 0.0097
vn -0.0445 0.9960 -0.0778
vn -0.3347 0.9422 0.0167
vn -0.5041 0.8635 0.0151
vn -0.6699 0.7423 0.0128
vn -0.8453 0.5343 0.0088
vn -0.9143 0.4049 0.0064
vn 0.2999 0.9100 -0.2864
vn 0.4253 0.8053 -0.4131
vn 0.5547 0.6402 -0.5315
vn 0.6747 0.3100 -0.6698
vn 0.4381 0.7917 -0.4258
vn 0.6561 0.3834 -0.6500
vn 0.4003 -0.0128 0.9163
vn 0.7255 -0.0095 0.6882
vn 0.9300 -0.0049 0.3676
vn 0.4210 -0.0126 0.9070
vn 0.8234 -0.0078 0.5674
vn 0.9914 0.1306 -0.0091
vn 0.4009 -0.9160 -0.0121
vn 0.5028 -0.8643 -0.0113
vn 0.7256 -0.6880 -0.0087
vn 0.8934 -0.4493 -0.0052
vn 0.9307 -0.3659 -0.0041
vn 0.9932 -0.0685 -0.0937
vn 0.8956 0.3195 -0.3097
vn 0.7957 0.4354 -0.4210
vn 0.6418 0.5515 -0.5329
vn 0.3426 0.6730 -0.6554
vn 0.3280 0.6789 -0.6569
vn 0.7843 0.4457 -0.4316
vn 0.4352 0.6465 -0.6266
vn 0.1203 0.0160 -0.9926
vn 0.0004 -0.3543 -0.9351
vn 0.0005 -0.5594 -0.8289
vn 0.0004 -0.6774 -0.7356
vn 0.0004 -0.9099 -0.4147
vn -0.3568 0.0142 -0.9341
vn -0.5181 0.0128 -0.8552
vn -0.8113 0.0087 -0.5845
vn -0.9139 0.0059 -0.4059
vn -0.0663 0.1078 -0.9920
vn -0.3760 0.0139 -0.9265
vn -0.5246 0.0128 -0.8512
vn 0.3169 0.3316 -0.8886
vn 0.5394 0.4551 -0.7085
vn 0.5439 0.5558 -0.6287
vn 0.6678 0.6754 -0.3127
vn 0.3406 0.3555 -0.8704
vn 0.0001 0.9186 0.3953
vn 0.0005 0.6976 0.7165
vn 0.0008 0.3826 0.9239
vn -0.9252 0.3793 -0.0085
vn -0.7067 0.7075 0.0089
vn -0.3831 0.9236 0.0122
vn 0.6534 0.3916 -0.6479
vn 0.5002 0.7135 -0.4906
vn 0.2708 0.9273 -0.2583
vn 0.9236 -0.0051 0.3834
vn 0.7064 -0.0098 0.7077
vn 0.3822 -0.0129 0.9240
vn 0.9238 -0.3829 -0.0044
vn 0.7073 -0.7069 -0.0089
vn 0.3836 -0.9234 -0.0122
vn 0.3833 0.6632 -0.6429
vn 0.7081 0.5068 -0.4917
vn 0.9244 0.2745 -0.2650
vn 0.0004 -0.9180 -0.3965
vn 0.0004 -0.6959 -0.7181
vn 0.0004 -0.3685 -0.9296
vn -0.9239 0.0057 -0.3826
vn -0.7067 0.0107 -0.7075
vn -0.3824 0.0140 -0.9239
vn 0.6518 0.6602 -0.3731
vn 0.4992 0.5118 -0.6992
vn 0.2711 0.2859 -0.9191
vn -0.3822 -0.0126 0.9240
vn -0.7071 -0.0098 0.7071
vn -0.7070 -0.0098 0.7072
vn -0.9243 -0.0054 0.3816
vn 0.5785 0.0102 -0.8156
vn 0.5239 0.0941 -0.8466
vn 0.2020 0.0009 -0.9794
vn -0.8242 -0.0057 -0.5663
vn -0.3866 0.0021 -0.9222
vn -0.8344 -0.0050 -0.5512
vn -0.9866 0.0015 -0.1634
vn -0.3816 0.0021 -0.9243
vn -0.3816 0.0236 -0.9240
vn -0.0011 0.1500 0.9887
vn -0.0084 0.3699 0.9290
vn 0.0091 0.9178 0.3968
vn -0.0083 0.9158 0.4015
vn -0.0083 0.9176 0.3974
vn -0.0000 0.8238 -0.5669
vn -0.0074 0.9297 -0.3681
vn -0.0108 0.5508 0.8346
vn -0.0095 0.9821 -0.1879
vn 0.0847 0.8556 -0.5106
vn 0.0004 0.7720 -0.6357
vn -0.0014 -0.9782 -0.2076
vn 0.1473 -0.9731 -0.1770
vn 0.0107 -0.3686 -0.9295
vn 0.1048 -0.3669 -0.9244
vn -0.0031 -0.9183 -0.3958
vn -0.0030 0.3977 -0.9175
vn -0.7074 -0.7067 -0.0111
vn -0.7072 -0.7070 -0.0110
vn -0.9235 -0.3835 -0.0062
vn -0.3817 -0.9242 -0.0143
vn 0.9240 -0.3823 -0.0055
vn 0.1613 -0.9868 -0.0151
vn 0.8113 0.5846 0.0092
vn 0.9243 -0.3817 -0.0055
vn 0.9258 -0.3781 -0.0055
vn 0.1605 -0.9869 -0.0149
vn 0.1608 -0.0129 0.9869
vn 0.0212 0.1232 0.9922
vn 0.9218 -0.0191 0.3872
vn 0.5657 -0.0220 0.8243
vn 0.5521 -0.0216 0.8335
vn 0.9796 -0.0078 -0.2009
vn 0.8133 0.0077 -0.5817
vn 0.1637 -0.0128 0.9864
vn 0.9241 -0.0046 0.3822
vn 0.9240 -0.0191 0.3820
vn -0.0001 -0.9289 0.3704
vn -0.0004 -0.7167 0.6974
vn -0.0004 -0.7171 0.6970
vn -0.0007 -0.3958 0.9184
vn 0.5824 0.8128 0.0128
vn -0.3841 0.9232 0.0140
vn -0.3881 0.9212 0.0265
vn -0.9874 0.1584 0.0022
vn -0.9864 0.1642 0.0021
vn 0.2012 0.9792 0.0247
vn -0.8239 0.5664 0.0182
vn -0.3840 0.9229 0.0265
vn -0.9967 0.0807 0.0009
vn 0.3195 0.2862 0.9033
vn 0.3024 0.3046 0.9032
vn 0.4673 0.4341 0.7702
vn 0.4420 0.4607 0.7697
vn 0.6574 0.7084 0.2569
vn 0.7182 0.6959 -0.0006
vn 0.6765 0.7365 -0.0004
vn 0.3375 0.2698 0.9018
vn 0.4932 0.4099 0.7673
vn 0.6978 0.6687 0.2565
vn 0.7552 0.6555 0.0003
vn -0.2724 -0.3210 0.9071
vn -0.2530 -0.3375 0.9067
vn -0.4152 -0.4725 0.7774
vn -0.5938 -0.7406 0.3145
vn -0.6737 -0.7357 0.0698
vn -0.6374 -0.7032 0.3148
vn -0.2317 -0.3538 0.9062
vn -0.3856 -0.4981 0.7767
vn -0.5453 -0.7776 0.3130
vn -0.6273 -0.7757 0.0691
vn 0.2624 0.3379 0.9039
vn 0.2820 0.3215 0.9039
vn 0.3838 0.5085 0.7708
vn 0.6131 0.7472 0.2565
vn 0.5846 0.8113 0.0015
vn 0.5678 0.7819 0.2573
vn 0.4119 0.4845 0.7718
vn 0.6307 0.7760 0.0007
vn -0.2909 -0.3043 0.9071
vn -0.3067 -0.2880 0.9072
vn -0.4429 -0.4466 0.7774
vn -0.4664 -0.4208 0.7781
vn -0.7131 -0.6255 0.3167
vn -0.7168 -0.6937 0.0713
vn -0.7538 -0.6530 0.0724
vn -0.6779 -0.6634 0.3168
vn -0.3223 -0.2707 0.9071
vn -0.3381 -0.2510 0.9070
vn -0.4913 -0.3948 0.7763
vn -0.5153 -0.3644 0.7757
vn -0.7802 -0.5381 0.3191
vn -0.7889 -0.6099 0.0753
vn -0.8251 -0.5596 0.0783
vn -0.7457 -0.5850 0.3188
vn 0.3533 0.2510 0.9012
vn 0.5160 0.3826 0.7664
vn 0.7340 0.6290 0.2560
vn 0.7907 0.6122 0.0009
vn 0.3707 0.2315 0.8994
vn 0.5397 0.3537 0.7640
vn 0.7686 0.5869 0.2545
vn 0.8253 0.5647 0.0011
vn 0.3877 0.2108 0.8973
vn 0.5631 0.3238 0.7603
vn 0.8021 0.5404 0.2543
vn 0.8575 0.5144 0.0021
vn 0.4072 0.1926 0.8928
vn 0.5876 0.2987 0.7520
vn 0.8342 0.4910 0.2509
vn 0.8843 0.4669 0.0003
vn -0.3574 -0.2301 0.9052
vn -0.3735 -0.2139 0.9026
vn -0.5436 -0.3304 0.7716
vn -0.5653 -0.3051 0.7664
vn -0.8389 -0.4454 0.3129
vn -0.8603 -0.5035 0.0800
vn -0.8849 -0.4589 0.0794
vn -0.8143 -0.4861 0.3171
vn 0.4550 0.1014 0.8847
vn 0.3889 -0.0144 0.9212
vn 0.8245 0.1879 0.5338
vn 0.7168 -0.0109 0.6972
vn 0.9759 0.2109 0.0562
vn 0.9345 -0.0052 0.3558
vn 0.1928 0.0735 0.9785
vn 0.6083 0.2800 0.7427
vn 0.8630 0.4429 0.2430
vn 0.9018 0.4321 -0.0064
vn 0.6213 0.2754 0.7336
vn 0.8832 0.4107 0.2265
vn -0.3845 -0.2072 0.8996
vn -0.5769 -0.2954 0.7615
vn -0.8953 -0.4387 0.0770
vn -0.8508 -0.4252 0.3087
vn -0.2045 -0.3735 0.9048
vn -0.3528 -0.5233 0.7757
vn -0.4818 -0.8192 0.3111
vn -0.5753 -0.8150 0.0691
vn -0.1817 -0.3960 0.9001
vn -0.3101 -0.5563 0.7710
vn -0.4231 -0.8545 0.3013
vn -0.5059 -0.8599 0.0676
vn 0.2247 0.3721 0.9006
vn 0.2427 0.3543 0.9031
vn 0.3314 0.5537 0.7639
vn 0.5212 0.8140 0.2564
vn 0.4922 0.8705 0.0010
vn 0.4752 0.8437 0.2496
vn 0.3555 0.5315 0.7689
vn 0.5373 0.8434 0.0025
vn 0.0015 0.3665 0.9304
vn -0.0076 0.7005 0.7136
vn -0.0153 0.9262 0.3768
vn 0.1236 0.4297 0.8945
vn 0.2056 0.8131 0.5446
vn 0.2188 0.9742 0.0546
vn -0.1711 -0.4124 0.8948
vn -0.2713 -0.5887 0.7615
vn -0.3914 -0.8730 0.2910
vn -0.4400 -0.8959 0.0614
vn -0.4075 -0.9116 0.0542
vn -0.2567 -0.6083 0.7511
vn -0.3837 -0.8750 0.2950
vn 0.2143 0.3875 0.8966
vn 0.4446 0.8647 0.2337
vn 0.3142 0.5733 0.7567
vn 0.4596 0.8881 -0.0053
vn 0.4834 0.5449 -0.6851
vn 0.5145 0.5156 -0.6851
vn 0.3461 0.3996 -0.8489
vn 0.3688 0.3785 -0.8489
vn 0.1874 0.2296 -0.9551
vn 0.2000 0.2177 -0.9553
vn 0.5428 0.4871 -0.6842
vn 0.3894 0.3580 -0.8486
vn 0.2118 0.2065 -0.9553
vn -0.4880 -0.5832 -0.6494
vn -0.5232 -0.5522 -0.6491
vn -0.3576 -0.4170 -0.8356
vn -0.3835 -0.3950 -0.8348
vn -0.2010 -0.2206 -0.9544
vn -0.2153 -0.2090 -0.9539
vn -0.4487 -0.6138 -0.6495
vn -0.3295 -0.4397 -0.8355
vn -0.1858 -0.2329 -0.9546
vn 0.4508 0.5736 -0.6839
vn 0.4176 0.6004 -0.6820
vn 0.3221 0.4202 -0.8483
vn 0.2986 0.4405 -0.8467
vn 0.1739 0.2412 -0.9548
vn 0.1612 0.2528 -0.9540
vn -0.5860 -0.4907 -0.6448
vn -0.5569 -0.5213 -0.6467
vn -0.4298 -0.3513 -0.8318
vn -0.4076 -0.3727 -0.8336
vn -0.2407 -0.1851 -0.9528
vn -0.2282 -0.1964 -0.9536
vn -0.6445 -0.4225 -0.6373
vn -0.6146 -0.4595 -0.6412
vn -0.4736 -0.3028 -0.8271
vn -0.4503 -0.3286 -0.8302
vn -0.2655 -0.1594 -0.9508
vn -0.2526 -0.1733 -0.9519
vn 0.5706 0.4570 -0.6823
vn 0.4098 0.3363 -0.8479
vn 0.2231 0.1943 -0.9552
vn 0.5990 0.4238 -0.6795
vn 0.4322 0.3134 -0.8456
vn 0.2359 0.1817 -0.9546
vn 0.6267 0.3891 -0.6751
vn 0.4536 0.2887 -0.8431
vn 0.2489 0.1684 -0.9538
vn 0.6525 0.3568 -0.6686
vn 0.4754 0.2664 -0.8385
vn 0.2626 0.1564 -0.9521
vn -0.7016 -0.3507 -0.6203
vn -0.6769 -0.3824 -0.6290
vn -0.5196 -0.2529 -0.8161
vn -0.4983 -0.2744 -0.8224
vn -0.2927 -0.1331 -0.9469
vn -0.2790 -0.1438 -0.9495
vn 0.9023 0.0701 -0.4254
vn 0.7440 0.1932 -0.6396
vn 0.6760 0.0596 -0.7345
vn 0.5448 0.1498 -0.8251
vn 0.3585 0.0404 -0.9326
vn 0.3049 0.0948 -0.9476
vn 0.6716 0.3339 -0.6615
vn 0.4940 0.2518 -0.8322
vn 0.2744 0.1489 -0.9500
vn -0.7133 -0.3363 -0.6149
vn -0.5310 -0.2433 -0.8117
vn -0.3010 -0.1284 -0.9450
vn -0.3975 -0.6509 -0.6468
vn -0.2932 -0.4675 -0.8340
vn -0.1659 -0.2474 -0.9546
vn -0.3498 -0.6849 -0.6392
vn -0.2605 -0.4955 -0.8286
vn -0.1498 -0.2653 -0.9524
vn 0.3840 0.6257 -0.6790
vn 0.3528 0.6490 -0.6741
vn 0.2749 0.4598 -0.8444
vn 0.2530 0.4788 -0.8407
vn 0.1480 0.2640 -0.9531
vn 0.1360 0.2759 -0.9515
vn 0.0360 0.9136 -0.4051
vn 0.0233 0.6964 -0.7172
vn 0.0071 0.3840 -0.9233
vn 0.1760 0.7453 -0.6430
vn 0.1268 0.5526 -0.8238
vn 0.0690 0.3229 -0.9439
vn -0.3267 -0.7031 -0.6316
vn -0.2455 -0.5138 -0.8220
vn -0.1423 -0.2781 -0.9499
vn 0.3316 0.6664 -0.6678
vn 0.2392 0.4948 -0.8354
vn 0.1292 0.2866 -0.9493
vn -0.4643 -0.8044 -0.3707
vn -0.4654 -0.8037 -0.3708
vn -0.9559 0.2450 -0.1622
vn -0.9559 0.2448 -0.1623
vn -0.9559 0.2449 -0.1623
vn -0.5214 0.8424 0.1358
vn -0.7976 -0.4872 -0.3556
vn -0.7977 -0.4868 -0.3560
vn 0.2752 -0.9350 -0.2237
vn 0.2755 -0.9349 -0.2237
vn 0.8563 -0.5132 0.0579
vn 0.9755 -0.0994 0.1962
vn -0.8370 0.3887 -0.3851
vn -0.8367 0.3709 -0.4030
vn -0.6770 0.5250 -0.5158
vn -0.6764 0.5003 -0.5405
vn -0.1225 0.6770 -0.7257
vn 0.1347 0.7168 -0.6842
vn 0.1365 0.6752 -0.7249
vn -0.8378 0.4034 -0.3679
vn -0.6773 0.5491 -0.4896
vn -0.1233 0.7161 -0.6870
vn 0.1327 0.7537 -0.6437
vn -0.9562 -0.2026 0.2114
vn -0.9563 -0.1825 0.2287
vn -0.8562 -0.3543 0.3761
vn -0.4411 -0.5696 0.6935
vn -0.2044 -0.6675 0.7160
vn -0.4414 -0.6126 0.6557
vn -0.9556 -0.1638 0.2450
vn -0.8567 -0.3239 0.4014
vn -0.4407 -0.5207 0.7312
vn -0.2046 -0.6219 0.7559
vn -0.8364 0.3306 -0.4371
vn -0.8371 0.3489 -0.4214
vn -0.6747 0.4425 -0.5907
vn -0.1222 0.6305 -0.7665
vn 0.1365 0.5839 -0.8003
vn -0.1211 0.5867 -0.8007
vn -0.6773 0.4684 -0.5674
vn 0.1363 0.6298 -0.7647
vn -0.9554 -0.2218 0.1948
vn -0.9549 -0.2372 0.1786
vn -0.8547 -0.3843 0.3491
vn -0.8550 -0.4047 0.3244
vn -0.4413 -0.6861 0.5783
vn -0.2046 -0.7100 0.6738
vn -0.2050 -0.7463 0.6332
vn -0.4398 -0.6545 0.6150
vn -0.9539 -0.2534 0.1611
vn -0.9526 -0.2692 0.1419
vn -0.8515 -0.4319 0.2973
vn -0.8490 -0.4558 0.2673
vn -0.4360 -0.7546 0.4904
vn -0.2041 -0.7825 0.5882
vn -0.2039 -0.8174 0.5388
vn -0.4383 -0.7206 0.5373
vn -0.8374 0.4200 -0.3499
vn -0.6772 0.5722 -0.4627
vn -0.1258 0.7503 -0.6491
vn 0.1295 0.7892 -0.6004
vn -0.8358 0.4395 -0.3290
vn -0.6734 0.6000 -0.4319
vn -0.1276 0.7863 -0.6046
vn 0.1255 0.8238 -0.5529
vn -0.8344 0.4564 -0.3089
vn -0.6721 0.6206 -0.4039
vn -0.1286 0.8204 -0.5571
vn 0.1214 0.8551 -0.5040
vn -0.8309 0.4750 -0.2897
vn -0.6678 0.6418 -0.3770
vn -0.1295 0.8508 -0.5093
vn 0.1205 0.8826 -0.4544
vn -0.9503 -0.2870 0.1206
vn -0.9460 -0.3066 0.1049
vn -0.8434 -0.4835 0.2344
vn -0.8349 -0.5091 0.2090
vn -0.4270 -0.8114 0.3991
vn -0.2019 -0.8528 0.4817
vn -0.1982 -0.8763 0.4391
vn -0.4314 -0.7882 0.4389
vn -0.8306 0.5205 -0.1980
vn -0.8850 0.4572 -0.0879
vn -0.4464 0.8619 -0.2405
vn -0.6397 0.7661 -0.0625
vn 0.0410 0.9776 -0.2065
vn -0.2831 0.9587 -0.0267
vn -0.9465 0.2656 -0.1832
vn -0.6579 0.6623 -0.3585
vn -0.1223 0.8806 -0.4578
vn 0.1232 0.8993 -0.4197
vn -0.6464 0.6775 -0.3508
vn -0.1113 0.8982 -0.4253
vn -0.9436 -0.3160 0.0989
vn -0.8336 -0.5144 0.2014
vn -0.1933 -0.8879 0.4176
vn -0.4175 -0.8269 0.3767
vn -0.9547 -0.1361 0.2646
vn -0.8546 -0.2953 0.4272
vn -0.4375 -0.4580 0.7738
vn -0.2052 -0.5693 0.7961
vn -0.9510 -0.1119 0.2881
vn -0.8516 -0.2510 0.4601
vn -0.4299 -0.3996 0.8096
vn -0.2033 -0.5008 0.8413
vn -0.8322 0.2938 -0.4702
vn -0.8350 0.3111 -0.4538
vn -0.6685 0.3901 -0.6333
vn -0.1210 0.5402 -0.8328
vn 0.1368 0.4918 -0.8599
vn -0.1140 0.4937 -0.8622
vn -0.6732 0.4136 -0.6130
vn 0.1352 0.5373 -0.8325
vn -0.8793 0.0725 -0.4708
vn -0.6260 0.0472 -0.7784
vn -0.2674 0.0144 -0.9635
vn -0.8271 0.1916 -0.5284
vn -0.4293 0.2473 -0.8687
vn 0.0747 0.2232 -0.9719
vn -0.9466 -0.1034 0.3055
vn -0.8423 -0.2127 0.4953
vn -0.4184 -0.3691 0.8299
vn -0.1978 -0.4350 0.8784
vn -0.1886 -0.4032 0.8954
vn -0.8331 -0.2005 0.5155
vn -0.4222 -0.3619 0.8311
vn -0.8268 0.2824 -0.4865
vn -0.1004 0.4619 -0.8812
vn -0.6595 0.3700 -0.6544
vn 0.1413 0.4589 -0.8772
vn 0.7777 0.4310 -0.4577
vn 0.7766 0.4622 -0.4280
vn 0.9126 0.2821 -0.2959
vn 0.9122 0.3038 -0.2750
vn 0.9864 0.1157 -0.1163
vn 0.9863 0.1273 -0.1048
vn 0.7751 0.4895 -0.3995
vn 0.9112 0.3241 -0.2542
vn 0.9857 0.1405 -0.0933
vn 0.5393 -0.5377 0.6482
vn 0.5403 -0.5709 0.6182
vn 0.7525 -0.4209 0.5066
vn 0.7526 -0.4457 0.4847
vn 0.9045 -0.2734 0.3274
vn 0.9046 -0.2872 0.3151
vn 0.5386 -0.4973 0.6801
vn 0.7526 -0.3920 0.5291
vn 0.9047 -0.2578 0.3393
vn 0.7777 0.3979 -0.4866
vn 0.7764 0.3652 -0.5137
vn 0.9126 0.2577 -0.3173
vn 0.9118 0.2341 -0.3373
vn 0.9865 0.1019 -0.1280
vn 0.9862 0.0885 -0.1397
vn 0.5376 -0.6339 0.5561
vn 0.5392 -0.6043 0.5865
vn 0.7510 -0.4919 0.4404
vn 0.7525 -0.4698 0.4615
vn 0.9042 -0.3128 0.2908
vn 0.9043 -0.3005 0.3032
vn 0.5326 -0.6925 0.4866
vn 0.5359 -0.6620 0.5240
vn 0.7493 -0.5342 0.3914
vn 0.7504 -0.5125 0.4174
vn 0.9041 -0.3352 0.2649
vn 0.9045 -0.3224 0.2790
vn 0.7719 0.5173 -0.3696
vn 0.9099 0.3433 -0.2330
vn 0.9855 0.1491 -0.0813
vn 0.7669 0.5461 -0.3369
vn 0.9065 0.3668 -0.2092
vn 0.9843 0.1629 -0.0684
vn 0.7606 0.5743 -0.3029
vn 0.9026 0.3886 -0.1855
vn 0.9829 0.1756 -0.0548
vn 0.7525 0.6003 -0.2710
vn 0.8972 0.4103 -0.1634
vn 0.9804 0.1920 -0.0432
vn 0.5220 -0.7461 0.4133
vn 0.5278 -0.7234 0.4451
vn 0.7399 -0.5805 0.3400
vn 0.7457 -0.5594 0.3620
vn 0.9008 -0.3632 0.2379
vn 0.9027 -0.3505 0.2494
vn 0.4980 0.8671 -0.0118
vn 0.7119 0.6934 -0.1111
vn 0.7841 0.6198 0.0318
vn 0.8756 0.4806 -0.0486
vn 0.9551 0.2877 0.0705
vn 0.9728 0.2310 0.0177
vn 0.7440 0.6200 -0.2491
vn 0.8908 0.4292 -0.1493
vn 0.9792 0.1999 -0.0361
vn 0.5167 -0.7582 0.3977
vn 0.7358 -0.5915 0.3298
vn 0.8984 -0.3721 0.2334
vn 0.5360 -0.4461 0.7167
vn 0.7503 -0.3561 0.5571
vn 0.9042 -0.2388 0.3542
vn 0.5279 -0.3981 0.7502
vn 0.7439 -0.3232 0.5849
vn 0.9015 -0.2212 0.3719
vn 0.7738 0.3319 -0.5394
vn 0.7691 0.3014 -0.5636
vn 0.9101 0.2106 -0.3570
vn 0.9068 0.1893 -0.3767
vn 0.9855 0.0758 -0.1515
vn 0.9845 0.0635 -0.1636
vn 0.5099 0.0061 -0.8602
vn 0.7926 -0.0304 -0.6090
vn 0.9595 -0.0625 -0.2748
vn 0.7362 0.1274 -0.6647
vn 0.8890 0.0646 -0.4533
vn 0.9773 -0.0024 -0.2118
vn 0.5203 -0.3742 0.7676
vn 0.7363 -0.3078 0.6026
vn 0.8975 -0.2160 0.3845
vn 0.7635 0.2805 -0.5817
vn 0.9028 0.1755 -0.3927
vn 0.9831 0.0562 -0.1742
vn 0.2390 -0.4877 0.8397
vn -0.0856 -0.4580 -0.8848
vn -0.0858 -0.4570 -0.8853
vn 0.2393 -0.4939 0.8360
vn 0.1180 -0.9641 -0.2379
vn 0.1182 -0.9640 -0.2380
vn -0.0725 -0.5100 -0.8571
vn 0.2354 -0.8252 0.5135
vn 0.2355 -0.8216 0.5191
vn 0.1359 0.2564 0.9570
vn -0.0477 0.8579 0.5116
vn -0.1329 0.9875 0.0842
vn -0.0625 0.8883 0.4549
vn 0.6809 0.4951 -0.5396
vn 0.6041 0.6463 -0.4662
vn 0.6042 0.6462 -0.4663
vn 0.6042 0.6461 -0.4663
vn 0.0599 -0.7744 -0.6299
vn 0.0600 -0.7744 -0.6298
vn 0.0600 -0.7745 -0.6298
vn -0.4846 -0.4413 0.7552
vn -0.4846 -0.4414 0.7552
vn 0.6884 0.5465 -0.4770
vn 0.6884 0.5463 -0.4770
vn 0.6884 0.5464 -0.4770
vn 0.0591 0.5919 0.8039
vn 0.0592 0.5919 0.8039
vn 0.2285 -0.5892 0.7750
vn -0.1017 0.7811 -0.6160
vn 0.8062 0.3786 0.4547
vn 0.0009 -0.4523 0.8919
vn 0.4733 0.6547 0.5893
vn -0.4584 0.8128 -0.3595
vn 0.3432 -0.5052 -0.7918
vn -0.2726 -0.8479 -0.4547
vn -0.1408 0.3627 -0.9212
vn -0.4338 0.8901 0.1398
vn 0.8972 -0.4277 0.1100
vn -0.1173 -0.4232 -0.8984
vn 0.6701 0.6843 0.2876
vn -0.9904 0.0215 -0.1364
vn -0.2775 0.6814 -0.6773
vn -0.7806 0.2068 0.5899
vn -0.2943 -0.3892 -0.8729
vn -0.6219 -0.7320 -0.2783
vn 0.8098 0.5610 0.1717
vn 0.0279 0.7347 0.6778
vn 0.1082 0.8806 -0.4614
vn 0.9663 -0.2415 0.0890
vn -0.4749 -0.0805 -0.8763
vn -0.8823 0.0071 -0.4706
vn 0.3821 0.0028 -0.9241
vn -0.9234 -0.0046 -0.3839
vn -0.0104 0.5387 0.8424
vn 0.0006 -0.9188 -0.3946
vn 0.0007 0.3974 -0.9176
vn 0.9258 -0.3779 -0.0055
vn -0.8319 0.5546 0.0175
vn -0.1116 0.9603 0.2558
vn -0.1508 -0.0915 -0.9843
vn -0.0628 0.8889 0.4538
vt 0.757132 0.733556
vt 0.752506 0.733510
vt 0.754280 0.730986
vt 0.886390 0.772512
vt 0.877609 0.764021
vt 0.887680 0.770496
vt 0.749512 0.731053
vt 0.744544 0.731235
vt 0.746388 0.728734
vt 0.870592 0.730758
vt 0.860394 0.725417
vt 0.861781 0.723540
vt 0.739912 0.724618
vt 0.738620 0.720459
vt 0.741791 0.722179
vt 0.896698 0.778578
vt 0.897962 0.776543
vt 0.910657 0.757571
vt 0.920912 0.765513
vt 0.909452 0.759571
vt 0.889971 0.744909
vt 0.878720 0.739866
vt 0.880040 0.737940
vt 0.745013 0.724120
vt 0.748215 0.726255
vt 0.741286 0.729057
vt 0.743159 0.726579
vt 0.852104 0.718039
vt 0.853531 0.716179
vt 0.832507 0.730177
vt 0.841726 0.735736
vt 0.840304 0.737666
vt 0.848469 0.744903
vt 0.858534 0.750071
vt 0.857166 0.752035
vt 0.843771 0.710006
vt 0.845218 0.708176
vt 0.833234 0.699034
vt 0.834677 0.697242
vt 0.817397 0.713721
vt 0.826399 0.720355
vt 0.824906 0.722245
vt 0.736722 0.722877
vt 0.735473 0.718946
vt 0.818715 0.683568
vt 0.820126 0.681775
vt 0.801509 0.665837
vt 0.802900 0.663936
vt 0.810032 0.704694
vt 0.818939 0.711862
vt 0.730270 0.719974
vt 0.728991 0.716442
vt 0.732289 0.717617
vt 0.907230 0.784255
vt 0.908471 0.782201
vt 0.918324 0.789704
vt 0.919540 0.787627
vt 0.938353 0.770662
vt 0.961431 0.782291
vt 0.937262 0.772698
vt 0.747697 0.733576
vt 0.930272 0.795041
vt 0.931461 0.792951
vt 0.942687 0.800232
vt 0.943857 0.798131
vt 0.962505 0.780269
vt 0.989872 0.793735
vt 0.758779 0.739686
vt 0.753761 0.738872
vt 0.755450 0.736200
vt 0.878919 0.762031
vt 0.888965 0.768485
vt 0.863874 0.741382
vt 0.851419 0.740746
vt 0.855110 0.734205
vt 0.869239 0.732661
vt 0.859004 0.727303
vt 0.850507 0.720178
vt 0.838857 0.719152
vt 0.842160 0.712120
vt 0.899223 0.774513
vt 0.909708 0.780151
vt 0.888686 0.746859
vt 0.897704 0.755424
vt 0.887397 0.748813
vt 0.877396 0.741798
vt 0.898956 0.753443
vt 0.908243 0.761579
vt 0.867834 0.757150
vt 0.849863 0.742957
vt 0.859899 0.748113
vt 0.851253 0.741017
vt 0.842317 0.711841
vt 0.858837 0.727573
vt 0.846888 0.726914
vt 0.833962 0.728265
vt 0.843145 0.733814
vt 0.835414 0.726361
vt 0.817306 0.685355
vt 0.829865 0.709660
vt 0.831670 0.701138
vt 0.827889 0.718474
vt 0.811711 0.702988
vt 0.820475 0.710016
vt 0.800241 0.667864
vt 0.899399 0.774251
vt 0.893309 0.761992
vt 0.903705 0.768085
vt 0.919757 0.767553
vt 0.936171 0.774741
vt 0.920750 0.785555
vt 0.932649 0.790865
vt 0.914698 0.773889
vt 0.920990 0.785323
vt 0.909894 0.779893
vt 0.960360 0.784315
vt 0.988609 0.795765
vt 0.945025 0.796029
vt 0.900203 0.751471
vt 0.767523 0.749427
vt 0.766197 0.742507
vt 0.768164 0.749265
vt 0.766928 0.742514
vt 0.768804 0.749102
vt 0.897530 0.755688
vt 0.908068 0.761843
vt 0.867883 0.734571
vt 0.887226 0.749078
vt 0.762809 0.744326
vt 0.757638 0.743033
vt 0.751311 0.728552
vt 0.935932 0.774971
vt 0.946594 0.787498
vt 0.928433 0.780152
vt 0.715995 0.715107
vt 0.709801 0.715105
vt 0.715895 0.714427
vt 0.709887 0.714382
vt 0.715797 0.713744
vt 0.843309 0.733541
vt 0.866491 0.759131
vt 0.889138 0.768222
vt 0.883134 0.755462
vt 0.869173 0.755175
vt 0.767412 0.749340
vt 0.763004 0.749199
vt 0.765394 0.742513
vt 0.762775 0.739439
vt 0.945103 0.795732
vt 0.933004 0.790682
vt 0.959995 0.784487
vt 0.966617 0.795898
vt 0.726348 0.718590
vt 0.725540 0.715407
vt 0.734802 0.725305
vt 0.733557 0.721346
vt 0.850672 0.719905
vt 0.820521 0.709606
vt 0.819058 0.697582
vt 0.738011 0.727074
vt 0.731620 0.723755
vt 0.873265 0.748526
vt 0.877227 0.742064
vt 0.922061 0.763483
vt 0.833162 0.866832
vt 0.791764 0.875765
vt 0.790988 0.874899
vt 0.919572 0.767811
vt 0.721461 0.717036
vt 0.722220 0.714532
vt 0.717287 0.718529
vt 0.716122 0.715178
vt 0.817281 0.685753
vt 0.806914 0.684932
vt 0.800567 0.668607
vt 0.813604 0.701168
vt 0.770094 0.756050
vt 0.769420 0.756347
vt 0.759948 0.736351
vt 0.770696 0.755693
vt 0.828013 0.718155
vt 0.876293 0.766019
vt 0.867715 0.734839
vt 0.835572 0.726080
vt 0.802666 0.686362
vt 0.728228 0.722335
vt 0.831787 0.700825
vt 0.804580 0.685501
vt 0.813357 0.701328
vt 0.860067 0.747845
vt 0.869342 0.754909
vt 0.879090 0.761766
vt 0.750718 0.736059
vt 0.723682 0.720711
vt 0.878237 0.828860
vt 0.812367 0.776866
vt 0.895708 0.833456
vt 0.729319 0.780727
vt 0.759256 0.822470
vt 0.758412 0.823120
vt 0.733092 0.782809
vt 0.760106 0.821822
vt 0.787730 0.852526
vt 0.798884 0.818715
vt 0.821484 0.835441
vt 0.736358 0.957321
vt 0.691143 0.886406
vt 0.696625 0.885335
vt 0.884011 0.862979
vt 0.833295 0.867824
vt 0.757155 0.909449
vt 0.736381 0.951903
vt 0.756168 0.909046
vt 0.804453 0.801833
vt 0.855206 0.818373
vt 0.768720 0.967084
vt 0.846059 0.936278
vt 0.755763 0.979947
vt 0.703455 0.804000
vt 0.741818 0.838150
vt 0.704411 0.806152
vt 0.791192 0.915253
vt 0.829192 0.917019
vt 0.789478 0.953253
vt 0.770870 0.869012
vt 0.741086 0.838927
vt 0.899090 0.850986
vt 0.850194 0.940767
vt 0.698268 0.785739
vt 0.685114 0.887580
vt 0.693640 0.767613
vt 0.738981 0.974888
vt 0.842081 0.931952
vt 0.882371 0.864210
vt 0.884123 0.863203
vt 0.778414 0.916213
vt 0.791635 0.875882
vt 0.779355 0.916444
vt 0.784852 0.861386
vt 0.746500 0.825710
vt 0.752670 0.824319
vt 0.814201 0.771051
vt 0.913548 0.838407
vt 0.790748 0.874768
vt 0.835034 0.861249
vt 0.833201 0.866641
vt 0.769307 0.966496
vt 0.841292 0.931080
vt 0.638140 0.976056
vt 0.683661 0.955591
vt 0.685668 0.985005
vt 0.777916 0.867615
vt 0.746311 0.825879
vt 0.783060 0.866534
vt 0.832756 0.850255
vt 0.828948 0.846133
vt 0.772653 0.917482
vt 0.778221 0.916232
vt 0.836966 0.855179
vt 0.913631 0.838784
vt 0.836914 0.854931
vt 0.758144 0.909848
vt 0.770907 0.869182
vt 0.772047 0.868939
vt 0.703231 0.804117
vt 0.698320 0.884971
vt 0.696955 0.885267
vt 0.711581 0.773758
vt 0.693927 0.767353
vt 0.736226 0.956482
vt 0.736198 0.954044
vt 0.736484 0.956493
vt 0.786839 0.870501
vt 0.766410 0.918759
vt 0.783269 0.866601
vt 0.703010 0.803312
vt 0.744319 0.831826
vt 0.742634 0.837198
vt 0.786636 0.855910
vt 0.742284 0.992981
vt 0.882253 0.864011
vt 0.833424 0.868818
vt 0.786996 0.854528
vt 0.786629 0.855636
vt 0.810596 0.782469
vt 0.874988 0.828401
vt 0.810166 0.783796
vt 0.706421 0.945358
vt 0.658893 0.936409
vt 0.679646 0.896762
vt 0.729457 0.780517
vt 0.731467 0.781675
vt 0.828834 0.845973
vt 0.787160 0.854582
vt 0.828533 0.844949
vt 0.766169 0.918681
vt 0.761980 0.914133
vt 0.742553 0.837375
vt 0.741921 0.992859
vt 0.733196 0.993955
vt 0.783222 0.866387
vt 0.787346 0.853463
vt 0.733199 0.782620
vt 0.809739 0.785108
vt 0.792388 0.876714
vt 0.780298 0.916673
vt 0.880890 0.865108
vt 0.770422 0.964947
vt 0.840511 0.930213
vt 0.704986 0.808070
vt 0.699672 0.884679
vt 0.769808 0.869416
vt 0.736172 0.951907
vt 0.884766 0.862688
vt 0.842306 0.932199
vt 0.769092 0.966357
vt 0.770233 0.964807
vt 0.771230 0.963513
vt 0.792512 0.876602
vt 0.772279 0.868797
vt 0.768106 0.869843
vt 0.734091 0.877988
vt 0.736569 0.850405
vt 0.717109 0.882054
vt 0.705062 0.830986
vt 0.758226 0.823182
vt 0.728685 0.780218
vt 0.770707 0.818894
vt 0.753700 0.785294
vt 0.787505 0.853515
vt 0.828229 0.843928
vt 0.830925 0.879001
vt 0.868905 0.880785
vt 0.792908 0.877216
vt 0.817109 0.903764
vt 0.758292 0.909977
vt 0.748621 0.901497
vt 0.729156 0.933121
vt 0.705186 0.807982
vt 0.810698 0.782148
vt 0.877405 0.828903
vt 0.874960 0.828650
vt 0.872835 0.828382
vt 0.736932 0.717212
vt 0.741545 0.717309
vt 0.739761 0.719815
vt 0.868636 0.799794
vt 0.860055 0.791540
vt 0.869896 0.797832
vt 0.744521 0.719758
vt 0.749443 0.719542
vt 0.747646 0.722042
vt 0.852625 0.758926
vt 0.842383 0.753927
vt 0.843695 0.752020
vt 0.754172 0.726002
vt 0.755588 0.730098
vt 0.752368 0.728489
vt 0.878627 0.805771
vt 0.879884 0.803802
vt 0.892608 0.785243
vt 0.902654 0.793245
vt 0.891395 0.787212
vt 0.872090 0.772644
vt 0.860866 0.767780
vt 0.862141 0.765850
vt 0.749094 0.726625
vt 0.745852 0.724538
vt 0.752699 0.721637
vt 0.750893 0.724133
vt 0.833929 0.746975
vt 0.835256 0.745098
vt 0.815138 0.759540
vt 0.824348 0.764677
vt 0.823017 0.766610
vt 0.831224 0.773441
vt 0.841202 0.778233
vt 0.839910 0.780187
vt 0.825471 0.739400
vt 0.826823 0.737556
vt 0.814760 0.729036
vt 0.816110 0.727226
vt 0.799780 0.743951
vt 0.808819 0.750134
vt 0.807422 0.752036
vt 0.757398 0.727632
vt 0.758771 0.731498
vt 0.799949 0.714427
vt 0.801261 0.712592
vt 0.782287 0.697885
vt 0.783438 0.696014
vt 0.792285 0.735375
vt 0.801225 0.742081
vt 0.763910 0.730298
vt 0.765305 0.733765
vt 0.761984 0.732712
vt 0.888794 0.811481
vt 0.890049 0.809500
vt 0.899489 0.817096
vt 0.900738 0.815091
vt 0.919687 0.798824
vt 0.941576 0.811330
vt 0.918543 0.800781
vt 0.746312 0.717253
vt 0.911049 0.822699
vt 0.912277 0.820650
vt 0.923282 0.827991
vt 0.924288 0.825912
vt 0.942741 0.809429
vt 0.968349 0.824433
vt 0.735387 0.711056
vt 0.740352 0.711987
vt 0.738643 0.714602
vt 0.861320 0.789588
vt 0.871156 0.795871
vt 0.846242 0.769581
vt 0.833994 0.769289
vt 0.837434 0.762758
vt 0.851332 0.760844
vt 0.841067 0.755837
vt 0.832442 0.749131
vt 0.820980 0.748528
vt 0.823968 0.741527
vt 0.881140 0.801833
vt 0.891302 0.807519
vt 0.870828 0.774588
vt 0.879784 0.783046
vt 0.869566 0.776533
vt 0.859587 0.769714
vt 0.881027 0.781089
vt 0.890178 0.789187
vt 0.850437 0.784951
vt 0.832533 0.771497
vt 0.842493 0.776283
vt 0.833840 0.769558
vt 0.824112 0.741248
vt 0.840912 0.756109
vt 0.829123 0.755863
vt 0.816497 0.757618
vt 0.825677 0.762748
vt 0.817855 0.755705
vt 0.798633 0.716262
vt 0.811841 0.739549
vt 0.813303 0.731153
vt 0.810212 0.748241
vt 0.793867 0.733657
vt 0.802662 0.740223
vt 0.781618 0.699886
vt 0.881315 0.801580
vt 0.875432 0.789514
vt 0.885617 0.795568
vt 0.901472 0.795238
vt 0.917404 0.802743
vt 0.901983 0.813087
vt 0.913491 0.818624
vt 0.896335 0.801436
vt 0.902224 0.812866
vt 0.891489 0.807271
vt 0.940426 0.813225
vt 0.966583 0.826400
vt 0.925275 0.823877
vt 0.882267 0.779136
vt 0.945722 0.829624
vt 0.945917 0.827622
vt 0.946116 0.825617
vt 0.879613 0.783307
vt 0.890003 0.789445
vt 0.850037 0.762765
vt 0.869399 0.776796
vt 0.731426 0.706246
vt 0.736592 0.707746
vt 0.742732 0.722259
vt 0.917162 0.802958
vt 0.927091 0.815666
vt 0.909658 0.807913
vt 0.778275 0.734638
vt 0.784376 0.734424
vt 0.778396 0.735300
vt 0.784286 0.735145
vt 0.778513 0.735964
vt 0.825829 0.762476
vt 0.849161 0.786903
vt 0.871326 0.795614
vt 0.865408 0.783120
vt 0.851713 0.783001
vt 0.727025 0.700828
vt 0.731384 0.701270
vt 0.728741 0.708016
vt 0.731400 0.711212
vt 0.925363 0.823599
vt 0.913840 0.818455
vt 0.940064 0.813368
vt 0.945732 0.825335
vt 0.767858 0.731537
vt 0.768773 0.734673
vt 0.759225 0.725156
vt 0.760595 0.729047
vt 0.832594 0.748858
vt 0.802693 0.739821
vt 0.800829 0.728135
vt 0.755987 0.723513
vt 0.762438 0.726588
vt 0.855620 0.776416
vt 0.859424 0.769981
vt 0.903835 0.791259
vt 0.721309 0.739146
vt 0.725901 0.739230
vt 0.724124 0.741723
vt 0.901285 0.795489
vt 0.772773 0.732912
vt 0.772104 0.735427
vt 0.776876 0.731282
vt 0.778146 0.734572
vt 0.798623 0.716649
vt 0.788630 0.716236
vt 0.781952 0.700599
vt 0.795652 0.731820
vt 0.966950 0.828632
vt 0.967377 0.830719
vt 0.734168 0.714363
vt 0.966533 0.826547
vt 0.810323 0.747925
vt 0.858786 0.793497
vt 0.849878 0.763034
vt 0.818000 0.755424
vt 0.784541 0.717762
vt 0.765857 0.727879
vt 0.813406 0.730843
vt 0.786377 0.716863
vt 0.795416 0.731984
vt 0.842650 0.776017
vt 0.851874 0.782738
vt 0.861486 0.789328
vt 0.743332 0.714798
vt 0.770435 0.729334
vt 0.911917 0.674709
vt 0.919998 0.683458
vt 0.910528 0.676582
vt 0.728858 0.741683
vt 0.733775 0.741509
vt 0.731953 0.743986
vt 0.926283 0.716223
vt 0.936262 0.721536
vt 0.934894 0.723378
vt 0.738397 0.748034
vt 0.739720 0.752153
vt 0.736551 0.750471
vt 0.902426 0.668015
vt 0.901014 0.669869
vt 0.887247 0.689318
vt 0.877220 0.681375
vt 0.888456 0.687361
vt 0.907429 0.702049
vt 0.918409 0.707175
vt 0.917085 0.709049
vt 0.733333 0.748562
vt 0.730141 0.746449
vt 0.737001 0.743650
vt 0.735161 0.746112
vt 0.944389 0.728745
vt 0.943001 0.730559
vt 0.963497 0.716906
vt 0.954499 0.711523
vt 0.955878 0.709652
vt 0.947990 0.702604
vt 0.938273 0.697486
vt 0.939629 0.695597
vt 0.952502 0.736586
vt 0.951089 0.738364
vt 0.962704 0.747308
vt 0.961301 0.749043
vt 0.978259 0.732927
vt 0.969465 0.726478
vt 0.970923 0.724630
vt 0.741584 0.749729
vt 0.742869 0.753626
vt 0.976669 0.762257
vt 0.975308 0.764002
vt 0.993637 0.779136
vt 0.992417 0.781271
vt 0.985354 0.741755
vt 0.976746 0.734753
vt 0.748051 0.752540
vt 0.749364 0.756059
vt 0.746058 0.754917
vt 0.892861 0.661450
vt 0.891425 0.663285
vt 0.882912 0.654790
vt 0.881440 0.656610
vt 0.859991 0.676118
vt 0.836917 0.664390
vt 0.861090 0.674097
vt 0.730662 0.739192
vt 0.872325 0.647758
vt 0.870817 0.649564
vt 0.861327 0.640413
vt 0.859798 0.642224
vt 0.835847 0.666425
vt 0.808106 0.653272
vt 0.719715 0.733018
vt 0.724699 0.733903
vt 0.722999 0.736534
vt 0.918627 0.685356
vt 0.909135 0.678459
vt 0.932970 0.705884
vt 0.945099 0.706619
vt 0.941469 0.712964
vt 0.927630 0.714366
vt 0.937633 0.719689
vt 0.945946 0.726659
vt 0.957304 0.727668
vt 0.954077 0.734535
vt 0.899598 0.671727
vt 0.889985 0.665125
vt 0.908721 0.700151
vt 0.899974 0.691593
vt 0.910018 0.698249
vt 0.919736 0.705296
vt 0.898714 0.693525
vt 0.889672 0.685396
vt 0.929346 0.690440
vt 0.946625 0.704482
vt 0.936920 0.699373
vt 0.945262 0.706358
vt 0.953923 0.734805
vt 0.937798 0.719425
vt 0.949473 0.720097
vt 0.962079 0.718775
vt 0.953121 0.713389
vt 0.960664 0.720636
vt 0.978022 0.760537
vt 0.966050 0.736924
vt 0.964225 0.745277
vt 0.968010 0.728317
vt 0.983757 0.743384
vt 0.975251 0.736554
vt 0.994693 0.776764
vt 0.898527 0.672995
vt 0.904397 0.685171
vt 0.894213 0.679032
vt 0.878383 0.679370
vt 0.862194 0.672069
vt 0.879964 0.658438
vt 0.869307 0.651378
vt 0.883427 0.673187
vt 0.877321 0.661852
vt 0.888221 0.667324
vt 0.837990 0.662350
vt 0.809238 0.651302
vt 0.858270 0.644037
vt 0.897461 0.695450
vt 0.711235 0.722909
vt 0.712130 0.729981
vt 0.710581 0.723034
vt 0.711395 0.729925
vt 0.709925 0.723158
vt 0.900148 0.691335
vt 0.889847 0.685138
vt 0.928979 0.712505
vt 0.910190 0.697991
vt 0.715705 0.728242
vt 0.720905 0.729688
vt 0.727064 0.744159
vt 0.862434 0.671842
vt 0.851934 0.659336
vt 0.869907 0.666847
vt 0.992555 0.759242
vt 0.997240 0.776739
vt 0.990715 0.760070
vt 0.994812 0.776675
vt 0.988883 0.760902
vt 0.952961 0.713655
vt 0.930696 0.688545
vt 0.908605 0.679070
vt 0.914329 0.691763
vt 0.927997 0.692335
vt 0.711339 0.723002
vt 0.715750 0.723330
vt 0.712939 0.730031
vt 0.715703 0.733226
vt 0.853532 0.651238
vt 0.865499 0.656430
vt 0.838356 0.662174
vt 0.831782 0.651288
vt 0.751997 0.753883
vt 0.752839 0.757089
vt 0.743461 0.747292
vt 0.744752 0.751214
vt 0.945784 0.726925
vt 0.975207 0.736953
vt 0.976514 0.748672
vt 0.740255 0.745584
vt 0.746651 0.748788
vt 0.923885 0.698761
vt 0.919906 0.705037
vt 0.876064 0.683369
vt 0.878568 0.679117
vt 0.756954 0.755396
vt 0.756243 0.757998
vt 0.761065 0.753735
vt 0.762327 0.757069
vt 0.978041 0.760156
vt 0.988496 0.760616
vt 0.994364 0.776085
vt 0.981958 0.745136
vt 0.709076 0.716171
vt 0.709779 0.715928
vt 0.718531 0.736339
vt 0.708453 0.716490
vt 0.967889 0.728628
vt 0.921367 0.681563
vt 0.929147 0.712244
vt 0.960510 0.720910
vt 0.750064 0.750144
vt 0.964111 0.745579
vt 0.982195 0.744980
vt 0.936754 0.699631
vt 0.927827 0.692591
vt 0.918451 0.685610
vt 0.727688 0.736721
vt 0.754645 0.751712
vt 0.709768 0.715829
vt 0.709778 0.715848
vt 0.709751 0.715831
vt 0.709806 0.715846
vt 0.709807 0.715867
vt 0.709763 0.715852
vt 0.709741 0.715834
vt 0.709788 0.715867
vt 0.709898 0.715907
vt 0.709900 0.715883
vt 0.709940 0.715901
vt 0.709844 0.715906
vt 0.709846 0.715887
vt 0.709851 0.715865
vt 0.709803 0.715881
vt 0.802965 0.663923
vt 0.803035 0.663985
vt 0.709769 0.715868
vt 0.709791 0.715892
vt 0.769396 0.756342
vt 0.769388 0.756312
vt 0.769425 0.756365
vt 0.769399 0.756359
vt 0.769366 0.756317
vt 0.769353 0.756272
vt 0.769373 0.756337
vt 0.991006 0.791684
vt 0.990988 0.791616
vt 0.991053 0.791715
vt 0.769345 0.756342
vt 0.769352 0.756325
vt 0.769380 0.756357
vt 0.769414 0.756378
vt 0.769319 0.756233
vt 0.769300 0.756242
vt 0.769288 0.756201
vt 0.769335 0.756282
vt 0.769320 0.756289
vt 0.709909 0.714358
vt 0.709939 0.714356
vt 0.800158 0.667833
vt 0.800191 0.667946
vt 0.800184 0.668006
vt 0.800193 0.668119
vt 0.800262 0.668154
vt 0.800321 0.668301
vt 0.800245 0.668072
vt 0.800245 0.667983
vt 0.800187 0.667838
vt 0.800325 0.668050
vt 0.800302 0.668135
vt 0.800448 0.668472
vt 0.800504 0.668446
vt 0.800372 0.668291
vt 0.800417 0.668253
vt 0.770709 0.755664
vt 0.770703 0.755708
vt 0.988375 0.795902
vt 0.988316 0.795850
vt 0.988484 0.795874
vt 0.770715 0.755682
vt 0.988401 0.795839
vt 0.988549 0.795851
vt 0.987946 0.795734
vt 0.987944 0.795796
vt 0.987769 0.795735
vt 0.988162 0.795743
vt 0.988144 0.795800
vt 0.988154 0.795850
vt 0.988320 0.795806
vt 0.988488 0.795810
vt 0.988390 0.795755
vt 0.988675 0.795823
vt 0.790947 0.874918
vt 0.790921 0.874871
vt 0.790910 0.874946
vt 0.790893 0.874885
vt 0.790845 0.874839
vt 0.790871 0.874904
vt 0.790845 0.874858
vt 0.790833 0.874951
vt 0.790878 0.874981
vt 0.790854 0.875019
vt 0.790809 0.874872
vt 0.790851 0.874924
vt 0.790809 0.874835
vt 0.790787 0.874804
vt 0.790780 0.874811
vt 0.703371 0.803982
vt 0.703301 0.803803
vt 0.703166 0.803648
vt 0.703137 0.803585
vt 0.703205 0.803806
vt 0.703268 0.804033
vt 0.703113 0.803554
vt 0.703187 0.803812
vt 0.884249 0.862912
vt 0.884089 0.863014
vt 0.884431 0.862869
vt 0.884284 0.862934
vt 0.884300 0.862957
vt 0.884130 0.863057
vt 0.884142 0.863115
vt 0.884335 0.862984
vt 0.884324 0.862970
vt 0.884464 0.862854
vt 0.884539 0.862824
vt 0.884402 0.862890
vt 0.769119 0.966441
vt 0.768997 0.966591
vt 0.768931 0.966785
vt 0.768891 0.966840
vt 0.769047 0.966674
vt 0.769215 0.966506
vt 0.769060 0.966687
vt 0.768919 0.966798
vt 0.877466 0.828836
vt 0.877664 0.828865
vt 0.877486 0.828779
vt 0.877685 0.828834
vt 0.877871 0.828827
vt 0.877931 0.828835
vt 0.877419 0.828643
vt 0.877708 0.828781
vt 0.877474 0.828719
vt 0.877711 0.828762
vt 0.877888 0.828831
vt 0.772079 0.868779
vt 0.772030 0.868802
vt 0.772008 0.868762
vt 0.772159 0.868798
vt 0.772093 0.868807
vt 0.772044 0.868847
vt 0.772135 0.868828
vt 0.772100 0.868835
vt 0.772169 0.868845
vt 0.772191 0.868816
vt 0.772229 0.868813
vt 0.772227 0.868803
vt 0.772050 0.868894
vt 0.772104 0.868895
vt 0.772105 0.868864
vt 0.736420 0.956748
vt 0.736413 0.956546
vt 0.736363 0.956948
vt 0.736388 0.956765
vt 0.736296 0.956544
vt 0.736314 0.956780
vt 0.736334 0.956780
vt 0.736353 0.957046
vt 0.786752 0.855745
vt 0.786756 0.855691
vt 0.786802 0.855692
vt 0.786696 0.855805
vt 0.786721 0.855743
vt 0.786693 0.855735
vt 0.786710 0.855681
vt 0.786647 0.855858
vt 0.786666 0.855781
vt 0.786664 0.855824
vt 0.786657 0.855861
vt 0.786667 0.855662
vt 0.786639 0.855708
vt 0.786666 0.855725
vt 0.786649 0.855790
vt 0.729142 0.780556
vt 0.729310 0.780642
vt 0.729012 0.780419
vt 0.729144 0.780514
vt 0.729156 0.780488
vt 0.729327 0.780585
vt 0.729370 0.780545
vt 0.729160 0.780444
vt 0.729154 0.780460
vt 0.728982 0.780397
vt 0.728917 0.780347
vt 0.729045 0.780432
vt 0.742308 0.993066
vt 0.742188 0.992962
vt 0.742009 0.992900
vt 0.741850 0.992917
vt 0.913706 0.838463
vt 0.913581 0.838500
vt 0.913702 0.838304
vt 0.913612 0.838342
vt 0.913606 0.838592
vt 0.913803 0.838461
vt 0.913747 0.838561
vt 0.914298 0.838444
vt 0.913926 0.838524
vt 0.913853 0.838285
vt 0.913955 0.838771
vt 0.913839 0.838631
vt 0.913811 0.838548
vt 0.913622 0.838685
vt 0.913714 0.838817
vt 0.913750 0.838668
vt 0.913810 0.838815
vt 0.783212 0.866594
vt 0.783267 0.866545
vt 0.783160 0.866580
vt 0.783215 0.866543
vt 0.783259 0.866492
vt 0.783183 0.866508
vt 0.783213 0.866501
vt 0.783094 0.866489
vt 0.783110 0.866561
vt 0.783132 0.866450
vt 0.783137 0.866517
vt 0.783174 0.866536
vt 0.783244 0.866440
vt 0.783174 0.866417
vt 0.783198 0.866462
vt 0.783163 0.866485
vt 0.693553 0.767591
vt 0.693705 0.767538
vt 0.693476 0.767531
vt 0.693609 0.767447
vt 0.693772 0.767470
vt 0.693558 0.767364
vt 0.693675 0.767361
vt 0.693300 0.766947
vt 0.693552 0.767225
vt 0.693385 0.767410
vt 0.693752 0.767079
vt 0.693690 0.767246
vt 0.693631 0.767313
vt 0.693846 0.767409
vt 0.693914 0.767264
vt 0.693767 0.767306
vt 0.693863 0.767183
vt 0.880779 0.864921
vt 0.880791 0.865002
vt 0.880726 0.864983
vt 0.880871 0.864988
vt 0.880845 0.864961
vt 0.880738 0.865041
vt 0.880666 0.865043
vt 0.880773 0.865042
vt 0.880817 0.865050
vt 0.880883 0.865024
vt 0.880795 0.865116
vt 0.880753 0.865071
vt 0.880817 0.865019
vt 0.880600 0.865102
vt 0.880621 0.865143
vt 0.881860 0.865620
vt 0.880689 0.865084
vt 0.880708 0.865127
vt 0.792529 0.876642
vt 0.792475 0.876624
vt 0.792539 0.876682
vt 0.792493 0.876661
vt 0.792443 0.876650
vt 0.792482 0.876693
vt 0.792468 0.876678
vt 0.792504 0.876759
vt 0.792545 0.876722
vt 0.791289 0.875384
vt 0.792464 0.876749
vt 0.792505 0.876719
vt 0.792476 0.876714
vt 0.792503 0.876689
vt 0.792414 0.876679
vt 0.792426 0.876734
vt 0.792449 0.876701
vt 0.771310 0.963534
vt 0.771262 0.963584
vt 0.771297 0.963467
vt 0.771354 0.963485
vt 0.771287 0.963612
vt 0.771351 0.963520
vt 0.771323 0.963562
vt 0.771469 0.963379
vt 0.771430 0.963354
vt 0.771819 0.964636
vt 0.771443 0.963463
vt 0.771402 0.963440
vt 0.771364 0.963413
vt 0.771405 0.963644
vt 0.771354 0.963565
vt 0.771423 0.963550
vt 0.771321 0.963628
vt 0.771382 0.963503
vt 0.769790 0.869292
vt 0.769736 0.869276
vt 0.769773 0.869253
vt 0.769801 0.869332
vt 0.769754 0.869312
vt 0.769704 0.869301
vt 0.769765 0.869340
vt 0.769729 0.869329
vt 0.769765 0.869411
vt 0.769807 0.869373
vt 0.769726 0.869401
vt 0.769767 0.869370
vt 0.769744 0.869345
vt 0.769676 0.869331
vt 0.769688 0.869385
vt 0.771467 0.868969
vt 0.769710 0.869352
vt 0.769737 0.869365
vt 0.705128 0.808042
vt 0.705108 0.807976
vt 0.705193 0.808064
vt 0.705149 0.808105
vt 0.705072 0.807983
vt 0.705120 0.808085
vt 0.705097 0.808040
vt 0.705185 0.808257
vt 0.705225 0.808235
vt 0.703891 0.807946
vt 0.705123 0.808192
vt 0.705164 0.808169
vt 0.705207 0.808148
vt 0.705079 0.808065
vt 0.705059 0.808132
vt 0.705040 0.808005
vt 0.705119 0.808120
vt 0.736318 0.951854
vt 0.736365 0.951807
vt 0.736320 0.951931
vt 0.736280 0.951876
vt 0.736306 0.951789
vt 0.736346 0.951723
vt 0.736281 0.951820
vt 0.736241 0.951853
vt 0.736238 0.951933
vt 0.736196 0.951801
vt 0.736258 0.951787
vt 0.736324 0.951644
vt 0.736257 0.951640
vt 0.735394 0.952356
vt 0.736286 0.951721
vt 0.736225 0.951717
vt 0.872792 0.828315
vt 0.872868 0.828324
vt 0.872740 0.828358
vt 0.872728 0.828297
vt 0.872817 0.828279
vt 0.872879 0.828285
vt 0.872762 0.828275
vt 0.872585 0.828233
vt 0.872582 0.828300
vt 0.873404 0.827471
vt 0.872664 0.828209
vt 0.872662 0.828270
vt 0.872658 0.828330
vt 0.872731 0.828249
vt 0.872858 0.828175
vt 0.872798 0.828239
vt 0.872751 0.828189
vt 0.787462 0.853509
vt 0.787504 0.853471
vt 0.787422 0.853499
vt 0.787463 0.853469
vt 0.787498 0.853431
vt 0.787434 0.853463
vt 0.787462 0.853438
vt 0.787372 0.853428
vt 0.787384 0.853484
vt 0.787401 0.853399
vt 0.787407 0.853450
vt 0.787440 0.853443
vt 0.787486 0.853391
vt 0.787433 0.853374
vt 0.786882 0.855096
vt 0.787451 0.853410
vt 0.787426 0.853427
vt 0.733157 0.782758
vt 0.733173 0.782824
vt 0.733104 0.782696
vt 0.733093 0.782732
vt 0.733217 0.782785
vt 0.733254 0.782846
vt 0.733200 0.782754
vt 0.733185 0.782712
vt 0.733129 0.782667
vt 0.733253 0.782698
vt 0.733235 0.782757
vt 0.733158 0.782727
vt 0.733338 0.782874
vt 0.733364 0.782835
vt 0.733171 0.781541
vt 0.733279 0.782806
vt 0.733306 0.782768
vt 0.784459 0.733698
vt 0.784448 0.733678
vt 0.784477 0.733698
vt 0.784418 0.733682
vt 0.784415 0.733661
vt 0.784465 0.733673
vt 0.784486 0.733694
vt 0.784436 0.733660
vt 0.784321 0.733626
vt 0.784320 0.733649
vt 0.784280 0.733633
vt 0.784373 0.733625
vt 0.784373 0.733644
vt 0.784370 0.733666
vt 0.784418 0.733645
vt 0.783497 0.695996
vt 0.783568 0.696049
vt 0.783370 0.695976
vt 0.783453 0.695961
vt 0.783605 0.696016
vt 0.783714 0.696109
vt 0.783547 0.695979
vt 0.725189 0.693440
vt 0.725213 0.693445
vt 0.725220 0.693475
vt 0.725184 0.693424
vt 0.725211 0.693427
vt 0.725241 0.693471
vt 0.725254 0.693515
vt 0.725235 0.693451
vt 0.969540 0.822433
vt 0.969528 0.822366
vt 0.969582 0.822464
vt 0.969449 0.822319
vt 0.969462 0.822270
vt 0.969580 0.822393
vt 0.969520 0.822310
vt 0.725289 0.693556
vt 0.725311 0.693546
vt 0.725321 0.693591
vt 0.725273 0.693504
vt 0.725288 0.693497
vt 0.725254 0.693463
vt 0.781502 0.699937
vt 0.781567 0.700023
vt 0.781568 0.700129
vt 0.781545 0.699862
vt 0.781573 0.699968
vt 0.781639 0.700165
vt 0.781702 0.700308
vt 0.781624 0.700085
vt 0.781623 0.700001
vt 0.781570 0.699865
vt 0.781700 0.700063
vt 0.781679 0.700145
vt 0.781831 0.700471
vt 0.781885 0.700444
vt 0.781752 0.700297
vt 0.781795 0.700258
vt 0.966427 0.826479
vt 0.966605 0.826519
vt 0.966330 0.826485
vt 0.966283 0.826435
vt 0.966488 0.826466
vt 0.966358 0.826436
vt 0.965953 0.826307
vt 0.965947 0.826364
vt 0.965787 0.826297
vt 0.966151 0.826330
vt 0.966131 0.826380
vt 0.966137 0.826425
vt 0.966290 0.826397
vt 0.966443 0.826419
vt 0.966359 0.826357
vt 0.966638 0.826495
vt 0.768521 0.756118
vt 0.768494 0.756107
vt 0.768538 0.756101
vt 0.768465 0.756131
vt 0.768453 0.756106
vt 0.768505 0.756092
vt 0.768542 0.756087
vt 0.768473 0.756095
vt 0.768359 0.756079
vt 0.768358 0.756101
vt 0.768318 0.756085
vt 0.768408 0.756077
vt 0.768409 0.756095
vt 0.768407 0.756116
vt 0.768451 0.756090
vt 0.768510 0.756071
vt 0.768488 0.756084
vt 0.768459 0.756075
vt 0.709802 0.715936
vt 0.709807 0.715964
vt 0.709776 0.715910
vt 0.709802 0.715919
vt 0.709829 0.715961
vt 0.709839 0.716005
vt 0.709823 0.715942
vt 0.709807 0.715903
vt 0.709818 0.715924
vt 0.709789 0.715898
vt 0.709850 0.715936
vt 0.709843 0.715953
vt 0.709871 0.716045
vt 0.709890 0.716037
vt 0.709900 0.716078
vt 0.709857 0.715996
vt 0.709873 0.715990
vt 0.994720 0.776604
vt 0.994698 0.776516
vt 0.994797 0.776779
vt 0.994726 0.776660
vt 0.994638 0.776490
vt 0.994587 0.776362
vt 0.994660 0.776556
vt 0.994671 0.776635
vt 0.994760 0.776781
vt 0.994591 0.776581
vt 0.994606 0.776508
vt 0.994474 0.776210
vt 0.994424 0.776233
vt 0.994543 0.776371
vt 0.994504 0.776405
vt 0.708439 0.716518
vt 0.708447 0.716475
vt 0.708446 0.716546
vt 0.708433 0.716563
vt 0.708434 0.716500
vt 0.708430 0.716539
vt 0.809869 0.651303
vt 0.809870 0.651237
vt 0.810053 0.651299
vt 0.809650 0.651300
vt 0.809666 0.651243
vt 0.708428 0.716619
vt 0.708442 0.716613
vt 0.708439 0.716681
vt 0.809492 0.651247
vt 0.809492 0.651204
vt 0.809340 0.651256
vt 0.809431 0.651299
vt 0.809175 0.651253
vt 0.809285 0.651225
vt 0.809414 0.651223
vt 0.683450 0.841424
vt 0.683397 0.841543
vt 0.683369 0.841420
vt 0.683269 0.841604
vt 0.683286 0.841526
vt 0.683475 0.841578
vt 0.683389 0.841633
vt 0.595056 0.719144
vt 0.595042 0.719140
vt 0.595061 0.719121
vt 0.595051 0.719167
vt 0.595032 0.719156
vt 0.595039 0.719122
vt 0.595067 0.719105
vt 0.683502 0.841663
vt 0.683439 0.841646
vt 0.683350 0.841716
vt 0.683243 0.841680
vt 0.683341 0.841845
vt 0.683265 0.841814
vt 0.683437 0.841722
vt 0.745026 0.724103
vt 0.748227 0.726238
vt 0.745036 0.724089
vt 0.748237 0.726224
vt 0.745045 0.724075
vt 0.748247 0.726210
vt 0.866455 0.759182
vt 0.876258 0.766071
vt 0.741803 0.722162
vt 0.741813 0.722148
vt 0.741822 0.722134
vt 0.857129 0.752086
vt 0.744531 0.731252
vt 0.747685 0.733594
vt 0.744520 0.731267
vt 0.747674 0.733608
vt 0.744510 0.731282
vt 0.890007 0.744856
vt 0.750706 0.736076
vt 0.750695 0.736091
vt 0.747663 0.733623
vt 0.900237 0.751416
vt 0.754292 0.730969
vt 0.751323 0.728536
vt 0.754302 0.730955
vt 0.751333 0.728522
vt 0.754313 0.730942
vt 0.896665 0.778632
vt 0.751344 0.728508
vt 0.886357 0.772565
vt 0.741273 0.729074
vt 0.737998 0.727090
vt 0.741262 0.729089
vt 0.737987 0.727105
vt 0.741252 0.729104
vt 0.737978 0.727121
vt 0.880078 0.737888
vt 0.870630 0.730706
vt 0.734788 0.725322
vt 0.731607 0.723772
vt 0.734777 0.725337
vt 0.731596 0.723787
vt 0.853615 0.716091
vt 0.861821 0.723489
vt 0.853573 0.716130
vt 0.734768 0.725352
vt 0.738633 0.720442
vt 0.738643 0.720428
vt 0.738652 0.720413
vt 0.848430 0.744953
vt 0.735486 0.718930
vt 0.735496 0.718916
vt 0.735504 0.718901
vt 0.840264 0.737715
vt 0.732303 0.717600
vt 0.732313 0.717586
vt 0.732321 0.717571
vt 0.832466 0.730225
vt 0.729009 0.716428
vt 0.729023 0.716415
vt 0.729033 0.716400
vt 0.824860 0.722290
vt 0.728214 0.722351
vt 0.723663 0.720726
vt 0.728202 0.722366
vt 0.723648 0.720739
vt 0.834774 0.697171
vt 0.845262 0.708128
vt 0.834722 0.697198
vt 0.845307 0.708093
vt 0.722217 0.714513
vt 0.716075 0.715162
vt 0.722213 0.714495
vt 0.716035 0.715145
vt 0.722209 0.714478
vt 0.716007 0.715127
vt 0.722200 0.714459
vt 0.725569 0.715396
vt 0.725592 0.715386
vt 0.725608 0.715372
vt 0.809993 0.704748
vt 0.817344 0.713759
vt 0.717257 0.718539
vt 0.717232 0.718549
vt 0.803179 0.664053
vt 0.820176 0.681736
vt 0.820242 0.681725
vt 0.753749 0.738890
vt 0.753739 0.738905
vt 0.750683 0.736105
vt 0.910689 0.757515
vt 0.757631 0.743056
vt 0.757624 0.743074
vt 0.753727 0.738919
vt 0.922091 0.763426
vt 0.759955 0.736330
vt 0.757143 0.733538
vt 0.759961 0.736312
vt 0.757153 0.733524
vt 0.759971 0.736297
vt 0.918298 0.789762
vt 0.757164 0.733510
vt 0.907199 0.784310
vt 0.767444 0.749375
vt 0.767475 0.749405
vt 0.767501 0.749424
vt 0.765412 0.742506
vt 0.765429 0.742501
vt 0.765446 0.742497
vt 0.765466 0.742497
vt 0.763006 0.749231
vt 0.763007 0.749258
vt 0.757614 0.743090
vt 0.962520 0.780206
vt 0.938376 0.770602
vt 0.763003 0.749279
vt 0.990902 0.791574
vt 0.762774 0.739409
vt 0.762774 0.739383
vt 0.942651 0.800287
vt 0.762779 0.739364
vt 0.930254 0.795102
vt 0.878960 0.761968
vt 0.869214 0.755113
vt 0.879005 0.761899
vt 0.869258 0.755044
vt 0.879049 0.761830
vt 0.869302 0.754973
vt 0.859941 0.748051
vt 0.859985 0.747982
vt 0.860028 0.747911
vt 0.897663 0.755487
vt 0.887356 0.748875
vt 0.897618 0.755555
vt 0.887312 0.748944
vt 0.897573 0.755624
vt 0.887267 0.749013
vt 0.908203 0.761643
vt 0.908158 0.761711
vt 0.908112 0.761780
vt 0.889006 0.768422
vt 0.899264 0.774450
vt 0.889051 0.768353
vt 0.899309 0.774382
vt 0.889096 0.768285
vt 0.899356 0.774314
vt 0.867841 0.734633
vt 0.877355 0.741860
vt 0.867797 0.734703
vt 0.877310 0.741929
vt 0.867754 0.734773
vt 0.877267 0.741999
vt 0.850629 0.719967
vt 0.858961 0.727365
vt 0.850585 0.720037
vt 0.858917 0.727434
vt 0.850544 0.720110
vt 0.858875 0.727505
vt 0.851295 0.740955
vt 0.851339 0.740884
vt 0.851381 0.740813
vt 0.843188 0.733752
vt 0.843231 0.733681
vt 0.843273 0.733608
vt 0.835457 0.726299
vt 0.835499 0.726226
vt 0.835538 0.726151
vt 0.827930 0.718409
vt 0.827965 0.718328
vt 0.827993 0.718240
vt 0.831747 0.700889
vt 0.842273 0.711903
vt 0.831714 0.700967
vt 0.842232 0.711974
vt 0.831688 0.701053
vt 0.842193 0.712049
vt 0.806579 0.684634
vt 0.813411 0.701280
vt 0.806676 0.684696
vt 0.813473 0.701234
vt 0.806790 0.684802
vt 0.813539 0.701196
vt 0.715805 0.713721
vt 0.820511 0.709944
vt 0.820529 0.709844
vt 0.820532 0.709726
vt 0.817274 0.685425
vt 0.817261 0.685522
vt 0.817265 0.685636
vt 0.919717 0.767617
vt 0.919671 0.767685
vt 0.919620 0.767751
vt 0.936129 0.774803
vt 0.936071 0.774864
vt 0.936002 0.774921
vt 0.909749 0.780087
vt 0.920794 0.785493
vt 0.909797 0.780020
vt 0.920854 0.785431
vt 0.909847 0.779953
vt 0.920922 0.785373
vt 0.770700 0.755636
vt 0.967010 0.796101
vt 0.966919 0.796034
vt 0.966780 0.795965
vt 0.967041 0.796168
vt 0.945052 0.795959
vt 0.945075 0.795882
vt 0.945092 0.795804
vt 0.960308 0.784372
vt 0.960223 0.784421
vt 0.960113 0.784459
vt 0.932702 0.790807
vt 0.932787 0.790755
vt 0.932892 0.790713
vt 0.989924 0.793760
vt 0.988657 0.795801
vt 0.770099 0.756077
vt 0.769424 0.756375
vt 0.770098 0.756068
vt 0.801464 0.665799
vt 0.802853 0.663905
vt 0.709783 0.715109
vt 0.709870 0.714381
vt 0.836979 0.855111
vt 0.836975 0.855047
vt 0.836953 0.854987
vt 0.746341 0.825817
vt 0.746435 0.825733
vt 0.746382 0.825768
vt 0.814355 0.770561
vt 0.814316 0.770684
vt 0.814239 0.770930
vt 0.814278 0.770806
vt 0.766221 0.918726
vt 0.766278 0.918754
vt 0.742097 0.992936
vt 0.766341 0.918764
vt 0.850539 0.941146
vt 0.850454 0.941051
vt 0.850280 0.940860
vt 0.742237 0.993302
vt 0.742296 0.993162
vt 0.850368 0.940956
vt 0.684612 0.887679
vt 0.741768 0.993152
vt 0.741879 0.993606
vt 0.684737 0.887653
vt 0.741803 0.993003
vt 0.684990 0.887604
vt 0.684863 0.887628
vt 0.833161 0.866786
vt 0.833169 0.866739
vt 0.884499 0.862833
vt 0.833183 0.866691
vt 0.884625 0.862756
vt 0.768803 0.966951
vt 0.778273 0.916219
vt 0.778321 0.916210
vt 0.778369 0.916207
vt 0.884653 0.862760
vt 0.842247 0.932135
vt 0.842191 0.932073
vt 0.842137 0.932014
vt 0.768803 0.966980
vt 0.768876 0.966878
vt 0.742581 0.837338
vt 0.742603 0.837295
vt 0.742619 0.837249
vt 0.703084 0.803452
vt 0.758185 0.909870
vt 0.758223 0.909900
vt 0.736364 0.957013
vt 0.758257 0.909936
vt 0.736369 0.957162
vt 0.736351 0.957180
vt 0.696711 0.885318
vt 0.696793 0.885301
vt 0.696873 0.885285
vt 0.703060 0.803439
vt 0.878079 0.828854
vt 0.828910 0.846094
vt 0.828878 0.846056
vt 0.828852 0.846016
vt 0.758279 0.823173
vt 0.758327 0.823161
vt 0.758372 0.823144
vt 0.728816 0.780306
vt 0.728947 0.780377
vt 0.728804 0.780280
vt 0.810672 0.782232
vt 0.810646 0.782311
vt 0.810621 0.782389
vt 0.878101 0.828839
vt 0.877969 0.828827
vt 0.833407 0.868955
vt 0.833419 0.868908
vt 0.833426 0.868862
vt 0.833096 0.872076
vt 0.780342 0.916679
vt 0.780389 0.916678
vt 0.780437 0.916670
vt 0.783514 0.916671
vt 0.840457 0.930153
vt 0.840403 0.930094
vt 0.840350 0.930034
vt 0.837562 0.926921
vt 0.739541 0.841757
vt 0.741019 0.839049
vt 0.741037 0.839003
vt 0.741058 0.838962
vt 0.756057 0.908962
vt 0.756092 0.908996
vt 0.756128 0.909025
vt 0.753570 0.907017
vt 0.699751 0.884661
vt 0.699829 0.884644
vt 0.699907 0.884627
vt 0.703981 0.883770
vt 0.828212 0.843886
vt 0.828188 0.843847
vt 0.828157 0.843809
vt 0.826507 0.841088
vt 0.760144 0.821798
vt 0.760187 0.821781
vt 0.760234 0.821768
vt 0.763055 0.820526
vt 0.809714 0.785185
vt 0.809690 0.785260
vt 0.809664 0.785337
vt 0.808415 0.789376
vt 0.791731 0.875794
vt 0.791699 0.875823
vt 0.791667 0.875852
vt 0.770366 0.964905
vt 0.770327 0.964876
vt 0.770289 0.964848
vt 0.704347 0.806180
vt 0.704303 0.806199
vt 0.704260 0.806218
vt 0.704197 0.806246
vt 0.736451 0.954040
vt 0.736325 0.954042
vt 0.736279 0.951938
vt 0.736375 0.954041
vt 0.736274 0.954043
vt 0.787078 0.854555
vt 0.787037 0.854541
vt 0.787119 0.854568
vt 0.872878 0.828243
vt 0.874969 0.828576
vt 0.874979 0.828476
vt 0.874974 0.828526
vt 0.882288 0.864069
vt 0.882336 0.864150
vt 0.882312 0.864109
vt 0.770898 0.869139
vt 0.770889 0.869097
vt 0.770880 0.869054
vt 0.731434 0.781735
vt 0.731388 0.781817
vt 0.731411 0.781776
vt 0.731355 0.781877
vt 0.749082 0.726642
vt 0.745840 0.724555
vt 0.749072 0.726656
vt 0.745830 0.724569
vt 0.858723 0.793591
vt 0.849127 0.786954
vt 0.858752 0.793548
vt 0.752356 0.728506
vt 0.752346 0.728520
vt 0.849096 0.786996
vt 0.839875 0.780237
vt 0.749456 0.719525
vt 0.882358 0.778984
vt 0.872156 0.772544
vt 0.872188 0.772497
vt 0.882330 0.779033
vt 0.872125 0.772591
vt 0.746325 0.717236
vt 0.892690 0.785087
vt 0.892666 0.785138
vt 0.882301 0.779082
vt 0.739749 0.719832
vt 0.742720 0.722275
vt 0.739738 0.719846
vt 0.868576 0.799891
vt 0.878595 0.805824
vt 0.878570 0.805870
vt 0.742710 0.722290
vt 0.868603 0.799846
vt 0.752711 0.721620
vt 0.755999 0.723495
vt 0.852737 0.758789
vt 0.862211 0.765752
vt 0.852698 0.758831
vt 0.862177 0.765797
vt 0.852662 0.758874
vt 0.862247 0.765708
vt 0.759238 0.725139
vt 0.762451 0.726570
vt 0.835379 0.744971
vt 0.843771 0.751927
vt 0.835335 0.745009
vt 0.843733 0.751969
vt 0.835295 0.745048
vt 0.843813 0.751888
vt 0.755576 0.730115
vt 0.755566 0.730130
vt 0.755558 0.730145
vt 0.752338 0.728535
vt 0.831187 0.773491
vt 0.758759 0.731515
vt 0.758749 0.731529
vt 0.758742 0.731545
vt 0.822980 0.766660
vt 0.761971 0.732728
vt 0.761961 0.732743
vt 0.761954 0.732758
vt 0.815099 0.759588
vt 0.765287 0.733780
vt 0.765274 0.733793
vt 0.765264 0.733809
vt 0.807379 0.752081
vt 0.765870 0.727862
vt 0.770453 0.729319
vt 0.765881 0.727847
vt 0.770468 0.729305
vt 0.816203 0.727153
vt 0.826864 0.737508
vt 0.816153 0.727181
vt 0.762461 0.726555
vt 0.826906 0.737472
vt 0.772107 0.735447
vt 0.778193 0.734587
vt 0.772112 0.735464
vt 0.778234 0.734602
vt 0.772117 0.735482
vt 0.778262 0.734619
vt 0.772127 0.735500
vt 0.768744 0.734685
vt 0.768721 0.734697
vt 0.768706 0.734710
vt 0.792249 0.735430
vt 0.799730 0.743990
vt 0.776906 0.731271
vt 0.776930 0.731261
vt 0.801309 0.712551
vt 0.801373 0.712537
vt 0.743344 0.714781
vt 0.903902 0.791096
vt 0.903886 0.791151
vt 0.892640 0.785188
vt 0.740364 0.711969
vt 0.919718 0.798649
vt 0.919721 0.798711
vt 0.903865 0.791203
vt 0.734160 0.714384
vt 0.736921 0.717229
vt 0.734153 0.714402
vt 0.888741 0.811582
vt 0.899462 0.817152
vt 0.899450 0.817205
vt 0.736911 0.717244
vt 0.888762 0.811534
vt 0.726994 0.700789
vt 0.726964 0.700757
vt 0.726938 0.700737
vt 0.726915 0.700732
vt 0.728722 0.708023
vt 0.728705 0.708027
vt 0.728687 0.708028
vt 0.945689 0.829686
vt 0.736600 0.707724
vt 0.942711 0.809228
vt 0.942747 0.809304
vt 0.919712 0.798767
vt 0.942760 0.809369
vt 0.731383 0.701238
vt 0.969221 0.822089
vt 0.969333 0.822201
vt 0.731400 0.711242
vt 0.911041 0.822822
vt 0.923253 0.828048
vt 0.923215 0.828089
vt 0.731400 0.711268
vt 0.911030 0.822759
vt 0.861360 0.789527
vt 0.851752 0.782939
vt 0.861403 0.789459
vt 0.851794 0.782871
vt 0.861446 0.789391
vt 0.851836 0.782801
vt 0.842532 0.776222
vt 0.842574 0.776152
vt 0.842614 0.776082
vt 0.879744 0.783108
vt 0.869526 0.776595
vt 0.879700 0.783176
vt 0.869483 0.776664
vt 0.879655 0.783244
vt 0.869439 0.776732
vt 0.890138 0.789249
vt 0.890093 0.789316
vt 0.890047 0.789383
vt 0.871196 0.795810
vt 0.881180 0.801772
vt 0.871240 0.795743
vt 0.881225 0.801706
vt 0.871285 0.795676
vt 0.881272 0.801640
vt 0.849997 0.762827
vt 0.859547 0.769777
vt 0.849956 0.762897
vt 0.859505 0.769846
vt 0.849915 0.762968
vt 0.859463 0.769915
vt 0.832554 0.748920
vt 0.841027 0.755900
vt 0.832514 0.748990
vt 0.840986 0.755970
vt 0.832476 0.749063
vt 0.840947 0.756042
vt 0.833879 0.769496
vt 0.833920 0.769426
vt 0.833959 0.769355
vt 0.825716 0.762686
vt 0.825756 0.762616
vt 0.825795 0.762543
vt 0.817894 0.755642
vt 0.817933 0.755570
vt 0.817969 0.755495
vt 0.810250 0.748176
vt 0.810282 0.748096
vt 0.810306 0.748009
vt 0.813369 0.730906
vt 0.824072 0.741310
vt 0.813339 0.730984
vt 0.824033 0.741382
vt 0.813318 0.731070
vt 0.823999 0.741456
vt 0.788295 0.715958
vt 0.795467 0.731935
vt 0.788391 0.716015
vt 0.795527 0.731889
vt 0.788506 0.716114
vt 0.795590 0.731849
vt 0.784235 0.735173
vt 0.778506 0.735986
vt 0.802694 0.740152
vt 0.802709 0.740053
vt 0.802707 0.739938
vt 0.798604 0.716331
vt 0.798595 0.716425
vt 0.798603 0.716536
vt 0.901432 0.795300
vt 0.901384 0.795366
vt 0.901333 0.795430
vt 0.917360 0.802802
vt 0.917301 0.802859
vt 0.917232 0.802912
vt 0.891343 0.807458
vt 0.902028 0.813028
vt 0.891391 0.807393
vt 0.902088 0.812968
vt 0.891442 0.807329
vt 0.902156 0.812913
vt 0.946091 0.825552
vt 0.946009 0.825482
vt 0.945882 0.825409
vt 0.925303 0.823812
vt 0.925329 0.823740
vt 0.925350 0.823667
vt 0.940373 0.813276
vt 0.940287 0.813318
vt 0.940179 0.813348
vt 0.913543 0.818568
vt 0.913627 0.818520
vt 0.913730 0.818482
vt 0.968401 0.824466
vt 0.966625 0.826458
vt 0.723789 0.693886
vt 0.724497 0.693669
vt 0.723793 0.693903
vt 0.724497 0.693642
vt 0.725184 0.693414
vt 0.724497 0.693651
vt 0.782241 0.697857
vt 0.783393 0.695990
vt 0.782187 0.697847
vt 0.783344 0.695968
vt 0.784394 0.734420
vt 0.784304 0.735146
vt 0.733321 0.748579
vt 0.730129 0.746465
vt 0.921466 0.681430
vt 0.930765 0.688455
vt 0.921434 0.681471
vt 0.930733 0.688496
vt 0.921403 0.681513
vt 0.736539 0.750488
vt 0.930800 0.688416
vt 0.939700 0.695509
vt 0.939666 0.695548
vt 0.733788 0.741492
vt 0.730674 0.739175
vt 0.733798 0.741477
vt 0.730685 0.739160
vt 0.733809 0.741463
vt 0.907393 0.702101
vt 0.727700 0.736704
vt 0.727711 0.736689
vt 0.730696 0.739146
vt 0.897426 0.695504
vt 0.724112 0.741740
vt 0.912012 0.674573
vt 0.902491 0.667922
vt 0.902518 0.667877
vt 0.911983 0.674617
vt 0.902462 0.667966
vt 0.727052 0.744175
vt 0.911953 0.674659
vt 0.737014 0.743633
vt 0.740268 0.745567
vt 0.737025 0.743618
vt 0.740278 0.745553
vt 0.737035 0.743603
vt 0.740288 0.745537
vt 0.917048 0.709100
vt 0.926245 0.716273
vt 0.743474 0.747275
vt 0.746664 0.748771
vt 0.743484 0.747260
vt 0.746675 0.748756
vt 0.743494 0.747244
vt 0.746683 0.748740
vt 0.934854 0.723427
vt 0.942960 0.730608
vt 0.739708 0.752170
vt 0.939737 0.695472
vt 0.948064 0.702518
vt 0.948028 0.702555
vt 0.742857 0.753642
vt 0.948104 0.702483
vt 0.955955 0.709568
vt 0.955917 0.709604
vt 0.746044 0.754933
vt 0.955997 0.709537
vt 0.963578 0.716825
vt 0.963537 0.716859
vt 0.749346 0.756074
vt 0.749332 0.756087
vt 0.746034 0.754947
vt 0.970967 0.724586
vt 0.750078 0.750127
vt 0.754664 0.751697
vt 0.750089 0.750112
vt 0.754678 0.751683
vt 0.750098 0.750096
vt 0.754689 0.751668
vt 0.754695 0.751649
vt 0.750104 0.750076
vt 0.756246 0.758018
vt 0.762375 0.757083
vt 0.756250 0.758036
vt 0.762415 0.757097
vt 0.756258 0.758053
vt 0.992602 0.759191
vt 0.985397 0.741708
vt 0.762443 0.757114
vt 0.999536 0.776525
vt 0.752809 0.757100
vt 0.752786 0.757111
vt 0.971016 0.724560
vt 0.978310 0.732890
vt 0.978374 0.732883
vt 0.761094 0.753724
vt 0.761119 0.753713
vt 0.761135 0.753700
vt 0.761143 0.753682
vt 0.724711 0.733886
vt 0.724721 0.733870
vt 0.727723 0.736675
vt 0.887215 0.689373
vt 0.720912 0.729666
vt 0.720920 0.729647
vt 0.724733 0.733857
vt 0.876034 0.683426
vt 0.718523 0.736360
vt 0.892946 0.661307
vt 0.882964 0.654687
vt 0.882972 0.654631
vt 0.892924 0.661355
vt 0.882946 0.654738
vt 0.721298 0.739163
vt 0.892897 0.661400
vt 0.711310 0.722965
vt 0.711282 0.722934
vt 0.711257 0.722914
vt 0.712920 0.730038
vt 0.712903 0.730041
vt 0.712885 0.730042
vt 0.712865 0.730040
vt 0.715749 0.723298
vt 0.715749 0.723271
vt 0.720930 0.729632
vt 0.835832 0.666488
vt 0.859967 0.676177
vt 0.715754 0.723250
vt 0.807106 0.655405
vt 0.872332 0.647563
vt 0.861416 0.640334
vt 0.861463 0.640304
vt 0.872352 0.647638
vt 0.861372 0.640368
vt 0.715704 0.733257
vt 0.872353 0.647701
vt 0.918585 0.685415
vt 0.927956 0.692395
vt 0.918538 0.685481
vt 0.927911 0.692461
vt 0.918493 0.685548
vt 0.927867 0.692529
vt 0.936879 0.699432
vt 0.936835 0.699500
vt 0.936792 0.699568
vt 0.900015 0.691531
vt 0.910059 0.698188
vt 0.900060 0.691464
vt 0.910104 0.698121
vt 0.900106 0.691397
vt 0.910149 0.698054
vt 0.889712 0.685333
vt 0.889757 0.685267
vt 0.889804 0.685200
vt 0.909091 0.678518
vt 0.899553 0.671785
vt 0.909042 0.678582
vt 0.899502 0.671847
vt 0.708515 0.745386
vt 0.707383 0.748932
vt 0.708491 0.745377
vt 0.898570 0.672934
vt 0.707407 0.748941
vt 0.706078 0.752436
vt 0.908647 0.679008
vt 0.929021 0.712445
vt 0.919777 0.705235
vt 0.929065 0.712377
vt 0.919822 0.705168
vt 0.929108 0.712308
vt 0.919865 0.705100
vt 0.945827 0.726865
vt 0.937675 0.719629
vt 0.945869 0.726797
vt 0.937719 0.719561
vt 0.945910 0.726726
vt 0.937760 0.719491
vt 0.945221 0.706418
vt 0.945178 0.706486
vt 0.945136 0.706555
vt 0.953079 0.713449
vt 0.953037 0.713518
vt 0.952997 0.713589
vt 0.960622 0.720696
vt 0.960581 0.720767
vt 0.960543 0.720841
vt 0.967970 0.728381
vt 0.967936 0.728459
vt 0.967909 0.728545
vt 0.964150 0.745518
vt 0.953965 0.734746
vt 0.964183 0.745442
vt 0.954006 0.734676
vt 0.964207 0.745359
vt 0.954044 0.734604
vt 0.988815 0.760898
vt 0.982143 0.745027
vt 0.988723 0.760839
vt 0.982084 0.745072
vt 0.988614 0.760739
vt 0.982020 0.745109
vt 0.975216 0.736624
vt 0.975198 0.736722
vt 0.975196 0.736836
vt 0.978052 0.760469
vt 0.978063 0.760376
vt 0.978058 0.760267
vt 0.878422 0.679308
vt 0.878469 0.679242
vt 0.878520 0.679177
vt 0.862237 0.672008
vt 0.862296 0.671947
vt 0.862364 0.671891
vt 0.889938 0.665181
vt 0.879912 0.658491
vt 0.889884 0.665241
vt 0.879846 0.658544
vt 0.710186 0.738017
vt 0.709410 0.741771
vt 0.710163 0.738002
vt 0.877389 0.661804
vt 0.709434 0.741781
vt 0.888268 0.667265
vt 0.709907 0.723172
vt 0.709892 0.723205
vt 0.709881 0.723252
vt 0.708431 0.716740
vt 0.711372 0.729924
vt 0.711347 0.729923
vt 0.853543 0.651166
vt 0.831616 0.651219
vt 0.838041 0.662292
vt 0.838128 0.662243
vt 0.838238 0.662203
vt 0.869246 0.651425
vt 0.858226 0.644096
vt 0.710803 0.734012
vt 0.710781 0.733984
vt 0.711322 0.729923
vt 0.710825 0.734033
vt 0.865610 0.656402
vt 0.808056 0.653249
vt 0.809193 0.651272
vt 0.806953 0.655264
vt 0.709073 0.716143
vt 0.709778 0.715899
vt 0.709074 0.716152
vt 0.993689 0.779170
vt 0.992471 0.781295
vt 0.769542 0.756637
vt 0.997258 0.776795
vt 0.999516 0.776652
vt 0.999523 0.776707
vt 0.994808 0.776742
vt 0.728890 0.780342
vt 0.736362 0.957077
vt 0.884557 0.862802
vt 0.703109 0.803526
vt 0.768854 0.966893
vt 0.877997 0.828839
vt 0.806506 0.684630
vt 0.788224 0.715956
vt 0.806999 0.655295
vt 0.790829 0.874873
vt 0.703262 0.803799
vt 0.703161 0.803632
vt 0.769014 0.966627
vt 0.772148 0.868814
vt 0.772152 0.868835
vt 0.736364 0.956964
vt 0.786687 0.855787
vt 0.781521 0.699876
vt 0.768531 0.756078
vt 0.595050 0.719184
vt 0.861862 0.723449
vt 0.768822 0.749087
vt 0.839843 0.780278
vt 0.963624 0.716796
vt 0.746690 0.748720
vt 0.985424 0.741656
vt 0.706102 0.752445
vt 0.709871 0.723306
vt 0.710210 0.738030
s 1
f 1232/1/1 1/2/2 202/3/3
f 1183/4/4 20/5/5 106/6/6
f 89/7/2 227/8/7 3/9/2
f 216/10/8 114/11/9 1193/12/10
f 4/13/2 1197/14/11 206/15/12
f 201/16/13 106/6/6 16/17/14
f 212/18/15 102/19/16 14/20/17
f 226/21/18 109/22/19 1188/23/20
f 3/9/2 1172/24/21 222/25/22
f 1187/26/23 4/13/2 88/27/2
f 1193/12/10 22/28/24 231/29/25
f 1203/30/26 19/31/27 237/32/28
f 1198/33/29 26/34/30 207/35/31
f 231/29/25 108/36/32 1208/37/33
f 1208/37/33 23/38/34 241/39/35
f 1218/40/36 18/41/37 247/42/38
f 90/43/2 236/44/39 1197/14/11
f 241/39/35 115/45/40 1223/46/41
f 1223/46/41 1335/47/42 253/48/43
f 269/49/44 113/50/45 1218/40/36
f 91/51/2 246/52/46 1202/53/47
f 1233/54/48 16/17/14 104/55/49
f 274/56/50 104/55/49 17/57/51
f 280/58/52 110/59/53 13/60/54
f 1/2/2 1177/61/55 89/7/2
f 1248/62/56 17/57/51 112/63/57
f 285/64/58 112/63/57 21/65/59
f 1243/66/60 1332/67/61 110/59/53
f 6/68/2 1227/69/62 93/70/2
f 106/6/6 328/71/63 1262/72/64
f 10/73/65 1278/74/66 97/75/65
f 24/76/67 1272/77/68 114/11/9
f 337/78/69 98/79/65 1288/80/70
f 104/55/49 308/81/71 1312/82/72
f 15/83/73 1257/84/74 333/85/75
f 15/83/73 1267/86/76 109/22/19
f 103/87/77 317/88/78 1257/84/74
f 116/89/79 328/71/63 20/5/5
f 117/90/80 312/91/81 26/34/30
f 19/31/27 1277/92/82 117/90/80
f 22/28/24 1287/93/83 108/36/32
f 1273/94/84 8/95/65 337/78/69
f 105/96/85 342/97/86 19/31/27
f 18/41/37 1282/98/87 105/96/85
f 23/38/34 1302/99/88 115/45/40
f 1288/80/70 11/100/65 347/101/89
f 113/50/45 352/102/90 18/41/37
f 25/103/91 1297/104/92 113/50/45
f 115/45/40 358/105/93 1335/47/42
f 307/106/94 96/107/65 7/108/65
f 14/20/17 1307/109/95 317/88/78
f 102/19/16 384/110/96 1307/109/95
f 112/63/57 380/111/97 1327/112/98
f 100/113/65 379/114/99 1313/115/100
f 13/60/54 1322/116/101 384/110/96
f 110/59/53 396/117/102 1322/116/101
f 21/65/59 1327/112/98 389/118/103
f 1178/119/104 14/20/17 103/87/77
f 1238/120/105 21/121/59 107/122/106
f 107/122/106 389/123/103 1317/124/107
f 7/108/65 1258/125/108 318/126/109
f 227/8/7 88/27/2 3/9/2
f 1188/23/20 24/76/67 216/10/8
f 109/22/19 323/127/110 24/76/67
f 96/107/65 332/128/111 1258/125/108
f 94/129/2 279/130/112 6/68/2
f 202/3/3 89/7/2 1182/131/113
f 16/17/14 1262/72/64 308/81/71
f 385/132/114 101/133/65 12/134/65
f 237/32/28 117/90/80 1198/33/29
f 1213/135/115 1336/136/116 111/137/117
f 111/137/117 357/138/118 1292/139/119
f 97/75/65 343/140/120 8/95/65
f 207/35/31 116/89/79 1173/141/121
f 226/21/18 103/87/77 15/83/73
f 1263/142/122 9/143/65 96/107/65
f 26/34/30 1252/144/123 116/89/79
f 1237/145/124 1242/146/125 94/129/2
f 284/147/126 94/129/2 1247/148/127
f 101/133/65 390/149/128 1328/150/129
f 1323/151/130 1318/152/131 101/133/65
f 5/153/2 1217/154/132 246/52/46
f 1192/155/133 2/156/2 90/43/2
f 114/11/9 338/157/134 22/28/24
f 11/100/65 1298/158/135 99/159/136
f 217/160/137 90/43/2 4/13/2
f 232/161/138 91/51/2 2/156/2
f 95/162/65 332/128/111 9/143/65
f 10/73/65 1268/163/139 95/162/65
f 1228/164/140 13/60/54 102/19/16
f 7/108/65 1313/115/100 307/106/94
f 1365/165/141 1455/166/142 411/167/143
f 1308/168/144 12/134/65 100/113/65
f 92/169/145 270/170/146 1217/154/132
f 1222/171/147 1212/172/148 92/169/145
f 1303/173/149 1293/174/150 359/175/151
f 99/159/136 374/176/152 1293/174/150
f 1238/120/105 1333/177/153 289/178/154
f 275/179/155 93/70/2 1232/1/1
f 17/57/51 1312/82/72 380/111/97
f 107/122/106 394/180/156 1333/177/153
f 247/42/38 105/96/85 1203/30/26
f 1247/148/127 6/68/2 275/179/155
f 12/134/65 1328/150/129 379/114/99
f 98/79/65 353/181/157 11/100/65
f 2/156/2 1202/53/47 236/44/39
f 1173/141/121 20/5/5 221/182/158
f 322/183/159 97/75/65 1273/94/84
f 8/95/65 1283/184/160 98/79/65
f 1213/185/115 25/103/91 269/49/44
f 1207/186/161 5/153/2 91/51/2
f 108/36/32 348/187/162 23/38/34
f 111/188/117 375/189/163 25/103/91
f 1182/131/113 3/9/2 222/25/22
f 88/27/2 206/15/12 1172/24/21
f 313/190/164 95/162/65 1253/191/165
f 1253/191/165 9/143/65 327/192/166
f 93/70/2 211/193/167 1/2/2
f 242/194/168 92/169/145 5/153/2
f 347/101/89 99/159/136 1303/173/149
f 318/126/109 100/113/65 7/108/65
f 457/195/169 130/196/170 34/197/171
f 503/198/172 136/199/173 1401/200/174
f 136/199/173 719/201/175 1445/202/176
f 703/203/177 131/204/178 1441/205/179
f 481/206/180 127/207/181 1390/208/182
f 435/209/183 137/210/184 1365/165/141
f 138/211/185 665/212/186 1431/213/187
f 1441/205/179 1451/214/188 684/215/189
f 447/216/190 124/217/191 29/218/192
f 426/219/193 135/220/194 1464/221/195
f 1416/222/196 1421/223/197 614/224/198
f 1485/225/199 1426/226/200 135/220/194
f 27/227/201 1358/228/202 124/217/191
f 31/229/203 1362/230/204 560/231/205
f 32/232/206 1362/230/204 127/207/181
f 1376/233/207 1481/234/208 437/235/209
f 1371/236/210 1456/237/211 120/238/212
f 33/239/213 1344/240/214 129/241/215
f 34/197/171 1349/242/216 200/243/217
f 413/244/218 122/245/219 1366/246/220
f 446/247/221 134/248/222 1376/233/207
f 514/249/223 121/250/224 1361/251/225
f 30/252/226 1343/253/227 542/254/228
f 457/195/169 128/255/229 1395/256/230
f 447/216/190 123/257/231 1370/258/232
f 27/227/201 1338/259/233 526/260/234
f 34/197/171 1339/261/235 128/255/229
f 1385/262/236 1484/263/237 467/264/238
f 427/265/239 119/266/240 1391/267/241
f 35/268/242 1349/242/216 130/196/170
f 35/268/242 1344/240/214 562/269/243
f 482/270/244 119/266/240 1469/271/245
f 480/272/246 138/211/185 1385/262/236
f 28/273/247 1353/274/248 541/275/249
f 29/218/192 1353/274/248 123/257/231
f 428/276/250 125/277/251 1381/278/252
f 490/279/253 128/255/229 33/239/213
f 29/218/192 1358/228/202 513/280/254
f 1480/281/255 1411/282/256 137/210/184
f 1401/200/174 1471/283/257 491/284/258
f 1406/285/259 1476/286/260 139/287/261
f 1348/288/262 1357/289/263 525/290/264
f 28/273/247 1338/259/233 122/245/219
f 505/291/265 139/287/261 1489/292/266
f 1396/293/267 1472/294/268 118/295/269
f 30/252/226 1352/296/270 126/297/271
f 31/229/203 1343/253/227 125/277/251
f 1380/298/272 1485/225/199 135/220/194
f 32/232/206 1352/296/270 515/299/273
f 1361/251/225 1348/288/262 561/300/274
f 33/239/213 1339/261/235 543/301/275
f 1471/283/257 1445/202/176 702/302/276
f 139/287/261 720/303/277 1489/292/266
f 1476/286/260 1450/304/278 139/287/261
f 120/238/212 597/305/279 1415/306/280
f 134/248/222 579/307/281 1481/234/208
f 1460/308/282 1420/309/283 134/248/222
f 119/266/240 650/310/284 1435/311/285
f 1484/263/237 1431/213/187 631/312/286
f 1469/271/245 1435/311/285 666/313/287
f 436/314/288 124/217/191 1375/315/289
f 445/316/290 120/238/212 1461/317/291
f 1461/317/291 1415/306/280 613/318/292
f 137/210/184 595/319/293 1455/166/142
f 428/276/250 127/207/181 31/229/203
f 466/320/294 125/277/251 30/252/226
f 632/321/295 133/322/296 1425/323/297
f 1425/323/297 1436/324/298 649/325/299
f 490/279/253 129/241/215 1400/326/300
f 504/327/301 129/241/215 35/268/242
f 1451/214/188 1446/328/302 721/329/303
f 118/295/269 701/330/304 1440/331/305
f 413/244/218 123/257/231 28/273/247
f 436/314/288 122/245/219 27/227/201
f 1421/223/197 1410/332/306 580/333/307
f 596/334/308 132/335/309 1416/222/196
f 466/320/294 126/297/271 1386/336/310
f 481/206/180 126/297/271 32/232/206
f 1436/324/298 1430/337/311 667/338/312
f 135/220/194 648/339/313 1464/221/195
f 504/327/301 130/196/170 1405/340/314
f 455/341/315 118/295/269 1477/342/316
f 118/295/269 683/343/317 1477/342/316
f 1553/344/318 36/345/319 737/346/320
f 1504/347/321 55/348/322 158/349/323
f 141/350/319 762/351/324 38/352/319
f 751/353/325 166/354/326 1514/355/327
f 39/356/319 1518/357/328 741/358/329
f 736/359/330 158/349/323 51/360/331
f 747/361/332 154/362/333 49/363/334
f 761/364/335 161/365/336 1509/366/337
f 38/352/319 1493/367/338 757/368/339
f 1508/369/340 39/356/319 140/370/319
f 1514/355/327 57/371/341 766/372/342
f 1524/373/343 54/374/344 772/375/345
f 1519/376/346 61/377/347 742/378/348
f 766/372/342 160/379/349 1529/380/350
f 1529/380/350 58/381/351 776/382/352
f 1539/383/353 53/384/354 782/385/355
f 142/386/319 771/387/356 1518/357/328
f 776/382/352 167/388/357 1544/389/358
f 1544/389/358 1656/390/359 788/391/360
f 804/392/361 165/393/362 1539/383/353
f 143/394/319 781/395/363 1523/396/364
f 1554/397/365 51/360/331 156/398/366
f 809/399/367 156/398/366 52/400/368
f 815/401/369 162/402/370 48/403/371
f 36/345/319 1498/404/372 141/350/319
f 1569/405/373 52/400/368 164/406/374
f 820/407/375 164/406/374 56/408/376
f 1564/409/377 1653/410/378 162/402/370
f 41/411/319 1548/412/379 145/413/319
f 158/349/323 863/414/380 1583/415/381
f 45/416/382 1599/417/383 149/418/382
f 59/419/384 1593/420/385 166/354/326
f 872/421/386 150/422/382 1609/423/387
f 156/398/366 843/424/388 1633/425/389
f 50/426/390 1578/427/391 868/428/392
f 50/426/390 1588/429/393 161/365/336
f 155/430/394 852/431/395 1578/427/391
f 168/432/396 863/414/380 55/348/322
f 169/433/397 847/434/398 61/377/347
f 54/374/344 1598/435/399 169/433/397
f 57/371/341 1608/436/400 160/379/349
f 1594/437/401 43/438/382 872/421/386
f 157/439/402 877/440/403 54/374/344
f 53/384/354 1603/441/404 157/439/402
f 58/381/351 1623/442/405 167/388/357
f 1609/423/387 46/443/406 882/444/407
f 165/393/362 887/445/408 53/384/354
f 60/446/409 1618/447/410 165/393/362
f 167/388/357 893/448/411 1656/390/359
f 842/449/412 148/450/382 42/451/382
f 49/363/334 1628/452/413 852/431/395
f 154/362/333 919/453/414 1628/452/413
f 164/406/374 915/454/415 1648/455/416
f 152/456/382 914/457/417 1634/458/418
f 48/403/371 1643/459/419 919/453/414
f 162/402/370 931/460/420 1643/459/419
f 56/408/376 1648/455/416 924/461/421
f 1499/462/422 49/363/334 155/430/394
f 1559/463/423 56/408/376 159/464/424
f 159/464/424 924/461/421 1638/465/425
f 42/451/382 1579/466/426 853/467/427
f 762/351/324 140/370/319 38/352/319
f 1509/366/337 59/419/384 751/353/325
f 161/365/336 858/468/428 59/419/384
f 148/450/382 867/469/429 1579/466/426
f 146/470/319 814/471/430 41/411/319
f 737/346/320 141/350/319 1503/472/431
f 51/360/331 1583/415/381 843/424/388
f 920/473/432 153/474/382 47/475/382
f 772/375/345 169/433/397 1519/376/346
f 1534/476/433 1657/477/434 163/478/435
f 163/478/435 892/479/436 1613/480/437
f 149/418/382 878/481/438 43/438/382
f 742/378/348 168/432/396 1494/482/439
f 761/364/335 155/430/394 50/426/390
f 1584/483/440 44/484/382 148/450/382
f 61/377/347 1573/485/441 168/432/396
f 1558/486/442 1563/487/443 146/470/319
f 819/488/444 146/470/319 1568/489/445
f 153/474/382 925/490/446 1649/491/447
f 1644/492/448 1639/493/449 153/474/382
f 40/494/450 1538/495/451 781/395/363
f 1513/496/452 37/497/319 142/386/319
f 166/354/326 873/498/453 57/371/341
f 46/443/406 1619/499/454 151/500/455
f 752/501/456 142/386/319 39/356/319
f 767/502/457 143/394/319 37/497/319
f 147/503/382 867/469/429 44/484/382
f 45/416/382 1589/504/458 147/503/382
f 1549/505/459 48/403/371 154/362/333
f 42/451/382 1634/458/418 842/449/412
f 1719/506/460 62/507/461 947/508/462
f 1629/509/463 47/475/382 152/456/382
f 144/510/464 805/511/465 1538/495/451
f 1543/512/466 1533/513/467 144/510/464
f 1624/514/468 1614/515/469 894/516/470
f 151/500/455 909/517/471 1614/515/469
f 1559/463/423 1654/518/472 824/519/473
f 810/520/474 145/413/319 1553/344/318
f 52/400/368 1633/425/389 915/454/415
f 159/464/424 929/521/475 1654/518/472
f 782/385/355 157/439/402 1524/373/343
f 1568/489/445 41/411/319 810/520/474
f 47/475/382 1649/491/447 914/457/417
f 150/422/382 888/522/476 46/443/406
f 37/497/319 1523/396/364 771/387/356
f 1494/482/439 55/348/322 756/523/477
f 857/524/478 149/418/382 1594/437/401
f 43/438/382 1604/525/479 150/422/382
f 1534/526/433 60/446/409 804/392/361
f 1528/527/480 40/494/450 143/394/319
f 160/379/349 883/528/481 58/381/351
f 163/529/435 910/530/482 60/446/409
f 1503/472/431 38/352/319 757/368/339
f 140/370/319 741/358/329 1493/367/338
f 848/531/483 147/503/382 1574/532/484
f 1574/532/484 44/484/382 862/533/485
f 145/413/319 746/534/486 36/345/319
f 777/535/487 144/510/464 40/494/450
f 882/444/407 151/500/455 1624/514/468
f 853/467/427 152/456/382 42/451/382
f 1670/536/488 81/537/489 188/538/490
f 171/539/461 972/540/491 64/541/461
f 961/542/492 196/543/493 1680/544/494
f 65/545/461 1684/546/495 951/547/496
f 946/548/497 188/538/490 77/549/498
f 957/550/499 184/551/500 75/552/501
f 971/553/502 191/554/503 1675/555/504
f 64/541/461 1659/556/505 967/557/506
f 1674/558/507 65/545/461 170/559/461
f 1680/544/494 83/560/508 976/561/509
f 1690/562/510 80/563/511 982/564/512
f 1685/565/513 87/566/514 952/567/515
f 976/561/509 190/568/516 1695/569/517
f 1695/569/517 84/570/518 986/571/519
f 1705/572/520 79/573/521 992/574/522
f 172/575/461 981/576/523 1684/546/495
f 986/571/519 197/577/524 1710/578/525
f 1710/578/525 1822/579/526 998/580/527
f 1014/581/528 195/582/529 1705/572/520
f 173/583/461 991/584/530 1689/585/531
f 1720/586/532 77/549/498 186/587/533
f 1019/588/534 186/587/533 78/589/535
f 1025/590/536 192/591/537 74/592/538
f 62/507/461 1664/593/539 171/539/461
f 1735/594/540 78/589/535 194/595/541
f 1030/596/542 194/595/541 82/597/543
f 1730/598/544 1819/599/545 192/591/537
f 67/600/461 1714/601/546 175/602/461
f 188/538/490 1073/603/547 1749/604/548
f 71/605/549 1765/606/550 179/607/549
f 85/608/551 1759/609/552 196/543/493
f 1082/610/553 180/611/549 1775/612/554
f 186/587/533 1053/613/555 1799/614/556
f 76/615/557 1744/616/558 1078/617/559
f 76/615/557 1754/618/560 191/554/503
f 185/619/561 1062/620/562 1744/616/558
f 198/621/563 1073/603/547 81/537/489
f 199/622/564 1057/623/565 87/566/514
f 80/563/511 1764/624/566 199/622/564
f 83/560/508 1774/625/567 190/568/516
f 1760/626/568 69/627/549 1082/610/553
f 187/628/569 1087/629/570 80/563/511
f 79/573/521 1769/630/571 187/628/569
f 84/570/518 1789/631/572 197/577/524
f 1775/612/554 72/632/549 1092/633/573
f 195/582/529 1097/634/574 79/573/521
f 86/635/575 1784/636/576 195/582/529
f 197/577/524 1103/637/577 1822/579/526
f 1052/638/578 178/639/549 68/640/549
f 75/552/501 1794/641/579 1062/620/562
f 184/551/500 1129/642/580 1794/641/579
f 194/595/541 1125/643/581 1814/644/582
f 182/645/549 1124/646/583 1800/647/584
f 74/592/538 1809/648/585 1129/642/580
f 192/591/537 1141/649/586 1809/648/585
f 82/597/543 1814/644/582 1134/650/587
f 1665/651/588 75/552/501 185/619/561
f 1725/652/589 82/653/543 189/654/590
f 189/654/590 1134/655/587 1804/656/591
f 68/640/549 1745/657/592 1063/658/593
f 972/540/491 170/559/461 64/541/461
f 1675/555/504 85/608/551 961/542/492
f 191/554/503 1068/659/594 85/608/551
f 178/639/549 1077/660/595 1745/657/592
f 176/661/461 1024/662/596 67/600/461
f 947/508/462 171/539/461 1669/663/597
f 77/549/498 1749/604/548 1053/613/555
f 1130/664/598 183/665/549 73/666/549
f 982/564/512 199/622/564 1685/565/513
f 1700/667/599 1823/668/600 193/669/601
f 193/669/601 1102/670/602 1779/671/603
f 179/607/549 1088/672/604 69/627/549
f 952/567/515 198/621/563 1660/673/605
f 971/553/502 185/619/561 76/615/557
f 1750/674/606 70/675/549 178/639/549
f 87/566/514 1739/676/607 198/621/563
f 1724/677/608 1729/678/609 176/661/461
f 1029/679/610 176/661/461 1734/680/611
f 183/665/549 1135/681/612 1815/682/613
f 1810/683/614 1805/684/615 183/665/549
f 66/685/461 1704/686/616 991/584/530
f 1679/687/617 63/688/461 172/575/461
f 196/543/493 1083/689/618 83/560/508
f 72/632/549 1785/690/619 181/691/620
f 962/692/621 172/575/461 65/545/461
f 977/693/622 173/583/461 63/688/461
f 177/694/549 1077/660/595 70/675/549
f 71/605/549 1755/695/623 177/694/549
f 1715/696/624 74/592/538 184/551/500
f 68/640/549 1800/647/584 1052/638/578
f 1795/697/625 73/666/549 182/645/549
f 174/698/626 1015/699/627 1704/686/616
f 1709/700/628 1699/701/629 174/698/626
f 1790/702/630 1780/703/631 1104/704/632
f 181/691/620 1119/705/633 1780/703/631
f 1725/652/589 1820/706/634 1034/707/635
f 1020/708/636 175/602/461 1719/506/460
f 78/589/535 1799/614/556 1125/643/581
f 189/654/590 1139/709/637 1820/706/634
f 992/574/522 187/628/569 1690/562/510
f 1734/680/611 67/600/461 1020/708/636
f 73/666/549 1815/682/613 1124/646/583
f 180/611/549 1098/710/638 72/632/549
f 63/688/461 1689/585/531 981/576/523
f 1660/673/605 81/537/489 966/711/639
f 1067/712/640 179/607/549 1760/626/568
f 69/627/549 1770/713/641 180/611/549
f 1700/667/599 86/635/575 1014/581/528
f 1694/714/642 66/685/461 173/583/461
f 190/568/516 1093/715/643 84/570/518
f 193/669/601 1120/716/644 86/635/575
f 1669/663/597 64/541/461 967/557/506
f 170/559/461 951/547/496 1659/556/505
f 1058/717/645 177/694/549 1740/718/646
f 1740/718/646 70/675/549 1072/719/647
f 175/602/461 956/720/648 62/507/461
f 987/721/649 174/698/626 66/685/461
f 1092/633/573 181/691/620 1790/702/630
f 1063/658/593 182/645/549 68/640/549
f 251/722/650 257/723/651 256/724/652
f 254/725/653 258/726/654 257/723/651
f 256/724/652 268/727/655 265/728/656
f 257/723/651 259/729/657 268/727/655
f 260/730/658 262/731/659 252/732/660
f 261/733/661 263/734/662 260/730/658
f 263/734/662 255/735/663 262/731/659
f 264/736/664 258/726/654 263/734/662
f 253/48/43 267/737/665 266/738/666
f 265/728/667 268/727/668 267/739/665
f 266/740/666 264/736/669 261/733/670
f 267/739/665 259/729/671 264/736/669
f 289/178/154 294/741/672 293/742/673
f 292/743/674 295/744/675 294/741/672
f 293/742/673 306/745/676 303/746/677
f 294/741/672 296/747/678 306/745/676
f 290/748/679 300/749/680 299/750/681
f 297/751/682 301/752/683 300/753/680
f 299/754/681 300/753/680 295/744/684
f 300/753/680 296/747/685 295/744/684
f 302/755/686 304/756/687 291/757/688
f 303/746/677 305/758/689 302/755/686
f 305/758/689 298/759/690 304/756/687
f 306/745/676 301/752/691 305/758/689
f 357/138/118 361/760/692 360/761/693
f 366/762/694 362/763/695 361/764/692
f 360/765/693 373/766/696 370/767/697
f 361/764/692 363/768/698 373/766/696
f 358/105/93 367/769/699 366/770/700
f 364/771/701 368/772/702 367/769/699
f 366/770/700 367/769/699 362/763/703
f 367/769/699 363/768/704 362/763/703
f 369/773/705 371/774/706 359/175/151
f 370/767/697 372/775/707 369/773/705
f 372/775/707 365/776/708 371/774/706
f 373/766/709 368/772/702 372/775/707
f 394/180/156 399/777/710 407/778/711
f 397/779/712 400/780/713 399/781/710
f 407/778/711 399/777/710 410/782/714
f 399/781/710 401/783/715 410/784/716
f 402/785/717 404/786/718 395/787/719
f 403/788/720 405/789/721 402/785/717
f 405/789/721 398/790/722 404/786/718
f 406/791/723 400/780/724 405/789/721
f 396/117/102 409/792/725 408/793/726
f 407/794/727 410/784/728 409/792/725
f 408/793/726 406/791/723 403/788/720
f 409/792/725 401/783/729 406/791/723
f 414/795/730 416/796/731 411/167/143
f 415/797/732 417/798/733 414/795/730
f 417/798/733 424/799/734 416/796/731
f 417/798/733 422/800/735 418/801/736
f 419/802/737 421/803/738 412/804/739
f 420/805/740 422/806/735 419/802/737
f 421/803/738 422/800/735 415/797/732
f 424/799/734 425/807/741 423/808/742
f 425/807/741 420/805/740 423/809/742
f 429/810/743 430/811/744 426/219/745
f 430/811/744 431/812/746 1826/813/747
f 427/265/748 432/814/748 429/815/748
f 433/816/749 431/812/750 432/817/751
f 438/818/752 439/819/753 435/209/754
f 438/818/755 440/820/756 444/821/757
f 439/819/758 444/822/759 443/823/758
f 437/235/209 443/824/760 444/825/761
f 444/826/757 1827/827/762 442/828/763
f 444/822/757 440/829/756 1827/827/762
f 448/830/764 449/831/765 445/316/766
f 449/831/765 450/832/767 452/833/768
f 446/247/769 451/834/770 448/835/771
f 451/836/772 452/837/773 450/832/773
f 458/838/774 459/839/775 455/341/315
f 458/838/776 461/840/776 462/841/777
f 459/839/775 460/842/778 1828/843/779
f 456/844/780 462/845/781 461/846/782
f 462/847/783 1828/848/784 460/842/785
f 468/849/786 470/850/787 465/851/788
f 469/852/789 471/853/790 468/849/786
f 471/853/790 477/854/791 470/850/787
f 471/853/790 472/855/792 479/856/793
f 474/857/794 475/858/795 473/859/796
f 475/858/795 469/852/789 473/860/796
f 476/861/797 478/862/798 467/264/238
f 476/861/797 477/854/791 479/863/793
f 479/863/793 474/857/794 478/862/798
f 483/864/799 487/865/800 480/272/801
f 483/864/799 484/866/802 488/867/803
f 482/270/804 487/868/804 488/869/804
f 488/870/803 484/866/802 1825/871/805
f 492/872/806 494/873/807 489/874/808
f 493/875/809 495/876/810 492/872/811
f 494/873/807 495/877/810 500/878/812
f 496/879/813 498/880/814 497/881/815
f 497/881/816 493/875/809 496/882/817
f 499/883/818 501/884/819 491/284/258
f 500/878/812 502/885/820 499/883/818
f 501/884/819 502/885/820 498/886/821
f 502/885/820 495/877/810 498/880/821
f 506/887/822 507/888/823 503/198/172
f 506/887/822 508/889/824 512/890/825
f 507/888/826 512/891/826 511/892/827
f 505/291/265 511/893/828 512/894/829
f 512/895/830 1829/896/831 510/897/832
f 512/891/830 508/898/833 1829/896/831
f 516/899/834 518/900/835 513/280/254
f 522/901/836 524/902/837 515/299/273
f 200/243/217 529/903/838 528/904/839
f 1830/905/840 529/903/838 527/906/841
f 529/903/838 538/907/842 528/904/839
f 529/903/838 530/908/843 531/909/844
f 525/910/264 535/911/845 534/912/846
f 532/913/847 536/914/848 535/911/845
f 534/912/846 530/908/849 1830/905/850
f 535/911/845 531/915/851 530/908/849
f 537/916/852 539/917/853 526/260/234
f 538/907/842 540/918/854 537/916/852
f 540/918/854 533/919/855 539/917/853
f 540/918/854 531/915/844 536/914/856
f 544/920/857 546/921/858 541/275/249
f 545/922/859 547/923/860 544/920/857
f 547/923/860 556/924/861 546/921/858
f 547/923/860 549/925/862 559/926/863
f 550/927/864 552/928/865 542/254/228
f 551/929/866 553/930/867 550/927/864
f 553/930/867 545/922/859 552/928/865
f 553/930/867 549/925/862 548/931/868
f 555/932/869 557/933/870 543/301/275
f 556/924/861 558/934/871 555/932/869
f 558/934/871 551/929/866 557/933/870
f 558/934/871 549/925/862 554/935/872
f 563/936/873 565/937/874 560/231/205
f 564/938/875 566/939/876 563/936/873
f 566/939/876 575/940/877 565/937/874
f 566/939/876 567/941/878 568/942/879
f 561/943/274 572/944/880 571/945/881
f 569/946/882 573/947/883 572/944/880
f 571/945/881 567/941/884 564/938/885
f 572/944/880 568/948/886 567/941/884
f 574/949/887 576/950/888 562/269/243
f 575/940/877 577/951/889 574/949/887
f 577/951/889 570/952/890 576/950/888
f 577/951/889 568/948/879 573/947/891
f 578/953/892 584/954/893 583/955/894
f 582/956/895 584/954/896 581/957/897
f 583/955/894 590/958/898 592/959/899
f 584/954/896 585/960/900 590/958/898
f 579/307/281 589/961/901 588/962/902
f 586/963/903 590/964/904 589/961/901
f 588/962/905 589/965/906 582/956/906
f 589/961/901 590/964/904 585/960/907
f 591/966/908 593/967/909 580/968/307
f 592/959/899 594/969/910 591/966/908
f 594/969/911 587/970/912 593/967/909
f 598/971/913 600/972/914 595/319/293
f 599/973/915 601/974/916 598/971/913
f 601/974/916 609/975/917 600/972/914
f 601/974/916 602/976/918 612/977/919
f 603/978/920 605/979/921 596/980/308
f 604/981/922 606/982/923 603/978/920
f 606/982/923 599/973/915 605/979/921
f 606/982/923 607/983/924 602/984/918
f 608/985/925 610/986/926 597/305/279
f 609/975/917 611/987/927 608/985/925
f 611/987/927 604/981/922 610/986/926
f 612/977/919 607/983/924 611/987/927
f 613/318/292 619/988/928 618/989/929
f 616/990/930 625/991/931 619/988/932
f 619/988/932 627/992/933 618/989/934
f 619/988/932 620/993/935 629/994/936
f 621/995/937 623/996/938 614/997/198
f 622/998/939 624/999/940 621/995/937
f 624/999/941 617/1000/942 623/996/938
f 615/1001/943 629/1002/944 628/1003/945
f 626/1004/946 627/992/947 629/1002/947
f 628/1003/945 625/1005/948 622/998/939
f 629/994/944 620/993/949 625/1005/948
f 633/1006/950 635/1007/951 630/1008/952
f 634/1009/953 636/1010/954 633/1006/950
f 636/1010/954 644/1011/955 635/1007/951
f 637/1012/956 647/1013/957 636/1010/954
f 638/1014/958 640/1015/959 631/312/286
f 639/1016/960 641/1017/961 638/1014/958
f 641/1017/961 634/1009/953 640/1015/959
f 641/1017/961 642/1018/962 637/1012/956
f 643/1019/963 645/1020/964 632/1021/295
f 644/1011/955 646/1022/965 643/1019/963
f 646/1022/965 639/1016/960 645/1020/964
f 646/1022/965 647/1013/957 642/1023/962
f 648/339/313 654/1024/966 653/1025/967
f 651/1026/968 660/1027/969 654/1024/970
f 654/1024/970 662/1028/971 653/1025/972
f 654/1024/970 655/1029/973 664/1030/974
f 656/1031/975 658/1032/976 649/1033/299
f 657/1034/977 659/1035/978 656/1031/975
f 659/1035/979 652/1036/980 658/1032/976
f 650/310/284 664/1037/981 663/1038/982
f 661/1039/983 662/1028/984 664/1037/984
f 663/1038/982 660/1040/985 657/1034/977
f 664/1030/981 655/1029/986 660/1040/985
f 665/212/186 670/1041/987 669/1042/988
f 668/1043/989 671/1044/990 670/1041/987
f 669/1042/988 682/1045/991 679/1046/992
f 670/1041/987 672/1047/993 682/1045/991
f 666/313/287 676/1048/994 675/1049/995
f 673/1050/996 677/1051/997 676/1048/994
f 675/1049/995 676/1048/994 671/1044/998
f 676/1048/994 672/1047/993 671/1044/998
f 678/1052/999 680/1053/1000 667/1054/312
f 679/1046/992 681/1055/1001 678/1052/999
f 681/1055/1001 674/1056/1002 680/1053/1000
f 682/1045/991 677/1051/997 681/1055/1001
f 683/343/317 689/1057/1003 688/1058/1004
f 686/1059/1005 690/1060/1006 689/1057/1003
f 688/1058/1007 700/1061/1008 697/1062/1009
f 689/1057/1003 691/1063/1010 700/1061/1008
f 692/1064/1011 694/1065/1012 684/1066/189
f 693/1067/1013 695/1068/1014 692/1064/1011
f 695/1068/1014 687/1069/1015 694/1065/1012
f 696/1070/1016 690/1060/1006 695/1068/1014
f 685/1071/1017 699/1072/1018 698/1073/1019
f 697/1062/1020 700/1061/1021 699/1072/1018
f 698/1073/1019 696/1070/1016 693/1067/1013
f 699/1072/1018 691/1063/1010 696/1070/1016
f 704/1074/1022 706/1075/1023 701/330/304
f 705/1076/1024 707/1077/1025 704/1074/1022
f 707/1077/1025 715/1078/1026 706/1075/1023
f 708/1079/1027 718/1080/1028 707/1077/1025
f 709/1081/1029 711/1082/1030 702/302/276
f 710/1083/1031 712/1084/1032 709/1081/1029
f 712/1084/1032 705/1076/1024 711/1082/1030
f 712/1084/1032 713/1085/1033 708/1079/1027
f 714/1086/1034 716/1087/1035 703/1088/177
f 715/1078/1026 717/1089/1036 714/1086/1034
f 717/1089/1036 710/1083/1031 716/1087/1035
f 717/1089/1036 718/1080/1028 713/1090/1033
f 719/201/175 725/1091/1037 724/1092/1038
f 723/1093/1039 725/1091/1040 722/1094/1041
f 724/1092/1038 731/1095/1042 733/1096/1043
f 725/1091/1040 726/1097/1044 731/1095/1042
f 720/303/277 730/1098/1045 729/1099/1046
f 727/1100/1047 731/1101/1048 730/1098/1045
f 729/1099/1049 730/1102/1050 723/1093/1050
f 730/1098/1045 731/1101/1048 726/1097/1051
f 732/1103/1052 734/1104/1053 721/1105/303
f 733/1096/1043 735/1106/1054 732/1103/1052
f 735/1106/1055 728/1107/1056 734/1104/1053
f 786/1108/1057 792/1109/1058 791/1110/1059
f 789/1111/1060 793/1112/1061 792/1109/1058
f 791/1110/1059 803/1113/1062 800/1114/1063
f 792/1109/1058 794/1115/1064 803/1113/1062
f 795/1116/1065 797/1117/1066 787/1118/1067
f 796/1119/1068 798/1120/1069 795/1116/1065
f 798/1120/1069 790/1121/1070 797/1117/1066
f 799/1122/1071 793/1112/1061 798/1120/1069
f 788/391/360 802/1123/1072 801/1124/1073
f 800/1125/1074 803/1126/1075 802/1123/1072
f 801/1124/1073 799/1127/1076 796/1128/1077
f 802/1123/1072 794/1129/1078 799/1127/1076
f 824/1130/473 829/1131/1079 828/1132/1080
f 827/1133/1081 830/1134/1082 829/1131/1079
f 828/1132/1080 841/1135/1083 838/1136/1084
f 829/1131/1079 831/1137/1085 841/1135/1083
f 825/1138/1086 835/1139/1087 834/1140/1088
f 832/1141/1089 836/1142/1090 835/1139/1087
f 834/1140/1088 835/1139/1087 830/1143/1091
f 835/1139/1087 831/1144/1092 830/1143/1091
f 837/1145/1093 839/1146/1094 826/1147/1095
f 838/1136/1084 840/1148/1096 837/1145/1093
f 840/1148/1096 833/1149/1097 839/1146/1094
f 841/1135/1083 836/1150/1098 840/1148/1096
f 892/1151/436 897/1152/1099 896/1153/1100
f 895/1154/1101 898/1155/1102 897/1152/1099
f 896/1153/1100 908/1156/1103 905/1157/1104
f 897/1152/1099 899/1158/1105 908/1156/1103
f 893/448/411 902/1159/1106 895/1160/1107
f 900/1161/1108 903/1162/1109 902/1159/1106
f 895/1160/1107 902/1159/1106 898/1155/1110
f 902/1159/1106 899/1158/1111 898/1155/1112
f 904/1163/1113 906/1164/1114 894/516/470
f 905/1157/1104 907/1165/1115 904/1163/1113
f 907/1165/1115 901/1166/1116 906/1164/1114
f 908/1156/1117 903/1162/1109 907/1165/1115
f 929/521/475 935/1167/1118 934/1168/1119
f 932/1169/1120 936/1170/1121 935/1167/1118
f 934/1168/1119 935/1167/1118 945/1171/1122
f 935/1167/1118 937/1172/1123 945/1171/1122
f 938/1173/1124 940/1174/1125 930/1175/1126
f 939/1176/1127 941/1177/1128 938/1173/1124
f 941/1177/1128 933/1178/1129 940/1174/1125
f 942/1179/1130 936/1170/1131 941/1177/1128
f 931/460/420 944/1180/1132 943/1181/1133
f 934/1182/1134 945/1171/1135 944/1180/1132
f 943/1181/1133 942/1179/1130 939/1176/1127
f 944/1180/1132 937/1172/1136 942/1179/1130
f 996/1183/1137 1002/1184/1138 1001/1185/1139
f 999/1186/1140 1003/1187/1141 1002/1184/1138
f 1001/1185/1139 1013/1188/1142 1010/1189/1143
f 1002/1184/1138 1004/1190/1144 1013/1188/1142
f 1005/1191/1145 1007/1192/1146 997/1193/1147
f 1006/1194/1148 1008/1195/1149 1005/1191/1145
f 1008/1195/1149 1000/1196/1150 1007/1192/1146
f 1009/1197/1151 1003/1187/1141 1008/1195/1149
f 998/1198/527 1012/1199/1152 1011/1200/1153
f 1010/1189/1154 1013/1188/1155 1012/1199/1152
f 1011/1200/1153 1009/1197/1156 1006/1194/1157
f 1012/1199/1152 1004/1190/1158 1009/1197/1156
f 1034/707/635 1039/1201/1159 1038/1202/1160
f 1037/1203/1161 1040/1204/1162 1039/1201/1159
f 1038/1202/1160 1051/1205/1163 1048/1206/1164
f 1039/1201/1159 1041/1207/1165 1051/1205/1163
f 1035/1208/1166 1045/1209/1167 1044/1210/1168
f 1042/1211/1169 1046/1212/1170 1045/1209/1167
f 1044/1210/1168 1045/1209/1167 1040/1204/1171
f 1045/1209/1167 1041/1207/1172 1040/1204/1171
f 1047/1213/1173 1049/1214/1174 1036/1215/1175
f 1048/1206/1164 1050/1216/1176 1047/1213/1173
f 1050/1216/1176 1043/1217/1177 1049/1214/1174
f 1051/1205/1163 1046/1212/1178 1050/1216/1176
f 1102/670/602 1106/1218/1179 1105/1219/1180
f 1111/1220/1181 1107/1221/1182 1106/1218/1179
f 1105/1219/1180 1118/1222/1183 1115/1223/1184
f 1106/1218/1179 1108/1224/1185 1118/1222/1183
f 1103/637/577 1112/1225/1186 1111/1226/1187
f 1109/1227/1188 1113/1228/1189 1112/1225/1186
f 1111/1226/1187 1112/1225/1186 1107/1221/1190
f 1112/1225/1186 1108/1224/1191 1107/1221/1190
f 1114/1229/1192 1116/1230/1193 1104/704/632
f 1115/1223/1184 1117/1231/1194 1114/1229/1192
f 1117/1231/1194 1110/1232/1195 1116/1230/1193
f 1118/1222/1196 1113/1228/1189 1117/1231/1194
f 1139/709/637 1144/1233/1197 1152/1234/1198
f 1142/1235/1199 1145/1236/1200 1144/1233/1197
f 1152/1234/1198 1144/1233/1197 1155/1237/1201
f 1144/1233/1197 1146/1238/1202 1155/1237/1203
f 1147/1239/1204 1149/1240/1205 1140/1241/1206
f 1148/1242/1207 1150/1243/1208 1147/1239/1204
f 1150/1244/1208 1143/1245/1209 1149/1246/1205
f 1151/1247/1210 1145/1248/1211 1150/1243/1208
f 1141/649/586 1154/1249/1212 1153/1250/1213
f 1152/1251/1214 1155/1252/1215 1154/1249/1212
f 1153/1250/1213 1151/1247/1210 1148/1242/1207
f 1154/1249/1212 1146/1253/1216 1151/1247/1210
f 1158/1254/1217 1160/1255/1218 1157/1256/1219
f 1160/1255/1218 1168/1257/1220 1159/1258/1221
f 1160/1255/1218 1161/1259/1222 1171/1260/1223
f 1156/1261/1224 1165/1262/1225 1164/1263/1226
f 1162/1264/1227 1166/1265/1228 1165/1262/1225
f 1164/1263/1226 1161/1266/1229 1158/1267/1230
f 1165/1268/1231 1171/1269/1232 1161/1259/1233
f 1168/1257/1234 1170/1270/1235 1167/1271/1236
f 1170/1270/1235 1163/1272/1237 1169/1273/1238
f 1170/1270/1235 1171/1269/1239 1166/1274/1240
f 222/25/22 1174/1275/1241 225/1276/1242
f 225/1276/1242 1175/1277/1243 224/1278/1244
f 224/1278/1245 1176/1279/1246 223/1280/1247
f 1176/1281/1246 221/182/158 223/1282/1247
f 1172/24/21 208/1283/1248 1174/1275/1241
f 1174/1275/1241 209/1284/1249 1175/1277/1243
f 1175/1277/1250 210/1285/1251 1176/1279/1246
f 210/1286/1251 1173/141/121 1176/1281/1246
f 1177/61/55 230/1287/1252 227/8/7
f 1179/1288/1253 229/1289/1254 230/1287/1252
f 1180/1290/1255 228/1291/1256 229/1289/1257
f 228/1292/1256 1178/119/104 226/21/18
f 211/193/167 1179/1288/1253 1177/61/55
f 213/1293/1258 1180/1290/1259 1179/1288/1253
f 214/1294/1260 1181/1295/1261 1180/1290/1255
f 1181/1296/1261 212/18/15 1178/119/104
f 1182/131/113 205/1297/1262 202/3/3
f 1184/1298/1263 204/1299/1264 205/1297/1262
f 1185/1300/1265 203/1301/1266 204/1299/1267
f 203/1302/1266 1183/4/4 201/16/13
f 222/25/22 1184/1298/1263 1182/131/113
f 225/1276/1242 1185/1300/1268 1184/1298/1263
f 224/1278/1245 1186/1303/1269 1185/1300/1265
f 1186/1304/1269 221/182/158 1183/4/4
f 217/160/137 1189/1305/1270 220/1306/1271
f 220/1306/1271 1190/1307/1272 219/1308/1273
f 219/1308/1274 1191/1309/1275 218/1310/1276
f 1191/1311/1275 216/10/8 218/1312/1276
f 1187/26/23 230/1287/1252 1189/1305/1270
f 1189/1305/1270 229/1289/1254 1190/1307/1272
f 1190/1307/1277 228/1291/1256 1191/1309/1275
f 228/1292/1256 1188/23/20 1191/1311/1275
f 232/161/138 1194/1313/1278 235/1314/1279
f 235/1314/1279 1195/1315/1280 234/1316/1281
f 234/1317/1282 1196/1318/1283 233/1319/1284
f 1196/1318/1283 231/29/25 233/1319/1284
f 1192/155/133 220/1306/1271 1194/1313/1278
f 1194/1313/1278 219/1308/1273 1195/1315/1280
f 1195/1315/1285 218/1310/1276 1196/1320/1283
f 218/1312/1276 1193/12/10 1196/1318/1283
f 206/15/12 1199/1321/1286 208/1283/1248
f 208/1283/1248 1200/1322/1287 209/1284/1249
f 209/1284/1288 1201/1323/1289 210/1285/1251
f 1201/1324/1289 207/35/31 210/1286/1251
f 1197/14/11 238/1325/1290 1199/1321/1286
f 1199/1321/1286 239/1326/1291 1200/1322/1287
f 1200/1322/1292 240/1327/1293 1201/1323/1289
f 240/1328/1293 1198/33/29 1201/1324/1289
f 236/44/39 1204/1329/1294 238/1325/1290
f 238/1325/1290 1205/1330/1295 239/1326/1291
f 239/1326/1296 1206/1331/1297 240/1327/1293
f 1206/1332/1297 237/32/28 240/1328/1293
f 1202/53/47 248/1333/1298 1204/1329/1294
f 1204/1329/1294 249/1334/1299 1205/1330/1295
f 1205/1330/1300 250/1335/1301 1206/1331/1297
f 250/1336/1301 1203/30/26 1206/1332/1297
f 242/194/168 1209/1337/1302 245/1338/1303
f 245/1338/1303 1210/1339/1304 244/1340/1305
f 244/1341/1306 1211/1342/1307 243/1343/1308
f 1211/1342/1307 241/39/35 243/1343/1308
f 1207/186/161 235/1314/1279 1209/1337/1302
f 1209/1337/1302 234/1316/1281 1210/1339/1304
f 1210/1344/1309 233/1319/1284 1211/1342/1307
f 233/1319/1284 1208/37/33 1211/1342/1307
f 1212/172/148 273/1345/1310 270/170/146
f 1214/1346/1311 272/1347/1312 273/1345/1310
f 1215/1348/1313 271/1349/1314 272/1347/1312
f 1216/1350/1315 269/1351/44 271/1349/1314
f 252/732/660 1214/1346/1311 1212/172/148
f 262/731/659 1215/1348/1313 1214/1346/1311
f 255/735/663 1216/1350/1315 1215/1348/1313
f 254/725/653 1213/135/115 1216/1350/1315
f 246/52/46 1219/1352/1316 248/1333/1298
f 248/1333/1298 1220/1353/1317 249/1334/1299
f 249/1334/1318 1221/1354/1319 250/1335/1301
f 250/1336/1301 1218/40/36 247/42/38
f 1217/154/132 273/1345/1310 1219/1352/1316
f 1219/1352/1316 272/1347/1312 1220/1353/1317
f 1220/1353/1320 271/1349/1314 1221/1354/1319
f 271/1355/1314 1218/40/36 1221/1356/1319
f 252/732/660 1224/1357/1321 260/730/658
f 260/730/658 1225/1358/1322 261/733/661
f 261/1359/670 1226/1360/1323 266/738/666
f 266/738/666 1223/46/41 253/48/43
f 1222/171/147 245/1338/1303 1224/1357/1321
f 1224/1357/1321 244/1340/1305 1225/1358/1322
f 1225/1361/1324 243/1343/1308 1226/1360/1323
f 1226/1360/1323 241/39/35 1223/46/41
f 1227/69/62 213/1293/1258 211/193/167
f 1229/1362/1325 214/1294/1326 213/1293/1258
f 1230/1363/1327 215/1364/1328 214/1294/1260
f 215/1365/1328 1228/164/140 212/18/15
f 279/130/112 1229/1362/1325 1227/69/62
f 281/1366/1329 1230/1363/1330 1229/1362/1325
f 282/1367/1331 1231/1368/1332 1230/1363/1327
f 1231/1369/1332 280/58/52 1228/164/140
f 1232/1/1 278/1370/1333 275/179/155
f 1234/1371/1334 277/1372/1335 278/1370/1333
f 1235/1373/1336 276/1374/1337 277/1372/1338
f 276/1375/1337 1233/54/48 274/56/50
f 202/3/3 1234/1371/1334 1232/1/1
f 205/1297/1262 1235/1373/1339 1234/1371/1334
f 204/1299/1267 1236/1376/1340 1235/1373/1336
f 1236/1377/1340 201/16/13 1233/54/48
f 291/757/688 1239/1378/1341 302/755/686
f 302/755/686 1240/1379/1342 303/746/677
f 303/746/677 1241/1380/1343 293/742/673
f 293/742/673 1238/120/105 289/178/154
f 1237/145/124 286/1381/1344 1239/1378/1341
f 1239/1378/1341 287/1382/1345 1240/1379/1342
f 1240/1379/1342 288/1383/1346 1241/1380/1343
f 1241/1380/1343 285/1384/58 1238/120/105
f 1242/146/125 281/1366/1329 279/130/112
f 1244/1385/1347 282/1367/1348 281/1366/1329
f 1245/1386/1349 283/1387/1350 282/1367/1331
f 1246/1388/1351 280/58/52 283/1389/1350
f 291/757/688 1244/1385/1347 1242/146/125
f 304/756/687 1245/1386/1352 1244/1385/1347
f 298/759/1353 1246/1390/1351 1245/1386/1349
f 297/1391/682 1243/66/60 1246/1388/1351
f 1247/148/127 286/1381/1344 284/147/126
f 1249/1392/1354 287/1382/1345 286/1381/1344
f 1250/1393/1355 288/1383/1346 287/1382/1345
f 288/1394/1346 1248/62/56 285/64/58
f 275/179/155 1249/1392/1354 1247/148/127
f 278/1370/1333 1250/1393/1356 1249/1392/1354
f 277/1372/1338 1251/1395/1357 1250/1393/1355
f 276/1375/1337 1248/62/56 1251/1396/1357
f 1252/144/123 331/1397/1358 328/71/63
f 1254/1398/1359 330/1399/1360 331/1397/1358
f 1255/1400/1361 329/1401/1362 330/1399/1360
f 1256/1402/1363 327/192/166 329/1401/1362
f 312/91/81 1254/1398/1359 1252/144/123
f 314/1403/1364 1255/1400/1361 1254/1398/1359
f 315/1404/1365 1256/1402/1363 1255/1400/1361
f 316/1405/1366 1253/191/165 1256/1402/1363
f 333/85/75 1259/1406/1367 336/1407/1368
f 336/1407/1368 1260/1408/1369 335/1409/1370
f 335/1409/1370 1261/1410/1371 334/1411/1372
f 334/1411/1372 1258/125/108 332/128/111
f 1257/84/74 319/1412/1373 1259/1406/1367
f 1259/1406/1367 320/1413/1374 1260/1408/1369
f 1260/1408/1369 321/1414/1375 1261/1410/1371
f 1261/1410/1371 318/126/109 1258/125/108
f 308/81/71 1264/1415/1376 311/1416/1377
f 311/1416/1377 1265/1417/1378 310/1418/1379
f 310/1418/1379 1266/1419/1380 309/1420/1381
f 309/1420/1381 1263/142/122 307/106/94
f 1262/72/64 331/1397/1358 1264/1415/1376
f 1264/1415/1376 330/1399/1360 1265/1417/1378
f 1265/1417/1378 329/1401/1362 1266/1419/1380
f 1266/1419/1380 327/192/166 1263/142/122
f 1267/86/76 326/1421/1382 323/127/110
f 1269/1422/1383 325/1423/1384 326/1421/1382
f 1270/1424/1385 324/1425/1386 325/1423/1384
f 1271/1426/1387 322/183/159 324/1425/1386
f 333/85/75 1269/1422/1383 1267/86/76
f 336/1407/1368 1270/1424/1385 1269/1422/1383
f 335/1409/1370 1271/1426/1387 1270/1424/1385
f 334/1411/1372 1268/163/139 1271/1426/1387
f 1272/77/68 341/1427/1388 338/157/134
f 1274/1428/1389 340/1429/1390 341/1427/1388
f 1275/1430/1391 339/1431/1392 340/1429/1390
f 1276/1432/1393 337/78/69 339/1431/1392
f 323/127/110 1274/1428/1389 1272/77/68
f 326/1421/1382 1275/1430/1391 1274/1428/1389
f 325/1423/1384 1276/1432/1393 1275/1430/1391
f 324/1425/1386 1273/94/84 1276/1432/1393
f 1277/92/82 314/1403/1364 312/91/81
f 1279/1433/1394 315/1404/1365 314/1403/1364
f 1280/1434/1395 316/1405/1366 315/1404/1365
f 1281/1435/1396 313/190/164 316/1405/1366
f 342/97/86 1279/1433/1394 1277/92/82
f 344/1436/1397 1280/1434/1395 1279/1433/1394
f 345/1437/1398 1281/1435/1396 1280/1434/1395
f 346/1438/1399 1278/74/66 1281/1435/1396
f 1282/98/87 344/1436/1397 342/97/86
f 1284/1439/1400 345/1437/1398 344/1436/1397
f 1285/1440/1401 346/1438/1399 345/1437/1398
f 1286/1441/1402 343/140/120 346/1438/1399
f 352/102/90 1284/1439/1400 1282/98/87
f 354/1442/1403 1285/1440/1401 1284/1439/1400
f 355/1443/1404 1286/1441/1402 1285/1440/1401
f 356/1444/1405 1283/184/160 1286/1441/1402
f 1287/93/83 351/1445/1406 348/187/162
f 1289/1446/1407 350/1447/1408 351/1445/1406
f 1290/1448/1409 349/1449/1410 350/1447/1408
f 1291/1450/1411 347/101/89 349/1449/1410
f 338/157/134 1289/1446/1407 1287/93/83
f 341/1427/1388 1290/1448/1409 1289/1446/1407
f 340/1429/1390 1291/1450/1411 1290/1448/1409
f 339/1431/1392 1288/80/70 1291/1450/1411
f 375/189/163 1294/1451/1412 378/1452/1413
f 378/1452/1413 1295/1453/1414 377/1454/1415
f 377/1454/1415 1296/1455/1416 376/1456/1417
f 376/1456/1417 1293/174/150 374/176/152
f 1292/139/119 360/761/693 1294/1457/1412
f 1294/1451/1412 370/767/697 1295/1453/1414
f 1295/1453/1414 369/773/705 1296/1455/1416
f 1296/1455/1416 359/175/151 1293/174/150
f 1297/104/92 354/1442/1403 352/102/90
f 1299/1458/1418 355/1443/1404 354/1442/1403
f 1300/1459/1419 356/1444/1405 355/1443/1404
f 1301/1460/1420 353/181/157 356/1444/1405
f 375/189/163 1299/1458/1418 1297/104/92
f 378/1452/1413 1300/1459/1419 1299/1458/1418
f 377/1454/1415 1301/1460/1420 1300/1459/1419
f 376/1456/1417 1298/158/135 1301/1460/1420
f 1302/99/88 364/771/701 358/105/93
f 1304/1461/1421 365/776/708 364/771/701
f 1305/1462/1422 371/774/706 365/776/708
f 1306/1463/1423 359/175/151 371/774/706
f 348/187/162 1304/1461/1421 1302/99/88
f 351/1445/1406 1305/1462/1422 1304/1461/1421
f 350/1447/1408 1306/1463/1423 1305/1462/1422
f 349/1449/1410 1303/173/149 1306/1463/1423
f 317/88/78 1309/1464/1424 319/1412/1373
f 319/1412/1373 1310/1465/1425 320/1413/1374
f 320/1413/1374 1311/1466/1426 321/1414/1375
f 321/1414/1375 1308/168/144 318/126/109
f 1307/109/95 386/1467/1427 1309/1464/1424
f 1309/1464/1424 387/1468/1428 1310/1465/1425
f 1310/1465/1425 388/1469/1429 1311/1466/1426
f 1311/1466/1426 385/132/114 1308/168/144
f 380/111/97 1314/1470/1430 383/1471/1431
f 383/1471/1431 1315/1472/1432 382/1473/1433
f 382/1473/1433 1316/1474/1434 381/1475/1435
f 381/1475/1435 1313/115/100 379/114/99
f 1312/82/72 311/1416/1377 1314/1470/1430
f 1314/1470/1430 310/1418/1379 1315/1472/1432
f 1315/1472/1432 309/1420/1381 1316/1474/1434
f 1316/1474/1434 307/106/94 1313/115/100
f 1317/124/107 397/1476/712 394/180/156
f 1319/1477/1436 398/790/722 397/779/712
f 1320/1478/1437 404/786/718 398/790/722
f 1321/1479/1438 395/787/719 404/786/718
f 389/118/103 1319/1477/1436 1317/1480/107
f 391/1481/1439 1320/1478/1437 1319/1477/1436
f 392/1482/1440 1321/1479/1438 1320/1478/1437
f 393/1483/1441 1318/152/131 1321/1479/1438
f 384/110/96 1324/1484/1442 386/1467/1427
f 386/1467/1427 1325/1485/1443 387/1468/1428
f 387/1468/1428 1326/1486/1444 388/1469/1429
f 388/1469/1429 1323/151/130 385/132/114
f 1322/116/101 408/793/726 1324/1484/1442
f 1324/1484/1442 403/788/720 1325/1485/1443
f 1325/1485/1443 402/785/717 1326/1486/1444
f 1326/1486/1444 395/787/719 1323/151/130
f 389/118/103 1329/1487/1445 391/1481/1439
f 391/1481/1439 1330/1488/1446 392/1482/1440
f 392/1482/1440 1331/1489/1447 393/1483/1441
f 393/1483/1441 1328/150/129 390/149/128
f 1327/112/98 383/1471/1431 1329/1487/1445
f 1329/1487/1445 382/1473/1433 1330/1488/1446
f 1330/1488/1446 381/1475/1435 1331/1489/1447
f 1331/1489/1447 379/114/99 1328/150/129
f 396/117/102 1334/1490/1448 407/1491/727
f 407/778/1449 1333/177/153 394/180/1450
f 1332/67/61 299/750/1451 1334/1490/1448
f 1334/1492/1452 299/1493/1453 292/743/1452
f 1334/1494/1454 289/178/154 1333/177/153
f 253/48/43 1337/1495/1455 265/1496/1456
f 265/728/1457 1337/1497/1457 256/724/1458
f 1337/1497/1459 251/722/650 256/724/1460
f 1335/47/42 366/770/700 1337/1495/1455
f 366/1498/1461 1336/136/116 1337/1497/1459
f 526/260/234 1340/1499/1462 537/916/852
f 537/916/852 1341/1500/1463 538/907/842
f 1341/1500/1463 528/904/839 538/907/842
f 1342/1501/1464 200/243/217 528/904/839
f 1338/259/233 546/921/858 1340/1499/1462
f 1340/1499/1462 556/924/861 1341/1500/1463
f 556/924/861 1342/1501/1464 1341/1500/1463
f 555/932/869 1339/261/235 1342/1501/1464
f 1343/253/227 550/927/864 542/254/228
f 1345/1502/1465 551/929/866 550/927/864
f 551/929/866 1347/1503/1466 557/933/870
f 557/933/870 1344/240/214 543/301/275
f 560/231/205 1345/1502/1465 1343/253/227
f 565/937/874 1346/1504/1467 1345/1502/1465
f 1346/1504/1467 574/949/887 1347/1503/1466
f 1347/1503/1466 562/269/243 1344/240/214
f 1348/1505/262 569/946/882 561/943/274
f 1350/1506/1468 570/952/1469 569/946/882
f 570/952/890 1351/1507/1470 576/950/888
f 1351/1507/1470 562/269/243 576/950/888
f 1348/1505/262 534/912/846 1350/1506/1468
f 1350/1506/1468 1830/905/850 1351/1508/1471
f 1351/1508/1470 1830/905/840 527/906/841
f 1351/1507/1470 200/243/1472 1349/242/216
f 515/299/273 1354/1509/1473 522/901/836
f 522/901/836 1355/1510/1474 523/1511/1475
f 1355/1510/1474 518/900/835 523/1511/1475
f 1356/1512/1476 513/280/254 518/900/835
f 1352/296/270 552/928/865 1354/1509/1473
f 1354/1509/1473 545/922/859 1355/1510/1474
f 545/922/859 1356/1512/1476 1355/1510/1474
f 544/920/857 1353/274/248 1356/1512/1476
f 1357/1513/263 532/913/847 525/910/264
f 1359/1514/1477 533/919/1478 532/913/847
f 533/919/855 1360/1515/1479 539/917/853
f 1360/1515/1479 526/260/234 539/917/853
f 1357/1513/263 521/1516/1480 1359/1514/1477
f 1359/1514/1477 517/1517/1481 1360/1518/1482
f 1360/1518/1479 517/1517/1483 516/899/834
f 1360/1515/1479 513/280/254 1358/228/202
f 1361/1519/225 519/1520/1484 514/1521/223
f 1363/1522/1485 520/1523/1486 519/1520/1484
f 520/1523/1487 1364/1524/1488 524/902/837
f 1364/1524/1488 515/299/273 524/902/837
f 1361/1519/225 571/945/881 1363/1522/1485
f 1363/1522/1485 564/938/885 1364/1525/1489
f 1364/1525/1488 564/938/875 563/936/873
f 1364/1524/1488 560/231/205 1362/230/204
f 435/209/183 1367/1526/1490 438/818/1491
f 438/818/1491 1368/1527/1492 1827/1528/1493
f 1827/1528/1493 1369/1529/1494 441/1530/1495
f 441/1530/1495 1366/246/220 436/314/288
f 411/167/143 1367/1526/1490 1365/165/141
f 416/796/731 1368/1527/1492 1367/1526/1490
f 424/799/734 1369/1529/1494 1368/1527/1492
f 423/808/742 1366/246/220 1369/1529/1494
f 1370/258/232 453/1531/1496 447/216/190
f 1372/1532/1497 452/833/1498 453/1531/1496
f 1373/1533/1499 449/831/1500 452/833/1498
f 1374/1534/1501 445/316/290 449/831/1500
f 1370/258/232 423/809/742 1372/1532/1497
f 1372/1532/1497 420/805/740 1373/1533/1499
f 1373/1533/1499 419/802/737 1374/1534/1501
f 1374/1534/1501 412/804/739 1371/236/210
f 1375/315/289 441/1535/1495 436/314/288
f 1377/1536/1502 442/828/1503 441/1535/1495
f 1378/1537/1504 444/825/761 442/828/1503
f 1379/1538/1505 437/235/209 444/825/761
f 1375/315/289 453/1539/1496 1377/1536/1502
f 1377/1536/1502 452/1540/1506 1378/1537/1504
f 1378/1537/1504 451/836/1507 1379/1538/1505
f 1379/1538/1505 446/247/221 1376/233/207
f 465/851/788 1382/1541/1508 468/849/786
f 468/849/786 1383/1542/1509 469/852/789
f 469/852/789 1384/1543/1510 473/860/796
f 473/860/796 1381/278/252 466/320/294
f 426/219/193 1382/1541/1508 1380/298/272
f 430/811/1511 1383/1542/1509 1382/1541/1508
f 1826/813/1512 1384/1543/1510 1383/1542/1509
f 434/1544/1513 1381/278/252 1384/1543/1510
f 480/272/246 1387/1545/1514 483/864/1515
f 483/864/1515 1388/1546/1516 1825/1547/1517
f 1825/1547/1517 1389/1548/1518 485/1549/1519
f 485/1549/1519 1386/336/310 481/206/180
f 467/264/238 1387/1545/1514 1385/262/236
f 478/862/798 1388/1546/1516 1387/1545/1514
f 474/857/794 1389/1548/1518 1388/1546/1516
f 473/859/796 1386/336/310 1389/1548/1518
f 1390/208/182 485/1550/1519 481/206/180
f 1392/1551/1520 1825/871/1521 485/1550/1519
f 1393/1552/1522 488/869/1523 1825/871/1521
f 1394/1553/1524 482/270/244 488/869/1523
f 1390/208/182 434/1554/1513 1392/1551/1520
f 1392/1551/1520 433/816/1525 1393/1552/1522
f 1393/1552/1522 432/817/1526 1394/1553/1524
f 1394/1553/1524 427/265/239 1391/267/241
f 1395/256/230 463/1555/1527 457/195/169
f 1397/1556/1528 1828/843/1529 463/1555/1527
f 1398/1557/1530 459/839/775 1828/843/1529
f 1399/1558/1531 455/341/315 459/839/775
f 1395/256/230 496/882/817 1397/1556/1528
f 1397/1556/1528 493/875/809 1398/1557/1530
f 1398/1557/1530 492/872/806 1399/1558/1531
f 1399/1558/1531 489/874/808 1396/293/267
f 1400/326/300 496/879/817 490/279/253
f 1402/1559/1532 498/886/1533 496/879/817
f 1403/1560/1534 501/884/819 498/886/821
f 1404/1561/1535 491/284/258 501/884/819
f 1400/326/300 509/1562/1536 1402/1559/1532
f 1402/1559/1532 1829/1563/1537 1403/1560/1538
f 1403/1560/1534 506/887/822 1404/1561/1535
f 1404/1561/1535 503/198/172 1401/200/174
f 1405/340/314 509/1564/1536 504/327/301
f 1407/1565/1539 510/897/1540 509/1564/1536
f 1408/1566/1541 512/894/829 510/897/1540
f 1409/1567/1542 505/291/265 512/894/829
f 1405/340/314 463/1568/1527 1407/1565/1539
f 1407/1565/1539 464/1569/1543 1408/1566/1541
f 1408/1566/1541 462/847/781 1409/1567/1542
f 1409/1567/1542 456/844/780 1406/285/259
f 580/968/307 1412/1570/1544 591/966/908
f 591/966/908 1413/1571/1545 592/959/899
f 592/959/899 1414/1572/1546 583/955/894
f 583/955/894 1411/282/256 578/953/892
f 1410/1573/306 605/979/921 1412/1570/1544
f 1412/1570/1544 599/973/915 1413/1571/1545
f 1413/1571/1545 598/971/913 1414/1572/1546
f 1414/1572/1546 595/319/293 1411/282/256
f 1415/306/280 616/990/930 613/318/292
f 1417/1574/1547 617/1000/942 616/990/930
f 1418/1575/1548 623/996/938 617/1000/942
f 1419/1576/1549 614/997/198 623/996/938
f 597/305/279 1417/1574/1547 1415/306/280
f 610/986/926 1418/1575/1548 1417/1574/1547
f 604/981/922 1419/1576/1549 1418/1575/1548
f 603/978/920 1416/1577/196 1419/1576/1549
f 1420/309/283 586/963/903 579/307/281
f 1422/1578/1550 587/970/912 586/963/903
f 1423/1579/1551 593/967/909 587/970/912
f 1424/1580/1552 580/968/307 593/967/909
f 1420/309/283 628/1003/945 1422/1578/1550
f 1422/1578/1550 622/998/939 1423/1579/1551
f 1423/1579/1551 621/995/937 1424/1580/1552
f 1424/1580/1552 614/997/198 1421/1581/197
f 1425/1582/297 643/1019/963 632/1021/295
f 1427/1583/1553 644/1011/955 643/1019/963
f 1428/1584/1554 635/1007/951 644/1011/955
f 1429/1585/1555 630/1008/952 635/1007/951
f 649/1033/299 1427/1583/1553 1425/1582/297
f 658/1032/976 1428/1584/1554 1427/1583/1553
f 652/1036/980 1429/1585/1555 1428/1584/1554
f 651/1026/968 1426/226/200 1429/1585/1555
f 667/1054/312 1432/1586/1556 678/1052/999
f 678/1052/999 1433/1587/1557 679/1046/992
f 679/1046/992 1434/1588/1558 669/1042/988
f 669/1042/988 1431/213/187 665/212/186
f 1430/1589/311 645/1020/964 1432/1586/1556
f 1432/1586/1556 639/1016/960 1433/1587/1557
f 1433/1587/1557 638/1014/958 1434/1588/1558
f 1434/1588/1558 631/312/286 1431/213/187
f 1435/311/285 673/1050/996 666/313/287
f 1437/1590/1559 674/1056/1002 673/1050/996
f 1438/1591/1560 680/1053/1000 674/1056/1002
f 1439/1592/1561 667/1054/312 680/1053/1000
f 1435/311/285 663/1038/982 1437/1590/1559
f 1437/1590/1559 657/1034/977 1438/1591/1560
f 1438/1591/1560 656/1031/975 1439/1592/1561
f 1439/1592/1561 649/1033/299 1436/1593/298
f 1440/331/305 686/1059/1005 683/343/317
f 1442/1594/1562 687/1069/1015 686/1059/1005
f 1443/1595/1563 694/1065/1012 687/1069/1015
f 1444/1596/1564 684/1066/189 694/1065/1012
f 701/330/304 1442/1594/1562 1440/331/305
f 706/1075/1023 1443/1595/1563 1442/1594/1562
f 715/1078/1026 1444/1596/1564 1443/1595/1563
f 714/1086/1034 1441/1597/179 1444/1596/1564
f 702/302/276 1447/1598/1565 709/1081/1029
f 709/1081/1029 1448/1599/1566 710/1083/1031
f 710/1083/1031 1449/1600/1567 716/1087/1035
f 716/1087/1035 1446/1601/302 703/1088/177
f 1445/202/176 724/1092/1038 1447/1598/1565
f 1447/1598/1565 733/1096/1043 1448/1599/1566
f 1448/1599/1566 732/1103/1052 1449/1600/1567
f 1449/1600/1567 721/1105/303 1446/1601/302
f 1450/304/278 727/1100/1047 720/303/277
f 1452/1602/1568 728/1107/1056 727/1100/1047
f 1453/1603/1569 734/1104/1053 728/1107/1056
f 1454/1604/1570 721/1105/303 734/1104/1053
f 1450/304/278 698/1073/1019 1452/1602/1568
f 1452/1602/1568 693/1067/1013 1453/1603/1569
f 1453/1603/1569 692/1064/1011 1454/1604/1570
f 1454/1604/1570 684/1066/189 1451/1605/188
f 411/167/143 1457/1606/1571 414/795/730
f 1457/1606/1571 415/797/1572 414/795/730
f 1458/1607/1573 421/803/738 415/797/1572
f 1459/1608/1574 412/804/739 421/803/738
f 1455/166/142 600/972/914 1457/1606/1571
f 1457/1606/1571 609/975/917 1458/1607/1573
f 609/975/917 1459/1608/1574 1458/1607/1573
f 608/985/925 1456/237/211 1459/1608/1574
f 615/1001/943 1462/1609/1575 626/1004/1576
f 626/1004/1576 1462/1610/1575 627/992/1577
f 627/992/1578 1463/1611/1579 618/989/1580
f 1463/1611/1581 613/318/292 618/989/929
f 446/247/221 1462/1609/1575 1460/308/282
f 1462/1610/1582 448/830/1583 1463/1611/1579
f 1463/1611/1581 445/316/290 1461/317/291
f 426/219/193 1466/1612/1584 429/810/1585
f 429/810/1586 1466/1612/1587 1467/1613/1588
f 1467/1614/1589 427/265/239 429/815/1590
f 648/339/313 1466/1612/1584 1464/221/195
f 1466/1612/1587 662/1028/1591 1467/1613/1588
f 1467/1613/1589 662/1028/1592 661/1039/1593
f 1467/1614/1589 650/310/284 1465/1615/1594
f 1468/1616/1595 668/1043/1596 665/212/186
f 668/1043/989 1470/1617/1597 675/1618/1598
f 675/1049/995 1469/271/245 666/313/287
f 480/272/246 1470/1619/1599 1468/1616/1595
f 1470/1620/1600 482/270/244 1469/271/245
f 1471/283/257 499/883/818 491/284/258
f 499/883/818 1474/1621/1601 500/878/1602
f 1474/1621/1601 494/873/807 500/878/1602
f 494/873/807 1472/294/268 489/874/808
f 702/302/276 1473/1622/1603 1471/283/257
f 1473/1622/1603 705/1076/1024 1474/1621/1601
f 705/1076/1024 1475/1623/1604 1474/1621/1601
f 1475/1623/1604 701/330/304 1472/294/268
f 1476/286/260 697/1624/1020 685/1071/1017
f 697/1062/1009 1479/1625/1605 688/1058/1007
f 1479/1625/1606 683/343/317 688/1058/1004
f 456/844/780 1478/1626/1607 1476/286/260
f 1478/1627/1608 458/838/1609 1479/1625/1605
f 458/838/1610 1477/342/316 1479/1625/1606
f 578/953/892 1482/1628/1611 581/957/1612
f 1482/1628/1613 582/956/1614 581/957/1615
f 582/956/1616 1483/1629/1617 588/962/902
f 1483/1629/1617 579/307/281 588/962/902
f 1480/281/255 439/819/1618 1482/1628/1611
f 1482/1628/1613 443/823/1619 1483/1630/1620
f 1483/1629/1617 437/235/209 1481/234/208
f 467/264/238 1486/1631/1621 476/861/797
f 1486/1631/1621 477/854/1622 476/861/797
f 1487/1632/1623 470/850/787 477/854/1622
f 470/850/787 1485/225/199 465/851/788
f 631/312/286 1486/1631/1621 1484/263/237
f 640/1015/959 1487/1632/1623 1486/1631/1621
f 634/1009/953 1488/1633/1624 1487/1632/1623
f 1488/1633/1624 630/1008/952 1485/225/199
f 505/291/265 1491/1634/1625 511/893/828
f 511/892/1626 1492/1635/1627 507/888/1626
f 1492/1635/1628 503/198/172 507/888/1629
f 720/303/277 1491/1634/1625 1489/292/266
f 1491/1634/1625 729/1099/1046 723/1093/1630
f 723/1093/1631 1492/1635/1627 1491/1636/1632
f 1492/1635/1628 719/201/175 1490/1637/1633
f 757/368/339 1495/1638/1634 760/1639/1635
f 760/1639/1635 1496/1640/1636 759/1641/1637
f 759/1642/1638 1497/1643/1639 758/1644/1640
f 1497/1643/1639 756/523/477 758/1644/1640
f 1493/367/338 743/1645/1641 1495/1638/1634
f 1495/1638/1634 744/1646/1642 1496/1640/1636
f 1496/1647/1643 745/1648/1644 1497/1643/1639
f 745/1648/1644 1494/482/439 1497/1643/1639
f 1498/404/372 765/1649/1645 762/351/324
f 1500/1650/1646 764/1651/1647 765/1652/1645
f 1501/1653/1648 763/1654/1649 764/1651/1650
f 763/1654/1649 1499/462/422 761/364/335
f 746/534/486 1500/1655/1646 1498/404/372
f 748/1656/1651 1501/1653/1652 1500/1650/1646
f 749/1657/1653 1502/1658/1654 1501/1653/1648
f 1502/1658/1654 747/361/332 1499/462/422
f 1503/472/431 740/1659/1655 737/346/320
f 1505/1660/1656 739/1661/1657 740/1659/1655
f 1506/1662/1658 738/1663/1659 739/1664/1660
f 738/1663/1659 1504/347/321 736/359/330
f 757/368/339 1505/1660/1656 1503/472/431
f 760/1639/1635 1506/1665/1661 1505/1660/1656
f 759/1642/1638 1507/1666/1662 1506/1662/1658
f 1507/1666/1662 756/523/477 1504/347/321
f 752/501/456 1510/1667/1663 755/1668/1664
f 755/1669/1664 1511/1670/1665 754/1671/1666
f 754/1671/1667 1512/1672/1668 753/1673/1669
f 1512/1672/1668 751/353/325 753/1673/1669
f 1508/369/340 765/1649/1645 1510/1667/1663
f 1510/1674/1663 764/1651/1647 1511/1670/1665
f 1511/1670/1670 763/1654/1649 1512/1672/1668
f 763/1654/1649 1509/366/337 1512/1672/1668
f 767/502/457 1515/1675/1671 770/1676/1672
f 770/1677/1672 1516/1678/1673 769/1679/1674
f 769/1679/1675 1517/1680/1676 768/1681/1677
f 1517/1680/1676 766/372/342 768/1681/1677
f 1513/496/452 755/1668/1664 1515/1675/1671
f 1515/1682/1671 754/1671/1666 1516/1678/1673
f 1516/1678/1678 753/1673/1669 1517/1680/1676
f 753/1673/1669 1514/355/327 1517/1680/1676
f 741/358/329 1520/1683/1679 743/1645/1641
f 743/1645/1641 1521/1684/1680 744/1646/1642
f 744/1646/1681 1522/1685/1682 745/1686/1644
f 1522/1687/1682 742/378/348 745/1648/1644
f 1518/357/328 773/1688/1683 1520/1683/1679
f 1520/1683/1679 774/1689/1684 1521/1684/1680
f 1521/1684/1685 775/1690/1686 1522/1685/1682
f 775/1691/1686 1519/376/346 1522/1687/1682
f 771/387/356 1525/1692/1687 773/1688/1683
f 773/1688/1683 1526/1693/1688 774/1689/1684
f 774/1689/1689 1527/1694/1690 775/1690/1686
f 1527/1695/1690 772/375/345 775/1691/1686
f 1523/396/364 783/1696/1691 1525/1692/1687
f 1525/1692/1687 784/1697/1692 1526/1693/1688
f 1526/1693/1693 785/1698/1694 1527/1694/1690
f 785/1699/1694 1524/373/343 1527/1695/1690
f 777/535/487 1530/1700/1695 780/1701/1696
f 780/1701/1696 1531/1702/1697 779/1703/1698
f 779/1704/1699 1532/1705/1700 778/1706/1701
f 1532/1705/1700 776/382/352 778/1706/1701
f 1528/527/480 770/1676/1672 1530/1700/1695
f 1530/1700/1695 769/1707/1674 1531/1702/1697
f 1531/1708/1702 768/1681/1677 1532/1705/1700
f 768/1681/1677 1529/380/350 1532/1705/1700
f 1533/513/467 808/1709/1703 805/511/465
f 1535/1710/1704 807/1711/1705 808/1709/1703
f 1536/1712/1706 806/1713/1707 807/1711/1705
f 1537/1714/1708 804/1715/361 806/1713/1707
f 787/1118/1067 1535/1710/1704 1533/513/467
f 797/1117/1066 1536/1712/1706 1535/1710/1704
f 790/1121/1070 1537/1714/1708 1536/1712/1706
f 789/1111/1060 1534/476/433 1537/1714/1708
f 781/395/363 1540/1716/1709 783/1696/1691
f 783/1696/1691 1541/1717/1710 784/1697/1692
f 784/1697/1711 1542/1718/1712 785/1698/1694
f 785/1699/1694 1539/383/353 782/385/355
f 1538/495/451 808/1709/1703 1540/1716/1709
f 1540/1716/1713 807/1711/1705 1541/1717/1710
f 1541/1717/1714 806/1713/1707 1542/1718/1712
f 806/1719/1707 1539/383/353 1542/1720/1712
f 787/1118/1067 1545/1721/1715 795/1116/1065
f 795/1116/1065 1546/1722/1716 796/1119/1068
f 796/1128/1077 1547/1723/1717 801/1124/1073
f 801/1124/1073 1544/389/358 788/391/360
f 1543/512/466 780/1701/1696 1545/1721/1715
f 1545/1721/1715 779/1703/1698 1546/1722/1716
f 1546/1724/1718 778/1706/1701 1547/1723/1717
f 1547/1723/1717 776/382/352 1544/389/358
f 1548/412/379 748/1725/1651 746/534/486
f 1550/1726/1719 749/1657/1720 748/1656/1651
f 1551/1727/1721 750/1728/1722 749/1657/1653
f 750/1728/1722 1549/505/459 747/361/332
f 814/471/430 1550/1729/1719 1548/412/379
f 816/1730/1723 1551/1727/1724 1550/1726/1719
f 817/1731/1725 1552/1732/1726 1551/1727/1721
f 1552/1732/1726 815/401/369 1549/505/459
f 1553/344/318 813/1733/1727 810/520/474
f 1555/1734/1728 812/1735/1729 813/1733/1727
f 1556/1736/1730 811/1737/1731 812/1738/1732
f 811/1737/1731 1554/397/365 809/399/367
f 737/346/320 1555/1734/1728 1553/344/318
f 740/1659/1655 1556/1739/1733 1555/1734/1728
f 739/1664/1660 1557/1740/1734 1556/1736/1730
f 1557/1740/1734 736/359/330 1554/397/365
f 826/1147/1095 1560/1741/1735 837/1145/1093
f 837/1145/1093 1561/1742/1736 838/1136/1084
f 838/1136/1084 1562/1743/1737 828/1132/1080
f 828/1132/1080 1559/1744/423 824/1130/473
f 1558/486/442 821/1745/1738 1560/1741/1735
f 1560/1741/1735 822/1746/1739 1561/1742/1736
f 1561/1742/1736 823/1747/1740 1562/1743/1737
f 1562/1748/1737 820/407/375 1559/463/423
f 1563/487/443 816/1749/1723 814/471/430
f 1565/1750/1741 817/1731/1742 816/1730/1723
f 1566/1751/1743 818/1752/1744 817/1731/1725
f 1567/1753/1745 815/401/369 818/1752/1744
f 826/1147/1095 1565/1754/1741 1563/487/443
f 839/1755/1094 1566/1751/1746 1565/1750/1741
f 833/1756/1747 1567/1753/1745 1566/1751/1743
f 832/1141/1089 1564/409/377 1567/1753/1745
f 1568/489/445 821/1745/1738 819/488/444
f 1570/1757/1748 822/1746/1739 821/1745/1738
f 1571/1758/1749 823/1759/1740 822/1760/1739
f 823/1759/1740 1569/405/373 820/407/375
f 810/520/474 1570/1757/1748 1568/489/445
f 813/1733/1727 1571/1761/1750 1570/1757/1748
f 812/1738/1732 1572/1762/1751 1571/1758/1749
f 811/1737/1731 1569/405/373 1572/1762/1751
f 1573/485/441 866/1763/1752 863/414/380
f 1575/1764/1753 865/1765/1754 866/1763/1752
f 1576/1766/1755 864/1767/1756 865/1765/1754
f 1577/1768/1757 862/533/485 864/1767/1756
f 847/434/398 1575/1764/1753 1573/485/441
f 849/1769/1758 1576/1766/1755 1575/1764/1753
f 850/1770/1759 1577/1768/1757 1576/1766/1755
f 851/1771/1760 1574/532/484 1577/1768/1757
f 868/428/392 1580/1772/1761 871/1773/1762
f 871/1773/1762 1581/1774/1763 870/1775/1764
f 870/1775/1764 1582/1776/1765 869/1777/1766
f 869/1777/1766 1579/466/426 867/469/429
f 1578/427/391 854/1778/1767 1580/1772/1761
f 1580/1772/1761 855/1779/1768 1581/1774/1763
f 1581/1774/1763 856/1780/1769 1582/1776/1765
f 1582/1776/1765 853/467/427 1579/466/426
f 843/424/388 1585/1781/1770 846/1782/1771
f 846/1782/1771 1586/1783/1772 845/1784/1773
f 845/1784/1773 1587/1785/1774 844/1786/1775
f 844/1786/1775 1584/483/440 842/449/412
f 1583/415/381 866/1763/1752 1585/1781/1770
f 1585/1781/1770 865/1765/1754 1586/1783/1772
f 1586/1783/1772 864/1767/1756 1587/1785/1774
f 1587/1785/1774 862/533/485 1584/483/440
f 1588/429/393 861/1787/1776 858/468/428
f 1590/1788/1777 860/1789/1778 861/1787/1776
f 1591/1790/1779 859/1791/1780 860/1789/1778
f 1592/1792/1781 857/524/478 859/1791/1780
f 868/428/392 1590/1788/1777 1588/429/393
f 871/1773/1762 1591/1790/1779 1590/1788/1777
f 870/1775/1764 1592/1792/1781 1591/1790/1779
f 869/1777/1766 1589/504/458 1592/1792/1781
f 1593/420/385 876/1793/1782 873/498/453
f 1595/1794/1783 875/1795/1784 876/1793/1782
f 1596/1796/1785 874/1797/1786 875/1795/1784
f 1597/1798/1787 872/421/386 874/1797/1786
f 858/468/428 1595/1794/1783 1593/420/385
f 861/1787/1776 1596/1796/1785 1595/1794/1783
f 860/1789/1778 1597/1798/1787 1596/1796/1785
f 859/1791/1780 1594/437/401 1597/1798/1787
f 1598/435/399 849/1769/1758 847/434/398
f 1600/1799/1788 850/1770/1759 849/1769/1758
f 1601/1800/1789 851/1771/1760 850/1770/1759
f 1602/1801/1790 848/531/483 851/1771/1760
f 877/440/403 1600/1799/1788 1598/435/399
f 879/1802/1791 1601/1800/1789 1600/1799/1788
f 880/1803/1792 1602/1801/1790 1601/1800/1789
f 881/1804/1793 1599/417/383 1602/1801/1790
f 1603/441/404 879/1802/1791 877/440/403
f 1605/1805/1794 880/1803/1792 879/1802/1791
f 1606/1806/1795 881/1804/1793 880/1803/1792
f 1607/1807/1796 878/481/438 881/1804/1793
f 887/445/408 1605/1805/1794 1603/441/404
f 889/1808/1797 1606/1806/1795 1605/1805/1794
f 890/1809/1798 1607/1807/1796 1606/1806/1795
f 891/1810/1799 1604/525/479 1607/1807/1796
f 1608/436/400 886/1811/1800 883/528/481
f 1610/1812/1801 885/1813/1802 886/1811/1800
f 1611/1814/1803 884/1815/1804 885/1813/1802
f 1612/1816/1805 882/444/407 884/1815/1804
f 873/498/453 1610/1812/1801 1608/436/400
f 876/1793/1782 1611/1814/1803 1610/1812/1801
f 875/1795/1784 1612/1816/1805 1611/1814/1803
f 874/1797/1786 1609/423/387 1612/1816/1805
f 910/530/482 1615/1817/1806 913/1818/1807
f 913/1818/1807 1616/1819/1808 912/1820/1809
f 912/1820/1809 1617/1821/1810 911/1822/1811
f 911/1822/1811 1614/515/469 909/517/471
f 1613/480/437 896/1823/1100 1615/1824/1806
f 1615/1817/1806 905/1157/1104 1616/1819/1808
f 1616/1819/1808 904/1163/1113 1617/1821/1810
f 1617/1821/1810 894/516/470 1614/515/469
f 1618/447/410 889/1808/1797 887/445/408
f 1620/1825/1812 890/1809/1798 889/1808/1797
f 1621/1826/1813 891/1810/1799 890/1809/1798
f 1622/1827/1814 888/522/476 891/1810/1799
f 910/530/482 1620/1825/1812 1618/447/410
f 913/1818/1807 1621/1826/1813 1620/1825/1812
f 912/1820/1809 1622/1827/1814 1621/1826/1813
f 911/1822/1811 1619/499/454 1622/1827/1814
f 1623/442/405 900/1161/1108 893/448/411
f 1625/1828/1815 901/1166/1116 900/1161/1108
f 1626/1829/1816 906/1164/1114 901/1166/1116
f 1627/1830/1817 894/516/470 906/1164/1114
f 883/528/481 1625/1828/1815 1623/442/405
f 886/1811/1800 1626/1829/1816 1625/1828/1815
f 885/1813/1802 1627/1830/1817 1626/1829/1816
f 884/1815/1804 1624/514/468 1627/1830/1817
f 852/431/395 1630/1831/1818 854/1778/1767
f 854/1778/1767 1631/1832/1819 855/1779/1768
f 855/1779/1768 1632/1833/1820 856/1780/1769
f 856/1780/1769 1629/509/463 853/467/427
f 1628/452/413 921/1834/1821 1630/1831/1818
f 1630/1831/1818 922/1835/1822 1631/1832/1819
f 1631/1832/1819 923/1836/1823 1632/1833/1820
f 1632/1833/1820 920/473/432 1629/509/463
f 915/454/415 1635/1837/1824 918/1838/1825
f 918/1838/1825 1636/1839/1826 917/1840/1827
f 917/1840/1827 1637/1841/1828 916/1842/1829
f 916/1842/1829 1634/458/418 914/457/417
f 1633/425/389 846/1782/1771 1635/1837/1824
f 1635/1837/1824 845/1784/1773 1636/1839/1826
f 1636/1839/1826 844/1786/1775 1637/1841/1828
f 1637/1841/1828 842/449/412 1634/458/418
f 1638/465/425 932/1169/1120 929/521/475
f 1640/1843/1830 933/1178/1129 932/1169/1120
f 1641/1844/1831 940/1174/1125 933/1178/1129
f 1642/1845/1832 930/1175/1126 940/1174/1125
f 924/461/421 1640/1843/1830 1638/465/425
f 926/1846/1833 1641/1844/1831 1640/1843/1830
f 927/1847/1834 1642/1845/1832 1641/1844/1831
f 928/1848/1835 1639/493/449 1642/1845/1832
f 919/453/414 1645/1849/1836 921/1834/1821
f 921/1834/1821 1646/1850/1837 922/1835/1822
f 922/1835/1822 1647/1851/1838 923/1836/1823
f 923/1836/1823 1644/492/448 920/473/432
f 1643/459/419 943/1181/1133 1645/1849/1836
f 1645/1849/1836 939/1176/1127 1646/1850/1837
f 1646/1850/1837 938/1173/1124 1647/1851/1838
f 1647/1851/1838 930/1175/1126 1644/492/448
f 924/461/421 1650/1852/1839 926/1846/1833
f 926/1846/1833 1651/1853/1840 927/1847/1834
f 927/1847/1834 1652/1854/1841 928/1848/1835
f 928/1848/1835 1649/491/447 925/490/446
f 1648/455/416 918/1838/1825 1650/1852/1839
f 1650/1852/1839 917/1840/1827 1651/1853/1840
f 1651/1853/1840 916/1842/1829 1652/1854/1841
f 1652/1854/1841 914/457/417 1649/491/447
f 931/460/420 1655/1855/1842 934/1856/1134
f 934/1857/1119 1654/1858/472 929/1859/475
f 1653/410/378 834/1140/1843 1655/1855/1842
f 1655/1860/1844 834/1861/1845 827/1133/1846
f 1655/1862/1847 824/1130/473 1654/1858/472
f 788/391/360 1658/1863/1848 800/1864/1849
f 800/1125/1850 1658/1865/1850 791/1866/1851
f 1658/1867/1852 786/1108/1057 791/1110/1853
f 893/448/411 1658/1863/1848 1656/390/359
f 895/1868/1101 1657/477/434 1658/1867/1852
f 967/557/506 1661/1869/1854 970/1870/1855
f 970/1871/1855 1662/1872/1856 969/1873/1857
f 969/1873/1858 1663/1874/1859 968/1875/1860
f 1663/1874/1859 966/711/639 968/1875/1860
f 1659/556/505 953/1876/1861 1661/1869/1854
f 1661/1877/1854 954/1878/1862 1662/1872/1856
f 1662/1872/1863 955/1879/1864 1663/1874/1859
f 955/1879/1864 1660/673/605 1663/1874/1859
f 1664/593/539 975/1880/1865 972/540/491
f 1666/1881/1866 974/1882/1867 975/1880/1865
f 1667/1883/1868 973/1884/1869 974/1882/1870
f 973/1885/1869 1665/651/588 971/553/502
f 956/720/648 1666/1881/1866 1664/593/539
f 958/1886/1871 1667/1883/1872 1666/1881/1866
f 959/1887/1873 1668/1888/1874 1667/1883/1868
f 1668/1889/1874 957/550/499 1665/651/588
f 1669/663/597 950/1890/1875 947/508/462
f 1671/1891/1876 949/1892/1877 950/1893/1875
f 1672/1894/1878 948/1895/1879 949/1892/1880
f 948/1895/1879 1670/536/488 946/548/497
f 967/557/506 1671/1896/1876 1669/663/597
f 970/1871/1855 1672/1894/1881 1671/1891/1876
f 969/1873/1858 1673/1897/1882 1672/1894/1878
f 1673/1897/1882 966/711/639 1670/536/488
f 962/692/621 1676/1898/1883 965/1899/1884
f 965/1899/1884 1677/1900/1885 964/1901/1886
f 964/1901/1887 1678/1902/1888 963/1903/1889
f 1678/1904/1888 961/542/492 963/1905/1889
f 1674/558/507 975/1880/1865 1676/1898/1883
f 1676/1898/1883 974/1882/1867 1677/1900/1885
f 1677/1900/1890 973/1884/1869 1678/1902/1888
f 973/1885/1869 1675/555/504 1678/1904/1888
f 977/693/622 1681/1906/1891 980/1907/1892
f 980/1907/1892 1682/1908/1893 979/1909/1894
f 979/1909/1895 1683/1910/1896 978/1911/1897
f 1683/1912/1896 976/561/509 978/1913/1897
f 1679/687/617 965/1899/1884 1681/1906/1891
f 1681/1906/1891 964/1901/1886 1682/1908/1893
f 1682/1908/1898 963/1903/1889 1683/1910/1896
f 963/1905/1889 1680/544/494 1683/1912/1896
f 951/547/496 1686/1914/1899 953/1876/1861
f 953/1915/1861 1687/1916/1900 954/1878/1862
f 954/1878/1901 1688/1917/1902 955/1879/1864
f 1688/1917/1902 952/567/515 955/1879/1864
f 1684/546/495 983/1918/1903 1686/1914/1899
f 1686/1919/1899 984/1920/1904 1687/1916/1900
f 1687/1916/1905 985/1921/1906 1688/1917/1902
f 985/1921/1906 1685/565/513 1688/1917/1902
f 981/576/523 1691/1922/1907 983/1918/1903
f 983/1923/1903 1692/1924/1908 984/1920/1904
f 984/1920/1909 1693/1925/1910 985/1921/1906
f 1693/1925/1910 982/564/512 985/1921/1906
f 1689/585/531 993/1926/1911 1691/1922/1907
f 1691/1922/1907 994/1927/1912 1692/1928/1908
f 1692/1924/1913 995/1929/1914 1693/1925/1910
f 995/1929/1914 1690/562/510 1693/1925/1910
f 987/721/649 1696/1930/1915 990/1931/1916
f 990/1931/1916 1697/1932/1917 989/1933/1918
f 989/1933/1919 1698/1934/1920 988/1935/1921
f 1698/1934/1920 986/1936/519 988/1935/1921
f 1694/714/642 980/1907/1892 1696/1930/1915
f 1696/1930/1915 979/1909/1894 1697/1932/1917
f 1697/1932/1922 978/1911/1897 1698/1934/1920
f 978/1911/1897 1695/1937/517 1698/1934/1920
f 1699/701/629 1018/1938/1923 1015/699/627
f 1701/1939/1924 1017/1940/1925 1018/1938/1923
f 1702/1941/1926 1016/1942/1927 1017/1940/1925
f 1703/1943/1928 1014/581/528 1016/1944/1927
f 997/1193/1147 1701/1939/1924 1699/701/629
f 1007/1192/1146 1702/1941/1926 1701/1939/1924
f 1000/1196/1150 1703/1945/1928 1702/1941/1926
f 999/1946/1140 1700/667/599 1703/1943/1928
f 991/584/530 1706/1947/1929 993/1926/1911
f 993/1926/1911 1707/1948/1930 994/1927/1912
f 994/1949/1931 1708/1950/1932 995/1929/1914
f 995/1929/1914 1705/572/520 992/574/522
f 1704/686/616 1018/1938/1923 1706/1947/1929
f 1706/1947/1933 1017/1940/1925 1707/1948/1930
f 1707/1951/1934 1016/1944/1927 1708/1950/1932
f 1016/1944/1927 1705/572/520 1708/1950/1932
f 997/1193/1147 1711/1952/1935 1005/1191/1145
f 1005/1191/1145 1712/1953/1936 1006/1194/1148
f 1006/1194/1157 1713/1954/1937 1011/1200/1153
f 1011/1200/1153 1710/1955/525 998/1198/527
f 1709/700/628 990/1931/1916 1711/1952/1935
f 1711/1952/1935 989/1933/1918 1712/1953/1936
f 1712/1953/1938 988/1935/1921 1713/1954/1937
f 1713/1954/1937 986/1936/519 1710/1955/525
f 1714/601/546 958/1886/1871 956/720/648
f 1716/1956/1939 959/1887/1940 958/1886/1871
f 1717/1957/1941 960/1958/1942 959/1887/1873
f 960/1959/1942 1715/696/624 957/550/499
f 1024/662/596 1716/1956/1939 1714/601/546
f 1026/1960/1943 1717/1957/1944 1716/1956/1939
f 1027/1961/1945 1718/1962/1946 1717/1957/1941
f 1718/1963/1946 1025/590/536 1715/696/624
f 1719/506/460 1023/1964/1947 1020/708/636
f 1721/1965/1948 1022/1966/1949 1023/1967/1947
f 1722/1968/1950 1021/1969/1951 1022/1966/1952
f 1021/1969/1951 1720/586/532 1019/588/534
f 947/508/462 1721/1970/1948 1719/506/460
f 950/1893/1875 1722/1968/1953 1721/1965/1948
f 949/1892/1880 1723/1971/1954 1722/1968/1950
f 1723/1971/1954 946/548/497 1720/586/532
f 1036/1215/1175 1726/1972/1955 1047/1213/1173
f 1047/1213/1173 1727/1973/1956 1048/1206/1164
f 1048/1206/1164 1728/1974/1957 1038/1202/1160
f 1038/1202/1160 1725/652/589 1034/707/635
f 1724/677/608 1031/1975/1958 1726/1972/1955
f 1726/1972/1955 1032/1976/1959 1727/1973/1956
f 1727/1973/1956 1033/1977/1960 1728/1974/1957
f 1728/1974/1957 1030/1978/542 1725/652/589
f 1729/678/609 1026/1960/1943 1024/662/596
f 1731/1979/1961 1027/1961/1962 1026/1960/1943
f 1732/1980/1963 1028/1981/1964 1027/1961/1945
f 1733/1982/1965 1025/590/536 1028/1983/1964
f 1036/1215/1175 1731/1979/1961 1729/678/609
f 1049/1214/1174 1732/1980/1966 1731/1979/1961
f 1043/1217/1967 1733/1984/1965 1732/1980/1963
f 1042/1985/1169 1730/598/544 1733/1982/1965
f 1734/680/611 1031/1975/1958 1029/679/610
f 1736/1986/1968 1032/1987/1959 1031/1988/1958
f 1737/1989/1969 1033/1990/1960 1032/1987/1959
f 1033/1990/1960 1735/594/540 1030/596/542
f 1020/708/636 1736/1991/1968 1734/680/611
f 1023/1967/1947 1737/1989/1970 1736/1986/1968
f 1022/1966/1952 1738/1992/1971 1737/1989/1969
f 1021/1969/1951 1735/594/540 1738/1992/1971
f 1739/676/607 1076/1993/1972 1073/603/547
f 1741/1994/1973 1075/1995/1974 1076/1993/1972
f 1742/1996/1975 1074/1997/1976 1075/1995/1974
f 1743/1998/1977 1072/719/647 1074/1997/1976
f 1057/623/565 1741/1994/1973 1739/676/607
f 1059/1999/1978 1742/1996/1975 1741/1994/1973
f 1060/2000/1979 1743/1998/1977 1742/1996/1975
f 1061/2001/1980 1740/718/646 1743/1998/1977
f 1078/617/559 1746/2002/1981 1081/2003/1982
f 1081/2003/1982 1747/2004/1983 1080/2005/1984
f 1080/2005/1984 1748/2006/1985 1079/2007/1986
f 1079/2007/1986 1745/657/592 1077/660/595
f 1744/616/558 1064/2008/1987 1746/2002/1981
f 1746/2002/1981 1065/2009/1988 1747/2004/1983
f 1747/2004/1983 1066/2010/1989 1748/2006/1985
f 1748/2006/1985 1063/658/593 1745/657/592
f 1053/613/555 1751/2011/1990 1056/2012/1991
f 1056/2012/1991 1752/2013/1992 1055/2014/1993
f 1055/2015/1993 1753/2016/1994 1054/2017/1995
f 1054/2018/1995 1750/674/606 1052/638/578
f 1749/604/548 1076/1993/1972 1751/2011/1990
f 1751/2011/1990 1075/1995/1974 1752/2013/1992
f 1752/2019/1992 1074/2020/1976 1753/2016/1994
f 1753/2021/1994 1072/719/647 1750/674/606
f 1754/618/560 1071/2022/1996 1068/659/594
f 1756/2023/1997 1070/2024/1998 1071/2022/1996
f 1757/2025/1999 1069/2026/2000 1070/2024/1998
f 1758/2027/2001 1067/712/640 1069/2026/2000
f 1078/617/559 1756/2023/1997 1754/618/560
f 1081/2003/1982 1757/2025/1999 1756/2023/1997
f 1080/2005/1984 1758/2027/2001 1757/2025/1999
f 1079/2007/1986 1755/695/623 1758/2027/2001
f 1759/609/552 1086/2028/2002 1083/689/618
f 1761/2029/2003 1085/2030/2004 1086/2028/2002
f 1762/2031/2005 1084/2032/2006 1085/2030/2004
f 1763/2033/2007 1082/610/553 1084/2032/2006
f 1068/659/594 1761/2029/2003 1759/609/552
f 1071/2022/1996 1762/2031/2005 1761/2029/2003
f 1070/2024/1998 1763/2033/2007 1762/2031/2005
f 1069/2026/2000 1760/626/568 1763/2033/2007
f 1764/624/566 1059/1999/1978 1057/623/565
f 1766/2034/2008 1060/2000/1979 1059/1999/1978
f 1767/2035/2009 1061/2001/1980 1060/2000/1979
f 1768/2036/2010 1058/717/645 1061/2001/1980
f 1087/629/570 1766/2034/2008 1764/624/566
f 1089/2037/2011 1767/2035/2009 1766/2034/2008
f 1090/2038/2012 1768/2036/2010 1767/2035/2009
f 1091/2039/2013 1765/606/550 1768/2036/2010
f 1769/630/571 1089/2037/2011 1087/629/570
f 1771/2040/2014 1090/2038/2012 1089/2037/2011
f 1772/2041/2015 1091/2039/2013 1090/2038/2012
f 1773/2042/2016 1088/672/604 1091/2039/2013
f 1097/634/574 1771/2040/2014 1769/630/571
f 1099/2043/2017 1772/2041/2015 1771/2040/2014
f 1100/2044/2018 1773/2042/2016 1772/2041/2015
f 1101/2045/2019 1770/713/641 1773/2042/2016
f 1774/625/567 1096/2046/2020 1093/715/643
f 1776/2047/2021 1095/2048/2022 1096/2046/2020
f 1777/2049/2023 1094/2050/2024 1095/2048/2022
f 1778/2051/2025 1092/633/573 1094/2050/2024
f 1083/689/618 1776/2047/2021 1774/625/567
f 1086/2028/2002 1777/2049/2023 1776/2047/2021
f 1085/2030/2004 1778/2051/2025 1777/2049/2023
f 1084/2032/2006 1775/612/554 1778/2051/2025
f 1120/716/644 1781/2052/2026 1123/2053/2027
f 1123/2053/2027 1782/2054/2028 1122/2055/2029
f 1122/2055/2029 1783/2056/2030 1121/2057/2031
f 1121/2057/2031 1780/703/631 1119/705/633
f 1779/671/603 1105/1219/1180 1781/2052/2026
f 1781/2052/2026 1115/1223/1184 1782/2054/2028
f 1782/2054/2028 1114/1229/1192 1783/2056/2030
f 1783/2056/2030 1104/704/632 1780/703/631
f 1784/636/576 1099/2043/2017 1097/634/574
f 1786/2058/2032 1100/2044/2018 1099/2043/2017
f 1787/2059/2033 1101/2045/2019 1100/2044/2018
f 1788/2060/2034 1098/710/638 1101/2045/2019
f 1120/716/644 1786/2058/2032 1784/636/576
f 1123/2053/2027 1787/2059/2033 1786/2058/2032
f 1122/2055/2029 1788/2060/2034 1787/2059/2033
f 1121/2057/2031 1785/690/619 1788/2060/2034
f 1789/631/572 1109/1227/1188 1103/637/577
f 1791/2061/2035 1110/1232/1195 1109/1227/1188
f 1792/2062/2036 1116/1230/1193 1110/1232/1195
f 1793/2063/2037 1104/704/632 1116/1230/1193
f 1093/715/643 1791/2061/2035 1789/631/572
f 1096/2046/2020 1792/2062/2036 1791/2061/2035
f 1095/2048/2022 1793/2063/2037 1792/2062/2036
f 1094/2050/2024 1790/702/630 1793/2063/2037
f 1062/620/562 1796/2064/2038 1064/2008/1987
f 1064/2008/1987 1797/2065/2039 1065/2009/1988
f 1065/2009/1988 1798/2066/2040 1066/2010/1989
f 1066/2010/1989 1795/697/625 1063/658/593
f 1794/641/579 1131/2067/2041 1796/2064/2038
f 1796/2064/2038 1132/2068/2042 1797/2065/2039
f 1797/2065/2039 1133/2069/2043 1798/2066/2040
f 1798/2066/2040 1130/664/598 1795/697/625
f 1125/643/581 1801/2070/2044 1128/2071/2045
f 1128/2071/2045 1802/2072/2046 1127/2073/2047
f 1127/2074/2047 1803/2075/2048 1126/2076/2049
f 1126/2077/2049 1800/647/584 1124/646/583
f 1799/614/556 1056/2012/1991 1801/2070/2044
f 1801/2070/2044 1055/2014/1993 1802/2072/2046
f 1802/2078/2046 1054/2017/1995 1803/2075/2048
f 1803/2079/2048 1052/638/578 1800/647/584
f 1804/656/591 1142/1235/1199 1139/709/637
f 1806/2080/2050 1143/1245/1209 1142/1235/1199
f 1807/2081/2051 1149/1246/1205 1143/1245/1209
f 1808/2082/2052 1140/2083/1206 1149/1246/1205
f 1134/655/587 1806/2080/2050 1804/656/591
f 1136/2084/2053 1807/2081/2051 1806/2080/2050
f 1137/2085/2054 1808/2082/2052 1807/2081/2051
f 1138/2086/2055 1805/684/615 1808/2087/2052
f 1129/642/580 1811/2088/2056 1131/2067/2041
f 1131/2067/2041 1812/2089/2057 1132/2068/2042
f 1132/2068/2042 1813/2090/2058 1133/2069/2043
f 1133/2069/2043 1810/683/614 1130/664/598
f 1809/648/585 1153/1250/1213 1811/2088/2056
f 1811/2088/2056 1148/1242/1207 1812/2089/2057
f 1812/2089/2057 1147/1239/1204 1813/2090/2058
f 1813/2090/2058 1140/1241/1206 1810/683/614
f 1134/650/587 1816/2091/2059 1136/2092/2053
f 1136/2084/2053 1817/2093/2060 1137/2085/2054
f 1137/2085/2054 1818/2094/2061 1138/2095/2055
f 1138/2086/2055 1815/682/613 1135/681/612
f 1814/644/582 1128/2071/2045 1816/2091/2059
f 1816/2096/2059 1127/2074/2047 1817/2093/2060
f 1817/2093/2060 1126/2076/2049 1818/2094/2061
f 1818/2097/2061 1124/646/583 1815/682/613
f 1141/649/586 1821/2098/2062 1152/2099/1214
f 1152/1234/2063 1820/706/634 1139/709/2064
f 1819/599/545 1044/2100/2065 1821/2098/2062
f 1821/2101/2066 1044/2102/2066 1037/1203/2067
f 1821/2103/2068 1034/707/635 1820/706/634
f 998/580/527 1824/2104/2069 1010/2105/2070
f 1010/1189/2071 1824/2106/2071 1001/1185/2071
f 1824/2107/2072 996/2108/1137 1001/2109/2073
f 1822/579/526 1111/1226/1187 1824/2104/2069
f 1111/2110/2074 1823/668/600 1824/2107/2072
f 509/1562/1536 510/2111/1540 1829/1563/2075
f 485/1549/2076 486/2112/2077 1825/1547/2078
f 441/1530/2079 442/2113/2080 1827/1528/2081
f 434/1544/2082 1826/813/2083 433/2114/2082
f 453/1531/2084 452/833/2085 454/2115/2086
f 463/1555/2087 1828/843/2088 464/2116/2088
f 212/18/15 1228/164/140 102/19/16
f 231/29/25 22/28/24 108/36/32
f 1208/37/33 108/36/32 23/38/34
f 241/39/35 23/38/34 115/45/40
f 10/73/65 313/190/164 1278/74/66
f 24/76/67 323/127/110 1272/77/68
f 337/78/69 8/95/65 98/79/65
f 15/83/73 103/87/77 1257/84/74
f 15/83/73 333/85/75 1267/86/76
f 103/87/77 14/20/17 317/88/78
f 22/28/24 338/157/134 1287/93/83
f 1273/94/84 97/75/65 8/95/65
f 23/38/34 348/187/162 1302/99/88
f 1288/80/70 98/79/65 11/100/65
f 115/45/40 1302/99/88 358/105/93
f 307/106/94 1263/142/122 96/107/65
f 14/20/17 102/19/16 1307/109/95
f 102/19/16 13/60/54 384/110/96
f 100/113/65 12/134/65 379/114/99
f 13/60/54 110/59/53 1322/116/101
f 110/59/53 1332/67/61 396/117/102
f 7/108/65 96/107/65 1258/125/108
f 109/22/19 1267/86/76 323/127/110
f 96/107/65 9/143/65 332/128/111
f 385/132/114 1323/151/130 101/133/65
f 97/75/65 1278/74/66 343/140/120
f 226/21/18 1178/119/104 103/87/77
f 1263/142/122 327/192/166 9/143/65
f 101/133/65 1318/152/131 390/149/128
f 1323/151/130 395/787/719 1318/152/131
f 114/11/9 1272/77/68 338/157/134
f 11/100/65 353/181/157 1298/158/135
f 95/162/65 1268/163/139 332/128/111
f 10/73/65 322/183/159 1268/163/139
f 1228/164/140 280/58/52 13/60/54
f 7/108/65 100/113/65 1313/115/100
f 1365/165/141 137/210/184 1455/166/142
f 1308/168/144 385/132/114 12/134/65
f 1303/173/149 99/159/136 1293/174/150
f 99/159/136 1298/158/135 374/176/152
f 17/57/51 104/55/49 1312/82/72
f 12/134/65 101/133/65 1328/150/129
f 98/79/65 1283/184/160 353/181/157
f 322/183/159 10/73/65 97/75/65
f 8/95/65 343/140/120 1283/184/160
f 108/36/32 1287/93/83 348/187/162
f 313/190/164 10/73/65 95/162/65
f 1253/191/165 95/162/65 9/143/65
f 347/101/89 11/100/65 99/159/136
f 318/126/109 1308/168/144 100/113/65
f 435/209/183 1480/281/255 137/210/184
f 447/216/190 1375/315/289 124/217/191
f 1416/222/196 132/335/309 1421/223/197
f 27/227/201 526/260/234 1358/228/202
f 1371/236/210 412/804/739 1456/237/211
f 413/244/218 28/273/247 122/245/219
f 446/247/221 1460/308/282 134/248/222
f 514/249/223 1357/289/263 121/250/224
f 447/216/190 29/218/192 123/257/231
f 27/227/201 122/245/219 1338/259/233
f 28/273/247 123/257/231 1353/274/248
f 29/218/192 513/280/254 1353/274/248
f 29/218/192 124/217/191 1358/228/202
f 1480/281/255 578/953/892 1411/282/256
f 1348/288/262 121/250/224 1357/289/263
f 28/273/247 541/275/249 1338/259/233
f 30/252/226 542/254/228 1352/296/270
f 32/232/206 126/297/271 1352/296/270
f 33/239/213 128/255/229 1339/261/235
f 120/238/212 1456/237/211 597/305/279
f 436/314/288 27/227/201 124/217/191
f 445/316/290 1371/236/210 120/238/212
f 1461/317/291 120/238/212 1415/306/280
f 137/210/184 1411/282/256 595/319/293
f 413/244/218 1370/258/232 123/257/231
f 436/314/288 1366/246/220 122/245/219
f 1421/223/197 132/335/309 1410/332/306
f 596/334/308 1410/332/306 132/335/309
f 333/85/75 1257/84/74 1259/1406/1367
f 335/1409/1370 1260/1408/1369 1261/1410/1371
f 309/1420/1381 1266/1419/1380 1263/142/122
f 1274/1428/1389 1275/1430/1391 340/1429/1390
f 1291/1450/1411 1288/80/70 347/101/89
f 348/187/162 351/1445/1406 1304/1461/1421
f 349/1449/1410 347/101/89 1303/173/149
f 317/88/78 1307/109/95 1309/1464/1424
f 1311/1466/1426 388/1469/1429 385/132/114
f 387/1468/1428 1325/1485/1443 1326/1486/1444
f 1324/1484/1442 408/793/726 403/788/720
f 544/920/857 541/275/249 1353/274/248
f 1357/1513/263 1359/1514/1477 532/913/847
f 1359/1514/1477 1360/1518/1482 533/919/1478
f 1360/1515/1479 1358/228/202 526/260/234
f 1357/1513/263 514/1521/223 521/1516/1480
f 1359/1514/1477 521/1516/1480 517/1517/1481
f 1360/1515/1479 516/899/834 513/280/254
f 435/209/183 1365/165/141 1367/1526/1490
f 1827/1528/1493 1368/1527/1492 1369/1529/1494
f 411/167/143 416/796/731 1367/1526/1490
f 424/799/734 423/808/742 1369/1529/1494
f 1370/258/232 1372/1532/1497 453/1531/1496
f 1372/1532/1497 1373/1533/1499 452/833/1498
f 1373/1533/1499 1374/1534/1501 449/831/1500
f 1374/1534/1501 1371/236/210 445/316/290
f 1370/258/232 413/244/218 423/809/742
f 1373/1533/1499 420/805/740 419/802/737
f 1377/1536/1502 1378/1537/1504 442/828/1503
f 1379/1538/1505 1376/233/207 437/235/209
f 1378/1537/1504 452/1540/1506 451/836/1507
f 583/955/894 1414/1572/1546 1411/282/256
f 1410/1573/306 596/980/308 605/979/921
f 1412/1570/1544 605/979/921 599/973/915
f 1413/1571/1545 599/973/915 598/971/913
f 1414/1572/1546 598/971/913 595/319/293
f 1415/306/280 1417/1574/1547 616/990/930
f 597/305/279 610/986/926 1417/1574/1547
f 610/986/926 604/981/922 1418/1575/1548
f 1232/1/1 93/70/2 1/2/2
f 1183/4/4 221/182/158 20/5/5
f 89/7/2 1177/61/55 227/8/7
f 216/10/8 24/76/67 114/11/9
f 4/13/2 90/43/2 1197/14/11
f 201/16/13 1183/4/4 106/6/6
f 226/21/18 15/83/73 109/22/19
f 3/9/2 88/27/2 1172/24/21
f 1187/26/23 217/160/137 4/13/2
f 1193/12/10 114/11/9 22/28/24
f 1203/30/26 105/96/85 19/31/27
f 1198/33/29 117/90/80 26/34/30
f 1218/40/36 113/50/45 18/41/37
f 90/43/2 2/156/2 236/44/39
f 1223/46/41 115/45/40 1335/47/42
f 269/49/44 25/103/91 113/50/45
f 91/51/2 5/153/2 246/52/46
f 1233/54/48 201/16/13 16/17/14
f 274/56/50 1233/54/48 104/55/49
f 280/58/52 1243/66/60 110/59/53
f 1/2/2 211/193/167 1177/61/55
f 1248/62/56 274/56/50 17/57/51
f 285/64/58 1248/62/56 112/63/57
f 1243/66/60 290/748/679 1332/67/61
f 6/68/2 279/130/112 1227/69/62
f 106/6/6 20/5/5 328/71/63
f 104/55/49 16/17/14 308/81/71
f 116/89/79 1252/144/123 328/71/63
f 117/90/80 1277/92/82 312/91/81
f 19/31/27 342/97/86 1277/92/82
f 105/96/85 1282/98/87 342/97/86
f 18/41/37 352/102/90 1282/98/87
f 113/50/45 1297/104/92 352/102/90
f 25/103/91 375/189/163 1297/104/92
f 112/63/57 17/57/51 380/111/97
f 21/65/59 112/63/57 1327/112/98
f 1178/119/104 212/18/15 14/20/17
f 1238/120/105 285/1384/58 21/121/59
f 107/122/106 21/121/59 389/123/103
f 227/8/7 1187/26/23 88/27/2
f 1188/23/20 109/22/19 24/76/67
f 94/129/2 1242/146/125 279/130/112
f 202/3/3 1/2/2 89/7/2
f 16/17/14 106/6/6 1262/72/64
f 237/32/28 19/31/27 117/90/80
f 1213/135/115 251/722/650 1336/136/116
f 111/137/117 1336/136/116 357/138/118
f 207/35/31 26/34/30 116/89/79
f 26/34/30 312/91/81 1252/144/123
f 1237/145/124 291/757/688 1242/146/125
f 284/147/126 1237/145/124 94/129/2
f 5/153/2 92/169/145 1217/154/132
f 1192/155/133 232/161/138 2/156/2
f 217/160/137 1192/155/133 90/43/2
f 232/161/138 1207/186/161 91/51/2
f 92/169/145 1212/172/148 270/170/146
f 1222/171/147 252/732/660 1212/172/148
f 1238/120/105 107/122/106 1333/177/153
f 275/179/155 6/68/2 93/70/2
f 107/122/106 1317/124/107 394/180/156
f 247/42/38 18/41/37 105/96/85
f 1247/148/127 94/129/2 6/68/2
f 2/156/2 91/51/2 1202/53/47
f 1173/141/121 116/89/79 20/5/5
f 1213/185/115 111/188/117 25/103/91
f 1207/186/161 242/194/168 5/153/2
f 111/188/117 1292/2117/119 375/189/163
f 1182/131/113 89/7/2 3/9/2
f 88/27/2 4/13/2 206/15/12
f 93/70/2 1227/69/62 211/193/167
f 242/194/168 1222/171/147 92/169/145
f 457/195/169 1405/340/314 130/196/170
f 503/198/172 1490/1637/1633 136/199/173
f 136/199/173 1490/1637/1633 719/201/175
f 703/203/177 1446/328/302 131/204/178
f 481/206/180 32/232/206 127/207/181
f 138/211/185 1468/1616/1595 665/212/186
f 1441/205/179 131/204/178 1451/214/188
f 426/219/193 1380/298/272 135/220/194
f 1485/225/199 630/1008/952 1426/226/200
f 31/229/203 127/207/181 1362/230/204
f 32/232/206 515/299/273 1362/230/204
f 1376/233/207 134/248/222 1481/234/208
f 33/239/213 543/301/275 1344/240/214
f 34/197/171 130/196/170 1349/242/216
f 30/252/226 125/277/251 1343/253/227
f 457/195/169 34/197/171 128/255/229
f 34/197/171 200/243/217 1339/261/235
f 1385/262/236 138/211/185 1484/263/237
f 427/265/239 1465/1615/1594 119/266/240
f 35/268/242 562/269/243 1349/242/216
f 35/268/242 129/241/215 1344/240/214
f 482/270/244 1391/267/241 119/266/240
f 480/272/246 1468/1616/1595 138/211/185
f 428/276/250 31/229/203 125/277/251
f 490/279/253 1395/256/230 128/255/229
f 1401/200/174 136/199/173 1471/283/257
f 1406/285/259 456/844/780 1476/286/260
f 505/291/265 1406/285/259 139/287/261
f 1396/293/267 489/874/808 1472/294/268
f 31/229/203 560/231/205 1343/253/227
f 1380/298/272 465/851/788 1485/225/199
f 1361/251/225 121/250/224 1348/288/262
f 1471/283/257 136/199/173 1445/202/176
f 139/287/261 1450/304/278 720/303/277
f 1476/286/260 685/1071/1017 1450/304/278
f 134/248/222 1420/309/283 579/307/281
f 1460/308/282 615/1001/943 1420/309/283
f 119/266/240 1465/1615/1594 650/310/284
f 1484/263/237 138/211/185 1431/213/187
f 1469/271/245 119/266/240 1435/311/285
f 428/276/250 1390/208/182 127/207/181
f 466/320/294 1381/278/252 125/277/251
f 632/321/295 1430/337/311 133/322/296
f 1425/323/297 133/322/296 1436/324/298
f 490/279/253 33/239/213 129/241/215
f 504/327/301 1400/326/300 129/241/215
f 1451/214/188 131/204/178 1446/328/302
f 118/295/269 1472/294/268 701/330/304
f 466/320/294 30/252/226 126/297/271
f 481/206/180 1386/336/310 126/297/271
f 1436/324/298 133/322/296 1430/337/311
f 135/220/194 1426/226/200 648/339/313
f 504/327/301 35/268/242 130/196/170
f 455/341/315 1396/293/267 118/295/269
f 118/295/269 1440/331/305 683/343/317
f 1553/344/318 145/413/319 36/345/319
f 1504/347/321 756/523/477 55/348/322
f 141/350/319 1498/404/372 762/351/324
f 751/353/325 59/419/384 166/354/326
f 39/356/319 142/386/319 1518/357/328
f 736/359/330 1504/347/321 158/349/323
f 747/361/332 1549/505/459 154/362/333
f 761/364/335 50/426/390 161/365/336
f 38/352/319 140/370/319 1493/367/338
f 1508/369/340 752/501/456 39/356/319
f 1514/355/327 166/354/326 57/371/341
f 1524/373/343 157/439/402 54/374/344
f 1519/376/346 169/433/397 61/377/347
f 766/372/342 57/371/341 160/379/349
f 1529/380/350 160/379/349 58/381/351
f 1539/383/353 165/393/362 53/384/354
f 142/386/319 37/497/319 771/387/356
f 776/382/352 58/381/351 167/388/357
f 1544/389/358 167/388/357 1656/390/359
f 804/392/361 60/446/409 165/393/362
f 143/394/319 40/494/450 781/395/363
f 1554/397/365 736/359/330 51/360/331
f 809/399/367 1554/397/365 156/398/366
f 815/401/369 1564/409/377 162/402/370
f 36/345/319 746/534/486 1498/404/372
f 1569/405/373 809/399/367 52/400/368
f 820/407/375 1569/405/373 164/406/374
f 1564/409/377 825/1138/1086 1653/410/378
f 41/411/319 814/471/430 1548/412/379
f 158/349/323 55/348/322 863/414/380
f 45/416/382 848/531/483 1599/417/383
f 59/419/384 858/468/428 1593/420/385
f 872/421/386 43/438/382 150/422/382
f 156/398/366 51/360/331 843/424/388
f 50/426/390 155/430/394 1578/427/391
f 50/426/390 868/428/392 1588/429/393
f 155/430/394 49/363/334 852/431/395
f 168/432/396 1573/485/441 863/414/380
f 169/433/397 1598/435/399 847/434/398
f 54/374/344 877/440/403 1598/435/399
f 57/371/341 873/498/453 1608/436/400
f 1594/437/401 149/418/382 43/438/382
f 157/439/402 1603/441/404 877/440/403
f 53/384/354 887/445/408 1603/441/404
f 58/381/351 883/528/481 1623/442/405
f 1609/423/387 150/422/382 46/443/406
f 165/393/362 1618/447/410 887/445/408
f 60/446/409 910/530/482 1618/447/410
f 167/388/357 1623/442/405 893/448/411
f 842/449/412 1584/483/440 148/450/382
f 49/363/334 154/362/333 1628/452/413
f 154/362/333 48/403/371 919/453/414
f 164/406/374 52/400/368 915/454/415
f 152/456/382 47/475/382 914/457/417
f 48/403/371 162/402/370 1643/459/419
f 162/402/370 1653/410/378 931/460/420
f 56/408/376 164/406/374 1648/455/416
f 1499/462/422 747/361/332 49/363/334
f 1559/463/423 820/407/375 56/408/376
f 159/464/424 56/408/376 924/461/421
f 42/451/382 148/450/382 1579/466/426
f 762/351/324 1508/369/340 140/370/319
f 1509/366/337 161/365/336 59/419/384
f 161/365/336 1588/429/393 858/468/428
f 148/450/382 44/484/382 867/469/429
f 146/470/319 1563/487/443 814/471/430
f 737/346/320 36/345/319 141/350/319
f 51/360/331 158/349/323 1583/415/381
f 920/473/432 1644/492/448 153/474/382
f 772/375/345 54/374/344 169/433/397
f 1534/476/433 786/1108/1057 1657/477/434
f 163/478/435 1657/477/434 892/479/436
f 149/418/382 1599/417/383 878/481/438
f 742/378/348 61/377/347 168/432/396
f 761/364/335 1499/462/422 155/430/394
f 1584/483/440 862/533/485 44/484/382
f 61/377/347 847/434/398 1573/485/441
f 1558/486/442 826/1147/1095 1563/487/443
f 819/488/444 1558/486/442 146/470/319
f 153/474/382 1639/493/449 925/490/446
f 1644/492/448 930/1175/1126 1639/493/449
f 40/494/450 144/510/464 1538/495/451
f 1513/496/452 767/502/457 37/497/319
f 166/354/326 1593/420/385 873/498/453
f 46/443/406 888/522/476 1619/499/454
f 752/501/456 1513/496/452 142/386/319
f 767/502/457 1528/527/480 143/394/319
f 147/503/382 1589/504/458 867/469/429
f 45/416/382 857/524/478 1589/504/458
f 1549/505/459 815/401/369 48/403/371
f 42/451/382 152/456/382 1634/458/418
f 1719/506/460 175/602/461 62/507/461
f 1629/509/463 920/473/432 47/475/382
f 144/510/464 1533/513/467 805/511/465
f 1543/512/466 787/1118/1067 1533/513/467
f 1624/514/468 151/500/455 1614/515/469
f 151/500/455 1619/499/454 909/517/471
f 1559/463/423 159/464/424 1654/518/472
f 810/520/474 41/411/319 145/413/319
f 52/400/368 156/398/366 1633/425/389
f 159/464/424 1638/465/425 929/521/475
f 782/385/355 53/384/354 157/439/402
f 1568/489/445 146/470/319 41/411/319
f 47/475/382 153/474/382 1649/491/447
f 150/422/382 1604/525/479 888/522/476
f 37/497/319 143/394/319 1523/396/364
f 1494/482/439 168/432/396 55/348/322
f 857/524/478 45/416/382 149/418/382
f 43/438/382 878/481/438 1604/525/479
f 1534/526/433 163/529/435 60/446/409
f 1528/527/480 777/535/487 40/494/450
f 160/379/349 1608/436/400 883/528/481
f 163/529/435 1613/2118/437 910/530/482
f 1503/472/431 141/350/319 38/352/319
f 140/370/319 39/356/319 741/358/329
f 848/531/483 45/416/382 147/503/382
f 1574/532/484 147/503/382 44/484/382
f 145/413/319 1548/412/379 746/534/486
f 777/535/487 1543/512/466 144/510/464
f 882/444/407 46/443/406 151/500/455
f 853/467/427 1629/509/463 152/456/382
f 1670/536/488 966/711/639 81/537/489
f 171/539/461 1664/593/539 972/540/491
f 961/542/492 85/608/551 196/543/493
f 65/545/461 172/575/461 1684/546/495
f 946/548/497 1670/536/488 188/538/490
f 957/550/499 1715/696/624 184/551/500
f 971/553/502 76/615/557 191/554/503
f 64/541/461 170/559/461 1659/556/505
f 1674/558/507 962/692/621 65/545/461
f 1680/544/494 196/543/493 83/560/508
f 1690/562/510 187/628/569 80/563/511
f 1685/565/513 199/622/564 87/566/514
f 976/561/509 83/560/508 190/568/516
f 1695/569/517 190/568/516 84/570/518
f 1705/572/520 195/582/529 79/573/521
f 172/575/461 63/688/461 981/576/523
f 986/571/519 84/570/518 197/577/524
f 1710/578/525 197/577/524 1822/579/526
f 1014/581/528 86/635/575 195/582/529
f 173/583/461 66/685/461 991/584/530
f 1720/586/532 946/548/497 77/549/498
f 1019/588/534 1720/586/532 186/587/533
f 1025/590/536 1730/598/544 192/591/537
f 62/507/461 956/720/648 1664/593/539
f 1735/594/540 1019/588/534 78/589/535
f 1030/596/542 1735/594/540 194/595/541
f 1730/598/544 1035/2119/1166 1819/599/545
f 67/600/461 1024/662/596 1714/601/546
f 188/538/490 81/537/489 1073/603/547
f 71/605/549 1058/717/645 1765/606/550
f 85/608/551 1068/659/594 1759/609/552
f 1082/610/553 69/627/549 180/611/549
f 186/587/533 77/549/498 1053/613/555
f 76/615/557 185/619/561 1744/616/558
f 76/615/557 1078/617/559 1754/618/560
f 185/619/561 75/552/501 1062/620/562
f 198/621/563 1739/676/607 1073/603/547
f 199/622/564 1764/624/566 1057/623/565
f 80/563/511 1087/629/570 1764/624/566
f 83/560/508 1083/689/618 1774/625/567
f 1760/626/568 179/607/549 69/627/549
f 187/628/569 1769/630/571 1087/629/570
f 79/573/521 1097/634/574 1769/630/571
f 84/570/518 1093/715/643 1789/631/572
f 1775/612/554 180/611/549 72/632/549
f 195/582/529 1784/636/576 1097/634/574
f 86/635/575 1120/716/644 1784/636/576
f 197/577/524 1789/631/572 1103/637/577
f 1052/638/578 1750/674/606 178/639/549
f 75/552/501 184/551/500 1794/641/579
f 184/551/500 74/592/538 1129/642/580
f 194/595/541 78/589/535 1125/643/581
f 182/645/549 73/666/549 1124/646/583
f 74/592/538 192/591/537 1809/648/585
f 192/591/537 1819/599/545 1141/649/586
f 82/597/543 194/595/541 1814/644/582
f 1665/651/588 957/550/499 75/552/501
f 1725/652/589 1030/1978/542 82/653/543
f 189/654/590 82/653/543 1134/655/587
f 68/640/549 178/639/549 1745/657/592
f 972/540/491 1674/558/507 170/559/461
f 1675/555/504 191/554/503 85/608/551
f 191/554/503 1754/618/560 1068/659/594
f 178/639/549 70/675/549 1077/660/595
f 176/661/461 1729/678/609 1024/662/596
f 947/508/462 62/507/461 171/539/461
f 77/549/498 188/538/490 1749/604/548
f 1130/664/598 1810/683/614 183/665/549
f 982/564/512 80/563/511 199/622/564
f 1700/667/599 996/2108/1137 1823/668/600
f 193/669/601 1823/668/600 1102/670/602
f 179/607/549 1765/606/550 1088/672/604
f 952/567/515 87/566/514 198/621/563
f 971/553/502 1665/651/588 185/619/561
f 1750/674/606 1072/719/647 70/675/549
f 87/566/514 1057/623/565 1739/676/607
f 1724/677/608 1036/1215/1175 1729/678/609
f 1029/679/610 1724/677/608 176/661/461
f 183/665/549 1805/684/615 1135/681/612
f 1810/683/614 1140/1241/1206 1805/684/615
f 66/685/461 174/698/626 1704/686/616
f 1679/687/617 977/693/622 63/688/461
f 196/543/493 1759/609/552 1083/689/618
f 72/632/549 1098/710/638 1785/690/619
f 962/692/621 1679/687/617 172/575/461
f 977/693/622 1694/714/642 173/583/461
f 177/694/549 1755/695/623 1077/660/595
f 71/605/549 1067/712/640 1755/695/623
f 1715/696/624 1025/590/536 74/592/538
f 68/640/549 182/645/549 1800/647/584
f 1795/697/625 1130/664/598 73/666/549
f 174/698/626 1699/701/629 1015/699/627
f 1709/700/628 997/1193/1147 1699/701/629
f 1790/702/630 181/691/620 1780/703/631
f 181/691/620 1785/690/619 1119/705/633
f 1725/652/589 189/654/590 1820/706/634
f 1020/708/636 67/600/461 175/602/461
f 78/589/535 186/587/533 1799/614/556
f 189/654/590 1804/656/591 1139/709/637
f 992/574/522 79/573/521 187/628/569
f 1734/680/611 176/661/461 67/600/461
f 73/666/549 183/665/549 1815/682/613
f 180/611/549 1770/713/641 1098/710/638
f 63/688/461 173/583/461 1689/585/531
f 1660/673/605 198/621/563 81/537/489
f 1067/712/640 71/605/549 179/607/549
f 69/627/549 1088/672/604 1770/713/641
f 1700/667/599 193/669/601 86/635/575
f 1694/714/642 987/721/649 66/685/461
f 190/568/516 1774/625/567 1093/715/643
f 193/669/601 1779/671/603 1120/716/644
f 1669/663/597 171/539/461 64/541/461
f 170/559/461 65/545/461 951/547/496
f 1058/717/645 71/605/549 177/694/549
f 1740/718/646 177/694/549 70/675/549
f 175/602/461 1714/601/546 956/720/648
f 987/721/649 1709/700/628 174/698/626
f 1092/633/573 72/632/549 181/691/620
f 1063/658/593 1795/697/625 182/645/549
f 251/722/650 254/725/653 257/723/651
f 254/725/653 255/735/663 258/726/654
f 256/724/652 257/723/651 268/727/655
f 257/723/651 258/726/654 259/729/657
f 260/730/658 263/734/662 262/731/659
f 261/733/661 264/736/664 263/734/662
f 263/734/662 258/726/654 255/735/663
f 264/736/664 259/729/657 258/726/654
f 253/48/43 265/1496/667 267/737/665
f 266/740/666 267/739/665 264/736/669
f 267/739/665 268/727/668 259/729/671
f 289/178/154 292/743/674 294/741/672
f 292/743/674 299/1493/2089 295/744/675
f 293/742/673 294/741/672 306/745/676
f 294/741/672 295/744/675 296/747/678
f 290/748/679 297/1391/682 300/749/680
f 297/751/682 298/759/1353 301/752/683
f 300/753/680 301/752/683 296/747/685
f 302/755/686 305/758/689 304/756/687
f 303/746/677 306/745/676 305/758/689
f 305/758/689 301/752/691 298/759/690
f 306/745/676 296/747/678 301/752/691
f 357/138/118 366/1498/694 361/760/692
f 360/765/693 361/764/692 373/766/696
f 361/764/692 362/763/2090 363/768/698
f 358/105/93 364/771/701 367/769/699
f 364/771/701 365/776/708 368/772/702
f 367/769/699 368/772/702 363/768/704
f 369/773/705 372/775/707 371/774/706
f 370/767/697 373/766/709 372/775/707
f 372/775/707 368/772/702 365/776/708
f 373/766/709 363/768/704 368/772/702
f 394/180/156 397/1476/712 399/777/710
f 397/779/712 398/790/722 400/780/713
f 399/781/710 400/780/713 401/783/715
f 402/785/717 405/789/721 404/786/718
f 403/788/720 406/791/723 405/789/721
f 405/789/721 400/780/724 398/790/722
f 406/791/723 401/783/729 400/780/724
f 396/117/102 407/1491/727 409/792/725
f 408/793/726 409/792/725 406/791/723
f 409/792/725 410/784/728 401/783/729
f 414/795/730 417/798/733 416/796/731
f 415/797/732 422/800/735 417/798/733
f 417/798/733 418/801/736 424/799/734
f 419/802/737 422/806/735 421/803/738
f 420/805/740 418/2120/736 422/806/735
f 424/799/734 418/801/736 425/807/741
f 425/807/741 418/2120/736 420/805/740
f 429/810/743 432/2121/2091 430/811/744
f 430/811/744 432/2121/2091 431/812/746
f 433/816/749 1826/2122/2092 431/812/750
f 438/818/752 444/821/2093 439/819/753
f 438/818/755 1827/827/762 440/820/756
f 448/830/764 451/2123/2094 449/831/765
f 449/831/765 451/2123/2094 450/832/767
f 458/838/774 462/841/2095 459/839/775
f 459/839/775 462/841/2095 460/842/778
f 462/847/783 464/1569/2096 1828/848/784
f 468/849/786 471/853/790 470/850/787
f 469/852/789 472/2124/792 471/853/790
f 471/853/790 479/856/793 477/854/791
f 474/857/794 472/2125/792 475/858/795
f 475/858/795 472/2124/792 469/852/789
f 476/861/797 479/863/793 478/862/798
f 479/863/793 472/2125/792 474/857/794
f 483/864/799 488/867/803 487/865/800
f 483/864/799 1825/2126/805 484/866/802
f 492/872/806 495/876/810 494/873/807
f 493/875/809 498/2127/821 495/876/810
f 497/881/816 498/2127/821 493/875/809
f 499/883/818 502/885/820 501/884/819
f 500/878/812 495/877/810 502/885/820
f 506/887/822 512/890/825 507/888/823
f 506/887/822 1829/896/2097 508/889/824
f 200/243/217 527/906/841 529/903/838
f 1830/905/840 530/908/843 529/903/838
f 529/903/838 531/909/844 538/907/842
f 525/910/264 532/913/847 535/911/845
f 532/913/847 533/919/1478 536/914/848
f 534/912/846 535/911/845 530/908/849
f 535/911/845 536/914/848 531/915/851
f 537/916/852 540/918/854 539/917/853
f 538/907/842 531/909/844 540/918/854
f 540/918/854 536/914/2098 533/919/855
f 544/920/857 547/923/860 546/921/858
f 545/922/859 548/931/868 547/923/860
f 547/923/860 559/926/863 556/924/861
f 547/923/860 548/931/868 549/925/862
f 550/927/864 553/930/867 552/928/865
f 551/929/866 554/935/872 553/930/867
f 553/930/867 548/931/868 545/922/859
f 553/930/867 554/935/872 549/925/862
f 555/932/869 558/934/871 557/933/870
f 556/924/861 559/926/863 558/934/871
f 558/934/871 554/935/872 551/929/866
f 558/934/871 559/926/863 549/925/862
f 563/936/873 566/939/876 565/937/874
f 564/938/875 567/941/2099 566/939/876
f 566/939/876 568/942/879 575/940/877
f 561/943/274 569/946/882 572/944/880
f 569/946/882 570/952/1469 573/947/883
f 571/945/881 572/944/880 567/941/884
f 572/944/880 573/947/883 568/948/886
f 574/949/887 577/951/889 576/950/888
f 575/940/877 568/942/879 577/951/889
f 577/951/889 573/947/2100 570/952/890
f 578/953/892 581/957/1612 584/954/893
f 582/956/895 589/965/2101 584/954/896
f 583/955/894 584/954/896 590/958/898
f 584/954/896 589/965/2101 585/960/900
f 579/307/281 586/963/903 589/961/901
f 586/963/903 587/970/912 590/964/904
f 591/966/908 594/969/911 593/967/909
f 592/959/899 590/958/898 594/969/910
f 594/969/911 590/964/904 587/970/912
f 598/971/913 601/974/916 600/972/914
f 599/973/915 602/984/918 601/974/916
f 601/974/916 612/977/919 609/975/917
f 603/978/920 606/982/923 605/979/921
f 604/981/922 607/983/924 606/982/923
f 606/982/923 602/984/918 599/973/915
f 608/985/925 611/987/927 610/986/926
f 609/975/917 612/977/919 611/987/927
f 611/987/927 607/983/924 604/981/922
f 612/977/919 602/976/918 607/983/924
f 613/318/292 616/990/930 619/988/928
f 616/990/930 617/1000/942 625/991/931
f 619/988/932 629/994/936 627/992/933
f 619/988/932 625/991/931 620/993/935
f 621/995/937 624/999/940 623/996/938
f 622/998/939 625/1005/948 624/999/940
f 624/999/941 625/991/931 617/1000/942
f 615/1001/943 626/1004/1576 629/1002/944
f 628/1003/945 629/1002/944 625/1005/948
f 633/1006/950 636/1010/954 635/1007/951
f 634/1009/953 637/1012/956 636/1010/954
f 636/1010/954 647/1013/957 644/1011/955
f 637/1012/956 642/1018/962 647/1013/957
f 638/1014/958 641/1017/961 640/1015/959
f 639/1016/960 642/1023/962 641/1017/961
f 641/1017/961 637/1012/956 634/1009/953
f 643/1019/963 646/1022/965 645/1020/964
f 644/1011/955 647/1013/957 646/1022/965
f 646/1022/965 642/1023/962 639/1016/960
f 648/339/313 651/1026/968 654/1024/966
f 651/1026/968 652/1036/980 660/1027/969
f 654/1024/970 664/1030/974 662/1028/971
f 654/1024/970 660/1027/969 655/1029/973
f 656/1031/975 659/1035/978 658/1032/976
f 657/1034/977 660/1040/985 659/1035/978
f 659/1035/979 660/1027/969 652/1036/980
f 650/310/284 661/1039/1593 664/1037/981
f 663/1038/982 664/1037/981 660/1040/985
f 665/212/186 668/1043/1596 670/1041/987
f 668/1043/989 675/1618/1598 671/1044/990
f 669/1042/988 670/1041/987 682/1045/991
f 670/1041/987 671/1044/990 672/1047/993
f 666/313/287 673/1050/996 676/1048/994
f 673/1050/996 674/1056/1002 677/1051/997
f 676/1048/994 677/1051/997 672/1047/993
f 678/1052/999 681/1055/1001 680/1053/1000
f 679/1046/992 682/1045/991 681/1055/1001
f 681/1055/1001 677/1051/997 674/1056/1002
f 682/1045/991 672/1047/993 677/1051/997
f 683/343/317 686/1059/1005 689/1057/1003
f 686/1059/1005 687/1069/1015 690/1060/1006
f 688/1058/1007 689/1057/1003 700/1061/1008
f 689/1057/1003 690/1060/1006 691/1063/1010
f 692/1064/1011 695/1068/1014 694/1065/1012
f 693/1067/1013 696/1070/1016 695/1068/1014
f 695/1068/1014 690/1060/1006 687/1069/1015
f 696/1070/1016 691/1063/1010 690/1060/1006
f 685/1071/1017 697/1624/1020 699/1072/1018
f 698/1073/1019 699/1072/1018 696/1070/1016
f 699/1072/1018 700/1061/1021 691/1063/1010
f 704/1074/1022 707/1077/1025 706/1075/1023
f 705/1076/1024 708/1079/1027 707/1077/1025
f 707/1077/1025 718/1080/1028 715/1078/1026
f 708/1079/1027 713/1085/1033 718/1080/1028
f 709/1081/1029 712/1084/1032 711/1082/1030
f 710/1083/1031 713/1090/1033 712/1084/1032
f 712/1084/1032 708/1079/1027 705/1076/1024
f 714/1086/1034 717/1089/1036 716/1087/1035
f 715/1078/1026 718/1080/1028 717/1089/1036
f 717/1089/1036 713/1090/1033 710/1083/1031
f 719/201/175 722/1094/2102 725/1091/1037
f 723/1093/1039 730/1102/2103 725/1091/1040
f 724/1092/1038 725/1091/1040 731/1095/1042
f 725/1091/1040 730/1102/2103 726/1097/1044
f 720/303/277 727/1100/1047 730/1098/1045
f 727/1100/1047 728/1107/1056 731/1101/1048
f 732/1103/1052 735/1106/1055 734/1104/1053
f 733/1096/1043 731/1095/1042 735/1106/1054
f 735/1106/1055 731/1101/1048 728/1107/1056
f 786/1108/1057 789/1111/1060 792/1109/1058
f 789/1111/1060 790/1121/1070 793/1112/1061
f 791/1110/1059 792/1109/1058 803/1113/1062
f 792/1109/1058 793/1112/1061 794/1115/1064
f 795/1116/1065 798/1120/1069 797/1117/1066
f 796/1119/1068 799/1122/1071 798/1120/1069
f 798/1120/1069 793/1112/1061 790/1121/1070
f 799/1122/1071 794/1115/1064 793/1112/1061
f 788/391/360 800/1864/1074 802/1123/1072
f 801/1124/1073 802/1123/1072 799/1127/1076
f 802/1123/1072 803/1126/1075 794/1129/1078
f 824/1130/473 827/1133/1081 829/1131/1079
f 827/1133/1081 834/1861/2104 830/1134/1082
f 828/1132/1080 829/1131/1079 841/1135/1083
f 829/1131/1079 830/1134/1082 831/1137/1085
f 825/1138/1086 832/1141/1089 835/1139/1087
f 832/1141/1089 833/1756/1747 836/1142/1090
f 835/1139/1087 836/1142/1090 831/1144/1092
f 837/1145/1093 840/1148/1096 839/1146/1094
f 838/1136/1084 841/1135/1083 840/1148/1096
f 840/1148/1096 836/1150/1098 833/1149/1097
f 841/1135/1083 831/1137/1085 836/1150/1098
f 892/1151/436 895/2128/1101 897/1152/1099
f 896/1153/1100 897/1152/1099 908/1156/1103
f 897/1152/1099 898/1155/1102 899/1158/1105
f 893/448/411 900/1161/1108 902/1159/1106
f 900/1161/1108 901/1166/1116 903/1162/1109
f 902/1159/1106 903/1162/1109 899/1158/1111
f 904/1163/1113 907/1165/1115 906/1164/1114
f 905/1157/1104 908/1156/1117 907/1165/1115
f 907/1165/1115 903/1162/1109 901/1166/1116
f 908/1156/1117 899/1158/1111 903/1162/1109
f 929/521/475 932/1169/1120 935/1167/1118
f 932/1169/1120 933/1178/1129 936/1170/1121
f 935/1167/1118 936/1170/1121 937/1172/1123
f 938/1173/1124 941/1177/1128 940/1174/1125
f 939/1176/1127 942/1179/1130 941/1177/1128
f 941/1177/1128 936/1170/1131 933/1178/1129
f 942/1179/1130 937/1172/1136 936/1170/1131
f 931/460/420 934/1856/1134 944/1180/1132
f 943/1181/1133 944/1180/1132 942/1179/1130
f 944/1180/1132 945/1171/2105 937/1172/1136
f 996/1183/1137 999/1186/1140 1002/1184/1138
f 999/1186/1140 1000/1196/1150 1003/1187/1141
f 1001/1185/1139 1002/1184/1138 1013/1188/1142
f 1002/1184/1138 1003/1187/1141 1004/1190/1144
f 1005/1191/1145 1008/1195/1149 1007/1192/1146
f 1006/1194/1148 1009/1197/1151 1008/1195/1149
f 1008/1195/1149 1003/1187/1141 1000/1196/1150
f 1009/1197/1151 1004/1190/1144 1003/1187/1141
f 998/1198/527 1010/2129/1154 1012/1199/1152
f 1011/1200/1153 1012/1199/1152 1009/1197/1156
f 1012/1199/1152 1013/1188/1155 1004/1190/1158
f 1034/707/635 1037/1203/1161 1039/1201/1159
f 1037/1203/1161 1044/2102/2106 1040/1204/1162
f 1038/1202/1160 1039/1201/1159 1051/1205/1163
f 1039/1201/1159 1040/1204/1162 1041/1207/1165
f 1035/1208/1166 1042/1211/1169 1045/1209/1167
f 1042/1211/1169 1043/1217/1967 1046/1212/1170
f 1045/1209/1167 1046/1212/1170 1041/1207/1172
f 1047/1213/1173 1050/1216/1176 1049/1214/1174
f 1048/1206/1164 1051/1205/1163 1050/1216/1176
f 1050/1216/1176 1046/1212/1178 1043/1217/1177
f 1051/1205/1163 1041/1207/1165 1046/1212/1178
f 1102/670/602 1111/2110/1181 1106/1218/1179
f 1105/1219/1180 1106/1218/1179 1118/1222/1183
f 1106/1218/1179 1107/1221/2107 1108/1224/1185
f 1103/637/577 1109/1227/1188 1112/1225/1186
f 1109/1227/1188 1110/1232/1195 1113/1228/1189
f 1112/1225/1186 1113/1228/1189 1108/1224/1191
f 1114/1229/1192 1117/1231/1194 1116/1230/1193
f 1115/1223/1184 1118/1222/1196 1117/1231/1194
f 1117/1231/1194 1113/1228/1189 1110/1232/1195
f 1118/1222/1196 1108/1224/1191 1113/1228/1189
f 1139/709/637 1142/1235/1199 1144/1233/1197
f 1142/1235/1199 1143/1245/1209 1145/1236/1200
f 1144/1233/1197 1145/1236/1200 1146/1238/1202
f 1147/1239/1204 1150/1243/1208 1149/1240/1205
f 1148/1242/1207 1151/1247/1210 1150/1243/1208
f 1150/1244/1208 1145/1236/1211 1143/1245/1209
f 1151/1247/1210 1146/1253/1216 1145/1248/1211
f 1141/649/586 1152/2099/1214 1154/1249/1212
f 1153/1250/1213 1154/1249/1212 1151/1247/1210
f 1154/1249/1212 1155/1252/1215 1146/1253/1216
f 1157/1256/1219 1160/1255/1218 1159/1258/1221
f 1158/1254/1217 1161/1259/1222 1160/1255/1218
f 1160/1255/1218 1171/1260/1223 1168/1257/1220
f 1156/1261/1224 1162/1264/1227 1165/1262/1225
f 1162/1264/1227 1163/2130/2108 1166/1265/1228
f 1164/1263/1226 1165/1262/1225 1161/1266/1229
f 1165/1268/1231 1166/1274/2109 1171/1269/1232
f 1167/1271/1236 1170/1270/1235 1169/1273/1238
f 1168/1257/1234 1171/1260/1239 1170/1270/1235
f 1170/1270/1235 1166/1274/1240 1163/1272/1237
f 222/25/22 1172/24/21 1174/1275/1241
f 225/1276/1242 1174/1275/1241 1175/1277/1243
f 224/1278/1245 1175/1277/1250 1176/1279/1246
f 1176/1281/1246 1173/141/121 221/182/158
f 1172/24/21 206/15/12 208/1283/1248
f 1174/1275/1241 208/1283/1248 209/1284/1249
f 1175/1277/1250 209/1284/1288 210/1285/1251
f 210/1286/1251 207/35/31 1173/141/121
f 1177/61/55 1179/1288/1253 230/1287/1252
f 1179/1288/1253 1180/1290/1259 229/1289/1254
f 1180/1290/1255 1181/1295/1261 228/1291/1256
f 228/1292/1256 1181/1296/1261 1178/119/104
f 211/193/167 213/1293/1258 1179/1288/1253
f 213/1293/1258 214/1294/1326 1180/1290/1259
f 214/1294/1260 215/1364/1328 1181/1295/1261
f 1181/1296/1261 215/1365/1328 212/18/15
f 1182/131/113 1184/1298/1263 205/1297/1262
f 1184/1298/1263 1185/1300/1268 204/1299/1264
f 1185/1300/1265 1186/1303/1269 203/1301/1266
f 203/1302/1266 1186/1304/1269 1183/4/4
f 222/25/22 225/1276/1242 1184/1298/1263
f 225/1276/1242 224/1278/1244 1185/1300/1268
f 224/1278/1245 223/1280/1247 1186/1303/1269
f 1186/1304/1269 223/1282/1247 221/182/158
f 217/160/137 1187/26/23 1189/1305/1270
f 220/1306/1271 1189/1305/1270 1190/1307/1272
f 219/1308/1274 1190/1307/1277 1191/1309/1275
f 1191/1311/1275 1188/23/20 216/10/8
f 1187/26/23 227/8/7 230/1287/1252
f 1189/1305/1270 230/1287/1252 229/1289/1254
f 1190/1307/1277 229/1289/1257 228/1291/1256
f 228/1292/1256 226/21/18 1188/23/20
f 232/161/138 1192/155/133 1194/1313/1278
f 235/1314/1279 1194/1313/1278 1195/1315/1280
f 234/1317/1282 1195/2131/1285 1196/1318/1283
f 1196/1318/1283 1193/12/10 231/29/25
f 1192/155/133 217/160/137 220/1306/1271
f 1194/1313/1278 220/1306/1271 219/1308/1273
f 1195/1315/1285 219/1308/1274 218/1310/1276
f 218/1312/1276 216/10/8 1193/12/10
f 206/15/12 1197/14/11 1199/1321/1286
f 208/1283/1248 1199/1321/1286 1200/1322/1287
f 209/1284/1288 1200/1322/1292 1201/1323/1289
f 1201/1324/1289 1198/33/29 207/35/31
f 1197/14/11 236/44/39 238/1325/1290
f 1199/1321/1286 238/1325/1290 239/1326/1291
f 1200/1322/1292 239/1326/1296 240/1327/1293
f 240/1328/1293 237/32/28 1198/33/29
f 236/44/39 1202/53/47 1204/1329/1294
f 238/1325/1290 1204/1329/1294 1205/1330/1295
f 239/1326/1296 1205/1330/1300 1206/1331/1297
f 1206/1332/1297 1203/30/26 237/32/28
f 1202/53/47 246/52/46 248/1333/1298
f 1204/1329/1294 248/1333/1298 249/1334/1299
f 1205/1330/1300 249/1334/1318 250/1335/1301
f 250/1336/1301 247/42/38 1203/30/26
f 242/194/168 1207/186/161 1209/1337/1302
f 245/1338/1303 1209/1337/1302 1210/1339/1304
f 244/1341/1306 1210/1344/1309 1211/1342/1307
f 1211/1342/1307 1208/37/33 241/39/35
f 1207/186/161 232/161/138 235/1314/1279
f 1209/1337/1302 235/1314/1279 234/1316/1281
f 1210/1344/1309 234/1317/1282 233/1319/1284
f 233/1319/1284 231/29/25 1208/37/33
f 1212/172/148 1214/1346/1311 273/1345/1310
f 1214/1346/1311 1215/1348/1313 272/1347/1312
f 1215/1348/1313 1216/1350/1315 271/1349/1314
f 1216/1350/1315 1213/135/115 269/1351/44
f 252/732/660 262/731/659 1214/1346/1311
f 262/731/659 255/735/663 1215/1348/1313
f 255/735/663 254/725/653 1216/1350/1315
f 254/725/653 251/722/650 1213/135/115
f 246/52/46 1217/154/132 1219/1352/1316
f 248/1333/1298 1219/1352/1316 1220/1353/1317
f 249/1334/1318 1220/1353/1320 1221/1354/1319
f 250/1336/1301 1221/1356/1319 1218/40/36
f 1217/154/132 270/170/146 273/1345/1310
f 1219/1352/1316 273/1345/1310 272/1347/1312
f 1220/1353/1320 272/1347/1312 271/1349/1314
f 271/1355/1314 269/49/44 1218/40/36
f 252/732/660 1222/171/147 1224/1357/1321
f 260/730/658 1224/1357/1321 1225/1358/1322
f 261/1359/670 1225/1361/1324 1226/1360/1323
f 266/738/666 1226/1360/1323 1223/46/41
f 1222/171/147 242/194/168 245/1338/1303
f 1224/1357/1321 245/1338/1303 244/1340/1305
f 1225/1361/1324 244/1341/1306 243/1343/1308
f 1226/1360/1323 243/1343/1308 241/39/35
f 1227/69/62 1229/1362/1325 213/1293/1258
f 1229/1362/1325 1230/1363/1330 214/1294/1326
f 1230/1363/1327 1231/1368/1332 215/1364/1328
f 215/1365/1328 1231/1369/1332 1228/164/140
f 279/130/112 281/1366/1329 1229/1362/1325
f 281/1366/1329 282/1367/1348 1230/1363/1330
f 282/1367/1331 283/1387/1350 1231/1368/1332
f 1231/1369/1332 283/1389/1350 280/58/52
f 1232/1/1 1234/1371/1334 278/1370/1333
f 1234/1371/1334 1235/1373/1339 277/1372/1335
f 1235/1373/1336 1236/1376/1340 276/1374/1337
f 276/1375/1337 1236/1377/1340 1233/54/48
f 202/3/3 205/1297/1262 1234/1371/1334
f 205/1297/1262 204/1299/1264 1235/1373/1339
f 204/1299/1267 203/1301/1266 1236/1376/1340
f 1236/1377/1340 203/1302/1266 201/16/13
f 291/757/688 1237/145/124 1239/1378/1341
f 302/755/686 1239/1378/1341 1240/1379/1342
f 303/746/677 1240/1379/1342 1241/1380/1343
f 293/742/673 1241/1380/1343 1238/120/105
f 1237/145/124 284/147/126 286/1381/1344
f 1239/1378/1341 286/1381/1344 287/1382/1345
f 1240/1379/1342 287/1382/1345 288/1383/1346
f 1241/1380/1343 288/1383/1346 285/1384/58
f 1242/146/125 1244/1385/1347 281/1366/1329
f 1244/1385/1347 1245/1386/1352 282/1367/1348
f 1245/1386/1349 1246/1390/1351 283/1387/1350
f 1246/1388/1351 1243/66/60 280/58/52
f 291/757/688 304/756/687 1244/1385/1347
f 304/756/687 298/759/690 1245/1386/1352
f 298/759/1353 297/751/682 1246/1390/1351
f 297/1391/682 290/748/679 1243/66/60
f 1247/148/127 1249/1392/1354 286/1381/1344
f 1249/1392/1354 1250/1393/1356 287/1382/1345
f 1250/1393/1355 1251/1395/1357 288/1383/1346
f 288/1394/1346 1251/1396/1357 1248/62/56
f 275/179/155 278/1370/1333 1249/1392/1354
f 278/1370/1333 277/1372/1335 1250/1393/1356
f 277/1372/1338 276/1374/1337 1251/1395/1357
f 276/1375/1337 274/56/50 1248/62/56
f 1252/144/123 1254/1398/1359 331/1397/1358
f 1254/1398/1359 1255/1400/1361 330/1399/1360
f 1255/1400/1361 1256/1402/1363 329/1401/1362
f 1256/1402/1363 1253/191/165 327/192/166
f 312/91/81 314/1403/1364 1254/1398/1359
f 314/1403/1364 315/1404/1365 1255/1400/1361
f 315/1404/1365 316/1405/1366 1256/1402/1363
f 316/1405/1366 313/190/164 1253/191/165
f 336/1407/1368 1259/1406/1367 1260/1408/1369
f 334/1411/1372 1261/1410/1371 1258/125/108
f 1257/84/74 317/88/78 319/1412/1373
f 1259/1406/1367 319/1412/1373 320/1413/1374
f 1260/1408/1369 320/1413/1374 321/1414/1375
f 1261/1410/1371 321/1414/1375 318/126/109
f 308/81/71 1262/72/64 1264/1415/1376
f 311/1416/1377 1264/1415/1376 1265/1417/1378
f 310/1418/1379 1265/1417/1378 1266/1419/1380
f 1262/72/64 328/71/63 331/1397/1358
f 1264/1415/1376 331/1397/1358 330/1399/1360
f 1265/1417/1378 330/1399/1360 329/1401/1362
f 1266/1419/1380 329/1401/1362 327/192/166
f 1267/86/76 1269/1422/1383 326/1421/1382
f 1269/1422/1383 1270/1424/1385 325/1423/1384
f 1270/1424/1385 1271/1426/1387 324/1425/1386
f 1271/1426/1387 1268/163/139 322/183/159
f 333/85/75 336/1407/1368 1269/1422/1383
f 336/1407/1368 335/1409/1370 1270/1424/1385
f 335/1409/1370 334/1411/1372 1271/1426/1387
f 334/1411/1372 332/128/111 1268/163/139
f 1272/77/68 1274/1428/1389 341/1427/1388
f 1275/1430/1391 1276/1432/1393 339/1431/1392
f 1276/1432/1393 1273/94/84 337/78/69
f 323/127/110 326/1421/1382 1274/1428/1389
f 326/1421/1382 325/1423/1384 1275/1430/1391
f 325/1423/1384 324/1425/1386 1276/1432/1393
f 324/1425/1386 322/183/159 1273/94/84
f 1277/92/82 1279/1433/1394 314/1403/1364
f 1279/1433/1394 1280/1434/1395 315/1404/1365
f 1280/1434/1395 1281/1435/1396 316/1405/1366
f 1281/1435/1396 1278/74/66 313/190/164
f 342/97/86 344/1436/1397 1279/1433/1394
f 344/1436/1397 345/1437/1398 1280/1434/1395
f 345/1437/1398 346/1438/1399 1281/1435/1396
f 346/1438/1399 343/140/120 1278/74/66
f 1282/98/87 1284/1439/1400 344/1436/1397
f 1284/1439/1400 1285/1440/1401 345/1437/1398
f 1285/1440/1401 1286/1441/1402 346/1438/1399
f 1286/1441/1402 1283/184/160 343/140/120
f 352/102/90 354/1442/1403 1284/1439/1400
f 354/1442/1403 355/1443/1404 1285/1440/1401
f 355/1443/1404 356/1444/1405 1286/1441/1402
f 356/1444/1405 353/181/157 1283/184/160
f 1287/93/83 1289/1446/1407 351/1445/1406
f 1289/1446/1407 1290/1448/1409 350/1447/1408
f 1290/1448/1409 1291/1450/1411 349/1449/1410
f 338/157/134 341/1427/1388 1289/1446/1407
f 341/1427/1388 340/1429/1390 1290/1448/1409
f 340/1429/1390 339/1431/1392 1291/1450/1411
f 339/1431/1392 337/78/69 1288/80/70
f 375/189/163 1292/2117/119 1294/1451/1412
f 378/1452/1413 1294/1451/1412 1295/1453/1414
f 377/1454/1415 1295/1453/1414 1296/1455/1416
f 376/1456/1417 1296/1455/1416 1293/174/150
f 1292/139/119 357/138/118 360/761/693
f 1294/1451/1412 360/765/693 370/767/697
f 1295/1453/1414 370/767/697 369/773/705
f 1296/1455/1416 369/773/705 359/175/151
f 1297/104/92 1299/1458/1418 354/1442/1403
f 1299/1458/1418 1300/1459/1419 355/1443/1404
f 1300/1459/1419 1301/1460/1420 356/1444/1405
f 1301/1460/1420 1298/158/135 353/181/157
f 375/189/163 378/1452/1413 1299/1458/1418
f 378/1452/1413 377/1454/1415 1300/1459/1419
f 377/1454/1415 376/1456/1417 1301/1460/1420
f 376/1456/1417 374/176/152 1298/158/135
f 1302/99/88 1304/1461/1421 364/771/701
f 1304/1461/1421 1305/1462/1422 365/776/708
f 1305/1462/1422 1306/1463/1423 371/774/706
f 1306/1463/1423 1303/173/149 359/175/151
f 351/1445/1406 350/1447/1408 1305/1462/1422
f 350/1447/1408 349/1449/1410 1306/1463/1423
f 319/1412/1373 1309/1464/1424 1310/1465/1425
f 320/1413/1374 1310/1465/1425 1311/1466/1426
f 321/1414/1375 1311/1466/1426 1308/168/144
f 1307/109/95 384/110/96 386/1467/1427
f 1309/1464/1424 386/1467/1427 387/1468/1428
f 1310/1465/1425 387/1468/1428 388/1469/1429
f 380/111/97 1312/82/72 1314/1470/1430
f 383/1471/1431 1314/1470/1430 1315/1472/1432
f 382/1473/1433 1315/1472/1432 1316/1474/1434
f 381/1475/1435 1316/1474/1434 1313/115/100
f 1312/82/72 308/81/71 311/1416/1377
f 1314/1470/1430 311/1416/1377 310/1418/1379
f 1315/1472/1432 310/1418/1379 309/1420/1381
f 1316/1474/1434 309/1420/1381 307/106/94
f 1317/124/107 1319/2132/1436 397/1476/712
f 1319/1477/1436 1320/1478/1437 398/790/722
f 1320/1478/1437 1321/1479/1438 404/786/718
f 1321/1479/1438 1318/152/131 395/787/719
f 389/118/103 391/1481/1439 1319/1477/1436
f 391/1481/1439 392/1482/1440 1320/1478/1437
f 392/1482/1440 393/1483/1441 1321/1479/1438
f 393/1483/1441 390/149/128 1318/152/131
f 384/110/96 1322/116/101 1324/1484/1442
f 386/1467/1427 1324/1484/1442 1325/1485/1443
f 388/1469/1429 1326/1486/1444 1323/151/130
f 1322/116/101 396/117/102 408/793/726
f 1325/1485/1443 403/788/720 402/785/717
f 1326/1486/1444 402/785/717 395/787/719
f 389/118/103 1327/112/98 1329/1487/1445
f 391/1481/1439 1329/1487/1445 1330/1488/1446
f 392/1482/1440 1330/1488/1446 1331/1489/1447
f 393/1483/1441 1331/1489/1447 1328/150/129
f 1327/112/98 380/111/97 383/1471/1431
f 1329/1487/1445 383/1471/1431 382/1473/1433
f 1330/1488/1446 382/1473/1433 381/1475/1435
f 1331/1489/1447 381/1475/1435 379/114/99
f 396/117/102 1332/67/61 1334/1490/1448
f 407/778/1449 1334/1494/1454 1333/177/153
f 1332/67/61 290/748/679 299/750/1451
f 1334/1494/1454 292/743/2110 289/178/154
f 253/48/43 1335/47/42 1337/1495/1455
f 1337/1497/1459 1336/136/116 251/722/650
f 1335/47/42 358/105/93 366/770/700
f 366/1498/1461 357/138/2111 1336/136/116
f 526/260/234 1338/259/233 1340/1499/1462
f 537/916/852 1340/1499/1462 1341/1500/1463
f 1341/1500/1463 1342/1501/1464 528/904/839
f 1342/1501/1464 1339/261/235 200/243/217
f 1338/259/233 541/275/249 546/921/858
f 1340/1499/1462 546/921/858 556/924/861
f 556/924/861 555/932/869 1342/1501/1464
f 555/932/869 543/301/275 1339/261/235
f 1343/253/227 1345/1502/1465 550/927/864
f 1345/1502/1465 1346/1504/1467 551/929/866
f 551/929/866 1346/1504/1467 1347/1503/1466
f 557/933/870 1347/1503/1466 1344/240/214
f 560/231/205 565/937/874 1345/1502/1465
f 565/937/874 575/940/877 1346/1504/1467
f 1346/1504/1467 575/940/877 574/949/887
f 1347/1503/1466 574/949/887 562/269/243
f 1348/1505/262 1350/1506/1468 569/946/882
f 1350/1506/1468 1351/1508/1471 570/952/1469
f 1351/1507/1470 1349/242/216 562/269/243
f 1348/1505/262 525/910/264 534/912/846
f 1350/1506/1468 534/912/846 1830/905/850
f 1351/1507/1470 527/906/841 200/243/1472
f 515/299/273 1352/296/270 1354/1509/1473
f 522/901/836 1354/1509/1473 1355/1510/1474
f 1355/1510/1474 1356/1512/1476 518/900/835
f 1356/1512/1476 1353/274/248 513/280/254
f 1352/296/270 542/254/228 552/928/865
f 1354/1509/1473 552/928/865 545/922/859
f 545/922/859 544/920/857 1356/1512/1476
f 1361/1519/225 1363/1522/1485 519/1520/1484
f 1363/1522/1485 1364/1525/1489 520/1523/1486
f 1364/1524/1488 1362/230/204 515/299/273
f 1361/1519/225 561/943/274 571/945/881
f 1363/1522/1485 571/945/881 564/938/885
f 1364/1524/1488 563/936/873 560/231/205
f 438/818/1491 1367/1526/1490 1368/1527/1492
f 441/1530/1495 1369/1529/1494 1366/246/220
f 416/796/731 424/799/734 1368/1527/1492
f 423/808/742 413/244/218 1366/246/220
f 1372/1532/1497 423/809/742 420/805/740
f 1374/1534/1501 419/802/737 412/804/739
f 1375/315/289 1377/1536/1502 441/1535/1495
f 1378/1537/1504 1379/1538/1505 444/825/761
f 1375/315/289 447/216/190 453/1539/1496
f 1377/1536/1502 453/1539/1496 452/1540/1506
f 1379/1538/1505 451/836/1507 446/247/221
f 465/851/788 1380/298/272 1382/1541/1508
f 468/849/786 1382/1541/1508 1383/1542/1509
f 469/852/789 1383/1542/1509 1384/1543/1510
f 473/860/796 1384/1543/1510 1381/278/252
f 426/219/193 430/811/1511 1382/1541/1508
f 430/811/1511 1826/813/1512 1383/1542/1509
f 1826/813/1512 434/1544/1513 1384/1543/1510
f 434/1544/1513 428/276/250 1381/278/252
f 480/272/246 1385/262/236 1387/1545/1514
f 483/864/1515 1387/1545/1514 1388/1546/1516
f 1825/1547/1517 1388/1546/1516 1389/1548/1518
f 485/1549/1519 1389/1548/1518 1386/336/310
f 467/264/238 478/862/798 1387/1545/1514
f 478/862/798 474/857/794 1388/1546/1516
f 474/857/794 473/859/796 1389/1548/1518
f 473/859/796 466/320/294 1386/336/310
f 1390/208/182 1392/1551/1520 485/1550/1519
f 1392/1551/1520 1393/1552/1522 1825/871/1521
f 1393/1552/1522 1394/1553/1524 488/869/1523
f 1394/1553/1524 1391/267/241 482/270/244
f 1390/208/182 428/276/250 434/1554/1513
f 1392/1551/1520 434/1554/1513 433/816/1525
f 1393/1552/1522 433/816/1525 432/817/1526
f 1394/1553/1524 432/817/1526 427/265/239
f 1395/256/230 1397/1556/1528 463/1555/1527
f 1397/1556/1528 1398/1557/1530 1828/843/1529
f 1398/1557/1530 1399/1558/1531 459/839/775
f 1399/1558/1531 1396/293/267 455/341/315
f 1395/256/230 490/279/253 496/882/817
f 1397/1556/1528 496/882/817 493/875/809
f 1398/1557/1530 493/875/809 492/872/806
f 1399/1558/1531 492/872/806 489/874/808
f 1400/326/300 1402/1559/1532 496/879/817
f 1402/1559/1532 1403/1560/1538 498/886/1533
f 1403/1560/1534 1404/1561/1535 501/884/819
f 1404/1561/1535 1401/200/174 491/284/258
f 1400/326/300 504/327/301 509/1562/1536
f 1402/1559/1532 509/1562/1536 1829/1563/1537
f 1403/1560/1534 1829/1563/2112 506/887/822
f 1404/1561/1535 506/887/822 503/198/172
f 1405/340/314 1407/1565/1539 509/1564/1536
f 1407/1565/1539 1408/1566/1541 510/897/1540
f 1408/1566/1541 1409/1567/1542 512/894/829
f 1409/1567/1542 1406/285/259 505/291/265
f 1405/340/314 457/195/169 463/1568/1527
f 1407/1565/1539 463/1568/1527 464/1569/1543
f 1408/1566/1541 464/1569/1543 462/847/781
f 1409/1567/1542 462/847/781 456/844/780
f 580/968/307 1410/1573/306 1412/1570/1544
f 591/966/908 1412/1570/1544 1413/1571/1545
f 592/959/899 1413/1571/1545 1414/1572/1546
f 1417/1574/1547 1418/1575/1548 617/1000/942
f 1418/1575/1548 1419/1576/1549 623/996/938
f 1419/1576/1549 1416/1577/196 614/997/198
f 604/981/922 603/978/920 1419/1576/1549
f 603/978/920 596/980/308 1416/1577/196
f 1420/309/283 1422/1578/1550 586/963/903
f 1422/1578/1550 1423/1579/1551 587/970/912
f 1423/1579/1551 1424/1580/1552 593/967/909
f 1424/1580/1552 1421/1581/197 580/968/307
f 1420/309/283 615/1001/943 628/1003/945
f 1422/1578/1550 628/1003/945 622/998/939
f 1423/1579/1551 622/998/939 621/995/937
f 1424/1580/1552 621/995/937 614/997/198
f 1425/1582/297 1427/1583/1553 643/1019/963
f 1427/1583/1553 1428/1584/1554 644/1011/955
f 1428/1584/1554 1429/1585/1555 635/1007/951
f 1429/1585/1555 1426/226/200 630/1008/952
f 649/1033/299 658/1032/976 1427/1583/1553
f 658/1032/976 652/1036/980 1428/1584/1554
f 652/1036/980 651/1026/968 1429/1585/1555
f 651/1026/968 648/339/313 1426/226/200
f 667/1054/312 1430/1589/311 1432/1586/1556
f 678/1052/999 1432/1586/1556 1433/1587/1557
f 679/1046/992 1433/1587/1557 1434/1588/1558
f 669/1042/988 1434/1588/1558 1431/213/187
f 1430/1589/311 632/1021/295 645/1020/964
f 1432/1586/1556 645/1020/964 639/1016/960
f 1433/1587/1557 639/1016/960 638/1014/958
f 1434/1588/1558 638/1014/958 631/312/286
f 1435/311/285 1437/1590/1559 673/1050/996
f 1437/1590/1559 1438/1591/1560 674/1056/1002
f 1438/1591/1560 1439/1592/1561 680/1053/1000
f 1439/1592/1561 1436/1593/298 667/1054/312
f 1435/311/285 650/310/284 663/1038/982
f 1437/1590/1559 663/1038/982 657/1034/977
f 1438/1591/1560 657/1034/977 656/1031/975
f 1439/1592/1561 656/1031/975 649/1033/299
f 1440/331/305 1442/1594/1562 686/1059/1005
f 1442/1594/1562 1443/1595/1563 687/1069/1015
f 1443/1595/1563 1444/1596/1564 694/1065/1012
f 1444/1596/1564 1441/1597/179 684/1066/189
f 701/330/304 706/1075/1023 1442/1594/1562
f 706/1075/1023 715/1078/1026 1443/1595/1563
f 715/1078/1026 714/1086/1034 1444/1596/1564
f 714/1086/1034 703/1088/177 1441/1597/179
f 702/302/276 1445/202/176 1447/1598/1565
f 709/1081/1029 1447/1598/1565 1448/1599/1566
f 710/1083/1031 1448/1599/1566 1449/1600/1567
f 716/1087/1035 1449/1600/1567 1446/1601/302
f 1445/202/176 719/201/175 724/1092/1038
f 1447/1598/1565 724/1092/1038 733/1096/1043
f 1448/1599/1566 733/1096/1043 732/1103/1052
f 1449/1600/1567 732/1103/1052 721/1105/303
f 1450/304/278 1452/1602/1568 727/1100/1047
f 1452/1602/1568 1453/1603/1569 728/1107/1056
f 1453/1603/1569 1454/1604/1570 734/1104/1053
f 1454/1604/1570 1451/1605/188 721/1105/303
f 1450/304/278 685/1071/1017 698/1073/1019
f 1452/1602/1568 698/1073/1019 693/1067/1013
f 1453/1603/1569 693/1067/1013 692/1064/1011
f 1454/1604/1570 692/1064/1011 684/1066/189
f 411/167/143 1455/166/142 1457/1606/1571
f 1457/1606/1571 1458/1607/1573 415/797/1572
f 1458/1607/1573 1459/1608/1574 421/803/738
f 1459/1608/1574 1456/237/211 412/804/739
f 1455/166/142 595/319/293 600/972/914
f 1457/1606/1571 600/972/914 609/975/917
f 609/975/917 608/985/925 1459/1608/1574
f 608/985/925 597/305/279 1456/237/211
f 615/1001/943 1460/308/282 1462/1609/1575
f 627/992/1578 1462/1610/1582 1463/1611/1579
f 1463/1611/1581 1461/317/291 613/318/292
f 446/247/221 448/835/2113 1462/1609/1575
f 1463/1611/1581 448/830/2114 445/316/290
f 426/219/193 1464/221/195 1466/1612/1584
f 1467/1614/1589 1465/1615/1594 427/265/239
f 648/339/313 653/1025/967 1466/1612/1584
f 1466/1612/1587 653/1025/2115 662/1028/1591
f 1467/1614/1589 661/1039/1593 650/310/284
f 1468/1616/1595 1470/1619/1599 668/1043/1596
f 675/1049/995 1470/1620/1600 1469/271/245
f 480/272/246 487/865/2116 1470/1619/1599
f 1470/1620/1600 487/868/2117 482/270/244
f 1471/283/257 1473/1622/1603 499/883/818
f 499/883/818 1473/1622/1603 1474/1621/1601
f 1474/1621/1601 1475/1623/1604 494/873/807
f 494/873/807 1475/1623/1604 1472/294/268
f 702/302/276 711/1082/1030 1473/1622/1603
f 1473/1622/1603 711/1082/1030 705/1076/1024
f 705/1076/1024 704/1074/1022 1475/1623/1604
f 1475/1623/1604 704/1074/1022 701/330/304
f 1476/286/260 1478/1626/1607 697/1624/1020
f 697/1062/1009 1478/1627/1608 1479/1625/1605
f 1479/1625/1606 1477/342/316 683/343/317
f 456/844/780 461/846/782 1478/1626/1607
f 1478/1627/1608 461/840/2118 458/838/1609
f 458/838/1610 455/341/315 1477/342/316
f 578/953/892 1480/281/255 1482/1628/1611
f 1482/1628/1613 1483/1630/1620 582/956/1614
f 1483/1629/1617 1481/234/208 579/307/281
f 1480/281/255 435/209/183 439/819/1618
f 1482/1628/1613 439/819/1619 443/823/1619
f 1483/1629/1617 443/824/760 437/235/209
f 467/264/238 1484/263/237 1486/1631/1621
f 1486/1631/1621 1487/1632/1623 477/854/1622
f 1487/1632/1623 1488/1633/1624 470/850/787
f 470/850/787 1488/1633/1624 1485/225/199
f 631/312/286 640/1015/959 1486/1631/1621
f 640/1015/959 634/1009/953 1487/1632/1623
f 634/1009/953 633/1006/950 1488/1633/1624
f 1488/1633/1624 633/1006/950 630/1008/952
f 505/291/265 1489/292/266 1491/1634/1625
f 511/892/1626 1491/1636/1632 1492/1635/1627
f 1492/1635/1628 1490/1637/1633 503/198/172
f 720/303/277 729/1099/1046 1491/1634/1625
f 723/1093/1631 722/1094/2119 1492/1635/1627
f 1492/1635/1628 722/1094/2102 719/201/175
f 757/368/339 1493/367/338 1495/1638/1634
f 760/1639/1635 1495/1638/1634 1496/1640/1636
f 759/1642/1638 1496/1647/1643 1497/1643/1639
f 1497/1643/1639 1494/482/439 756/523/477
f 1493/367/338 741/358/329 743/1645/1641
f 1495/1638/1634 743/1645/1641 744/1646/1642
f 1496/1647/1643 744/2133/1681 745/1648/1644
f 745/1648/1644 742/378/348 1494/482/439
f 1498/404/372 1500/1655/1646 765/1649/1645
f 1500/1650/1646 1501/1653/1652 764/1651/1647
f 1501/1653/1648 1502/1658/1654 763/1654/1649
f 763/1654/1649 1502/1658/1654 1499/462/422
f 746/534/486 748/1725/1651 1500/1655/1646
f 748/1656/1651 749/1657/1720 1501/1653/1652
f 749/1657/1653 750/1728/1722 1502/1658/1654
f 1502/1658/1654 750/1728/1722 747/361/332
f 1503/472/431 1505/1660/1656 740/1659/1655
f 1505/1660/1656 1506/1665/1661 739/1661/1657
f 1506/1662/1658 1507/1666/1662 738/1663/1659
f 738/1663/1659 1507/1666/1662 1504/347/321
f 757/368/339 760/1639/1635 1505/1660/1656
f 760/1639/1635 759/1641/1637 1506/1665/1661
f 759/1642/1638 758/1644/1640 1507/1666/1662
f 1507/1666/1662 758/1644/1640 756/523/477
f 752/501/456 1508/369/340 1510/1667/1663
f 755/1669/1664 1510/1674/1663 1511/1670/1665
f 754/1671/1667 1511/1670/1670 1512/1672/1668
f 1512/1672/1668 1509/366/337 751/353/325
f 1508/369/340 762/351/324 765/1649/1645
f 1510/1674/1663 765/1652/1645 764/1651/1647
f 1511/1670/1670 764/1651/1650 763/1654/1649
f 763/1654/1649 761/364/335 1509/366/337
f 767/502/457 1513/496/452 1515/1675/1671
f 770/1677/1672 1515/1682/1671 1516/1678/1673
f 769/1679/1675 1516/1678/1678 1517/1680/1676
f 1517/1680/1676 1514/355/327 766/372/342
f 1513/496/452 752/501/456 755/1668/1664
f 1515/1682/1671 755/1669/1664 754/1671/1666
f 1516/1678/1678 754/1671/1667 753/1673/1669
f 753/1673/1669 751/353/325 1514/355/327
f 741/358/329 1518/357/328 1520/1683/1679
f 743/1645/1641 1520/1683/1679 1521/1684/1680
f 744/1646/1681 1521/1684/1685 1522/1685/1682
f 1522/1687/1682 1519/376/346 742/378/348
f 1518/357/328 771/387/356 773/1688/1683
f 1520/1683/1679 773/1688/1683 774/1689/1684
f 1521/1684/1685 774/1689/1689 775/1690/1686
f 775/1691/1686 772/375/345 1519/376/346
f 771/387/356 1523/396/364 1525/1692/1687
f 773/1688/1683 1525/1692/1687 1526/1693/1688
f 774/1689/1689 1526/1693/1693 1527/1694/1690
f 1527/1695/1690 1524/373/343 772/375/345
f 1523/396/364 781/395/363 783/1696/1691
f 1525/1692/1687 783/1696/1691 784/1697/1692
f 1526/1693/1693 784/1697/1711 785/1698/1694
f 785/1699/1694 782/385/355 1524/373/343
f 777/535/487 1528/527/480 1530/1700/1695
f 780/1701/1696 1530/1700/1695 1531/1702/1697
f 779/1704/1699 1531/1708/1702 1532/1705/1700
f 1532/1705/1700 1529/380/350 776/382/352
f 1528/527/480 767/502/457 770/1676/1672
f 1530/1700/1695 770/1676/1672 769/1707/1674
f 1531/1708/1702 769/1679/1675 768/1681/1677
f 768/1681/1677 766/372/342 1529/380/350
f 1533/513/467 1535/1710/1704 808/1709/1703
f 1535/1710/1704 1536/1712/1706 807/1711/1705
f 1536/1712/1706 1537/1714/1708 806/1713/1707
f 1537/1714/1708 1534/476/433 804/1715/361
f 787/1118/1067 797/1117/1066 1535/1710/1704
f 797/1117/1066 790/1121/1070 1536/1712/1706
f 790/1121/1070 789/1111/1060 1537/1714/1708
f 789/1111/1060 786/1108/1057 1534/476/433
f 781/395/363 1538/495/451 1540/1716/1709
f 783/1696/1691 1540/1716/1713 1541/1717/1710
f 784/1697/1711 1541/1717/1714 1542/1718/1712
f 785/1699/1694 1542/1720/1712 1539/383/353
f 1538/495/451 805/511/465 808/1709/1703
f 1540/1716/1713 808/1709/1703 807/1711/1705
f 1541/1717/1714 807/1711/1705 806/1713/1707
f 806/1719/1707 804/392/361 1539/383/353
f 787/1118/1067 1543/512/466 1545/1721/1715
f 795/1116/1065 1545/1721/1715 1546/1722/1716
f 796/1128/1077 1546/1724/1718 1547/1723/1717
f 801/1124/1073 1547/1723/1717 1544/389/358
f 1543/512/466 777/535/487 780/1701/1696
f 1545/1721/1715 780/1701/1696 779/1703/1698
f 1546/1724/1718 779/1704/1699 778/1706/1701
f 1547/1723/1717 778/1706/1701 776/382/352
f 1548/412/379 1550/1729/1719 748/1725/1651
f 1550/1726/1719 1551/1727/1724 749/1657/1720
f 1551/1727/1721 1552/1732/1726 750/1728/1722
f 750/1728/1722 1552/1732/1726 1549/505/459
f 814/471/430 816/1749/1723 1550/1729/1719
f 816/1730/1723 817/1731/1742 1551/1727/1724
f 817/1731/1725 818/1752/1744 1552/1732/1726
f 1552/1732/1726 818/1752/1744 815/401/369
f 1553/344/318 1555/1734/1728 813/1733/1727
f 1555/1734/1728 1556/1739/1733 812/1735/1729
f 1556/1736/1730 1557/1740/1734 811/1737/1731
f 811/1737/1731 1557/1740/1734 1554/397/365
f 737/346/320 740/1659/1655 1555/1734/1728
f 740/1659/1655 739/1661/1657 1556/1739/1733
f 739/1664/1660 738/1663/1659 1557/1740/1734
f 1557/1740/1734 738/1663/1659 736/359/330
f 826/1147/1095 1558/486/442 1560/1741/1735
f 837/1145/1093 1560/1741/1735 1561/1742/1736
f 838/1136/1084 1561/1742/1736 1562/1743/1737
f 828/1132/1080 1562/1743/1737 1559/1744/423
f 1558/486/442 819/488/444 821/1745/1738
f 1560/1741/1735 821/1745/1738 822/1746/1739
f 1561/1742/1736 822/1746/1739 823/1747/1740
f 1562/1748/1737 823/1759/1740 820/407/375
f 1563/487/443 1565/1754/1741 816/1749/1723
f 1565/1750/1741 1566/1751/1746 817/1731/1742
f 1566/1751/1743 1567/1753/1745 818/1752/1744
f 1567/1753/1745 1564/409/377 815/401/369
f 826/1147/1095 839/1146/1094 1565/1754/1741
f 839/1755/1094 833/1756/1097 1566/1751/1746
f 833/1756/1747 832/1141/1089 1567/1753/1745
f 832/1141/1089 825/1138/1086 1564/409/377
f 1568/489/445 1570/1757/1748 821/1745/1738
f 1570/1757/1748 1571/1761/1750 822/1746/1739
f 1571/1758/1749 1572/1762/1751 823/1759/1740
f 823/1759/1740 1572/1762/1751 1569/405/373
f 810/520/474 813/1733/1727 1570/1757/1748
f 813/1733/1727 812/1735/1729 1571/1761/1750
f 812/1738/1732 811/1737/1731 1572/1762/1751
f 811/1737/1731 809/399/367 1569/405/373
f 1573/485/441 1575/1764/1753 866/1763/1752
f 1575/1764/1753 1576/1766/1755 865/1765/1754
f 1576/1766/1755 1577/1768/1757 864/1767/1756
f 1577/1768/1757 1574/532/484 862/533/485
f 847/434/398 849/1769/1758 1575/1764/1753
f 849/1769/1758 850/1770/1759 1576/1766/1755
f 850/1770/1759 851/1771/1760 1577/1768/1757
f 851/1771/1760 848/531/483 1574/532/484
f 868/428/392 1578/427/391 1580/1772/1761
f 871/1773/1762 1580/1772/1761 1581/1774/1763
f 870/1775/1764 1581/1774/1763 1582/1776/1765
f 869/1777/1766 1582/1776/1765 1579/466/426
f 1578/427/391 852/431/395 854/1778/1767
f 1580/1772/1761 854/1778/1767 855/1779/1768
f 1581/1774/1763 855/1779/1768 856/1780/1769
f 1582/1776/1765 856/1780/1769 853/467/427
f 843/424/388 1583/415/381 1585/1781/1770
f 846/1782/1771 1585/1781/1770 1586/1783/1772
f 845/1784/1773 1586/1783/1772 1587/1785/1774
f 844/1786/1775 1587/1785/1774 1584/483/440
f 1583/415/381 863/414/380 866/1763/1752
f 1585/1781/1770 866/1763/1752 865/1765/1754
f 1586/1783/1772 865/1765/1754 864/1767/1756
f 1587/1785/1774 864/1767/1756 862/533/485
f 1588/429/393 1590/1788/1777 861/1787/1776
f 1590/1788/1777 1591/1790/1779 860/1789/1778
f 1591/1790/1779 1592/1792/1781 859/1791/1780
f 1592/1792/1781 1589/504/458 857/524/478
f 868/428/392 871/1773/1762 1590/1788/1777
f 871/1773/1762 870/1775/1764 1591/1790/1779
f 870/1775/1764 869/1777/1766 1592/1792/1781
f 869/1777/1766 867/469/429 1589/504/458
f 1593/420/385 1595/1794/1783 876/1793/1782
f 1595/1794/1783 1596/1796/1785 875/1795/1784
f 1596/1796/1785 1597/1798/1787 874/1797/1786
f 1597/1798/1787 1594/437/401 872/421/386
f 858/468/428 861/1787/1776 1595/1794/1783
f 861/1787/1776 860/1789/1778 1596/1796/1785
f 860/1789/1778 859/1791/1780 1597/1798/1787
f 859/1791/1780 857/524/478 1594/437/401
f 1598/435/399 1600/1799/1788 849/1769/1758
f 1600/1799/1788 1601/1800/1789 850/1770/1759
f 1601/1800/1789 1602/1801/1790 851/1771/1760
f 1602/1801/1790 1599/417/383 848/531/483
f 877/440/403 879/1802/1791 1600/1799/1788
f 879/1802/1791 880/1803/1792 1601/1800/1789
f 880/1803/1792 881/1804/1793 1602/1801/1790
f 881/1804/1793 878/481/438 1599/417/383
f 1603/441/404 1605/1805/1794 879/1802/1791
f 1605/1805/1794 1606/1806/1795 880/1803/1792
f 1606/1806/1795 1607/1807/1796 881/1804/1793
f 1607/1807/1796 1604/525/479 878/481/438
f 887/445/408 889/1808/1797 1605/1805/1794
f 889/1808/1797 890/1809/1798 1606/1806/1795
f 890/1809/1798 891/1810/1799 1607/1807/1796
f 891/1810/1799 888/522/476 1604/525/479
f 1608/436/400 1610/1812/1801 886/1811/1800
f 1610/1812/1801 1611/1814/1803 885/1813/1802
f 1611/1814/1803 1612/1816/1805 884/1815/1804
f 1612/1816/1805 1609/423/387 882/444/407
f 873/498/453 876/1793/1782 1610/1812/1801
f 876/1793/1782 875/1795/1784 1611/1814/1803
f 875/1795/1784 874/1797/1786 1612/1816/1805
f 874/1797/1786 872/421/386 1609/423/387
f 910/530/482 1613/2118/437 1615/1817/1806
f 913/1818/1807 1615/1817/1806 1616/1819/1808
f 912/1820/1809 1616/1819/1808 1617/1821/1810
f 911/1822/1811 1617/1821/1810 1614/515/469
f 1613/480/437 892/479/436 896/1823/1100
f 1615/1817/1806 896/1153/1100 905/1157/1104
f 1616/1819/1808 905/1157/1104 904/1163/1113
f 1617/1821/1810 904/1163/1113 894/516/470
f 1618/447/410 1620/1825/1812 889/1808/1797
f 1620/1825/1812 1621/1826/1813 890/1809/1798
f 1621/1826/1813 1622/1827/1814 891/1810/1799
f 1622/1827/1814 1619/499/454 888/522/476
f 910/530/482 913/1818/1807 1620/1825/1812
f 913/1818/1807 912/1820/1809 1621/1826/1813
f 912/1820/1809 911/1822/1811 1622/1827/1814
f 911/1822/1811 909/517/471 1619/499/454
f 1623/442/405 1625/1828/1815 900/1161/1108
f 1625/1828/1815 1626/1829/1816 901/1166/1116
f 1626/1829/1816 1627/1830/1817 906/1164/1114
f 1627/1830/1817 1624/514/468 894/516/470
f 883/528/481 886/1811/1800 1625/1828/1815
f 886/1811/1800 885/1813/1802 1626/1829/1816
f 885/1813/1802 884/1815/1804 1627/1830/1817
f 884/1815/1804 882/444/407 1624/514/468
f 852/431/395 1628/452/413 1630/1831/1818
f 854/1778/1767 1630/1831/1818 1631/1832/1819
f 855/1779/1768 1631/1832/1819 1632/1833/1820
f 856/1780/1769 1632/1833/1820 1629/509/463
f 1628/452/413 919/453/414 921/1834/1821
f 1630/1831/1818 921/1834/1821 922/1835/1822
f 1631/1832/1819 922/1835/1822 923/1836/1823
f 1632/1833/1820 923/1836/1823 920/473/432
f 915/454/415 1633/425/389 1635/1837/1824
f 918/1838/1825 1635/1837/1824 1636/1839/1826
f 917/1840/1827 1636/1839/1826 1637/1841/1828
f 916/1842/1829 1637/1841/1828 1634/458/418
f 1633/425/389 843/424/388 846/1782/1771
f 1635/1837/1824 846/1782/1771 845/1784/1773
f 1636/1839/1826 845/1784/1773 844/1786/1775
f 1637/1841/1828 844/1786/1775 842/449/412
f 1638/465/425 1640/1843/1830 932/1169/1120
f 1640/1843/1830 1641/1844/1831 933/1178/1129
f 1641/1844/1831 1642/1845/1832 940/1174/1125
f 1642/1845/1832 1639/493/449 930/1175/1126
f 924/461/421 926/1846/1833 1640/1843/1830
f 926/1846/1833 927/1847/1834 1641/1844/1831
f 927/1847/1834 928/1848/1835 1642/1845/1832
f 928/1848/1835 925/490/446 1639/493/449
f 919/453/414 1643/459/419 1645/1849/1836
f 921/1834/1821 1645/1849/1836 1646/1850/1837
f 922/1835/1822 1646/1850/1837 1647/1851/1838
f 923/1836/1823 1647/1851/1838 1644/492/448
f 1643/459/419 931/460/420 943/1181/1133
f 1645/1849/1836 943/1181/1133 939/1176/1127
f 1646/1850/1837 939/1176/1127 938/1173/1124
f 1647/1851/1838 938/1173/1124 930/1175/1126
f 924/461/421 1648/455/416 1650/1852/1839
f 926/1846/1833 1650/1852/1839 1651/1853/1840
f 927/1847/1834 1651/1853/1840 1652/1854/1841
f 928/1848/1835 1652/1854/1841 1649/491/447
f 1648/455/416 915/454/415 918/1838/1825
f 1650/1852/1839 918/1838/1825 917/1840/1827
f 1651/1853/1840 917/1840/1827 916/1842/1829
f 1652/1854/1841 916/1842/1829 914/457/417
f 931/460/420 1653/410/378 1655/1855/1842
f 934/1857/1119 1655/1862/1847 1654/1858/472
f 1653/410/378 825/1138/1086 834/1140/1843
f 1655/1862/1847 827/1133/2120 824/1130/473
f 788/391/360 1656/390/359 1658/1863/1848
f 1658/1867/1852 1657/477/434 786/1108/1057
f 893/448/411 895/1160/1107 1658/1863/1848
f 895/1868/1101 892/479/436 1657/477/434
f 967/557/506 1659/556/505 1661/1869/1854
f 970/1871/1855 1661/1877/1854 1662/1872/1856
f 969/1873/1858 1662/1872/1863 1663/1874/1859
f 1663/1874/1859 1660/673/605 966/711/639
f 1659/556/505 951/547/496 953/1876/1861
f 1661/1877/1854 953/1915/1861 954/1878/1862
f 1662/1872/1863 954/1878/1901 955/1879/1864
f 955/1879/1864 952/567/515 1660/673/605
f 1664/593/539 1666/1881/1866 975/1880/1865
f 1666/1881/1866 1667/1883/1872 974/1882/1867
f 1667/1883/1868 1668/1888/1874 973/1884/1869
f 973/1885/1869 1668/1889/1874 1665/651/588
f 956/720/648 958/1886/1871 1666/1881/1866
f 958/1886/1871 959/1887/1940 1667/1883/1872
f 959/1887/1873 960/1958/1942 1668/1888/1874
f 1668/1889/1874 960/1959/1942 957/550/499
f 1669/663/597 1671/1896/1876 950/1890/1875
f 1671/1891/1876 1672/1894/1881 949/1892/1877
f 1672/1894/1878 1673/1897/1882 948/1895/1879
f 948/1895/1879 1673/1897/1882 1670/536/488
f 967/557/506 970/1870/1855 1671/1896/1876
f 970/1871/1855 969/1873/1857 1672/1894/1881
f 969/1873/1858 968/1875/1860 1673/1897/1882
f 1673/1897/1882 968/1875/1860 966/711/639
f 962/692/621 1674/558/507 1676/1898/1883
f 965/1899/1884 1676/1898/1883 1677/1900/1885
f 964/1901/1887 1677/1900/1890 1678/1902/1888
f 1678/1904/1888 1675/555/504 961/542/492
f 1674/558/507 972/540/491 975/1880/1865
f 1676/1898/1883 975/1880/1865 974/1882/1867
f 1677/1900/1890 974/1882/1870 973/1884/1869
f 973/1885/1869 971/553/502 1675/555/504
f 977/693/622 1679/687/617 1681/1906/1891
f 980/1907/1892 1681/1906/1891 1682/1908/1893
f 979/1909/1895 1682/1908/1898 1683/1910/1896
f 1683/1912/1896 1680/544/494 976/561/509
f 1679/687/617 962/692/621 965/1899/1884
f 1681/1906/1891 965/1899/1884 964/1901/1886
f 1682/1908/1898 964/1901/1887 963/1903/1889
f 963/1905/1889 961/542/492 1680/544/494
f 951/547/496 1684/546/495 1686/1914/1899
f 953/1915/1861 1686/1919/1899 1687/1916/1900
f 954/1878/1901 1687/1916/1905 1688/1917/1902
f 1688/1917/1902 1685/565/513 952/567/515
f 1684/546/495 981/576/523 983/1918/1903
f 1686/1919/1899 983/1923/1903 984/1920/1904
f 1687/1916/1905 984/1920/1909 985/1921/1906
f 985/1921/1906 982/564/512 1685/565/513
f 981/576/523 1689/585/531 1691/1922/1907
f 983/1923/1903 1691/2134/1907 1692/1924/1908
f 984/1920/1909 1692/1924/1913 1693/1925/1910
f 1693/1925/1910 1690/562/510 982/564/512
f 1689/585/531 991/584/530 993/1926/1911
f 1691/1922/1907 993/1926/1911 994/1927/1912
f 1692/1924/1913 994/1949/1931 995/1929/1914
f 995/1929/1914 992/574/522 1690/562/510
f 987/721/649 1694/714/642 1696/1930/1915
f 990/1931/1916 1696/1930/1915 1697/1932/1917
f 989/1933/1919 1697/1932/1922 1698/1934/1920
f 1698/1934/1920 1695/1937/517 986/1936/519
f 1694/714/642 977/693/622 980/1907/1892
f 1696/1930/1915 980/1907/1892 979/1909/1894
f 1697/1932/1922 979/1909/1895 978/1911/1897
f 978/1911/1897 976/2135/509 1695/1937/517
f 1699/701/629 1701/1939/1924 1018/1938/1923
f 1701/1939/1924 1702/1941/1926 1017/1940/1925
f 1702/1941/1926 1703/1945/1928 1016/1942/1927
f 1703/1943/1928 1700/667/599 1014/581/528
f 997/1193/1147 1007/1192/1146 1701/1939/1924
f 1007/1192/1146 1000/1196/1150 1702/1941/1926
f 1000/1196/1150 999/1186/1140 1703/1945/1928
f 999/1946/1140 996/2108/1137 1700/667/599
f 991/584/530 1704/686/616 1706/1947/1929
f 993/1926/1911 1706/1947/1933 1707/1948/1930
f 994/1949/1931 1707/1951/1934 1708/1950/1932
f 995/1929/1914 1708/1950/1932 1705/572/520
f 1704/686/616 1015/699/627 1018/1938/1923
f 1706/1947/1933 1018/1938/1923 1017/1940/1925
f 1707/1951/1934 1017/2136/1925 1016/1944/1927
f 1016/1944/1927 1014/581/528 1705/572/520
f 997/1193/1147 1709/700/628 1711/1952/1935
f 1005/1191/1145 1711/1952/1935 1712/1953/1936
f 1006/1194/1157 1712/1953/1938 1713/1954/1937
f 1011/1200/1153 1713/1954/1937 1710/1955/525
f 1709/700/628 987/721/649 990/1931/1916
f 1711/1952/1935 990/1931/1916 989/1933/1918
f 1712/1953/1938 989/1933/1919 988/1935/1921
f 1713/1954/1937 988/1935/1921 986/1936/519
f 1714/601/546 1716/1956/1939 958/1886/1871
f 1716/1956/1939 1717/1957/1944 959/1887/1940
f 1717/1957/1941 1718/1962/1946 960/1958/1942
f 960/1959/1942 1718/1963/1946 1715/696/624
f 1024/662/596 1026/1960/1943 1716/1956/1939
f 1026/1960/1943 1027/1961/1962 1717/1957/1944
f 1027/1961/1945 1028/1981/1964 1718/1962/1946
f 1718/1963/1946 1028/1983/1964 1025/590/536
f 1719/506/460 1721/1970/1948 1023/1964/1947
f 1721/1965/1948 1722/1968/1953 1022/1966/1949
f 1722/1968/1950 1723/1971/1954 1021/1969/1951
f 1021/1969/1951 1723/1971/1954 1720/586/532
f 947/508/462 950/1890/1875 1721/1970/1948
f 950/1893/1875 949/1892/1877 1722/1968/1953
f 949/1892/1880 948/1895/1879 1723/1971/1954
f 1723/1971/1954 948/1895/1879 946/548/497
f 1036/1215/1175 1724/677/608 1726/1972/1955
f 1047/1213/1173 1726/1972/1955 1727/1973/1956
f 1048/1206/1164 1727/1973/1956 1728/1974/1957
f 1038/1202/1160 1728/1974/1957 1725/652/589
f 1724/677/608 1029/679/610 1031/1975/1958
f 1726/1972/1955 1031/1975/1958 1032/1976/1959
f 1727/1973/1956 1032/1976/1959 1033/1977/1960
f 1728/1974/1957 1033/1977/1960 1030/1978/542
f 1729/678/609 1731/1979/1961 1026/1960/1943
f 1731/1979/1961 1732/1980/1966 1027/1961/1962
f 1732/1980/1963 1733/1984/1965 1028/1981/1964
f 1733/1982/1965 1730/598/544 1025/590/536
f 1036/1215/1175 1049/1214/1174 1731/1979/1961
f 1049/1214/1174 1043/1217/1177 1732/1980/1966
f 1043/1217/1967 1042/1211/1169 1733/1984/1965
f 1042/1985/1169 1035/2119/1166 1730/598/544
f 1734/680/611 1736/1991/1968 1031/1975/1958
f 1736/1986/1968 1737/1989/1970 1032/1987/1959
f 1737/1989/1969 1738/1992/1971 1033/1990/1960
f 1033/1990/1960 1738/1992/1971 1735/594/540
f 1020/708/636 1023/1964/1947 1736/1991/1968
f 1023/1967/1947 1022/1966/1949 1737/1989/1970
f 1022/1966/1952 1021/1969/1951 1738/1992/1971
f 1021/1969/1951 1019/588/534 1735/594/540
f 1739/676/607 1741/1994/1973 1076/1993/1972
f 1741/1994/1973 1742/1996/1975 1075/1995/1974
f 1742/1996/1975 1743/1998/1977 1074/1997/1976
f 1743/1998/1977 1740/718/646 1072/719/647
f 1057/623/565 1059/1999/1978 1741/1994/1973
f 1059/1999/1978 1060/2000/1979 1742/1996/1975
f 1060/2000/1979 1061/2001/1980 1743/1998/1977
f 1061/2001/1980 1058/717/645 1740/718/646
f 1078/617/559 1744/616/558 1746/2002/1981
f 1081/2003/1982 1746/2002/1981 1747/2004/1983
f 1080/2005/1984 1747/2004/1983 1748/2006/1985
f 1079/2007/1986 1748/2006/1985 1745/657/592
f 1744/616/558 1062/620/562 1064/2008/1987
f 1746/2002/1981 1064/2008/1987 1065/2009/1988
f 1747/2004/1983 1065/2009/1988 1066/2010/1989
f 1748/2006/1985 1066/2010/1989 1063/658/593
f 1053/613/555 1749/604/548 1751/2011/1990
f 1056/2012/1991 1751/2011/1990 1752/2013/1992
f 1055/2015/1993 1752/2019/1992 1753/2016/1994
f 1054/2018/1995 1753/2021/1994 1750/674/606
f 1749/604/548 1073/603/547 1076/1993/1972
f 1751/2011/1990 1076/1993/1972 1075/1995/1974
f 1752/2019/1992 1075/2137/1974 1074/2020/1976
f 1753/2021/1994 1074/1997/1976 1072/719/647
f 1754/618/560 1756/2023/1997 1071/2022/1996
f 1756/2023/1997 1757/2025/1999 1070/2024/1998
f 1757/2025/1999 1758/2027/2001 1069/2026/2000
f 1758/2027/2001 1755/695/623 1067/712/640
f 1078/617/559 1081/2003/1982 1756/2023/1997
f 1081/2003/1982 1080/2005/1984 1757/2025/1999
f 1080/2005/1984 1079/2007/1986 1758/2027/2001
f 1079/2007/1986 1077/660/595 1755/695/623
f 1759/609/552 1761/2029/2003 1086/2028/2002
f 1761/2029/2003 1762/2031/2005 1085/2030/2004
f 1762/2031/2005 1763/2033/2007 1084/2032/2006
f 1763/2033/2007 1760/626/568 1082/610/553
f 1068/659/594 1071/2022/1996 1761/2029/2003
f 1071/2022/1996 1070/2024/1998 1762/2031/2005
f 1070/2024/1998 1069/2026/2000 1763/2033/2007
f 1069/2026/2000 1067/712/640 1760/626/568
f 1764/624/566 1766/2034/2008 1059/1999/1978
f 1766/2034/2008 1767/2035/2009 1060/2000/1979
f 1767/2035/2009 1768/2036/2010 1061/2001/1980
f 1768/2036/2010 1765/606/550 1058/717/645
f 1087/629/570 1089/2037/2011 1766/2034/2008
f 1089/2037/2011 1090/2038/2012 1767/2035/2009
f 1090/2038/2012 1091/2039/2013 1768/2036/2010
f 1091/2039/2013 1088/672/604 1765/606/550
f 1769/630/571 1771/2040/2014 1089/2037/2011
f 1771/2040/2014 1772/2041/2015 1090/2038/2012
f 1772/2041/2015 1773/2042/2016 1091/2039/2013
f 1773/2042/2016 1770/713/641 1088/672/604
f 1097/634/574 1099/2043/2017 1771/2040/2014
f 1099/2043/2017 1100/2044/2018 1772/2041/2015
f 1100/2044/2018 1101/2045/2019 1773/2042/2016
f 1101/2045/2019 1098/710/638 1770/713/641
f 1774/625/567 1776/2047/2021 1096/2046/2020
f 1776/2047/2021 1777/2049/2023 1095/2048/2022
f 1777/2049/2023 1778/2051/2025 1094/2050/2024
f 1778/2051/2025 1775/612/554 1092/633/573
f 1083/689/618 1086/2028/2002 1776/2047/2021
f 1086/2028/2002 1085/2030/2004 1777/2049/2023
f 1085/2030/2004 1084/2032/2006 1778/2051/2025
f 1084/2032/2006 1082/610/553 1775/612/554
f 1120/716/644 1779/671/603 1781/2052/2026
f 1123/2053/2027 1781/2052/2026 1782/2054/2028
f 1122/2055/2029 1782/2054/2028 1783/2056/2030
f 1121/2057/2031 1783/2056/2030 1780/703/631
f 1779/671/603 1102/670/602 1105/1219/1180
f 1781/2052/2026 1105/1219/1180 1115/1223/1184
f 1782/2054/2028 1115/1223/1184 1114/1229/1192
f 1783/2056/2030 1114/1229/1192 1104/704/632
f 1784/636/576 1786/2058/2032 1099/2043/2017
f 1786/2058/2032 1787/2059/2033 1100/2044/2018
f 1787/2059/2033 1788/2060/2034 1101/2045/2019
f 1788/2060/2034 1785/690/619 1098/710/638
f 1120/716/644 1123/2053/2027 1786/2058/2032
f 1123/2053/2027 1122/2055/2029 1787/2059/2033
f 1122/2055/2029 1121/2057/2031 1788/2060/2034
f 1121/2057/2031 1119/705/633 1785/690/619
f 1789/631/572 1791/2061/2035 1109/1227/1188
f 1791/2061/2035 1792/2062/2036 1110/1232/1195
f 1792/2062/2036 1793/2063/2037 1116/1230/1193
f 1793/2063/2037 1790/702/630 1104/704/632
f 1093/715/643 1096/2046/2020 1791/2061/2035
f 1096/2046/2020 1095/2048/2022 1792/2062/2036
f 1095/2048/2022 1094/2050/2024 1793/2063/2037
f 1094/2050/2024 1092/633/573 1790/702/630
f 1062/620/562 1794/641/579 1796/2064/2038
f 1064/2008/1987 1796/2064/2038 1797/2065/2039
f 1065/2009/1988 1797/2065/2039 1798/2066/2040
f 1066/2010/1989 1798/2066/2040 1795/697/625
f 1794/641/579 1129/642/580 1131/2067/2041
f 1796/2064/2038 1131/2067/2041 1132/2068/2042
f 1797/2065/2039 1132/2068/2042 1133/2069/2043
f 1798/2066/2040 1133/2069/2043 1130/664/598
f 1125/643/581 1799/614/556 1801/2070/2044
f 1128/2071/2045 1801/2070/2044 1802/2072/2046
f 1127/2074/2047 1802/2078/2046 1803/2075/2048
f 1126/2077/2049 1803/2079/2048 1800/647/584
f 1799/614/556 1053/613/555 1056/2012/1991
f 1801/2070/2044 1056/2012/1991 1055/2014/1993
f 1802/2078/2046 1055/2015/1993 1054/2017/1995
f 1803/2079/2048 1054/2018/1995 1052/638/578
f 1804/656/591 1806/2080/2050 1142/1235/1199
f 1806/2080/2050 1807/2081/2051 1143/1245/1209
f 1807/2081/2051 1808/2082/2052 1149/1246/1205
f 1808/2082/2052 1805/2138/615 1140/2083/1206
f 1134/655/587 1136/2084/2053 1806/2080/2050
f 1136/2084/2053 1137/2085/2054 1807/2081/2051
f 1137/2085/2054 1138/2095/2055 1808/2082/2052
f 1138/2086/2055 1135/681/612 1805/684/615
f 1129/642/580 1809/648/585 1811/2088/2056
f 1131/2067/2041 1811/2088/2056 1812/2089/2057
f 1132/2068/2042 1812/2089/2057 1813/2090/2058
f 1133/2069/2043 1813/2090/2058 1810/683/614
f 1809/648/585 1141/649/586 1153/1250/1213
f 1811/2088/2056 1153/1250/1213 1148/1242/1207
f 1812/2089/2057 1148/1242/1207 1147/1239/1204
f 1813/2090/2058 1147/1239/1204 1140/1241/1206
f 1134/650/587 1814/644/582 1816/2091/2059
f 1136/2084/2053 1816/2096/2059 1817/2093/2060
f 1137/2085/2054 1817/2093/2060 1818/2094/2061
f 1138/2086/2055 1818/2097/2061 1815/682/613
f 1814/644/582 1125/643/581 1128/2071/2045
f 1816/2096/2059 1128/2139/2045 1127/2074/2047
f 1817/2093/2060 1127/2074/2047 1126/2076/2049
f 1818/2097/2061 1126/2077/2049 1124/646/583
f 1141/649/586 1819/599/545 1821/2098/2062
f 1152/1234/2063 1821/2103/2068 1820/706/634
f 1819/599/545 1035/2119/1166 1044/2100/2065
f 1821/2103/2068 1037/1203/2121 1034/707/635
f 998/580/527 1822/579/526 1824/2104/2069
f 1824/2107/2072 1823/668/600 996/2108/1137
f 1822/579/526 1103/637/577 1111/1226/1187
f 1111/2110/2074 1102/670/2122 1823/668/600
