# Blender 5.2.2 LTS
# www.blender.org
o Holocron_Esquina_05
v 3.890839 -2.879161 -5.041106
v 2.660873 -4.028966 -5.068142
v 3.514503 -3.321102 -5.051497
v 3.092735 -3.710741 -5.060660
v 2.151409 -4.312589 -5.074801
v 4.246132 -2.321751 -5.027999
v 3.886822 -2.872837 -5.152681
v 2.656857 -4.022644 -5.179717
v 3.510490 -3.314778 -5.163072
v 3.088718 -3.704417 -5.172233
v 2.147392 -4.306265 -5.186374
v 4.242115 -2.315427 -5.139574
v 4.117886 -2.106758 -5.078806
v 3.733635 -2.733128 -5.093534
v 3.357548 -3.175299 -5.103931
v 4.044029 -3.018870 -5.100253
v 4.370358 -2.530419 -5.088767
v 2.356934 -4.427686 -5.133380
v 2.814137 -4.168742 -5.127290
v 3.667446 -3.460582 -5.110638
v 4.676147 -1.969098 -5.075568
v 2.503593 -3.882867 -5.120568
v 1.941864 -4.191166 -5.127794
v 2.935539 -3.564716 -5.113087
v 1.855061 -4.652586 -5.138668
v 3.245918 -3.850443 -5.119806
v 0.514076 -4.856061 -5.230527
v 4.916996 -4.863950 -5.230712
v 4.922043 -0.447041 -5.134144
v 5.159084 -4.871010 -4.990427
v 5.173897 -4.950408 -0.607215
v 5.164139 -0.445429 -4.893662
v 4.919506 -5.109039 -4.996578
v 0.515297 -5.098735 -4.998442
v 4.941967 -5.169062 -0.585713
v 2.853382 -4.987759 -3.997040
v 4.031002 -5.030562 -2.794133
v 3.303825 -5.001894 -3.631053
v 3.703003 -5.016521 -3.218457
v 4.326153 -5.046055 -2.291455
v 2.287949 -4.972793 -4.339343
v 2.848427 -5.099465 -3.995592
v 4.026047 -5.142268 -2.792686
v 3.298874 -5.113602 -3.629606
v 3.698048 -5.128226 -3.217010
v 4.325466 -5.150727 -2.282906
v 2.282993 -5.084499 -4.337896
v 2.076511 -5.029233 -4.207589
v 2.711555 -5.045688 -3.837924
v 3.162228 -5.059823 -3.472193
v 2.990250 -5.041534 -4.154706
v 2.494431 -5.028061 -4.469650
v 4.441498 -5.094785 -2.498323
v 4.167934 -5.084335 -2.951875
v 3.440472 -5.055675 -3.788468
v 1.926208 -5.014240 -4.762385
v 3.889111 -5.088494 -2.634943
v 4.210125 -5.101996 -2.076037
v 3.561188 -5.074449 -3.059350
v 3.839867 -5.070295 -3.376117
v 5.061176 -3.935698 -2.879239
v 5.043785 -2.715950 -4.040064
v 5.063805 -3.562833 -3.324224
v 5.057430 -3.144551 -3.717659
v 5.019585 -2.209985 -4.328949
v 5.046341 -4.287178 -2.319461
v 5.171196 -3.920819 -2.865847
v 5.153805 -2.701073 -4.026672
v 5.173824 -3.547957 -3.310832
v 5.167450 -3.129674 -3.704267
v 5.129604 -2.195108 -4.315557
v 5.156361 -4.272301 -2.306069
v 5.070484 -4.153295 -2.103261
v 5.088604 -3.773253 -2.732105
v 5.091274 -3.400640 -3.177317
v 5.143772 -4.083262 -3.012980
v 5.132217 -4.406183 -2.522270
v 5.105072 -2.409544 -4.437521
v 5.126392 -2.863587 -4.173869
v 5.146351 -3.710149 -3.457739
v 5.112255 -4.708380 -1.959207
v 5.071198 -2.553434 -3.892865
v 5.044113 -1.995549 -4.206984
v 5.084858 -2.982116 -3.570534
v 5.076439 -1.910911 -4.667801
v 5.140018 -3.292107 -3.851392
v 3.306770 -3.524050 -5.056268
v 3.709690 -3.105289 -5.046423
v 2.878014 -3.878573 -5.064605
v 2.431046 -4.167531 -5.071399
v 1.793224 -4.479731 -5.078703
v 4.062195 -2.634608 -5.035356
v 4.461765 -1.901037 -5.018107
v 3.302753 -3.517726 -5.167843
v 3.705673 -3.098967 -5.157998
v 2.873993 -3.872250 -5.176179
v 2.427029 -4.161207 -5.182973
v 1.789207 -4.473407 -5.190278
v 4.058182 -2.628285 -5.146929
v 4.457748 -1.894713 -5.129681
v 3.908550 -2.479897 -5.087579
v 3.552639 -2.959399 -5.098854
v 4.211830 -2.782996 -5.094706
v 2.590839 -4.304221 -5.130476
v 3.862724 -3.244856 -5.105567
v 4.695129 -1.412849 -5.062488
v 2.267235 -4.024516 -5.123896
v 3.149727 -3.378166 -5.108700
v 4.395237 -1.539667 -5.065470
v 1.386208 -4.657710 -5.138714
v 4.524277 -2.256084 -5.082316
v 2.109810 -4.542389 -5.136076
v 2.720745 -3.732483 -5.117033
v 1.472626 -4.410748 -5.132905
v 3.459801 -3.663613 -5.115412
v 3.031261 -4.018339 -5.123753
v 2.840454 -5.061962 -4.757030
v 5.116665 -2.838305 -2.877745
v 4.676323 -2.790684 -5.137548
v 3.453632 -3.402779 -3.487160
v 2.715534 -4.860005 -5.230619
v 4.919518 -2.655496 -5.182428
v 2.718060 -2.651550 -5.182335
v 5.166489 -4.910709 -2.798820
v 5.161613 -2.658219 -4.942045
v 5.169018 -2.697918 -2.750439
v 2.717403 -5.103889 -4.997510
v 4.930737 -5.139052 -2.791146
v 2.728630 -5.133898 -2.792078
v 3.450943 -5.046340 -3.530443
v 3.453102 -3.400148 -5.103125
v 5.064575 -3.436975 -3.493275
v 2.842125 -2.786016 -5.137438
v 5.115398 -4.681564 -2.918133
v 4.687881 -5.101297 -2.915656
v 2.840862 -4.620606 -5.177626
v 5.112751 -2.795052 -4.704525
v 2.848190 -5.096599 -2.916599
v 3.511475 -5.009226 -3.428091
v 3.083603 -4.994719 -3.821177
v 3.875694 -5.023612 -3.007703
v 4.174767 -5.037678 -2.567614
v 4.501404 -5.056559 -1.937304
v 2.604958 -4.980821 -4.162690
v 1.862373 -4.962760 -4.545204
v 3.506516 -5.120931 -3.426643
v 3.078648 -5.106424 -3.819730
v 3.870739 -5.135318 -3.006254
v 4.170341 -5.148503 -2.565278
v 4.509789 -5.146281 -1.913664
v 2.600002 -5.092527 -4.161242
v 1.857414 -5.074465 -4.543756
v 2.454376 -5.038566 -4.006933
v 2.941917 -5.052646 -3.662220
v 2.750584 -5.034783 -4.317002
v 4.308998 -5.090822 -2.731496
v 3.220333 -5.048496 -3.978688
v 1.369560 -5.007364 -4.768591
v 4.036110 -5.095360 -2.401394
v 3.369793 -5.067154 -3.269138
v 1.503166 -5.016029 -4.471776
v 4.702045 -5.103087 -1.514645
v 2.216621 -5.021199 -4.617183
v 4.570866 -5.094571 -2.248567
v 3.733814 -5.081544 -2.848522
v 4.440327 -5.108270 -1.602402
v 3.648197 -5.063004 -3.585596
v 4.012619 -5.077387 -3.165435
v 5.061638 -3.356858 -3.529002
v 5.063622 -3.756269 -3.106784
v 5.051495 -2.931486 -3.887533
v 5.033806 -2.487743 -4.180962
v 4.999706 -1.854142 -4.499908
v 5.056164 -4.105310 -2.633455
v 5.030071 -4.500187 -1.897611
v 5.171658 -3.341982 -3.515610
v 5.173641 -3.741390 -3.093392
v 5.161510 -2.916607 -3.874142
v 5.143826 -2.472866 -4.167571
v 5.109726 -1.839266 -4.486516
v 5.166183 -4.090432 -2.620064
v 5.140091 -4.485310 -1.884219
v 5.083168 -3.946374 -2.477633
v 5.091076 -3.593980 -2.959791
v 5.139179 -4.249366 -2.775887
v 5.116772 -2.641871 -4.311614
v 5.146187 -3.903679 -3.240385
v 5.065044 -4.725154 -1.404740
v 5.060860 -2.318738 -4.036919
v 5.089092 -3.194575 -3.382014
v 5.047268 -4.427174 -1.534801
v 5.031544 -1.444313 -4.678703
v 5.122890 -4.558324 -2.247028
v 5.091324 -2.164033 -4.554858
v 5.078907 -2.768979 -3.740344
v 5.018108 -1.529377 -4.431566
v 5.144199 -3.504263 -3.662598
v 5.134094 -3.079114 -4.021332
v 1.007267 -5.098774 -4.761845
v 4.062992 -3.037549 -5.048683
v 4.061188 -3.035981 -5.044793
v 4.063286 -3.037854 -5.047215
v 4.063046 -3.037662 -5.045960
v 4.062309 -3.037005 -5.045111
v 3.263058 -3.867534 -5.064346
v 3.264877 -3.869118 -5.068237
v 3.264183 -3.868566 -5.064664
v 3.264927 -3.869229 -5.065516
v 3.265171 -3.869422 -5.066768
v 3.720505 -2.722354 -5.037420
v 3.718445 -2.720367 -5.041343
v 3.719360 -2.721294 -5.037697
v 3.718567 -2.720544 -5.038541
v 3.718246 -2.720218 -5.039821
v 2.920353 -3.551956 -5.060898
v 2.922417 -3.553948 -5.056974
v 2.920155 -3.551808 -5.059374
v 2.920475 -3.552135 -5.058094
v 2.921268 -3.552886 -5.057250
v 3.686409 -3.479260 -5.059065
v 3.684605 -3.477693 -5.055179
v 3.686699 -3.479564 -5.057599
v 3.686462 -3.479373 -5.056345
v 3.685726 -3.478715 -5.055496
v 3.342361 -3.162538 -5.051739
v 3.344410 -3.164518 -5.047816
v 3.342163 -3.162389 -5.050216
v 3.342480 -3.162713 -5.048936
v 3.343269 -3.163460 -5.048093
v 2.488411 -3.870108 -5.068387
v 2.490505 -3.872134 -5.064455
v 2.488213 -3.869963 -5.066860
v 2.488541 -3.870296 -5.065576
v 2.489349 -3.871059 -5.064731
v 2.831238 -4.185800 -5.071829
v 2.833092 -4.187414 -5.075735
v 2.832378 -4.186844 -5.072149
v 2.833134 -4.187517 -5.073002
v 2.833382 -4.187719 -5.074261
v 1.926682 -4.178408 -5.075617
v 1.929771 -4.179977 -5.071671
v 1.926559 -4.178229 -5.074088
v 1.927105 -4.178462 -5.072801
v 1.928230 -4.179075 -5.071951
v 2.373047 -4.445202 -5.077931
v 2.375881 -4.446352 -5.081847
v 2.374565 -4.446071 -5.078246
v 2.375637 -4.446594 -5.079103
v 2.376099 -4.446692 -5.080366
v 0.906616 -4.650191 -5.086610
v 0.919285 -4.645279 -5.082489
v 0.906094 -4.648298 -5.086545
v 0.909466 -4.649572 -5.085063
v 0.912872 -4.648419 -5.083737
v 0.905293 -4.650078 -5.086868
v 0.907249 -4.649309 -5.085227
v 0.909470 -4.648370 -5.083931
v 0.907990 -4.648204 -5.084329
v 0.916019 -4.645164 -5.082790
v 0.912365 -4.645694 -5.083665
v 0.916321 -4.646914 -5.082833
v 0.912434 -4.646957 -5.083274
v 0.909252 -4.647215 -5.083902
v 0.905010 -4.649052 -5.086832
v 0.908878 -4.646795 -5.084984
v 0.906971 -4.648005 -5.085189
v 0.905937 -4.648926 -5.085311
v 1.873997 -4.671237 -5.087165
v 1.875217 -4.668379 -5.083176
v 1.874527 -4.671451 -5.085672
v 1.874947 -4.670983 -5.084387
v 1.875187 -4.669903 -5.083513
v 4.389317 -2.549093 -5.037210
v 4.388176 -2.546449 -5.033283
v 4.389660 -2.549317 -5.035736
v 4.389565 -2.548892 -5.034472
v 4.389042 -2.547885 -5.033611
v 4.104137 -2.097134 -5.022716
v 4.102699 -2.093997 -5.026616
v 4.103230 -2.095634 -5.022983
v 4.102638 -2.094511 -5.023820
v 4.102451 -2.093938 -5.025094
v 4.692253 -1.988444 -5.020162
v 4.695091 -1.987762 -5.024036
v 4.693775 -1.988612 -5.020461
v 4.694847 -1.988540 -5.021302
v 4.695312 -1.988243 -5.022557
v 4.698925 -0.848243 -4.997341
v 4.697113 -0.847726 -4.997315
v 4.693481 -0.861670 -4.993666
v 4.698853 -0.846911 -4.997532
v 4.698151 -0.851300 -4.995886
v 4.697952 -0.849043 -4.995985
v 4.697620 -0.847702 -4.996041
v 4.696793 -0.849876 -4.995145
v 4.695442 -0.850701 -4.995863
v 4.694168 -0.854398 -4.994661
v 4.697872 -0.846629 -4.997516
v 4.696686 -0.848757 -4.995973
v 4.695763 -0.851197 -4.994779
v 4.695202 -0.858565 -4.993899
v 4.696842 -0.854923 -4.994676
v 4.693478 -0.858248 -4.993889
v 4.695381 -0.854522 -4.994242
v 4.696896 -0.851422 -4.994786
v 4.020454 -2.995852 -5.155573
v 4.025066 -3.000191 -5.151827
v 4.021790 -2.997089 -5.155310
v 4.023132 -2.998347 -5.154505
v 4.024284 -2.999437 -5.153282
v 3.226955 -3.831763 -5.171379
v 3.222324 -3.827409 -5.175127
v 3.226173 -3.831009 -5.172834
v 3.225018 -3.829916 -5.174057
v 3.223663 -3.828650 -5.174862
v 3.748821 -2.745889 -5.145725
v 3.753208 -2.749833 -5.149789
v 3.749512 -2.746488 -5.147259
v 3.750587 -2.747449 -5.148570
v 3.751884 -2.748624 -5.149457
v 2.955116 -3.581427 -5.169342
v 2.950726 -3.577477 -5.165275
v 2.953793 -3.580215 -5.169012
v 2.952492 -3.579039 -5.168123
v 2.951416 -3.578077 -5.166811
v 3.643871 -3.437566 -5.165960
v 3.648479 -3.441901 -5.162218
v 3.645206 -3.438801 -5.165696
v 3.646549 -3.440059 -5.164892
v 3.647701 -3.441148 -5.163669
v 3.377113 -3.191995 -5.160185
v 3.372734 -3.188060 -5.156123
v 3.375793 -3.190788 -5.159854
v 3.374500 -3.189617 -5.158966
v 3.373425 -3.188659 -5.157655
v 2.523209 -3.899611 -5.176822
v 2.518780 -3.895626 -5.172752
v 2.521870 -3.898388 -5.176492
v 2.520557 -3.897200 -5.175602
v 2.519474 -3.896231 -5.174287
v 2.795177 -4.150069 -5.178851
v 2.790501 -4.145671 -5.182609
v 2.794392 -4.149309 -5.180311
v 2.793224 -4.148206 -5.181537
v 2.791859 -4.146931 -5.182346
v 1.962730 -4.207325 -5.184036
v 1.957050 -4.203923 -5.179971
v 1.960915 -4.206322 -5.183709
v 1.959194 -4.205326 -5.182822
v 1.957836 -4.204484 -5.181509
v 2.337982 -4.409021 -5.184920
v 2.332054 -4.405208 -5.188713
v 2.337097 -4.408302 -5.186388
v 2.335663 -4.407327 -5.187625
v 2.333889 -4.406240 -5.188442
v 0.936939 -4.675374 -5.190915
v 0.936459 -4.673813 -5.190896
v 0.955246 -4.671257 -5.194825
v 0.935627 -4.675382 -5.191169
v 0.941090 -4.675243 -5.192444
v 0.938828 -4.675149 -5.192503
v 0.937454 -4.674898 -5.192519
v 0.940361 -4.674421 -5.193269
v 0.940685 -4.672814 -5.192398
v 0.945740 -4.671975 -5.193673
v 0.938629 -4.674010 -5.192482
v 0.942089 -4.673560 -5.193567
v 0.950996 -4.673016 -5.194561
v 0.946026 -4.674416 -5.193724
v 0.950851 -4.671430 -5.194524
v 0.946194 -4.673254 -5.194124
v 0.942211 -4.674592 -5.193589
v 1.834534 -4.628266 -5.193957
v 1.836121 -4.633927 -5.190181
v 1.834705 -4.630003 -5.193700
v 1.835068 -4.631689 -5.192893
v 1.835564 -4.633069 -5.191658
v 4.347610 -2.506051 -5.144057
v 4.351402 -2.511744 -5.140330
v 4.348629 -2.507805 -5.143804
v 4.349709 -2.509503 -5.143007
v 4.350681 -2.510887 -5.141787
v 4.133072 -2.119517 -5.130994
v 4.136677 -2.124909 -5.135093
v 4.133701 -2.120227 -5.132531
v 4.134609 -2.121501 -5.133849
v 4.135654 -2.123145 -5.134751
v 4.657196 -1.950431 -5.127112
v 4.651558 -1.948302 -5.130943
v 4.656334 -1.949842 -5.128583
v 4.654957 -1.949231 -5.129827
v 4.653282 -1.948690 -5.130656
v 4.728992 -0.873725 -5.101687
v 4.724670 -0.892317 -5.106110
v 4.727486 -0.873243 -5.101688
v 4.728848 -0.877950 -5.103311
v 4.727974 -0.882968 -5.104722
v 4.728802 -0.875636 -5.103301
v 4.728230 -0.879067 -5.104489
v 4.728081 -0.877185 -5.104122
v 4.724918 -0.887852 -5.105703
v 4.725540 -0.882661 -5.104718
v 4.726505 -0.888013 -5.105705
v 4.726830 -0.883114 -5.105150
v 4.727200 -0.878935 -5.104487
v 4.728218 -0.872142 -5.101870
v 4.726440 -0.877530 -5.103308
v 4.727676 -0.875435 -5.103299
v 4.728584 -0.874234 -5.103279
v 4.670803 -4.624311 -5.221223
v 4.675064 -4.620062 -5.221132
v 4.679626 -4.628750 -5.225582
v 4.672432 -4.623991 -5.221216
v 4.673813 -4.623069 -5.221197
v 4.672749 -4.624622 -5.222862
v 4.673775 -4.624306 -5.222797
v 4.675411 -4.621946 -5.222803
v 4.676399 -4.624259 -5.224234
v 4.674740 -4.621690 -5.221165
v 4.675091 -4.622983 -5.222768
v 4.677525 -4.627024 -5.225218
v 4.676476 -4.625628 -5.224718
v 4.675110 -4.624871 -5.224068
v 5.170631 -4.728327 -1.114890
v 5.170822 -4.725293 -1.113399
v 5.174873 -4.732830 -1.102616
v 5.171017 -4.728156 -1.113523
v 5.171188 -4.727519 -1.112760
v 5.172264 -4.728824 -1.111888
v 5.172382 -4.727715 -1.111383
v 5.171120 -4.726515 -1.112716
v 5.174561 -4.731261 -1.105246
v 5.173645 -4.729856 -1.108502
v 5.174110 -4.730384 -1.107767
v 5.173534 -4.729361 -1.109789
v 1.010921 -4.614998 -5.221006
v 0.997253 -4.619500 -5.225363
v 1.009678 -4.611979 -5.220938
v 1.009521 -4.614763 -5.220999
v 1.007492 -4.615103 -5.222581
v 1.005859 -4.615473 -5.223468
v 1.000565 -4.617743 -5.225004
v 1.002872 -4.616902 -5.224512
v 1.008850 -4.613129 -5.220964
v 4.677582 -0.959400 -5.140936
v 4.674568 -0.958148 -5.140908
v 4.682133 -0.945595 -5.144896
v 4.677353 -0.957998 -5.140904
v 4.677929 -0.956352 -5.142500
v 4.678101 -0.954273 -5.143275
v 4.679272 -0.951951 -5.143788
v 4.675720 -0.957321 -5.140888
v 4.677216 -0.955411 -5.142422
v 4.681080 -0.948532 -5.144636
v 1.012623 -5.096011 -4.760782
v 1.011322 -5.096107 -4.757769
v 0.999531 -5.100217 -4.765699
v 1.011230 -5.096210 -4.760569
v 1.009754 -5.097624 -4.761255
v 1.008736 -5.097671 -4.760401
v 1.010529 -5.096262 -4.758938
v 1.002670 -5.099901 -4.763914
v 1.006264 -5.098992 -4.762353
v 1.005005 -5.099443 -4.763048
v 5.154999 -4.638449 -4.740654
v 5.159237 -4.642489 -4.749285
v 5.154984 -4.634084 -4.744818
v 5.156624 -4.638723 -4.742624
v 5.157997 -4.639587 -4.744955
v 5.154995 -4.638083 -4.742277
v 5.156563 -4.638374 -4.743616
v 5.157436 -4.638340 -4.744918
v 5.157993 -4.638298 -4.746164
v 5.158916 -4.640910 -4.747295
v 5.158447 -4.639606 -4.746255
v 5.154987 -4.635721 -4.744530
v 5.154991 -4.637126 -4.743639
v 5.156612 -4.636019 -4.745187
v 5.156559 -4.637036 -4.744886
v 5.157516 -0.956082 -4.664232
v 5.161823 -0.941990 -4.668598
v 5.157528 -0.954928 -4.661221
v 5.157520 -0.954689 -4.663975
v 5.159977 -0.950953 -4.664671
v 5.161480 -0.945014 -4.667589
v 5.160542 -0.948535 -4.665831
v 5.157528 -0.954065 -4.662346
v 5.159058 -0.952409 -4.664004
v 4.675827 -5.110127 -4.757120
v 4.684578 -5.114302 -4.761709
v 4.680126 -5.110203 -4.752855
v 4.677761 -5.111756 -4.757498
v 4.680099 -5.113122 -4.758504
v 4.677464 -5.110130 -4.756792
v 4.678791 -5.111701 -4.757177
v 4.680122 -5.112582 -4.757196
v 4.681416 -5.113144 -4.757172
v 4.682495 -5.114017 -4.759981
v 4.681469 -5.113574 -4.758567
v 4.679787 -5.110171 -4.754486
v 4.678852 -5.110145 -4.755868
v 4.680450 -5.111804 -4.754805
v 4.680122 -5.111724 -4.755846
v 4.709049 -5.162184 -1.074069
v 4.715637 -5.166111 -1.059290
v 4.705494 -5.161797 -1.073186
v 4.710163 -5.163674 -1.070779
v 4.708549 -5.161704 -1.072767
v 4.710518 -5.164231 -1.068608
v 4.714203 -5.165775 -1.062552
v 4.711075 -5.164641 -1.067661
v 4.706627 -5.161492 -1.072289
v 4.707699 -5.161461 -1.072142
v 4.709026 -5.163264 -1.070024
v 5.161930 0.051458 -5.123389
v 5.163036 0.053936 -5.119856
v 5.166458 0.051113 -5.118719
v 5.161407 0.052551 -5.123102
v 5.161438 0.053406 -5.122328
v 5.163673 0.051396 -5.123038
v 5.164360 0.053808 -5.118805
v 5.165478 0.053226 -5.118220
v 5.162010 0.053891 -5.121187
v 5.166122 0.051209 -5.120508
v 5.165146 0.051308 -5.122025
v 5.166214 0.052281 -5.118191
v 0.031052 -5.097254 -5.231195
v 0.028465 -5.093783 -5.232233
v 0.030888 -5.092624 -5.235689
v 0.029945 -5.097011 -5.230669
v 0.029064 -5.096265 -5.230682
v 0.031013 -5.096897 -5.232946
v 0.029057 -5.096501 -5.232706
v 0.027782 -5.095894 -5.232650
v 0.027832 -5.095312 -5.233816
v 0.028522 -5.092738 -5.233543
v 0.028999 -5.092150 -5.234659
v 0.028545 -5.095132 -5.231229
v 0.027863 -5.094532 -5.233004
v 0.027752 -5.094129 -5.234355
v 0.030926 -5.094392 -5.235380
v 0.030968 -5.095891 -5.234416
v 0.029831 -5.092110 -5.235411
v 0.028999 -5.094165 -5.234968
v 5.154369 -5.099157 -5.235842
v 5.158932 -5.099428 -5.231459
v 5.154411 -5.103778 -5.231426
v 5.156116 -5.099207 -5.235509
v 5.157597 -5.099275 -5.234560
v 5.154377 -5.100894 -5.235535
v 5.156059 -5.100873 -5.235048
v 5.157406 -5.100873 -5.234396
v 5.157001 -5.101833 -5.234008
v 5.158588 -5.101080 -5.231462
v 5.157612 -5.102489 -5.231457
v 5.158585 -5.099353 -5.233137
v 5.158085 -5.100965 -5.233091
v 5.157413 -5.102258 -5.233057
v 5.154400 -5.103394 -5.233145
v 5.154388 -5.102380 -5.234589
v 5.156143 -5.103434 -5.231443
v 5.156075 -5.102906 -5.233093
v 5.156021 -5.102211 -5.234407
v 5.172916 -5.167911 -0.111981
v 5.169418 -5.168482 -0.109363
v 5.168335 -5.172016 -0.112048
v 5.172642 -5.167318 -0.110710
v 5.171883 -5.167218 -0.109766
v 5.172554 -5.169460 -0.112006
v 5.172150 -5.169191 -0.109963
v 5.171539 -5.169090 -0.108636
v 5.170975 -5.170196 -0.108781
v 5.168407 -5.169821 -0.109451
v 5.167847 -5.170964 -0.109992
v 5.170746 -5.167627 -0.109293
v 5.170185 -5.169370 -0.108739
v 5.169807 -5.170692 -0.108730
v 5.170074 -5.171682 -0.112042
v 5.171558 -5.170784 -0.112028
v 5.167824 -5.171734 -0.110903
v 5.169849 -5.171295 -0.110052
v 5.171391 -5.170612 -0.109606
v 1.010921 -4.616901 -5.134035
v 1.009678 -4.613884 -5.133970
v 1.016941 -4.612752 -5.129679
v 1.009064 -4.616859 -5.134035
v 1.008171 -4.616271 -5.134021
v 1.011841 -4.616426 -5.132394
v 1.010010 -4.616324 -5.132350
v 1.010372 -4.615419 -5.131540
v 1.010693 -4.613636 -5.132333
v 1.012428 -4.613334 -5.130943
v 1.008389 -4.615225 -5.133998
v 1.009464 -4.614997 -5.132322
v 1.015099 -4.614178 -5.130037
v 1.013309 -4.615469 -5.130991
v 1.014622 -4.613022 -5.130011
v 1.012657 -4.614500 -5.130435
v 1.011314 -4.615537 -5.131208
v 4.670803 -4.626215 -5.134251
v 4.670807 -4.622048 -5.129900
v 4.675064 -4.621966 -5.134159
v 4.670803 -4.625926 -5.132616
v 4.670803 -4.625031 -5.131212
v 4.672432 -4.625894 -5.134246
v 4.672474 -4.625538 -5.132566
v 4.672390 -4.624815 -5.131425
v 4.672436 -4.622046 -5.130224
v 4.673817 -4.622028 -5.131147
v 4.670803 -4.623670 -5.130257
v 4.672474 -4.623706 -5.130651
v 4.673599 -4.623608 -5.131399
v 4.674740 -4.623594 -5.134195
v 4.673817 -4.624973 -5.134225
v 4.674740 -4.622000 -5.132530
v 4.674347 -4.623669 -5.132526
v 4.673599 -4.624791 -5.132635
v 4.677582 -0.961304 -5.053965
v 4.673317 -0.967408 -5.049837
v 4.674568 -0.960053 -5.053938
v 4.677067 -0.962258 -5.052355
v 4.676075 -0.963753 -5.051005
v 4.677544 -0.959442 -5.053923
v 4.676971 -0.960426 -5.052273
v 4.676044 -0.960806 -5.051493
v 4.673607 -0.965082 -5.050110
v 4.673943 -0.962867 -5.050986
v 4.674759 -0.965562 -5.050122
v 4.675098 -0.963112 -5.050459
v 4.675301 -0.961401 -5.051169
v 4.675915 -0.958766 -5.053910
v 4.676960 -0.958553 -5.053904
v 4.674282 -0.961102 -5.052328
v 4.675648 -0.959877 -5.052262
v 5.067986 -4.638376 -4.740652
v 5.067989 -4.634023 -4.744816
v 5.063728 -4.634116 -4.740557
v 5.067986 -4.638016 -4.742275
v 5.067989 -4.637062 -4.743635
v 5.066357 -4.638052 -4.740644
v 5.066315 -4.637623 -4.742306
v 5.066402 -4.636850 -4.743415
v 5.066360 -4.634029 -4.744493
v 5.064976 -4.634048 -4.743570
v 5.067989 -4.635660 -4.744528
v 5.066319 -4.635709 -4.744137
v 5.065193 -4.635638 -4.743387
v 5.064053 -4.635746 -4.740594
v 5.064976 -4.637129 -4.740625
v 5.064053 -4.634080 -4.742189
v 5.064445 -4.635749 -4.742264
v 5.065193 -4.636877 -4.742203
v 5.067978 -4.721088 -1.076883
v 5.063736 -4.716400 -1.080940
v 5.067795 -4.718033 -1.075272
v 5.066353 -4.720613 -1.077827
v 5.064976 -4.719556 -1.078929
v 5.068279 -4.720908 -1.075486
v 5.066536 -4.720309 -1.075982
v 5.065178 -4.719501 -1.076622
v 5.065594 -4.719213 -1.075623
v 5.064045 -4.716187 -1.079024
v 5.064922 -4.716422 -1.077274
v 5.064056 -4.718076 -1.080022
v 5.064510 -4.718052 -1.077688
v 5.065155 -4.718165 -1.075915
v 5.068180 -4.719254 -1.074614
v 5.068352 -4.720263 -1.074689
v 5.066242 -4.717071 -1.075957
v 5.066479 -4.718627 -1.075094
v 5.066624 -4.719815 -1.074796
v 5.070522 -0.956023 -4.664232
v 5.070522 -0.954847 -4.661200
v 5.066257 -0.962166 -4.660105
v 5.070522 -0.954628 -4.663973
v 5.068890 -0.957418 -4.663937
v 5.068947 -0.955729 -4.663546
v 5.068989 -0.954662 -4.663016
v 5.068073 -0.955850 -4.662554
v 5.068893 -0.956074 -4.660475
v 5.067509 -0.957896 -4.660013
v 5.070522 -0.953991 -4.662331
v 5.068951 -0.955092 -4.661902
v 5.067688 -0.956384 -4.661600
v 5.066582 -0.960743 -4.661703
v 5.067505 -0.959076 -4.663050
v 5.066582 -0.960035 -4.659882
v 5.067055 -0.958336 -4.661589
v 5.067688 -0.956887 -4.662897
v 0.997589 -5.018542 -4.755159
v 1.002739 -5.014401 -4.750591
v 0.996273 -5.018555 -4.752134
v 0.998772 -5.016925 -4.754716
v 1.000168 -5.015571 -4.753691
v 0.997009 -5.017067 -4.754370
v 0.997921 -5.015765 -4.753595
v 0.996906 -5.016180 -4.753295
v 1.000717 -5.014721 -4.750387
v 0.998779 -5.015625 -4.750612
v 1.001556 -5.014684 -4.752244
v 0.999187 -5.015147 -4.752190
v 0.997330 -5.015790 -4.752279
v 0.995457 -5.018788 -4.754290
v 0.997219 -5.016971 -4.751223
v 0.996273 -5.017087 -4.752712
v 0.995892 -5.017152 -4.753860
v 4.675938 -5.023171 -4.755060
v 4.680199 -5.023276 -4.750799
v 4.675945 -5.019012 -4.750700
v 4.677570 -5.023180 -4.754735
v 4.678951 -5.023204 -4.753812
v 4.675941 -5.021547 -4.754697
v 4.677612 -5.021518 -4.754304
v 4.678734 -5.021621 -4.753557
v 4.679874 -5.021647 -4.750761
v 4.678955 -5.020262 -4.750727
v 4.679874 -5.023237 -4.752429
v 4.679485 -5.021564 -4.752431
v 4.678738 -5.020442 -4.752321
v 4.675941 -5.019296 -4.752335
v 4.675941 -5.020187 -4.753740
v 4.677574 -5.019337 -4.750706
v 4.677612 -5.019691 -4.752386
v 4.677528 -5.020412 -4.753529
v 4.682152 -5.109519 -1.085076
v 4.678955 -5.109934 -1.084032
v 4.675941 -5.105568 -1.091779
v 4.681728 -5.109228 -1.083738
v 4.680969 -5.109203 -1.083069
v 4.681084 -5.108033 -1.086600
v 4.680656 -5.107998 -1.085004
v 4.680119 -5.108027 -1.083977
v 4.679325 -5.107303 -1.085220
v 4.677711 -5.108305 -1.085242
v 4.676704 -5.106904 -1.087138
v 4.679996 -5.109453 -1.083173
v 4.679047 -5.108133 -1.084364
v 4.678280 -5.107027 -1.085742
v 4.677723 -5.105894 -1.090227
v 4.679527 -5.106759 -1.088408
v 4.676083 -5.105940 -1.089434
v 4.677940 -5.106409 -1.087757
v 4.679489 -5.106964 -1.086283
v 3.007904 -4.989301 -4.172825
v 3.006332 -4.985478 -4.170893
v 3.008186 -4.987824 -4.173090
v 3.007984 -4.986581 -4.172816
v 3.007336 -4.985755 -4.172043
v 3.855930 -5.014239 -3.392287
v 3.857521 -5.018057 -3.394238
v 3.856941 -5.014515 -3.393444
v 3.857597 -5.015339 -3.394222
v 3.857800 -5.016582 -3.394500
v 2.700443 -4.990039 -3.823199
v 2.698547 -4.994035 -3.821193
v 2.699413 -4.990355 -3.822039
v 2.698692 -4.991226 -3.821250
v 2.698387 -4.992517 -3.820953
v 3.548180 -5.022796 -3.042621
v 3.550079 -5.018799 -3.044632
v 3.548019 -5.021280 -3.042381
v 3.548325 -5.019989 -3.042679
v 3.549049 -5.019117 -3.043469
v 3.458130 -5.003435 -3.806589
v 3.456554 -4.999619 -3.804656
v 3.458408 -5.001961 -3.806852
v 3.458206 -5.000720 -3.806576
v 3.457558 -4.999894 -3.805805
v 3.149220 -5.008168 -3.455462
v 3.151108 -5.004172 -3.457458
v 3.149055 -5.006651 -3.455220
v 3.149361 -5.005359 -3.455517
v 3.150078 -5.004488 -3.456301
v 3.876102 -5.036845 -2.618215
v 3.878036 -5.032841 -2.620261
v 3.875946 -5.035327 -2.617978
v 3.876259 -5.034032 -2.618283
v 3.876991 -5.033159 -2.619086
v 4.183964 -5.028282 -2.968004
v 4.185589 -5.032105 -2.969994
v 4.184986 -5.028559 -2.969177
v 4.185654 -5.029381 -2.969967
v 4.185863 -5.030627 -2.970253
v 4.197193 -5.053898 -2.063616
v 4.198570 -5.049833 -2.066896
v 4.196968 -5.052365 -2.063550
v 4.197151 -5.051057 -2.064149
v 4.197712 -5.050166 -2.065325
v 4.453739 -5.042276 -2.516016
v 4.455093 -5.046112 -2.518692
v 4.454590 -5.042547 -2.517540
v 4.455147 -5.043372 -2.518584
v 4.455326 -5.044622 -2.518989
v 4.692600 -5.083692 -1.052798
v 4.686749 -5.079347 -1.067635
v 4.690655 -5.083872 -1.052517
v 4.691662 -5.082099 -1.056186
v 4.690224 -5.080713 -1.060195
v 4.692291 -5.083352 -1.051528
v 4.691353 -5.082043 -1.054152
v 4.690266 -5.080931 -1.056907
v 4.690170 -5.081271 -1.055326
v 4.686890 -5.079751 -1.063923
v 4.687683 -5.080751 -1.059750
v 4.688496 -5.079746 -1.064215
v 4.688759 -5.080298 -1.060150
v 4.689186 -5.080949 -1.056718
v 4.691238 -5.083448 -1.051375
v 4.689003 -5.082198 -1.055743
v 4.690105 -5.082092 -1.053945
v 4.690968 -5.082041 -1.052929
v 4.693249 -5.061276 -2.013558
v 4.690723 -5.060898 -2.025198
v 4.688183 -5.056804 -2.023580
v 4.693062 -5.061199 -2.016313
v 4.692513 -5.061099 -2.019493
v 4.692616 -5.059618 -2.015841
v 4.692318 -5.059598 -2.018530
v 4.692032 -5.059568 -2.020899
v 4.691578 -5.058651 -2.021610
v 4.690849 -5.059333 -2.025130
v 4.690407 -5.058004 -2.024798
v 4.691692 -5.060995 -2.022613
v 4.691452 -5.059457 -2.023038
v 4.691101 -5.058230 -2.023213
v 4.689873 -5.057198 -2.021265
v 4.691429 -5.058186 -2.018548
v 4.689476 -5.057117 -2.024255
v 4.690563 -5.057634 -2.022387
v 4.691555 -5.058312 -2.020488
v 2.512077 -4.975842 -4.487761
v 2.509418 -4.971976 -4.486469
v 2.512280 -4.974358 -4.488076
v 2.511845 -4.973104 -4.487940
v 2.510838 -4.972265 -4.487376
v 2.066563 -4.973611 -4.192274
v 2.063503 -4.977581 -4.190859
v 2.065086 -4.973917 -4.191339
v 2.063988 -4.974781 -4.190742
v 2.063431 -4.976065 -4.190573
v 1.944550 -4.958234 -4.777570
v 1.943851 -4.962044 -4.780489
v 1.944687 -4.958493 -4.779102
v 1.944603 -4.959311 -4.780195
v 1.944309 -4.960557 -4.780682
v 0.804306 -4.948901 -4.758170
v 0.803829 -4.948925 -4.756346
v 0.817806 -4.945200 -4.752941
v 0.802418 -4.949188 -4.757693
v 0.807362 -4.947430 -4.757428
v 0.805107 -4.947560 -4.757185
v 0.803780 -4.947639 -4.756820
v 0.805958 -4.946739 -4.756025
v 0.806824 -4.947477 -4.754712
v 0.810535 -4.946263 -4.753488
v 0.804855 -4.947582 -4.755910
v 0.807301 -4.946381 -4.755016
v 0.814667 -4.945427 -4.754598
v 0.810997 -4.946208 -4.756175
v 0.814392 -4.945460 -4.752867
v 0.810627 -4.945814 -4.754694
v 0.807499 -4.946359 -4.756154
v 2.968410 -5.097675 -4.131975
v 2.972595 -5.093774 -4.136587
v 2.969612 -5.097364 -4.133330
v 2.970829 -5.096514 -4.134681
v 2.971874 -5.095253 -4.135825
v 3.822205 -5.122545 -3.357994
v 3.818020 -5.126437 -3.353378
v 3.821487 -5.124022 -3.357234
v 3.820438 -5.125280 -3.356089
v 3.819221 -5.126128 -3.354735
v 2.724567 -5.097343 -3.854655
v 2.728458 -5.101252 -3.859229
v 2.725166 -5.098855 -3.855396
v 2.726120 -5.100125 -3.856524
v 2.727272 -5.100970 -3.857871
v 3.578094 -5.130015 -3.080662
v 3.574196 -5.126100 -3.076081
v 3.576908 -5.129730 -3.079302
v 3.575752 -5.128887 -3.077954
v 3.574799 -5.127614 -3.076823
v 3.418636 -5.111815 -3.765742
v 3.422813 -5.107921 -3.770344
v 3.419838 -5.111507 -3.767094
v 3.421051 -5.110657 -3.768443
v 3.422096 -5.109400 -3.769585
v 3.179123 -5.115388 -3.493488
v 3.175236 -5.111478 -3.488924
v 3.177940 -5.115103 -3.492134
v 3.176785 -5.114260 -3.490791
v 3.175838 -5.112988 -3.489664
v 3.906052 -5.144057 -2.656295
v 3.902119 -5.140135 -2.651671
v 3.904854 -5.143772 -2.654918
v 3.903683 -5.142926 -2.653558
v 3.902721 -5.141649 -2.652417
v 4.150276 -5.136585 -2.933753
v 4.146061 -5.140478 -2.929105
v 4.149555 -5.138060 -2.932989
v 4.148502 -5.139320 -2.931838
v 4.147274 -5.140168 -2.930474
v 4.226498 -5.154008 -2.094012
v 4.223053 -5.150092 -2.088458
v 4.225510 -5.153732 -2.092204
v 4.224506 -5.152891 -2.090513
v 4.223648 -5.151613 -2.089198
v 4.427887 -5.143496 -2.477942
v 4.424492 -5.147446 -2.471901
v 4.427299 -5.144982 -2.476986
v 4.426445 -5.146255 -2.475502
v 4.425457 -5.147120 -2.473716
v 4.717312 -5.144748 -1.036272
v 4.715412 -5.144760 -1.036045
v 4.714462 -5.148661 -1.050267
v 4.717018 -5.144366 -1.035011
v 4.717552 -5.146205 -1.039508
v 4.717239 -5.146025 -1.037217
v 4.716827 -5.145938 -1.035892
v 4.716656 -5.146942 -1.038139
v 4.714745 -5.146329 -1.039188
v 4.714333 -5.147622 -1.042995
v 4.715992 -5.144372 -1.034888
v 4.715919 -5.146083 -1.037067
v 4.715870 -5.147392 -1.039567
v 4.716011 -5.148321 -1.047082
v 4.717098 -5.147459 -1.043303
v 4.714233 -5.148439 -1.046884
v 4.715904 -5.147970 -1.042956
v 4.717041 -5.147323 -1.039698
v 4.705032 -5.122693 -1.952619
v 4.701553 -5.127454 -1.953708
v 4.702400 -5.123124 -1.963336
v 4.704998 -5.124336 -1.952893
v 4.704323 -5.125819 -1.953196
v 4.704830 -5.122812 -1.955174
v 4.704666 -5.124367 -1.954844
v 4.704308 -5.125644 -1.954683
v 4.704086 -5.125302 -1.956143
v 4.702171 -5.127005 -1.956074
v 4.702549 -5.126023 -1.958734
v 4.703114 -5.126913 -1.953482
v 4.703369 -5.126387 -1.955280
v 4.703537 -5.125735 -1.957102
v 4.703407 -5.123047 -1.960975
v 4.704262 -5.122936 -1.958109
v 4.702629 -5.124663 -1.961285
v 4.703526 -5.124525 -1.958923
v 4.704288 -5.124397 -1.956830
v 2.471222 -5.084167 -4.447711
v 2.476780 -5.080288 -4.451534
v 2.472946 -5.083869 -4.448761
v 2.474609 -5.083028 -4.449856
v 2.475956 -5.081769 -4.450830
v 2.089520 -5.080885 -4.224319
v 2.094875 -5.084831 -4.228145
v 2.090233 -5.082399 -4.225004
v 2.091503 -5.083679 -4.225971
v 2.093132 -5.084533 -4.227073
v 1.908566 -5.066445 -4.744277
v 1.906620 -5.070432 -4.738693
v 1.908012 -5.067939 -4.743437
v 1.907452 -5.069224 -4.742081
v 1.906960 -5.070099 -4.740414
v 0.830292 -5.052186 -4.791321
v 0.849030 -5.056488 -4.787524
v 0.829842 -5.052227 -4.789804
v 0.834534 -5.053762 -4.791311
v 0.839588 -5.055133 -4.790584
v 0.832222 -5.053779 -4.791214
v 0.835682 -5.054939 -4.790745
v 0.833797 -5.054599 -4.790547
v 0.844559 -5.056130 -4.787664
v 0.839340 -5.055192 -4.788146
v 0.844677 -5.056091 -4.789255
v 0.839767 -5.055587 -4.789454
v 0.835571 -5.054963 -4.789714
v 0.828728 -5.052406 -4.790515
v 0.834175 -5.053823 -4.788898
v 0.832047 -5.053808 -4.790085
v 0.830826 -5.053779 -4.790966
v 5.095592 -4.107258 -3.034680
v 5.091454 -4.105831 -3.033385
v 5.094185 -4.107694 -3.035074
v 5.092903 -4.107576 -3.034966
v 5.091942 -4.106922 -3.034373
v 5.087700 -3.314660 -3.871782
v 5.091843 -3.316104 -3.873092
v 5.088192 -3.315757 -3.872776
v 5.089153 -3.316416 -3.873374
v 5.090435 -3.316538 -3.873485
v 5.030907 -3.765573 -2.725104
v 5.034473 -3.763132 -2.722895
v 5.031002 -3.764401 -2.724043
v 5.031712 -3.763526 -2.723250
v 5.032932 -3.763081 -2.722847
v 5.030731 -2.971995 -3.561324
v 5.027161 -2.974443 -3.563538
v 5.029186 -2.971944 -3.561275
v 5.027966 -2.972391 -3.561680
v 5.027256 -2.973268 -3.562474
v 5.098167 -3.734148 -3.479441
v 5.094036 -3.732721 -3.478147
v 5.096760 -3.734584 -3.479835
v 5.095482 -3.734466 -3.479727
v 5.094524 -3.733812 -3.479134
v 5.037144 -3.390519 -3.168107
v 5.033573 -3.392951 -3.170308
v 5.035603 -3.390466 -3.168058
v 5.034382 -3.390909 -3.168459
v 5.033669 -3.391781 -3.169249
v 5.017078 -2.543315 -3.883656
v 5.013504 -2.545796 -3.885901
v 5.015533 -2.543266 -3.883611
v 5.014313 -2.543720 -3.884022
v 5.013599 -2.544609 -3.884826
v 5.074062 -2.886103 -4.194224
v 5.078224 -2.887577 -4.195564
v 5.074558 -2.887213 -4.195231
v 5.075523 -2.887883 -4.195839
v 5.076813 -2.888011 -4.195956
v 4.989998 -1.985431 -4.197776
v 4.986477 -1.988899 -4.199553
v 4.988457 -1.985458 -4.197695
v 4.987247 -1.986125 -4.198004
v 4.986549 -1.987333 -4.198656
v 5.052689 -2.431074 -4.458345
v 5.056927 -2.433522 -4.459205
v 5.053207 -2.432561 -4.459172
v 5.054195 -2.433549 -4.459626
v 5.055504 -2.433886 -4.459638
v 4.932991 -0.972015 -4.680453
v 4.929806 -0.984994 -4.675657
v 4.932755 -0.971491 -4.678574
v 4.931690 -0.975001 -4.679895
v 4.930626 -0.978514 -4.678788
v 4.933113 -0.970672 -4.680340
v 4.931622 -0.972776 -4.679651
v 4.930489 -0.975105 -4.678769
v 4.930733 -0.973591 -4.678595
v 4.929779 -0.981716 -4.675562
v 4.930332 -0.977999 -4.676081
v 4.929966 -0.982023 -4.677301
v 4.930031 -0.978111 -4.677366
v 4.930363 -0.974886 -4.677623
v 4.932983 -0.970390 -4.679322
v 4.931377 -0.974408 -4.677140
v 4.931473 -0.972494 -4.678356
v 4.931557 -0.971460 -4.679281
v 5.028320 -1.934877 -4.689472
v 5.024292 -1.936458 -4.686861
v 5.026901 -1.935551 -4.689776
v 5.025639 -1.936090 -4.689386
v 5.024723 -1.936407 -4.688361
v 5.084053 -4.430172 -2.543964
v 5.079868 -4.429405 -2.541592
v 5.082634 -4.430661 -2.544279
v 5.081341 -4.430686 -2.543938
v 5.080372 -4.430246 -2.542995
v 5.012825 -4.145003 -2.097414
v 5.016357 -4.143173 -2.094051
v 5.012909 -4.144066 -2.095911
v 5.013607 -4.143390 -2.094744
v 5.014816 -4.143078 -2.094090
v 5.060032 -4.729911 -1.981856
v 5.064110 -4.732358 -1.980892
v 5.060490 -4.731396 -1.981984
v 5.061424 -4.732385 -1.981846
v 5.062698 -4.732722 -1.981462
v 4.964111 -4.731823 -0.845448
v 4.963875 -4.730019 -0.844955
v 4.960808 -4.726845 -0.859147
v 4.964207 -4.731724 -0.844107
v 4.962788 -4.731211 -0.848601
v 4.962723 -4.730995 -0.846343
v 4.962658 -4.730648 -0.845007
v 4.961830 -4.729928 -0.847243
v 4.962467 -4.728520 -0.848038
v 4.961388 -4.727389 -0.851819
v 4.964081 -4.730748 -0.843840
v 4.962570 -4.729731 -0.846076
v 4.961452 -4.728944 -0.848599
v 4.961002 -4.728517 -0.856015
v 4.961697 -4.730051 -0.852311
v 4.960804 -4.726802 -0.855720
v 4.961098 -4.728638 -0.851956
v 4.961586 -4.730074 -0.848809
v 5.194946 -4.054282 -2.986766
v 5.191956 -4.059264 -2.991278
v 5.194897 -4.055646 -2.988001
v 5.194309 -4.057071 -2.989292
v 5.193275 -4.058343 -2.990443
v 5.188202 -3.268112 -3.829692
v 5.191193 -3.263111 -3.825164
v 5.189522 -3.267186 -3.828855
v 5.190556 -3.265913 -3.827701
v 5.191143 -3.264482 -3.826405
v 5.142735 -3.783377 -2.741316
v 5.147449 -3.787373 -2.744939
v 5.144363 -3.783917 -2.741807
v 5.145832 -3.784868 -2.742669
v 5.146915 -3.786081 -2.743769
v 5.143703 -2.996237 -3.583372
v 5.138985 -2.992237 -3.579744
v 5.143169 -2.994945 -3.582200
v 5.142086 -2.993730 -3.581099
v 5.140617 -2.992780 -3.580236
v 5.197529 -3.681172 -3.431529
v 5.194538 -3.686150 -3.436036
v 5.197475 -3.682533 -3.432762
v 5.196888 -3.683957 -3.434052
v 5.195858 -3.685227 -3.435201
v 5.150116 -3.414747 -3.190141
v 5.145405 -3.410762 -3.186527
v 5.149582 -3.413458 -3.188975
v 5.148502 -3.412249 -3.187878
v 5.147034 -3.411302 -3.187019
v 5.130051 -2.567591 -3.905735
v 5.125320 -2.563554 -3.902075
v 5.129513 -2.566284 -3.904551
v 5.128426 -2.565058 -3.903439
v 5.126953 -2.564100 -3.902570
v 5.174561 -2.839598 -4.152175
v 5.177559 -2.834552 -4.147605
v 5.175884 -2.838668 -4.151333
v 5.176918 -2.837382 -4.150169
v 5.177505 -2.835938 -4.148860
v 5.103035 -2.010947 -4.219254
v 5.098228 -2.005668 -4.216193
v 5.102470 -2.009166 -4.218300
v 5.101360 -2.007536 -4.217382
v 5.099869 -2.006309 -4.216643
v 5.153221 -2.385562 -4.415834
v 5.156170 -2.379271 -4.411861
v 5.154549 -2.384534 -4.415035
v 5.155575 -2.382978 -4.414000
v 5.156147 -2.381130 -4.412885
v 5.041149 -0.992214 -4.698539
v 5.040981 -0.991727 -4.696988
v 5.046535 -1.010029 -4.693956
v 5.043060 -0.996195 -4.698261
v 5.042896 -0.993935 -4.698190
v 5.042763 -0.992566 -4.697957
v 5.043758 -0.995386 -4.697395
v 5.042816 -0.995783 -4.695842
v 5.044518 -1.000683 -4.694863
v 5.041187 -0.990619 -4.697710
v 5.042782 -0.993735 -4.697057
v 5.044163 -0.997070 -4.696494
v 5.045975 -1.005837 -4.695780
v 5.044754 -1.000978 -4.697293
v 5.045822 -1.005686 -4.694200
v 5.045094 -1.001099 -4.696103
v 5.044266 -0.997196 -4.697523
v 5.127792 -1.884962 -4.640254
v 5.124565 -1.886943 -4.646124
v 5.127666 -1.885168 -4.642000
v 5.127010 -1.885615 -4.643729
v 5.125919 -1.886238 -4.645177
v 5.183353 -4.378019 -2.494700
v 5.180389 -4.382190 -2.500573
v 5.183315 -4.379070 -2.496454
v 5.182739 -4.380232 -2.498186
v 5.181709 -4.381326 -2.499633
v 5.124611 -4.163416 -2.112471
v 5.129383 -4.166639 -2.117543
v 5.126244 -4.163900 -2.113072
v 5.127724 -4.164683 -2.114248
v 5.128826 -4.165643 -2.115818
v 5.160408 -4.684398 -1.937519
v 5.163528 -4.678406 -1.935218
v 5.161743 -4.683393 -1.936847
v 5.162807 -4.681901 -1.936174
v 5.163437 -4.680151 -1.935602
v 5.072304 -4.751765 -0.863835
v 5.077484 -4.747145 -0.882158
v 5.072128 -4.750262 -0.863374
v 5.074177 -4.751489 -0.867944
v 5.075821 -4.750514 -0.872871
v 5.072403 -4.751778 -0.862503
v 5.074013 -4.751432 -0.865639
v 5.075359 -4.750766 -0.868994
v 5.074860 -4.750642 -0.867143
v 5.076813 -4.747405 -0.877729
v 5.075562 -4.748090 -0.872605
v 5.076981 -4.748991 -0.877860
v 5.076141 -4.749333 -0.873009
v 5.075249 -4.749741 -0.868879
v 5.073914 -4.749094 -0.867563
v 5.073891 -4.750310 -0.865455
v 5.073879 -4.751208 -0.864247
v 5.177044 -5.170190 -0.073157
v 5.178406 -5.166668 -0.074424
v 5.181927 -5.165385 -0.072451
v 5.176735 -5.169147 -0.074233
v 5.178905 -5.169813 -0.073002
v 5.178734 -5.169382 -0.074537
v 5.178738 -5.168751 -0.075473
v 5.179733 -5.165595 -0.074357
v 5.180870 -5.164974 -0.073958
v 5.177361 -5.168008 -0.074461
v 5.179146 -5.167383 -0.075183
v 5.180511 -5.166964 -0.075351
v 5.181545 -5.167214 -0.072619
v 5.180485 -5.168767 -0.072813
v 5.181641 -5.164901 -0.073289
v 5.181129 -5.166990 -0.074298
v 5.180336 -5.168579 -0.074861
v 3.476955 -3.680715 -5.059953
v 3.478764 -3.682292 -5.063840
v 3.478077 -3.681744 -5.060271
v 3.478813 -3.682403 -5.061121
v 3.479053 -3.682596 -5.062375
v 3.539501 -2.948620 -5.042740
v 3.537453 -2.946640 -5.046664
v 3.538361 -2.947562 -5.043018
v 3.537571 -2.946815 -5.043861
v 3.537251 -2.946491 -5.045141
v 3.879887 -3.261968 -5.050108
v 3.881687 -3.263535 -5.053993
v 3.881004 -3.262991 -5.050426
v 3.881741 -3.263647 -5.051276
v 3.881981 -3.263839 -5.052529
v 3.136593 -3.367388 -5.052585
v 3.134537 -3.365405 -5.056510
v 3.135448 -3.366329 -5.052863
v 3.134659 -3.365580 -5.053705
v 3.134338 -3.365256 -5.054986
v 2.707638 -3.721728 -5.060918
v 2.705559 -3.719721 -5.064847
v 2.706486 -3.720663 -5.061196
v 2.705685 -3.719904 -5.062040
v 2.705360 -3.719576 -5.063322
v 3.048389 -4.035415 -5.068293
v 3.050220 -4.037014 -5.072191
v 3.049522 -4.036453 -5.068613
v 3.050270 -4.037121 -5.069463
v 3.050514 -4.037317 -5.070720
v 2.607807 -4.321322 -5.075016
v 2.609795 -4.322888 -5.078930
v 2.609001 -4.322348 -5.075336
v 2.609798 -4.323009 -5.076191
v 2.610077 -4.323196 -5.077454
v 2.254284 -4.013733 -5.067782
v 2.252052 -4.011757 -5.071718
v 2.253071 -4.012677 -5.068061
v 2.252224 -4.011929 -5.068906
v 2.251865 -4.011607 -5.070191
v 1.397255 -4.656829 -5.082834
v 1.388069 -4.660638 -5.087058
v 1.393784 -4.658360 -5.083184
v 1.390820 -4.659619 -5.084110
v 1.388813 -4.660419 -5.085470
v 2.123768 -4.560876 -5.080649
v 2.128754 -4.561046 -5.084558
v 2.126114 -4.561372 -5.080959
v 2.127884 -4.561579 -5.081810
v 2.128811 -4.561465 -5.083072
v 1.462666 -4.398579 -5.076759
v 1.457439 -4.397989 -5.080730
v 1.460308 -4.398051 -5.077049
v 1.458488 -4.397755 -5.077905
v 1.457481 -4.397734 -5.079198
v 3.895340 -2.469270 -5.031468
v 3.893364 -2.467136 -5.035390
v 3.894226 -2.468156 -5.031743
v 3.893459 -2.467357 -5.032585
v 3.893158 -2.467001 -5.033866
v 4.229073 -2.799965 -5.039244
v 4.230789 -2.801671 -5.043142
v 4.230160 -2.801043 -5.039562
v 4.230869 -2.801746 -5.040415
v 4.231091 -2.801966 -5.041671
v 4.692867 -1.424811 -5.006909
v 4.696987 -1.415776 -5.010846
v 4.694489 -1.421425 -5.007146
v 4.695843 -1.418520 -5.007976
v 4.696720 -1.416536 -5.009277
v 4.380333 -1.532458 -5.009441
v 4.380051 -1.526907 -5.013283
v 4.379868 -1.530034 -5.009684
v 4.379654 -1.528128 -5.010502
v 4.379715 -1.527030 -5.011764
v 4.543278 -2.269972 -5.026781
v 4.543228 -2.274753 -5.030770
v 4.543690 -2.272228 -5.027130
v 4.543827 -2.273930 -5.028009
v 4.543663 -2.274817 -5.029288
v 3.440834 -3.644933 -5.166989
v 3.436218 -3.640591 -5.170733
v 3.440056 -3.644179 -5.168443
v 3.438904 -3.643089 -5.169666
v 3.437553 -3.641828 -5.170470
v 3.567825 -2.972162 -5.151047
v 3.572205 -2.976099 -5.155109
v 3.568512 -2.972761 -5.152580
v 3.569588 -2.973719 -5.153890
v 3.570885 -2.974892 -5.154778
v 3.843761 -3.226176 -5.157143
v 3.839149 -3.221841 -5.160887
v 3.842979 -3.225422 -5.158597
v 3.841827 -3.224334 -5.159819
v 3.840485 -3.223078 -5.160623
v 3.164909 -3.390927 -5.160892
v 3.169292 -3.394866 -5.164956
v 3.165600 -3.391526 -5.162425
v 3.166676 -3.392483 -5.163737
v 3.167973 -3.393658 -5.164625
v 2.735931 -3.745245 -5.169219
v 2.740337 -3.749208 -5.173288
v 2.736622 -3.745845 -5.170754
v 2.737701 -3.746808 -5.172065
v 2.739006 -3.747991 -5.172956
v 3.012302 -3.999662 -5.175319
v 3.007652 -3.995289 -5.179074
v 3.011520 -3.998906 -5.176777
v 3.010361 -3.997809 -5.178004
v 3.009003 -3.996539 -5.178809
v 2.571888 -4.285553 -5.182027
v 2.567039 -4.281214 -5.185796
v 2.571087 -4.284795 -5.183490
v 2.569881 -4.283705 -5.184722
v 2.568462 -4.282447 -5.185532
v 2.282417 -4.037273 -5.176076
v 2.287018 -4.041195 -5.180150
v 2.283127 -4.037870 -5.177614
v 2.284248 -4.038828 -5.178929
v 2.285614 -4.039993 -5.179818
v 1.384350 -4.654784 -5.190351
v 1.394905 -4.649761 -5.194391
v 1.385109 -4.654329 -5.191930
v 1.387379 -4.653215 -5.193252
v 1.390820 -4.651613 -5.194116
v 2.090866 -4.523728 -5.187604
v 2.082203 -4.521149 -5.191438
v 2.089771 -4.523103 -5.189081
v 2.087738 -4.522392 -5.190327
v 2.085083 -4.521706 -5.191156
v 1.487804 -4.423506 -5.185081
v 1.496189 -4.425663 -5.189119
v 1.488800 -4.423970 -5.186617
v 1.490742 -4.424544 -5.187926
v 1.493340 -4.425138 -5.188802
v 3.923737 -2.492658 -5.139770
v 3.928020 -2.496788 -5.143839
v 3.924419 -2.493272 -5.141305
v 3.925472 -2.494272 -5.142617
v 3.926735 -2.495508 -5.143507
v 4.192867 -2.764317 -5.146276
v 4.188362 -2.759801 -5.150023
v 4.192093 -2.763551 -5.147732
v 4.190968 -2.762421 -5.148955
v 4.189655 -2.761104 -5.149760
v 4.693268 -1.409924 -5.114113
v 4.688141 -1.419952 -5.118517
v 4.692833 -1.410614 -5.115724
v 4.691704 -1.412763 -5.117128
v 4.690056 -1.416042 -5.118108
v 4.410423 -1.552427 -5.117657
v 4.412590 -1.560811 -5.121829
v 4.410946 -1.553366 -5.119201
v 4.411541 -1.555288 -5.120536
v 4.412117 -1.557903 -5.121457
v 4.505322 -2.237414 -5.133871
v 4.502972 -2.229102 -5.137544
v 4.504707 -2.236355 -5.135326
v 4.504047 -2.234403 -5.136534
v 4.503441 -2.231856 -5.137314
v 4.712299 -0.860484 -5.049499
v 4.713963 -0.860987 -5.049512
v 4.712982 -0.859333 -5.049474
v 0.921276 -4.661057 -5.138719
v 0.921780 -4.662789 -5.138762
v 0.920113 -4.661734 -5.138735
v 2.592579 -5.095904 -5.235765
v 2.592632 -5.100517 -5.231321
v 2.591858 -5.097649 -5.235460
v 2.591614 -5.099138 -5.234503
v 2.591888 -5.100144 -5.233053
v 5.165924 -5.133668 -2.671621
v 5.161385 -5.137900 -2.671570
v 5.165573 -5.135279 -2.670882
v 5.164589 -5.136650 -2.670610
v 5.163116 -5.137569 -2.670851
v 2.598934 -5.131133 -2.670805
v 2.599785 -5.134636 -2.671570
v 2.598465 -5.132478 -2.670355
v 2.598461 -5.133616 -2.670341
v 5.162697 -2.523928 -5.175094
v 5.158161 -2.523868 -5.179617
v 5.162357 -2.523133 -5.176809
v 5.161377 -2.522844 -5.178270
v 5.159901 -2.523102 -5.179256
v 2.595745 -2.519930 -5.176046
v 2.596363 -2.520674 -5.179542
v 2.595257 -2.519434 -5.177366
v 2.595203 -2.519403 -5.178495
v 5.166225 -2.557269 -2.614614
v 5.169689 -2.558286 -2.615484
v 5.167553 -2.556821 -2.614138
v 5.168678 -2.556856 -2.614134
v 5.169426 -2.557370 -2.614607
v 2.840862 -4.619654 -5.221115
v 2.838490 -4.624112 -5.225473
v 2.840683 -4.619963 -5.222750
v 2.840168 -4.620919 -5.224157
v 2.839397 -4.622377 -5.225112
v 4.680870 -2.787131 -5.185240
v 4.676323 -2.789730 -5.181032
v 4.679127 -2.788098 -5.184934
v 4.677654 -2.788930 -5.184028
v 4.676670 -2.789503 -5.182657
v 2.839764 -2.782433 -5.185129
v 2.842125 -2.785062 -5.180925
v 2.840668 -2.783411 -5.184826
v 2.841431 -2.784254 -5.183920
v 2.841942 -2.784834 -5.182550
v 5.162811 -4.683379 -2.927575
v 5.167057 -4.687665 -2.926070
v 5.164440 -4.683754 -2.927721
v 5.165817 -4.684701 -2.927486
v 5.166737 -4.686072 -2.926907
v 5.156250 -2.795083 -4.704525
v 5.160530 -2.792541 -4.708940
v 5.157883 -2.794890 -4.704860
v 5.159267 -2.794339 -4.705818
v 5.160198 -2.793515 -4.707250
v 5.168346 -2.837577 -2.885422
v 5.164139 -2.840122 -2.887199
v 5.168022 -2.838601 -2.886357
v 5.167110 -2.839444 -2.887024
v 5.165745 -2.839976 -2.887321
v 2.842175 -5.107257 -4.763692
v 2.844208 -5.103067 -4.758956
v 2.843071 -5.106959 -4.761941
v 2.843773 -5.106057 -4.760424
v 2.844170 -5.104692 -4.759378
v 4.700096 -5.140204 -2.910718
v 4.694733 -5.136041 -2.913348
v 4.698296 -5.139894 -2.911639
v 4.696648 -5.138994 -2.912463
v 4.695393 -5.137641 -2.913064
v 2.857464 -5.133163 -2.912575
v 2.858707 -5.128955 -2.915194
v 2.858356 -5.132837 -2.913521
v 2.858906 -5.131924 -2.914351
v 2.859032 -5.130561 -2.914937
v 2.842995 -4.617396 -5.129789
v 2.840862 -4.621558 -5.134143
v 2.842178 -4.619018 -5.130150
v 2.841488 -4.620378 -5.131105
v 2.841022 -4.621269 -5.132507
v 4.676323 -2.791634 -5.094063
v 4.672062 -2.793847 -5.089847
v 4.675999 -2.791832 -5.092436
v 4.675076 -2.792321 -5.091062
v 4.673691 -2.793029 -5.090154
v 2.842125 -2.786969 -5.093952
v 2.845131 -2.790080 -5.089758
v 2.842354 -2.787234 -5.092329
v 2.843006 -2.787918 -5.090959
v 2.843983 -2.788918 -5.090059
v 5.063732 -4.675277 -2.909871
v 5.067986 -4.679747 -2.908690
v 5.064053 -4.676936 -2.909160
v 5.064976 -4.678369 -2.908685
v 5.066357 -4.679357 -2.908519
v 5.064995 -2.797253 -4.700311
v 5.069256 -2.795022 -4.704523
v 5.065319 -2.796399 -4.701925
v 5.066242 -2.795675 -4.703291
v 5.067627 -2.795192 -4.704202
v 5.069199 -2.836486 -2.868292
v 5.064995 -2.839274 -2.870529
v 5.067589 -2.836648 -2.868205
v 5.066227 -2.837236 -2.868601
v 5.065315 -2.838158 -2.869416
v 2.836704 -5.020857 -4.755102
v 2.838451 -5.016704 -4.750643
v 2.836720 -5.019235 -4.754700
v 2.837055 -5.017877 -4.753712
v 2.837666 -5.016988 -4.752288
v 4.681030 -5.066553 -2.917963
v 4.675941 -5.062310 -2.920362
v 4.680389 -5.064946 -2.918231
v 4.679195 -5.063574 -2.918781
v 4.677635 -5.062649 -2.919528
v 2.837677 -5.064248 -2.918004
v 2.839333 -5.059984 -2.921193
v 2.837387 -5.062637 -2.918303
v 2.837597 -5.061262 -2.919013
v 2.838280 -5.060329 -2.920027
v 4.670803 -4.625260 -5.177736
v 4.675064 -4.621012 -5.177643
v 4.672432 -4.624940 -5.177729
v 4.673817 -4.624022 -5.177708
v 4.674740 -4.622643 -5.177680
v 4.674568 -0.959100 -5.097422
v 4.677582 -0.960352 -5.097449
v 4.675724 -0.958274 -5.097403
v 4.677353 -0.958952 -5.097418
v 5.119301 -4.724706 -1.095886
v 5.119308 -4.721664 -1.094335
v 5.119305 -4.724507 -1.094378
v 5.119308 -4.723860 -1.093554
v 5.114017 -0.956052 -4.664232
v 5.114025 -0.954887 -4.661209
v 5.114021 -0.953946 -4.663309
v 4.680161 -5.066741 -4.751829
v 4.675884 -5.066651 -4.756090
v 4.679832 -5.066708 -4.753458
v 4.678902 -5.066680 -4.754840
v 4.677513 -5.066660 -4.755765
v 1.003796 -5.057330 -4.754953
v 1.005108 -5.057278 -4.757971
v 1.002926 -5.057287 -4.757086
v 1.010921 -4.615952 -5.177519
v 1.009678 -4.612932 -5.177454
v 1.009521 -4.615717 -5.177515
v 1.008850 -4.614082 -5.177478
v 5.111488 -4.634053 -4.744816
v 5.111492 -4.638413 -4.740652
v 5.111485 -4.635689 -4.744528
v 5.111488 -4.637092 -4.743635
v 5.111488 -4.638048 -4.742273
v 4.692223 -5.135860 -1.078611
v 4.695599 -5.135851 -1.079573
v 4.693520 -5.135883 -1.077646
v 4.695347 -5.135877 -1.078167
v 3.664276 -5.006949 -3.601777
v 3.665855 -5.010763 -3.603717
v 3.665279 -5.007225 -3.602930
v 3.665932 -5.008048 -3.603703
v 3.666134 -5.009289 -3.603980
v 2.930801 -4.996994 -3.647489
v 2.928909 -5.000990 -3.645489
v 2.929771 -4.997313 -3.646332
v 2.929050 -4.998184 -3.645545
v 2.928749 -4.999475 -3.645250
v 3.236416 -4.992440 -3.994879
v 3.237988 -4.996257 -3.996808
v 3.237419 -4.992717 -3.996027
v 3.238068 -4.993541 -3.996798
v 3.238266 -4.994784 -3.997071
v 3.358677 -5.011503 -3.254409
v 3.356785 -5.015501 -3.252407
v 3.357647 -5.011820 -3.253251
v 3.356926 -5.012691 -3.252463
v 3.356625 -5.013982 -3.252167
v 3.722721 -5.025893 -2.833821
v 3.720806 -5.029893 -2.831794
v 3.721684 -5.026211 -2.832652
v 3.720955 -5.027084 -2.831856
v 3.720646 -5.028377 -2.831555
v 4.028667 -5.021330 -3.181586
v 4.030273 -5.025149 -3.183553
v 4.029682 -5.021608 -3.182750
v 4.030342 -5.022432 -3.183532
v 4.030552 -5.023676 -3.183815
v 4.324543 -5.035210 -2.747807
v 4.326141 -5.039037 -2.749897
v 4.325550 -5.035487 -2.749027
v 4.326206 -5.036312 -2.749855
v 4.326416 -5.037558 -2.750160
v 4.024982 -5.040145 -2.387415
v 4.023109 -5.044159 -2.385207
v 4.023956 -5.040465 -2.386187
v 4.023243 -5.041341 -2.385334
v 4.022945 -5.042637 -2.384991
v 4.687466 -5.068075 -1.545613
v 4.692944 -5.072480 -1.534049
v 4.689186 -5.068492 -1.541992
v 4.690830 -5.069472 -1.538523
v 4.692150 -5.070873 -1.535734
v 4.575054 -5.049596 -2.269531
v 4.575985 -5.053472 -2.273535
v 4.575562 -5.049851 -2.271810
v 4.575916 -5.050674 -2.273372
v 4.576065 -5.051947 -2.273978
v 4.427746 -5.063520 -1.605061
v 4.427597 -5.067711 -1.598979
v 4.427299 -5.063879 -1.602628
v 4.427113 -5.064801 -1.600618
v 4.427216 -5.066148 -1.599337
v 2.443413 -4.982919 -3.992131
v 2.441368 -4.986912 -3.990201
v 2.442326 -4.983235 -3.990999
v 2.441555 -4.984107 -3.990237
v 2.441219 -4.985397 -3.989957
v 2.766521 -4.978724 -4.333272
v 2.768234 -4.982554 -4.335118
v 2.767578 -4.979003 -4.334389
v 2.768276 -4.979829 -4.335134
v 2.768509 -4.981076 -4.335389
v 1.380932 -4.951715 -4.765250
v 1.371853 -4.955659 -4.769262
v 1.377514 -4.951953 -4.766800
v 1.374588 -4.952787 -4.768110
v 1.372601 -4.954088 -4.768973
v 1.495659 -4.960461 -4.455357
v 1.490158 -4.964375 -4.455047
v 1.493248 -4.960746 -4.454845
v 1.491356 -4.961592 -4.454607
v 1.490273 -4.962867 -4.454678
v 2.229439 -4.965060 -4.635138
v 2.234268 -4.968990 -4.635293
v 2.231689 -4.965374 -4.635610
v 2.233398 -4.966230 -4.635807
v 2.234303 -4.967498 -4.635695
v 3.630539 -5.115252 -3.567472
v 3.626358 -5.119145 -3.562865
v 3.629822 -5.116727 -3.566711
v 3.628777 -5.117987 -3.565570
v 3.627560 -5.118835 -3.564219
v 2.954929 -5.104300 -3.678952
v 2.958813 -5.108210 -3.683517
v 2.955528 -5.105808 -3.679692
v 2.956478 -5.107083 -3.680819
v 2.957630 -5.107925 -3.682163
v 3.202675 -5.100739 -3.960566
v 3.198498 -5.104637 -3.955961
v 3.201958 -5.102216 -3.959805
v 3.200912 -5.103477 -3.958663
v 3.199699 -5.104328 -3.957314
v 3.382801 -5.118806 -3.285869
v 3.386688 -5.122718 -3.290437
v 3.383400 -5.120317 -3.286608
v 3.384354 -5.121589 -3.287737
v 3.385506 -5.122432 -3.289082
v 3.746822 -5.133191 -2.865252
v 3.750736 -5.137108 -2.869852
v 3.747425 -5.134705 -2.865996
v 3.748383 -5.135978 -2.867131
v 3.749542 -5.136822 -2.868484
v 3.994957 -5.129634 -3.147311
v 3.990757 -5.133530 -3.142681
v 3.994240 -5.131112 -3.146549
v 3.993187 -5.132370 -3.145401
v 3.991966 -5.133220 -3.144042
v 4.291847 -5.142627 -2.713089
v 4.287727 -5.146531 -2.708255
v 4.291145 -5.144106 -2.712301
v 4.290115 -5.145367 -2.711106
v 4.288914 -5.146219 -2.709685
v 4.049103 -5.146557 -2.417581
v 4.052986 -5.150479 -2.422337
v 4.049709 -5.148072 -2.418328
v 4.050659 -5.149350 -2.419494
v 4.051811 -5.150196 -2.420902
v 4.711143 -5.133683 -1.495249
v 4.708004 -5.138019 -1.501703
v 4.711281 -5.135287 -1.494932
v 4.710735 -5.136674 -1.496048
v 4.709583 -5.137633 -1.498425
v 4.565735 -5.135762 -2.223540
v 4.564072 -5.139819 -2.214626
v 4.565460 -5.137273 -2.222133
v 4.565044 -5.138574 -2.219944
v 4.564560 -5.139469 -2.217308
v 4.453064 -5.148849 -1.605826
v 4.455582 -5.152736 -1.613092
v 4.453644 -5.150381 -1.606483
v 4.454327 -5.151659 -1.608095
v 4.455006 -5.152485 -1.610416
v 2.467384 -5.090221 -4.023663
v 2.471466 -5.094135 -4.028137
v 2.468002 -5.091730 -4.024395
v 2.468994 -5.093004 -4.025504
v 2.470207 -5.093847 -4.026818
v 2.732929 -5.087015 -4.298883
v 2.728565 -5.090919 -4.294376
v 2.732197 -5.088497 -4.298130
v 2.731110 -5.089759 -4.297008
v 2.729836 -5.090611 -4.295690
v 1.367268 -5.059052 -4.767922
v 1.377460 -5.063457 -4.763125
v 1.367985 -5.060663 -4.767540
v 1.370174 -5.062067 -4.766493
v 1.373501 -5.063047 -4.764944
v 1.516174 -5.067678 -4.488506
v 1.524555 -5.071696 -4.490958
v 1.517117 -5.069197 -4.489085
v 1.519043 -5.070494 -4.489753
v 1.521656 -5.071373 -4.490412
v 2.198975 -5.073414 -4.599072
v 2.190765 -5.077240 -4.596632
v 2.197948 -5.074896 -4.598474
v 2.196026 -5.076143 -4.597800
v 2.193504 -5.076965 -4.597152
v 0.816837 -5.000576 -4.773075
v 0.817299 -5.000542 -4.774749
v 0.815666 -5.000546 -4.773732
v 4.703022 -5.114283 -1.044290
v 4.704960 -5.114221 -1.044534
v 4.703770 -5.114291 -1.043029
v 4.704819 -5.114258 -1.043161
v 4.696533 -5.091901 -1.994372
v 4.699142 -5.091992 -1.983081
v 4.697521 -5.091893 -1.991919
v 4.698364 -5.091905 -1.988912
v 4.698933 -5.091941 -1.985809
v 5.091885 -3.526829 -3.683000
v 5.096020 -3.528260 -3.684300
v 5.092373 -3.527922 -3.683990
v 5.093330 -3.528575 -3.684584
v 5.094612 -3.528695 -3.684693
v 5.033375 -3.586293 -2.952784
v 5.036945 -3.583859 -2.950581
v 5.033474 -3.585123 -2.951725
v 5.034187 -3.584249 -2.950935
v 5.035408 -3.583806 -2.950533
v 5.093872 -3.926253 -3.260794
v 5.098007 -3.927676 -3.262087
v 5.094360 -3.927342 -3.261781
v 5.095318 -3.927995 -3.262373
v 5.096600 -3.928111 -3.262480
v 5.031391 -3.186891 -3.375009
v 5.034962 -3.184454 -3.372804
v 5.031487 -3.185720 -3.373949
v 5.032200 -3.184846 -3.373157
v 5.033421 -3.184401 -3.372755
v 5.021214 -2.761322 -3.733363
v 5.024784 -2.758860 -3.731135
v 5.021309 -2.760141 -3.732294
v 5.022018 -2.759260 -3.731495
v 5.023239 -2.758809 -3.731088
v 5.081772 -3.101648 -4.041705
v 5.085922 -3.103105 -4.043028
v 5.082268 -3.102750 -4.042704
v 5.083229 -3.103415 -4.043307
v 5.084511 -3.103539 -4.043421
v 5.064438 -2.664249 -4.332016
v 5.068619 -2.665855 -4.333305
v 5.064938 -2.665412 -4.333005
v 5.065907 -2.666125 -4.333597
v 5.067200 -2.666281 -4.333702
v 5.003178 -2.311233 -4.029906
v 5.006741 -2.308618 -4.027709
v 5.003269 -2.309994 -4.028848
v 5.003975 -2.309062 -4.028060
v 5.005199 -2.308579 -4.027660
v 4.977051 -1.460731 -4.681258
v 4.980606 -1.451201 -4.684902
v 4.977161 -1.457253 -4.682804
v 4.977879 -1.454221 -4.684039
v 4.979088 -1.452096 -4.684777
v 5.038818 -2.183421 -4.576678
v 5.043190 -2.188006 -4.576538
v 5.039383 -2.185727 -4.577122
v 5.040413 -2.187408 -4.577253
v 5.041748 -2.188209 -4.577046
v 4.960594 -1.524847 -4.423135
v 4.963997 -1.519259 -4.422358
v 4.960621 -1.522471 -4.422621
v 4.961277 -1.520574 -4.422293
v 4.962463 -1.519446 -4.422200
v 5.025475 -3.938615 -2.470779
v 5.029037 -3.936253 -2.468423
v 5.025566 -3.937475 -2.469662
v 5.026279 -3.936624 -2.468822
v 5.027496 -3.936196 -2.468387
v 5.086857 -4.272022 -2.796151
v 5.091003 -4.273359 -2.797585
v 5.087349 -4.273080 -2.797193
v 5.088310 -4.273706 -2.797831
v 5.089592 -4.273803 -2.797968
v 5.010399 -4.728378 -1.420256
v 5.014122 -4.732040 -1.410938
v 5.010571 -4.729949 -1.416844
v 5.011337 -4.731197 -1.413873
v 5.012585 -4.731931 -1.411801
v 4.989708 -4.417737 -1.531372
v 4.993141 -4.417052 -1.525591
v 4.989750 -4.417238 -1.528944
v 4.990417 -4.416932 -1.526993
v 4.991608 -4.416865 -1.525815
v 5.070469 -4.582715 -2.264202
v 5.074738 -4.582307 -2.268718
v 5.070999 -4.583107 -2.266426
v 5.071999 -4.583168 -2.268065
v 5.073311 -4.582889 -2.268871
v 5.192387 -3.480266 -3.640896
v 5.195377 -3.475279 -3.636382
v 5.193707 -3.479342 -3.640060
v 5.194736 -3.478070 -3.638909
v 5.195324 -3.476645 -3.637617
v 5.145206 -3.604102 -2.969002
v 5.149921 -3.608091 -2.972618
v 5.146835 -3.604643 -2.969494
v 5.148304 -3.605591 -2.970354
v 5.149387 -3.606802 -2.971451
v 5.194374 -3.879680 -3.218682
v 5.197365 -3.874702 -3.214175
v 5.195694 -3.878758 -3.217848
v 5.196724 -3.877489 -3.216698
v 5.197315 -3.876063 -3.215409
v 5.143223 -3.204697 -3.391225
v 5.147938 -3.208685 -3.394843
v 5.144852 -3.205238 -3.391716
v 5.146320 -3.206186 -3.392577
v 5.147404 -3.207397 -3.393675
v 5.133034 -2.779101 -3.749554
v 5.137756 -2.783118 -3.753196
v 5.134666 -2.779645 -3.750048
v 5.136135 -2.780600 -3.750913
v 5.137222 -2.781818 -3.752019
v 5.182274 -3.055121 -3.999633
v 5.185268 -3.050099 -3.995086
v 5.183594 -3.054193 -3.998794
v 5.184628 -3.052912 -3.997635
v 5.185215 -3.051475 -3.996333
v 5.164932 -2.617886 -4.289923
v 5.167931 -2.612667 -4.285414
v 5.166260 -2.616941 -4.289085
v 5.167297 -2.615616 -4.287933
v 5.167885 -2.614116 -4.286645
v 5.114979 -2.328857 -4.046128
v 5.119724 -2.333060 -4.049722
v 5.116615 -2.329415 -4.046619
v 5.118088 -2.330411 -4.047473
v 5.119183 -2.331689 -4.048563
v 5.082458 -1.437428 -4.672505
v 5.087166 -1.447510 -4.667104
v 5.084072 -1.438024 -4.671942
v 5.085533 -1.440151 -4.670717
v 5.086620 -1.443481 -4.669018
v 5.139462 -2.140057 -4.533177
v 5.142265 -2.131047 -4.530465
v 5.140781 -2.138820 -4.532472
v 5.141777 -2.136672 -4.531708
v 5.142300 -2.133943 -4.531004
v 5.072224 -1.539497 -4.440774
v 5.077183 -1.547462 -4.442565
v 5.073875 -1.540341 -4.441128
v 5.075397 -1.542152 -4.441592
v 5.076561 -1.544653 -4.442096
v 5.137299 -3.956496 -2.486844
v 5.142021 -3.960389 -2.490652
v 5.138927 -3.957030 -2.487349
v 5.140396 -3.957957 -2.488251
v 5.141483 -3.959137 -2.489410
v 5.187355 -4.225373 -2.754187
v 5.190350 -4.220495 -2.749496
v 5.188679 -4.224457 -2.753337
v 5.189713 -4.223207 -2.752147
v 5.190300 -4.221817 -2.750799
v 5.115948 -4.718273 -1.398543
v 5.120476 -4.712799 -1.408333
v 5.117550 -4.717687 -1.399134
v 5.118977 -4.716439 -1.401202
v 5.120003 -4.714725 -1.404431
v 5.101395 -4.437293 -1.544011
v 5.106289 -4.439094 -1.552083
v 5.103035 -4.437668 -1.544841
v 5.104546 -4.438141 -1.546668
v 5.105686 -4.438643 -1.549210
v 5.171055 -4.534336 -2.225336
v 5.173939 -4.531593 -2.216835
v 5.172371 -4.533578 -2.224194
v 5.173386 -4.532793 -2.222177
v 5.173935 -4.532094 -2.219594
v 5.018002 -4.740141 -0.854165
v 5.018208 -4.741799 -0.854644
v 5.017990 -4.741368 -0.852693
v 4.986870 -0.981609 -4.687782
v 4.987068 -0.982117 -4.689502
v 4.986816 -0.980456 -4.688472
v 4.712509 -5.165292 -1.065347
v 4.711731 -5.164950 -1.066772
v 1.004932 -4.615927 -5.223897
v 4.678551 -0.953365 -5.143681
v 5.160397 -0.950007 -4.665108
vn 0.0814 -0.0774 0.9937
vn -0.0000 -0.0235 0.9997
vn 0.0777 -0.0818 0.9936
vn 0.7119 -0.5982 -0.3679
vn 0.6457 -0.6106 -0.4586
vn 0.6820 -0.5706 -0.4574
vn -0.0680 0.0419 0.9968
vn -0.6123 0.7486 -0.2544
vn -0.5521 0.7585 -0.3462
vn -0.5707 0.7819 -0.2507
vn 0.0578 -0.1024 0.9931
vn 0.0617 -0.0984 0.9932
vn 0.7465 -0.5559 -0.3657
vn 0.7155 -0.5301 -0.4551
vn -0.7720 0.5802 -0.2597
vn -0.7902 0.5013 -0.3525
vn -0.7461 0.5634 -0.3549
vn -0.6930 0.6729 -0.2588
vn -0.6303 0.6917 -0.3525
vn -0.6521 0.7133 -0.2570
vn 0.0656 -0.0945 0.9934
vn 0.0696 -0.0904 0.9935
vn -0.0641 0.0459 0.9969
vn -0.5058 0.7924 -0.3409
vn -0.5222 0.8165 -0.2463
vn 0.4645 -0.8105 -0.3569
vn 0.4907 -0.7458 -0.4505
vn 0.5117 -0.7794 -0.3617
vn 0.5563 -0.7463 -0.3655
vn 0.5720 -0.6811 -0.4570
vn 0.5969 -0.7131 -0.3677
vn -0.4540 0.8260 -0.3341
vn -0.4680 0.8504 -0.2405
vn -0.4126 0.8499 -0.3279
vn -0.4249 0.8743 -0.2346
vn 0.3871 -0.8531 -0.3499
vn 0.4030 -0.8030 -0.4390
vn 0.4197 -0.8367 -0.3518
vn 0.0533 -0.1064 0.9929
vn -0.3931 0.8603 -0.3247
vn -0.4047 0.8843 -0.2328
vn -0.4304 0.8397 -0.3311
vn -0.5227 0.8497 -0.0691
vn 0.1775 -0.9393 -0.2935
vn 0.3723 -0.8204 -0.4340
vn 0.0442 -0.1148 0.9924
vn 0.0487 -0.1106 0.9927
vn 0.7786 -0.5124 -0.3624
vn 0.7466 -0.4886 -0.4515
vn 0.8059 -0.4710 -0.3586
vn 0.7737 -0.4489 -0.4471
vn -0.8541 0.4529 -0.2560
vn -0.8434 0.4112 -0.3459
vn -0.8267 0.4418 -0.3486
vn -0.0720 0.0379 0.9967
vn 0.8230 -0.4410 -0.3580
vn 0.7914 -0.4209 -0.4434
vn 0.9270 -0.2173 -0.3056
vn 0.8909 -0.2149 -0.4002
vn -0.8704 0.4211 -0.2552
vn -0.8247 0.4455 -0.3484
vn -0.0794 0.0268 0.9965
vn 0.6175 -0.5818 -0.5294
vn 0.6521 -0.5435 -0.5285
vn -0.0000 0.0235 -0.9997
vn 0.0486 -0.0431 -0.9979
vn -0.5921 0.7260 -0.3498
vn -0.5311 0.7322 -0.4264
vn -0.0452 0.0927 -0.9947
vn -0.0415 0.0968 -0.9944
vn 0.6844 -0.5049 -0.5259
vn 0.7144 -0.4656 -0.5224
vn -0.6696 0.6527 -0.3544
vn -0.6808 0.5891 -0.4354
vn -0.6436 0.6295 -0.4353
vn -0.6058 0.6673 -0.4333
vn -0.7080 0.6104 -0.3552
vn -0.7174 0.5438 -0.4355
vn 0.6086 -0.6477 -0.4584
vn 0.5333 -0.7135 -0.4545
vn 0.5474 -0.6495 -0.5278
vn 0.5107 -0.6809 -0.5250
vn -0.4371 0.7984 -0.4141
vn -0.0493 0.0900 -0.9947
vn 0.4459 -0.7765 -0.4452
vn 0.4701 -0.7120 -0.5215
vn 0.4275 -0.7419 -0.5165
vn -0.3794 0.8332 -0.4023
vn -0.0001 0.0235 -0.9997
vn -0.0387 0.1008 -0.9942
vn 0.3872 -0.7680 -0.5101
vn 0.1809 -0.9036 -0.3882
vn 0.3584 -0.7861 -0.5035
vn -0.5714 0.6368 -0.5176
vn 0.0652 -0.0256 -0.9975
vn -0.7604 0.4841 -0.4329
vn -0.7971 0.4272 -0.4269
vn 0.7407 -0.4283 -0.5176
vn 0.7583 -0.4019 -0.5133
vn 0.0728 -0.0190 -0.9972
vn 0.0688 -0.0222 -0.9974
vn -0.8140 0.3983 -0.4228
vn -0.7825 0.4158 -0.4635
vn 0.8544 -0.2154 -0.4728
vn -0.7326 0.6290 -0.2600
vn 0.9978 -0.0191 0.0639
vn 0.9981 -0.0484 -0.0387
vn 0.9883 -0.0629 -0.1391
vn -0.0623 0.0765 -0.9951
vn -0.0657 0.0725 -0.9952
vn -0.5694 0.7005 -0.4301
vn -0.0590 0.0801 -0.9950
vn -0.0855 0.0225 0.9961
vn 0.0739 -0.0863 0.9935
vn -0.0738 0.0630 -0.9953
vn -0.0067 -0.9990 0.0449
vn -0.2798 -0.9488 0.1464
vn 0.0272 -0.9980 -0.0576
vn 0.0055 -0.9974 0.0718
vn 0.0459 -0.9864 -0.1578
vn 0.0447 -0.0461 -0.9979
vn 0.6352 -0.6784 -0.3691
vn 0.0621 -0.0294 -0.9976
vn 0.5822 -0.6174 -0.5291
vn 0.0964 -0.0235 0.9951
vn -0.0895 0.0200 0.9958
vn 0.1068 -0.0528 0.9929
vn 0.0903 -0.0718 0.9933
vn 0.0901 -0.0033 -0.9959
vn 0.0756 -0.0171 -0.9970
vn -0.0790 0.0617 -0.9950
vn 0.0951 0.0169 -0.9953
vn 0.0001 -0.0235 0.9997
vn 0.0423 -0.1199 0.9919
vn -0.0566 0.0531 0.9970
vn -0.4866 0.7650 -0.4219
vn 0.0356 -0.0577 -0.9977
vn -0.0001 0.0236 -0.9997
vn -0.0604 0.0494 0.9970
vn -0.0522 0.0565 0.9970
vn -0.0558 0.0837 -0.9949
vn -0.8173 0.5153 -0.2580
vn -0.0685 0.9918 -0.1075
vn 0.0025 0.9998 0.0219
vn -0.0956 0.9952 0.0218
vn -0.0690 0.0671 -0.9954
vn 0.0001 -0.0236 0.9997
vn 0.0257 -0.1338 0.9907
vn -0.0426 0.0683 0.9968
vn -0.0022 -0.1190 0.9929
vn -0.0376 0.1039 -0.9939
vn 0.0045 -0.0716 -0.9974
vn -0.0328 0.0083 -0.9994
vn 0.0230 -0.0687 -0.9974
vn 0.9458 0.2500 0.2070
vn 0.8933 0.0752 0.4431
vn 0.0863 -0.0737 0.9935
vn 0.9780 0.1514 -0.1432
vn 0.0375 -0.0541 -0.9978
vn 0.6743 -0.6401 -0.3682
vn -0.0524 0.0867 -0.9949
vn 0.0407 -0.0497 -0.9979
vn -0.0477 0.0612 0.9970
vn -0.3976 0.8224 -0.4068
vn 0.1859 -0.8671 -0.4621
vn 0.0520 -0.0398 -0.9979
vn 0.0552 -0.0364 -0.9978
vn 0.0586 -0.0331 -0.9977
vn -0.0752 0.0328 0.9966
vn -0.0439 0.0649 0.9969
vn 0.0103 -0.9999 -0.0079
vn -0.0052 -0.9999 -0.0116
vn 0.0001 -0.9999 -0.0126
vn -0.9548 -0.2971 0.0022
vn -0.9134 -0.3984 -0.0832
vn -0.9793 -0.2026 0.0003
vn -0.8475 -0.5239 -0.0856
vn -0.9585 -0.2852 -0.0051
vn -0.0973 -0.9926 0.0731
vn -0.0013 -0.9997 -0.0236
vn -0.0012 -0.9973 0.0739
vn 0.9998 -0.0179 0.0012
vn 1.0000 -0.0010 -0.0040
vn 0.9932 -0.0772 -0.0869
vn 0.0547 0.9973 -0.0496
vn 0.0025 0.9966 -0.0825
vn -0.0000 -0.0219 0.9998
vn 0.1593 -0.1249 0.9793
vn 0.0983 -0.0219 0.9949
vn 0.0692 -0.9931 -0.0942
vn 0.0768 -0.9970 0.0072
vn -0.0048 0.0096 -0.9999
vn 0.0003 0.0216 -0.9998
vn -0.0000 0.0216 -0.9998
vn 0.1414 0.9898 -0.0146
vn 0.0430 0.9988 0.0236
vn 0.0501 0.9973 -0.0540
vn -0.0984 0.0219 -0.9949
vn 0.0697 -0.0482 -0.9964
vn -0.0308 -0.0519 -0.9982
vn 0.0975 0.9880 0.1194
vn 0.1397 0.9899 0.0226
vn -0.0000 0.0218 -0.9998
vn -0.1856 0.2061 -0.9608
vn 1.0000 -0.0028 0.0006
vn 0.9950 0.0700 0.0707
vn 0.9861 -0.0865 0.1419
vn 1.0000 -0.0057 -0.0025
vn 0.7303 -0.6623 0.1674
vn 0.7061 -0.7079 -0.0155
vn 0.7610 -0.6486 -0.0142
vn -0.9945 0.0030 -0.1047
vn -0.9951 0.0984 0.0022
vn -1.0000 0.0007 -0.0000
vn 0.0041 -0.9999 -0.0168
vn 0.1030 -0.9946 -0.0137
vn 0.0122 -0.9998 -0.0139
vn -0.1482 -0.9798 0.1343
vn -0.1850 -0.9823 -0.0295
vn -0.0215 0.0424 -0.9989
vn 0.0002 0.1130 -0.9936
vn 0.7038 -0.7039 -0.0961
vn 0.6460 -0.7632 -0.0167
vn -0.6065 0.5935 0.5290
vn -0.5118 0.5944 0.6202
vn -0.4573 0.7514 0.4757
vn 1.0000 0.0004 -0.0010
vn 0.9939 -0.1105 -0.0045
vn 0.9867 -0.1122 -0.1175
vn -0.0030 -0.9999 -0.0128
vn -0.0035 -0.9970 0.0769
vn -0.0003 0.0219 -0.9998
vn -0.0929 0.0219 -0.9954
vn -0.0001 -0.0756 -0.9971
vn -0.1579 -0.0387 -0.9867
vn -0.0018 -0.9937 -0.1122
vn 0.1022 -0.0219 0.9945
vn 0.0001 0.0761 0.9971
vn 0.1247 0.0493 0.9910
vn -0.2316 -0.6346 -0.7374
vn -0.1685 -0.6779 -0.7156
vn -0.0807 -0.6837 -0.7252
vn 0.0013 -1.0000 -0.0089
vn 0.0131 -0.9829 0.1835
vn -0.0013 -0.8138 -0.5812
vn -0.0724 -0.7200 -0.6902
vn -0.0234 -0.0724 0.9971
vn 0.0974 0.0216 -0.9950
vn 0.0919 -0.0748 -0.9929
vn 0.9999 0.0029 -0.0112
vn 1.0000 -0.0048 -0.0039
vn 0.9953 0.0969 -0.0019
vn -0.0195 -0.9998 0.0039
vn 0.0649 0.1732 -0.9827
vn 0.0840 0.9962 0.0218
vn 0.0026 0.9971 -0.0767
vn -0.9852 -0.1535 0.0763
vn -0.9938 -0.0458 0.1014
vn 0.7326 0.1167 -0.6706
vn 0.6944 0.1956 -0.6925
vn 0.7017 0.1264 -0.7012
vn -0.6071 0.5012 0.6166
vn -0.7531 0.4541 0.4761
vn 0.6449 0.1713 -0.7448
vn 0.6669 0.1137 -0.7364
vn -0.0014 -0.1470 0.9891
vn -0.0984 -0.0290 0.9947
vn -0.0006 -0.0469 0.9989
vn 0.9955 0.0008 -0.0949
vn 1.0000 -0.0010 0.0041
vn 0.1351 0.9905 0.0237
vn 0.0010 0.9925 0.1225
vn 0.9903 0.1284 -0.0531
vn -0.4672 0.4501 0.7610
vn -0.5786 0.5643 0.5889
vn 0.0969 -0.9886 -0.1155
vn -0.9884 -0.1186 0.0953
vn 0.6612 0.0461 -0.7488
vn 0.8174 0.1959 -0.5418
vn 0.7036 0.0967 -0.7040
vn -0.9903 0.1013 -0.0952
vn -0.9952 0.0028 -0.0979
vn 0.7071 -0.6851 -0.1751
vn 0.7027 -0.7024 -0.1134
vn -0.3314 -0.4969 -0.8020
vn -0.0698 -0.6876 -0.7227
vn 0.0968 0.0751 0.9925
vn 0.1578 -0.7518 -0.6403
vn 0.0098 0.0263 -0.9996
vn 0.0848 -0.0632 -0.9944
vn -0.9904 -0.0499 -0.1289
vn -0.9968 -0.0802 -0.0017
vn -0.9869 -0.0120 -0.1606
vn -0.0948 0.9926 -0.0754
vn 0.9995 0.0221 0.0219
vn 0.9906 0.0946 0.0989
vn 1.0000 -0.0007 -0.0000
vn 0.9952 0.0975 0.0022
vn 0.9949 -0.0696 -0.0723
vn 0.9961 0.0330 -0.0816
vn -0.0755 -0.9971 -0.0133
vn -0.0040 -0.9998 -0.0185
vn -0.0932 -0.9954 -0.0235
vn -0.0161 -0.9954 -0.0948
vn -0.0976 -0.1258 0.9873
vn -0.0003 -0.1419 0.9899
vn 0.0002 0.1202 -0.9928
vn 0.0743 0.0528 -0.9958
vn -0.0967 0.1182 -0.9883
vn -0.0000 0.0219 -0.9998
vn 0.9952 -0.0028 0.0976
vn 0.9952 -0.0028 0.0981
vn 0.9968 -0.0750 0.0291
vn 0.2032 0.9741 -0.0991
vn 0.0792 -0.9921 -0.0970
vn 0.0392 -0.1531 0.9874
vn 0.1900 -0.0298 0.9813
vn 0.2151 -0.1801 0.9598
vn 0.0643 0.9962 -0.0589
vn 0.0121 0.9996 0.0237
vn 0.0685 0.9961 -0.0549
vn 0.5863 -0.3428 -0.7340
vn 0.6010 -0.4356 -0.6702
vn 0.5602 -0.4341 -0.7055
vn -0.0514 0.9944 0.0928
vn -0.7310 -0.2803 0.6222
vn -0.7418 -0.3683 0.5604
vn -0.7659 -0.2739 0.5817
vn 0.0893 0.9954 -0.0357
vn 0.0849 0.9956 -0.0392
vn 0.5430 -0.3410 -0.7674
vn 0.5189 -0.4314 -0.7380
vn -0.5596 -0.2851 0.7782
vn -0.4792 -0.3773 0.7924
vn -0.5422 -0.3794 0.7497
vn -0.6536 -0.2859 0.7008
vn -0.6732 -0.3758 0.6368
vn -0.6957 -0.2792 0.6619
vn 0.0810 0.9958 -0.0430
vn 0.0768 0.9959 -0.0468
vn -0.0558 0.9944 0.0893
vn -0.7770 -0.3624 0.5148
vn -0.8018 -0.2673 0.5344
vn 0.8041 -0.3347 -0.4913
vn 0.7395 -0.4297 -0.5182
vn 0.7722 -0.3383 -0.5379
vn 0.7378 -0.3426 -0.5816
vn 0.6732 -0.4350 -0.5981
vn 0.7037 -0.3440 -0.6217
vn -0.8135 -0.3507 0.4639
vn -0.8376 -0.2590 0.4809
vn -0.8426 -0.3319 0.4242
vn -0.8649 -0.2421 0.4396
vn 0.8654 -0.2665 -0.4244
vn 0.8023 -0.4063 -0.4373
vn 0.8350 -0.3176 -0.4494
vn 0.0931 0.9952 -0.0310
vn -0.8600 -0.3058 0.4084
vn -0.8795 -0.2189 0.4225
vn -0.8854 -0.0996 0.4540
vn -0.8590 -0.2373 0.4537
vn 0.9104 -0.1412 -0.3888
vn 0.8346 -0.3578 -0.4189
vn 0.1030 0.9944 -0.0230
vn 0.0975 0.9949 -0.0265
vn 0.4987 -0.3379 -0.7982
vn 0.4767 -0.4275 -0.7681
vn 0.4566 -0.3340 -0.8246
vn 0.4364 -0.4229 -0.7942
vn -0.4305 -0.2820 0.8574
vn -0.3880 -0.3710 0.8437
vn -0.4189 -0.3736 0.8276
vn -0.0476 0.9941 0.0971
vn 0.4265 -0.3324 -0.8412
vn 0.4079 -0.4192 -0.8111
vn 0.1997 -0.2796 -0.9391
vn 0.1992 -0.3761 -0.9049
vn -0.3984 -0.2804 0.8733
vn -0.4219 -0.3724 0.8266
vn -0.0366 0.9939 0.1044
vn 0.5737 -0.5071 -0.6432
vn 0.5345 -0.5061 -0.6769
vn -0.0121 -0.9996 -0.0237
vn 0.0533 -0.9959 -0.0736
vn -0.7083 -0.3726 0.5996
vn -0.7153 -0.4471 0.5370
vn -0.0794 -0.9965 0.0244
vn -0.0013 -0.9999 -0.0160
vn -0.0751 -0.9968 0.0260
vn 0.4951 -0.5039 -0.7078
vn 0.4553 -0.4994 -0.7371
vn -0.6332 -0.3782 0.6753
vn -0.5684 -0.4589 0.6829
vn -0.6098 -0.4583 0.6467
vn -0.6486 -0.4550 0.6102
vn -0.5901 -0.3794 0.7126
vn -0.5224 -0.4586 0.7189
vn 0.6389 -0.4358 -0.6339
vn 0.7063 -0.4330 -0.5600
vn 0.6429 -0.5066 -0.5745
vn 0.6741 -0.5064 -0.5376
vn -0.7855 -0.4304 0.4447
vn -0.0779 -0.9966 0.0275
vn -0.0107 -0.9997 -0.0226
vn 0.7714 -0.4237 -0.4748
vn 0.7067 -0.5022 -0.4983
vn 0.7379 -0.4964 -0.4572
vn -0.8350 -0.3846 0.3936
vn 0.0245 -0.9997 -0.0089
vn -0.0610 -0.9977 0.0294
vn 0.7690 -0.4793 -0.4231
vn 0.8863 -0.2336 -0.4000
vn 0.8033 -0.4333 -0.4086
vn -0.7610 -0.4379 0.4787
vn 0.0357 -0.9953 -0.0901
vn -0.4617 -0.4573 0.7601
vn -0.4040 -0.4513 0.7957
vn 0.4173 -0.4943 -0.7626
vn 0.3907 -0.4893 -0.7797
vn 0.0285 -0.9949 -0.0970
vn 0.0319 -0.9951 -0.0933
vn -0.3750 -0.4464 0.8125
vn -0.3922 -0.4867 0.7806
vn 0.2013 -0.4503 -0.8699
vn -0.6093 -0.2847 0.7401
vn -0.0042 0.0883 -0.9961
vn 0.0262 -0.0142 -0.9996
vn 0.0421 -0.1147 -0.9925
vn -0.0637 -0.9972 0.0397
vn -0.0590 -0.9974 0.0424
vn -0.6816 -0.4542 0.5737
vn -0.0674 -0.9971 0.0366
vn -0.0318 0.9934 0.1099
vn 0.0729 0.9960 -0.0511
vn -0.0503 -0.9974 0.0515
vn 0.8713 0.4884 0.0478
vn 0.9584 0.2854 0.0007
vn 0.9290 0.3700 0.0072
vn 0.9211 0.3859 0.0520
vn 0.9822 0.1877 -0.0066
vn 0.0581 -0.9959 -0.0691
vn 0.6683 -0.3448 -0.6591
vn 0.0392 -0.9955 -0.0867
vn 0.6099 -0.5079 -0.6084
vn 0.0099 0.9973 -0.0728
vn -0.0297 0.9929 0.1151
vn 0.0389 0.9958 -0.0832
vn 0.0585 0.9960 -0.0682
vn 0.0127 -0.9933 -0.1150
vn 0.0270 -0.9946 -0.1005
vn -0.0484 -0.9973 0.0558
vn -0.0076 -0.9929 -0.1186
vn 0.1077 0.9940 -0.0211
vn -0.0632 0.9946 0.0822
vn -0.7494 -0.4416 0.4933
vn 0.1565 -0.9864 -0.0503
vn 0.0631 -0.9979 -0.0131
vn -0.0598 0.9945 0.0861
vn -0.0668 0.9947 0.0777
vn -0.0713 -0.9969 0.0337
vn -0.4936 -0.2837 0.8221
vn -0.9740 -0.1782 -0.1398
vn -0.9914 -0.0973 -0.0874
vn -0.9741 -0.1742 -0.1440
vn -0.0544 -0.9974 0.0467
vn 0.0121 0.9996 0.0236
vn 0.1472 0.9891 0.0018
vn -0.0794 0.9945 0.0684
vn 0.1009 0.9946 0.0236
vn -0.0351 -0.9991 0.0251
vn 0.1812 -0.9832 -0.0227
vn 0.0800 -0.9966 0.0173
vn 0.2418 -0.9686 -0.0571
vn -0.2735 0.2267 -0.9348
vn -0.1881 0.4608 -0.8674
vn 0.0601 0.9962 -0.0634
vn -0.1719 -0.1210 -0.9777
vn 0.1008 -0.9939 -0.0450
vn 0.6286 -0.3449 -0.6971
vn -0.0744 -0.9968 0.0304
vn 0.0703 -0.9959 -0.0577
vn 0.9873 0.1550 -0.0354
vn 0.9683 0.2484 -0.0255
vn -0.0711 0.9948 0.0732
vn -0.8134 -0.4157 0.4069
vn 0.9963 0.0791 -0.0324
vn 0.0497 -0.9958 -0.0769
vn 0.0466 -0.9957 -0.0802
vn 0.0427 -0.9956 -0.0832
vn -0.0424 0.9941 0.1001
vn -0.0763 0.9946 0.0701
vn 0.4724 -0.6766 -0.5649
vn 0.5574 -0.6018 -0.5720
vn 0.5572 -0.6378 -0.5318
vn -0.9993 -0.0294 -0.0231
vn 0.1457 0.6386 0.7556
vn 0.2413 0.5878 0.7722
vn 0.1438 0.5970 0.7892
vn -0.9742 -0.1537 -0.1650
vn -0.9741 -0.1587 -0.1610
vn 0.4712 -0.7109 -0.5221
vn 0.5554 -0.6711 -0.4910
vn 0.1458 0.7971 0.5860
vn 0.2413 0.8238 0.5130
vn 0.2439 0.7805 0.5756
vn 0.1472 0.7189 0.6794
vn 0.2444 0.6657 0.7050
vn 0.1467 0.6782 0.7201
vn -0.9743 -0.1620 -0.1566
vn -0.9743 -0.1654 -0.1527
vn -0.9993 -0.0329 -0.0189
vn 0.2384 0.5414 0.8063
vn 0.1414 0.5491 0.8237
vn 0.4516 -0.4333 -0.7800
vn 0.5432 -0.4492 -0.7093
vn 0.4587 -0.4786 -0.7487
vn 0.4645 -0.5229 -0.7147
vn 0.5533 -0.5291 -0.6434
vn 0.4688 -0.5628 -0.6808
vn 0.2344 0.4893 0.8400
vn 0.1383 0.4943 0.8582
vn 0.2307 0.4476 0.8639
vn 0.1356 0.4510 0.8821
vn 0.4392 -0.3568 -0.8245
vn 0.5270 -0.3634 -0.7683
vn 0.4453 -0.3883 -0.8068
vn -0.9740 -0.1507 -0.1691
vn 0.2288 0.4280 0.8743
vn 0.1354 0.4311 0.8921
vn 0.2323 0.4655 0.8540
vn -0.0367 0.5321 0.8459
vn 0.3700 -0.1538 -0.9162
vn 0.5202 -0.3334 -0.7863
vn -0.9737 -0.1417 -0.1784
vn -0.9742 -0.1448 -0.1733
vn 0.4681 -0.7428 -0.4786
vn 0.5522 -0.7022 -0.4495
vn 0.4650 -0.7699 -0.4370
vn 0.5478 -0.7293 -0.4098
vn 0.1415 0.8778 0.4578
vn 0.2355 0.8755 0.4220
vn 0.2377 0.8593 0.4529
vn -0.9993 -0.0246 -0.0265
vn 0.4640 -0.7868 -0.4070
vn 0.5441 -0.7471 -0.3819
vn 0.4067 -0.8945 -0.1859
vn 0.4974 -0.8491 -0.1779
vn 0.1424 0.8935 0.4258
vn 0.2426 0.8180 0.5216
vn -0.9991 -0.0173 -0.0379
vn 0.6231 -0.5667 -0.5390
vn 0.6227 -0.6013 -0.5007
vn 0.9914 0.0973 0.0874
vn 0.9986 0.0480 0.0210
vn 0.2432 0.6277 0.7395
vn 0.3250 0.5744 0.7513
vn 0.9775 0.1424 0.1559
vn 0.9775 0.1384 0.1595
vn 0.6209 -0.6333 -0.4620
vn 0.6177 -0.6633 -0.4225
vn 0.2451 0.7049 0.6657
vn 0.3289 0.7236 0.6068
vn 0.3292 0.6867 0.6482
vn 0.3283 0.6492 0.6862
vn 0.2449 0.7428 0.6231
vn 0.3277 0.7597 0.5617
vn 0.5560 -0.5651 -0.6095
vn 0.5491 -0.4910 -0.6763
vn 0.6187 -0.4989 -0.6069
vn 0.6159 -0.4609 -0.6389
vn 0.3172 0.4801 0.8179
vn 0.9773 0.1470 0.1527
vn 0.5356 -0.4052 -0.7409
vn 0.6098 -0.4215 -0.6712
vn 0.6020 -0.3800 -0.7023
vn 0.3095 0.4220 0.8521
vn 0.9771 0.1357 0.1637
vn 0.5933 -0.3407 -0.7293
vn 0.4616 -0.1478 -0.8747
vn 0.5856 -0.3123 -0.7480
vn 0.3496 0.4442 0.8249
vn 0.9987 0.0334 0.0391
vn 0.3253 0.8018 0.5013
vn 0.3199 0.8372 0.4436
vn 0.6142 -0.6885 -0.3856
vn 0.6087 -0.7077 -0.3587
vn 0.9986 0.0243 0.0460
vn 0.9987 0.0288 0.0429
vn 0.3150 0.8538 0.4144
vn 0.4245 0.6680 0.6112
vn 0.5667 -0.8053 -0.1741
vn 0.1471 0.7581 0.6353
vn 0.0341 -0.9994 -0.0108
vn 0.1380 -0.9899 -0.0335
vn 0.2373 -0.9705 -0.0417
vn 0.9774 0.1591 0.1391
vn 0.9775 0.1622 0.1349
vn 0.3272 0.6126 0.7195
vn 0.9774 0.1559 0.1428
vn -0.9990 -0.0130 -0.0421
vn -0.9740 -0.1709 -0.1487
vn 0.9771 0.1716 0.1262
vn 0.0195 -0.0038 -0.9998
vn -0.1071 0.2608 -0.9594
vn 0.1245 -0.0275 -0.9918
vn 0.2190 0.1711 -0.9606
vn 0.2250 -0.0364 -0.9737
vn 0.9985 0.0515 0.0172
vn 0.4716 -0.6000 -0.6462
vn 0.9987 0.0357 0.0359
vn 0.6225 -0.5308 -0.5751
vn -0.9776 -0.1923 -0.0859
vn -0.9990 -0.0054 -0.0443
vn -0.9722 -0.2039 -0.1151
vn -0.9727 -0.1896 -0.1337
vn 0.9981 0.0050 0.0614
vn 0.9986 0.0217 0.0477
vn 0.9767 0.1751 0.1241
vn 0.9967 0.0029 0.0817
vn -0.9734 -0.1387 -0.1825
vn -0.9991 -0.0406 -0.0113
vn 0.3221 0.5300 0.7845
vn 0.9981 0.0613 0.0068
vn 0.9914 0.0974 0.0875
vn -0.9992 -0.0379 -0.0149
vn -0.9989 -0.0455 -0.0082
vn 0.9775 0.1521 0.1464
vn 0.1439 0.8416 0.5206
vn 0.9775 0.1660 0.1299
vn -0.9914 -0.0974 -0.0874
vn -0.9728 -0.1226 -0.1966
vn -0.9985 -0.0540 0.0042
vn -0.9787 -0.0950 -0.1820
vn 0.9769 0.1339 0.1664
vn 0.9957 0.0921 -0.0071
vn 0.9890 0.1299 0.0713
vn 0.9973 0.0735 -0.0047
vn -0.1635 -0.9829 0.0843
vn -0.3617 -0.9304 0.0591
vn -0.9736 -0.1834 -0.1359
vn -0.0167 -0.9996 -0.0222
vn 0.9982 0.0589 0.0104
vn 0.4730 -0.6389 -0.6067
vn 0.9774 0.1495 0.1495
vn 0.9983 0.0560 0.0145
vn -0.9988 -0.0490 -0.0034
vn 0.3125 0.4403 0.8417
vn 0.5341 -0.1452 -0.8329
vn 0.9987 0.0451 0.0251
vn 0.9987 0.0416 0.0279
vn 0.9988 0.0384 0.0314
vn -0.9993 -0.0218 -0.0319
vn -0.9986 -0.0526 0.0009
vn -0.1175 -0.9112 0.3949
vn -0.1912 -0.6829 0.7051
vn -0.5521 -0.5573 0.6202
vn -0.0640 -0.8084 0.5852
vn -0.1671 -0.3989 0.9016
vn -0.3628 -0.6215 0.6944
vn -0.8206 -0.2361 0.5204
vn -0.2679 -0.4117 0.8710
vn -0.1940 0.2803 0.9401
vn -0.0570 -0.2739 0.9601
vn -0.0464 -0.0181 0.9988
vn -0.2433 0.3123 0.9183
vn -0.1623 -0.0252 0.9864
vn -0.0472 -0.5514 0.8329
vn -0.2220 -0.0217 0.9748
vn -0.5685 0.6816 0.4606
vn -0.4667 0.8656 0.1812
vn -0.6246 0.7291 0.2797
vn -0.6313 0.6541 0.4167
vn -0.4702 0.7306 0.4950
vn -0.3967 0.8540 0.3365
vn -0.5440 0.3996 0.7378
vn 0.6567 0.1421 0.7407
vn 0.7833 0.0265 0.6210
vn 0.5320 0.5016 0.6822
vn 0.6020 0.2996 0.7402
vn 0.3716 0.1259 0.9198
vn 0.5226 0.0119 0.8525
vn 0.3868 0.2201 0.8955
vn -0.8477 0.5227 -0.0908
vn -0.6975 0.5534 0.4551
vn -0.7453 0.6092 0.2707
vn -0.8685 0.4691 0.1600
vn -0.7499 0.4583 0.4771
vn -0.6685 0.6168 0.4156
vn -0.4186 0.5135 0.7490
vn 0.2470 0.0258 0.9687
vn -0.3033 0.1743 0.9368
vn -0.0046 0.0216 0.9998
vn -0.0009 0.1330 0.9911
vn -0.3322 0.2217 0.9168
vn 0.0013 0.1878 0.9822
vn -0.0782 -0.8523 -0.5171
vn 0.0149 -0.9688 -0.2472
vn -0.0423 -0.9969 0.0666
vn -0.1437 -0.8193 -0.5551
vn -0.0034 -0.8520 -0.5235
vn 0.0044 -0.6738 -0.7389
vn -0.1829 -0.4996 -0.8467
vn -0.3703 0.5617 -0.7398
vn -0.6911 0.4998 -0.5221
vn -0.3377 0.7054 -0.6231
vn -0.2356 0.3213 -0.9172
vn -0.5280 0.7164 -0.4560
vn -0.2967 0.2950 -0.9083
vn -0.2908 0.4220 -0.8587
vn -0.0264 -0.2979 -0.9542
vn -0.1375 0.2341 -0.9624
vn -0.1149 -0.0214 -0.9931
vn -0.2329 0.4784 -0.8467
vn -0.1404 -0.0294 -0.9897
vn 0.8737 0.0967 -0.4768
vn 0.8819 0.2974 -0.3659
vn 0.9783 -0.0287 -0.2054
vn 0.8730 -0.0033 -0.4877
vn 0.9874 0.1547 0.0330
vn 0.5271 0.1940 -0.8274
vn 0.6342 0.1104 -0.7653
vn -0.2093 0.1609 -0.9645
vn 0.3235 0.0408 -0.9453
vn 0.0164 0.0547 -0.9984
vn -0.4532 0.2557 -0.8539
vn 0.0468 0.1345 -0.9898
vn 0.6984 -0.0021 -0.7157
vn -0.2960 0.2580 -0.9197
vn 0.0515 0.1618 -0.9855
vn -0.5430 0.3668 -0.7554
vn -0.6822 0.3580 -0.6375
vn -0.7549 0.4467 -0.4801
vn -0.5014 0.3912 -0.7717
vn -0.2743 0.3199 -0.9069
vn -0.3433 0.9122 -0.2236
vn -0.1042 0.9454 -0.3087
vn -0.5967 0.6088 -0.5228
vn -0.3851 0.7282 -0.5669
vn -0.3309 0.5518 -0.7655
vn -0.8784 0.1061 -0.4660
vn -0.9060 0.3517 -0.2356
vn -0.9888 0.0745 -0.1294
vn -0.3242 0.3904 -0.8617
vn -0.6580 0.4009 -0.6374
vn -0.6529 0.1793 -0.7360
vn -0.2014 0.1875 -0.9614
vn -0.2380 0.1854 -0.9534
vn 0.7148 0.6395 -0.2830
vn 0.7513 0.5638 -0.3431
vn 0.7881 0.2737 -0.5513
vn 0.7465 0.1953 -0.6361
vn 0.2264 -0.9019 -0.3677
vn 0.7786 0.1357 -0.6127
vn 0.6065 -0.1991 -0.7697
vn 0.5373 -0.3141 -0.7827
vn 0.8833 0.2171 -0.4155
vn 0.7700 0.6302 0.0998
vn 0.8628 0.1342 -0.4874
vn -0.5080 -0.8224 -0.2562
vn -0.6092 -0.7760 -0.1634
vn -0.6196 -0.7699 -0.1530
vn 0.0139 0.8834 -0.4683
vn 0.1601 0.9593 -0.2326
vn 0.5049 -0.2485 -0.8266
vn 0.8118 -0.5838 0.0166
vn 0.7085 -0.6457 0.2846
vn 0.5688 0.2486 -0.7840
vn 0.5688 0.2484 -0.7841
vn -0.4893 0.7122 0.5033
vn -0.4894 0.7121 0.5034
vn -0.8542 -0.1727 -0.4905
vn -0.7923 -0.1802 -0.5829
vn -0.2153 -0.5011 -0.8382
vn -0.2155 -0.5011 -0.8381
vn -0.2160 -0.3290 -0.9193
vn -0.1664 -0.3363 -0.9269
vn 0.6686 -0.7416 -0.0547
vn 0.6070 -0.6109 -0.5084
vn 0.5637 -0.7847 -0.2578
vn -0.8866 0.4496 -0.1084
vn -0.8483 0.3384 -0.4072
vn -0.8391 0.3280 -0.4338
vn 0.3376 -0.7163 0.6107
vn 0.4269 -0.7164 0.5519
vn 0.2035 -0.5891 0.7820
vn 0.5062 -0.8410 0.1911
vn 0.4872 -0.7909 0.3703
vn 0.3496 -0.8965 0.2721
vn 0.4590 -0.7383 -0.4943
vn 0.4483 -0.6589 -0.6040
vn 0.7464 -0.4967 -0.4429
vn 0.7464 -0.4968 -0.4429
vn -0.2280 -0.6459 0.7286
vn -0.1023 -0.7351 0.6702
vn 0.4938 0.8598 0.1301
vn 0.2395 0.8985 0.3678
vn 0.1241 0.9877 0.0950
vn 0.8436 0.5037 0.1863
vn 0.6361 0.6532 0.4106
vn 0.5261 0.5873 0.6150
vn 0.8129 0.1560 0.5611
vn 0.9472 0.2439 0.2080
vn 0.9801 0.1481 0.1320
vn 0.2391 0.3260 0.9146
vn 0.4946 0.0911 0.8643
vn 0.6357 0.3803 0.6718
vn 0.7958 0.4166 0.4395
vn 0.0333 -0.0760 0.9966
vn 0.1723 -0.1824 0.9680
vn 0.0198 -0.4449 -0.8953
vn 0.0198 -0.4444 -0.8956
vn 0.0198 -0.4447 -0.8954
vn 0.8127 -0.5454 0.2051
vn 0.1198 -0.7888 -0.6029
vn -0.0650 -0.7222 -0.6886
vn -0.0613 0.4428 0.8945
vn -0.0577 0.4426 0.8948
vn 0.0308 0.4389 0.8980
vn -0.1062 -0.5252 0.8443
vn -0.3445 -0.2623 0.9014
vn -0.0725 -0.1600 0.9845
vn -0.1896 -0.8672 0.4604
vn -0.3878 -0.6550 0.6485
vn -0.5972 -0.5427 0.5906
vn -0.4336 -0.7988 0.4171
vn -0.6601 -0.6483 0.3794
vn -0.1926 -0.9677 0.1629
vn -0.4936 -0.8533 0.1678
vn -0.1842 -0.9600 0.2107
vn -0.9044 -0.2474 0.3476
vn -0.8546 -0.5090 0.1033
vn -0.5890 -0.7941 -0.1496
vn -0.7220 -0.6328 -0.2797
vn -0.8479 -0.5286 -0.0406
vn -0.1252 -0.9586 -0.2559
vn -0.4772 -0.8365 -0.2692
vn -0.5740 -0.6116 -0.5445
vn 0.4740 0.8752 0.0967
vn 0.4741 0.8752 0.0966
vn 0.6254 -0.0269 -0.7798
vn 0.6868 -0.1953 -0.7001
vn 0.1158 -0.7171 -0.6873
vn 0.1159 -0.7169 -0.6875
vn 0.1159 -0.7169 -0.6874
vn -0.7900 -0.4375 0.4295
vn -0.7901 -0.4374 0.4296
vn -0.2171 0.4695 -0.8558
vn 0.3852 0.1411 -0.9120
vn 0.9265 0.1181 -0.3573
vn 0.8826 0.4158 0.2195
vn -0.4781 -0.8548 0.2017
vn -0.1195 -0.9164 -0.3819
vn -0.5891 -0.7707 0.2429
vn -0.3518 -0.8993 -0.2599
vn -0.1229 -0.6922 -0.7112
vn -0.4043 -0.8120 -0.4210
vn -0.3324 -0.6581 -0.6756
vn -0.9503 0.2101 0.2299
vn -0.7905 0.1681 0.5890
vn -0.7918 0.5758 0.2039
vn -0.9499 0.2976 0.0954
vn -0.9484 0.0660 0.3102
vn -0.7490 -0.0250 0.6621
vn -0.9996 0.0098 0.0281
vn -0.1246 -0.3568 -0.9258
vn -0.4610 0.2437 -0.8533
vn -0.3600 -0.2355 -0.9028
vn -0.6085 0.2741 -0.7447
vn -0.4115 -0.4025 -0.8177
vn 0.3728 -0.1061 -0.9218
vn 0.1175 -0.3665 -0.9230
vn 0.6884 -0.0971 -0.7188
vn 0.3464 -0.3467 -0.8717
vn 0.1018 -0.6879 -0.7186
vn 0.5590 -0.5740 -0.5983
vn 0.3113 -0.6575 -0.6861
vn 0.8566 -0.3569 -0.3726
vn 0.9096 -0.1378 -0.3919
vn 0.6880 -0.7145 -0.1269
vn 0.9097 -0.3864 -0.1520
vn 0.6541 -0.3190 -0.6859
vn 0.1187 -0.9058 -0.4069
vn 0.3757 -0.9157 -0.1424
vn 0.3484 -0.8551 -0.3840
vn 0.6539 -0.6716 -0.3485
vn 0.8932 0.1667 0.4177
vn 0.9005 -0.4188 0.1172
vn 0.8048 0.2147 0.5533
vn 0.9148 -0.2333 0.3299
vn 0.6674 -0.7403 0.0805
vn 0.8656 -0.1963 0.4607
vn 0.8496 -0.4261 0.3108
vn -0.2133 0.1678 0.9625
vn -0.1413 0.5602 0.8162
vn -0.5830 0.1578 0.7970
vn -0.2943 0.0215 0.9555
vn -0.0424 0.2403 0.9698
vn 0.0930 0.6351 0.7668
vn -0.0045 -0.0550 0.9985
vn 0.3501 -0.9304 0.1088
vn -0.2504 -0.8506 0.4623
vn 0.1665 -0.9313 0.3239
vn -0.2622 -0.7715 0.5796
vn 0.3482 -0.8857 0.3073
vn 0.1342 -0.8827 0.4503
vn 0.0185 0.9902 -0.1388
vn 0.0813 0.8827 -0.4629
vn 0.0215 0.8981 -0.4392
vn 0.4737 0.7256 -0.4992
vn 0.4737 0.7258 -0.4988
vn 0.0961 0.7279 -0.6789
vn 0.0342 0.6917 -0.7214
vn 0.3383 0.5491 -0.7642
vn 0.6881 -0.6405 -0.3411
vn 0.7107 -0.6872 -0.1506
vn 0.6364 -0.5381 -0.5528
vn 0.5186 -0.3373 -0.7857
vn 0.6372 -0.0024 -0.7707
vn 0.7913 0.0141 -0.6112
vn 0.8409 -0.1611 -0.5167
vn 0.3449 -0.5947 -0.7262
vn 0.6714 0.2907 -0.6817
vn 0.0682 0.3465 -0.9356
vn 0.2779 -0.1623 -0.9468
vn 0.0856 0.4641 -0.8816
vn 0.5288 -0.2492 -0.8113
vn 0.5430 -0.3916 -0.7428
vn -0.0954 0.9286 -0.3586
vn -0.3764 0.9232 -0.0770
vn -0.0905 0.7196 -0.6885
vn -0.3723 0.8574 -0.3553
vn -0.7032 0.7069 -0.0768
vn -0.3540 0.6761 -0.6463
vn -0.6604 0.6692 -0.3408
vn -0.3777 0.1175 -0.9185
vn -0.0965 0.3983 -0.9122
vn -0.7042 0.1080 -0.7017
vn -0.3729 0.3924 -0.8408
vn -0.6604 0.3711 -0.6528
vn -0.9202 0.3810 -0.0894
vn -0.9205 0.1063 -0.3761
vn -0.8490 0.3819 -0.3652
vn -0.9443 -0.0236 -0.3283
vn -0.9905 -0.0170 -0.1366
vn -0.8389 -0.0496 -0.5421
vn -0.5964 -0.1615 -0.7863
vn -0.5539 0.0113 -0.8325
vn -0.7197 -0.4538 -0.5254
vn -0.7197 -0.4539 -0.5254
vn -0.6587 0.5460 -0.5178
vn -0.6587 0.5459 -0.5178
vn 0.1817 -0.2571 -0.9491
vn -0.3258 -0.0460 -0.9443
vn 0.4538 -0.4853 -0.7473
vn 0.2540 -0.3550 -0.8997
vn -0.5626 -0.1681 -0.8095
vn -0.6719 -0.0802 -0.7363
vn 0.6859 -0.7060 -0.1762
vn 0.6209 -0.6544 -0.4316
vn 0.6149 -0.6307 -0.4735
vn -0.0022 -0.7791 -0.6269
vn -0.1549 -0.6868 -0.7101
vn 0.1712 -0.8311 -0.5291
vn 0.4953 -0.5387 -0.6815
vn -0.0264 -0.6463 -0.7626
vn 0.1333 -0.6000 -0.7888
vn 0.0978 0.9117 0.3991
vn 0.3785 0.9181 0.1178
vn 0.0919 0.6882 0.7197
vn 0.3741 0.8403 0.3925
vn 0.7045 0.7014 0.1080
vn 0.3547 0.6465 0.6754
vn 0.6612 0.6525 0.3702
vn 0.3785 0.0770 0.9224
vn 0.0974 0.3582 0.9285
vn 0.7039 0.0766 0.7062
vn 0.3734 0.3546 0.8572
vn 0.6614 0.3401 0.6685
vn 0.9214 0.3740 0.1058
vn 0.9205 0.0892 0.3805
vn 0.8489 0.3654 0.3819
vn 0.4985 0.8172 -0.2894
vn 0.1109 0.9010 -0.4194
vn 0.4646 0.8832 -0.0638
vn 0.7991 0.5349 -0.2743
vn 0.4857 0.7706 -0.4128
vn 0.0515 0.7750 -0.6298
vn 0.6270 0.6683 -0.4003
vn 0.9294 -0.1710 -0.3270
vn 0.9436 0.3204 -0.0839
vn 0.6770 -0.4342 -0.5943
vn 0.9539 0.1343 -0.2684
vn 0.7739 0.6310 -0.0533
vn 0.9234 0.1080 -0.3684
vn -0.1257 -0.5679 -0.8135
vn 0.3170 -0.2974 -0.9006
vn 0.1929 -0.5900 -0.7841
vn -0.1244 -0.2347 -0.9641
vn 0.2962 -0.1310 -0.9461
vn 0.4588 -0.3431 -0.8196
vn 0.5420 -0.0613 -0.8381
vn 0.5486 -0.2993 0.7807
vn 0.4236 -0.1008 0.9002
vn 0.1887 -0.8658 0.4634
vn 0.5169 -0.5708 0.6379
vn 0.8288 -0.2665 0.4921
vn 0.7658 -0.0821 0.6378
vn 0.8056 -0.5524 0.2142
vn 0.5478 -0.7478 -0.3751
vn 0.2185 -0.8103 -0.5438
vn 0.4230 -0.6807 -0.5981
vn 0.8284 -0.5289 -0.1844
vn 0.5961 -0.7560 -0.2705
vn 0.9439 -0.0961 0.3160
vn 0.9437 -0.2839 -0.1696
vn 0.9615 -0.2564 0.0986
vn 0.7653 -0.4916 -0.4156
vn 0.3282 -0.5118 0.7940
vn 0.3927 -0.1509 0.9072
vn 0.0830 -0.4729 0.8772
vn 0.2728 -0.8292 0.4878
vn 0.3931 -0.4867 0.7802
vn 0.4079 -0.6846 0.6040
vn 0.3066 -0.9314 -0.1965
vn 0.0887 -0.9513 0.2953
vn 0.5447 -0.7078 -0.4499
vn 0.2643 -0.9602 0.0901
vn 0.0668 -0.7876 0.6125
vn 0.3556 -0.9333 0.0495
vn 0.8480 0.0309 -0.5291
vn 0.8570 -0.3839 -0.3437
vn 0.7381 -0.2857 -0.6112
vn 0.9331 0.0608 -0.3546
vn 0.9007 -0.3317 -0.2804
vn 0.7445 -0.5410 -0.3913
vn 0.7673 -0.6269 -0.1349
vn -0.3789 -0.1185 0.9178
vn -0.0981 -0.4038 0.9096
vn -0.7044 -0.1080 0.7015
vn -0.3742 -0.3927 0.8401
vn -0.0931 -0.7223 0.6853
vn -0.6614 -0.3695 0.6527
vn -0.3559 -0.6765 0.6448
vn -0.9217 -0.3777 0.0882
vn -0.9209 -0.1052 0.3754
vn -0.7005 -0.7092 0.0804
vn -0.8498 -0.3809 0.3643
vn -0.6621 -0.6681 0.3395
vn -0.0985 -0.9292 0.3562
vn -0.3701 -0.9259 0.0754
vn -0.3741 -0.8575 0.3533
vn -0.5685 -0.7943 -0.2142
vn -0.6930 -0.7169 -0.0760
vn -0.6909 -0.6132 -0.3829
vn -0.4862 -0.8134 -0.3193
vn -0.3384 -0.9172 -0.2102
vn -0.4626 -0.8836 -0.0719
vn -0.1048 -0.8729 -0.4765
vn 0.4454 -0.4819 -0.7546
vn 0.4234 -0.1882 -0.8862
vn 0.6334 -0.2576 -0.7297
vn 0.2504 -0.8057 -0.5368
vn 0.3056 -0.5608 -0.7695
vn 0.1656 -0.2852 -0.9441
vn -0.2324 -0.9674 -0.1006
vn 0.1872 -0.9294 -0.3181
vn -0.0493 -0.9649 -0.2579
vn 0.4504 -0.7029 -0.5505
vn 0.6098 0.7830 0.1225
vn 0.8711 0.4842 0.0813
vn 0.7421 0.6690 0.0424
vn 0.3375 0.9319 0.1326
vn 0.1820 0.7972 0.5757
vn 0.4888 0.8339 0.2565
vn 0.0287 0.7428 0.6689
vn 0.3196 0.9244 0.2082
vn -0.2819 0.9352 0.2142
vn 0.2367 0.9689 0.0720
vn 0.0019 0.9976 0.0693
vn -0.6172 0.7026 0.3542
vn -0.0099 0.9846 0.1746
vn 0.4897 0.8705 0.0489
vn -0.0211 0.9797 0.1994
vn -0.7307 0.4708 0.4944
vn -0.8647 0.2167 0.4531
vn -0.8614 -0.0432 0.5061
vn -0.6537 0.5395 0.5307
vn -0.7517 0.4950 0.4357
vn -0.4095 0.7906 0.4552
vn 0.9792 0.1638 -0.1201
vn 0.8760 0.4811 -0.0334
vn 0.9775 0.0633 -0.2014
vn 0.9233 0.3714 -0.0983
vn 0.6859 0.7277 -0.0008
vn 0.9562 0.2299 -0.1813
vn 0.7726 0.6318 -0.0621
vn 0.9522 0.1415 -0.2708
vn 0.9489 -0.0434 -0.3126
vn 0.9237 0.1478 -0.3534
vn 0.8270 0.5284 -0.1920
vn 0.8765 0.4505 -0.1696
vn 0.5676 0.8204 -0.0694
vn 0.4275 0.8995 -0.0900
vn 0.3774 0.9260 -0.0127
vn 0.6061 0.7679 -0.2074
vn -0.1780 0.7488 -0.6384
vn -0.0509 0.6390 -0.7675
vn -0.2617 0.6542 -0.7096
vn -0.2291 0.6926 -0.6839
vn -0.1444 0.9268 -0.3465
vn -0.0334 0.8646 -0.5013
vn -0.2409 0.9014 -0.3599
vn -0.5998 -0.0658 0.7975
vn -0.5534 0.4257 0.7159
vn -0.6719 0.2352 0.7023
vn -0.4516 0.1340 0.8821
vn -0.4476 0.4516 0.7718
vn -0.6443 0.1361 0.7526
vn -0.5153 0.7310 0.4473
vn -0.4810 0.7017 0.5256
vn -0.0422 0.9738 -0.2234
vn -0.1777 0.9275 0.3290
vn -0.0323 0.9990 0.0293
vn -0.1443 0.9892 0.0271
vn -0.2242 0.9062 0.3586
vn -0.1990 0.9796 0.0277
vn 0.9849 0.0683 0.1592
vn 0.8670 -0.4419 0.2303
vn 0.9871 -0.1507 0.0546
vn 0.3212 -0.4910 0.8098
vn 0.8026 -0.4183 0.4253
vn 0.8751 -0.4719 0.1074
vn 0.7569 -0.6531 0.0225
vn 0.6214 -0.7180 0.3136
vn -0.5345 -0.7185 0.4449
vn -0.7560 -0.4017 0.5169
vn -0.7070 -0.5972 0.3789
vn -0.2660 -0.9162 0.2998
vn -0.5252 -0.6958 0.4899
vn -0.2564 -0.8777 0.4047
vn 0.3968 -0.9175 0.0257
vn -0.1740 -0.9747 0.1399
vn 0.1004 -0.9867 0.1278
vn -0.4579 -0.8515 0.2556
vn 0.1237 -0.9738 0.1909
vn 0.9731 -0.2186 -0.0726
vn 0.9907 -0.0175 -0.1351
vn 0.8174 -0.5724 -0.0651
vn 0.9595 -0.2308 -0.1614
vn 0.9278 -0.2860 -0.2397
vn 0.9618 -0.1326 -0.2393
vn 0.8515 -0.4768 -0.2183
vn 0.5991 -0.7824 -0.1701
vn 0.5033 -0.8585 -0.0983
vn 0.4410 -0.8877 -0.1324
vn 0.7384 -0.6224 -0.2595
vn 0.8438 -0.5170 -0.1437
vn 0.9196 -0.2345 -0.3153
vn 0.7932 -0.5063 -0.3383
vn 0.8624 -0.3147 -0.3965
vn 0.8608 -0.4113 -0.2999
vn 0.6469 -0.7105 -0.2770
vn -0.1111 -0.4573 -0.8824
vn -0.3133 -0.3497 -0.8829
vn 0.0088 -0.1824 -0.9832
vn -0.0109 -0.4680 -0.8837
vn -0.1749 0.0526 -0.9832
vn -0.1956 -0.8166 -0.5430
vn -0.1152 -0.7518 -0.6492
vn -0.1450 -0.9712 0.1889
vn -0.0372 -0.9376 -0.3458
vn -0.0435 -0.9983 -0.0390
vn -0.2359 -0.8673 0.4382
vn -0.1244 -0.9899 -0.0678
vn -0.0053 -0.6992 -0.7149
vn -0.2406 -0.9296 0.2793
vn -0.1513 -0.9859 -0.0715
vn -0.3455 -0.7725 0.5328
vn -0.3349 -0.6579 0.6746
vn -0.4251 -0.5033 0.7523
vn -0.3720 -0.7887 0.4895
vn -0.3025 -0.9171 0.2598
vn -0.3458 0.0740 -0.9354
vn -0.6748 0.1173 -0.7286
vn -0.6328 0.4845 -0.6040
vn -0.5350 0.0028 -0.8449
vn -0.8858 0.0767 -0.4578
vn -0.6845 0.2886 -0.6694
vn -0.5799 0.7625 -0.2868
vn -0.8647 0.1781 -0.4697
vn -0.9706 0.1035 0.2172
vn -0.9415 -0.0382 -0.3349
vn -0.9952 -0.0512 -0.0832
vn -0.9562 0.1538 0.2490
vn -0.9938 0.0655 -0.0899
vn -0.7964 -0.0370 -0.6036
vn -0.9884 0.1250 -0.0864
vn -0.5564 0.5259 0.6433
vn -0.2809 0.4505 0.8475
vn -0.3862 0.5988 0.7016
vn -0.5180 0.5922 0.6172
vn -0.5840 0.4242 0.6921
vn -0.4277 0.3644 0.8272
vn -0.8080 0.4761 0.3471
vn -0.6825 -0.7235 0.1034
vn -0.5428 -0.8399 -0.0039
vn -0.4809 -0.8140 0.3258
vn -0.6958 -0.6688 0.2618
vn -0.8874 -0.4554 0.0710
vn -0.7957 -0.6046 -0.0361
vn -0.8666 -0.4697 0.1686
vn -0.0271 0.8539 0.5197
vn -0.5585 0.6475 0.5185
vn -0.3801 0.7182 0.5828
vn -0.2730 0.8519 0.4470
vn -0.5767 0.7016 0.4185
vn -0.5182 0.6293 0.5791
vn -0.8205 0.3356 0.4628
vn -0.9402 -0.3390 -0.0332
vn -0.9713 0.2112 0.1097
vn -0.9950 -0.0905 -0.0427
vn -0.9930 -0.0958 0.0693
vn -0.9573 0.2424 0.1578
vn -0.9884 -0.0869 0.1249
vn 0.5513 0.1464 -0.8214
vn 0.3100 0.0032 -0.9507
vn 0.4188 0.3366 -0.8434
vn 0.0576 0.1721 -0.9834
vn 0.5743 0.0492 -0.8171
vn 0.7785 0.0628 -0.6245
vn 0.8544 0.2633 -0.4479
vn 0.6711 0.4199 0.6110
vn 0.3716 0.4788 0.7954
vn 0.5401 0.4015 0.7396
vn 0.8668 0.3260 0.3774
vn 0.6936 0.4480 0.5642
vn 0.8537 0.3846 0.3511
vn 0.9645 0.1172 -0.2368
vn 0.9273 0.2320 0.2937
vn 0.9767 0.2106 0.0415
vn 0.7873 0.3169 0.5289
vn 0.9708 0.2374 0.0334
vn 0.5635 -0.8179 0.1159
vn -0.0263 -0.9994 0.0209
vn 0.3004 -0.9538 -0.0035
vn 0.5712 -0.8199 0.0387
vn 0.5816 -0.7926 0.1831
vn 0.8640 -0.4356 0.2526
vn 0.9271 0.3036 0.2197
vn 0.9677 -0.2291 0.1054
vn 0.9896 0.0814 0.1190
vn 0.7878 0.5355 0.3043
vn 0.9788 0.0502 0.1985
vn 0.7792 -0.6246 0.0521
vn 0.8679 0.3860 0.3126
vn 0.9733 0.0447 0.2252
vn 0.6664 0.6091 0.4300
vn 0.5447 0.7425 0.3899
vn 0.4206 0.5396 0.7293
vn 0.3711 0.7423 0.5579
vn 0.8527 0.3663 0.3725
vn 0.1549 -0.9845 -0.0822
vn 0.1678 -0.8804 -0.4435
vn 0.3922 -0.9076 -0.1499
vn -0.3142 -0.7388 -0.5962
vn -0.4001 -0.7125 -0.5764
vn 0.7077 -0.6993 -0.1011
vn 0.0892 -0.8257 -0.5570
vn 0.3920 -0.8852 -0.2507
vn -0.4916 0.5108 -0.7053
vn -0.3782 0.4135 -0.8282
vn -0.5885 0.2897 -0.7548
vn -0.2637 0.6076 -0.7492
vn -0.1836 0.5078 -0.8417
vn -0.4786 0.2561 -0.8398
vn -0.6595 0.0604 -0.7493
vn 0.1657 -0.0991 -0.9812
vn 0.1649 -0.0997 -0.9813
vn 0.3465 0.0935 -0.9334
vn 0.9192 -0.3665 -0.1441
vn 0.9049 0.0755 -0.4189
vn 0.9812 -0.0402 -0.1889
vn 0.7077 -0.6992 -0.1014
vn 0.9070 -0.1469 -0.3946
vn 0.6900 0.2035 -0.6946
vn 0.9002 -0.3605 -0.2443
vn 0.8605 -0.0592 -0.5060
vn 0.2933 -0.3388 0.8940
vn 0.3115 -0.3208 0.8944
vn 0.4354 -0.4883 0.7563
vn 0.4620 -0.4618 0.7572
vn 0.6972 -0.6768 0.2363
vn 0.6792 -0.7337 -0.0203
vn 0.7207 -0.6930 -0.0205
vn 0.2754 -0.3549 0.8934
vn 0.4094 -0.5113 0.7557
vn 0.6566 -0.7163 0.2361
vn 0.6378 -0.7699 -0.0207
vn -0.3004 0.2674 0.9156
vn -0.3179 0.2490 0.9149
vn -0.4505 0.4153 0.7903
vn -0.7220 0.6064 0.3333
vn -0.7186 0.6895 0.0902
vn -0.6830 0.6493 0.3346
vn -0.3341 0.2274 0.9147
vn -0.4767 0.3864 0.7896
vn -0.7601 0.5585 0.3323
vn -0.7599 0.6439 0.0890
vn 0.3463 -0.2823 0.8947
vn 0.3294 -0.3017 0.8947
vn 0.5121 -0.4058 0.7570
vn 0.7365 -0.6331 0.2382
vn 0.7975 -0.6030 -0.0186
vn 0.7726 -0.5889 0.2373
vn 0.4876 -0.4339 0.7576
vn 0.7610 -0.6484 -0.0196
vn -0.2832 0.2851 0.9157
vn -0.2665 0.3009 0.9157
vn -0.4240 0.4419 0.7905
vn -0.3983 0.4659 0.7901
vn -0.6037 0.7228 0.3364
vn -0.6759 0.7312 0.0917
vn -0.6343 0.7675 0.0933
vn -0.6430 0.6887 0.3349
vn -0.2487 0.3156 0.9157
vn -0.2287 0.3315 0.9153
vn -0.3708 0.4879 0.7902
vn -0.3397 0.5130 0.7883
vn -0.5153 0.7883 0.3363
vn -0.5904 0.8015 0.0951
vn -0.5393 0.8365 0.0972
vn -0.5629 0.7553 0.3357
vn 0.2569 -0.3708 0.8925
vn 0.3822 -0.5336 0.7545
vn 0.6161 -0.7516 0.2359
vn 0.5939 -0.8043 -0.0208
vn 0.2371 -0.3879 0.8907
vn 0.3532 -0.5578 0.7511
vn 0.5733 -0.7853 0.2339
vn 0.5454 -0.8380 -0.0184
vn 0.2158 -0.4041 0.8889
vn 0.3222 -0.5795 0.7486
vn 0.5254 -0.8178 0.2349
vn 0.4945 -0.8690 -0.0182
vn 0.1969 -0.4231 0.8845
vn 0.2965 -0.6042 0.7396
vn 0.4757 -0.8488 0.2307
vn 0.4463 -0.8947 -0.0184
vn -0.2073 0.3498 0.9136
vn -0.1910 0.3660 0.9108
vn -0.3056 0.5399 0.7843
vn -0.2804 0.5623 0.7779
vn -0.4208 0.8446 0.3309
vn -0.4823 0.8704 0.0985
vn -0.4371 0.8940 0.0983
vn -0.4629 0.8208 0.3348
vn 0.1046 -0.4686 0.8772
vn -0.0089 -0.4008 0.9161
vn 0.1771 -0.8354 0.5204
vn -0.0165 -0.7258 0.6877
vn 0.1892 -0.9811 0.0406
vn -0.0210 -0.9387 0.3441
vn 0.0848 -0.2082 0.9744
vn 0.2779 -0.6248 0.7296
vn 0.4266 -0.8762 0.2244
vn 0.4111 -0.9112 -0.0249
vn 0.2727 -0.6371 0.7209
vn 0.3937 -0.8953 0.2086
vn -0.1839 0.3765 0.9080
vn -0.2703 0.5735 0.7733
vn -0.4169 0.9040 0.0944
vn -0.4008 0.8563 0.3257
vn -0.3537 0.2004 0.9136
vn -0.5033 0.3544 0.7881
vn -0.8039 0.4967 0.3272
vn -0.8005 0.5927 0.0889
vn -0.3782 0.1790 0.9083
vn -0.5363 0.3120 0.7843
vn -0.8397 0.4384 0.3204
vn -0.8469 0.5246 0.0868
vn 0.3808 -0.2450 0.8916
vn 0.3622 -0.2625 0.8944
vn 0.5570 -0.3536 0.7515
vn 0.8055 -0.5431 0.2372
vn 0.8589 -0.5118 -0.0182
vn 0.8364 -0.4973 0.2305
vn 0.5348 -0.3778 0.7558
vn 0.8308 -0.5563 -0.0174
vn 0.3802 -0.0223 0.9246
vn 0.7114 -0.0178 0.7026
vn 0.9323 -0.0108 0.3616
vn 0.4410 -0.1455 0.8856
vn 0.8167 -0.2315 0.5285
vn 0.9698 -0.2414 0.0360
vn -0.3943 0.1684 0.9034
vn -0.5711 0.2750 0.7734
vn -0.8591 0.4070 0.3102
vn -0.8845 0.4594 0.0814
vn -0.9010 0.4272 0.0752
vn -0.5906 0.2605 0.7638
vn -0.8607 0.3994 0.3157
vn 0.3967 -0.2352 0.8873
vn 0.8574 -0.4673 0.2157
vn 0.5780 -0.3375 0.7430
vn 0.8771 -0.4797 -0.0251
vn 0.5227 -0.4865 -0.7001
vn 0.4931 -0.5170 -0.6997
vn 0.3783 -0.3438 -0.8595
vn 0.3564 -0.3655 -0.8599
vn 0.2105 -0.1801 -0.9609
vn 0.1980 -0.1918 -0.9612
vn 0.4637 -0.5444 -0.6990
vn 0.3354 -0.3858 -0.8595
vn 0.1865 -0.2034 -0.9612
vn -0.5819 0.5097 -0.6337
vn -0.5499 0.5440 -0.6337
vn -0.4216 0.3779 -0.8243
vn -0.3990 0.4033 -0.8235
vn -0.2310 0.2190 -0.9480
vn -0.2190 0.2328 -0.9475
vn -0.6135 0.4712 -0.6337
vn -0.4447 0.3503 -0.8243
vn -0.2435 0.2038 -0.9482
vn 0.5518 -0.4540 -0.6996
vn 0.5796 -0.4217 -0.6972
vn 0.3997 -0.3204 -0.8588
vn 0.4201 -0.2973 -0.8574
vn 0.2227 -0.1671 -0.9605
vn 0.2342 -0.1541 -0.9599
vn -0.4876 0.6059 -0.6287
vn -0.5183 0.5770 -0.6312
vn -0.3541 0.4485 -0.8207
vn -0.3761 0.4271 -0.8222
vn -0.1942 0.2573 -0.9466
vn -0.2062 0.2456 -0.9472
vn -0.4179 0.6629 -0.6212
vn -0.4552 0.6337 -0.6255
vn -0.3049 0.4916 -0.8157
vn -0.3313 0.4692 -0.8186
vn -0.1675 0.2808 -0.9450
vn -0.1822 0.2692 -0.9457
vn 0.4332 -0.5719 -0.6965
vn 0.3137 -0.4062 -0.8582
vn 0.1744 -0.2150 -0.9609
vn 0.3992 -0.5990 -0.6941
vn 0.2900 -0.4274 -0.8563
vn 0.1615 -0.2273 -0.9603
vn 0.3640 -0.6263 -0.6894
vn 0.2651 -0.4489 -0.8534
vn 0.1475 -0.2395 -0.9596
vn 0.3311 -0.6515 -0.6826
vn 0.2424 -0.4703 -0.8486
vn 0.1352 -0.2529 -0.9580
vn -0.3439 0.7173 -0.6060
vn -0.3763 0.6934 -0.6145
vn -0.2535 0.5360 -0.8053
vn -0.2755 0.5151 -0.8116
vn -0.1410 0.3081 -0.9408
vn -0.1523 0.2949 -0.9433
vn 0.0427 -0.8977 -0.4386
vn 0.1661 -0.7395 -0.6523
vn 0.0326 -0.6680 -0.7435
vn 0.1243 -0.5365 -0.8347
vn 0.0177 -0.3476 -0.9375
vn 0.0731 -0.2948 -0.9528
vn 0.3079 -0.6700 -0.6755
vn 0.2272 -0.4879 -0.8428
vn 0.1279 -0.2653 -0.9556
vn -0.3294 0.7291 -0.6000
vn -0.2438 0.5473 -0.8006
vn -0.1362 0.3163 -0.9388
vn -0.6515 0.4209 -0.6312
vn -0.4733 0.3148 -0.8227
vn -0.2586 0.1844 -0.9482
vn -0.6864 0.3738 -0.6237
vn -0.5025 0.2829 -0.8170
vn -0.2765 0.1684 -0.9461
vn 0.6061 -0.3890 -0.6937
vn 0.6303 -0.3586 -0.6886
vn 0.4401 -0.2739 -0.8552
vn 0.4597 -0.2527 -0.8514
vn 0.2456 -0.1411 -0.9590
vn 0.2579 -0.1296 -0.9575
vn 0.9063 -0.0514 -0.4194
vn 0.6842 -0.0295 -0.7287
vn 0.3687 -0.0034 -0.9295
vn 0.7303 -0.1840 -0.6579
vn 0.5364 -0.1282 -0.8342
vn 0.3071 -0.0639 -0.9495
vn -0.7050 0.3509 -0.6163
vn -0.5206 0.2680 -0.8107
vn -0.2895 0.1613 -0.9435
vn 0.6475 -0.3373 -0.6833
vn 0.4762 -0.2395 -0.8461
vn 0.2688 -0.1232 -0.9553
vn -0.8006 0.4858 -0.3508
vn 0.8806 0.4515 0.1439
vn 0.8809 0.4507 0.1443
vn -0.7985 0.4886 -0.3517
vn 0.2699 0.9505 -0.1540
vn 0.2703 0.9504 -0.1539
vn 0.2698 0.9505 -0.1542
vn 0.8563 0.5011 0.1251
vn -0.4754 0.8122 -0.3382
vn -0.4761 0.8123 -0.3370
vn -0.9448 -0.2484 -0.2134
vn -0.9449 -0.2484 -0.2134
vn -0.5306 -0.8458 0.0548
vn -0.1190 -0.9756 0.1845
vn -0.0005 -0.3635 -0.9316
vn -0.0009 -0.6945 -0.7195
vn -0.0012 -0.9175 -0.3978
vn 0.9129 -0.4082 -0.0079
vn 0.3697 -0.9290 -0.0134
vn 0.6837 -0.7297 -0.0106
vn -0.6853 0.2301 0.6909
vn -0.6576 -0.0383 0.7524
vn -0.2859 -0.9183 0.2739
vn -0.7058 0.0136 0.7083
vn 0.9243 0.0070 -0.3817
vn 0.7060 0.0144 -0.7080
vn 0.7171 0.0985 -0.6900
vn 0.3810 0.0196 -0.9244
vn -0.6855 0.6779 0.2658
vn -0.7538 0.6567 0.0230
vn -0.3585 0.3762 -0.8544
vn -0.5783 0.7920 0.1957
vn -0.6589 0.7522 0.0100
vn -0.7077 0.7045 0.0531
vn -0.2428 0.6118 -0.7528
vn -0.1641 0.7841 0.5986
vn -0.2175 0.6752 0.7048
vn 0.0281 0.7343 0.6782
vn 0.6826 0.5047 0.5285
vn 0.8825 0.4159 0.2197
vn 0.7926 0.5582 0.2453
vn 0.9796 0.1405 0.1439
vn 0.0189 0.6922 0.7215
vn 0.0023 0.9241 -0.3822
vn 0.0017 0.7007 -0.7135
vn 0.0014 0.5822 -0.8130
vn 0.0009 0.3820 -0.9242
vn 0.1143 0.0205 -0.9932
vn 0.0011 0.4722 -0.8815
vn -0.1117 0.1612 -0.9806
vn -0.0663 -0.0797 -0.9946
vn -0.3641 0.0206 -0.9311
vn -0.3878 0.0206 -0.9215
vn -0.6864 0.0164 -0.7271
vn -0.8949 0.0103 -0.4462
vn -0.9154 0.0094 -0.4024
vn -0.6712 0.0168 -0.7411
vn 0.3164 -0.2977 -0.9007
vn 0.3311 -0.3124 -0.8904
vn 0.5445 -0.5321 -0.6484
vn 0.4909 -0.4760 -0.7297
vn 0.6682 -0.6628 -0.3381
vn 0.4669 -0.4518 -0.7602
vn 0.4034 0.9148 0.0210
vn 0.7091 0.7049 0.0144
vn 0.9221 0.3870 0.0056
vn 0.5240 0.8515 0.0189
vn 0.7970 0.6038 0.0117
vn 0.9891 -0.0168 -0.1465
vn 0.3969 -0.0204 0.9176
vn 0.6538 -0.0171 0.7564
vn 0.7214 -0.0157 0.6923
vn 0.8850 -0.0107 0.4656
vn 0.9283 -0.0088 0.3717
vn 0.9924 -0.1076 0.0598
vn 0.8917 -0.3077 -0.3319
vn 0.7514 -0.4534 -0.4794
vn 0.5904 -0.5514 -0.5895
vn 0.6627 -0.5123 -0.5463
vn 0.2030 -0.6706 -0.7135
vn 0.8053 -0.4068 -0.4312
vn 0.3764 -0.6331 -0.6764
vn 0.1393 -0.9897 -0.0333
vn -0.0040 -0.9385 0.3453
vn -0.0038 -0.8315 0.5555
vn -0.0036 -0.7482 0.6634
vn -0.0030 -0.5637 0.8260
vn -0.0026 -0.4381 0.8989
vn -0.1096 -0.9864 0.1223
vn -0.3023 -0.9532 -0.0108
vn -0.6084 -0.7936 0.0096
vn -0.8340 -0.5517 -0.0011
vn -0.0394 -0.9943 -0.0986
vn 0.3290 -0.8788 -0.3456
vn 0.3623 -0.8517 -0.3786
vn 0.6596 -0.3465 -0.6670
vn 0.6847 -0.2314 -0.6911
vn 0.6978 -0.1423 -0.7020
vn 0.3863 -0.8300 -0.4023
vn 0.4747 -0.7317 -0.4892
vn 0.6863 -0.2239 -0.6920
vn 0.0010 0.4034 -0.9150
vn 0.0018 0.7228 -0.6910
vn 0.0024 0.9320 -0.3625
vn -0.9242 0.0089 -0.3819
vn -0.7072 0.0159 -0.7068
vn -0.3825 0.0205 -0.9237
vn 0.6525 -0.6458 -0.3965
vn 0.4990 -0.4849 -0.7182
vn 0.2701 -0.2507 -0.9296
vn 0.9260 0.3775 0.0084
vn 0.7222 0.6915 0.0156
vn 0.4150 0.9096 0.0205
vn 0.9240 -0.0090 0.3822
vn 0.7064 -0.0160 0.7077
vn 0.3825 -0.0205 0.9237
vn 0.2477 -0.6686 -0.7012
vn 0.6449 -0.5276 -0.5529
vn 0.9128 -0.2827 -0.2946
vn -0.0005 -0.4179 0.9085
vn -0.0009 -0.7298 0.6837
vn -0.0012 -0.9339 0.3575
vn -0.8520 -0.5234 -0.0121
vn -0.6390 -0.7690 -0.0180
vn -0.3546 -0.9347 -0.0221
vn 0.6855 -0.2214 -0.6936
vn 0.5413 -0.6281 -0.5590
vn 0.2874 -0.9059 -0.3111
vn -0.3812 0.9243 0.0202
vn -0.7064 0.7076 0.0155
vn -0.7058 0.7082 0.0155
vn -0.9242 0.3818 0.0084
vn 0.5804 -0.8141 -0.0177
vn 0.5221 -0.8467 -0.1031
vn 0.1996 -0.9798 -0.0120
vn -0.8286 -0.5599 -0.0023
vn -0.3884 -0.9215 -0.0077
vn -0.8367 -0.5477 -0.0025
vn -0.9875 -0.1574 -0.0034
vn -0.3832 -0.9234 -0.0203
vn -0.3844 -0.9232 -0.0077
vn -0.9867 -0.1628 -0.0035
vn 0.0218 0.9913 -0.1302
vn -0.1703 0.7754 -0.6081
vn -0.1706 0.7748 -0.6088
vn -0.3460 0.0175 -0.9381
vn -0.3495 -0.3105 -0.8840
vn -0.3516 -0.2416 -0.9044
vn 0.0215 0.9912 -0.1306
vn -0.1704 0.7751 -0.6085
vn -0.1831 0.0425 -0.9822
vn -0.0001 -0.2135 0.9769
vn 0.1471 -0.1854 0.9716
vn 0.0091 -0.9323 0.3616
vn 0.1032 -0.9273 0.3597
vn -0.0003 -0.4014 0.9159
vn -0.0105 -0.9336 0.3583
vn -0.0009 -0.9127 -0.4086
vn -0.9225 -0.0082 0.3859
vn -0.7055 -0.0160 0.7085
vn -0.7040 -0.0160 0.7100
vn -0.3823 -0.0214 0.9238
vn 0.3759 0.0020 0.9267
vn 0.8035 0.1967 -0.5618
vn 0.9087 0.1988 -0.3670
vn 0.9047 0.1576 0.3958
vn 0.9048 0.1577 0.3956
vn 0.1644 -0.0399 0.9856
vn 0.1662 0.9859 0.0217
vn 0.2305 0.9710 -0.0635
vn 0.5508 0.8342 0.0277
vn 0.9840 -0.1782 0.0058
vn 0.9267 0.3753 0.0207
vn 0.9814 -0.1921 0.0050
vn 0.8093 -0.5872 -0.0128
vn 0.9250 0.3793 0.0208
vn 0.9237 0.3831 0.0084
vn 0.0003 0.3623 0.9321
vn 0.0005 0.6911 0.7228
vn 0.0006 0.6903 0.7235
vn 0.0007 0.9144 0.4047
vn 0.5925 0.1367 -0.7939
vn 0.1266 -0.1699 -0.9773
vn -0.2549 -0.3159 -0.9139
vn 0.1382 -0.1648 -0.9766
vn -0.6087 -0.4474 -0.6553
vn -0.2555 -0.3122 -0.9150
vn -0.6007 -0.4452 -0.6641
vn -0.5350 -0.6103 -0.5842
vn -0.8643 -0.4757 -0.1635
vn 0.3209 0.9053 -0.2782
vn 0.3033 0.9056 -0.2966
vn 0.4697 0.7721 -0.4280
vn 0.4421 0.7740 -0.4533
vn 0.6576 0.2634 -0.7058
vn 0.7184 0.0041 -0.6956
vn 0.6765 0.0066 -0.7364
vn 0.3373 0.9046 -0.2608
vn 0.4926 0.7719 -0.4019
vn 0.6986 0.2606 -0.6663
vn 0.7555 0.0063 -0.6551
vn -0.2710 0.9049 0.3282
vn -0.2518 0.9040 0.3454
vn -0.4142 0.7743 0.4785
vn -0.5937 0.3083 0.7433
vn -0.6740 0.0632 0.7360
vn -0.6369 0.3112 0.7054
vn -0.2300 0.9038 0.3610
vn -0.3840 0.7737 0.5039
vn -0.5448 0.3074 0.7802
vn -0.6274 0.0634 0.7761
vn 0.2642 0.9060 -0.3307
vn 0.2838 0.9060 -0.3140
vn 0.3858 0.7733 -0.5031
vn 0.6137 0.2629 -0.7445
vn 0.5850 0.0068 -0.8110
vn 0.5688 0.2617 -0.7798
vn 0.4143 0.7739 -0.4790
vn 0.6312 0.0069 -0.7756
vn -0.2891 0.9052 0.3116
vn -0.3055 0.9051 0.2958
vn -0.4410 0.7752 0.4523
vn -0.4661 0.7743 0.4281
vn -0.7126 0.3134 0.6277
vn -0.7166 0.0699 0.6940
vn -0.7540 0.0666 0.6535
vn -0.6775 0.3127 0.6658
vn -0.3210 0.9052 0.2785
vn -0.3369 0.9054 0.2582
vn -0.4896 0.7741 0.4013
vn -0.5151 0.7728 0.3706
vn -0.7803 0.3134 0.5412
vn -0.7890 0.0713 0.6103
vn -0.8250 0.0754 0.5602
vn -0.7462 0.3128 0.5877
vn 0.3532 0.9036 -0.2423
vn 0.5137 0.7724 -0.3736
vn 0.7341 0.2621 -0.6264
vn 0.7910 0.0063 -0.6118
vn 0.3701 0.9020 -0.2223
vn 0.5374 0.7697 -0.3445
vn 0.7690 0.2595 -0.5842
vn 0.8255 0.0071 -0.5643
vn 0.3875 0.8995 -0.2020
vn 0.5616 0.7649 -0.3155
vn 0.8028 0.2579 -0.5376
vn 0.8578 0.0085 -0.5140
vn 0.4057 0.8953 -0.1840
vn 0.5862 0.7564 -0.2902
vn 0.8337 0.2583 -0.4881
vn 0.8843 0.0213 -0.4664
vn -0.3554 0.9041 0.2373
vn -0.3716 0.9017 0.2211
vn -0.5411 0.7709 0.3361
vn -0.5631 0.7659 0.3104
vn -0.8354 0.3200 0.4469
vn -0.8601 0.0796 0.5038
vn -0.8841 0.0864 0.4592
vn -0.8130 0.3164 0.4888
vn 0.3376 0.9410 0.0226
vn 0.6008 0.7992 0.0195
vn 0.8110 0.5849 0.0145
vn 0.4141 0.8943 -0.1694
vn 0.5943 0.7594 -0.2650
vn 0.8579 0.2666 -0.4393
vn 0.9005 0.0628 -0.4303
vn 0.8674 0.2931 -0.4021
vn -0.3780 0.9012 0.2122
vn -0.7303 0.5715 0.3743
vn -0.8920 0.1096 0.4386
vn -0.2032 0.9019 0.3812
vn -0.3520 0.7714 0.5301
vn -0.4819 0.3036 0.8219
vn -0.5754 0.0633 0.8154
vn -0.1804 0.8971 0.4033
vn -0.3101 0.7648 0.5647
vn -0.4222 0.2978 0.8562
vn -0.5062 0.0610 0.8603
vn 0.2262 0.9032 -0.3648
vn 0.2440 0.9059 -0.3461
vn 0.3326 0.7679 -0.5474
vn 0.5216 0.2634 -0.8115
vn 0.4924 0.0084 -0.8703
vn 0.4756 0.2576 -0.8411
vn 0.3564 0.7735 -0.5241
vn 0.5375 0.0089 -0.8432
vn 0.0031 0.9335 -0.3586
vn -0.0063 0.7194 -0.6945
vn -0.0144 0.3845 -0.9230
vn 0.1251 0.8981 -0.4216
vn 0.2070 0.5511 -0.8083
vn 0.2189 0.0629 -0.9737
vn -0.1699 0.8914 0.4201
vn -0.2705 0.7570 0.5948
vn -0.3909 0.2846 0.8753
vn -0.4401 0.0550 0.8963
vn -0.4075 0.0477 0.9120
vn -0.2560 0.7462 0.6145
vn -0.3842 0.2854 0.8780
vn 0.2162 0.8990 -0.3808
vn 0.4452 0.2398 -0.8627
vn 0.3159 0.7604 -0.5675
vn 0.4598 0.0020 -0.8880
vn 0.4828 -0.6809 -0.5507
vn 0.5135 -0.6817 -0.5211
vn 0.3449 -0.8460 -0.4067
vn 0.3676 -0.8463 -0.3855
vn 0.1860 -0.9534 -0.2377
vn 0.1985 -0.9538 -0.2255
vn 0.5415 -0.6813 -0.4926
vn 0.3879 -0.8465 -0.3647
vn 0.2101 -0.9539 -0.2141
vn -0.4892 -0.6534 0.5777
vn -0.5241 -0.6533 0.5464
vn -0.3595 -0.8380 0.4106
vn -0.3849 -0.8374 0.3881
vn -0.2027 -0.9559 0.2128
vn -0.2166 -0.9554 0.2006
vn -0.4502 -0.6533 0.6087
vn -0.3308 -0.8388 0.4323
vn -0.1873 -0.9562 0.2250
vn 0.4495 -0.6802 -0.5791
vn 0.4163 -0.6782 -0.6056
vn 0.3215 -0.8446 -0.4281
vn 0.2975 -0.8434 -0.4474
vn 0.1730 -0.9527 -0.2498
vn 0.1597 -0.9522 -0.2604
vn -0.5855 -0.6502 0.4841
vn -0.5580 -0.6501 0.5158
vn -0.4304 -0.8347 0.3437
vn -0.4089 -0.8363 0.3653
vn -0.2423 -0.9539 0.1772
vn -0.2305 -0.9546 0.1889
vn -0.6465 -0.6383 0.4178
vn -0.6160 -0.6437 0.4540
vn -0.4740 -0.8292 0.2962
vn -0.4515 -0.8324 0.3213
vn -0.2655 -0.9521 0.1518
vn -0.2541 -0.9529 0.1653
vn 0.5685 -0.6810 -0.4617
vn 0.4093 -0.8450 -0.3441
vn 0.2224 -0.9537 -0.2027
vn 0.5978 -0.6772 -0.4290
vn 0.4306 -0.8442 -0.3193
vn 0.2351 -0.9535 -0.1886
vn 0.6275 -0.6721 -0.3932
vn 0.4569 -0.8404 -0.2915
vn 0.2545 -0.9522 -0.1692
vn 0.6607 -0.6574 -0.3624
vn 0.4928 -0.8287 -0.2655
vn 0.2890 -0.9456 -0.1495
vn -0.7027 -0.6194 0.3501
vn -0.6772 -0.6314 0.3778
vn -0.5133 -0.8195 0.2549
vn -0.4962 -0.8247 0.2713
vn -0.2780 -0.9508 0.1370
vn -0.2740 -0.9513 0.1413
vn 0.8258 -0.5634 -0.0248
vn 0.4926 -0.8698 -0.0275
vn 0.9906 -0.1361 -0.0170
vn 0.7043 -0.6162 -0.3525
vn 0.5451 -0.7969 -0.2603
vn 0.3483 -0.9253 -0.1501
vn -0.7251 -0.5975 0.3422
vn -0.5262 -0.8126 0.2506
vn -0.2717 -0.9532 0.1325
vn -0.3985 -0.6524 0.6446
vn -0.2943 -0.8379 0.4596
vn -0.1676 -0.9563 0.2394
vn -0.3509 -0.6449 0.6790
vn -0.2618 -0.8325 0.4882
vn -0.1513 -0.9545 0.2572
vn 0.3831 -0.6744 -0.6312
vn 0.3519 -0.6693 -0.6544
vn 0.2736 -0.8410 -0.4668
vn 0.2518 -0.8371 -0.4857
vn 0.1466 -0.9511 -0.2720
vn 0.1344 -0.9494 -0.2837
vn 0.0352 -0.4077 -0.9124
vn 0.0207 -0.7425 -0.6695
vn 0.0057 -0.9199 -0.3921
vn 0.1753 -0.6206 -0.7643
vn 0.1545 -0.8134 -0.5608
vn 0.0677 -0.9410 -0.3316
vn -0.3279 -0.6368 0.6978
vn -0.2469 -0.8260 0.5068
vn -0.1439 -0.9520 0.2701
vn 0.3308 -0.6627 -0.6719
vn 0.2379 -0.8318 -0.5015
vn 0.1278 -0.9471 -0.2943
vn -0.4609 -0.3734 0.8051
vn -0.4709 0.1604 -0.8675
vn -0.4698 0.1603 -0.8681
vn -0.5993 -0.3798 0.7047
vn -0.5215 0.1397 -0.8417
vn 0.1100 0.3004 0.9475
vn 0.1098 0.3001 0.9476
vn 0.1102 0.3001 0.9475
vn -0.8419 -0.2068 0.4984
vn 0.1116 0.3017 0.9469
vn 0.1098 0.3008 0.9473
vn 0.9117 0.3974 0.1042
vn 0.9378 -0.1391 -0.3181
vn 0.9736 -0.0372 -0.2252
vn 0.9898 0.0635 -0.1275
vn -0.8368 -0.3833 -0.3910
vn -0.8377 -0.3986 -0.3733
vn -0.6753 -0.5137 -0.5292
vn -0.6769 -0.5372 -0.5032
vn -0.1242 -0.7199 -0.6829
vn 0.1334 -0.6774 -0.7234
vn 0.1350 -0.7195 -0.6812
vn -0.8372 -0.3637 -0.4083
vn -0.6777 -0.4840 -0.5536
vn -0.1251 -0.6802 -0.7223
vn 0.1313 -0.6369 -0.7597
vn -0.9561 0.2098 0.2046
vn -0.9553 0.2294 0.1862
vn -0.8559 0.3725 0.3586
vn -0.4397 0.6901 0.5748
vn -0.2032 0.7104 0.6738
vn -0.4398 0.6514 0.6183
vn -0.9561 0.2423 0.1647
vn -0.8551 0.4007 0.3289
vn -0.4389 0.7283 0.5262
vn -0.2032 0.7517 0.6274
vn -0.8368 -0.4333 -0.3347
vn -0.8373 -0.4167 -0.3540
vn -0.6759 -0.5862 -0.4466
vn -0.1223 -0.7606 -0.6376
vn 0.1344 -0.7952 -0.5913
vn -0.1237 -0.7937 -0.5956
vn -0.6770 -0.5616 -0.4757
vn 0.1361 -0.7589 -0.6368
vn -0.9551 0.1962 0.2221
vn -0.9549 0.1764 0.2386
vn -0.8538 0.3508 0.3846
vn -0.8533 0.3221 0.4100
vn -0.4397 0.5722 0.6923
vn -0.2031 0.6683 0.7156
vn -0.2036 0.6272 0.7518
vn -0.4398 0.6115 0.6578
vn -0.9540 0.1605 0.2533
vn -0.9526 0.1398 0.2701
vn -0.8516 0.2961 0.4325
vn -0.8484 0.2650 0.4582
vn -0.4357 0.4849 0.7583
vn -0.2035 0.5832 0.7864
vn -0.2031 0.5333 0.8212
vn -0.4379 0.5319 0.7248
vn -0.8376 -0.3438 -0.4246
vn -0.6777 -0.4562 -0.5767
vn -0.1270 -0.6394 -0.7584
vn 0.1286 -0.5940 -0.7941
vn -0.8362 -0.3256 -0.4414
vn -0.6754 -0.4281 -0.6005
vn -0.1279 -0.5979 -0.7913
vn 0.1250 -0.5462 -0.8283
vn -0.8352 -0.3040 -0.4583
vn -0.6732 -0.3975 -0.6235
vn -0.1297 -0.5517 -0.8239
vn 0.1207 -0.4959 -0.8600
vn -0.8316 -0.2850 -0.4768
vn -0.6677 -0.3711 -0.6454
vn -0.1300 -0.5012 -0.8555
vn 0.1207 -0.4477 -0.8860
vn -0.9503 0.1203 0.2873
vn -0.9465 0.1038 0.3056
vn -0.8431 0.2320 0.4851
vn -0.8356 0.2072 0.5087
vn -0.4246 0.3918 0.8162
vn -0.2006 0.4757 0.8564
vn -0.1977 0.4311 0.8804
vn -0.4302 0.4332 0.7920
vn -0.8305 -0.1923 -0.5227
vn -0.8849 -0.0826 -0.4584
vn -0.4451 -0.2328 -0.8647
vn -0.6381 -0.0549 -0.7680
vn 0.0417 -0.1981 -0.9793
vn -0.2836 -0.0183 -0.9588
vn -0.9463 -0.1790 -0.2692
vn -0.6577 -0.3499 -0.6671
vn -0.1244 -0.4523 -0.8831
vn 0.1224 -0.4124 -0.9027
vn -0.6491 -0.3438 -0.6786
vn -0.1110 -0.4174 -0.9019
vn -0.9439 0.0974 0.3157
vn -0.8310 0.1982 0.5197
vn -0.1931 0.4125 0.8903
vn -0.4185 0.3718 0.8286
vn -0.9540 0.2666 0.1372
vn -0.8565 0.4217 0.2974
vn -0.4369 0.7703 0.4644
vn -0.2038 0.7917 0.5759
vn -0.9513 0.2856 0.1159
vn -0.8494 0.4625 0.2542
vn -0.4281 0.8071 0.4066
vn -0.2031 0.8375 0.5073
vn -0.8321 -0.4687 -0.2966
vn -0.8359 -0.4496 -0.3150
vn -0.6667 -0.6332 -0.3932
vn -0.1210 -0.8283 -0.5470
vn 0.1350 -0.8561 -0.4989
vn -0.1158 -0.8569 -0.5023
vn -0.6742 -0.6084 -0.4188
vn 0.1341 -0.8285 -0.5436
vn -0.8796 -0.4694 -0.0766
vn -0.6276 -0.7766 -0.0539
vn -0.2686 -0.9630 -0.0224
vn -0.8282 -0.5249 -0.1964
vn -0.4308 -0.8657 -0.2548
vn 0.0741 -0.9701 -0.2311
vn -0.9462 0.3059 0.1056
vn -0.8437 0.4905 0.2182
vn -0.4187 0.8267 0.3758
vn -0.1966 0.8753 0.4419
vn -0.1884 0.8921 0.4106
vn -0.8311 0.5175 0.2036
vn -0.4205 0.8296 0.3674
vn -0.8274 -0.4830 -0.2866
vn -0.1015 -0.8773 -0.4692
vn -0.6614 -0.6476 -0.3785
vn 0.1409 -0.8735 -0.4661
vn 0.7767 -0.4564 -0.4340
vn 0.7772 -0.4237 -0.4651
vn 0.9118 -0.2974 -0.2832
vn 0.9123 -0.2723 -0.3058
vn 0.9863 -0.1178 -0.1154
vn 0.9861 -0.1054 -0.1282
vn 0.7737 -0.3985 -0.4924
vn 0.9107 -0.2532 -0.3265
vn 0.9859 -0.0932 -0.1390
vn 0.5404 0.6437 0.5419
vn 0.5411 0.6113 0.5775
vn 0.7532 0.5022 0.4248
vn 0.7537 0.4792 0.4499
vn 0.9051 0.3234 0.2762
vn 0.9054 0.3106 0.2895
vn 0.5396 0.6751 0.5032
vn 0.7528 0.5255 0.3965
vn 0.9052 0.3356 0.2608
vn 0.7774 -0.4838 -0.4020
vn 0.7753 -0.5122 -0.3694
vn 0.9127 -0.3150 -0.2602
vn 0.9116 -0.3361 -0.2366
vn 0.9863 -0.1292 -0.1024
vn 0.9864 -0.1378 -0.0894
vn 0.5388 0.5491 0.6389
vn 0.5389 0.5821 0.6089
vn 0.7524 0.4339 0.4956
vn 0.7525 0.4573 0.4739
vn 0.9048 0.2868 0.3147
vn 0.9052 0.2977 0.3033
vn 0.5337 0.4803 0.6961
vn 0.5369 0.5175 0.6663
vn 0.7491 0.3856 0.5387
vn 0.7509 0.4119 0.5163
vn 0.9039 0.2605 0.3392
vn 0.9045 0.2745 0.3264
vn 0.7718 -0.3662 -0.5198
vn 0.9090 -0.2312 -0.3467
vn 0.9851 -0.0816 -0.1515
vn 0.7669 -0.3335 -0.5483
vn 0.9063 -0.2079 -0.3680
vn 0.9840 -0.0692 -0.1642
vn 0.7601 -0.2994 -0.5768
vn 0.9020 -0.1853 -0.3899
vn 0.9827 -0.0565 -0.1761
vn 0.7522 -0.2668 -0.6025
vn 0.8970 -0.1604 -0.4118
vn 0.9809 -0.0433 -0.1898
vn 0.5218 0.4057 0.7505
vn 0.5290 0.4385 0.7266
vn 0.7405 0.3339 0.5832
vn 0.7454 0.3566 0.5632
vn 0.9010 0.2335 0.3656
vn 0.9027 0.2454 0.3534
vn 0.4977 -0.0054 -0.8673
vn 0.7119 -0.1072 -0.6940
vn 0.7850 0.0357 -0.6184
vn 0.8754 -0.0467 -0.4811
vn 0.9556 0.0715 -0.2859
vn 0.9726 0.0181 -0.2319
vn 0.7442 -0.2440 -0.6218
vn 0.8907 -0.1472 -0.4302
vn 0.9787 -0.0359 -0.2020
vn 0.5173 0.3904 0.7616
vn 0.7360 0.3234 0.5947
vn 0.8989 0.2275 0.3745
vn 0.5372 0.7120 0.4522
vn 0.7508 0.5533 0.3606
vn 0.9048 0.3506 0.2415
vn 0.5293 0.7459 0.4043
vn 0.7445 0.5813 0.3284
vn 0.9015 0.3692 0.2257
vn 0.7727 -0.5382 -0.3365
vn 0.7688 -0.5613 -0.3063
vn 0.9092 -0.3578 -0.2131
vn 0.9062 -0.3768 -0.1921
vn 0.9853 -0.1526 -0.0765
vn 0.9844 -0.1636 -0.0646
vn 0.5057 -0.8626 -0.0132
vn 0.7904 -0.6121 0.0255
vn 0.9584 -0.2789 0.0605
vn 0.7367 -0.6631 -0.1327
vn 0.8893 -0.4522 -0.0682
vn 0.9769 -0.2139 0.0007
vn 0.5204 0.7644 0.3807
vn 0.7374 0.5986 0.3130
vn 0.8998 0.3779 0.2179
vn 0.7622 -0.5810 -0.2854
vn 0.9014 -0.3943 -0.1787
vn 0.9829 -0.1746 -0.0581
vn 0.2468 0.7415 0.6240
vn 0.2409 0.8307 0.5018
vn 0.1090 -0.2493 0.9623
vn -0.1471 -0.9694 0.1966
vn 0.2358 0.5068 0.8292
vn 0.2359 0.5119 0.8260
vn 0.1367 0.9588 -0.2491
vn 0.1370 0.9589 -0.2486
vn 0.1368 0.9588 -0.2490
vn -0.0467 0.5185 -0.8538
vn -0.1320 0.0954 -0.9867
vn -0.0615 0.4625 -0.8845
vn 0.0382 0.4385 0.8979
vn 0.0631 -0.6185 0.7832
vn 0.0631 -0.6186 0.7832
vn -0.8856 0.4539 -0.0981
vn -0.8898 0.4552 0.0324
vn -0.6562 0.5696 0.4949
vn -0.3992 -0.9164 -0.0293
vn 0.2280 0.7711 0.5945
vn 0.7018 0.6825 0.2041
vn -0.4945 -0.8271 -0.2673
vn -0.5170 -0.3258 -0.7915
vn 0.3251 -0.8810 0.3438
vn -0.4226 -0.9001 0.1063
vn -0.4327 0.1365 -0.8912
vn 0.7014 -0.4285 0.5696
vn 0.3447 -0.7577 0.5541
vn -0.2770 -0.6549 -0.7031
vn 0.8662 0.2480 -0.4338
vn 0.4176 -0.8921 0.1724
vn 0.8590 0.3702 -0.3536
vn 0.9166 -0.2693 0.2957
vn 0.1050 -0.4942 0.8630
vn -0.6194 -0.2870 0.7307
vn 0.8094 0.1734 -0.5611
vn 0.7985 0.4791 0.3645
vn 0.0401 0.6875 -0.7251
vn -0.0297 -0.2872 -0.9574
vn 0.9664 0.0861 0.2422
vn 0.8067 -0.4032 -0.4321
vn 0.7894 -0.4181 -0.4495
vn 0.6798 -0.2599 -0.6859
vn -0.2708 0.2227 -0.9365
vn 0.1114 0.3010 0.9471
vn 0.9140 0.3950 0.0929
vn -0.0617 0.4614 -0.8851
vt 0.507393 0.739371
vt 0.507024 0.736558
vt 0.508710 0.737416
vt 0.459957 0.825867
vt 0.461631 0.816678
vt 0.461788 0.825843
vt 0.508252 0.734523
vt 0.507698 0.731528
vt 0.509381 0.732418
vt 0.479681 0.797548
vt 0.478409 0.788645
vt 0.480235 0.788654
vt 0.511270 0.728096
vt 0.513674 0.726891
vt 0.512942 0.729001
vt 0.460358 0.834997
vt 0.462193 0.834973
vt 0.479924 0.835309
vt 0.478998 0.845432
vt 0.478097 0.835365
vt 0.479256 0.816319
vt 0.477522 0.806835
vt 0.479346 0.806822
vt 0.512066 0.731157
vt 0.511052 0.733305
vt 0.508715 0.729357
vt 0.510393 0.730258
vt 0.479180 0.780015
vt 0.481011 0.780035
vt 0.462551 0.773604
vt 0.463417 0.781787
vt 0.461587 0.781799
vt 0.460844 0.790077
vt 0.462120 0.798609
vt 0.460295 0.798622
vt 0.480254 0.771041
vt 0.482083 0.771070
vt 0.481968 0.759262
vt 0.483770 0.759284
vt 0.465325 0.756662
vt 0.465629 0.765285
vt 0.463776 0.765279
vt 0.512006 0.725982
vt 0.514269 0.724811
vt 0.484367 0.742850
vt 0.486141 0.742837
vt 0.486747 0.723848
vt 0.488544 0.723938
vt 0.467191 0.747792
vt 0.467191 0.756696
vt 0.513085 0.721749
vt 0.515094 0.720582
vt 0.514739 0.722724
vt 0.460980 0.844136
vt 0.462824 0.844113
vt 0.461863 0.853601
vt 0.463721 0.853570
vt 0.482640 0.859216
vt 0.483729 0.879442
vt 0.480830 0.859297
vt 0.506562 0.733647
vt 0.463096 0.863661
vt 0.464969 0.863602
vt 0.464726 0.874111
vt 0.466580 0.873887
vt 0.485519 0.879395
vt 0.486799 0.903201
vt 0.503807 0.740911
vt 0.503882 0.737787
vt 0.505645 0.738580
vt 0.463458 0.816656
vt 0.463618 0.825819
vt 0.469932 0.798088
vt 0.464736 0.790030
vt 0.470474 0.789359
vt 0.477859 0.797551
vt 0.476581 0.788638
vt 0.477100 0.780019
vt 0.472266 0.772326
vt 0.478178 0.771045
vt 0.464028 0.834948
vt 0.464668 0.844087
vt 0.477429 0.816342
vt 0.475785 0.825909
vt 0.475602 0.816365
vt 0.475697 0.806848
vt 0.477613 0.825874
vt 0.476267 0.835421
vt 0.461752 0.807533
vt 0.462669 0.790063
vt 0.463944 0.798595
vt 0.464494 0.790049
vt 0.478424 0.771010
vt 0.476334 0.788657
vt 0.471229 0.780904
vt 0.464390 0.773597
vt 0.465247 0.781776
vt 0.466228 0.773594
vt 0.482598 0.742859
vt 0.473808 0.762299
vt 0.479918 0.759315
vt 0.467479 0.765296
vt 0.469049 0.747980
vt 0.469050 0.756733
vt 0.484892 0.723966
vt 0.464270 0.834954
vt 0.469643 0.825865
vt 0.470084 0.835184
vt 0.477161 0.845510
vt 0.479019 0.859380
vt 0.465577 0.853535
vt 0.466833 0.863541
vt 0.470847 0.844791
vt 0.465827 0.853600
vt 0.464912 0.844104
vt 0.481940 0.879492
vt 0.484925 0.903093
vt 0.468394 0.873660
vt 0.479437 0.825837
vt 0.473480 0.889997
vt 0.474943 0.889261
vt 0.476418 0.888523
vt 0.475539 0.825910
vt 0.476020 0.835417
vt 0.476034 0.797554
vt 0.475357 0.816370
vt 0.501334 0.743813
vt 0.501656 0.740524
vt 0.509930 0.735395
vt 0.478769 0.859311
vt 0.474577 0.871433
vt 0.472284 0.856425
vt 0.514365 0.712400
vt 0.513592 0.708627
vt 0.514766 0.712254
vt 0.514044 0.708597
vt 0.515167 0.712111
vt 0.465490 0.781752
vt 0.459922 0.807549
vt 0.463860 0.825819
vt 0.469471 0.816515
vt 0.463580 0.807517
vt 0.498660 0.747175
vt 0.498339 0.744473
vt 0.502679 0.745182
vt 0.504314 0.743303
vt 0.468619 0.873598
vt 0.467096 0.863701
vt 0.481683 0.879310
vt 0.476443 0.888135
vt 0.513495 0.719201
vt 0.515352 0.718355
vt 0.510334 0.725070
vt 0.512605 0.723898
vt 0.477347 0.779995
vt 0.469322 0.756563
vt 0.475954 0.749848
vt 0.509596 0.727189
vt 0.510937 0.722981
vt 0.469583 0.807193
vt 0.475451 0.806859
vt 0.480832 0.845354
vt 0.578278 0.806671
vt 0.569734 0.772199
vt 0.578951 0.805973
vt 0.476914 0.845495
vt 0.513894 0.716004
vt 0.515545 0.716179
vt 0.512466 0.713616
vt 0.514338 0.712487
vt 0.482344 0.743037
vt 0.477703 0.736286
vt 0.484603 0.724530
vt 0.471081 0.748244
vt 0.498618 0.747254
vt 0.494771 0.749647
vt 0.494499 0.749296
vt 0.505938 0.741320
vt 0.498794 0.747638
vt 0.495058 0.749995
vt 0.467732 0.765220
vt 0.459801 0.816699
vt 0.475788 0.797569
vt 0.466474 0.773560
vt 0.474769 0.734396
vt 0.511428 0.720769
vt 0.480166 0.759236
vt 0.476224 0.735142
vt 0.470863 0.748171
vt 0.464185 0.798581
vt 0.463822 0.807508
vt 0.463699 0.816651
vt 0.505325 0.735695
vt 0.511898 0.717808
vt 0.534247 0.738723
vt 0.499179 0.795322
vt 0.536685 0.723097
vt 0.537321 0.836964
vt 0.505328 0.863593
vt 0.536870 0.836387
vt 0.505801 0.862439
vt 0.536419 0.835809
vt 0.559513 0.810351
vt 0.531735 0.803726
vt 0.543572 0.784531
vt 0.650266 0.848754
vt 0.592187 0.889049
vt 0.590661 0.884509
vt 0.562378 0.730692
vt 0.568875 0.772381
vt 0.608954 0.833105
vt 0.645642 0.848906
vt 0.608661 0.833950
vt 0.517866 0.800419
vt 0.527647 0.758736
vt 0.656787 0.819410
vt 0.624673 0.758176
vt 0.669733 0.830006
vt 0.524835 0.883343
vt 0.550519 0.849159
vt 0.527151 0.882240
vt 0.611292 0.802516
vt 0.609781 0.771956
vt 0.641849 0.800962
vt 0.574749 0.824506
vt 0.551151 0.849905
vt 0.551293 0.718585
vt 0.628196 0.754670
vt 0.509815 0.890108
vt 0.593890 0.894168
vt 0.494685 0.896428
vt 0.666326 0.845467
vt 0.562560 0.730585
vt 0.620532 0.762357
vt 0.563641 0.732204
vt 0.613462 0.814785
vt 0.579055 0.806072
vt 0.613603 0.813901
vt 0.567542 0.812476
vt 0.540195 0.846555
vt 0.538679 0.841642
vt 0.494517 0.794088
vt 0.539464 0.706741
vt 0.578185 0.806878
vt 0.564223 0.771240
vt 0.568715 0.772362
vt 0.621313 0.761528
vt 0.654534 0.817964
vt 0.643717 0.704549
vt 0.631832 0.753845
vt 0.595056 0.719144
vt 0.573010 0.817850
vt 0.540354 0.846696
vt 0.571882 0.813663
vt 0.555409 0.773955
vt 0.552370 0.777338
vt 0.615022 0.819544
vt 0.613493 0.814946
vt 0.559146 0.770075
vt 0.539762 0.706641
vt 0.558945 0.770137
vt 0.609247 0.832256
vt 0.574635 0.823562
vt 0.574377 0.822623
vt 0.524964 0.883526
vt 0.590102 0.883068
vt 0.590561 0.884249
vt 0.499465 0.880288
vt 0.494458 0.896212
vt 0.647483 0.848988
vt 0.649553 0.848899
vt 0.649556 0.848679
vt 0.574914 0.810335
vt 0.616658 0.824782
vt 0.571928 0.813486
vt 0.524301 0.883757
vt 0.545373 0.847612
vt 0.549745 0.848342
vt 0.562939 0.811305
vt 0.683298 0.841444
vt 0.563484 0.732312
vt 0.570597 0.772019
vt 0.562714 0.811327
vt 0.561776 0.811093
vt 0.534132 0.739425
vt 0.504575 0.796406
vt 0.503696 0.796420
vt 0.680493 0.739250
vt 0.692377 0.689955
vt 0.505160 0.863455
vt 0.504589 0.864703
vt 0.552244 0.777434
vt 0.561810 0.810952
vt 0.551447 0.777664
vt 0.616607 0.824991
vt 0.612801 0.828805
vt 0.549889 0.848408
vt 0.574495 0.823601
vt 0.683209 0.841757
vt 0.668608 0.788546
vt 0.652014 0.732548
vt 0.571752 0.813538
vt 0.560873 0.810868
vt 0.505651 0.862352
vt 0.534105 0.741259
vt 0.505450 0.796393
vt 0.579697 0.805398
vt 0.613742 0.813019
vt 0.564585 0.733535
vt 0.619756 0.763179
vt 0.527265 0.882412
vt 0.589646 0.881894
vt 0.574884 0.824468
vt 0.645652 0.849085
vt 0.562087 0.730073
vt 0.621505 0.761331
vt 0.656136 0.819148
vt 0.654432 0.818132
vt 0.653008 0.817235
vt 0.579597 0.805302
vt 0.574247 0.822437
vt 0.574982 0.825702
vt 0.582814 0.853665
vt 0.559851 0.852481
vt 0.586724 0.867627
vt 0.544736 0.879235
vt 0.537384 0.837118
vt 0.504353 0.865538
vt 0.533787 0.826234
vt 0.508085 0.842102
vt 0.560905 0.810733
vt 0.550651 0.777897
vt 0.579208 0.773495
vt 0.577712 0.742949
vt 0.580706 0.804071
vt 0.600099 0.782650
vt 0.609351 0.832126
vt 0.601860 0.840868
vt 0.628712 0.856019
vt 0.529143 0.881341
vt 0.503420 0.796399
vt 0.534349 0.739395
vt 0.534311 0.741248
vt 0.534231 0.742853
vt 0.500159 0.718515
vt 0.500566 0.721330
vt 0.498864 0.720493
vt 0.429492 0.827735
vt 0.431115 0.818447
vt 0.431340 0.827693
vt 0.499365 0.723385
vt 0.499966 0.726377
vt 0.498266 0.725510
vt 0.449246 0.799216
vt 0.448030 0.790304
vt 0.449855 0.790328
vt 0.496432 0.729861
vt 0.494041 0.731081
vt 0.494755 0.728973
vt 0.430006 0.836951
vt 0.431858 0.836900
vt 0.449661 0.836980
vt 0.448907 0.847093
vt 0.447837 0.837062
vt 0.448820 0.817998
vt 0.447064 0.808507
vt 0.448890 0.808494
vt 0.495603 0.726812
vt 0.496578 0.724648
vt 0.498978 0.728568
vt 0.497286 0.727687
vt 0.448887 0.781688
vt 0.450715 0.781730
vt 0.432392 0.774929
vt 0.433065 0.783210
vt 0.431215 0.783187
vt 0.430340 0.791558
vt 0.431574 0.800202
vt 0.429726 0.800210
vt 0.450093 0.772730
vt 0.451899 0.772796
vt 0.452118 0.760866
vt 0.453780 0.761015
vt 0.435880 0.758022
vt 0.435681 0.766523
vt 0.433938 0.766588
vt 0.495711 0.731981
vt 0.493454 0.733156
vt 0.455220 0.744047
vt 0.456563 0.744384
vt 0.459656 0.725000
vt 0.458765 0.724400
vt 0.438032 0.749520
vt 0.437392 0.757680
vt 0.494630 0.736214
vt 0.492615 0.737367
vt 0.492982 0.735234
vt 0.430792 0.846169
vt 0.432653 0.846108
vt 0.431904 0.855703
vt 0.433777 0.855621
vt 0.452869 0.860677
vt 0.454479 0.880520
vt 0.451082 0.860808
vt 0.501071 0.724238
vt 0.433445 0.865802
vt 0.435337 0.865670
vt 0.435583 0.876068
vt 0.437367 0.875783
vt 0.456250 0.880437
vt 0.457797 0.903818
vt 0.503732 0.716943
vt 0.503694 0.720060
vt 0.501920 0.719288
vt 0.432958 0.818415
vt 0.433186 0.827651
vt 0.439459 0.799711
vt 0.434276 0.791552
vt 0.440067 0.790939
vt 0.447422 0.799211
vt 0.446200 0.790280
vt 0.446809 0.781668
vt 0.442132 0.773853
vt 0.448038 0.772694
vt 0.433708 0.836848
vt 0.434511 0.846044
vt 0.446992 0.818030
vt 0.445413 0.827626
vt 0.445162 0.818061
vt 0.445234 0.808520
vt 0.447243 0.827573
vt 0.446007 0.837144
vt 0.431206 0.809219
vt 0.432188 0.791563
vt 0.433419 0.800195
vt 0.434033 0.791569
vt 0.448286 0.772663
vt 0.445953 0.790297
vt 0.440932 0.782460
vt 0.434231 0.774960
vt 0.434911 0.783235
vt 0.436064 0.774993
vt 0.453879 0.743711
vt 0.443921 0.763619
vt 0.450205 0.760781
vt 0.437420 0.766461
vt 0.439235 0.748828
vt 0.438904 0.757340
vt 0.457831 0.723843
vt 0.433952 0.836849
vt 0.439250 0.827639
vt 0.439805 0.836996
vt 0.447080 0.847210
vt 0.449294 0.860943
vt 0.435646 0.855536
vt 0.437203 0.865542
vt 0.440740 0.846622
vt 0.435899 0.855594
vt 0.434757 0.846057
vt 0.452721 0.880606
vt 0.455981 0.903071
vt 0.439117 0.875505
vt 0.449068 0.827520
vt 0.444572 0.891196
vt 0.445979 0.890428
vt 0.447351 0.889656
vt 0.445166 0.827629
vt 0.445760 0.837144
vt 0.445594 0.799206
vt 0.444915 0.818068
vt 0.506190 0.714045
vt 0.505870 0.717317
vt 0.497669 0.722536
vt 0.449046 0.860881
vt 0.445212 0.873029
vt 0.442465 0.858221
vt 0.494464 0.749303
vt 0.493076 0.745800
vt 0.493271 0.745566
vt 0.494240 0.749448
vt 0.492881 0.746034
vt 0.435154 0.783215
vt 0.429359 0.809239
vt 0.433429 0.827648
vt 0.439009 0.818242
vt 0.433050 0.809200
vt 0.508879 0.710713
vt 0.509166 0.713409
vt 0.504848 0.712671
vt 0.503217 0.714553
vt 0.439336 0.875437
vt 0.437470 0.865693
vt 0.452467 0.880436
vt 0.447360 0.889284
vt 0.494203 0.738759
vt 0.492339 0.739589
vt 0.497390 0.732888
vt 0.495116 0.734066
vt 0.447057 0.781646
vt 0.439173 0.757161
vt 0.446423 0.750590
vt 0.498118 0.730755
vt 0.496786 0.734987
vt 0.439094 0.808868
vt 0.444988 0.808531
vt 0.450729 0.846978
vt 0.515648 0.743192
vt 0.515271 0.740373
vt 0.516967 0.741223
vt 0.446834 0.847200
vt 0.493778 0.741949
vt 0.492131 0.741762
vt 0.495182 0.744344
vt 0.493299 0.745457
vt 0.453621 0.743842
vt 0.449046 0.736027
vt 0.457528 0.724232
vt 0.440724 0.747940
vt 0.508922 0.710633
vt 0.512846 0.708270
vt 0.513134 0.708628
vt 0.501600 0.716547
vt 0.455863 0.903112
vt 0.454716 0.904306
vt 0.437672 0.766387
vt 0.429268 0.818478
vt 0.445347 0.799219
vt 0.436309 0.774964
vt 0.491940 0.742171
vt 0.492101 0.741857
vt 0.496284 0.737205
vt 0.450455 0.760716
vt 0.491779 0.742486
vt 0.433662 0.800181
vt 0.433293 0.809190
vt 0.433200 0.818409
vt 0.502280 0.722169
vt 0.495788 0.740164
vt 0.508499 0.935863
vt 0.501284 0.934270
vt 0.508531 0.934416
vt 0.516481 0.738329
vt 0.515883 0.735351
vt 0.517577 0.736209
vt 0.486792 0.919422
vt 0.479751 0.920104
vt 0.479826 0.918671
vt 0.519370 0.731855
vt 0.521741 0.730597
vt 0.521058 0.732720
vt 0.515724 0.935794
vt 0.515752 0.934344
vt 0.516482 0.920397
vt 0.524393 0.921382
vt 0.516477 0.921833
vt 0.501539 0.920370
vt 0.494023 0.921432
vt 0.494072 0.919997
vt 0.520231 0.734893
vt 0.519266 0.737065
vt 0.516851 0.733169
vt 0.518542 0.734032
vt 0.473009 0.919169
vt 0.473098 0.917736
vt 0.467257 0.931975
vt 0.473758 0.931646
vt 0.473692 0.933093
vt 0.480215 0.934012
vt 0.487015 0.933311
vt 0.486964 0.934757
vt 0.466029 0.917955
vt 0.466130 0.916529
vt 0.456913 0.916085
vt 0.457012 0.914683
vt 0.454074 0.928957
vt 0.460850 0.929156
vt 0.460753 0.930614
vt 0.520056 0.729729
vt 0.522287 0.728508
vt 0.444238 0.913460
vt 0.444306 0.912078
vt 0.429507 0.910732
vt 0.429579 0.909324
vt 0.447308 0.926960
vt 0.454202 0.927487
vt 0.521032 0.725482
vt 0.523007 0.724267
vt 0.522706 0.726413
vt 0.522955 0.935526
vt 0.522979 0.934070
vt 0.530436 0.935036
vt 0.530448 0.933570
vt 0.535218 0.918819
vt 0.550849 0.918343
vt 0.535247 0.920225
vt 0.514785 0.737475
vt 0.538372 0.934260
vt 0.538359 0.932777
vt 0.546567 0.933102
vt 0.546428 0.931675
vt 0.550848 0.916962
vt 0.569196 0.916602
vt 0.512044 0.744717
vt 0.512141 0.741604
vt 0.513897 0.742397
vt 0.501323 0.932826
vt 0.508564 0.932970
vt 0.486876 0.927119
vt 0.480325 0.930931
vt 0.480014 0.926375
vt 0.486731 0.920855
vt 0.479678 0.921541
vt 0.472929 0.920800
vt 0.466688 0.924269
vt 0.465943 0.919579
vt 0.515780 0.932895
vt 0.523001 0.932616
vt 0.501501 0.921808
vt 0.508981 0.923386
vt 0.501463 0.923246
vt 0.493974 0.922870
vt 0.509005 0.921947
vt 0.516472 0.923272
vt 0.494062 0.933890
vt 0.480273 0.932567
vt 0.487067 0.931867
vt 0.480331 0.931123
vt 0.465926 0.919384
vt 0.479683 0.921735
vt 0.473385 0.925449
vt 0.467335 0.930523
vt 0.473826 0.930201
vt 0.467416 0.929074
vt 0.444166 0.914837
vt 0.458907 0.922597
vt 0.456861 0.917685
vt 0.460949 0.927702
vt 0.447545 0.925552
vt 0.454331 0.926034
vt 0.429506 0.912218
vt 0.515790 0.932704
vt 0.508770 0.928219
vt 0.516123 0.928128
vt 0.524412 0.922820
vt 0.535279 0.921632
vt 0.530458 0.932106
vt 0.538345 0.931311
vt 0.523698 0.927765
vt 0.530515 0.931911
vt 0.523020 0.932424
vt 0.550855 0.919716
vt 0.568900 0.918207
vt 0.546291 0.930275
vt 0.509029 0.920511
vt 0.558995 0.926712
vt 0.558454 0.925559
vt 0.557911 0.924397
vt 0.508974 0.923579
vt 0.516463 0.923466
vt 0.486670 0.922291
vt 0.501460 0.923440
vt 0.509489 0.747585
vt 0.509914 0.744295
vt 0.518174 0.739182
vt 0.535221 0.921824
vt 0.544591 0.925335
vt 0.532849 0.926880
vt 0.437244 0.920577
vt 0.428371 0.913234
vt 0.437892 0.919479
vt 0.429469 0.912327
vt 0.438541 0.918380
vt 0.473817 0.930008
vt 0.494016 0.935336
vt 0.508570 0.932779
vt 0.501394 0.928079
vt 0.494107 0.932445
vt 0.506604 0.750779
vt 0.506462 0.748081
vt 0.510822 0.749053
vt 0.512517 0.747131
vt 0.546248 0.930098
vt 0.538475 0.931109
vt 0.550710 0.919909
vt 0.557617 0.924372
vt 0.521377 0.722932
vt 0.523206 0.722038
vt 0.518367 0.728858
vt 0.520605 0.727636
vt 0.472920 0.920606
vt 0.454212 0.925813
vt 0.449314 0.920314
vt 0.517680 0.730988
vt 0.518920 0.726761
vt 0.494046 0.927698
vt 0.493974 0.923063
vt 0.524375 0.919947
vt 0.524394 0.923013
vt 0.521687 0.719739
vt 0.523339 0.719864
vt 0.520193 0.717407
vt 0.522024 0.716226
vt 0.444294 0.915043
vt 0.438849 0.918387
vt 0.429939 0.912469
vt 0.447844 0.924006
vt 0.506557 0.750855
vt 0.502523 0.752968
vt 0.502279 0.752596
vt 0.514175 0.745146
vt 0.506705 0.751253
vt 0.502782 0.753341
vt 0.460902 0.927500
vt 0.501246 0.935716
vt 0.486673 0.922485
vt 0.467400 0.928880
vt 0.519357 0.724545
vt 0.456811 0.917488
vt 0.447778 0.924171
vt 0.487064 0.931676
vt 0.494108 0.932254
vt 0.501326 0.932635
vt 0.513572 0.739523
vt 0.519751 0.721589
vt 0.513150 0.708666
vt 0.513138 0.708674
vt 0.513148 0.708655
vt 0.513143 0.708692
vt 0.513130 0.708695
vt 0.513134 0.708664
vt 0.513146 0.708650
vt 0.513128 0.708683
vt 0.488637 0.724274
vt 0.488692 0.724265
vt 0.488672 0.724371
vt 0.488609 0.724158
vt 0.488651 0.724146
vt 0.513125 0.708722
vt 0.513138 0.708722
vt 0.513132 0.708754
vt 0.488617 0.724051
vt 0.488651 0.724038
vt 0.488584 0.723971
vt 0.488581 0.724042
vt 0.488542 0.723874
vt 0.488589 0.723926
vt 0.488618 0.723999
vt 0.494499 0.749282
vt 0.494515 0.749273
vt 0.494491 0.749302
vt 0.494488 0.749286
vt 0.494510 0.749261
vt 0.494534 0.749247
vt 0.494499 0.749268
vt 0.488568 0.903070
vt 0.488608 0.903034
vt 0.488566 0.903111
vt 0.488604 0.902961
vt 0.488642 0.902949
vt 0.488611 0.903079
vt 0.488640 0.903004
vt 0.494554 0.749221
vt 0.494545 0.749210
vt 0.494570 0.749197
vt 0.494525 0.749238
vt 0.488672 0.902843
vt 0.488632 0.902833
vt 0.488658 0.902709
vt 0.494503 0.749255
vt 0.484754 0.723913
vt 0.484766 0.724012
vt 0.484714 0.724079
vt 0.514041 0.708582
vt 0.514061 0.708591
vt 0.514067 0.708601
vt 0.484728 0.724133
vt 0.484669 0.724237
vt 0.484763 0.724081
vt 0.484814 0.724032
vt 0.484883 0.723919
vt 0.484817 0.724118
vt 0.484758 0.724146
vt 0.484807 0.723975
vt 0.484627 0.724393
vt 0.484669 0.724414
vt 0.484699 0.724262
vt 0.484742 0.724270
vt 0.495078 0.749999
vt 0.495049 0.750001
vt 0.484745 0.902993
vt 0.484757 0.902933
vt 0.484811 0.903056
vt 0.484883 0.903156
vt 0.484852 0.903082
vt 0.484799 0.902985
vt 0.484694 0.902634
vt 0.484651 0.902656
vt 0.484626 0.902513
vt 0.484771 0.902785
vt 0.484725 0.902795
vt 0.484695 0.902821
vt 0.484788 0.902918
vt 0.484855 0.903030
vt 0.484852 0.902946
vt 0.484906 0.903160
vt 0.578297 0.806704
vt 0.578259 0.806728
vt 0.578322 0.806733
vt 0.578273 0.806751
vt 0.578238 0.806794
vt 0.578331 0.806797
vt 0.578353 0.806757
vt 0.578387 0.806775
vt 0.578267 0.806821
vt 0.578308 0.806784
vt 0.578269 0.806789
vt 0.578290 0.806768
vt 0.578212 0.806844
vt 0.578254 0.806792
vt 0.578237 0.806823
vt 0.578219 0.806849
vt 0.524801 0.883425
vt 0.524666 0.883510
vt 0.524814 0.883477
vt 0.524669 0.883529
vt 0.524569 0.883610
vt 0.524514 0.883629
vt 0.524709 0.883579
vt 0.524861 0.883513
vt 0.524692 0.883567
vt 0.524683 0.883546
vt 0.524487 0.883656
vt 0.524407 0.883687
vt 0.562324 0.730466
vt 0.562403 0.730624
vt 0.562259 0.730345
vt 0.562279 0.730368
vt 0.562484 0.730573
vt 0.562362 0.730419
vt 0.562436 0.730588
vt 0.562351 0.730429
vt 0.562244 0.730318
vt 0.562214 0.730256
vt 0.656205 0.819119
vt 0.656343 0.819211
vt 0.656239 0.819084
vt 0.656371 0.819195
vt 0.656513 0.819253
vt 0.656565 0.819283
vt 0.656235 0.818959
vt 0.656407 0.819161
vt 0.656251 0.819035
vt 0.656596 0.819292
vt 0.656416 0.819148
vt 0.534291 0.739342
vt 0.534295 0.739186
vt 0.534240 0.739331
vt 0.534271 0.739172
vt 0.534252 0.739033
vt 0.534256 0.738983
vt 0.534228 0.739160
vt 0.534190 0.739352
vt 0.534213 0.739158
vt 0.534253 0.739018
vt 0.534240 0.738839
vt 0.534251 0.738932
vt 0.534240 0.738957
vt 0.574242 0.822603
vt 0.574263 0.822644
vt 0.574231 0.822664
vt 0.574254 0.822536
vt 0.574265 0.822591
vt 0.574288 0.822583
vt 0.574300 0.822629
vt 0.574293 0.822526
vt 0.574267 0.822509
vt 0.574263 0.822478
vt 0.574255 0.822480
vt 0.574339 0.822623
vt 0.574337 0.822577
vt 0.574311 0.822578
vt 0.574285 0.822540
vt 0.649790 0.848753
vt 0.649603 0.848737
vt 0.649772 0.848722
vt 0.649964 0.848762
vt 0.649933 0.848761
vt 0.649793 0.848777
vt 0.649618 0.848786
vt 0.649605 0.848837
vt 0.649810 0.848811
vt 0.649807 0.848796
vt 0.650034 0.848769
vt 0.562797 0.811219
vt 0.562751 0.811218
vt 0.562750 0.811181
vt 0.562835 0.811270
vt 0.562797 0.811245
vt 0.562746 0.811257
vt 0.562820 0.811276
vt 0.562792 0.811269
vt 0.562895 0.811299
vt 0.562831 0.811288
vt 0.562866 0.811287
vt 0.562898 0.811290
vt 0.562849 0.811262
vt 0.562732 0.811294
vt 0.562772 0.811315
vt 0.562785 0.811292
vt 0.562839 0.811302
vt 0.504624 0.865044
vt 0.504688 0.864860
vt 0.504749 0.864880
vt 0.504511 0.865183
vt 0.504590 0.865026
vt 0.504569 0.865002
vt 0.504651 0.864824
vt 0.504526 0.865128
vt 0.504622 0.864773
vt 0.504531 0.864981
vt 0.504548 0.864995
vt 0.504500 0.865185
vt 0.504462 0.865252
vt 0.683369 0.841420
vt 0.683286 0.841526
vt 0.683243 0.841680
vt 0.683265 0.841814
vt 0.539408 0.706694
vt 0.539536 0.706707
vt 0.539372 0.706625
vt 0.539496 0.706607
vt 0.539609 0.706678
vt 0.539485 0.706525
vt 0.539574 0.706566
vt 0.692388 0.689943
vt 0.692395 0.689970
vt 0.692361 0.689938
vt 0.692380 0.689927
vt 0.692405 0.689950
vt 0.692405 0.689983
vt 0.539539 0.706457
vt 0.539559 0.706518
vt 0.539683 0.706657
vt 0.539783 0.706572
vt 0.539660 0.706553
vt 0.539774 0.706495
vt 0.539623 0.706480
vt 0.571925 0.813534
vt 0.571881 0.813491
vt 0.571916 0.813578
vt 0.571882 0.813535
vt 0.571837 0.813502
vt 0.571855 0.813564
vt 0.571848 0.813539
vt 0.571865 0.813601
vt 0.571903 0.813620
vt 0.571810 0.813609
vt 0.571843 0.813638
vt 0.571879 0.813570
vt 0.571794 0.813517
vt 0.571780 0.813576
vt 0.571816 0.813554
vt 0.571837 0.813582
vt 0.494667 0.896511
vt 0.494624 0.896380
vt 0.494622 0.896586
vt 0.494553 0.896473
vt 0.494565 0.896330
vt 0.494481 0.896530
vt 0.494480 0.896425
vt 0.668614 0.788561
vt 0.668589 0.788555
vt 0.668631 0.788540
vt 0.668632 0.788562
vt 0.668601 0.788573
vt 0.668574 0.788558
vt 0.494392 0.896514
vt 0.494442 0.896465
vt 0.494510 0.896274
vt 0.494383 0.896231
vt 0.494425 0.896351
vt 0.494313 0.896280
vt 0.494375 0.896426
vt 0.564437 0.733637
vt 0.564503 0.733622
vt 0.564491 0.733677
vt 0.564466 0.733580
vt 0.564487 0.733557
vt 0.564539 0.733664
vt 0.564544 0.733723
vt 0.564515 0.733600
vt 0.564537 0.733635
vt 0.564541 0.733598
vt 0.564516 0.733545
vt 0.564597 0.733613
vt 0.564562 0.733650
vt 0.564596 0.733774
vt 0.564629 0.733754
vt 0.564995 0.732758
vt 0.564577 0.733702
vt 0.564611 0.733684
vt 0.579629 0.805286
vt 0.579618 0.805331
vt 0.579661 0.805275
vt 0.579647 0.805315
vt 0.579641 0.805357
vt 0.579674 0.805321
vt 0.579662 0.805334
vt 0.579727 0.805300
vt 0.579694 0.805267
vt 0.578625 0.806478
vt 0.579722 0.805333
vt 0.579694 0.805301
vt 0.579692 0.805326
vt 0.579669 0.805304
vt 0.579667 0.805379
vt 0.579712 0.805366
vt 0.579682 0.805349
vt 0.653019 0.817167
vt 0.653065 0.817202
vt 0.652963 0.817182
vt 0.652974 0.817133
vt 0.653041 0.817153
vt 0.653086 0.817179
vt 0.653004 0.817133
vt 0.652877 0.817046
vt 0.652859 0.817080
vt 0.653793 0.816607
vt 0.652950 0.817060
vt 0.652933 0.817096
vt 0.652914 0.817131
vt 0.653103 0.817078
vt 0.653041 0.817127
vt 0.653023 0.817070
vt 0.653097 0.817149
vt 0.652987 0.817108
vt 0.574782 0.824490
vt 0.574770 0.824535
vt 0.574814 0.824478
vt 0.574799 0.824519
vt 0.574793 0.824561
vt 0.574822 0.824508
vt 0.574815 0.824538
vt 0.574881 0.824504
vt 0.574848 0.824471
vt 0.574875 0.824538
vt 0.574848 0.824505
vt 0.574845 0.824530
vt 0.574819 0.824583
vt 0.574864 0.824570
vt 0.574383 0.823149
vt 0.574835 0.824553
vt 0.574827 0.824526
vt 0.529206 0.881375
vt 0.529149 0.881398
vt 0.529215 0.881316
vt 0.529253 0.881364
vt 0.529211 0.881411
vt 0.529164 0.881429
vt 0.529244 0.881393
vt 0.529369 0.881346
vt 0.529337 0.881296
vt 0.528995 0.882068
vt 0.529336 0.881392
vt 0.529304 0.881355
vt 0.529278 0.881303
vt 0.529275 0.881397
vt 0.529237 0.881490
vt 0.529241 0.881429
vt 0.529296 0.881437
vt 0.529187 0.881455
vt 0.645602 0.848961
vt 0.645559 0.848922
vt 0.645668 0.848957
vt 0.645622 0.848994
vt 0.645546 0.848974
vt 0.645489 0.848943
vt 0.645574 0.848994
vt 0.645603 0.849027
vt 0.645672 0.849027
vt 0.645561 0.849068
vt 0.645546 0.849015
vt 0.645422 0.848964
vt 0.645421 0.849021
vt 0.645955 0.849741
vt 0.645489 0.848994
vt 0.645488 0.849045
vt 0.534176 0.742892
vt 0.534179 0.742830
vt 0.534219 0.742931
vt 0.534164 0.742943
vt 0.534143 0.742877
vt 0.534143 0.742919
vt 0.534124 0.743060
vt 0.534181 0.743057
vt 0.533615 0.742513
vt 0.534099 0.743003
vt 0.534147 0.742996
vt 0.534201 0.742996
vt 0.534124 0.742946
vt 0.534057 0.742858
vt 0.534112 0.742896
vt 0.534077 0.742940
vt 0.534145 0.742826
vt 0.560904 0.810769
vt 0.560870 0.810737
vt 0.560898 0.810803
vt 0.560870 0.810771
vt 0.560837 0.810745
vt 0.560868 0.810796
vt 0.560845 0.810774
vt 0.560843 0.810848
vt 0.560888 0.810835
vt 0.560817 0.810826
vt 0.560858 0.810819
vt 0.560838 0.810804
vt 0.560805 0.810756
vt 0.560794 0.810801
vt 0.562452 0.811175
vt 0.560823 0.810785
vt 0.560850 0.810791
vt 0.505772 0.862366
vt 0.505826 0.862354
vt 0.505748 0.862429
vt 0.505736 0.862365
vt 0.505788 0.862305
vt 0.505844 0.862270
vt 0.505757 0.862320
vt 0.505720 0.862333
vt 0.505690 0.862392
vt 0.505709 0.862282
vt 0.505755 0.862284
vt 0.505716 0.862414
vt 0.505858 0.862190
vt 0.505811 0.862165
vt 0.504889 0.861958
vt 0.505800 0.862240
vt 0.505760 0.862221
vt 0.494476 0.749288
vt 0.494470 0.749312
vt 0.494469 0.749273
vt 0.494481 0.749263
vt 0.494482 0.749297
vt 0.494474 0.749315
vt 0.494485 0.749276
vt 0.494493 0.749199
vt 0.494479 0.749201
vt 0.494485 0.749169
vt 0.459713 0.725264
vt 0.459753 0.725267
vt 0.459737 0.725404
vt 0.494487 0.749234
vt 0.494474 0.749237
vt 0.494490 0.749262
vt 0.459704 0.725057
vt 0.459688 0.725122
vt 0.459687 0.724944
vt 0.459716 0.725015
vt 0.459728 0.725155
vt 0.459733 0.725099
vt 0.492095 0.741835
vt 0.492109 0.741835
vt 0.492089 0.741809
vt 0.492103 0.741813
vt 0.492116 0.741809
vt 0.492099 0.741794
vt 0.492110 0.741795
vt 0.438005 0.749439
vt 0.438056 0.749436
vt 0.492097 0.741758
vt 0.492107 0.741773
vt 0.492097 0.741776
vt 0.438027 0.749372
vt 0.438086 0.749339
vt 0.492105 0.741786
vt 0.492115 0.741777
vt 0.492120 0.741760
vt 0.492124 0.741784
vt 0.492108 0.741759
vt 0.513134 0.708643
vt 0.513118 0.708651
vt 0.513149 0.708621
vt 0.513145 0.708639
vt 0.513123 0.708663
vt 0.513098 0.708677
vt 0.513134 0.708657
vt 0.459651 0.903956
vt 0.459691 0.903921
vt 0.459647 0.903997
vt 0.459687 0.903848
vt 0.459725 0.903836
vt 0.459694 0.903967
vt 0.459724 0.903892
vt 0.513077 0.708704
vt 0.513086 0.708715
vt 0.513060 0.708728
vt 0.513107 0.708687
vt 0.459753 0.903729
vt 0.459712 0.903720
vt 0.459737 0.903595
vt 0.513129 0.708670
vt 0.494004 0.749576
vt 0.493992 0.749573
vt 0.493984 0.749556
vt 0.494010 0.749584
vt 0.493996 0.749584
vt 0.493974 0.749559
vt 0.493960 0.749532
vt 0.493981 0.749571
vt 0.457775 0.723854
vt 0.457849 0.723804
vt 0.457756 0.723933
vt 0.457705 0.723918
vt 0.457783 0.723804
vt 0.457723 0.723864
vt 0.457548 0.724120
vt 0.457598 0.724149
vt 0.457587 0.723988
vt 0.457631 0.724008
vt 0.457676 0.724041
vt 0.457673 0.723894
vt 0.440605 0.747832
vt 0.440526 0.747880
vt 0.440558 0.747800
vt 0.440646 0.747867
vt 0.440578 0.747892
vt 0.440555 0.747953
vt 0.440497 0.747975
vt 0.440591 0.747945
vt 0.440640 0.747942
vt 0.440685 0.747903
vt 0.440661 0.747987
vt 0.440594 0.747982
vt 0.440619 0.747906
vt 0.440473 0.748067
vt 0.440520 0.748099
vt 0.440455 0.748146
vt 0.440538 0.748022
vt 0.440591 0.748042
vt 0.455856 0.903008
vt 0.455920 0.903147
vt 0.455807 0.902948
vt 0.455819 0.902894
vt 0.455893 0.903041
vt 0.455853 0.902943
vt 0.455752 0.902624
vt 0.455713 0.902645
vt 0.455684 0.902513
vt 0.455827 0.902761
vt 0.455786 0.902770
vt 0.455759 0.902795
vt 0.455846 0.902881
vt 0.455902 0.902990
vt 0.455904 0.902907
vt 0.455948 0.903140
vt 0.520708 0.712454
vt 0.520698 0.712464
vt 0.520705 0.712443
vt 0.520705 0.712481
vt 0.520693 0.712486
vt 0.520692 0.712454
vt 0.520701 0.712438
vt 0.520689 0.712474
vt 0.520682 0.712545
vt 0.520696 0.712543
vt 0.520691 0.712571
vt 0.429756 0.909284
vt 0.429749 0.909252
vt 0.429848 0.909268
vt 0.520688 0.712512
vt 0.520701 0.712512
vt 0.520683 0.712486
vt 0.429607 0.909295
vt 0.429662 0.909301
vt 0.429528 0.909320
vt 0.429573 0.909290
vt 0.429670 0.909272
vt 0.429629 0.909271
vt 0.502279 0.752582
vt 0.502296 0.752574
vt 0.502269 0.752602
vt 0.502268 0.752585
vt 0.502291 0.752562
vt 0.502317 0.752550
vt 0.502280 0.752568
vt 0.569177 0.915163
vt 0.569149 0.915132
vt 0.569210 0.915166
vt 0.569093 0.915133
vt 0.569084 0.915103
vt 0.569185 0.915130
vt 0.569127 0.915105
vt 0.502339 0.752524
vt 0.502331 0.752512
vt 0.502357 0.752502
vt 0.502309 0.752539
vt 0.569002 0.915077
vt 0.568994 0.915108
vt 0.568898 0.915085
vt 0.502285 0.752555
vt 0.429542 0.912321
vt 0.429591 0.912363
vt 0.521536 0.712031
vt 0.521558 0.712032
vt 0.521568 0.712039
vt 0.429634 0.912354
vt 0.429713 0.912404
vt 0.429595 0.912325
vt 0.429558 0.912284
vt 0.429467 0.912223
vt 0.429626 0.912284
vt 0.429646 0.912331
vt 0.429514 0.912288
vt 0.429833 0.912444
vt 0.429851 0.912412
vt 0.429734 0.912382
vt 0.429742 0.912348
vt 0.568922 0.918300
vt 0.568844 0.918298
vt 0.568951 0.918262
vt 0.568795 0.918333
vt 0.568755 0.918322
vt 0.568872 0.918272
vt 0.568794 0.918298
vt 0.568540 0.918361
vt 0.568556 0.918393
vt 0.568450 0.918409
vt 0.568651 0.918309
vt 0.568657 0.918342
vt 0.568675 0.918364
vt 0.568746 0.918300
vt 0.568833 0.918262
vt 0.568769 0.918257
vt 0.568960 0.918239
vt 0.715901 0.143162
vt 0.716001 0.143267
vt 0.715911 0.143305
vt 0.715961 0.143128
vt 0.715940 0.143396
vt 0.716075 0.143259
vt 0.716045 0.143358
vt 0.479394 0.217403
vt 0.479407 0.217422
vt 0.479382 0.217412
vt 0.479412 0.217397
vt 0.479427 0.217424
vt 0.479404 0.217436
vt 0.479377 0.217415
vt 0.479422 0.217433
vt 0.715961 0.143489
vt 0.716058 0.143605
vt 0.715982 0.143585
vt 0.716057 0.143459
vt 0.716114 0.143572
vt 0.716089 0.143344
vt 0.716121 0.143418
vt 0.512077 0.731163
vt 0.511063 0.733311
vt 0.512087 0.731168
vt 0.511073 0.733315
vt 0.512096 0.731172
vt 0.511082 0.733320
vt 0.459874 0.807548
vt 0.459753 0.816700
vt 0.512953 0.729007
vt 0.512963 0.729012
vt 0.459833 0.807545
vt 0.460247 0.798621
vt 0.479628 0.825827
vt 0.479396 0.816319
vt 0.479447 0.816320
vt 0.479576 0.825831
vt 0.479351 0.816318
vt 0.479531 0.825834
vt 0.479306 0.816318
vt 0.480114 0.835286
vt 0.480063 0.835295
vt 0.480019 0.835302
vt 0.479487 0.825836
vt 0.508721 0.737421
vt 0.509942 0.735401
vt 0.508731 0.737426
vt 0.509951 0.735406
vt 0.508740 0.737432
vt 0.460310 0.834999
vt 0.509960 0.735411
vt 0.459909 0.825868
vt 0.479871 0.797570
vt 0.479485 0.806828
vt 0.479820 0.797560
vt 0.479440 0.806825
vt 0.479776 0.797554
vt 0.479396 0.806823
vt 0.479732 0.797549
vt 0.479536 0.806834
vt 0.481198 0.780078
vt 0.480373 0.788672
vt 0.481149 0.780060
vt 0.480329 0.788662
vt 0.481106 0.780047
vt 0.480285 0.788656
vt 0.481062 0.780038
vt 0.480424 0.788686
vt 0.513685 0.726897
vt 0.513695 0.726902
vt 0.460207 0.798618
vt 0.460795 0.790076
vt 0.514281 0.724817
vt 0.514291 0.724821
vt 0.460755 0.790071
vt 0.461539 0.781797
vt 0.514750 0.722730
vt 0.514760 0.722735
vt 0.461498 0.781790
vt 0.462502 0.773601
vt 0.515105 0.720592
vt 0.515114 0.720599
vt 0.462462 0.773591
vt 0.463727 0.765273
vt 0.483944 0.759379
vt 0.482218 0.771104
vt 0.483900 0.759340
vt 0.482176 0.771086
vt 0.483860 0.759310
vt 0.482133 0.771074
vt 0.483819 0.759291
vt 0.482265 0.771128
vt 0.515557 0.716175
vt 0.514342 0.712456
vt 0.515568 0.716170
vt 0.514347 0.712429
vt 0.515577 0.716163
vt 0.514355 0.712410
vt 0.515588 0.716155
vt 0.513126 0.708781
vt 0.515362 0.718372
vt 0.515371 0.718385
vt 0.463688 0.765255
vt 0.465276 0.756649
vt 0.465240 0.756613
vt 0.467139 0.747795
vt 0.486263 0.742938
vt 0.486228 0.742884
vt 0.486189 0.742849
vt 0.486302 0.743005
vt 0.481018 0.845311
vt 0.480969 0.845328
vt 0.480926 0.845341
vt 0.479975 0.835306
vt 0.482816 0.859126
vt 0.482771 0.859162
vt 0.482731 0.859190
vt 0.480882 0.845350
vt 0.505952 0.741323
vt 0.507405 0.739377
vt 0.505963 0.741325
vt 0.507415 0.739381
vt 0.505973 0.741330
vt 0.461814 0.853606
vt 0.507424 0.739387
vt 0.460931 0.844138
vt 0.498641 0.747199
vt 0.498626 0.747221
vt 0.498618 0.747240
vt 0.502685 0.745193
vt 0.502689 0.745203
vt 0.502694 0.745213
vt 0.502696 0.745225
vt 0.485680 0.879217
vt 0.485641 0.879287
vt 0.485606 0.879344
vt 0.482690 0.859209
vt 0.485567 0.879381
vt 0.488692 0.902605
vt 0.504332 0.743299
vt 0.504348 0.743297
vt 0.464675 0.874110
vt 0.504360 0.743298
vt 0.463048 0.863673
vt 0.463515 0.816655
vt 0.463638 0.807516
vt 0.463578 0.816654
vt 0.463701 0.807514
vt 0.463641 0.816653
vt 0.463764 0.807511
vt 0.464001 0.798593
vt 0.464064 0.798590
vt 0.464127 0.798585
vt 0.475727 0.825910
vt 0.475544 0.816366
vt 0.475663 0.825911
vt 0.475480 0.816367
vt 0.475599 0.825911
vt 0.475416 0.816368
vt 0.476208 0.835422
vt 0.476144 0.835421
vt 0.476080 0.835419
vt 0.463675 0.825818
vt 0.464085 0.834948
vt 0.463738 0.825818
vt 0.464149 0.834949
vt 0.463802 0.825818
vt 0.464212 0.834951
vt 0.475976 0.797556
vt 0.475638 0.806849
vt 0.475912 0.797559
vt 0.475575 0.806852
vt 0.475848 0.797564
vt 0.475510 0.806855
vt 0.477288 0.779997
vt 0.476522 0.788640
vt 0.477224 0.780002
vt 0.476458 0.788644
vt 0.477160 0.780010
vt 0.476394 0.788650
vt 0.464551 0.790047
vt 0.464615 0.790043
vt 0.464678 0.790036
vt 0.465304 0.781774
vt 0.465368 0.781768
vt 0.465431 0.781760
vt 0.466286 0.773591
vt 0.466350 0.773583
vt 0.466415 0.773572
vt 0.467538 0.765290
vt 0.467604 0.765273
vt 0.467671 0.765248
vt 0.480108 0.759242
vt 0.478366 0.771013
vt 0.480044 0.759259
vt 0.478302 0.771021
vt 0.479979 0.759285
vt 0.478237 0.771032
vt 0.477722 0.735938
vt 0.470919 0.748181
vt 0.477731 0.736027
vt 0.470977 0.748197
vt 0.477722 0.736148
vt 0.471032 0.748218
vt 0.477690 0.735891
vt 0.469111 0.756721
vt 0.469181 0.756683
vt 0.469254 0.756628
vt 0.482540 0.742873
vt 0.482475 0.742912
vt 0.482407 0.742970
vt 0.477103 0.845511
vt 0.477039 0.845508
vt 0.476974 0.845502
vt 0.478960 0.859377
vt 0.478896 0.859362
vt 0.478830 0.859339
vt 0.464726 0.844088
vt 0.465636 0.853539
vt 0.464789 0.844092
vt 0.465701 0.853554
vt 0.464853 0.844097
vt 0.465767 0.853575
vt 0.498973 0.748021
vt 0.495094 0.749990
vt 0.476452 0.888478
vt 0.476464 0.888390
vt 0.476458 0.888271
vt 0.468450 0.873651
vt 0.468510 0.873637
vt 0.468568 0.873619
vt 0.481882 0.879479
vt 0.481816 0.879439
vt 0.481747 0.879380
vt 0.466893 0.863552
vt 0.466961 0.863587
vt 0.467031 0.863639
vt 0.486803 0.903246
vt 0.484917 0.903139
vt 0.494755 0.749653
vt 0.494485 0.749304
vt 0.494761 0.749651
vt 0.486752 0.723803
vt 0.488542 0.723897
vt 0.513588 0.708616
vt 0.514043 0.708587
vt 0.559090 0.770070
vt 0.559037 0.770078
vt 0.558989 0.770101
vt 0.540298 0.846678
vt 0.540219 0.846607
vt 0.540253 0.846648
vt 0.680513 0.739255
vt 0.668647 0.788533
vt 0.494416 0.794060
vt 0.680526 0.739258
vt 0.494313 0.794032
vt 0.616642 0.824944
vt 0.616663 0.824894
vt 0.683269 0.841604
vt 0.616668 0.824840
vt 0.643711 0.704529
vt 0.692347 0.689928
vt 0.628272 0.754595
vt 0.595061 0.719121
vt 0.595067 0.719105
vt 0.643708 0.704516
vt 0.628350 0.754519
vt 0.683450 0.841424
vt 0.595051 0.719167
vt 0.631818 0.753860
vt 0.595050 0.719184
vt 0.593958 0.894372
vt 0.683341 0.841845
vt 0.593924 0.894269
vt 0.631810 0.753869
vt 0.568837 0.772385
vt 0.562307 0.730497
vt 0.568797 0.772381
vt 0.562225 0.730290
vt 0.568757 0.772373
vt 0.562153 0.730189
vt 0.656666 0.819349
vt 0.613478 0.814903
vt 0.613467 0.814863
vt 0.613460 0.814824
vt 0.562154 0.730164
vt 0.621454 0.761382
vt 0.621406 0.761431
vt 0.621360 0.761478
vt 0.656688 0.819345
vt 0.549861 0.848382
vt 0.549828 0.848363
vt 0.549790 0.848350
vt 0.609264 0.832220
vt 0.609288 0.832188
vt 0.650002 0.848760
vt 0.609317 0.832157
vt 0.650129 0.848751
vt 0.650149 0.848765
vt 0.590637 0.884440
vt 0.590612 0.884376
vt 0.590587 0.884314
vt 0.524417 0.883703
vt 0.524524 0.883643
vt 0.534257 0.738857
vt 0.552341 0.777370
vt 0.552311 0.777398
vt 0.552279 0.777420
vt 0.537372 0.837075
vt 0.537359 0.837034
vt 0.537342 0.836997
vt 0.504415 0.865416
vt 0.504400 0.865424
vt 0.503490 0.796414
vt 0.503558 0.796420
vt 0.503626 0.796420
vt 0.570711 0.772025
vt 0.570672 0.772018
vt 0.570633 0.772015
vt 0.573245 0.772244
vt 0.613744 0.812981
vt 0.613740 0.812943
vt 0.613731 0.812903
vt 0.613334 0.810421
vt 0.619711 0.763226
vt 0.619667 0.763274
vt 0.619621 0.763321
vt 0.617614 0.765484
vt 0.553609 0.851244
vt 0.551244 0.849965
vt 0.551209 0.849950
vt 0.551178 0.849931
vt 0.608595 0.834047
vt 0.608622 0.834017
vt 0.608645 0.833984
vt 0.607035 0.836155
vt 0.589622 0.881832
vt 0.589598 0.881771
vt 0.589577 0.881709
vt 0.589221 0.878271
vt 0.550617 0.777910
vt 0.550585 0.777931
vt 0.550556 0.777956
vt 0.548411 0.779499
vt 0.536398 0.835777
vt 0.536382 0.835741
vt 0.536367 0.835703
vt 0.535720 0.833532
vt 0.505519 0.796392
vt 0.505586 0.796392
vt 0.505653 0.796398
vt 0.508018 0.797513
vt 0.578977 0.805997
vt 0.579003 0.806022
vt 0.579029 0.806047
vt 0.654504 0.818013
vt 0.654483 0.818048
vt 0.654462 0.818083
vt 0.527196 0.882285
vt 0.527247 0.882354
vt 0.527226 0.882317
vt 0.647471 0.848775
vt 0.647478 0.848884
vt 0.645675 0.848991
vt 0.647475 0.848840
vt 0.647480 0.848926
vt 0.561784 0.811057
vt 0.561793 0.811022
vt 0.561802 0.810987
vt 0.534111 0.742833
vt 0.534250 0.741258
vt 0.534166 0.741265
vt 0.534208 0.741264
vt 0.563531 0.732280
vt 0.563563 0.732258
vt 0.563595 0.732236
vt 0.574600 0.823572
vt 0.574565 0.823582
vt 0.574530 0.823591
vt 0.505203 0.863512
vt 0.505233 0.863551
vt 0.505268 0.863575
vt 0.495591 0.726807
vt 0.496566 0.724643
vt 0.495582 0.726802
vt 0.496557 0.724638
vt 0.495572 0.726798
vt 0.496547 0.724633
vt 0.429310 0.809239
vt 0.429220 0.818478
vt 0.494743 0.728967
vt 0.494734 0.728962
vt 0.494724 0.728958
vt 0.429678 0.800209
vt 0.499978 0.726383
vt 0.449208 0.827512
vt 0.448915 0.817997
vt 0.448960 0.817998
vt 0.449163 0.827515
vt 0.448871 0.817997
vt 0.501083 0.724244
vt 0.449799 0.836964
vt 0.449755 0.836971
vt 0.449119 0.827518
vt 0.498852 0.720487
vt 0.497658 0.722530
vt 0.498843 0.720482
vt 0.497648 0.722525
vt 0.498834 0.720477
vt 0.429958 0.836953
vt 0.497639 0.722520
vt 0.429444 0.827736
vt 0.498990 0.728574
vt 0.498130 0.730761
vt 0.449385 0.799229
vt 0.448984 0.808496
vt 0.449341 0.799222
vt 0.448940 0.808494
vt 0.449296 0.799217
vt 0.449029 0.808501
vt 0.497401 0.732895
vt 0.496798 0.734993
vt 0.450852 0.781757
vt 0.449949 0.790337
vt 0.450808 0.781742
vt 0.449906 0.790330
vt 0.450765 0.781734
vt 0.449993 0.790347
vt 0.494029 0.731075
vt 0.494020 0.731071
vt 0.494010 0.731067
vt 0.430291 0.791556
vt 0.493442 0.733150
vt 0.493433 0.733145
vt 0.493423 0.733142
vt 0.431166 0.783184
vt 0.492971 0.735228
vt 0.492961 0.735223
vt 0.492951 0.735220
vt 0.432344 0.774925
vt 0.492604 0.737358
vt 0.492595 0.737351
vt 0.492584 0.737348
vt 0.433888 0.766584
vt 0.496296 0.737212
vt 0.495799 0.740174
vt 0.453910 0.761081
vt 0.451992 0.772814
vt 0.453871 0.761048
vt 0.451949 0.772802
vt 0.453830 0.761026
vt 0.452033 0.772833
vt 0.493294 0.745490
vt 0.493288 0.745522
vt 0.493281 0.745548
vt 0.492329 0.739573
vt 0.492319 0.739562
vt 0.492309 0.739557
vt 0.435829 0.758023
vt 0.437984 0.749505
vt 0.495191 0.744362
vt 0.456648 0.744456
vt 0.456610 0.744409
vt 0.456683 0.744519
vt 0.502292 0.722175
vt 0.450864 0.846949
vt 0.450821 0.846963
vt 0.449711 0.836977
vt 0.503706 0.720065
vt 0.452997 0.860620
vt 0.452958 0.860649
vt 0.450778 0.846973
vt 0.501586 0.716544
vt 0.500147 0.718510
vt 0.501575 0.716542
vt 0.500138 0.718505
vt 0.501565 0.716537
vt 0.431855 0.855710
vt 0.500129 0.718500
vt 0.430743 0.846172
vt 0.508898 0.710689
vt 0.508914 0.710666
vt 0.508922 0.710648
vt 0.504842 0.712660
vt 0.504838 0.712650
vt 0.504834 0.712640
vt 0.444517 0.891203
vt 0.505884 0.717319
vt 0.456368 0.880328
vt 0.456334 0.880385
vt 0.452917 0.860668
vt 0.456297 0.880422
vt 0.509186 0.713404
vt 0.503198 0.714556
vt 0.503183 0.714558
vt 0.435533 0.876075
vt 0.503171 0.714557
vt 0.433397 0.865817
vt 0.433015 0.818414
vt 0.433108 0.809199
vt 0.433078 0.818413
vt 0.433171 0.809196
vt 0.433142 0.818411
vt 0.433235 0.809193
vt 0.433476 0.800193
vt 0.433540 0.800190
vt 0.433603 0.800186
vt 0.445354 0.827627
vt 0.445103 0.818062
vt 0.445291 0.827628
vt 0.445039 0.818064
vt 0.445226 0.827629
vt 0.444975 0.818066
vt 0.445948 0.837146
vt 0.445884 0.837146
vt 0.445820 0.837146
vt 0.433243 0.827650
vt 0.433766 0.836847
vt 0.433307 0.827649
vt 0.433830 0.836847
vt 0.433371 0.827648
vt 0.433894 0.836848
vt 0.445535 0.799207
vt 0.445176 0.808522
vt 0.445471 0.799210
vt 0.445112 0.808524
vt 0.445407 0.799214
vt 0.445048 0.808527
vt 0.446998 0.781647
vt 0.446142 0.790281
vt 0.446934 0.781652
vt 0.446078 0.790285
vt 0.446869 0.781660
vt 0.446013 0.790291
vt 0.434090 0.791567
vt 0.434154 0.791564
vt 0.434218 0.791558
vt 0.434968 0.783234
vt 0.435032 0.783229
vt 0.435096 0.783222
vt 0.436122 0.774991
vt 0.436186 0.774985
vt 0.436250 0.774975
vt 0.437479 0.766454
vt 0.437545 0.766436
vt 0.437611 0.766413
vt 0.450397 0.760718
vt 0.448227 0.772665
vt 0.450332 0.760732
vt 0.448163 0.772672
vt 0.450267 0.760754
vt 0.448099 0.772682
vt 0.491766 0.742488
vt 0.449070 0.735819
vt 0.449066 0.735910
vt 0.492870 0.746040
vt 0.449051 0.735762
vt 0.438966 0.757316
vt 0.439036 0.757273
vt 0.439107 0.757218
vt 0.453822 0.743711
vt 0.453757 0.743737
vt 0.453688 0.743783
vt 0.447022 0.847212
vt 0.446958 0.847210
vt 0.446894 0.847205
vt 0.449236 0.860940
vt 0.449172 0.860927
vt 0.449107 0.860906
vt 0.434569 0.846044
vt 0.435705 0.855539
vt 0.434633 0.846047
vt 0.435771 0.855551
vt 0.434698 0.846051
vt 0.435837 0.855571
vt 0.447381 0.889611
vt 0.447389 0.889527
vt 0.447380 0.889413
vt 0.439172 0.875494
vt 0.439230 0.875479
vt 0.439286 0.875459
vt 0.452664 0.880594
vt 0.452599 0.880558
vt 0.452531 0.880502
vt 0.437263 0.865551
vt 0.437332 0.865584
vt 0.437404 0.865634
vt 0.457789 0.903865
vt 0.455964 0.903120
vt 0.512565 0.707904
vt 0.512555 0.707910
vt 0.512856 0.708265
vt 0.459676 0.724963
vt 0.494246 0.749464
vt 0.458772 0.724352
vt 0.494013 0.749589
vt 0.494243 0.749459
vt 0.439255 0.748747
vt 0.439282 0.748652
vt 0.439311 0.748557
vt 0.491772 0.742467
vt 0.438116 0.749242
vt 0.491933 0.742150
vt 0.520243 0.734898
vt 0.519278 0.737071
vt 0.520252 0.734903
vt 0.519287 0.737076
vt 0.501243 0.935787
vt 0.494014 0.935374
vt 0.501244 0.935754
vt 0.521069 0.732726
vt 0.521079 0.732730
vt 0.494011 0.935406
vt 0.486961 0.934795
vt 0.515872 0.735345
vt 0.509028 0.920402
vt 0.501542 0.920296
vt 0.501543 0.920261
vt 0.509029 0.920437
vt 0.501540 0.920331
vt 0.514774 0.737469
vt 0.516475 0.920288
vt 0.516479 0.920323
vt 0.509030 0.920472
vt 0.516978 0.741229
vt 0.518185 0.739188
vt 0.516987 0.741234
vt 0.508499 0.935933
vt 0.515724 0.935832
vt 0.515726 0.935864
vt 0.518194 0.739192
vt 0.508499 0.935901
vt 0.516839 0.733164
vt 0.517668 0.730982
vt 0.486807 0.919313
vt 0.494078 0.919923
vt 0.486800 0.919348
vt 0.494074 0.919958
vt 0.486795 0.919382
vt 0.494082 0.919888
vt 0.518356 0.728852
vt 0.518908 0.726755
vt 0.473123 0.917629
vt 0.479836 0.918597
vt 0.473110 0.917662
vt 0.479829 0.918632
vt 0.473102 0.917696
vt 0.479845 0.918563
vt 0.521753 0.730603
vt 0.521762 0.730608
vt 0.486957 0.934827
vt 0.480212 0.934050
vt 0.522299 0.728513
vt 0.522309 0.728518
vt 0.480206 0.934082
vt 0.473688 0.933132
vt 0.522717 0.726420
vt 0.522727 0.726424
vt 0.473681 0.933163
vt 0.467252 0.932013
vt 0.523018 0.724277
vt 0.523028 0.724284
vt 0.467243 0.932045
vt 0.460745 0.930652
vt 0.519345 0.724538
vt 0.519740 0.721580
vt 0.457061 0.914583
vt 0.466146 0.916457
vt 0.457036 0.914612
vt 0.466135 0.916490
vt 0.457019 0.914644
vt 0.466162 0.916424
vt 0.523351 0.719860
vt 0.522027 0.716195
vt 0.523361 0.719855
vt 0.522032 0.716168
vt 0.523371 0.719848
vt 0.437238 0.920621
vt 0.447303 0.927000
vt 0.522039 0.716148
vt 0.427344 0.914203
vt 0.523216 0.722055
vt 0.523225 0.722068
vt 0.460729 0.930682
vt 0.454061 0.928994
vt 0.454031 0.929020
vt 0.520183 0.717391
vt 0.444346 0.912013
vt 0.444318 0.912041
vt 0.444390 0.911987
vt 0.513560 0.739517
vt 0.524357 0.919840
vt 0.524367 0.919874
vt 0.516481 0.920357
vt 0.512129 0.741598
vt 0.535178 0.918716
vt 0.535199 0.918748
vt 0.524373 0.919908
vt 0.514188 0.745149
vt 0.515660 0.743198
vt 0.514200 0.745151
vt 0.522960 0.935596
vt 0.530440 0.935075
vt 0.530451 0.935106
vt 0.515670 0.743202
vt 0.522956 0.935564
vt 0.506584 0.750802
vt 0.506567 0.750823
vt 0.506557 0.750841
vt 0.510828 0.749064
vt 0.510832 0.749074
vt 0.510834 0.749085
vt 0.558997 0.926756
vt 0.509900 0.744293
vt 0.550768 0.916865
vt 0.550811 0.916894
vt 0.535213 0.918780
vt 0.550839 0.916925
vt 0.506442 0.748085
vt 0.512536 0.747128
vt 0.538407 0.934329
vt 0.546570 0.933141
vt 0.546563 0.933176
vt 0.512551 0.747125
vt 0.538381 0.934298
vt 0.501324 0.932781
vt 0.494108 0.932400
vt 0.501325 0.932731
vt 0.494108 0.932350
vt 0.501326 0.932681
vt 0.494108 0.932300
vt 0.487068 0.931821
vt 0.487067 0.931771
vt 0.487066 0.931721
vt 0.508980 0.923432
vt 0.501462 0.923292
vt 0.508978 0.923482
vt 0.501461 0.923342
vt 0.508976 0.923532
vt 0.501460 0.923392
vt 0.516471 0.923318
vt 0.516469 0.923368
vt 0.516466 0.923419
vt 0.508565 0.932924
vt 0.515781 0.932850
vt 0.508566 0.932875
vt 0.515784 0.932800
vt 0.508569 0.932825
vt 0.515787 0.932750
vt 0.486669 0.922337
vt 0.493973 0.922916
vt 0.486670 0.922387
vt 0.493973 0.922966
vt 0.486671 0.922438
vt 0.493973 0.923017
vt 0.472919 0.920652
vt 0.479677 0.921587
vt 0.472921 0.920702
vt 0.479678 0.921637
vt 0.472924 0.920753
vt 0.479680 0.921688
vt 0.480332 0.931078
vt 0.480331 0.931028
vt 0.480328 0.930977
vt 0.473826 0.930155
vt 0.473824 0.930105
vt 0.473821 0.930054
vt 0.467416 0.929029
vt 0.467413 0.928978
vt 0.467406 0.928927
vt 0.460947 0.927655
vt 0.460937 0.927603
vt 0.460921 0.927549
vt 0.456813 0.917534
vt 0.465925 0.919430
vt 0.456824 0.917585
vt 0.465929 0.919480
vt 0.456841 0.917637
vt 0.465935 0.919531
vt 0.438579 0.918357
vt 0.447787 0.924128
vt 0.438648 0.918354
vt 0.447802 0.924084
vt 0.438743 0.918366
vt 0.447822 0.924042
vt 0.454324 0.925986
vt 0.454298 0.925929
vt 0.454259 0.925870
vt 0.444175 0.914883
vt 0.444203 0.914936
vt 0.444245 0.914991
vt 0.524411 0.922866
vt 0.524407 0.922916
vt 0.524401 0.922966
vt 0.535275 0.921677
vt 0.535262 0.921727
vt 0.535243 0.921777
vt 0.523003 0.932570
vt 0.530463 0.932060
vt 0.523007 0.932520
vt 0.530476 0.932009
vt 0.523013 0.932470
vt 0.530494 0.931958
vt 0.557876 0.924370
vt 0.557810 0.924360
vt 0.557720 0.924362
vt 0.546285 0.930231
vt 0.546276 0.930184
vt 0.546263 0.930139
vt 0.550843 0.919760
vt 0.550811 0.919810
vt 0.550764 0.919861
vt 0.538355 0.931265
vt 0.538383 0.931212
vt 0.538426 0.931158
vt 0.569234 0.916602
vt 0.568942 0.918224
vt 0.502773 0.753346
vt 0.502508 0.752973
vt 0.502264 0.752603
vt 0.502513 0.752972
vt 0.429473 0.910727
vt 0.429545 0.909325
vt 0.521120 0.712240
vt 0.428342 0.913215
vt 0.427308 0.914130
vt 0.427284 0.914107
vt 0.429445 0.912301
vt 0.650058 0.848759
vt 0.562195 0.730243
vt 0.656613 0.819310
vt 0.504481 0.865241
vt 0.504448 0.865319
vt 0.508750 0.710244
vt 0.506856 0.751650
vt 0.484792 0.723874
vt 0.578267 0.806805
vt 0.656524 0.819261
vt 0.574268 0.822545
vt 0.513144 0.708622
vt 0.479430 0.217388
vt 0.467093 0.747804
vt 0.498985 0.748031
vt 0.457621 0.723864
vt 0.447308 0.927036
s 1
f 1269/1/1 1/2/2 201/3/3
f 1220/4/4 20/5/5 105/6/6
f 88/7/2 226/8/7 3/9/2
f 215/10/8 113/11/9 1230/12/10
f 4/13/2 1234/14/11 205/15/12
f 200/16/13 105/6/6 16/17/14
f 211/18/15 101/19/16 14/20/17
f 225/21/18 108/22/19 1225/23/20
f 3/9/2 1209/24/21 221/25/22
f 1224/26/23 4/13/2 87/27/2
f 1230/12/10 22/28/24 230/29/25
f 1240/30/26 19/31/27 236/32/28
f 1235/33/29 26/34/30 206/35/31
f 230/29/25 107/36/32 1245/37/33
f 1245/37/33 23/38/34 240/39/35
f 1255/40/36 18/41/37 246/42/38
f 89/43/2 235/44/39 1234/14/11
f 240/39/35 114/45/40 1260/46/41
f 1260/46/41 1372/47/42 252/48/43
f 268/49/44 112/50/45 1255/40/36
f 90/51/2 245/52/46 1239/53/47
f 1270/54/48 16/17/14 103/55/49
f 273/56/50 103/55/49 17/57/51
f 279/58/52 109/59/53 13/60/54
f 1/2/2 1214/61/55 88/7/2
f 1285/62/56 17/57/51 111/63/57
f 284/64/58 111/63/57 21/65/59
f 1280/66/60 1369/67/61 109/59/53
f 6/68/2 1264/69/62 92/70/2
f 105/6/6 327/71/63 1299/72/64
f 10/73/65 1315/74/66 96/75/65
f 24/76/67 1309/77/68 113/11/9
f 336/78/69 97/79/65 1325/80/70
f 103/55/49 307/81/71 1349/82/72
f 15/83/73 1294/84/74 332/85/75
f 15/83/73 1304/86/76 108/22/19
f 102/87/77 316/88/78 1294/84/74
f 115/89/79 327/71/63 20/5/5
f 116/90/80 311/91/81 26/34/30
f 19/31/27 1314/92/82 116/90/80
f 22/28/24 1324/93/83 107/36/32
f 1310/94/84 8/95/65 336/78/69
f 104/96/85 341/97/86 19/31/27
f 18/41/37 1319/98/87 104/96/85
f 23/38/34 1339/99/88 114/45/40
f 1325/80/70 11/100/89 346/101/90
f 112/50/45 351/102/91 18/41/37
f 25/103/92 1334/104/93 112/50/45
f 114/45/40 357/105/94 1372/47/42
f 306/106/95 95/107/65 7/108/65
f 14/20/17 1344/109/96 316/88/78
f 101/19/16 383/110/97 1344/109/96
f 111/63/57 379/111/98 1364/112/99
f 99/113/65 378/114/100 1350/115/101
f 13/60/54 1359/116/102 383/110/97
f 109/59/53 395/117/103 1359/116/102
f 21/65/59 1364/112/99 388/118/104
f 1215/119/105 14/20/17 102/87/77
f 1275/120/106 21/65/59 106/121/107
f 106/121/107 388/118/104 1354/122/108
f 7/108/65 1295/123/109 317/124/110
f 226/8/7 87/27/2 3/9/2
f 1225/23/20 24/76/67 215/10/8
f 108/22/19 322/125/111 24/76/67
f 95/107/65 331/126/112 1295/123/109
f 93/127/2 278/128/113 6/68/2
f 201/3/3 88/7/2 1219/129/114
f 16/17/14 1299/72/64 307/81/71
f 384/130/115 100/131/65 12/132/65
f 236/32/28 116/90/80 1235/33/29
f 1250/133/116 1373/134/117 110/135/118
f 110/135/118 356/136/119 1329/137/120
f 96/75/65 342/138/121 8/95/65
f 206/35/31 115/89/79 1210/139/122
f 225/21/18 102/87/77 15/83/73
f 1300/140/123 9/141/65 95/107/65
f 26/34/30 1289/142/124 115/89/79
f 1274/143/125 1279/144/126 93/127/2
f 283/145/127 93/127/2 1284/146/128
f 100/131/65 389/147/129 1365/148/130
f 1360/149/131 1355/150/132 100/131/65
f 5/151/133 1254/152/134 245/52/46
f 1229/153/135 2/154/2 89/43/2
f 113/11/9 337/155/136 22/28/24
f 11/100/89 1335/156/137 98/157/138
f 216/158/139 89/43/2 4/13/2
f 231/159/140 90/51/2 2/154/2
f 94/160/65 331/126/112 9/141/65
f 10/73/65 1305/161/141 94/160/65
f 1265/162/142 13/60/54 101/19/16
f 7/108/65 1350/115/101 306/106/95
f 410/163/143 136/164/144 1493/165/145
f 1345/166/146 12/132/65 99/113/65
f 91/167/147 269/168/148 1254/152/134
f 1259/169/149 1249/170/150 91/167/147
f 1340/171/151 1330/172/152 358/173/153
f 98/157/138 373/174/154 1330/172/152
f 1275/175/106 1370/176/155 288/177/156
f 274/178/157 92/70/2 1269/1/1
f 17/57/51 1349/82/72 379/111/98
f 106/179/107 393/180/158 1370/176/155
f 246/42/38 104/96/85 1240/30/26
f 1284/146/128 6/68/2 274/178/157
f 12/132/65 1365/148/130 378/114/100
f 97/79/65 352/181/159 11/100/89
f 2/154/2 1239/53/47 235/44/39
f 1210/139/122 20/5/5 220/182/160
f 321/183/161 96/75/65 1310/94/84
f 8/95/65 1320/184/162 97/79/65
f 1250/185/116 25/103/92 268/49/44
f 1244/186/163 5/151/133 90/51/2
f 107/36/32 347/187/164 23/38/34
f 110/188/118 374/189/165 25/103/92
f 1219/129/114 3/9/2 221/25/22
f 87/27/2 205/15/12 1209/24/21
f 312/190/166 94/160/65 1290/191/167
f 1290/191/167 9/141/65 326/192/168
f 92/70/2 210/193/169 1/2/2
f 241/194/170 91/167/147 5/151/133
f 346/101/90 98/157/138 1340/171/151
f 317/124/110 99/113/65 7/108/65
f 457/195/171 129/196/172 34/197/173
f 1439/198/174 1527/199/175 135/200/176
f 135/200/176 725/201/177 1483/202/178
f 709/203/179 130/204/180 1479/205/181
f 481/206/182 126/207/183 1428/208/184
f 436/209/185 136/164/144 1403/210/186
f 137/211/187 672/212/188 1469/213/189
f 1479/205/181 1489/214/190 691/215/191
f 447/216/192 123/217/193 29/218/194
f 424/219/195 134/220/196 1502/221/197
f 1454/222/198 1459/223/199 619/224/200
f 134/220/196 635/225/201 1464/226/202
f 27/227/203 1395/228/204 123/217/193
f 31/229/205 1399/230/206 564/231/207
f 32/232/208 1399/230/206 126/207/183
f 438/233/209 133/234/210 1518/235/211
f 1409/236/212 1494/237/213 119/238/214
f 33/239/215 1381/240/216 128/241/217
f 34/197/173 1386/242/218 527/243/219
f 412/244/220 121/245/203 1404/246/221
f 1414/247/222 1498/248/223 133/234/210
f 1394/249/224 1398/250/225 516/251/226
f 30/252/227 1380/253/228 546/254/229
f 457/195/171 127/255/230 1433/256/231
f 447/216/192 122/257/232 1408/258/233
f 27/227/203 1375/259/234 529/260/235
f 34/197/173 1376/261/236 127/255/230
f 1423/262/237 1521/263/238 467/264/239
f 425/265/240 118/266/241 1429/267/242
f 35/268/243 1386/242/218 129/196/172
f 35/268/243 1381/240/216 566/269/244
f 1429/267/242 1507/270/245 482/271/246
f 480/272/247 137/211/187 1423/262/237
f 28/273/203 1390/274/248 545/275/249
f 29/218/194 1390/274/248 122/257/232
f 426/276/250 124/277/251 1419/278/252
f 490/279/253 127/255/230 33/239/215
f 29/218/194 1395/228/204 515/280/254
f 1517/281/255 1449/282/256 136/164/144
f 491/283/257 135/200/176 1509/284/258
f 456/285/259 138/286/260 1444/287/261
f 1385/288/262 1394/249/224 528/289/263
f 28/273/203 1375/259/234 121/245/203
f 1444/287/261 1526/290/264 506/291/265
f 1434/292/266 1510/293/267 117/294/268
f 30/252/227 1389/295/269 125/296/270
f 31/229/205 1380/253/228 124/277/251
f 1418/297/271 1522/298/272 134/220/196
f 32/232/208 1389/295/269 517/299/273
f 565/300/274 120/301/275 1385/288/262
f 33/239/215 1376/261/236 547/302/276
f 1509/284/258 1483/202/178 708/303/277
f 138/286/260 726/304/278 1526/290/264
f 1514/305/279 1488/306/280 138/286/260
f 119/238/214 602/307/281 1453/308/282
f 133/234/210 584/309/283 1518/235/211
f 1498/248/223 1458/310/284 133/234/210
f 1503/311/285 1473/312/286 118/266/241
f 137/211/187 636/313/287 1521/263/238
f 118/266/241 673/314/288 1507/270/245
f 437/315/289 123/217/193 1413/316/290
f 445/317/291 119/238/214 1499/318/292
f 1499/318/292 1453/308/282 618/319/293
f 136/164/144 600/320/294 1493/165/145
f 426/276/250 126/207/183 31/229/205
f 466/321/295 124/277/251 30/252/227
f 637/322/296 132/323/297 1463/324/298
f 1463/324/298 1474/325/299 654/326/300
f 490/279/253 128/241/217 1438/327/301
f 505/328/302 128/241/217 35/268/243
f 1489/214/190 1484/329/303 727/330/304
f 117/294/268 707/331/305 1478/332/306
f 412/244/220 122/257/232 28/273/203
f 437/315/289 121/245/203 27/227/203
f 1459/223/199 1448/333/307 585/334/308
f 601/335/309 131/336/310 1454/222/198
f 466/321/295 125/296/270 1424/337/311
f 481/206/182 125/296/270 32/232/208
f 1474/325/299 1468/338/312 674/339/313
f 1502/221/197 1464/226/202 653/340/314
f 505/328/302 129/196/172 1443/341/315
f 455/342/316 117/294/268 1515/343/317
f 1515/343/317 1478/332/306 690/344/318
f 1590/345/319 36/346/320 745/347/321
f 1541/348/322 55/349/323 157/350/324
f 140/351/320 770/352/325 38/353/320
f 759/354/326 165/355/327 1551/356/328
f 39/357/320 1555/358/329 749/359/330
f 744/360/331 157/350/324 51/361/332
f 755/362/333 153/363/334 49/364/335
f 769/365/336 160/366/337 1546/367/338
f 38/353/320 1530/368/339 765/369/340
f 1545/370/341 39/357/320 139/371/320
f 1551/356/328 57/372/342 774/373/343
f 1561/374/344 54/375/345 780/376/346
f 1556/377/347 60/378/348 750/379/349
f 774/373/343 159/380/350 1566/381/351
f 1566/381/351 58/382/352 784/383/353
f 1576/384/354 53/385/355 790/386/356
f 141/387/320 779/388/357 1555/358/329
f 784/383/353 166/389/358 1581/390/359
f 796/391/360 166/389/358 1693/392/361
f 813/393/362 164/394/363 1576/384/354
f 142/395/320 789/396/364 1560/397/365
f 1591/398/366 51/361/332 155/399/367
f 831/400/368 155/399/367 52/401/369
f 837/402/370 161/403/371 48/404/372
f 36/346/320 1535/405/373 140/351/320
f 1606/406/374 52/401/369 163/407/375
f 842/408/376 163/407/375 56/409/377
f 1601/410/378 1690/411/379 161/403/371
f 41/412/320 1585/413/380 144/414/320
f 157/350/324 884/415/381 1620/416/382
f 45/417/383 1636/418/384 148/419/383
f 59/420/385 1630/421/386 165/355/327
f 893/422/387 149/423/388 1646/424/389
f 155/399/367 864/425/390 1670/426/391
f 50/427/392 1615/428/393 889/429/394
f 50/427/392 1625/430/395 160/366/337
f 154/431/396 873/432/397 1615/428/393
f 167/433/398 884/415/381 55/349/323
f 168/434/399 868/435/400 60/378/348
f 54/375/345 1635/436/401 168/434/399
f 57/372/342 1645/437/402 159/380/350
f 1631/438/403 43/439/404 893/422/387
f 156/440/405 898/441/406 54/375/345
f 53/385/355 1640/442/407 156/440/405
f 58/382/352 1660/443/408 166/389/358
f 1646/424/389 46/444/409 903/445/410
f 164/394/363 908/446/411 53/385/355
f 1697/447/412 1655/448/413 164/394/363
f 1693/392/361 1660/443/408 914/449/414
f 863/450/415 147/451/383 42/452/383
f 49/364/335 1665/453/416 873/432/397
f 153/363/334 955/454/417 1665/453/416
f 163/407/375 951/455/418 1685/456/419
f 151/457/383 950/458/420 1671/459/421
f 48/404/372 1680/460/422 955/454/417
f 161/403/371 967/461/423 1680/460/422
f 56/409/377 1685/456/419 960/462/424
f 1536/463/425 49/364/335 154/431/396
f 1596/464/426 56/409/377 158/465/427
f 158/465/427 960/462/424 1675/466/428
f 42/452/383 1616/467/429 874/468/430
f 770/352/325 139/371/320 38/353/320
f 1546/367/338 59/420/385 759/354/326
f 160/366/337 879/469/431 59/420/385
f 147/451/383 888/470/432 1616/467/429
f 145/471/320 836/472/433 41/412/320
f 745/347/321 140/351/320 1540/473/434
f 51/361/332 1620/416/382 864/425/390
f 956/474/435 152/475/383 47/476/383
f 780/376/346 168/434/399 1556/377/347
f 794/477/436 162/478/437 1571/479/438
f 1694/480/439 1650/481/440 162/478/437
f 148/419/383 899/482/441 43/439/404
f 750/379/349 167/433/398 1531/483/442
f 769/365/336 154/431/396 50/427/392
f 1621/484/443 44/485/383 147/451/383
f 60/378/348 1610/486/444 167/433/398
f 1595/487/445 1600/488/446 145/471/320
f 841/489/447 145/471/320 1605/490/448
f 152/475/383 961/491/449 1686/492/450
f 1681/493/451 1676/494/452 152/475/383
f 40/495/320 1575/496/453 789/396/364
f 1550/497/454 37/498/320 141/387/320
f 165/355/327 894/499/455 57/372/342
f 46/444/409 1656/500/456 150/501/457
f 760/502/458 141/387/320 39/357/320
f 775/503/459 142/395/320 37/498/320
f 146/504/383 888/470/432 44/485/383
f 45/417/383 1626/505/460 146/504/383
f 1586/506/461 48/404/372 153/363/334
f 42/452/383 1671/459/421 863/450/415
f 1762/507/462 61/508/463 983/509/464
f 1666/510/465 47/476/383 151/457/383
f 143/511/466 814/512/467 1575/496/453
f 1580/513/468 1570/514/469 143/511/466
f 1661/515/470 1651/516/471 915/517/472
f 150/501/457 932/518/473 1651/516/471
f 1596/519/426 1691/520/474 846/521/475
f 832/522/476 144/414/320 1590/345/319
f 52/401/369 1670/426/391 951/455/418
f 158/465/427 965/523/477 1691/524/474
f 790/386/356 156/440/405 1561/374/344
f 1605/490/448 41/412/320 832/522/476
f 47/476/383 1686/492/450 950/458/420
f 149/423/388 909/525/478 46/444/409
f 37/498/320 1560/397/365 779/388/357
f 1531/483/442 55/349/323 764/526/479
f 878/527/480 148/419/383 1631/438/403
f 43/439/404 1641/528/481 149/423/388
f 1571/479/438 1698/529/482 812/530/483
f 1565/531/484 40/495/320 142/395/320
f 159/380/350 904/532/485 58/382/352
f 162/478/437 931/533/486 1698/529/482
f 1540/473/434 38/353/320 765/369/340
f 139/371/320 749/359/330 1530/368/339
f 869/534/487 146/504/383 1611/535/488
f 1611/535/488 44/485/383 883/536/489
f 144/414/320 754/537/490 36/346/320
f 785/538/491 143/511/466 40/495/320
f 903/445/410 150/501/457 1661/515/470
f 874/468/430 151/457/383 42/452/383
f 1713/539/492 80/540/493 187/541/494
f 170/542/463 1008/543/495 63/544/463
f 997/545/496 195/546/497 1723/547/498
f 64/548/463 1727/549/499 987/550/500
f 982/551/501 187/541/494 76/552/502
f 993/553/503 183/554/504 74/555/505
f 1007/556/506 190/557/507 1718/558/508
f 63/544/463 1702/559/509 1003/560/510
f 1717/561/511 64/548/463 169/562/463
f 1723/547/498 82/563/512 1012/564/513
f 1733/565/514 79/566/515 1018/567/516
f 1728/568/517 86/569/518 988/570/519
f 1012/564/513 189/571/520 1738/572/521
f 1738/572/521 83/573/522 1022/574/523
f 1748/575/524 78/576/525 1028/577/526
f 171/578/463 1017/579/527 1727/549/499
f 1022/574/523 196/580/528 1753/581/529
f 1753/581/529 1865/582/530 1034/583/531
f 1050/584/532 194/585/533 1748/575/524
f 172/586/463 1027/587/534 1732/588/535
f 1763/589/536 76/552/502 185/590/537
f 1055/591/538 185/590/537 77/592/539
f 1061/593/540 191/594/541 73/595/542
f 61/508/463 1707/596/543 170/542/463
f 1778/597/544 77/592/539 193/598/545
f 1066/599/546 193/598/545 81/600/547
f 1773/601/548 1862/602/549 191/594/541
f 66/603/463 1757/604/550 174/605/463
f 187/541/494 1109/606/551 1792/607/552
f 70/608/553 1808/609/554 178/610/553
f 84/611/555 1802/612/556 195/546/497
f 1118/613/557 179/614/553 1818/615/558
f 185/590/537 1089/616/559 1842/617/560
f 75/618/561 1787/619/562 1114/620/563
f 75/618/561 1797/621/564 190/557/507
f 184/622/565 1098/623/566 1787/619/562
f 197/624/567 1109/606/551 80/540/493
f 198/625/568 1093/626/569 86/569/518
f 79/566/515 1807/627/570 198/625/568
f 82/563/512 1817/628/571 189/571/520
f 1803/629/572 68/630/553 1118/613/557
f 186/631/573 1123/632/574 79/566/515
f 78/576/525 1812/633/575 186/631/573
f 83/573/522 1832/634/576 196/580/528
f 1818/615/558 71/635/553 1128/636/577
f 194/585/533 1133/637/578 78/576/525
f 85/638/579 1827/639/580 194/585/533
f 196/580/528 1139/640/581 1865/582/530
f 1088/641/582 177/642/553 67/643/553
f 74/555/505 1837/644/583 1098/623/566
f 183/554/504 1165/645/584 1837/644/583
f 193/598/545 1161/646/585 1857/647/586
f 181/648/553 1160/649/587 1843/650/588
f 73/595/542 1852/651/589 1165/645/584
f 191/594/541 1177/652/590 1852/651/589
f 81/600/547 1857/647/586 1170/653/591
f 1708/654/592 74/555/505 184/622/565
f 1768/655/593 81/600/547 188/656/594
f 188/656/594 1170/653/591 1847/657/595
f 67/643/553 1788/658/596 1099/659/597
f 1008/543/495 169/562/463 63/544/463
f 1718/558/508 84/611/555 997/545/496
f 190/557/507 1104/660/598 84/611/555
f 177/642/553 1113/661/599 1788/658/596
f 175/662/463 1060/663/600 66/603/463
f 983/509/464 170/542/463 1712/664/601
f 76/552/502 1792/607/552 1089/616/559
f 1166/665/602 182/666/553 72/667/553
f 1018/567/516 198/625/568 1728/568/517
f 1743/668/603 1866/669/604 192/670/605
f 192/670/605 1138/671/606 1822/672/607
f 178/610/553 1124/673/608 68/630/553
f 988/570/519 197/624/567 1703/674/609
f 1007/556/506 184/622/565 75/618/561
f 1793/675/610 69/676/553 177/642/553
f 86/569/518 1782/677/611 197/624/567
f 1767/678/612 1772/679/613 175/662/463
f 1065/680/614 175/662/463 1777/681/615
f 182/666/553 1171/682/616 1858/683/617
f 1853/684/618 1848/685/619 182/666/553
f 65/686/463 1747/687/620 1027/587/534
f 1722/688/621 62/689/463 171/578/463
f 195/546/497 1119/690/622 82/563/512
f 71/635/553 1828/691/623 180/692/624
f 998/693/625 171/578/463 64/548/463
f 1013/694/626 172/586/463 62/689/463
f 176/695/553 1113/661/599 69/676/553
f 70/608/553 1798/696/627 176/695/553
f 1758/697/628 73/595/542 183/554/504
f 67/643/553 1843/650/588 1088/641/582
f 1838/698/629 72/667/553 181/648/553
f 173/699/630 1051/700/631 1747/687/620
f 1752/701/632 1742/702/633 173/699/630
f 1833/703/634 1823/704/635 1140/705/636
f 180/692/624 1155/706/637 1823/704/635
f 1768/707/593 1863/708/638 1070/709/639
f 1056/710/640 174/605/463 1762/507/462
f 77/592/539 1842/617/560 1161/646/585
f 188/711/594 1175/712/641 1863/708/638
f 1028/577/526 186/631/573 1733/565/514
f 1777/681/615 66/603/463 1056/710/640
f 72/667/553 1858/683/617 1160/649/587
f 179/614/553 1134/713/642 71/635/553
f 62/689/463 1732/588/535 1017/579/527
f 1703/674/609 80/540/493 1002/714/643
f 1103/715/644 178/610/553 1803/629/572
f 68/630/553 1813/716/645 179/614/553
f 1743/668/603 85/638/579 1050/584/532
f 1737/717/646 65/686/463 172/586/463
f 189/571/520 1129/718/647 83/573/522
f 192/670/605 1156/719/648 85/638/579
f 1712/664/601 63/544/463 1003/560/510
f 169/562/463 987/550/500 1702/559/509
f 1094/720/649 176/695/553 1783/721/650
f 1783/721/650 69/676/553 1108/722/651
f 174/605/463 992/723/652 61/508/463
f 1023/724/653 173/699/630 65/686/463
f 1128/636/577 180/692/624 1833/703/634
f 1099/659/597 181/648/553 67/643/553
f 250/725/654 256/726/655 255/727/656
f 253/728/657 257/729/658 256/726/655
f 255/727/656 267/730/659 264/731/660
f 256/726/655 258/732/661 267/730/659
f 259/733/662 261/734/663 251/735/664
f 260/736/665 262/737/666 259/733/662
f 262/738/666 254/739/667 261/740/663
f 263/741/668 257/742/658 262/737/666
f 252/48/43 266/743/669 265/744/670
f 264/745/671 267/746/672 266/743/669
f 265/744/670 263/741/673 260/736/674
f 266/743/669 258/747/675 263/741/673
f 288/177/156 293/748/676 292/749/677
f 291/750/678 294/751/679 293/748/676
f 292/749/677 305/752/680 302/753/681
f 293/748/676 295/754/682 305/752/680
f 289/755/683 299/756/684 298/757/685
f 296/758/686 300/759/687 299/756/684
f 298/757/685 299/756/684 294/760/688
f 299/756/684 295/761/689 294/760/688
f 301/762/690 303/763/691 290/764/692
f 302/753/681 304/765/693 301/762/690
f 304/766/693 297/767/694 303/768/691
f 305/752/680 300/769/695 304/765/693
f 356/770/119 361/771/696 360/772/697
f 359/773/698 362/774/699 361/775/696
f 360/772/697 372/776/700 369/777/701
f 361/771/696 363/778/702 372/776/700
f 357/105/94 366/779/703 359/780/704
f 364/781/705 367/782/706 366/779/703
f 359/780/704 366/779/703 362/783/707
f 366/779/703 363/778/708 362/783/709
f 368/784/710 370/785/711 358/173/153
f 369/777/701 371/786/712 368/784/710
f 371/786/712 365/787/713 370/785/711
f 372/776/714 367/782/706 371/786/712
f 393/180/158 398/788/715 406/789/716
f 396/790/717 399/791/718 398/792/715
f 406/793/716 398/792/715 409/794/719
f 398/792/715 400/795/720 409/794/721
f 401/796/722 403/797/723 394/798/724
f 402/799/725 404/800/726 401/796/722
f 404/800/726 397/801/727 403/797/723
f 405/802/728 399/791/729 404/800/726
f 395/117/103 408/803/730 407/804/731
f 406/805/732 409/794/733 408/803/730
f 407/804/731 405/802/728 402/799/725
f 408/803/730 400/795/734 405/802/728
f 413/806/735 415/807/736 410/163/143
f 413/806/735 414/808/737 416/809/738
f 415/807/736 416/809/738 423/810/739
f 417/811/740 419/812/741 411/813/742
f 418/814/743 420/815/744 417/811/745
f 420/815/744 414/808/737 419/812/741
f 420/815/744 423/816/739 416/817/738
f 421/818/746 423/819/739 422/820/747
f 422/820/747 418/814/743 421/821/746
f 424/219/748 427/822/749 429/823/750
f 427/822/749 428/824/751 429/825/750
f 429/825/752 435/826/752 433/827/752
f 430/828/753 431/829/754 425/265/755
f 430/828/756 435/826/757 429/830/758
f 431/829/754 429/831/750 428/824/751
f 433/827/759 434/832/760 432/833/761
f 436/209/185 440/834/762 439/835/763
f 440/834/764 1870/836/764 441/837/764
f 438/233/209 444/838/765 440/839/766
f 444/838/767 439/840/768 440/841/767
f 440/841/769 1870/842/769 443/843/770
f 448/844/771 449/845/772 445/317/291
f 448/844/773 452/846/774 453/847/774
f 449/845/772 450/848/775 1871/849/776
f 446/850/777 453/851/778 452/852/779
f 451/853/780 450/848/781 453/854/782
f 458/855/783 459/856/784 455/342/785
f 458/855/783 461/857/786 460/858/787
f 459/856/788 199/859/789 463/860/790
f 456/285/791 460/861/792 461/862/792
f 460/863/793 463/864/793 199/859/793
f 462/865/794 464/866/794 463/867/794
f 468/868/795 470/869/796 465/870/797
f 469/871/798 471/872/799 468/868/795
f 470/869/796 471/873/799 477/874/800
f 473/875/801 475/876/802 474/877/803
f 475/876/802 469/871/798 474/878/803
f 476/879/804 478/880/805 467/264/239
f 477/874/800 479/881/806 476/879/804
f 479/881/806 473/875/801 478/880/805
f 479/881/806 471/873/799 472/882/807
f 480/272/247 488/883/808 483/884/809
f 488/885/810 1872/886/811 484/887/812
f 483/884/813 488/888/813 487/889/813
f 482/271/246 487/890/814 488/891/815
f 488/892/816 1872/886/817 486/893/818
f 492/894/819 494/895/820 489/896/821
f 492/894/819 493/897/822 495/898/823
f 495/898/823 501/899/824 494/895/820
f 495/898/823 496/900/825 503/901/826
f 498/902/827 497/903/828 499/904/829
f 498/905/827 499/904/829 493/906/822
f 497/903/828 493/897/822 499/904/829
f 500/907/830 502/908/831 491/283/257
f 500/907/830 501/899/824 503/909/826
f 502/908/831 503/909/826 497/910/828
f 503/901/826 496/900/825 497/903/828
f 507/911/832 508/912/833 504/913/834
f 507/911/832 511/914/835 514/915/836
f 508/912/833 514/916/836 513/917/837
f 514/915/838 511/914/839 509/918/838
f 506/291/265 512/919/840 514/920/841
f 512/919/842 513/917/843 514/921/844
f 514/921/845 511/922/846 1869/923/845
f 518/924/847 520/925/848 515/280/254
f 524/926/849 526/927/850 517/299/273
f 530/928/851 532/929/852 527/243/219
f 531/930/853 533/931/854 530/928/851
f 533/931/854 542/932/855 532/929/852
f 533/931/854 534/933/856 535/934/857
f 528/289/263 539/935/858 538/936/859
f 536/937/860 540/938/861 539/935/858
f 538/936/859 534/939/862 531/940/863
f 539/941/858 535/942/864 534/933/862
f 541/943/865 543/944/866 529/260/235
f 542/932/855 544/945/867 541/943/865
f 544/945/867 537/946/868 543/944/866
f 544/945/867 535/942/857 540/947/869
f 548/948/870 550/949/871 545/275/249
f 549/950/872 551/951/873 548/948/870
f 551/951/873 560/952/874 550/949/871
f 551/951/873 553/953/875 563/954/876
f 546/254/229 557/955/877 556/956/878
f 555/957/879 557/955/877 554/958/880
f 557/955/877 549/950/872 556/956/878
f 557/955/877 553/953/875 552/959/881
f 559/960/882 561/961/883 547/302/276
f 560/952/874 562/962/884 559/960/882
f 562/962/884 555/957/879 561/961/883
f 562/962/884 553/953/875 558/963/885
f 567/964/886 569/965/887 564/231/207
f 568/966/888 570/967/889 567/964/886
f 570/967/889 579/968/890 569/965/887
f 571/969/891 582/970/892 570/967/889
f 565/300/274 576/971/893 575/972/894
f 573/973/895 577/974/896 576/971/893
f 575/972/894 571/975/897 568/976/898
f 576/977/893 572/978/899 571/969/897
f 578/979/900 580/980/901 566/269/244
f 579/968/890 581/981/902 578/979/900
f 581/981/902 574/982/903 580/980/901
f 582/970/904 577/983/905 581/981/902
f 583/984/906 589/985/907 588/986/908
f 586/987/909 587/988/910 589/985/909
f 588/986/908 599/989/911 596/990/912
f 589/991/907 590/992/913 599/989/911
f 584/309/283 594/993/914 593/994/915
f 591/995/916 599/996/917 594/993/918
f 594/993/918 587/988/919 593/994/920
f 594/993/918 590/992/921 589/991/922
f 595/997/923 597/998/924 585/999/308
f 596/990/912 598/1000/925 595/997/923
f 598/1000/926 592/1001/927 597/998/924
f 603/1002/928 605/1003/929 600/320/294
f 604/1004/930 606/1005/931 603/1002/928
f 606/1005/931 614/1006/932 605/1003/929
f 606/1005/931 607/1007/933 617/1008/934
f 608/1009/935 610/1010/936 601/1011/309
f 609/1012/937 611/1013/938 608/1009/935
f 611/1013/938 604/1004/930 610/1010/936
f 611/1013/938 612/1014/939 607/1015/933
f 613/1016/940 615/1017/941 602/307/281
f 614/1006/932 616/1018/942 613/1016/940
f 616/1018/942 609/1012/937 615/1017/941
f 617/1008/934 612/1014/939 616/1018/942
f 618/319/293 624/1019/943 623/1020/944
f 621/1021/945 630/1022/946 624/1019/947
f 623/1020/948 624/1023/949 632/1024/949
f 624/1019/950 630/1022/951 625/1025/951
f 626/1026/952 628/1027/953 619/1028/200
f 627/1029/954 629/1030/955 626/1026/952
f 629/1030/956 622/1031/957 628/1027/953
f 620/1032/958 634/1033/959 633/1034/960
f 632/1024/961 634/1033/962 631/1035/963
f 633/1034/960 630/1036/964 627/1029/954
f 634/1033/962 625/1025/965 630/1036/966
f 638/1037/967 640/1038/968 635/225/201
f 639/1039/969 641/1040/970 638/1037/967
f 641/1040/970 649/1041/971 640/1038/968
f 641/1040/970 642/1042/972 652/1043/973
f 643/1044/974 645/1045/975 636/313/287
f 644/1046/976 646/1047/977 643/1044/974
f 646/1047/977 639/1039/969 645/1045/975
f 647/1048/978 642/1042/972 646/1047/977
f 648/1049/979 650/1050/980 637/1051/296
f 649/1041/971 651/1052/981 648/1049/979
f 651/1052/981 644/1046/976 650/1050/980
f 651/1052/981 652/1053/973 647/1048/978
f 653/340/314 659/1054/982 658/1055/983
f 656/1056/984 660/1057/985 659/1054/982
f 658/1055/983 671/1058/986 668/1059/987
f 659/1054/982 661/1060/988 671/1058/986
f 662/1061/989 664/1062/990 654/1063/300
f 663/1064/991 665/1065/992 662/1061/989
f 665/1065/992 657/1066/993 664/1062/990
f 666/1067/994 660/1057/985 665/1065/992
f 655/1068/995 670/1069/996 669/1070/997
f 667/1071/998 671/1058/999 670/1069/996
f 669/1070/997 666/1067/1000 663/1064/991
f 670/1069/996 661/1060/1001 666/1067/1000
f 672/212/188 677/1072/1002 676/1073/1003
f 675/1074/1004 678/1075/1005 677/1072/1002
f 676/1073/1003 689/1076/1006 686/1077/1007
f 677/1072/1002 679/1078/1008 689/1076/1006
f 673/314/288 683/1079/1009 682/1080/1010
f 680/1081/1011 684/1082/1012 683/1079/1009
f 682/1080/1010 683/1079/1009 678/1075/1013
f 683/1079/1009 679/1078/1008 678/1075/1013
f 685/1083/1014 687/1084/1015 674/1085/313
f 686/1077/1007 688/1086/1016 685/1083/1014
f 688/1086/1016 681/1087/1017 687/1084/1015
f 689/1076/1006 684/1082/1012 688/1086/1016
f 690/344/318 695/1088/1018 703/1089/1019
f 693/1090/1020 696/1091/1021 695/1088/1018
f 703/1089/1019 695/1088/1018 706/1092/1022
f 695/1088/1018 697/1093/1023 706/1092/1022
f 698/1094/1024 700/1095/1025 691/1096/191
f 699/1097/1026 701/1098/1027 698/1094/1024
f 701/1098/1027 694/1099/1028 700/1095/1025
f 702/1100/1029 696/1091/1021 701/1098/1027
f 692/1101/1030 705/1102/1031 704/1103/1032
f 703/1104/1033 706/1092/1034 705/1102/1031
f 704/1103/1032 702/1100/1035 699/1097/1026
f 705/1102/1031 697/1093/1036 702/1100/1035
f 710/1105/1037 712/1106/1038 707/331/305
f 711/1107/1039 713/1108/1040 710/1105/1037
f 713/1108/1040 721/1109/1041 712/1106/1038
f 713/1108/1040 714/1110/1042 724/1111/1043
f 715/1112/1044 717/1113/1045 708/303/277
f 716/1114/1046 718/1115/1047 715/1112/1044
f 718/1115/1047 711/1107/1039 717/1113/1045
f 719/1116/1048 714/1110/1042 718/1115/1047
f 720/1117/1049 722/1118/1050 709/1119/179
f 721/1109/1041 723/1120/1051 720/1117/1049
f 723/1120/1051 716/1114/1046 722/1118/1050
f 723/1120/1051 724/1121/1043 719/1116/1048
f 725/201/177 731/1122/1052 730/1123/1053
f 728/1124/1054 732/1125/1055 731/1122/1052
f 730/1123/1053 743/1126/1056 740/1127/1057
f 731/1122/1052 733/1128/1058 743/1126/1056
f 726/304/278 737/1129/1059 736/1130/1060
f 734/1131/1061 738/1132/1062 737/1129/1059
f 736/1130/1060 732/1125/1063 729/1133/1064
f 737/1129/1059 733/1128/1058 732/1125/1063
f 739/1134/1065 741/1135/1066 727/1136/304
f 740/1127/1057 742/1137/1067 739/1134/1065
f 742/1137/1067 735/1138/1068 741/1135/1066
f 743/1126/1056 738/1132/1062 742/1137/1067
f 794/477/436 800/1139/1069 799/1140/1070
f 797/1141/1071 801/1142/1072 800/1139/1069
f 799/1140/1073 811/1143/1074 808/1144/1075
f 800/1139/1069 802/1145/1076 811/1143/1074
f 803/1146/1077 805/1147/1078 795/1148/1079
f 804/1149/1080 806/1150/1081 803/1151/1077
f 806/1152/1081 798/1153/1082 805/1147/1078
f 807/1154/1083 801/1142/1072 806/1152/1081
f 796/391/360 810/1155/1084 809/1156/1085
f 808/1157/1086 811/1158/1087 810/1155/1084
f 809/1156/1085 807/1159/1088 804/1149/1080
f 810/1155/1084 802/1160/1089 807/1159/1088
f 815/1161/1090 817/1162/1091 812/530/483
f 816/1163/1092 818/1164/1093 815/1161/1090
f 818/1164/1093 827/1165/1094 817/1162/1091
f 819/1166/1095 830/1167/1096 818/1164/1093
f 813/393/362 824/1168/1097 823/1169/1098
f 821/1170/1099 825/1171/1100 824/1172/1097
f 823/1169/1098 819/1173/1095 816/1174/1092
f 824/1172/1097 820/1175/1101 819/1166/1095
f 814/512/467 829/1176/1102 828/1177/1103
f 826/1178/1104 830/1167/1096 829/1176/1102
f 828/1177/1103 825/1171/1100 822/1179/1105
f 829/1176/1102 820/1175/1101 825/1171/1100
f 846/521/475 851/1180/1106 850/1181/1107
f 849/1182/1108 852/1183/1109 851/1180/1106
f 850/1181/1107 862/1184/1110 859/1185/1111
f 851/1180/1106 853/1186/1112 862/1184/1110
f 847/1187/1113 856/1188/1114 849/1189/1115
f 854/1190/1116 857/1191/1117 856/1188/1114
f 849/1189/1115 856/1188/1114 852/1192/1118
f 856/1188/1114 853/1193/1119 852/1192/1120
f 858/1194/1121 860/1195/1122 848/1196/1123
f 859/1185/1111 861/1197/1124 858/1194/1121
f 861/1198/1124 855/1199/1125 860/1200/1122
f 862/1184/1110 857/1201/1126 861/1197/1124
f 913/1202/1127 918/1203/1128 917/1204/1129
f 916/1205/1130 919/1206/1131 918/1203/1128
f 917/1204/1129 930/1207/1132 927/1208/1133
f 918/1203/1128 920/1209/1134 930/1207/1132
f 914/449/414 924/1210/1135 923/1211/1136
f 921/1212/1137 925/1213/1138 924/1210/1135
f 923/1211/1136 924/1210/1135 919/1214/1139
f 924/1210/1135 920/1215/1140 919/1214/1139
f 926/1216/1141 928/1217/1142 915/517/472
f 927/1218/1133 929/1219/1143 926/1216/1141
f 929/1219/1143 922/1220/1144 928/1217/1142
f 930/1221/1145 925/1213/1138 929/1219/1143
f 934/1222/1146 936/1223/1147 931/1224/486
f 935/1225/1148 937/1226/1149 934/1222/1146
f 936/1223/1147 949/1227/1150 946/1228/1151
f 937/1226/1149 939/1229/1152 949/1227/1150
f 932/518/473 943/1230/1153 942/1231/1154
f 940/1232/1155 944/1233/1156 943/1230/1153
f 942/1231/1154 938/1234/1157 935/1225/1148
f 943/1230/1153 939/1229/1152 938/1234/1157
f 945/1235/1158 947/1236/1159 933/1237/1160
f 946/1228/1151 948/1238/1161 945/1235/1158
f 948/1238/1161 941/1239/1162 947/1236/1159
f 949/1227/1150 944/1233/1156 948/1238/1161
f 965/523/477 970/1240/1163 978/1241/1164
f 968/1242/1165 971/1243/1166 970/1240/1163
f 978/1241/1164 970/1240/1163 981/1244/1167
f 970/1240/1163 972/1245/1168 981/1244/1169
f 973/1246/1170 975/1247/1171 966/1248/1172
f 974/1249/1173 976/1250/1174 973/1246/1170
f 976/1250/1174 969/1251/1175 975/1247/1171
f 977/1252/1176 971/1243/1177 976/1250/1174
f 967/461/423 980/1253/1178 979/1254/1179
f 978/1255/1180 981/1244/1181 980/1253/1178
f 979/1254/1179 977/1252/1176 974/1249/1173
f 980/1253/1178 972/1245/1182 977/1252/1176
f 1032/1256/1183 1038/1257/1184 1037/1258/1185
f 1035/1259/1186 1039/1260/1187 1038/1257/1184
f 1037/1258/1185 1049/1261/1188 1046/1262/1189
f 1038/1257/1184 1040/1263/1190 1049/1261/1188
f 1041/1264/1191 1043/1265/1192 1033/1266/1193
f 1042/1267/1194 1044/1268/1195 1041/1269/1191
f 1044/1270/1195 1036/1271/1196 1043/1265/1192
f 1045/1272/1197 1039/1260/1187 1044/1270/1195
f 1034/583/531 1048/1273/1198 1047/1274/1199
f 1046/1275/1200 1049/1276/1201 1048/1273/1198
f 1047/1274/1199 1045/1277/1202 1042/1267/1203
f 1048/1273/1198 1040/1278/1204 1045/1277/1202
f 1070/709/639 1075/1279/1205 1074/1280/1206
f 1073/1281/1207 1076/1282/1208 1075/1279/1205
f 1074/1280/1206 1087/1283/1209 1084/1284/1210
f 1075/1279/1205 1077/1285/1211 1087/1283/1209
f 1071/1286/1212 1081/1287/1213 1080/1288/1214
f 1078/1289/1215 1082/1290/1216 1081/1287/1213
f 1080/1288/1214 1081/1287/1213 1076/1291/1217
f 1081/1287/1213 1077/1292/1218 1076/1291/1217
f 1083/1293/1219 1085/1294/1220 1072/1295/1221
f 1084/1284/1210 1086/1296/1222 1083/1293/1219
f 1086/1297/1222 1079/1298/1223 1085/1299/1220
f 1087/1283/1209 1082/1300/1224 1086/1296/1222
f 1138/671/606 1142/1301/1225 1141/1302/1226
f 1147/1303/1227 1143/1304/1228 1142/1305/1225
f 1141/1302/1226 1154/1306/1229 1151/1307/1230
f 1142/1301/1225 1144/1308/1231 1154/1306/1229
f 1139/640/581 1148/1309/1232 1147/1310/1233
f 1145/1311/1234 1149/1312/1235 1148/1309/1232
f 1147/1310/1233 1148/1309/1232 1143/1313/1236
f 1148/1309/1232 1144/1308/1237 1143/1313/1236
f 1150/1314/1238 1152/1315/1239 1140/705/636
f 1151/1307/1230 1153/1316/1240 1150/1314/1238
f 1153/1316/1240 1146/1317/1241 1152/1315/1239
f 1154/1306/1242 1149/1312/1235 1153/1316/1240
f 1175/1318/641 1181/1319/1243 1180/1320/1244
f 1178/1321/1245 1182/1322/1246 1181/1319/1243
f 1180/1320/1244 1181/1319/1243 1191/1323/1247
f 1181/1319/1243 1183/1324/1248 1191/1323/1247
f 1184/1325/1249 1186/1326/1250 1176/1327/1251
f 1185/1328/1252 1187/1329/1253 1184/1325/1249
f 1187/1329/1253 1179/1330/1254 1186/1326/1250
f 1188/1331/1255 1182/1322/1256 1187/1329/1253
f 1177/652/590 1190/1332/1257 1189/1333/1258
f 1180/1334/1259 1191/1323/1260 1190/1332/1257
f 1189/1333/1258 1188/1331/1255 1185/1328/1252
f 1190/1332/1257 1183/1324/1261 1188/1331/1255
f 1192/1335/1262 1197/1336/1263 1196/1337/1264
f 1195/1338/1265 1197/1336/1263 1192/1335/1266
f 1197/1336/1263 1205/1339/1267 1196/1337/1264
f 1197/1336/1263 1198/1340/1268 1208/1341/1269
f 1193/1342/1270 1202/1343/1271 1201/1344/1272
f 1199/1345/1273 1203/1346/1274 1202/1343/1271
f 1201/1344/1272 1198/1347/1275 1195/1348/1276
f 1202/1343/1277 1208/1349/1278 1198/1347/1279
f 1204/1350/1280 1206/1351/1281 1194/1352/1282
f 1205/1339/1283 1207/1353/1284 1204/1350/1280
f 1207/1353/1284 1200/1354/1285 1206/1351/1281
f 1207/1353/1284 1208/1355/1286 1203/1356/1287
f 221/25/22 1211/1357/1288 224/1358/1289
f 224/1358/1289 1212/1359/1290 223/1360/1291
f 223/1360/1292 1213/1361/1293 222/1362/1294
f 1213/1363/1293 220/182/160 222/1364/1294
f 1209/24/21 207/1365/1295 1211/1357/1288
f 1211/1357/1288 208/1366/1296 1212/1359/1290
f 1212/1367/1297 209/1368/1298 1213/1363/1293
f 209/1368/1298 1210/139/122 1213/1363/1293
f 1214/1369/55 229/1370/1299 226/1371/7
f 1216/1372/1300 228/1373/1301 229/1370/1299
f 1217/1374/1302 227/1375/1303 228/1373/1304
f 227/1375/1303 1215/119/105 225/21/18
f 210/1376/169 1216/1372/1300 1214/1369/55
f 212/1377/1305 1217/1374/1306 1216/1372/1300
f 213/1378/1307 1218/1379/1308 1217/1374/1302
f 1218/1379/1308 211/18/15 1215/119/105
f 1219/129/114 204/1380/1309 201/3/3
f 1221/1381/1310 203/1382/1311 204/1380/1309
f 1222/1383/1312 202/1384/1313 203/1382/1314
f 202/1385/1313 1220/4/4 200/16/13
f 221/25/22 1221/1381/1310 1219/129/114
f 224/1358/1289 1222/1383/1315 1221/1381/1310
f 223/1360/1292 1223/1386/1316 1222/1383/1312
f 1223/1387/1316 220/182/160 1220/4/4
f 216/1388/139 1226/1389/1317 219/1390/1318
f 219/1390/1318 1227/1391/1319 218/1392/1320
f 218/1392/1321 1228/1393/1322 217/1394/1323
f 1228/1393/1322 215/10/8 217/1394/1323
f 1224/1395/23 229/1370/1299 1226/1389/1317
f 1226/1389/1317 228/1373/1301 1227/1391/1319
f 1227/1391/1324 227/1375/1303 1228/1393/1322
f 227/1375/1303 1225/23/20 1228/1393/1322
f 231/1396/140 1231/1397/1325 234/1398/1326
f 234/1398/1326 1232/1399/1327 233/1400/1328
f 233/1400/1329 1233/1401/1330 232/1402/1331
f 1233/1401/1330 230/29/25 232/1402/1331
f 1229/1403/135 219/1390/1318 1231/1397/1325
f 1231/1397/1325 218/1392/1320 1232/1399/1327
f 1232/1399/1332 217/1394/1323 1233/1401/1330
f 217/1394/1323 1230/12/10 1233/1401/1330
f 205/15/12 1236/1404/1333 207/1365/1295
f 207/1365/1295 1237/1405/1334 208/1366/1296
f 208/1406/1335 1238/1407/1336 209/1368/1298
f 1238/1407/1336 206/35/31 209/1368/1298
f 1234/14/11 237/1408/1337 1236/1404/1333
f 1236/1404/1333 238/1409/1338 1237/1405/1334
f 1237/1410/1339 239/1411/1340 1238/1407/1336
f 239/1411/1340 1235/33/29 1238/1407/1336
f 235/44/39 1241/1412/1341 237/1408/1337
f 237/1408/1337 1242/1413/1342 238/1409/1338
f 238/1414/1343 1243/1415/1344 239/1411/1340
f 1243/1415/1344 236/32/28 239/1411/1340
f 1239/53/47 247/1416/1345 1241/1412/1341
f 1241/1412/1341 248/1417/1346 1242/1413/1342
f 1242/1418/1347 249/1419/1348 1243/1415/1344
f 249/1419/1348 1240/30/26 1243/1415/1344
f 241/1420/170 1246/1421/1349 244/1422/1350
f 244/1422/1350 1247/1423/1351 243/1424/1352
f 243/1424/1353 1248/1425/1354 242/1426/1355
f 1248/1425/1354 240/39/35 242/1426/1355
f 1244/1427/163 234/1398/1326 1246/1421/1349
f 1246/1421/1349 233/1400/1328 1247/1423/1351
f 1247/1423/1356 232/1402/1331 1248/1425/1354
f 232/1402/1331 1245/37/33 1248/1425/1354
f 1249/170/150 272/1428/1357 269/168/148
f 1251/1429/1358 271/1430/1359 272/1428/1357
f 1252/1431/1360 270/1432/1361 271/1430/1359
f 1253/1433/1362 268/1434/44 270/1432/1361
f 251/1435/664 1251/1429/1358 1249/170/150
f 261/740/663 1252/1431/1360 1251/1429/1358
f 254/739/667 1253/1433/1362 1252/1431/1360
f 253/728/657 1250/133/116 1253/1433/1362
f 245/52/46 1256/1436/1363 247/1416/1345
f 247/1416/1345 1257/1437/1364 248/1417/1346
f 248/1438/1365 1258/1439/1366 249/1419/1348
f 249/1419/1348 1255/40/36 246/42/38
f 1254/152/134 272/1428/1357 1256/1436/1363
f 1256/1436/1367 271/1430/1359 1257/1437/1364
f 1257/1440/1368 270/1441/1361 1258/1439/1366
f 270/1441/1361 1255/40/36 1258/1439/1366
f 251/735/664 1261/1442/1369 259/733/662
f 259/733/662 1262/1443/1370 260/736/665
f 260/736/674 1263/1444/1371 265/744/670
f 265/744/670 1260/46/41 252/48/43
f 1259/1445/149 244/1422/1350 1261/1442/1369
f 1261/1442/1369 243/1424/1352 1262/1443/1370
f 1262/1443/1372 242/1426/1355 1263/1444/1371
f 1263/1444/1371 240/39/35 1260/46/41
f 1264/1446/62 212/1377/1305 210/1376/169
f 1266/1447/1373 213/1378/1374 212/1377/1305
f 1267/1448/1375 214/1449/1376 213/1378/1307
f 214/1449/1376 1265/162/142 211/18/15
f 278/1450/113 1266/1447/1373 1264/1446/62
f 280/1451/1377 1267/1448/1378 1266/1447/1373
f 281/1452/1379 1268/1453/1380 1267/1448/1375
f 1268/1453/1380 279/58/52 1265/162/142
f 1269/1/1 277/1454/1381 274/178/157
f 1271/1455/1382 276/1456/1383 277/1454/1381
f 1272/1457/1384 275/1458/1385 276/1456/1386
f 275/1459/1385 1270/54/48 273/56/50
f 201/3/3 1271/1455/1382 1269/1/1
f 204/1380/1309 1272/1457/1387 1271/1455/1382
f 203/1382/1314 1273/1460/1388 1272/1457/1384
f 1273/1461/1388 200/16/13 1270/54/48
f 290/764/692 1276/1462/1389 301/762/690
f 301/762/690 1277/1463/1390 302/753/681
f 302/753/681 1278/1464/1391 292/749/677
f 292/749/677 1275/175/106 288/177/156
f 1274/143/125 285/1465/1392 1276/1462/1389
f 1276/1462/1389 286/1466/1393 1277/1463/1390
f 1277/1463/1390 287/1467/1394 1278/1464/1391
f 1278/1464/1391 284/1468/58 1275/175/106
f 1279/1469/126 280/1451/1377 278/1450/113
f 1281/1470/1395 281/1452/1396 280/1451/1377
f 1282/1471/1397 282/1472/1398 281/1452/1379
f 1283/1473/1399 279/58/52 282/1472/1398
f 290/1474/692 1281/1470/1395 1279/1469/126
f 303/768/691 1282/1471/1400 1281/1470/1395
f 297/767/1401 1283/1473/1399 1282/1471/1397
f 296/758/686 1280/66/60 1283/1473/1399
f 1284/146/128 285/1465/1392 283/145/127
f 1286/1475/1402 286/1466/1393 285/1465/1392
f 1287/1476/1403 287/1467/1394 286/1466/1393
f 287/1477/1394 1285/62/56 284/64/58
f 274/178/157 1286/1475/1402 1284/146/128
f 277/1454/1381 1287/1476/1404 1286/1475/1402
f 276/1456/1386 1288/1478/1405 1287/1476/1403
f 275/1459/1385 1285/62/56 1288/1479/1405
f 1289/142/124 330/1480/1406 327/71/63
f 1291/1481/1407 329/1482/1408 330/1480/1406
f 1292/1483/1409 328/1484/1410 329/1482/1408
f 1293/1485/1411 326/192/168 328/1484/1410
f 311/91/81 1291/1481/1407 1289/142/124
f 313/1486/1412 1292/1483/1409 1291/1481/1407
f 314/1487/1413 1293/1485/1411 1292/1483/1409
f 315/1488/1414 1290/191/167 1293/1485/1411
f 332/85/75 1296/1489/1415 335/1490/1416
f 335/1490/1416 1297/1491/1417 334/1492/1418
f 334/1492/1418 1298/1493/1419 333/1494/1420
f 333/1494/1420 1295/123/109 331/126/112
f 1294/84/74 318/1495/1421 1296/1489/1415
f 1296/1489/1415 319/1496/1422 1297/1491/1417
f 1297/1491/1417 320/1497/1423 1298/1493/1419
f 1298/1493/1419 317/124/110 1295/123/109
f 307/81/71 1301/1498/1424 310/1499/1425
f 310/1499/1425 1302/1500/1426 309/1501/1427
f 309/1501/1427 1303/1502/1428 308/1503/1429
f 308/1503/1429 1300/140/123 306/106/95
f 1299/72/64 330/1480/1406 1301/1498/1424
f 1301/1498/1424 329/1482/1408 1302/1500/1426
f 1302/1500/1426 328/1484/1410 1303/1502/1428
f 1303/1502/1428 326/192/168 1300/140/123
f 1304/86/76 325/1504/1430 322/125/111
f 1306/1505/1431 324/1506/1432 325/1504/1430
f 1307/1507/1433 323/1508/1434 324/1506/1432
f 1308/1509/1435 321/183/161 323/1508/1434
f 332/85/75 1306/1505/1431 1304/86/76
f 335/1490/1416 1307/1507/1433 1306/1505/1431
f 334/1492/1418 1308/1509/1435 1307/1507/1433
f 333/1494/1420 1305/161/141 1308/1509/1435
f 1309/77/68 340/1510/1436 337/155/136
f 1311/1511/1437 339/1512/1438 340/1510/1436
f 1312/1513/1439 338/1514/1440 339/1512/1438
f 1313/1515/1441 336/78/69 338/1514/1440
f 322/125/111 1311/1511/1437 1309/77/68
f 325/1504/1430 1312/1513/1439 1311/1511/1437
f 324/1506/1432 1313/1515/1441 1312/1513/1439
f 323/1508/1434 1310/94/84 1313/1515/1441
f 1314/92/82 313/1486/1412 311/91/81
f 1316/1516/1442 314/1487/1413 313/1486/1412
f 1317/1517/1443 315/1488/1414 314/1487/1413
f 1318/1518/1444 312/190/166 315/1488/1414
f 341/97/86 1316/1516/1442 1314/92/82
f 343/1519/1445 1317/1517/1443 1316/1516/1442
f 344/1520/1446 1318/1518/1444 1317/1517/1443
f 345/1521/1447 1315/74/66 1318/1518/1444
f 1319/98/87 343/1519/1445 341/97/86
f 1321/1522/1448 344/1520/1446 343/1519/1445
f 1322/1523/1449 345/1521/1447 344/1520/1446
f 1323/1524/1450 342/138/121 345/1521/1447
f 351/102/91 1321/1522/1448 1319/98/87
f 353/1525/1451 1322/1523/1449 1321/1522/1448
f 354/1526/1452 1323/1524/1450 1322/1523/1449
f 355/1527/1453 1320/184/162 1323/1524/1450
f 1324/93/83 350/1528/1454 347/187/164
f 1326/1529/1455 349/1530/1456 350/1528/1454
f 1327/1531/1457 348/1532/1458 349/1530/1456
f 1328/1533/1459 346/101/90 348/1532/1458
f 337/155/136 1326/1529/1455 1324/93/83
f 340/1510/1436 1327/1531/1457 1326/1529/1455
f 339/1512/1438 1328/1533/1459 1327/1531/1457
f 338/1514/1440 1325/80/70 1328/1533/1459
f 374/189/165 1331/1534/1460 377/1535/1461
f 377/1535/1461 1332/1536/1462 376/1537/1463
f 376/1537/1463 1333/1538/1464 375/1539/1465
f 375/1539/1465 1330/172/152 373/174/154
f 1329/1540/120 360/772/697 1331/1534/1460
f 1331/1534/1460 369/777/701 1332/1536/1462
f 1332/1536/1462 368/784/710 1333/1538/1464
f 1333/1538/1464 358/173/153 1330/172/152
f 1334/104/93 353/1525/1451 351/102/91
f 1336/1541/1466 354/1526/1452 353/1525/1451
f 1337/1542/1467 355/1527/1453 354/1526/1452
f 1338/1543/1468 352/181/159 355/1527/1453
f 374/189/165 1336/1541/1466 1334/104/93
f 377/1535/1461 1337/1542/1467 1336/1541/1466
f 376/1537/1463 1338/1543/1468 1337/1542/1467
f 375/1539/1465 1335/156/137 1338/1543/1468
f 1339/99/88 364/781/705 357/105/94
f 1341/1544/1469 365/787/713 364/781/705
f 1342/1545/1470 370/785/711 365/787/713
f 1343/1546/1471 358/173/153 370/785/711
f 347/187/164 1341/1544/1469 1339/99/88
f 350/1528/1454 1342/1545/1470 1341/1544/1469
f 349/1530/1456 1343/1546/1471 1342/1545/1470
f 348/1532/1458 1340/171/151 1343/1546/1471
f 316/88/78 1346/1547/1472 318/1495/1421
f 318/1495/1421 1347/1548/1473 319/1496/1422
f 319/1496/1422 1348/1549/1474 320/1497/1423
f 320/1497/1423 1345/166/146 317/124/110
f 1344/109/96 385/1550/1475 1346/1547/1472
f 1346/1547/1472 386/1551/1476 1347/1548/1473
f 1347/1548/1473 387/1552/1477 1348/1549/1474
f 1348/1549/1474 384/130/115 1345/166/146
f 379/111/98 1351/1553/1478 382/1554/1479
f 382/1554/1479 1352/1555/1480 381/1556/1481
f 381/1556/1481 1353/1557/1482 380/1558/1483
f 380/1558/1483 1350/115/101 378/114/100
f 1349/82/72 310/1499/1425 1351/1553/1478
f 1351/1553/1478 309/1501/1427 1352/1555/1480
f 1352/1555/1480 308/1503/1429 1353/1557/1482
f 1353/1557/1482 306/106/95 1350/115/101
f 1354/1559/108 396/1560/717 393/180/158
f 1356/1561/1484 397/801/727 396/790/717
f 1357/1562/1485 403/797/723 397/801/727
f 1358/1563/1486 394/798/724 403/797/723
f 388/118/104 1356/1561/1484 1354/122/108
f 390/1564/1487 1357/1562/1485 1356/1561/1484
f 391/1565/1488 1358/1563/1486 1357/1562/1485
f 392/1566/1489 1355/150/132 1358/1563/1486
f 383/110/97 1361/1567/1490 385/1550/1475
f 385/1550/1475 1362/1568/1491 386/1551/1476
f 386/1551/1476 1363/1569/1492 387/1552/1477
f 387/1552/1477 1360/149/131 384/130/115
f 1359/116/102 407/804/731 1361/1567/1490
f 1361/1567/1490 402/799/725 1362/1568/1491
f 1362/1568/1491 401/796/722 1363/1569/1492
f 1363/1569/1492 394/798/724 1360/149/131
f 388/118/104 1366/1570/1493 390/1564/1487
f 390/1564/1487 1367/1571/1494 391/1565/1488
f 391/1565/1488 1368/1572/1495 392/1566/1489
f 392/1566/1489 1365/148/130 389/147/129
f 1364/112/99 382/1554/1479 1366/1570/1493
f 1366/1570/1493 381/1556/1481 1367/1571/1494
f 1367/1571/1494 380/1558/1483 1368/1572/1495
f 1368/1572/1495 378/114/100 1365/148/130
f 395/117/103 1371/1573/1496 406/1574/732
f 406/789/1497 1370/176/155 393/180/1498
f 1369/67/61 298/757/1499 1371/1573/1496
f 1371/1575/1500 298/1576/1501 291/750/1502
f 1371/1577/1503 288/177/156 1370/176/155
f 252/48/43 1374/1578/1504 264/1579/1505
f 264/731/1506 1374/1580/1506 255/727/1507
f 1374/1580/1508 250/725/654 255/727/1509
f 357/105/94 1374/1578/1504 1372/47/42
f 359/1581/698 1373/134/117 1374/1580/1508
f 529/260/235 1377/1582/1510 541/943/865
f 541/943/865 1378/1583/1511 542/932/855
f 1378/1583/1511 532/929/852 542/932/855
f 1379/1584/1512 527/243/219 532/929/852
f 1375/259/234 550/949/871 1377/1582/1510
f 1377/1582/1510 560/952/874 1378/1583/1511
f 560/952/874 1379/1584/1512 1378/1583/1511
f 559/960/882 1376/261/236 1379/1584/1512
f 1380/253/228 554/958/880 546/254/229
f 1382/1585/1513 555/957/879 554/958/880
f 555/957/879 1384/1586/1514 561/961/883
f 561/961/883 1381/240/216 547/302/276
f 564/231/207 1382/1585/1513 1380/253/228
f 569/965/887 1383/1587/1515 1382/1585/1513
f 1383/1587/1515 578/979/900 1384/1586/1514
f 1384/1586/1514 566/269/244 1381/240/216
f 1385/288/262 573/973/895 565/300/274
f 1387/1588/1516 574/1589/1517 573/973/895
f 574/982/903 1388/1590/1518 580/980/901
f 1388/1590/1518 566/269/244 580/980/901
f 1385/288/262 538/936/859 1387/1588/1516
f 1387/1588/1516 531/940/863 1388/1591/1519
f 1388/1592/1518 531/930/853 530/928/851
f 1388/1590/1518 527/243/219 1386/242/218
f 517/299/273 1391/1593/1520 524/926/849
f 524/926/849 1392/1594/1521 525/1595/1522
f 1392/1594/1521 520/925/848 525/1595/1522
f 1393/1596/1523 515/280/254 520/925/848
f 1389/295/269 556/956/878 1391/1593/1520
f 1391/1593/1520 549/950/872 1392/1594/1521
f 549/950/872 1393/1596/1523 1392/1594/1521
f 548/948/870 1390/274/248 1393/1596/1523
f 1394/249/224 536/937/860 528/289/263
f 1396/1597/1524 537/1598/1525 536/937/860
f 537/946/868 1397/1599/1526 543/944/866
f 1397/1599/1526 529/260/235 543/944/866
f 1394/249/224 523/1600/1527 1396/1597/1524
f 1396/1597/1524 519/1601/1528 1397/1602/1529
f 1397/1603/1526 519/1604/1530 518/924/847
f 1397/1599/1526 515/280/254 1395/228/204
f 1398/250/225 521/1605/1531 516/251/226
f 1400/1606/1532 522/1607/1533 521/1605/1531
f 1401/1608/1534 526/927/1535 522/1609/1536
f 1402/1610/1537 517/299/273 526/927/850
f 1398/250/225 575/972/894 1400/1606/1532
f 1400/1606/1532 568/976/898 1401/1611/1538
f 1401/1608/1534 567/964/886 1402/1610/1534
f 1402/1610/1537 564/231/207 1399/230/206
f 436/209/185 1405/1612/1539 440/1613/762
f 440/1613/762 1406/1614/1540 1870/1615/1541
f 1870/1615/1541 1407/1616/1542 442/1617/1543
f 442/1617/1543 1404/246/221 437/315/289
f 410/163/143 1405/1612/1539 1403/210/186
f 415/807/736 1406/1614/1540 1405/1612/1539
f 423/810/1544 1407/1616/1542 1406/1614/1540
f 421/818/1545 1404/246/221 1407/1616/1542
f 1408/258/233 454/1618/1546 447/216/192
f 1410/1619/1547 1871/849/1548 454/1618/1546
f 1411/1620/1549 449/845/772 1871/849/1550
f 1412/1621/1551 445/317/291 449/845/772
f 1408/258/233 421/821/1545 1410/1619/1547
f 1410/1619/1547 418/814/1552 1411/1620/1549
f 1411/1620/1549 417/811/740 1412/1621/1551
f 1412/1621/1551 411/813/742 1409/236/212
f 1413/316/290 442/1622/1543 437/315/289
f 1415/1623/1553 443/843/1554 442/1622/1543
f 1416/1624/1555 440/839/1556 443/843/1554
f 1417/1625/1557 438/233/209 440/839/766
f 1413/316/290 454/1626/1546 1415/1623/1553
f 1415/1623/1553 451/853/1558 1416/1624/1555
f 1416/1624/1555 453/854/778 1417/1625/1557
f 1417/1625/1557 446/850/777 1414/247/222
f 465/870/797 1420/1627/1559 468/868/795
f 468/868/795 1421/1628/1560 469/871/798
f 469/871/798 1422/1629/1561 474/878/803
f 474/878/803 1419/278/252 466/321/295
f 424/219/195 1420/1627/1559 1418/297/271
f 429/823/1562 1421/1628/1560 1420/1627/1559
f 433/827/1563 1422/1629/1561 1421/1628/1560
f 432/833/1564 1419/278/252 1422/1629/1561
f 480/272/247 1425/1630/1565 488/885/808
f 488/885/1566 1426/1631/1567 1872/1632/1568
f 1872/1632/1568 1427/1633/1569 485/1634/1570
f 485/1634/1570 1424/337/311 481/206/182
f 467/264/239 1425/1630/1565 1423/262/237
f 478/880/805 1426/1631/1567 1425/1630/1565
f 473/875/801 1427/1633/1569 1426/1631/1567
f 474/877/803 1424/337/311 1427/1633/1569
f 1428/208/184 485/1635/1570 481/206/182
f 1430/1636/1571 486/893/1572 485/1635/1570
f 1431/1637/1573 488/891/1574 486/893/1572
f 1432/1638/1575 482/271/246 488/891/815
f 1428/208/184 432/1639/1564 1430/1636/1571
f 1430/1636/1571 433/1640/1576 1431/1637/1573
f 1431/1637/1573 430/828/1577 1432/1638/1575
f 1432/1638/1575 425/265/240 1429/267/242
f 1433/256/231 462/1641/1578 457/195/171
f 1435/1642/1579 463/860/1580 462/1641/1578
f 1436/1643/1581 459/856/1582 463/860/1580
f 1437/1644/1583 455/342/316 459/856/1582
f 1433/256/231 498/905/1584 1435/1642/1579
f 1435/1642/1579 493/906/822 1436/1643/1581
f 1436/1643/1581 492/894/819 1437/1644/1583
f 1437/1644/1583 489/896/821 1434/292/266
f 1438/327/301 498/902/1584 490/279/253
f 1440/1645/1585 497/910/828 498/902/1584
f 1441/1646/1586 502/908/831 497/910/828
f 1442/1647/1587 491/283/257 502/908/831
f 1438/327/301 510/1648/1588 1440/1645/1585
f 1441/1646/1586 507/911/832 1442/1647/1587
f 1442/1647/1587 504/913/834 1439/198/174
f 1443/341/315 510/1649/1588 505/328/302
f 1445/1650/1589 1869/923/1590 510/1649/1588
f 1446/1651/1591 514/920/841 1869/923/1592
f 1447/1652/1593 506/291/265 514/920/841
f 1443/341/315 462/865/1578 1445/1650/1589
f 1445/1650/1589 463/867/1594 1446/1651/1595
f 1446/1651/1591 460/863/1596 1447/1652/1593
f 1447/1652/1593 456/285/259 1444/287/261
f 585/999/308 1450/1653/1597 595/997/923
f 595/997/923 1451/1654/1598 596/990/912
f 596/990/912 1452/1655/1599 588/986/908
f 588/986/908 1449/282/256 583/984/906
f 1448/1656/307 610/1010/936 1450/1653/1597
f 1450/1653/1597 604/1004/930 1451/1654/1598
f 1451/1654/1598 603/1002/928 1452/1655/1599
f 1452/1655/1599 600/320/294 1449/282/256
f 1453/308/282 621/1021/945 618/319/293
f 1455/1657/1600 622/1031/957 621/1021/945
f 1456/1658/1601 628/1027/953 622/1031/957
f 1457/1659/1602 619/1028/200 628/1027/953
f 602/307/281 1455/1657/1600 1453/308/282
f 615/1017/941 1456/1658/1601 1455/1657/1600
f 609/1012/937 1457/1659/1602 1456/1658/1601
f 608/1009/935 1454/1660/198 1457/1659/1602
f 1458/310/284 591/995/916 584/309/283
f 1460/1661/1603 592/1001/927 591/995/916
f 1461/1662/1604 597/998/924 592/1001/927
f 1462/1663/1605 585/999/308 597/998/924
f 1458/310/284 633/1034/960 1460/1661/1603
f 1460/1661/1603 627/1029/954 1461/1662/1604
f 1461/1662/1604 626/1026/952 1462/1663/1605
f 1462/1663/1605 619/1028/200 1459/1664/199
f 1463/1665/298 648/1049/979 637/1051/296
f 1465/1666/1606 649/1041/971 648/1049/979
f 1466/1667/1607 640/1038/968 649/1041/971
f 640/1038/968 1464/226/202 635/225/201
f 654/1063/300 1465/1666/1606 1463/1665/298
f 664/1062/990 1466/1667/1607 1465/1666/1606
f 657/1066/993 1467/1668/1608 1466/1667/1607
f 656/1056/984 1464/226/202 1467/1668/1608
f 674/1085/313 1470/1669/1609 685/1083/1014
f 685/1083/1014 1471/1670/1610 686/1077/1007
f 686/1077/1007 1472/1671/1611 676/1073/1003
f 676/1073/1003 1469/213/189 672/212/188
f 1468/1672/312 650/1050/980 1470/1669/1609
f 1470/1669/1609 644/1046/976 1471/1670/1610
f 1471/1670/1610 643/1044/974 1472/1671/1611
f 1472/1671/1611 636/313/287 1469/213/189
f 1473/312/286 680/1081/1011 673/314/288
f 1475/1673/1612 681/1087/1017 680/1081/1011
f 1476/1674/1613 687/1084/1015 681/1087/1017
f 1477/1675/1614 674/1085/313 687/1084/1015
f 1473/312/286 669/1070/997 1475/1673/1612
f 1475/1673/1612 663/1064/991 1476/1674/1613
f 1476/1674/1613 662/1061/989 1477/1675/1614
f 1477/1675/1614 654/1063/300 1474/1676/299
f 1478/332/306 693/1090/1020 690/344/318
f 1480/1677/1615 694/1099/1028 693/1090/1020
f 1481/1678/1616 700/1095/1025 694/1099/1028
f 1482/1679/1617 691/1096/191 700/1095/1025
f 707/331/305 1480/1677/1615 1478/332/306
f 712/1106/1038 1481/1678/1616 1480/1677/1615
f 721/1109/1041 1482/1679/1617 1481/1678/1616
f 720/1117/1049 1479/1680/181 1482/1679/1617
f 708/303/277 1485/1681/1618 715/1112/1044
f 715/1112/1044 1486/1682/1619 716/1114/1046
f 716/1114/1046 1487/1683/1620 722/1118/1050
f 722/1118/1050 1484/1684/303 709/1119/179
f 1483/202/178 730/1123/1053 1485/1681/1618
f 1485/1681/1618 740/1127/1057 1486/1682/1619
f 1486/1682/1619 739/1134/1065 1487/1683/1620
f 1487/1683/1620 727/1136/304 1484/1684/303
f 1488/306/280 734/1131/1061 726/304/278
f 1490/1685/1621 735/1138/1068 734/1131/1061
f 1491/1686/1622 741/1135/1066 735/1138/1068
f 1492/1687/1623 727/1136/304 741/1135/1066
f 1488/306/280 704/1103/1032 1490/1685/1621
f 1490/1685/1621 699/1097/1026 1491/1686/1622
f 1491/1686/1622 698/1094/1024 1492/1687/1623
f 1492/1687/1623 691/1096/191 1489/1688/190
f 410/163/143 1495/1689/1624 413/806/735
f 413/806/735 1496/1690/1625 414/808/1626
f 414/808/1626 1497/1691/1627 419/812/741
f 419/812/741 1494/237/213 411/813/742
f 1493/165/145 605/1003/929 1495/1689/1624
f 605/1003/929 1496/1690/1625 1495/1689/1624
f 1496/1690/1625 613/1016/940 1497/1691/1627
f 613/1016/940 1494/237/213 1497/1691/1627
f 620/1032/958 1500/1692/1628 631/1035/1629
f 631/1035/1629 1500/1693/1628 632/1024/1630
f 632/1024/1631 1501/1694/1632 623/1020/1633
f 1501/1694/1634 618/319/293 623/1020/944
f 1498/248/223 452/852/779 1500/1692/1628
f 452/846/1635 1501/1694/1632 1500/1693/1636
f 448/844/1637 1499/318/292 1501/1694/1634
f 1502/221/197 427/822/1638 424/219/195
f 1504/1695/1639 428/824/1640 427/822/1640
f 428/824/1641 1505/1696/1642 431/829/1643
f 431/829/1643 1503/311/285 425/265/240
f 653/340/314 1504/1695/1644 1502/221/197
f 658/1055/983 1505/1697/1645 1504/1695/1639
f 1505/1697/1642 668/1059/1646 667/1071/998
f 667/1071/998 1503/311/285 1505/1696/1642
f 1506/1698/1647 675/1074/1648 672/212/188
f 675/1074/1004 1508/1699/1649 682/1700/1650
f 682/1080/1010 1507/270/245 673/314/288
f 1506/1698/1647 483/884/809 1508/1701/1651
f 1508/1701/1652 483/884/1652 487/889/1652
f 487/890/814 1507/270/245 1508/1702/1653
f 491/283/257 1511/1703/1654 500/907/830
f 500/907/830 1512/1704/1655 501/899/1656
f 501/899/1656 1513/1705/1657 494/895/820
f 494/895/820 1510/293/267 489/896/821
f 1509/284/258 717/1113/1045 1511/1703/1654
f 1511/1703/1654 711/1107/1039 1512/1704/1655
f 1512/1704/1655 710/1105/1037 1513/1705/1657
f 1513/1705/1657 707/331/305 1510/293/267
f 1514/305/279 703/1706/1033 692/1101/1030
f 1516/1707/1658 690/344/318 703/1089/1019
f 1514/305/279 461/862/1659 1516/1708/1660
f 1516/1709/1661 461/857/1661 458/855/1662
f 458/855/1663 1515/343/317 1516/1707/1658
f 583/984/906 1519/1710/1664 586/987/1665
f 586/987/1665 1519/1711/1664 587/988/1666
f 587/988/1667 1520/1712/1668 593/994/1669
f 1520/1712/1670 584/309/283 593/994/915
f 1517/281/255 439/835/763 1519/1710/1664
f 1519/1711/1671 444/838/1672 1520/1712/1668
f 444/838/765 1518/235/211 1520/1712/1670
f 467/264/239 1523/1713/1673 476/879/804
f 476/879/804 1524/1714/1674 477/874/1675
f 477/874/1675 1525/1715/1676 470/869/796
f 470/869/796 1522/298/272 465/870/797
f 1521/263/238 645/1045/975 1523/1713/1673
f 1523/1713/1673 639/1039/969 1524/1714/1674
f 1524/1714/1674 638/1037/967 1525/1715/1676
f 1525/1715/1676 635/225/201 1522/298/272
f 506/291/265 1528/1716/1677 512/919/840
f 512/919/1678 1529/1717/1679 513/917/1680
f 513/917/837 1529/1718/1681 508/912/833
f 508/912/833 1527/199/175 504/913/834
f 1526/290/264 736/1130/1060 1528/1716/1677
f 1528/1716/1682 729/1133/1064 1529/1717/1679
f 1529/1717/1683 729/1133/1684 728/1124/1054
f 1529/1718/1685 725/201/177 1527/199/175
f 765/369/340 1532/1719/1686 768/1720/1687
f 768/1720/1687 1533/1721/1688 767/1722/1689
f 767/1722/1690 1534/1723/1691 766/1724/1692
f 1534/1725/1691 764/526/479 766/1726/1692
f 1530/368/339 751/1727/1693 1532/1719/1686
f 1532/1719/1686 752/1728/1694 1533/1721/1688
f 1533/1721/1695 753/1729/1696 1534/1723/1691
f 753/1730/1696 1531/483/442 1534/1725/1691
f 1535/405/373 773/1731/1697 770/352/325
f 1537/1732/1698 772/1733/1699 773/1734/1697
f 1538/1735/1700 771/1736/1701 772/1733/1702
f 771/1736/1701 1536/463/425 769/365/336
f 754/537/490 1537/1737/1698 1535/405/373
f 756/1738/1703 1538/1735/1704 1537/1732/1698
f 757/1739/1705 1539/1740/1706 1538/1735/1700
f 1539/1740/1706 755/362/333 1536/463/425
f 1540/473/434 748/1741/1707 745/347/321
f 1542/1742/1708 747/1743/1709 748/1741/1707
f 1543/1744/1710 746/1745/1711 747/1743/1712
f 746/1746/1711 1541/348/322 744/360/331
f 765/369/340 1542/1742/1708 1540/473/434
f 768/1720/1687 1543/1744/1713 1542/1742/1708
f 767/1722/1690 1544/1747/1714 1543/1744/1710
f 1544/1748/1714 764/526/479 1541/348/322
f 760/502/458 1547/1749/1715 763/1750/1716
f 763/1751/1716 1548/1752/1717 762/1753/1718
f 762/1753/1719 1549/1754/1720 761/1755/1721
f 1549/1754/1720 759/354/326 761/1755/1721
f 1545/370/341 773/1731/1697 1547/1749/1715
f 1547/1756/1715 772/1733/1699 1548/1752/1717
f 1548/1752/1722 771/1736/1701 1549/1754/1720
f 771/1736/1701 1546/367/338 1549/1754/1720
f 775/503/459 1552/1757/1723 778/1758/1724
f 778/1759/1724 1553/1760/1725 777/1761/1726
f 777/1761/1727 1554/1762/1728 776/1763/1729
f 1554/1762/1728 774/373/343 776/1763/1729
f 1550/497/454 763/1750/1716 1552/1757/1723
f 1552/1764/1723 762/1753/1718 1553/1760/1725
f 1553/1760/1730 761/1755/1721 1554/1762/1728
f 761/1755/1721 1551/356/328 1554/1762/1728
f 749/359/330 1557/1765/1731 751/1727/1693
f 751/1727/1693 1558/1766/1732 752/1728/1694
f 752/1728/1733 1559/1767/1734 753/1729/1696
f 1559/1768/1734 750/379/349 753/1730/1696
f 1555/358/329 781/1769/1735 1557/1765/1731
f 1557/1765/1731 782/1770/1736 1558/1766/1732
f 1558/1766/1737 783/1771/1738 1559/1767/1734
f 783/1772/1738 1556/377/347 1559/1768/1734
f 779/388/357 1562/1773/1739 781/1769/1735
f 781/1769/1735 1563/1774/1740 782/1770/1736
f 782/1770/1741 1564/1775/1742 783/1771/1738
f 1564/1776/1742 780/376/346 783/1772/1738
f 1560/397/365 791/1777/1743 1562/1773/1739
f 1562/1773/1739 792/1778/1744 1563/1774/1740
f 1563/1774/1745 793/1779/1746 1564/1775/1742
f 793/1780/1746 1561/374/344 1564/1776/1742
f 785/538/491 1567/1781/1747 788/1782/1748
f 788/1783/1748 1568/1784/1749 787/1785/1750
f 787/1785/1751 1569/1786/1752 786/1787/1753
f 786/1787/1753 1566/381/351 784/383/353
f 1565/531/484 778/1758/1724 1567/1781/1747
f 1567/1788/1747 777/1761/1726 1568/1784/1749
f 1568/1784/1754 776/1763/1729 1569/1786/1752
f 776/1763/1729 1566/381/351 1569/1786/1752
f 1570/514/469 826/1178/1104 814/512/467
f 1572/1789/1755 827/1165/1094 826/1178/1104
f 1573/1790/1756 817/1162/1091 827/1165/1094
f 1574/1791/1757 812/530/483 817/1162/1091
f 795/1148/1079 1572/1789/1755 1570/514/469
f 805/1147/1078 1573/1790/1756 1572/1789/1755
f 798/1153/1082 1574/1791/1757 1573/1790/1756
f 797/1141/1071 1571/479/438 1574/1791/1757
f 789/396/364 1577/1792/1758 791/1777/1743
f 791/1777/1743 1578/1793/1759 792/1778/1744
f 792/1778/1760 1579/1794/1761 793/1779/1746
f 1579/1795/1761 790/386/356 793/1780/1746
f 1575/496/453 828/1177/1103 1577/1792/1758
f 1577/1792/1758 822/1179/1105 1578/1793/1759
f 1578/1793/1762 821/1170/1099 1579/1794/1761
f 821/1796/1099 1576/384/354 1579/1795/1761
f 795/1148/1079 1582/1797/1763 803/1146/1077
f 803/1151/1077 1583/1798/1764 804/1149/1080
f 804/1149/1080 1584/1799/1765 809/1156/1085
f 809/1156/1085 1581/390/359 796/391/360
f 1580/513/468 788/1782/1748 1582/1797/1763
f 1582/1800/1763 787/1785/1750 1583/1798/1764
f 1583/1798/1764 786/1787/1753 1584/1799/1765
f 1584/1799/1765 784/383/353 1581/390/359
f 1585/413/380 756/1801/1703 754/537/490
f 1587/1802/1766 757/1739/1767 756/1738/1703
f 1588/1803/1768 758/1804/1769 757/1739/1705
f 758/1804/1769 1586/506/461 755/362/333
f 836/472/433 1587/1805/1766 1585/413/380
f 838/1806/1770 1588/1803/1771 1587/1802/1766
f 839/1807/1772 1589/1808/1773 1588/1803/1768
f 1589/1808/1773 837/402/370 1586/506/461
f 1590/345/319 835/1809/1774 832/522/476
f 1592/1810/1775 834/1811/1776 835/1809/1774
f 1593/1812/1777 833/1813/1778 834/1811/1779
f 833/1814/1778 1591/398/366 831/400/368
f 745/347/321 1592/1810/1775 1590/345/319
f 748/1741/1707 1593/1812/1780 1592/1810/1775
f 747/1743/1712 1594/1815/1781 1593/1812/1777
f 1594/1816/1781 744/360/331 1591/398/366
f 848/1196/1123 1597/1817/1782 858/1194/1121
f 858/1194/1121 1598/1818/1783 859/1185/1111
f 859/1185/1111 1599/1819/1784 850/1181/1107
f 850/1181/1107 1596/519/426 846/521/475
f 1595/487/445 843/1820/1785 1597/1817/1782
f 1597/1817/1782 844/1821/1786 1598/1818/1783
f 1598/1818/1783 845/1822/1787 1599/1819/1784
f 1599/1823/1784 842/408/376 1596/464/426
f 1600/488/446 838/1824/1770 836/472/433
f 1602/1825/1788 839/1807/1789 838/1806/1770
f 1603/1826/1790 840/1827/1791 839/1807/1772
f 1604/1828/1792 837/402/370 840/1827/1791
f 848/1196/1123 1602/1829/1788 1600/488/446
f 860/1200/1122 1603/1826/1793 1602/1825/1788
f 855/1199/1794 1604/1828/1792 1603/1826/1790
f 854/1190/1116 1601/410/378 1604/1828/1792
f 1605/490/448 843/1820/1785 841/489/447
f 1607/1830/1795 844/1821/1786 843/1820/1785
f 1608/1831/1796 845/1822/1787 844/1821/1786
f 845/1832/1787 1606/406/374 842/408/376
f 832/522/476 1607/1830/1795 1605/490/448
f 835/1809/1774 1608/1831/1797 1607/1830/1795
f 834/1811/1779 1609/1833/1798 1608/1831/1796
f 833/1814/1778 1606/406/374 1609/1834/1798
f 1610/486/444 887/1835/1799 884/415/381
f 1612/1836/1800 886/1837/1801 887/1835/1799
f 1613/1838/1802 885/1839/1803 886/1837/1801
f 1614/1840/1804 883/536/489 885/1839/1803
f 868/435/400 1612/1836/1800 1610/486/444
f 870/1841/1805 1613/1838/1802 1612/1836/1800
f 871/1842/1806 1614/1840/1804 1613/1838/1802
f 872/1843/1807 1611/535/488 1614/1840/1804
f 889/429/394 1617/1844/1808 892/1845/1809
f 892/1845/1809 1618/1846/1810 891/1847/1811
f 891/1847/1811 1619/1848/1812 890/1849/1813
f 890/1849/1813 1616/467/429 888/470/432
f 1615/428/393 875/1850/1814 1617/1844/1808
f 1617/1844/1808 876/1851/1815 1618/1846/1810
f 1618/1846/1810 877/1852/1816 1619/1848/1812
f 1619/1848/1812 874/468/430 1616/467/429
f 864/425/390 1622/1853/1817 867/1854/1818
f 867/1854/1818 1623/1855/1819 866/1856/1820
f 866/1856/1820 1624/1857/1821 865/1858/1822
f 865/1858/1822 1621/484/443 863/450/415
f 1620/416/382 887/1835/1799 1622/1853/1817
f 1622/1853/1817 886/1837/1801 1623/1855/1819
f 1623/1855/1819 885/1839/1803 1624/1857/1821
f 1624/1857/1821 883/536/489 1621/484/443
f 1625/430/395 882/1859/1823 879/469/431
f 1627/1860/1824 881/1861/1825 882/1859/1823
f 1628/1862/1826 880/1863/1827 881/1861/1825
f 1629/1864/1828 878/527/480 880/1863/1827
f 889/429/394 1627/1860/1824 1625/430/395
f 892/1845/1809 1628/1862/1826 1627/1860/1824
f 891/1847/1811 1629/1864/1828 1628/1862/1826
f 890/1849/1813 1626/505/460 1629/1864/1828
f 1630/421/386 897/1865/1829 894/499/455
f 1632/1866/1830 896/1867/1831 897/1865/1829
f 1633/1868/1832 895/1869/1833 896/1867/1831
f 1634/1870/1834 893/422/387 895/1869/1833
f 879/469/431 1632/1866/1830 1630/421/386
f 882/1859/1823 1633/1868/1832 1632/1866/1830
f 881/1861/1825 1634/1870/1834 1633/1868/1832
f 880/1863/1827 1631/438/403 1634/1870/1834
f 1635/436/401 870/1841/1805 868/435/400
f 1637/1871/1835 871/1842/1806 870/1841/1805
f 1638/1872/1836 872/1843/1807 871/1842/1806
f 1639/1873/1837 869/534/487 872/1843/1807
f 898/441/406 1637/1871/1835 1635/436/401
f 900/1874/1838 1638/1872/1836 1637/1871/1835
f 901/1875/1839 1639/1873/1837 1638/1872/1836
f 902/1876/1840 1636/418/384 1639/1873/1837
f 1640/442/407 900/1874/1838 898/441/406
f 1642/1877/1841 901/1875/1839 900/1874/1838
f 1643/1878/1842 902/1876/1840 901/1875/1839
f 1644/1879/1843 899/482/441 902/1876/1840
f 908/446/411 1642/1877/1841 1640/442/407
f 910/1880/1844 1643/1878/1842 1642/1877/1841
f 911/1881/1845 1644/1879/1843 1643/1878/1842
f 912/1882/1846 1641/528/481 1644/1879/1843
f 1645/437/402 907/1883/1847 904/532/485
f 1647/1884/1848 906/1885/1849 907/1883/1847
f 1648/1886/1850 905/1887/1851 906/1885/1849
f 1649/1888/1852 903/445/410 905/1887/1851
f 894/499/455 1647/1884/1848 1645/437/402
f 897/1865/1829 1648/1886/1850 1647/1884/1848
f 896/1867/1831 1649/1888/1852 1648/1886/1850
f 895/1869/1833 1646/424/389 1649/1888/1852
f 1650/481/440 934/1889/1146 931/533/486
f 934/1222/1146 1653/1890/1853 935/1225/1148
f 935/1225/1148 1654/1891/1854 942/1231/1154
f 942/1231/1154 1651/516/471 932/518/473
f 1650/481/440 917/1204/1129 1652/1892/1855
f 1652/1893/1855 927/1218/1133 1653/1890/1853
f 1653/1890/1853 926/1216/1141 1654/1891/1854
f 1654/1891/1854 915/517/472 1651/516/471
f 1655/448/413 910/1880/1844 908/446/411
f 1657/1894/1856 911/1881/1845 910/1880/1844
f 1658/1895/1857 912/1882/1846 911/1881/1845
f 1659/1896/1858 909/525/478 912/1882/1846
f 933/1237/1160 1657/1894/1856 1655/448/413
f 947/1236/1159 1658/1895/1857 1657/1894/1856
f 941/1239/1162 1659/1896/1858 1658/1895/1857
f 940/1232/1155 1656/500/456 1659/1896/1858
f 1660/443/408 921/1212/1137 914/449/414
f 1662/1897/1859 922/1220/1144 921/1212/1137
f 1663/1898/1860 928/1217/1142 922/1220/1144
f 1664/1899/1861 915/517/472 928/1217/1142
f 904/532/485 1662/1897/1859 1660/443/408
f 907/1883/1847 1663/1898/1860 1662/1897/1859
f 906/1885/1849 1664/1899/1861 1663/1898/1860
f 905/1887/1851 1661/515/470 1664/1899/1861
f 873/432/397 1667/1900/1862 875/1850/1814
f 875/1850/1814 1668/1901/1863 876/1851/1815
f 876/1851/1815 1669/1902/1864 877/1852/1816
f 877/1852/1816 1666/510/465 874/468/430
f 1665/453/416 957/1903/1865 1667/1900/1862
f 1667/1900/1862 958/1904/1866 1668/1901/1863
f 1668/1901/1863 959/1905/1867 1669/1902/1864
f 1669/1902/1864 956/474/435 1666/510/465
f 951/455/418 1672/1906/1868 954/1907/1869
f 954/1907/1869 1673/1908/1870 953/1909/1871
f 953/1909/1871 1674/1910/1872 952/1911/1873
f 952/1911/1873 1671/459/421 950/458/420
f 1670/426/391 867/1854/1818 1672/1906/1868
f 1672/1906/1868 866/1856/1820 1673/1908/1870
f 1673/1908/1870 865/1858/1822 1674/1910/1872
f 1674/1910/1872 863/450/415 1671/459/421
f 1675/466/428 968/1242/1165 965/523/477
f 1677/1912/1874 969/1251/1175 968/1242/1165
f 1678/1913/1875 975/1247/1171 969/1251/1175
f 1679/1914/1876 966/1248/1172 975/1247/1171
f 960/462/424 1677/1912/1874 1675/466/428
f 962/1915/1877 1678/1913/1875 1677/1912/1874
f 963/1916/1878 1679/1914/1876 1678/1913/1875
f 964/1917/1879 1676/494/452 1679/1914/1876
f 955/454/417 1682/1918/1880 957/1903/1865
f 957/1903/1865 1683/1919/1881 958/1904/1866
f 958/1904/1866 1684/1920/1882 959/1905/1867
f 959/1905/1867 1681/493/451 956/474/435
f 1680/460/422 979/1254/1179 1682/1918/1880
f 1682/1918/1880 974/1249/1173 1683/1919/1881
f 1683/1919/1881 973/1246/1170 1684/1920/1882
f 1684/1920/1882 966/1248/1172 1681/493/451
f 960/462/424 1687/1921/1883 962/1915/1877
f 962/1915/1877 1688/1922/1884 963/1916/1878
f 963/1916/1878 1689/1923/1885 964/1917/1879
f 964/1917/1879 1686/492/450 961/491/449
f 1685/456/419 954/1907/1869 1687/1921/1883
f 1687/1921/1883 953/1909/1871 1688/1922/1884
f 1688/1922/1884 952/1911/1873 1689/1923/1885
f 1689/1923/1885 950/458/420 1686/492/450
f 967/461/423 1692/1924/1886 978/1925/1180
f 978/1926/1887 1691/520/474 965/1927/1888
f 1690/411/379 849/1189/1889 1692/1924/1886
f 1692/1928/1890 846/521/475 1691/520/474
f 1693/392/361 808/1929/1086 796/391/360
f 1695/1930/1891 799/1140/1892 808/1144/1893
f 799/1140/1070 1694/480/439 794/477/436
f 914/449/414 1695/1931/1894 1693/392/361
f 923/1932/1895 1696/1933/1896 1695/1930/1891
f 1696/1933/1897 913/1202/1127 1694/480/439
f 933/1237/1160 1699/1934/1898 945/1235/1158
f 945/1235/1158 1700/1935/1899 946/1228/1151
f 946/1228/1151 1701/1936/1900 936/1223/1147
f 936/1937/1147 1698/529/482 931/533/486
f 1697/447/412 823/1169/1098 1699/1934/1898
f 1699/1934/1898 816/1174/1092 1700/1935/1899
f 1700/1935/1899 815/1938/1090 1701/1936/1900
f 1701/1939/1900 812/530/483 1698/529/482
f 1003/560/510 1704/1940/1901 1006/1941/1902
f 1006/1941/1902 1705/1942/1903 1005/1943/1904
f 1005/1944/1905 1706/1945/1906 1004/1946/1907
f 1706/1945/1906 1002/714/643 1004/1946/1907
f 1702/559/509 989/1947/1908 1704/1940/1901
f 1704/1940/1901 990/1948/1909 1705/1942/1903
f 1705/1949/1910 991/1950/1911 1706/1945/1906
f 991/1950/1911 1703/674/609 1706/1945/1906
f 1707/596/543 1011/1951/1912 1008/543/495
f 1709/1952/1913 1010/1953/1914 1011/1954/1912
f 1710/1955/1915 1009/1956/1916 1010/1953/1917
f 1009/1956/1916 1708/654/592 1007/556/506
f 992/723/652 1709/1957/1913 1707/596/543
f 994/1958/1918 1710/1955/1919 1709/1952/1913
f 995/1959/1920 1711/1960/1921 1710/1955/1915
f 1711/1960/1921 993/553/503 1708/654/592
f 1712/664/601 986/1961/1922 983/509/464
f 1714/1962/1923 985/1963/1924 986/1961/1922
f 1715/1964/1925 984/1965/1926 985/1966/1927
f 984/1965/1926 1713/539/492 982/551/501
f 1003/560/510 1714/1962/1923 1712/664/601
f 1006/1941/1902 1715/1967/1928 1714/1962/1923
f 1005/1944/1905 1716/1968/1929 1715/1964/1925
f 1716/1968/1929 1002/714/643 1713/539/492
f 998/693/625 1719/1969/1930 1001/1970/1931
f 1001/1971/1931 1720/1972/1932 1000/1973/1933
f 1000/1973/1934 1721/1974/1935 999/1975/1936
f 1721/1974/1935 997/545/496 999/1975/1936
f 1717/561/511 1011/1951/1912 1719/1969/1930
f 1719/1976/1930 1010/1953/1914 1720/1972/1932
f 1720/1972/1937 1009/1956/1916 1721/1974/1935
f 1009/1956/1916 1718/558/508 1721/1974/1935
f 1013/694/626 1724/1977/1938 1016/1978/1939
f 1016/1979/1939 1725/1980/1940 1015/1981/1941
f 1015/1981/1942 1726/1982/1943 1014/1983/1944
f 1726/1982/1943 1012/564/513 1014/1983/1944
f 1722/688/621 1001/1970/1931 1724/1977/1938
f 1724/1984/1938 1000/1973/1933 1725/1980/1940
f 1725/1980/1945 999/1975/1936 1726/1982/1943
f 999/1975/1936 1723/547/498 1726/1982/1943
f 987/550/500 1729/1985/1946 989/1947/1908
f 989/1947/1908 1730/1986/1947 990/1948/1909
f 990/1987/1948 1731/1988/1949 991/1950/1911
f 1731/1988/1949 988/570/519 991/1950/1911
f 1727/549/499 1019/1989/1950 1729/1985/1946
f 1729/1985/1946 1020/1990/1951 1730/1986/1947
f 1730/1991/1952 1021/1992/1953 1731/1988/1949
f 1021/1992/1953 1728/568/517 1731/1988/1949
f 1017/579/527 1734/1993/1954 1019/1989/1950
f 1019/1989/1950 1735/1994/1955 1020/1990/1951
f 1020/1995/1956 1736/1996/1957 1021/1992/1953
f 1736/1996/1957 1018/567/516 1021/1992/1953
f 1732/588/535 1029/1997/1958 1734/1993/1954
f 1734/1993/1954 1030/1998/1959 1735/1994/1955
f 1735/1999/1960 1031/2000/1961 1736/1996/1957
f 1031/2000/1961 1733/565/514 1736/1996/1957
f 1023/724/653 1739/2001/1962 1026/2002/1963
f 1026/2003/1963 1740/2004/1964 1025/2005/1965
f 1025/2005/1966 1741/2006/1967 1024/2007/1968
f 1741/2006/1967 1022/574/523 1024/2007/1968
f 1737/717/646 1016/1978/1939 1739/2001/1962
f 1739/2008/1962 1015/1981/1941 1740/2004/1964
f 1740/2004/1969 1014/1983/1944 1741/2006/1967
f 1014/1983/1944 1738/572/521 1741/2006/1967
f 1742/702/633 1054/2009/1970 1051/700/631
f 1744/2010/1971 1053/2011/1972 1054/2009/1970
f 1745/2012/1973 1052/2013/1974 1053/2011/1972
f 1746/2014/1975 1050/584/532 1052/2015/1974
f 1033/1266/1193 1744/2010/1971 1742/702/633
f 1043/1265/1192 1745/2012/1973 1744/2010/1971
f 1036/1271/1196 1746/2016/1975 1745/2012/1973
f 1035/2017/1186 1743/668/603 1746/2014/1975
f 1027/587/534 1749/2018/1976 1029/1997/1958
f 1029/1997/1958 1750/2019/1977 1030/1998/1959
f 1030/2020/1978 1751/2021/1979 1031/2000/1961
f 1031/2000/1961 1748/575/524 1028/577/526
f 1747/687/620 1054/2009/1970 1749/2018/1976
f 1749/2018/1980 1053/2011/1972 1750/2019/1977
f 1750/2022/1981 1052/2015/1974 1751/2021/1979
f 1052/2015/1974 1748/575/524 1751/2021/1979
f 1033/1266/1193 1754/2023/1982 1041/1264/1191
f 1041/1269/1191 1755/2024/1983 1042/1267/1194
f 1042/1267/1203 1756/2025/1984 1047/1274/1199
f 1047/1274/1199 1753/581/529 1034/583/531
f 1752/701/632 1026/2002/1963 1754/2023/1982
f 1754/2026/1982 1025/2005/1965 1755/2024/1983
f 1755/2024/1985 1024/2007/1968 1756/2025/1984
f 1756/2025/1984 1022/574/523 1753/581/529
f 1757/604/550 994/2027/1918 992/723/652
f 1759/2028/1986 995/1959/1987 994/1958/1918
f 1760/2029/1988 996/2030/1989 995/1959/1920
f 996/2030/1989 1758/697/628 993/553/503
f 1060/663/600 1759/2031/1986 1757/604/550
f 1062/2032/1990 1760/2029/1991 1759/2028/1986
f 1063/2033/1992 1761/2034/1993 1760/2029/1988
f 1761/2034/1993 1061/593/540 1758/697/628
f 1762/507/462 1059/2035/1994 1056/710/640
f 1764/2036/1995 1058/2037/1996 1059/2035/1994
f 1765/2038/1997 1057/2039/1998 1058/2040/1999
f 1057/2039/1998 1763/589/536 1055/591/538
f 983/509/464 1764/2036/1995 1762/507/462
f 986/1961/1922 1765/2041/2000 1764/2036/1995
f 985/1966/1927 1766/2042/2001 1765/2038/1997
f 1766/2042/2001 982/551/501 1763/589/536
f 1072/1295/1221 1769/2043/2002 1083/1293/1219
f 1083/1293/1219 1770/2044/2003 1084/1284/1210
f 1084/1284/1210 1771/2045/2004 1074/1280/1206
f 1074/1280/1206 1768/707/593 1070/709/639
f 1767/678/612 1067/2046/2005 1769/2043/2002
f 1769/2043/2002 1068/2047/2006 1770/2044/2003
f 1770/2044/2003 1069/2048/2007 1771/2045/2004
f 1771/2049/2004 1066/599/546 1768/655/593
f 1772/679/613 1062/2050/1990 1060/663/600
f 1774/2051/2008 1063/2033/2009 1062/2032/1990
f 1775/2052/2010 1064/2053/2011 1063/2033/1992
f 1776/2054/2012 1061/593/540 1064/2053/2011
f 1072/1295/1221 1774/2055/2008 1772/679/613
f 1085/1299/1220 1775/2052/2013 1774/2051/2008
f 1079/1298/2014 1776/2054/2012 1775/2052/2010
f 1078/1289/1215 1773/601/548 1776/2054/2012
f 1777/681/615 1067/2046/2005 1065/680/614
f 1779/2056/2015 1068/2047/2006 1067/2046/2005
f 1780/2057/2016 1069/2058/2007 1068/2059/2006
f 1069/2058/2007 1778/597/544 1066/599/546
f 1056/710/640 1779/2056/2015 1777/681/615
f 1059/2035/1994 1780/2060/2017 1779/2056/2015
f 1058/2040/1999 1781/2061/2018 1780/2057/2016
f 1057/2039/1998 1778/597/544 1781/2061/2018
f 1782/677/611 1112/2062/2019 1109/606/551
f 1784/2063/2020 1111/2064/2021 1112/2062/2019
f 1785/2065/2022 1110/2066/2023 1111/2064/2021
f 1786/2067/2024 1108/722/651 1110/2066/2023
f 1093/626/569 1784/2063/2020 1782/677/611
f 1095/2068/2025 1785/2065/2022 1784/2063/2020
f 1096/2069/2026 1786/2067/2024 1785/2065/2022
f 1097/2070/2027 1783/721/650 1786/2067/2024
f 1114/620/563 1789/2071/2028 1117/2072/2029
f 1117/2072/2029 1790/2073/2030 1116/2074/2031
f 1116/2074/2031 1791/2075/2032 1115/2076/2033
f 1115/2076/2033 1788/658/596 1113/661/599
f 1787/619/562 1100/2077/2034 1789/2071/2028
f 1789/2071/2028 1101/2078/2035 1790/2073/2030
f 1790/2073/2030 1102/2079/2036 1791/2075/2032
f 1791/2075/2032 1099/659/597 1788/658/596
f 1089/616/559 1794/2080/2037 1092/2081/2038
f 1092/2081/2038 1795/2082/2039 1091/2083/2040
f 1091/2083/2040 1796/2084/2041 1090/2085/2042
f 1090/2085/2042 1793/675/610 1088/641/582
f 1792/607/552 1112/2062/2019 1794/2080/2037
f 1794/2080/2037 1111/2064/2021 1795/2082/2039
f 1795/2082/2039 1110/2066/2023 1796/2084/2041
f 1796/2084/2041 1108/722/651 1793/675/610
f 1797/621/564 1107/2086/2043 1104/660/598
f 1799/2087/2044 1106/2088/2045 1107/2086/2043
f 1800/2089/2046 1105/2090/2047 1106/2088/2045
f 1801/2091/2048 1103/715/644 1105/2090/2047
f 1114/620/563 1799/2087/2044 1797/621/564
f 1117/2072/2029 1800/2089/2046 1799/2087/2044
f 1116/2074/2031 1801/2091/2048 1800/2089/2046
f 1115/2076/2033 1798/696/627 1801/2091/2048
f 1802/612/556 1122/2092/2049 1119/690/622
f 1804/2093/2050 1121/2094/2051 1122/2092/2049
f 1805/2095/2052 1120/2096/2053 1121/2094/2051
f 1806/2097/2054 1118/613/557 1120/2096/2053
f 1104/660/598 1804/2093/2050 1802/612/556
f 1107/2086/2043 1805/2095/2052 1804/2093/2050
f 1106/2088/2045 1806/2097/2054 1805/2095/2052
f 1105/2090/2047 1803/629/572 1806/2097/2054
f 1807/627/570 1095/2068/2025 1093/626/569
f 1809/2098/2055 1096/2069/2026 1095/2068/2025
f 1810/2099/2056 1097/2070/2027 1096/2069/2026
f 1811/2100/2057 1094/720/649 1097/2070/2027
f 1123/632/574 1809/2098/2055 1807/627/570
f 1125/2101/2058 1810/2099/2056 1809/2098/2055
f 1126/2102/2059 1811/2100/2057 1810/2099/2056
f 1127/2103/2060 1808/609/554 1811/2100/2057
f 1812/633/575 1125/2101/2058 1123/632/574
f 1814/2104/2061 1126/2102/2059 1125/2101/2058
f 1815/2105/2062 1127/2103/2060 1126/2102/2059
f 1816/2106/2063 1124/673/608 1127/2103/2060
f 1133/637/578 1814/2104/2061 1812/633/575
f 1135/2107/2064 1815/2105/2062 1814/2104/2061
f 1136/2108/2065 1816/2106/2063 1815/2105/2062
f 1137/2109/2066 1813/716/645 1816/2106/2063
f 1817/628/571 1132/2110/2067 1129/718/647
f 1819/2111/2068 1131/2112/2069 1132/2110/2067
f 1820/2113/2070 1130/2114/2071 1131/2112/2069
f 1821/2115/2072 1128/636/577 1130/2114/2071
f 1119/690/622 1819/2111/2068 1817/628/571
f 1122/2092/2049 1820/2113/2070 1819/2111/2068
f 1121/2094/2051 1821/2115/2072 1820/2113/2070
f 1120/2096/2053 1818/615/558 1821/2115/2072
f 1156/719/648 1824/2116/2073 1159/2117/2074
f 1159/2117/2074 1825/2118/2075 1158/2119/2076
f 1158/2119/2076 1826/2120/2077 1157/2121/2078
f 1157/2121/2078 1823/704/635 1155/706/637
f 1822/672/607 1141/1302/1226 1824/2116/2073
f 1824/2116/2073 1151/1307/1230 1825/2118/2075
f 1825/2118/2075 1150/1314/1238 1826/2120/2077
f 1826/2120/2077 1140/705/636 1823/704/635
f 1827/639/580 1135/2107/2064 1133/637/578
f 1829/2122/2079 1136/2108/2065 1135/2107/2064
f 1830/2123/2080 1137/2109/2066 1136/2108/2065
f 1831/2124/2081 1134/713/642 1137/2109/2066
f 1156/719/648 1829/2122/2079 1827/639/580
f 1159/2117/2074 1830/2123/2080 1829/2122/2079
f 1158/2119/2076 1831/2124/2081 1830/2123/2080
f 1157/2121/2078 1828/691/623 1831/2124/2081
f 1832/634/576 1145/1311/1234 1139/640/581
f 1834/2125/2082 1146/1317/1241 1145/1311/1234
f 1835/2126/2083 1152/1315/1239 1146/1317/1241
f 1836/2127/2084 1140/705/636 1152/1315/1239
f 1129/718/647 1834/2125/2082 1832/634/576
f 1132/2110/2067 1835/2126/2083 1834/2125/2082
f 1131/2112/2069 1836/2127/2084 1835/2126/2083
f 1130/2114/2071 1833/703/634 1836/2127/2084
f 1098/623/566 1839/2128/2085 1100/2077/2034
f 1100/2077/2034 1840/2129/2086 1101/2078/2035
f 1101/2078/2035 1841/2130/2087 1102/2079/2036
f 1102/2079/2036 1838/698/629 1099/659/597
f 1837/644/583 1167/2131/2088 1839/2128/2085
f 1839/2128/2085 1168/2132/2089 1840/2129/2086
f 1840/2129/2086 1169/2133/2090 1841/2130/2087
f 1841/2130/2087 1166/665/602 1838/698/629
f 1161/646/585 1844/2134/2091 1164/2135/2092
f 1164/2135/2092 1845/2136/2093 1163/2137/2094
f 1163/2137/2094 1846/2138/2095 1162/2139/2096
f 1162/2139/2096 1843/650/588 1160/649/587
f 1842/617/560 1092/2081/2038 1844/2134/2091
f 1844/2134/2091 1091/2083/2040 1845/2136/2093
f 1845/2136/2093 1090/2085/2042 1846/2138/2095
f 1846/2138/2095 1088/641/582 1843/650/588
f 1847/657/595 1178/1321/1245 1175/1318/641
f 1849/2140/2097 1179/1330/1254 1178/1321/1245
f 1850/2141/2098 1186/1326/1250 1179/1330/1254
f 1851/2142/2099 1176/1327/1251 1186/1326/1250
f 1170/653/591 1849/2140/2097 1847/657/595
f 1172/2143/2100 1850/2141/2098 1849/2140/2097
f 1173/2144/2101 1851/2142/2099 1850/2141/2098
f 1174/2145/2102 1848/685/619 1851/2142/2099
f 1165/645/584 1854/2146/2103 1167/2131/2088
f 1167/2131/2088 1855/2147/2104 1168/2132/2089
f 1168/2132/2089 1856/2148/2105 1169/2133/2090
f 1169/2133/2090 1853/684/618 1166/665/602
f 1852/651/589 1189/1333/1258 1854/2146/2103
f 1854/2146/2103 1185/1328/1252 1855/2147/2104
f 1855/2147/2104 1184/1325/1249 1856/2148/2105
f 1856/2148/2105 1176/1327/1251 1853/684/618
f 1170/653/591 1859/2149/2106 1172/2143/2100
f 1172/2143/2100 1860/2150/2107 1173/2144/2101
f 1173/2144/2101 1861/2151/2108 1174/2145/2102
f 1174/2145/2102 1858/683/617 1171/682/616
f 1857/647/586 1164/2135/2092 1859/2149/2106
f 1859/2149/2106 1163/2137/2094 1860/2150/2107
f 1860/2150/2107 1162/2139/2096 1861/2151/2108
f 1861/2151/2108 1160/649/587 1858/683/617
f 1177/652/590 1864/2152/2109 1180/2153/1259
f 1180/2154/1244 1863/708/638 1175/712/641
f 1862/602/549 1080/1288/2110 1864/2152/2109
f 1864/2155/2111 1080/2156/2111 1073/1281/2111
f 1864/2157/2112 1070/709/639 1863/708/638
f 1034/583/531 1867/2158/2113 1046/2159/2114
f 1046/1262/2115 1867/2160/2116 1037/1258/2117
f 1867/2161/2118 1032/2162/1183 1037/2163/2119
f 1865/582/530 1147/1310/1233 1867/2158/2113
f 1147/2164/2120 1866/669/604 1867/2161/2118
f 485/1634/2121 486/2165/818 1872/1632/817
f 442/1617/2122 443/2166/2122 1870/1615/2123
f 454/1618/2124 1871/849/2125 451/2167/780
f 510/1649/2126 1869/2168/2126 1868/2169/2126
f 457/195/171 1443/341/315 129/196/172
f 1439/198/174 504/913/834 1527/199/175
f 135/200/176 1527/199/175 725/201/177
f 709/203/179 1484/329/303 130/204/180
f 1479/205/181 130/204/180 1489/214/190
f 33/239/215 547/302/276 1381/240/216
f 34/197/173 129/196/172 1386/242/218
f 457/195/171 34/197/173 127/255/230
f 34/197/173 527/243/219 1376/261/236
f 35/268/243 566/269/244 1386/242/218
f 35/268/243 128/241/217 1381/240/216
f 490/279/253 1433/256/231 127/255/230
f 491/283/257 1439/198/174 135/200/176
f 456/285/259 1514/305/279 138/286/260
f 1385/288/262 120/301/275 1394/249/224
f 1444/287/261 138/286/260 1526/290/264
f 1434/292/266 489/896/821 1510/293/267
f 31/229/205 564/231/207 1380/253/228
f 565/300/274 1398/250/225 120/301/275
f 33/239/215 127/255/230 1376/261/236
f 1509/284/258 135/200/176 1483/202/178
f 490/279/253 33/239/215 128/241/217
f 505/328/302 1438/327/301 128/241/217
f 1489/214/190 130/204/180 1484/329/303
f 117/294/268 1510/293/267 707/331/305
f 505/328/302 35/268/243 129/196/172
f 455/342/316 1434/292/266 117/294/268
f 1515/343/317 117/294/268 1478/332/306
f 759/354/326 59/420/385 165/355/327
f 769/365/336 50/427/392 160/366/337
f 1551/356/328 165/355/327 57/372/342
f 774/373/343 57/372/342 159/380/350
f 1566/381/351 159/380/350 58/382/352
f 784/383/353 58/382/352 166/389/358
f 45/417/383 869/534/487 1636/418/384
f 59/420/385 879/469/431 1630/421/386
f 893/422/387 43/439/404 149/423/388
f 50/427/392 154/431/396 1615/428/393
f 50/427/392 889/429/394 1625/430/395
f 154/431/396 49/364/335 873/432/397
f 57/372/342 894/499/455 1645/437/402
f 1631/438/403 148/419/383 43/439/404
f 58/382/352 904/532/485 1660/443/408
f 1646/424/389 149/423/388 46/444/409
f 1693/392/361 166/389/358 1660/443/408
f 863/450/415 1621/484/443 147/451/383
f 49/364/335 153/363/334 1665/453/416
f 153/363/334 48/404/372 955/454/417
f 151/457/383 47/476/383 950/458/420
f 48/404/372 161/403/371 1680/460/422
f 161/403/371 1690/411/379 967/461/423
f 42/452/383 147/451/383 1616/467/429
f 1546/367/338 160/366/337 59/420/385
f 160/366/337 1625/430/395 879/469/431
f 147/451/383 44/485/383 888/470/432
f 956/474/435 1681/493/451 152/475/383
f 148/419/383 1636/418/384 899/482/441
f 1621/484/443 883/536/489 44/485/383
f 152/475/383 1676/494/452 961/491/449
f 1681/493/451 966/1248/1172 1676/494/452
f 165/355/327 1630/421/386 894/499/455
f 46/444/409 909/525/478 1656/500/456
f 146/504/383 1626/505/460 888/470/432
f 45/417/383 878/527/480 1626/505/460
f 42/452/383 151/457/383 1671/459/421
f 1666/510/465 956/474/435 47/476/383
f 1661/515/470 150/501/457 1651/516/471
f 150/501/457 1656/500/456 932/518/473
f 47/476/383 152/475/383 1686/492/450
f 149/423/388 1641/528/481 909/525/478
f 878/527/480 45/417/383 148/419/383
f 43/439/404 899/482/441 1641/528/481
f 159/380/350 1645/437/402 904/532/485
f 869/534/487 45/417/383 146/504/383
f 1611/535/488 146/504/383 44/485/383
f 903/445/410 46/444/409 150/501/457
f 874/468/430 1666/510/465 151/457/383
f 1378/1583/1511 1379/1584/1512 532/929/852
f 1379/1584/1512 1376/261/236 527/243/219
f 560/952/874 559/960/882 1379/1584/1512
f 559/960/882 547/302/276 1376/261/236
f 555/957/879 1383/1587/1515 1384/1586/1514
f 561/961/883 1384/1586/1514 1381/240/216
f 1387/1588/1516 1388/1591/1519 574/1589/1517
f 1388/1590/1518 1386/242/218 566/269/244
f 1385/288/262 528/289/263 538/936/859
f 1387/1588/1516 538/936/859 531/940/863
f 1388/1590/1518 530/928/851 527/243/219
f 1436/1643/1581 1437/1644/1583 459/856/1582
f 1433/256/231 490/279/253 498/905/1584
f 1437/1644/1583 492/894/819 489/896/821
f 1438/327/301 1440/1645/1585 498/902/1584
f 1440/1645/1585 1441/1646/1586 497/910/828
f 1441/1646/1586 1440/1645/1585 1869/2168/2127
f 1440/1645/1585 510/1648/1588 1869/2168/2127
f 1441/1646/1586 1869/2168/2127 507/911/832
f 1447/1652/1593 1444/287/261 506/291/265
f 1447/1652/1593 460/863/1596 456/285/259
f 1482/1679/1617 1479/1680/181 691/1096/191
f 707/331/305 712/1106/1038 1480/1677/1615
f 712/1106/1038 721/1109/1041 1481/1678/1616
f 721/1109/1041 720/1117/1049 1482/1679/1617
f 720/1117/1049 709/1119/179 1479/1680/181
f 716/1114/1046 1486/1682/1619 1487/1683/1620
f 722/1118/1050 1487/1683/1620 1484/1684/303
f 1487/1683/1620 739/1134/1065 727/1136/304
f 891/1847/1811 1618/1846/1810 1619/1848/1812
f 1617/1844/1808 875/1850/1814 876/1851/1815
f 1628/1862/1826 1629/1864/1828 880/1863/1827
f 1632/1866/1830 1633/1868/1832 896/1867/1831
f 1643/1878/1842 1644/1879/1843 902/1876/1840
f 1645/437/402 1647/1884/1848 907/1883/1847
f 1648/1886/1850 1649/1888/1852 905/1887/1851
f 895/1869/1833 893/422/387 1646/424/389
f 935/1225/1148 1653/1890/1853 1654/1891/1854
f 940/1232/1155 932/518/473 1656/500/456
f 875/1850/1814 1667/1900/1862 1668/1901/1863
f 877/1852/1816 1669/1902/1864 1666/510/465
f 1669/1902/1864 959/1905/1867 956/474/435
f 953/1909/1871 1673/1908/1870 1674/1910/1872
f 962/1915/1877 963/1916/1878 1678/1913/1875
f 957/1903/1865 1682/1918/1880 1683/1919/1881
f 1269/1/1 92/70/2 1/2/2
f 1220/4/4 220/182/160 20/5/5
f 88/7/2 1214/61/55 226/8/7
f 215/10/8 24/76/67 113/11/9
f 4/13/2 89/43/2 1234/14/11
f 200/16/13 1220/4/4 105/6/6
f 211/18/15 1265/162/142 101/19/16
f 225/21/18 15/83/73 108/22/19
f 3/9/2 87/27/2 1209/24/21
f 1224/26/23 216/158/139 4/13/2
f 1230/12/10 113/11/9 22/28/24
f 1240/30/26 104/96/85 19/31/27
f 1235/33/29 116/90/80 26/34/30
f 230/29/25 22/28/24 107/36/32
f 1245/37/33 107/36/32 23/38/34
f 1255/40/36 112/50/45 18/41/37
f 89/43/2 2/154/2 235/44/39
f 240/39/35 23/38/34 114/45/40
f 1260/46/41 114/45/40 1372/47/42
f 268/49/44 25/103/92 112/50/45
f 90/51/2 5/151/133 245/52/46
f 1270/54/48 200/16/13 16/17/14
f 273/56/50 1270/54/48 103/55/49
f 279/58/52 1280/66/60 109/59/53
f 1/2/2 210/193/169 1214/61/55
f 1285/62/56 273/56/50 17/57/51
f 284/64/58 1285/62/56 111/63/57
f 1280/66/60 289/755/683 1369/67/61
f 6/68/2 278/128/113 1264/69/62
f 105/6/6 20/5/5 327/71/63
f 10/73/65 312/190/166 1315/74/66
f 24/76/67 322/125/111 1309/77/68
f 336/78/69 8/95/65 97/79/65
f 103/55/49 16/17/14 307/81/71
f 15/83/73 102/87/77 1294/84/74
f 15/83/73 332/85/75 1304/86/76
f 102/87/77 14/20/17 316/88/78
f 115/89/79 1289/142/124 327/71/63
f 116/90/80 1314/92/82 311/91/81
f 19/31/27 341/97/86 1314/92/82
f 22/28/24 337/155/136 1324/93/83
f 1310/94/84 96/75/65 8/95/65
f 104/96/85 1319/98/87 341/97/86
f 18/41/37 351/102/91 1319/98/87
f 23/38/34 347/187/164 1339/99/88
f 1325/80/70 97/79/65 11/100/89
f 112/50/45 1334/104/93 351/102/91
f 25/103/92 374/189/165 1334/104/93
f 114/45/40 1339/99/88 357/105/94
f 306/106/95 1300/140/123 95/107/65
f 14/20/17 101/19/16 1344/109/96
f 101/19/16 13/60/54 383/110/97
f 111/63/57 17/57/51 379/111/98
f 99/113/65 12/132/65 378/114/100
f 13/60/54 109/59/53 1359/116/102
f 109/59/53 1369/67/61 395/117/103
f 21/65/59 111/63/57 1364/112/99
f 1215/119/105 211/18/15 14/20/17
f 1275/120/106 284/64/58 21/65/59
f 106/121/107 21/65/59 388/118/104
f 7/108/65 95/107/65 1295/123/109
f 226/8/7 1224/26/23 87/27/2
f 1225/23/20 108/22/19 24/76/67
f 108/22/19 1304/86/76 322/125/111
f 95/107/65 9/141/65 331/126/112
f 93/127/2 1279/144/126 278/128/113
f 201/3/3 1/2/2 88/7/2
f 16/17/14 105/6/6 1299/72/64
f 384/130/115 1360/149/131 100/131/65
f 236/32/28 19/31/27 116/90/80
f 1250/133/116 250/725/654 1373/134/117
f 110/135/118 1373/134/117 356/136/119
f 96/75/65 1315/74/66 342/138/121
f 206/35/31 26/34/30 115/89/79
f 225/21/18 1215/119/105 102/87/77
f 1300/140/123 326/192/168 9/141/65
f 26/34/30 311/91/81 1289/142/124
f 1274/143/125 290/764/692 1279/144/126
f 283/145/127 1274/143/125 93/127/2
f 100/131/65 1355/150/132 389/147/129
f 1360/149/131 394/798/724 1355/150/132
f 5/151/133 91/167/147 1254/152/134
f 1229/153/135 231/159/140 2/154/2
f 113/11/9 1309/77/68 337/155/136
f 11/100/89 352/181/159 1335/156/137
f 216/158/139 1229/153/135 89/43/2
f 231/159/140 1244/186/163 90/51/2
f 94/160/65 1305/161/141 331/126/112
f 10/73/65 321/183/161 1305/161/141
f 1265/162/142 279/58/52 13/60/54
f 7/108/65 99/113/65 1350/115/101
f 410/163/143 1403/210/186 136/164/144
f 1345/166/146 384/130/115 12/132/65
f 91/167/147 1249/170/150 269/168/148
f 1259/169/149 251/1435/664 1249/170/150
f 1340/171/151 98/157/138 1330/172/152
f 98/157/138 1335/156/137 373/174/154
f 1275/175/106 106/179/107 1370/176/155
f 274/178/157 6/68/2 92/70/2
f 17/57/51 103/55/49 1349/82/72
f 106/179/107 1354/1559/108 393/180/158
f 246/42/38 18/41/37 104/96/85
f 1284/146/128 93/127/2 6/68/2
f 12/132/65 100/131/65 1365/148/130
f 97/79/65 1320/184/162 352/181/159
f 2/154/2 90/51/2 1239/53/47
f 1210/139/122 115/89/79 20/5/5
f 321/183/161 10/73/65 96/75/65
f 8/95/65 342/138/121 1320/184/162
f 1250/185/116 110/188/118 25/103/92
f 1244/186/163 241/194/170 5/151/133
f 107/36/32 1324/93/83 347/187/164
f 110/188/118 1329/1540/120 374/189/165
f 1219/129/114 88/7/2 3/9/2
f 87/27/2 4/13/2 205/15/12
f 312/190/166 10/73/65 94/160/65
f 1290/191/167 94/160/65 9/141/65
f 92/70/2 1264/69/62 210/193/169
f 241/194/170 1259/169/149 91/167/147
f 346/101/90 11/100/89 98/157/138
f 317/124/110 1345/166/146 99/113/65
f 481/206/182 32/232/208 126/207/183
f 436/209/185 1517/281/255 136/164/144
f 137/211/187 1506/1698/1647 672/212/188
f 447/216/192 1413/316/290 123/217/193
f 424/219/195 1418/297/271 134/220/196
f 1454/222/198 131/336/310 1459/223/199
f 134/220/196 1522/298/272 635/225/201
f 27/227/203 529/260/235 1395/228/204
f 31/229/205 126/207/183 1399/230/206
f 32/232/208 517/299/273 1399/230/206
f 438/233/209 1414/247/222 133/234/210
f 1409/236/212 411/813/742 1494/237/213
f 412/244/220 28/273/203 121/245/203
f 1414/247/222 446/850/777 1498/248/223
f 1394/249/224 120/301/275 1398/250/225
f 30/252/227 124/277/251 1380/253/228
f 447/216/192 29/218/194 122/257/232
f 27/227/203 121/245/203 1375/259/234
f 1423/262/237 137/211/187 1521/263/238
f 425/265/240 1503/311/285 118/266/241
f 1429/267/242 118/266/241 1507/270/245
f 480/272/247 1506/1698/1647 137/211/187
f 28/273/203 122/257/232 1390/274/248
f 29/218/194 515/280/254 1390/274/248
f 426/276/250 31/229/205 124/277/251
f 29/218/194 123/217/193 1395/228/204
f 1517/281/255 583/984/906 1449/282/256
f 28/273/203 545/275/249 1375/259/234
f 30/252/227 546/254/229 1389/295/269
f 1418/297/271 465/870/797 1522/298/272
f 32/232/208 125/296/270 1389/295/269
f 138/286/260 1488/306/280 726/304/278
f 1514/305/279 692/1101/1030 1488/306/280
f 119/238/214 1494/237/213 602/307/281
f 133/234/210 1458/310/284 584/309/283
f 1498/248/223 620/1032/958 1458/310/284
f 1503/311/285 655/1068/995 1473/312/286
f 137/211/187 1469/213/189 636/313/287
f 118/266/241 1473/312/286 673/314/288
f 437/315/289 27/227/203 123/217/193
f 445/317/291 1409/236/212 119/238/214
f 1499/318/292 119/238/214 1453/308/282
f 136/164/144 1449/282/256 600/320/294
f 426/276/250 1428/208/184 126/207/183
f 466/321/295 1419/278/252 124/277/251
f 637/322/296 1468/338/312 132/323/297
f 1463/324/298 132/323/297 1474/325/299
f 412/244/220 1408/258/233 122/257/232
f 437/315/289 1404/246/221 121/245/203
f 1459/223/199 131/336/310 1448/333/307
f 601/335/309 1448/333/307 131/336/310
f 466/321/295 30/252/227 125/296/270
f 481/206/182 1424/337/311 125/296/270
f 1474/325/299 132/323/297 1468/338/312
f 1502/221/197 134/220/196 1464/226/202
f 1590/345/319 144/414/320 36/346/320
f 1541/348/322 764/526/479 55/349/323
f 140/351/320 1535/405/373 770/352/325
f 39/357/320 141/387/320 1555/358/329
f 744/360/331 1541/348/322 157/350/324
f 755/362/333 1586/506/461 153/363/334
f 38/353/320 139/371/320 1530/368/339
f 1545/370/341 760/502/458 39/357/320
f 1561/374/344 156/440/405 54/375/345
f 1556/377/347 168/434/399 60/378/348
f 1576/384/354 164/394/363 53/385/355
f 141/387/320 37/498/320 779/388/357
f 796/391/360 1581/390/359 166/389/358
f 813/393/362 1697/447/412 164/394/363
f 142/395/320 40/495/320 789/396/364
f 1591/398/366 744/360/331 51/361/332
f 831/400/368 1591/398/366 155/399/367
f 837/402/370 1601/410/378 161/403/371
f 36/346/320 754/537/490 1535/405/373
f 1606/406/374 831/400/368 52/401/369
f 842/408/376 1606/406/374 163/407/375
f 1601/410/378 847/1187/1113 1690/411/379
f 41/412/320 836/472/433 1585/413/380
f 157/350/324 55/349/323 884/415/381
f 155/399/367 51/361/332 864/425/390
f 167/433/398 1610/486/444 884/415/381
f 168/434/399 1635/436/401 868/435/400
f 54/375/345 898/441/406 1635/436/401
f 156/440/405 1640/442/407 898/441/406
f 53/385/355 908/446/411 1640/442/407
f 164/394/363 1655/448/413 908/446/411
f 1697/447/412 933/1237/1160 1655/448/413
f 163/407/375 52/401/369 951/455/418
f 56/409/377 163/407/375 1685/456/419
f 1536/463/425 755/362/333 49/364/335
f 1596/464/426 842/408/376 56/409/377
f 158/465/427 56/409/377 960/462/424
f 770/352/325 1545/370/341 139/371/320
f 145/471/320 1600/488/446 836/472/433
f 745/347/321 36/346/320 140/351/320
f 51/361/332 157/350/324 1620/416/382
f 780/376/346 54/375/345 168/434/399
f 794/477/436 1694/480/439 162/478/437
f 1694/480/439 913/1202/1127 1650/481/440
f 750/379/349 60/378/348 167/433/398
f 769/365/336 1536/463/425 154/431/396
f 60/378/348 868/435/400 1610/486/444
f 1595/487/445 848/1196/1123 1600/488/446
f 841/489/447 1595/487/445 145/471/320
f 40/495/320 143/511/466 1575/496/453
f 1550/497/454 775/503/459 37/498/320
f 760/502/458 1550/497/454 141/387/320
f 775/503/459 1565/531/484 142/395/320
f 1586/506/461 837/402/370 48/404/372
f 1762/507/462 174/605/463 61/508/463
f 143/511/466 1570/514/469 814/512/467
f 1580/513/468 795/1148/1079 1570/514/469
f 1596/519/426 158/2170/427 1691/520/474
f 832/522/476 41/412/320 144/414/320
f 52/401/369 155/399/367 1670/426/391
f 158/465/427 1675/466/428 965/523/477
f 790/386/356 53/385/355 156/440/405
f 1605/490/448 145/471/320 41/412/320
f 37/498/320 142/395/320 1560/397/365
f 1531/483/442 167/433/398 55/349/323
f 1571/479/438 162/478/437 1698/529/482
f 1565/531/484 785/538/491 40/495/320
f 162/478/437 1650/481/440 931/533/486
f 1540/473/434 140/351/320 38/353/320
f 139/371/320 39/357/320 749/359/330
f 144/414/320 1585/413/380 754/537/490
f 785/538/491 1580/513/468 143/511/466
f 1713/539/492 1002/714/643 80/540/493
f 170/542/463 1707/596/543 1008/543/495
f 997/545/496 84/611/555 195/546/497
f 64/548/463 171/578/463 1727/549/499
f 982/551/501 1713/539/492 187/541/494
f 993/553/503 1758/697/628 183/554/504
f 1007/556/506 75/618/561 190/557/507
f 63/544/463 169/562/463 1702/559/509
f 1717/561/511 998/693/625 64/548/463
f 1723/547/498 195/546/497 82/563/512
f 1733/565/514 186/631/573 79/566/515
f 1728/568/517 198/625/568 86/569/518
f 1012/564/513 82/563/512 189/571/520
f 1738/572/521 189/571/520 83/573/522
f 1748/575/524 194/585/533 78/576/525
f 171/578/463 62/689/463 1017/579/527
f 1022/574/523 83/573/522 196/580/528
f 1753/581/529 196/580/528 1865/582/530
f 1050/584/532 85/638/579 194/585/533
f 172/586/463 65/686/463 1027/587/534
f 1763/589/536 982/551/501 76/552/502
f 1055/591/538 1763/589/536 185/590/537
f 1061/593/540 1773/601/548 191/594/541
f 61/508/463 992/723/652 1707/596/543
f 1778/597/544 1055/591/538 77/592/539
f 1066/599/546 1778/597/544 193/598/545
f 1773/601/548 1071/1286/1212 1862/602/549
f 66/603/463 1060/663/600 1757/604/550
f 187/541/494 80/540/493 1109/606/551
f 70/608/553 1094/720/649 1808/609/554
f 84/611/555 1104/660/598 1802/612/556
f 1118/613/557 68/630/553 179/614/553
f 185/590/537 76/552/502 1089/616/559
f 75/618/561 184/622/565 1787/619/562
f 75/618/561 1114/620/563 1797/621/564
f 184/622/565 74/555/505 1098/623/566
f 197/624/567 1782/677/611 1109/606/551
f 198/625/568 1807/627/570 1093/626/569
f 79/566/515 1123/632/574 1807/627/570
f 82/563/512 1119/690/622 1817/628/571
f 1803/629/572 178/610/553 68/630/553
f 186/631/573 1812/633/575 1123/632/574
f 78/576/525 1133/637/578 1812/633/575
f 83/573/522 1129/718/647 1832/634/576
f 1818/615/558 179/614/553 71/635/553
f 194/585/533 1827/639/580 1133/637/578
f 85/638/579 1156/719/648 1827/639/580
f 196/580/528 1832/634/576 1139/640/581
f 1088/641/582 1793/675/610 177/642/553
f 74/555/505 183/554/504 1837/644/583
f 183/554/504 73/595/542 1165/645/584
f 193/598/545 77/592/539 1161/646/585
f 181/648/553 72/667/553 1160/649/587
f 73/595/542 191/594/541 1852/651/589
f 191/594/541 1862/602/549 1177/652/590
f 81/600/547 193/598/545 1857/647/586
f 1708/654/592 993/553/503 74/555/505
f 1768/655/593 1066/599/546 81/600/547
f 188/656/594 81/600/547 1170/653/591
f 67/643/553 177/642/553 1788/658/596
f 1008/543/495 1717/561/511 169/562/463
f 1718/558/508 190/557/507 84/611/555
f 190/557/507 1797/621/564 1104/660/598
f 177/642/553 69/676/553 1113/661/599
f 175/662/463 1772/679/613 1060/663/600
f 983/509/464 61/508/463 170/542/463
f 76/552/502 187/541/494 1792/607/552
f 1166/665/602 1853/684/618 182/666/553
f 1018/567/516 79/566/515 198/625/568
f 1743/668/603 1032/2162/1183 1866/669/604
f 192/670/605 1866/669/604 1138/671/606
f 178/610/553 1808/609/554 1124/673/608
f 988/570/519 86/569/518 197/624/567
f 1007/556/506 1708/654/592 184/622/565
f 1793/675/610 1108/722/651 69/676/553
f 86/569/518 1093/626/569 1782/677/611
f 1767/678/612 1072/1295/1221 1772/679/613
f 1065/680/614 1767/678/612 175/662/463
f 182/666/553 1848/685/619 1171/682/616
f 1853/684/618 1176/1327/1251 1848/685/619
f 65/686/463 173/699/630 1747/687/620
f 1722/688/621 1013/694/626 62/689/463
f 195/546/497 1802/612/556 1119/690/622
f 71/635/553 1134/713/642 1828/691/623
f 998/693/625 1722/688/621 171/578/463
f 1013/694/626 1737/717/646 172/586/463
f 176/695/553 1798/696/627 1113/661/599
f 70/608/553 1103/715/644 1798/696/627
f 1758/697/628 1061/593/540 73/595/542
f 67/643/553 181/648/553 1843/650/588
f 1838/698/629 1166/665/602 72/667/553
f 173/699/630 1742/702/633 1051/700/631
f 1752/701/632 1033/1266/1193 1742/702/633
f 1833/703/634 180/692/624 1823/704/635
f 180/692/624 1828/691/623 1155/706/637
f 1768/707/593 188/711/594 1863/708/638
f 1056/710/640 66/603/463 174/605/463
f 77/592/539 185/590/537 1842/617/560
f 188/711/594 1847/2171/595 1175/712/641
f 1028/577/526 78/576/525 186/631/573
f 1777/681/615 175/662/463 66/603/463
f 72/667/553 182/666/553 1858/683/617
f 179/614/553 1813/716/645 1134/713/642
f 62/689/463 172/586/463 1732/588/535
f 1703/674/609 197/624/567 80/540/493
f 1103/715/644 70/608/553 178/610/553
f 68/630/553 1124/673/608 1813/716/645
f 1743/668/603 192/670/605 85/638/579
f 1737/717/646 1023/724/653 65/686/463
f 189/571/520 1817/628/571 1129/718/647
f 192/670/605 1822/672/607 1156/719/648
f 1712/664/601 170/542/463 63/544/463
f 169/562/463 64/548/463 987/550/500
f 1094/720/649 70/608/553 176/695/553
f 1783/721/650 176/695/553 69/676/553
f 174/605/463 1757/604/550 992/723/652
f 1023/724/653 1752/701/632 173/699/630
f 1128/636/577 71/635/553 180/692/624
f 1099/659/597 1838/698/629 181/648/553
f 250/725/654 253/728/657 256/726/655
f 253/728/657 254/739/667 257/729/658
f 255/727/656 256/726/655 267/730/659
f 256/726/655 257/729/658 258/732/661
f 259/733/662 262/737/666 261/734/663
f 260/736/665 263/741/668 262/737/666
f 262/738/666 257/729/658 254/739/667
f 263/741/668 258/747/661 257/742/658
f 252/48/43 264/1579/671 266/743/669
f 265/744/670 266/743/669 263/741/673
f 266/743/669 267/746/672 258/747/675
f 288/177/156 291/750/678 293/748/676
f 291/750/678 298/1576/2128 294/751/679
f 292/749/677 293/748/676 305/752/680
f 293/748/676 294/751/679 295/754/682
f 289/755/683 296/758/686 299/756/684
f 296/758/686 297/767/1401 300/759/687
f 299/756/684 300/759/687 295/761/689
f 301/762/690 304/765/693 303/763/691
f 302/753/681 305/752/680 304/765/693
f 304/766/693 300/759/695 297/767/694
f 305/752/680 295/754/682 300/769/695
f 356/770/119 359/2172/698 361/771/696
f 360/772/697 361/771/696 372/776/700
f 361/771/696 362/783/699 363/778/702
f 357/105/94 364/781/705 366/779/703
f 364/781/705 365/787/713 367/782/706
f 366/779/703 367/782/706 363/778/708
f 368/784/710 371/786/712 370/785/711
f 369/777/701 372/776/714 371/786/712
f 371/786/712 367/782/706 365/787/713
f 372/776/714 363/778/708 367/782/706
f 393/180/158 396/1560/717 398/788/715
f 396/790/717 397/801/727 399/791/718
f 398/792/715 399/791/718 400/795/720
f 401/796/722 404/800/726 403/797/723
f 402/799/725 405/802/728 404/800/726
f 404/800/726 399/791/729 397/801/727
f 405/802/728 400/795/734 399/791/729
f 395/117/103 406/1574/732 408/803/730
f 407/804/731 408/803/730 405/802/728
f 408/803/730 409/794/733 400/795/734
f 413/806/735 416/809/738 415/807/736
f 417/811/740 420/815/744 419/812/741
f 418/814/743 423/2173/739 420/815/744
f 420/815/744 416/817/738 414/808/737
f 422/820/747 423/2173/739 418/814/743
f 430/828/753 429/830/750 431/829/754
f 430/828/756 433/1640/2129 435/826/757
f 433/827/759 435/826/2130 434/832/760
f 448/844/771 453/847/2131 449/845/772
f 449/845/772 453/847/2131 450/848/775
f 451/853/780 1871/2174/2125 450/848/781
f 458/855/783 460/858/787 459/856/784
f 459/856/788 460/858/2132 199/859/789
f 468/868/795 471/872/799 470/869/796
f 469/871/798 472/2175/807 471/872/799
f 473/875/801 472/882/807 475/876/802
f 475/876/802 472/2175/807 469/871/798
f 476/879/804 479/881/806 478/880/805
f 477/874/800 471/873/799 479/881/806
f 479/881/806 472/882/807 473/875/801
f 492/894/819 495/898/823 494/895/820
f 495/898/823 503/901/826 501/899/824
f 495/898/823 493/897/822 496/900/825
f 497/903/828 496/900/825 493/897/822
f 500/907/830 503/909/826 502/908/831
f 507/911/832 514/915/836 508/912/833
f 507/911/832 1869/2168/2127 511/914/835
f 530/928/851 533/931/854 532/929/852
f 531/930/853 534/933/2133 533/931/854
f 533/931/854 535/934/857 542/932/855
f 528/289/263 536/937/860 539/935/858
f 536/937/860 537/1598/1525 540/938/861
f 538/936/859 539/935/858 534/939/862
f 539/941/858 540/947/861 535/942/864
f 541/943/865 544/945/867 543/944/866
f 542/932/855 535/934/857 544/945/867
f 544/945/867 540/947/2134 537/946/868
f 548/948/870 551/951/873 550/949/871
f 549/950/872 552/959/881 551/951/873
f 551/951/873 563/954/876 560/952/874
f 551/951/873 552/959/881 553/953/875
f 546/254/229 554/958/880 557/955/877
f 555/957/879 558/963/885 557/955/877
f 557/955/877 552/959/881 549/950/872
f 557/955/877 558/963/885 553/953/875
f 559/960/882 562/962/884 561/961/883
f 560/952/874 563/954/876 562/962/884
f 562/962/884 558/963/885 555/957/879
f 562/962/884 563/954/876 553/953/875
f 567/964/886 570/967/889 569/965/887
f 568/966/888 571/969/891 570/967/889
f 570/967/889 582/970/892 579/968/890
f 571/969/891 572/978/2135 582/970/892
f 565/300/274 573/973/895 576/971/893
f 573/973/895 574/1589/1517 577/974/896
f 575/972/894 576/971/893 571/975/897
f 576/977/893 577/983/896 572/978/899
f 578/979/900 581/981/902 580/980/901
f 579/968/890 582/970/904 581/981/902
f 581/981/902 577/983/905 574/982/903
f 582/970/904 572/978/2136 577/983/905
f 583/984/906 586/987/1665 589/985/907
f 588/986/908 589/985/907 599/989/911
f 584/309/283 591/995/916 594/993/914
f 591/995/916 592/1001/927 599/996/917
f 594/993/918 589/991/922 587/988/919
f 594/993/918 599/996/917 590/992/921
f 595/997/923 598/1000/925 597/998/924
f 596/990/912 599/989/911 598/1000/925
f 598/1000/926 599/996/917 592/1001/927
f 603/1002/928 606/1005/931 605/1003/929
f 604/1004/930 607/1015/933 606/1005/931
f 606/1005/931 617/1008/934 614/1006/932
f 608/1009/935 611/1013/938 610/1010/936
f 609/1012/937 612/1014/939 611/1013/938
f 611/1013/938 607/1015/933 604/1004/930
f 613/1016/940 616/1018/942 615/1017/941
f 614/1006/932 617/1008/934 616/1018/942
f 616/1018/942 612/1014/939 609/1012/937
f 617/1008/934 607/1007/933 612/1014/939
f 618/319/293 621/1021/945 624/1019/943
f 621/1021/945 622/1031/957 630/1022/946
f 626/1026/952 629/1030/955 628/1027/953
f 627/1029/954 630/1036/964 629/1030/955
f 629/1030/956 630/1022/946 622/1031/957
f 620/1032/958 631/1035/1629 634/1033/959
f 632/1024/961 624/1023/2137 634/1033/962
f 633/1034/960 634/1033/959 630/1036/964
f 634/1033/962 624/1023/2137 625/1025/965
f 638/1037/967 641/1040/970 640/1038/968
f 639/1039/969 642/1042/972 641/1040/970
f 641/1040/970 652/1043/973 649/1041/971
f 643/1044/974 646/1047/977 645/1045/975
f 644/1046/976 647/1048/978 646/1047/977
f 646/1047/977 642/1042/972 639/1039/969
f 647/1048/978 652/1053/973 642/1042/972
f 648/1049/979 651/1052/981 650/1050/980
f 649/1041/971 652/1043/973 651/1052/981
f 651/1052/981 647/1048/978 644/1046/976
f 653/340/314 656/1056/984 659/1054/982
f 656/1056/984 657/1066/993 660/1057/985
f 658/1055/983 659/1054/982 671/1058/986
f 659/1054/982 660/1057/985 661/1060/988
f 662/1061/989 665/1065/992 664/1062/990
f 663/1064/991 666/1067/994 665/1065/992
f 665/1065/992 660/1057/985 657/1066/993
f 666/1067/994 661/1060/2138 660/1057/985
f 655/1068/995 667/1071/998 670/1069/996
f 667/1071/998 668/1059/1646 671/1058/999
f 669/1070/997 670/1069/996 666/1067/1000
f 670/1069/996 671/1058/999 661/1060/1001
f 672/212/188 675/1074/1648 677/1072/1002
f 675/1074/1004 682/1700/1650 678/1075/1005
f 676/1073/1003 677/1072/1002 689/1076/1006
f 677/1072/1002 678/1075/1005 679/1078/1008
f 673/314/288 680/1081/1011 683/1079/1009
f 680/1081/1011 681/1087/1017 684/1082/1012
f 683/1079/1009 684/1082/1012 679/1078/1008
f 685/1083/1014 688/1086/1016 687/1084/1015
f 686/1077/1007 689/1076/1006 688/1086/1016
f 688/1086/1016 684/1082/1012 681/1087/1017
f 689/1076/1006 679/1078/1008 684/1082/1012
f 690/344/318 693/1090/1020 695/1088/1018
f 693/1090/1020 694/1099/1028 696/1091/1021
f 695/1088/1018 696/1091/1021 697/1093/1023
f 698/1094/1024 701/1098/1027 700/1095/1025
f 699/1097/1026 702/1100/1029 701/1098/1027
f 701/1098/1027 696/1091/1021 694/1099/1028
f 702/1100/1029 697/1093/2139 696/1091/1021
f 692/1101/1030 703/1706/1033 705/1102/1031
f 704/1103/1032 705/1102/1031 702/1100/1035
f 705/1102/1031 706/1092/1034 697/1093/1036
f 710/1105/1037 713/1108/1040 712/1106/1038
f 711/1107/1039 714/1110/1042 713/1108/1040
f 713/1108/1040 724/1111/1043 721/1109/1041
f 715/1112/1044 718/1115/1047 717/1113/1045
f 716/1114/1046 719/1116/1048 718/1115/1047
f 718/1115/1047 714/1110/1042 711/1107/1039
f 719/1116/1048 724/1121/1043 714/1110/1042
f 720/1117/1049 723/1120/1051 722/1118/1050
f 721/1109/1041 724/1111/1043 723/1120/1051
f 723/1120/1051 719/1116/1048 716/1114/1046
f 725/201/177 728/1124/1054 731/1122/1052
f 728/1124/1054 729/1133/1684 732/1125/1055
f 730/1123/1053 731/1122/1052 743/1126/1056
f 731/1122/1052 732/1125/1055 733/1128/1058
f 726/304/278 734/1131/1061 737/1129/1059
f 734/1131/1061 735/1138/1068 738/1132/1062
f 736/1130/1060 737/1129/1059 732/1125/1063
f 737/1129/1059 738/1132/1062 733/1128/1058
f 739/1134/1065 742/1137/1067 741/1135/1066
f 740/1127/1057 743/1126/1056 742/1137/1067
f 742/1137/1067 738/1132/1062 735/1138/1068
f 743/1126/1056 733/1128/1058 738/1132/1062
f 794/477/436 797/1141/1071 800/1139/1069
f 797/1141/1071 798/1153/1082 801/1142/1072
f 799/1140/1073 800/1139/1069 811/1143/1074
f 800/1139/1069 801/1142/1072 802/1145/1076
f 803/1146/1077 806/1152/1081 805/1147/1078
f 804/1149/1080 807/1159/1083 806/1150/1081
f 806/1152/1081 801/1142/1072 798/1153/1082
f 807/1154/1083 802/1145/1076 801/1142/1072
f 796/391/360 808/1929/1086 810/1155/1084
f 809/1156/1085 810/1155/1084 807/1159/1088
f 810/1155/1084 811/1158/1087 802/1160/1089
f 815/1161/1090 818/1164/1093 817/1162/1091
f 816/1163/1092 819/1166/1095 818/1164/1093
f 818/1164/1093 830/1167/1096 827/1165/1094
f 819/1166/1095 820/1175/1101 830/1167/1096
f 813/393/362 821/1796/1099 824/1168/1097
f 821/1170/1099 822/1179/2140 825/1171/1100
f 823/1169/1098 824/1168/1097 819/1173/1095
f 824/1172/1097 825/1171/1100 820/1175/1101
f 814/512/467 826/1178/1104 829/1176/1102
f 826/1178/1104 827/1165/1094 830/1167/1096
f 828/1177/1103 829/1176/1102 825/1171/1100
f 829/1176/1102 830/1167/1096 820/1175/1101
f 846/521/475 849/2176/1108 851/1180/1106
f 850/1181/1107 851/1180/1106 862/1184/1110
f 851/1180/1106 852/1183/1109 853/1186/1112
f 847/1187/1113 854/1190/1116 856/1188/1114
f 854/1190/1116 855/1199/1794 857/1191/1117
f 856/1188/1114 857/1191/1117 853/1193/1119
f 858/1194/1121 861/1197/1124 860/1195/1122
f 859/1185/1111 862/1184/1110 861/1197/1124
f 861/1198/1124 857/1191/1126 855/1199/1125
f 862/1184/1110 853/1186/1112 857/1201/1126
f 913/1202/1127 916/1205/2141 918/1203/1128
f 916/1205/1130 923/1932/2142 919/1206/1131
f 917/1204/1129 918/1203/1128 930/1207/1132
f 918/1203/1128 919/1206/1131 920/1209/1134
f 914/449/414 921/1212/1137 924/1210/1135
f 921/1212/1137 922/1220/1144 925/1213/1138
f 924/1210/1135 925/1213/1138 920/1215/1140
f 926/1216/1141 929/1219/1143 928/1217/1142
f 927/1218/1133 930/1221/1145 929/1219/1143
f 929/1219/1143 925/1213/1138 922/1220/1144
f 930/1221/1145 920/1215/1140 925/1213/1138
f 934/1222/1146 937/1226/1149 936/1223/1147
f 935/1225/1148 938/1234/1157 937/1226/1149
f 936/1223/1147 937/1226/1149 949/1227/1150
f 937/1226/1149 938/1234/1157 939/1229/1152
f 932/518/473 940/1232/1155 943/1230/1153
f 940/1232/1155 941/1239/1162 944/1233/1156
f 942/1231/1154 943/1230/1153 938/1234/1157
f 943/1230/1153 944/1233/1156 939/1229/1152
f 945/1235/1158 948/1238/1161 947/1236/1159
f 946/1228/1151 949/1227/1150 948/1238/1161
f 948/1238/1161 944/1233/1156 941/1239/1162
f 949/1227/1150 939/1229/1152 944/1233/1156
f 965/523/477 968/1242/1165 970/1240/1163
f 968/1242/1165 969/1251/1175 971/1243/1166
f 970/1240/1163 971/1243/1166 972/1245/1168
f 973/1246/1170 976/1250/1174 975/1247/1171
f 974/1249/1173 977/1252/1176 976/1250/1174
f 976/1250/1174 971/1243/1177 969/1251/1175
f 977/1252/1176 972/1245/1182 971/1243/1177
f 967/461/423 978/1925/1180 980/1253/1178
f 979/1254/1179 980/1253/1178 977/1252/1176
f 980/1253/1178 981/1244/1181 972/1245/1182
f 1032/1256/1183 1035/1259/1186 1038/1257/1184
f 1035/1259/1186 1036/1271/1196 1039/1260/1187
f 1037/1258/1185 1038/1257/1184 1049/1261/1188
f 1038/1257/1184 1039/1260/1187 1040/1263/1190
f 1041/1264/1191 1044/1270/1195 1043/1265/1192
f 1042/1267/1194 1045/1277/1197 1044/1268/1195
f 1044/1270/1195 1039/1260/1187 1036/1271/1196
f 1045/1272/1197 1040/1263/1190 1039/1260/1187
f 1034/583/531 1046/2159/1200 1048/1273/1198
f 1047/1274/1199 1048/1273/1198 1045/1277/1202
f 1048/1273/1198 1049/1276/1201 1040/1278/1204
f 1070/709/639 1073/1281/1207 1075/1279/1205
f 1073/1281/1207 1080/2156/2143 1076/1282/1208
f 1074/1280/1206 1075/1279/1205 1087/1283/1209
f 1075/1279/1205 1076/1282/1208 1077/1285/1211
f 1071/1286/1212 1078/1289/1215 1081/1287/1213
f 1078/1289/1215 1079/1298/2014 1082/1290/1216
f 1081/1287/1213 1082/1290/1216 1077/1292/1218
f 1083/1293/1219 1086/1296/1222 1085/1294/1220
f 1084/1284/1210 1087/1283/1209 1086/1296/1222
f 1086/1297/1222 1082/1290/1224 1079/1298/1223
f 1087/1283/1209 1077/1285/1211 1082/1300/1224
f 1138/671/606 1147/2164/1227 1142/1301/1225
f 1141/1302/1226 1142/1301/1225 1154/1306/1229
f 1142/1301/1225 1143/1313/2144 1144/1308/1231
f 1139/640/581 1145/1311/1234 1148/1309/1232
f 1145/1311/1234 1146/1317/1241 1149/1312/1235
f 1148/1309/1232 1149/1312/1235 1144/1308/1237
f 1150/1314/1238 1153/1316/1240 1152/1315/1239
f 1151/1307/1230 1154/1306/1242 1153/1316/1240
f 1153/1316/1240 1149/1312/1235 1146/1317/1241
f 1154/1306/1242 1144/1308/1237 1149/1312/1235
f 1175/1318/641 1178/1321/1245 1181/1319/1243
f 1178/1321/1245 1179/1330/1254 1182/1322/1246
f 1181/1319/1243 1182/1322/1246 1183/1324/1248
f 1184/1325/1249 1187/1329/1253 1186/1326/1250
f 1185/1328/1252 1188/1331/1255 1187/1329/1253
f 1187/1329/1253 1182/1322/1256 1179/1330/1254
f 1188/1331/1255 1183/1324/1261 1182/1322/1256
f 1177/652/590 1180/2153/1259 1190/1332/1257
f 1189/1333/1258 1190/1332/1257 1188/1331/1255
f 1190/1332/1257 1191/1323/2145 1183/1324/1261
f 1195/1338/1265 1198/1340/1268 1197/1336/1263
f 1197/1336/1263 1208/1341/1269 1205/1339/1267
f 1193/1342/1270 1199/1345/1273 1202/1343/1271
f 1199/1345/1273 1200/2177/2146 1203/1346/1274
f 1201/1344/1272 1202/1343/1271 1198/1347/1275
f 1202/1343/1277 1203/1346/2147 1208/1349/1278
f 1204/1350/1280 1207/1353/1284 1206/1351/1281
f 1205/1339/1283 1208/1341/1286 1207/1353/1284
f 1207/1353/1284 1203/1356/1287 1200/1354/1285
f 221/25/22 1209/24/21 1211/1357/1288
f 224/1358/1289 1211/1357/1288 1212/1359/1290
f 223/1360/1292 1212/1359/1297 1213/1361/1293
f 1213/1363/1293 1210/139/122 220/182/160
f 1209/24/21 205/15/12 207/1365/1295
f 1211/1357/1288 207/1365/1295 208/1366/1296
f 1212/1367/1297 208/1406/1335 209/1368/1298
f 209/1368/1298 206/35/31 1210/139/122
f 1214/1369/55 1216/1372/1300 229/1370/1299
f 1216/1372/1300 1217/1374/1306 228/1373/1301
f 1217/1374/1302 1218/1379/1308 227/1375/1303
f 227/1375/1303 1218/1379/1308 1215/119/105
f 210/1376/169 212/1377/1305 1216/1372/1300
f 212/1377/1305 213/1378/1374 1217/1374/1306
f 213/1378/1307 214/1449/1376 1218/1379/1308
f 1218/1379/1308 214/1449/1376 211/18/15
f 1219/129/114 1221/1381/1310 204/1380/1309
f 1221/1381/1310 1222/1383/1315 203/1382/1311
f 1222/1383/1312 1223/1386/1316 202/1384/1313
f 202/1385/1313 1223/1387/1316 1220/4/4
f 221/25/22 224/1358/1289 1221/1381/1310
f 224/1358/1289 223/1360/1291 1222/1383/1315
f 223/1360/1292 222/1362/1294 1223/1386/1316
f 1223/1387/1316 222/1364/1294 220/182/160
f 216/1388/139 1224/1395/23 1226/1389/1317
f 219/1390/1318 1226/1389/1317 1227/1391/1319
f 218/1392/1321 1227/1391/1324 1228/1393/1322
f 1228/1393/1322 1225/23/20 215/10/8
f 1224/1395/23 226/1371/7 229/1370/1299
f 1226/1389/1317 229/1370/1299 228/1373/1301
f 1227/1391/1324 228/1373/1304 227/1375/1303
f 227/1375/1303 225/21/18 1225/23/20
f 231/1396/140 1229/1403/135 1231/1397/1325
f 234/1398/1326 1231/1397/1325 1232/1399/1327
f 233/1400/1329 1232/1399/1332 1233/1401/1330
f 1233/1401/1330 1230/12/10 230/29/25
f 1229/1403/135 216/1388/139 219/1390/1318
f 1231/1397/1325 219/1390/1318 218/1392/1320
f 1232/1399/1332 218/1392/1321 217/1394/1323
f 217/1394/1323 215/10/8 1230/12/10
f 205/15/12 1234/14/11 1236/1404/1333
f 207/1365/1295 1236/1404/1333 1237/1405/1334
f 208/1406/1335 1237/1410/1339 1238/1407/1336
f 1238/1407/1336 1235/33/29 206/35/31
f 1234/14/11 235/44/39 237/1408/1337
f 1236/1404/1333 237/1408/1337 238/1409/1338
f 1237/1410/1339 238/1414/1343 239/1411/1340
f 239/1411/1340 236/32/28 1235/33/29
f 235/44/39 1239/53/47 1241/1412/1341
f 237/1408/1337 1241/1412/1341 1242/1413/1342
f 238/1414/1343 1242/1418/1347 1243/1415/1344
f 1243/1415/1344 1240/30/26 236/32/28
f 1239/53/47 245/52/46 247/1416/1345
f 1241/1412/1341 247/1416/1345 248/1417/1346
f 1242/1418/1347 248/1438/1365 249/1419/1348
f 249/1419/1348 246/42/38 1240/30/26
f 241/1420/170 1244/1427/163 1246/1421/1349
f 244/1422/1350 1246/1421/1349 1247/1423/1351
f 243/1424/1353 1247/1423/1356 1248/1425/1354
f 1248/1425/1354 1245/37/33 240/39/35
f 1244/1427/163 231/1396/140 234/1398/1326
f 1246/1421/1349 234/1398/1326 233/1400/1328
f 1247/1423/1356 233/1400/1329 232/1402/1331
f 232/1402/1331 230/29/25 1245/37/33
f 1249/170/150 1251/1429/1358 272/1428/1357
f 1251/1429/1358 1252/1431/1360 271/1430/1359
f 1252/1431/1360 1253/1433/1362 270/1432/1361
f 1253/1433/1362 1250/133/116 268/1434/44
f 251/1435/664 261/740/663 1251/1429/1358
f 261/740/663 254/739/667 1252/1431/1360
f 254/739/667 253/728/657 1253/1433/1362
f 253/728/657 250/725/654 1250/133/116
f 245/52/46 1254/152/134 1256/1436/1363
f 247/1416/1345 1256/1436/1367 1257/1437/1364
f 248/1438/1365 1257/1440/1368 1258/1439/1366
f 249/1419/1348 1258/1439/1366 1255/40/36
f 1254/152/134 269/168/148 272/1428/1357
f 1256/1436/1367 272/1428/1357 271/1430/1359
f 1257/1440/1368 271/2178/1359 270/1441/1361
f 270/1441/1361 268/49/44 1255/40/36
f 251/735/664 1259/1445/149 1261/1442/1369
f 259/733/662 1261/1442/1369 1262/1443/1370
f 260/736/674 1262/1443/1372 1263/1444/1371
f 265/744/670 1263/1444/1371 1260/46/41
f 1259/1445/149 241/1420/170 244/1422/1350
f 1261/1442/1369 244/1422/1350 243/1424/1352
f 1262/1443/1372 243/1424/1353 242/1426/1355
f 1263/1444/1371 242/1426/1355 240/39/35
f 1264/1446/62 1266/1447/1373 212/1377/1305
f 1266/1447/1373 1267/1448/1378 213/1378/1374
f 1267/1448/1375 1268/1453/1380 214/1449/1376
f 214/1449/1376 1268/1453/1380 1265/162/142
f 278/1450/113 280/1451/1377 1266/1447/1373
f 280/1451/1377 281/1452/1396 1267/1448/1378
f 281/1452/1379 282/1472/1398 1268/1453/1380
f 1268/1453/1380 282/1472/1398 279/58/52
f 1269/1/1 1271/1455/1382 277/1454/1381
f 1271/1455/1382 1272/1457/1387 276/1456/1383
f 1272/1457/1384 1273/1460/1388 275/1458/1385
f 275/1459/1385 1273/1461/1388 1270/54/48
f 201/3/3 204/1380/1309 1271/1455/1382
f 204/1380/1309 203/1382/1311 1272/1457/1387
f 203/1382/1314 202/1384/1313 1273/1460/1388
f 1273/1461/1388 202/1385/1313 200/16/13
f 290/764/692 1274/143/125 1276/1462/1389
f 301/762/690 1276/1462/1389 1277/1463/1390
f 302/753/681 1277/1463/1390 1278/1464/1391
f 292/749/677 1278/1464/1391 1275/175/106
f 1274/143/125 283/145/127 285/1465/1392
f 1276/1462/1389 285/1465/1392 286/1466/1393
f 1277/1463/1390 286/1466/1393 287/1467/1394
f 1278/1464/1391 287/1467/1394 284/1468/58
f 1279/1469/126 1281/1470/1395 280/1451/1377
f 1281/1470/1395 1282/1471/1400 281/1452/1396
f 1282/1471/1397 1283/1473/1399 282/1472/1398
f 1283/1473/1399 1280/66/60 279/58/52
f 290/1474/692 303/768/691 1281/1470/1395
f 303/768/691 297/767/694 1282/1471/1400
f 297/767/1401 296/758/686 1283/1473/1399
f 296/758/686 289/755/683 1280/66/60
f 1284/146/128 1286/1475/1402 285/1465/1392
f 1286/1475/1402 1287/1476/1404 286/1466/1393
f 1287/1476/1403 1288/1478/1405 287/1467/1394
f 287/1477/1394 1288/1479/1405 1285/62/56
f 274/178/157 277/1454/1381 1286/1475/1402
f 277/1454/1381 276/1456/1383 1287/1476/1404
f 276/1456/1386 275/1458/1385 1288/1478/1405
f 275/1459/1385 273/56/50 1285/62/56
f 1289/142/124 1291/1481/1407 330/1480/1406
f 1291/1481/1407 1292/1483/1409 329/1482/1408
f 1292/1483/1409 1293/1485/1411 328/1484/1410
f 1293/1485/1411 1290/191/167 326/192/168
f 311/91/81 313/1486/1412 1291/1481/1407
f 313/1486/1412 314/1487/1413 1292/1483/1409
f 314/1487/1413 315/1488/1414 1293/1485/1411
f 315/1488/1414 312/190/166 1290/191/167
f 332/85/75 1294/84/74 1296/1489/1415
f 335/1490/1416 1296/1489/1415 1297/1491/1417
f 334/1492/1418 1297/1491/1417 1298/1493/1419
f 333/1494/1420 1298/1493/1419 1295/123/109
f 1294/84/74 316/88/78 318/1495/1421
f 1296/1489/1415 318/1495/1421 319/1496/1422
f 1297/1491/1417 319/1496/1422 320/1497/1423
f 1298/1493/1419 320/1497/1423 317/124/110
f 307/81/71 1299/72/64 1301/1498/1424
f 310/1499/1425 1301/1498/1424 1302/1500/1426
f 309/1501/1427 1302/1500/1426 1303/1502/1428
f 308/1503/1429 1303/1502/1428 1300/140/123
f 1299/72/64 327/71/63 330/1480/1406
f 1301/1498/1424 330/1480/1406 329/1482/1408
f 1302/1500/1426 329/1482/1408 328/1484/1410
f 1303/1502/1428 328/1484/1410 326/192/168
f 1304/86/76 1306/1505/1431 325/1504/1430
f 1306/1505/1431 1307/1507/1433 324/1506/1432
f 1307/1507/1433 1308/1509/1435 323/1508/1434
f 1308/1509/1435 1305/161/141 321/183/161
f 332/85/75 335/1490/1416 1306/1505/1431
f 335/1490/1416 334/1492/1418 1307/1507/1433
f 334/1492/1418 333/1494/1420 1308/1509/1435
f 333/1494/1420 331/126/112 1305/161/141
f 1309/77/68 1311/1511/1437 340/1510/1436
f 1311/1511/1437 1312/1513/1439 339/1512/1438
f 1312/1513/1439 1313/1515/1441 338/1514/1440
f 1313/1515/1441 1310/94/84 336/78/69
f 322/125/111 325/1504/1430 1311/1511/1437
f 325/1504/1430 324/1506/1432 1312/1513/1439
f 324/1506/1432 323/1508/1434 1313/1515/1441
f 323/1508/1434 321/183/161 1310/94/84
f 1314/92/82 1316/1516/1442 313/1486/1412
f 1316/1516/1442 1317/1517/1443 314/1487/1413
f 1317/1517/1443 1318/1518/1444 315/1488/1414
f 1318/1518/1444 1315/74/66 312/190/166
f 341/97/86 343/1519/1445 1316/1516/1442
f 343/1519/1445 344/1520/1446 1317/1517/1443
f 344/1520/1446 345/1521/1447 1318/1518/1444
f 345/1521/1447 342/138/121 1315/74/66
f 1319/98/87 1321/1522/1448 343/1519/1445
f 1321/1522/1448 1322/1523/1449 344/1520/1446
f 1322/1523/1449 1323/1524/1450 345/1521/1447
f 1323/1524/1450 1320/184/162 342/138/121
f 351/102/91 353/1525/1451 1321/1522/1448
f 353/1525/1451 354/1526/1452 1322/1523/1449
f 354/1526/1452 355/1527/1453 1323/1524/1450
f 355/1527/1453 352/181/159 1320/184/162
f 1324/93/83 1326/1529/1455 350/1528/1454
f 1326/1529/1455 1327/1531/1457 349/1530/1456
f 1327/1531/1457 1328/1533/1459 348/1532/1458
f 1328/1533/1459 1325/80/70 346/101/90
f 337/155/136 340/1510/1436 1326/1529/1455
f 340/1510/1436 339/1512/1438 1327/1531/1457
f 339/1512/1438 338/1514/1440 1328/1533/1459
f 338/1514/1440 336/78/69 1325/80/70
f 374/189/165 1329/1540/120 1331/1534/1460
f 377/1535/1461 1331/1534/1460 1332/1536/1462
f 376/1537/1463 1332/1536/1462 1333/1538/1464
f 375/1539/1465 1333/1538/1464 1330/172/152
f 1329/1540/120 356/770/119 360/772/697
f 1331/1534/1460 360/772/697 369/777/701
f 1332/1536/1462 369/777/701 368/784/710
f 1333/1538/1464 368/784/710 358/173/153
f 1334/104/93 1336/1541/1466 353/1525/1451
f 1336/1541/1466 1337/1542/1467 354/1526/1452
f 1337/1542/1467 1338/1543/1468 355/1527/1453
f 1338/1543/1468 1335/156/137 352/181/159
f 374/189/165 377/1535/1461 1336/1541/1466
f 377/1535/1461 376/1537/1463 1337/1542/1467
f 376/1537/1463 375/1539/1465 1338/1543/1468
f 375/1539/1465 373/174/154 1335/156/137
f 1339/99/88 1341/1544/1469 364/781/705
f 1341/1544/1469 1342/1545/1470 365/787/713
f 1342/1545/1470 1343/1546/1471 370/785/711
f 1343/1546/1471 1340/171/151 358/173/153
f 347/187/164 350/1528/1454 1341/1544/1469
f 350/1528/1454 349/1530/1456 1342/1545/1470
f 349/1530/1456 348/1532/1458 1343/1546/1471
f 348/1532/1458 346/101/90 1340/171/151
f 316/88/78 1344/109/96 1346/1547/1472
f 318/1495/1421 1346/1547/1472 1347/1548/1473
f 319/1496/1422 1347/1548/1473 1348/1549/1474
f 320/1497/1423 1348/1549/1474 1345/166/146
f 1344/109/96 383/110/97 385/1550/1475
f 1346/1547/1472 385/1550/1475 386/1551/1476
f 1347/1548/1473 386/1551/1476 387/1552/1477
f 1348/1549/1474 387/1552/1477 384/130/115
f 379/111/98 1349/82/72 1351/1553/1478
f 382/1554/1479 1351/1553/1478 1352/1555/1480
f 381/1556/1481 1352/1555/1480 1353/1557/1482
f 380/1558/1483 1353/1557/1482 1350/115/101
f 1349/82/72 307/81/71 310/1499/1425
f 1351/1553/1478 310/1499/1425 309/1501/1427
f 1352/1555/1480 309/1501/1427 308/1503/1429
f 1353/1557/1482 308/1503/1429 306/106/95
f 1354/1559/108 1356/2179/1484 396/1560/717
f 1356/1561/1484 1357/1562/1485 397/801/727
f 1357/1562/1485 1358/1563/1486 403/797/723
f 1358/1563/1486 1355/150/132 394/798/724
f 388/118/104 390/1564/1487 1356/1561/1484
f 390/1564/1487 391/1565/1488 1357/1562/1485
f 391/1565/1488 392/1566/1489 1358/1563/1486
f 392/1566/1489 389/147/129 1355/150/132
f 383/110/97 1359/116/102 1361/1567/1490
f 385/1550/1475 1361/1567/1490 1362/1568/1491
f 386/1551/1476 1362/1568/1491 1363/1569/1492
f 387/1552/1477 1363/1569/1492 1360/149/131
f 1359/116/102 395/117/103 407/804/731
f 1361/1567/1490 407/804/731 402/799/725
f 1362/1568/1491 402/799/725 401/796/722
f 1363/1569/1492 401/796/722 394/798/724
f 388/118/104 1364/112/99 1366/1570/1493
f 390/1564/1487 1366/1570/1493 1367/1571/1494
f 391/1565/1488 1367/1571/1494 1368/1572/1495
f 392/1566/1489 1368/1572/1495 1365/148/130
f 1364/112/99 379/111/98 382/1554/1479
f 1366/1570/1493 382/1554/1479 381/1556/1481
f 1367/1571/1494 381/1556/1481 380/1558/1483
f 1368/1572/1495 380/1558/1483 378/114/100
f 395/117/103 1369/67/61 1371/1573/1496
f 406/789/1497 1371/1577/1503 1370/176/155
f 1369/67/61 289/755/683 298/757/1499
f 1371/1577/1503 291/750/2148 288/177/156
f 252/48/43 1372/47/42 1374/1578/1504
f 1374/1580/1508 1373/134/117 250/725/654
f 357/105/94 359/780/704 1374/1578/1504
f 359/1581/698 356/136/119 1373/134/117
f 529/260/235 1375/259/234 1377/1582/1510
f 541/943/865 1377/1582/1510 1378/1583/1511
f 1375/259/234 545/275/249 550/949/871
f 1377/1582/1510 550/949/871 560/952/874
f 1380/253/228 1382/1585/1513 554/958/880
f 1382/1585/1513 1383/1587/1515 555/957/879
f 564/231/207 569/965/887 1382/1585/1513
f 569/965/887 579/968/890 1383/1587/1515
f 1383/1587/1515 579/968/890 578/979/900
f 1384/1586/1514 578/979/900 566/269/244
f 1385/288/262 1387/1588/1516 573/973/895
f 517/299/273 1389/295/269 1391/1593/1520
f 524/926/849 1391/1593/1520 1392/1594/1521
f 1392/1594/1521 1393/1596/1523 520/925/848
f 1393/1596/1523 1390/274/248 515/280/254
f 1389/295/269 546/254/229 556/956/878
f 1391/1593/1520 556/956/878 549/950/872
f 549/950/872 548/948/870 1393/1596/1523
f 548/948/870 545/275/249 1390/274/248
f 1394/249/224 1396/1597/1524 536/937/860
f 1396/1597/1524 1397/1602/1529 537/1598/1525
f 1397/1599/1526 1395/228/204 529/260/235
f 1394/249/224 516/251/226 523/1600/1527
f 1396/1597/1524 523/1600/1527 519/1601/1528
f 1397/1599/1526 518/924/847 515/280/254
f 1398/250/225 1400/1606/1532 521/1605/1531
f 1400/1606/1532 1401/1611/1538 522/1607/1533
f 1401/1608/1534 1402/1610/1534 526/927/1535
f 1402/1610/1537 1399/230/206 517/299/273
f 1398/250/225 565/300/274 575/972/894
f 1400/1606/1532 575/972/894 568/976/898
f 1401/1608/1534 568/966/888 567/964/886
f 1402/1610/1537 567/964/886 564/231/207
f 436/209/185 1403/210/186 1405/1612/1539
f 440/1613/762 1405/1612/1539 1406/1614/1540
f 1870/1615/1541 1406/1614/1540 1407/1616/1542
f 442/1617/1543 1407/1616/1542 1404/246/221
f 410/163/143 415/807/736 1405/1612/1539
f 415/807/736 423/810/739 1406/1614/1540
f 423/810/1544 421/818/1545 1407/1616/1542
f 421/818/1545 412/244/220 1404/246/221
f 1408/258/233 1410/1619/1547 454/1618/1546
f 1410/1619/1547 1411/1620/1549 1871/849/1548
f 1411/1620/1549 1412/1621/1551 449/845/772
f 1412/1621/1551 1409/236/212 445/317/291
f 1408/258/233 412/244/220 421/821/1545
f 1410/1619/1547 421/821/1545 418/814/1552
f 1411/1620/1549 418/814/1552 417/811/740
f 1412/1621/1551 417/811/740 411/813/742
f 1413/316/290 1415/1623/1553 442/1622/1543
f 1415/1623/1553 1416/1624/1555 443/843/1554
f 1416/1624/1555 1417/1625/1557 440/839/1556
f 1417/1625/1557 1414/247/222 438/233/209
f 1413/316/290 447/216/192 454/1626/1546
f 1415/1623/1553 454/1626/1546 451/853/1558
f 1416/1624/1555 451/853/1558 453/854/778
f 1417/1625/1557 453/854/778 446/850/777
f 465/870/797 1418/297/271 1420/1627/1559
f 468/868/795 1420/1627/1559 1421/1628/1560
f 469/871/798 1421/1628/1560 1422/1629/1561
f 474/878/803 1422/1629/1561 1419/278/252
f 424/219/195 429/823/1562 1420/1627/1559
f 429/823/1562 433/827/1563 1421/1628/1560
f 433/827/1563 432/833/1564 1422/1629/1561
f 432/833/1564 426/276/250 1419/278/252
f 480/272/247 1423/262/237 1425/1630/1565
f 488/885/1566 1425/1630/1565 1426/1631/1567
f 1872/1632/1568 1426/1631/1567 1427/1633/1569
f 485/1634/1570 1427/1633/1569 1424/337/311
f 467/264/239 478/880/805 1425/1630/1565
f 478/880/805 473/875/801 1426/1631/1567
f 473/875/801 474/877/803 1427/1633/1569
f 474/877/803 466/321/295 1424/337/311
f 1428/208/184 1430/1636/1571 485/1635/1570
f 1430/1636/1571 1431/1637/1573 486/893/1572
f 1431/1637/1573 1432/1638/1575 488/891/1574
f 1432/1638/1575 1429/267/242 482/271/246
f 1428/208/184 426/276/250 432/1639/1564
f 1430/1636/1571 432/1639/1564 433/1640/2149
f 1431/1637/1573 433/1640/2150 430/828/1577
f 1432/1638/1575 430/828/1577 425/265/240
f 1433/256/231 1435/1642/1579 462/1641/1578
f 1435/1642/1579 1436/1643/1581 463/860/1580
f 1437/1644/1583 1434/292/266 455/342/316
f 1435/1642/1579 498/905/1584 493/906/822
f 1436/1643/1581 493/906/822 492/894/819
f 1441/1646/1586 1442/1647/1587 502/908/831
f 1442/1647/1587 1439/198/174 491/283/257
f 1438/327/301 505/328/302 510/1648/1588
f 1442/1647/1587 507/911/832 504/913/834
f 1443/341/315 1445/1650/1589 510/1649/1588
f 1445/1650/1589 1446/1651/1595 1869/923/1590
f 1446/1651/1591 1447/1652/1593 514/920/841
f 1443/341/315 457/195/171 462/865/1578
f 1445/1650/1589 462/865/1578 463/867/1594
f 1446/1651/1591 463/867/2151 460/863/1596
f 585/999/308 1448/1656/307 1450/1653/1597
f 595/997/923 1450/1653/1597 1451/1654/1598
f 596/990/912 1451/1654/1598 1452/1655/1599
f 588/986/908 1452/1655/1599 1449/282/256
f 1448/1656/307 601/1011/309 610/1010/936
f 1450/1653/1597 610/1010/936 604/1004/930
f 1451/1654/1598 604/1004/930 603/1002/928
f 1452/1655/1599 603/1002/928 600/320/294
f 1453/308/282 1455/1657/1600 621/1021/945
f 1455/1657/1600 1456/1658/1601 622/1031/957
f 1456/1658/1601 1457/1659/1602 628/1027/953
f 1457/1659/1602 1454/1660/198 619/1028/200
f 602/307/281 615/1017/941 1455/1657/1600
f 615/1017/941 609/1012/937 1456/1658/1601
f 609/1012/937 608/1009/935 1457/1659/1602
f 608/1009/935 601/1011/309 1454/1660/198
f 1458/310/284 1460/1661/1603 591/995/916
f 1460/1661/1603 1461/1662/1604 592/1001/927
f 1461/1662/1604 1462/1663/1605 597/998/924
f 1462/1663/1605 1459/1664/199 585/999/308
f 1458/310/284 620/1032/958 633/1034/960
f 1460/1661/1603 633/1034/960 627/1029/954
f 1461/1662/1604 627/1029/954 626/1026/952
f 1462/1663/1605 626/1026/952 619/1028/200
f 1463/1665/298 1465/1666/1606 648/1049/979
f 1465/1666/1606 1466/1667/1607 649/1041/971
f 1466/1667/1607 1467/1668/1608 640/1038/968
f 640/1038/968 1467/1668/1608 1464/226/202
f 654/1063/300 664/1062/990 1465/1666/1606
f 664/1062/990 657/1066/993 1466/1667/1607
f 657/1066/993 656/1056/984 1467/1668/1608
f 656/1056/984 653/340/314 1464/226/202
f 674/1085/313 1468/1672/312 1470/1669/1609
f 685/1083/1014 1470/1669/1609 1471/1670/1610
f 686/1077/1007 1471/1670/1610 1472/1671/1611
f 676/1073/1003 1472/1671/1611 1469/213/189
f 1468/1672/312 637/1051/296 650/1050/980
f 1470/1669/1609 650/1050/980 644/1046/976
f 1471/1670/1610 644/1046/976 643/1044/974
f 1472/1671/1611 643/1044/974 636/313/287
f 1473/312/286 1475/1673/1612 680/1081/1011
f 1475/1673/1612 1476/1674/1613 681/1087/1017
f 1476/1674/1613 1477/1675/1614 687/1084/1015
f 1477/1675/1614 1474/1676/299 674/1085/313
f 1473/312/286 655/1068/995 669/1070/997
f 1475/1673/1612 669/1070/997 663/1064/991
f 1476/1674/1613 663/1064/991 662/1061/989
f 1477/1675/1614 662/1061/989 654/1063/300
f 1478/332/306 1480/1677/1615 693/1090/1020
f 1480/1677/1615 1481/1678/1616 694/1099/1028
f 1481/1678/1616 1482/1679/1617 700/1095/1025
f 708/303/277 1483/202/178 1485/1681/1618
f 715/1112/1044 1485/1681/1618 1486/1682/1619
f 1483/202/178 725/201/177 730/1123/1053
f 1485/1681/1618 730/1123/1053 740/1127/1057
f 1486/1682/1619 740/1127/1057 739/1134/1065
f 1488/306/280 1490/1685/1621 734/1131/1061
f 1490/1685/1621 1491/1686/1622 735/1138/1068
f 1491/1686/1622 1492/1687/1623 741/1135/1066
f 1492/1687/1623 1489/1688/190 727/1136/304
f 1488/306/280 692/1101/1030 704/1103/1032
f 1490/1685/1621 704/1103/1032 699/1097/1026
f 1491/1686/1622 699/1097/1026 698/1094/1024
f 1492/1687/1623 698/1094/1024 691/1096/191
f 410/163/143 1493/165/145 1495/1689/1624
f 413/806/735 1495/1689/1624 1496/1690/1625
f 414/808/1626 1496/1690/1625 1497/1691/1627
f 419/812/741 1497/1691/1627 1494/237/213
f 1493/165/145 600/320/294 605/1003/929
f 605/1003/929 614/1006/932 1496/1690/1625
f 1496/1690/1625 614/1006/932 613/1016/940
f 613/1016/940 602/307/281 1494/237/213
f 620/1032/958 1498/248/223 1500/1692/1628
f 632/1024/1631 1500/1693/1636 1501/1694/1632
f 1501/1694/1634 1499/318/292 618/319/293
f 1498/248/223 446/850/777 452/852/779
f 452/846/1635 448/844/1635 1501/1694/1632
f 448/844/1637 445/317/291 1499/318/292
f 1502/221/197 1504/1695/1644 427/822/1638
f 1504/1695/1639 1505/1697/1645 428/824/1640
f 431/829/1643 1505/1696/1642 1503/311/285
f 653/340/314 658/1055/983 1504/1695/1644
f 658/1055/983 668/1059/987 1505/1697/1645
f 667/1071/998 655/1068/995 1503/311/285
f 1506/1698/1647 1508/1701/1651 675/1074/1648
f 682/1080/1010 1508/1702/1653 1507/270/245
f 1506/1698/1647 480/272/247 483/884/809
f 487/890/814 482/271/246 1507/270/245
f 491/283/257 1509/284/258 1511/1703/1654
f 500/907/830 1511/1703/1654 1512/1704/1655
f 501/899/1656 1512/1704/1655 1513/1705/1657
f 494/895/820 1513/1705/1657 1510/293/267
f 1509/284/258 708/303/277 717/1113/1045
f 1511/1703/1654 717/1113/1045 711/1107/1039
f 1512/1704/1655 711/1107/1039 710/1105/1037
f 1513/1705/1657 710/1105/1037 707/331/305
f 1514/305/279 1516/1708/1660 703/1706/1033
f 1516/1707/1658 1515/343/317 690/344/318
f 1514/305/279 456/285/259 461/862/1659
f 458/855/1663 455/342/316 1515/343/317
f 583/984/906 1517/281/255 1519/1710/1664
f 587/988/1667 1519/1711/1671 1520/1712/1668
f 1520/1712/1670 1518/235/211 584/309/283
f 1517/281/255 436/209/185 439/835/763
f 1519/1711/1671 439/840/1672 444/838/1672
f 444/838/765 438/233/209 1518/235/211
f 467/264/239 1521/263/238 1523/1713/1673
f 476/879/804 1523/1713/1673 1524/1714/1674
f 477/874/1675 1524/1714/1674 1525/1715/1676
f 470/869/796 1525/1715/1676 1522/298/272
f 1521/263/238 636/313/287 645/1045/975
f 1523/1713/1673 645/1045/975 639/1039/969
f 1524/1714/1674 639/1039/969 638/1037/967
f 1525/1715/1676 638/1037/967 635/225/201
f 506/291/265 1526/290/264 1528/1716/1677
f 512/919/1678 1528/1716/1682 1529/1717/1679
f 508/912/833 1529/1718/1685 1527/199/175
f 1526/290/264 726/304/278 736/1130/1060
f 1528/1716/1682 736/1130/1060 729/1133/1064
f 1529/1718/1685 728/1124/1054 725/201/177
f 765/369/340 1530/368/339 1532/1719/1686
f 768/1720/1687 1532/1719/1686 1533/1721/1688
f 767/1722/1690 1533/1721/1695 1534/1723/1691
f 1534/1725/1691 1531/483/442 764/526/479
f 1530/368/339 749/359/330 751/1727/1693
f 1532/1719/1686 751/1727/1693 752/1728/1694
f 1533/1721/1695 752/1728/1733 753/1729/1696
f 753/1730/1696 750/379/349 1531/483/442
f 1535/405/373 1537/1737/1698 773/1731/1697
f 1537/1732/1698 1538/1735/1704 772/1733/1699
f 1538/1735/1700 1539/1740/1706 771/1736/1701
f 771/1736/1701 1539/1740/1706 1536/463/425
f 754/537/490 756/1801/1703 1537/1737/1698
f 756/1738/1703 757/1739/1767 1538/1735/1704
f 757/1739/1705 758/1804/1769 1539/1740/1706
f 1539/1740/1706 758/1804/1769 755/362/333
f 1540/473/434 1542/1742/1708 748/1741/1707
f 1542/1742/1708 1543/1744/1713 747/1743/1709
f 1543/1744/1710 1544/1747/1714 746/1745/1711
f 746/1746/1711 1544/1748/1714 1541/348/322
f 765/369/340 768/1720/1687 1542/1742/1708
f 768/1720/1687 767/1722/1689 1543/1744/1713
f 767/1722/1690 766/1724/1692 1544/1747/1714
f 1544/1748/1714 766/1726/1692 764/526/479
f 760/502/458 1545/370/341 1547/1749/1715
f 763/1751/1716 1547/1756/1715 1548/1752/1717
f 762/1753/1719 1548/1752/1722 1549/1754/1720
f 1549/1754/1720 1546/367/338 759/354/326
f 1545/370/341 770/352/325 773/1731/1697
f 1547/1756/1715 773/1734/1697 772/1733/1699
f 1548/1752/1722 772/1733/1702 771/1736/1701
f 771/1736/1701 769/365/336 1546/367/338
f 775/503/459 1550/497/454 1552/1757/1723
f 778/1759/1724 1552/1764/1723 1553/1760/1725
f 777/1761/1727 1553/1760/1730 1554/1762/1728
f 1554/1762/1728 1551/356/328 774/373/343
f 1550/497/454 760/502/458 763/1750/1716
f 1552/1764/1723 763/1751/1716 762/1753/1718
f 1553/1760/1730 762/1753/1719 761/1755/1721
f 761/1755/1721 759/354/326 1551/356/328
f 749/359/330 1555/358/329 1557/1765/1731
f 751/1727/1693 1557/1765/1731 1558/1766/1732
f 752/1728/1733 1558/1766/1737 1559/1767/1734
f 1559/1768/1734 1556/377/347 750/379/349
f 1555/358/329 779/388/357 781/1769/1735
f 1557/1765/1731 781/1769/1735 782/1770/1736
f 1558/1766/1737 782/1770/1741 783/1771/1738
f 783/1772/1738 780/376/346 1556/377/347
f 779/388/357 1560/397/365 1562/1773/1739
f 781/1769/1735 1562/1773/1739 1563/1774/1740
f 782/1770/1741 1563/1774/1745 1564/1775/1742
f 1564/1776/1742 1561/374/344 780/376/346
f 1560/397/365 789/396/364 791/1777/1743
f 1562/1773/1739 791/1777/1743 792/1778/1744
f 1563/1774/1745 792/1778/1760 793/1779/1746
f 793/1780/1746 790/386/356 1561/374/344
f 785/538/491 1565/531/484 1567/1781/1747
f 788/1783/1748 1567/1788/1747 1568/1784/1749
f 787/1785/1751 1568/1784/1754 1569/1786/1752
f 786/1787/1753 1569/1786/1752 1566/381/351
f 1565/531/484 775/503/459 778/1758/1724
f 1567/1788/1747 778/1759/1724 777/1761/1726
f 1568/1784/1754 777/1761/1727 776/1763/1729
f 776/1763/1729 774/373/343 1566/381/351
f 1570/514/469 1572/1789/1755 826/1178/1104
f 1572/1789/1755 1573/1790/1756 827/1165/1094
f 1573/1790/1756 1574/1791/1757 817/1162/1091
f 1574/1791/1757 1571/479/438 812/530/483
f 795/1148/1079 805/1147/1078 1572/1789/1755
f 805/1147/1078 798/1153/1082 1573/1790/1756
f 798/1153/1082 797/1141/1071 1574/1791/1757
f 797/1141/1071 794/477/436 1571/479/438
f 789/396/364 1575/496/453 1577/1792/1758
f 791/1777/1743 1577/1792/1758 1578/1793/1759
f 792/1778/1760 1578/1793/1762 1579/1794/1761
f 1579/1795/1761 1576/384/354 790/386/356
f 1575/496/453 814/512/467 828/1177/1103
f 1577/1792/1758 828/1177/1103 822/1179/1105
f 1578/1793/1762 822/1179/2140 821/1170/1099
f 821/1796/1099 813/393/362 1576/384/354
f 795/1148/1079 1580/513/468 1582/1797/1763
f 803/1151/1077 1582/1800/1763 1583/1798/1764
f 804/1149/1080 1583/1798/1764 1584/1799/1765
f 809/1156/1085 1584/1799/1765 1581/390/359
f 1580/513/468 785/538/491 788/1782/1748
f 1582/1800/1763 788/1783/1748 787/1785/1750
f 1583/1798/1764 787/1785/1751 786/1787/1753
f 1584/1799/1765 786/1787/1753 784/383/353
f 1585/413/380 1587/1805/1766 756/1801/1703
f 1587/1802/1766 1588/1803/1771 757/1739/1767
f 1588/1803/1768 1589/1808/1773 758/1804/1769
f 758/1804/1769 1589/1808/1773 1586/506/461
f 836/472/433 838/1824/1770 1587/1805/1766
f 838/1806/1770 839/1807/1789 1588/1803/1771
f 839/1807/1772 840/1827/1791 1589/1808/1773
f 1589/1808/1773 840/1827/1791 837/402/370
f 1590/345/319 1592/1810/1775 835/1809/1774
f 1592/1810/1775 1593/1812/1780 834/1811/1776
f 1593/1812/1777 1594/1815/1781 833/1813/1778
f 833/1814/1778 1594/1816/1781 1591/398/366
f 745/347/321 748/1741/1707 1592/1810/1775
f 748/1741/1707 747/1743/1709 1593/1812/1780
f 747/1743/1712 746/1745/1711 1594/1815/1781
f 1594/1816/1781 746/1746/1711 744/360/331
f 848/1196/1123 1595/487/445 1597/1817/1782
f 858/1194/1121 1597/1817/1782 1598/1818/1783
f 859/1185/1111 1598/1818/1783 1599/1819/1784
f 850/1181/1107 1599/1819/1784 1596/519/426
f 1595/487/445 841/489/447 843/1820/1785
f 1597/1817/1782 843/1820/1785 844/1821/1786
f 1598/1818/1783 844/1821/1786 845/1822/1787
f 1599/1823/1784 845/1832/1787 842/408/376
f 1600/488/446 1602/1829/1788 838/1824/1770
f 1602/1825/1788 1603/1826/1793 839/1807/1789
f 1603/1826/1790 1604/1828/1792 840/1827/1791
f 1604/1828/1792 1601/410/378 837/402/370
f 848/1196/1123 860/1195/1122 1602/1829/1788
f 860/1200/1122 855/1199/1125 1603/1826/1793
f 855/1199/1794 854/1190/1116 1604/1828/1792
f 854/1190/1116 847/1187/1113 1601/410/378
f 1605/490/448 1607/1830/1795 843/1820/1785
f 1607/1830/1795 1608/1831/1797 844/1821/1786
f 1608/1831/1796 1609/1833/1798 845/1822/1787
f 845/1832/1787 1609/1834/1798 1606/406/374
f 832/522/476 835/1809/1774 1607/1830/1795
f 835/1809/1774 834/1811/1776 1608/1831/1797
f 834/1811/1779 833/1813/1778 1609/1833/1798
f 833/1814/1778 831/400/368 1606/406/374
f 1610/486/444 1612/1836/1800 887/1835/1799
f 1612/1836/1800 1613/1838/1802 886/1837/1801
f 1613/1838/1802 1614/1840/1804 885/1839/1803
f 1614/1840/1804 1611/535/488 883/536/489
f 868/435/400 870/1841/1805 1612/1836/1800
f 870/1841/1805 871/1842/1806 1613/1838/1802
f 871/1842/1806 872/1843/1807 1614/1840/1804
f 872/1843/1807 869/534/487 1611/535/488
f 889/429/394 1615/428/393 1617/1844/1808
f 892/1845/1809 1617/1844/1808 1618/1846/1810
f 890/1849/1813 1619/1848/1812 1616/467/429
f 1615/428/393 873/432/397 875/1850/1814
f 1618/1846/1810 876/1851/1815 877/1852/1816
f 1619/1848/1812 877/1852/1816 874/468/430
f 864/425/390 1620/416/382 1622/1853/1817
f 867/1854/1818 1622/1853/1817 1623/1855/1819
f 866/1856/1820 1623/1855/1819 1624/1857/1821
f 865/1858/1822 1624/1857/1821 1621/484/443
f 1620/416/382 884/415/381 887/1835/1799
f 1622/1853/1817 887/1835/1799 886/1837/1801
f 1623/1855/1819 886/1837/1801 885/1839/1803
f 1624/1857/1821 885/1839/1803 883/536/489
f 1625/430/395 1627/1860/1824 882/1859/1823
f 1627/1860/1824 1628/1862/1826 881/1861/1825
f 1629/1864/1828 1626/505/460 878/527/480
f 889/429/394 892/1845/1809 1627/1860/1824
f 892/1845/1809 891/1847/1811 1628/1862/1826
f 891/1847/1811 890/1849/1813 1629/1864/1828
f 890/1849/1813 888/470/432 1626/505/460
f 1630/421/386 1632/1866/1830 897/1865/1829
f 1633/1868/1832 1634/1870/1834 895/1869/1833
f 1634/1870/1834 1631/438/403 893/422/387
f 879/469/431 882/1859/1823 1632/1866/1830
f 882/1859/1823 881/1861/1825 1633/1868/1832
f 881/1861/1825 880/1863/1827 1634/1870/1834
f 880/1863/1827 878/527/480 1631/438/403
f 1635/436/401 1637/1871/1835 870/1841/1805
f 1637/1871/1835 1638/1872/1836 871/1842/1806
f 1638/1872/1836 1639/1873/1837 872/1843/1807
f 1639/1873/1837 1636/418/384 869/534/487
f 898/441/406 900/1874/1838 1637/1871/1835
f 900/1874/1838 901/1875/1839 1638/1872/1836
f 901/1875/1839 902/1876/1840 1639/1873/1837
f 902/1876/1840 899/482/441 1636/418/384
f 1640/442/407 1642/1877/1841 900/1874/1838
f 1642/1877/1841 1643/1878/1842 901/1875/1839
f 1644/1879/1843 1641/528/481 899/482/441
f 908/446/411 910/1880/1844 1642/1877/1841
f 910/1880/1844 911/1881/1845 1643/1878/1842
f 911/1881/1845 912/1882/1846 1644/1879/1843
f 912/1882/1846 909/525/478 1641/528/481
f 1647/1884/1848 1648/1886/1850 906/1885/1849
f 1649/1888/1852 1646/424/389 903/445/410
f 894/499/455 897/1865/1829 1647/1884/1848
f 897/1865/1829 896/1867/1831 1648/1886/1850
f 896/1867/1831 895/1869/1833 1649/1888/1852
f 1650/481/440 1652/1892/1855 934/1889/1146
f 934/1222/1146 1652/1893/1855 1653/1890/1853
f 942/1231/1154 1654/1891/1854 1651/516/471
f 1650/481/440 913/1202/1127 917/1204/1129
f 1652/1893/1855 917/2180/1129 927/1218/1133
f 1653/1890/1853 927/1218/1133 926/1216/1141
f 1654/1891/1854 926/1216/1141 915/517/472
f 1655/448/413 1657/1894/1856 910/1880/1844
f 1657/1894/1856 1658/1895/1857 911/1881/1845
f 1658/1895/1857 1659/1896/1858 912/1882/1846
f 1659/1896/1858 1656/500/456 909/525/478
f 933/1237/1160 947/1236/1159 1657/1894/1856
f 947/1236/1159 941/1239/1162 1658/1895/1857
f 941/1239/1162 940/1232/1155 1659/1896/1858
f 1660/443/408 1662/1897/1859 921/1212/1137
f 1662/1897/1859 1663/1898/1860 922/1220/1144
f 1663/1898/1860 1664/1899/1861 928/1217/1142
f 1664/1899/1861 1661/515/470 915/517/472
f 904/532/485 907/1883/1847 1662/1897/1859
f 907/1883/1847 906/1885/1849 1663/1898/1860
f 906/1885/1849 905/1887/1851 1664/1899/1861
f 905/1887/1851 903/445/410 1661/515/470
f 873/432/397 1665/453/416 1667/1900/1862
f 876/1851/1815 1668/1901/1863 1669/1902/1864
f 1665/453/416 955/454/417 957/1903/1865
f 1667/1900/1862 957/1903/1865 958/1904/1866
f 1668/1901/1863 958/1904/1866 959/1905/1867
f 951/455/418 1670/426/391 1672/1906/1868
f 954/1907/1869 1672/1906/1868 1673/1908/1870
f 952/1911/1873 1674/1910/1872 1671/459/421
f 1670/426/391 864/425/390 867/1854/1818
f 1672/1906/1868 867/1854/1818 866/1856/1820
f 1673/1908/1870 866/1856/1820 865/1858/1822
f 1674/1910/1872 865/1858/1822 863/450/415
f 1675/466/428 1677/1912/1874 968/1242/1165
f 1677/1912/1874 1678/1913/1875 969/1251/1175
f 1678/1913/1875 1679/1914/1876 975/1247/1171
f 1679/1914/1876 1676/494/452 966/1248/1172
f 960/462/424 962/1915/1877 1677/1912/1874
f 963/1916/1878 964/1917/1879 1679/1914/1876
f 964/1917/1879 961/491/449 1676/494/452
f 955/454/417 1680/460/422 1682/1918/1880
f 958/1904/1866 1683/1919/1881 1684/1920/1882
f 959/1905/1867 1684/1920/1882 1681/493/451
f 1680/460/422 967/461/423 979/1254/1179
f 1682/1918/1880 979/1254/1179 974/1249/1173
f 1683/1919/1881 974/1249/1173 973/1246/1170
f 1684/1920/1882 973/1246/1170 966/1248/1172
f 960/462/424 1685/456/419 1687/1921/1883
f 962/1915/1877 1687/1921/1883 1688/1922/1884
f 963/1916/1878 1688/1922/1884 1689/1923/1885
f 964/1917/1879 1689/1923/1885 1686/492/450
f 1685/456/419 951/455/418 954/1907/1869
f 1687/1921/1883 954/1907/1869 953/1909/1871
f 1688/1922/1884 953/1909/1871 952/1911/1873
f 1689/1923/1885 952/1911/1873 950/458/420
f 967/461/423 1690/411/379 1692/1924/1886
f 978/1926/1887 1692/1928/1890 1691/520/474
f 1690/411/379 847/1187/1113 849/1189/1889
f 1692/1928/1890 849/2176/2152 846/521/475
f 1693/392/361 1695/1931/1894 808/1929/1086
f 1695/1930/1891 1696/1933/1896 799/1140/1892
f 799/1140/1070 1696/1933/1897 1694/480/439
f 914/449/414 923/1211/1136 1695/1931/1894
f 923/1932/1895 916/1205/2153 1696/1933/1896
f 1696/1933/1897 916/1205/2154 913/1202/1127
f 933/1237/1160 1697/447/412 1699/1934/1898
f 945/1235/1158 1699/1934/1898 1700/1935/1899
f 946/1228/1151 1700/1935/1899 1701/1936/1900
f 936/1937/1147 1701/1939/1900 1698/529/482
f 1697/447/412 813/393/362 823/1169/1098
f 1699/1934/1898 823/1169/1098 816/1174/1092
f 1700/1935/1899 816/1174/1092 815/1938/1090
f 1701/1939/1900 815/1161/1090 812/530/483
f 1003/560/510 1702/559/509 1704/1940/1901
f 1006/1941/1902 1704/1940/1901 1705/1942/1903
f 1005/1944/1905 1705/1949/1910 1706/1945/1906
f 1706/1945/1906 1703/674/609 1002/714/643
f 1702/559/509 987/550/500 989/1947/1908
f 1704/1940/1901 989/1947/1908 990/1948/1909
f 1705/1949/1910 990/1987/1948 991/1950/1911
f 991/1950/1911 988/570/519 1703/674/609
f 1707/596/543 1709/1957/1913 1011/1951/1912
f 1709/1952/1913 1710/1955/1919 1010/1953/1914
f 1710/1955/1915 1711/1960/1921 1009/1956/1916
f 1009/1956/1916 1711/1960/1921 1708/654/592
f 992/723/652 994/2027/1918 1709/1957/1913
f 994/1958/1918 995/1959/1987 1710/1955/1919
f 995/1959/1920 996/2030/1989 1711/1960/1921
f 1711/1960/1921 996/2030/1989 993/553/503
f 1712/664/601 1714/1962/1923 986/1961/1922
f 1714/1962/1923 1715/1967/1928 985/1963/1924
f 1715/1964/1925 1716/1968/1929 984/1965/1926
f 984/1965/1926 1716/1968/1929 1713/539/492
f 1003/560/510 1006/1941/1902 1714/1962/1923
f 1006/1941/1902 1005/1943/1904 1715/1967/1928
f 1005/1944/1905 1004/1946/1907 1716/1968/1929
f 1716/1968/1929 1004/1946/1907 1002/714/643
f 998/693/625 1717/561/511 1719/1969/1930
f 1001/1971/1931 1719/1976/1930 1720/1972/1932
f 1000/1973/1934 1720/1972/1937 1721/1974/1935
f 1721/1974/1935 1718/558/508 997/545/496
f 1717/561/511 1008/543/495 1011/1951/1912
f 1719/1976/1930 1011/1954/1912 1010/1953/1914
f 1720/1972/1937 1010/1953/1917 1009/1956/1916
f 1009/1956/1916 1007/556/506 1718/558/508
f 1013/694/626 1722/688/621 1724/1977/1938
f 1016/1979/1939 1724/1984/1938 1725/1980/1940
f 1015/1981/1942 1725/1980/1945 1726/1982/1943
f 1726/1982/1943 1723/547/498 1012/564/513
f 1722/688/621 998/693/625 1001/1970/1931
f 1724/1984/1938 1001/1971/1931 1000/1973/1933
f 1725/1980/1945 1000/1973/1934 999/1975/1936
f 999/1975/1936 997/545/496 1723/547/498
f 987/550/500 1727/549/499 1729/1985/1946
f 989/1947/1908 1729/1985/1946 1730/1986/1947
f 990/1987/1948 1730/1991/1952 1731/1988/1949
f 1731/1988/1949 1728/568/517 988/570/519
f 1727/549/499 1017/579/527 1019/1989/1950
f 1729/1985/1946 1019/1989/1950 1020/1990/1951
f 1730/1991/1952 1020/1995/1956 1021/1992/1953
f 1021/1992/1953 1018/567/516 1728/568/517
f 1017/579/527 1732/588/535 1734/1993/1954
f 1019/1989/1950 1734/1993/1954 1735/1994/1955
f 1020/1995/1956 1735/1999/1960 1736/1996/1957
f 1736/1996/1957 1733/565/514 1018/567/516
f 1732/588/535 1027/587/534 1029/1997/1958
f 1734/1993/1954 1029/1997/1958 1030/1998/1959
f 1735/1999/1960 1030/2020/1978 1031/2000/1961
f 1031/2000/1961 1028/577/526 1733/565/514
f 1023/724/653 1737/717/646 1739/2001/1962
f 1026/2003/1963 1739/2008/1962 1740/2004/1964
f 1025/2005/1966 1740/2004/1969 1741/2006/1967
f 1741/2006/1967 1738/572/521 1022/574/523
f 1737/717/646 1013/694/626 1016/1978/1939
f 1739/2008/1962 1016/1979/1939 1015/1981/1941
f 1740/2004/1969 1015/1981/1942 1014/1983/1944
f 1014/1983/1944 1012/564/513 1738/572/521
f 1742/702/633 1744/2010/1971 1054/2009/1970
f 1744/2010/1971 1745/2012/1973 1053/2011/1972
f 1745/2012/1973 1746/2016/1975 1052/2013/1974
f 1746/2014/1975 1743/668/603 1050/584/532
f 1033/1266/1193 1043/1265/1192 1744/2010/1971
f 1043/1265/1192 1036/1271/1196 1745/2012/1973
f 1036/1271/1196 1035/1259/1186 1746/2016/1975
f 1035/2017/1186 1032/2162/1183 1743/668/603
f 1027/587/534 1747/687/620 1749/2018/1976
f 1029/1997/1958 1749/2018/1980 1750/2019/1977
f 1030/2020/1978 1750/2022/1981 1751/2021/1979
f 1031/2000/1961 1751/2021/1979 1748/575/524
f 1747/687/620 1051/700/631 1054/2009/1970
f 1749/2018/1980 1054/2009/1970 1053/2011/1972
f 1750/2022/1981 1053/2181/1972 1052/2015/1974
f 1052/2015/1974 1050/584/532 1748/575/524
f 1033/1266/1193 1752/701/632 1754/2023/1982
f 1041/1269/1191 1754/2026/1982 1755/2024/1983
f 1042/1267/1203 1755/2024/1985 1756/2025/1984
f 1047/1274/1199 1756/2025/1984 1753/581/529
f 1752/701/632 1023/724/653 1026/2002/1963
f 1754/2026/1982 1026/2003/1963 1025/2005/1965
f 1755/2024/1985 1025/2005/1966 1024/2007/1968
f 1756/2025/1984 1024/2007/1968 1022/574/523
f 1757/604/550 1759/2031/1986 994/2027/1918
f 1759/2028/1986 1760/2029/1991 995/1959/1987
f 1760/2029/1988 1761/2034/1993 996/2030/1989
f 996/2030/1989 1761/2034/1993 1758/697/628
f 1060/663/600 1062/2050/1990 1759/2031/1986
f 1062/2032/1990 1063/2033/2009 1760/2029/1991
f 1063/2033/1992 1064/2053/2011 1761/2034/1993
f 1761/2034/1993 1064/2053/2011 1061/593/540
f 1762/507/462 1764/2036/1995 1059/2035/1994
f 1764/2036/1995 1765/2041/2000 1058/2037/1996
f 1765/2038/1997 1766/2042/2001 1057/2039/1998
f 1057/2039/1998 1766/2042/2001 1763/589/536
f 983/509/464 986/1961/1922 1764/2036/1995
f 986/1961/1922 985/1963/1924 1765/2041/2000
f 985/1966/1927 984/1965/1926 1766/2042/2001
f 1766/2042/2001 984/1965/1926 982/551/501
f 1072/1295/1221 1767/678/612 1769/2043/2002
f 1083/1293/1219 1769/2043/2002 1770/2044/2003
f 1084/1284/1210 1770/2044/2003 1771/2045/2004
f 1074/1280/1206 1771/2045/2004 1768/707/593
f 1767/678/612 1065/680/614 1067/2046/2005
f 1769/2043/2002 1067/2046/2005 1068/2047/2006
f 1770/2044/2003 1068/2047/2006 1069/2048/2007
f 1771/2049/2004 1069/2058/2007 1066/599/546
f 1772/679/613 1774/2055/2008 1062/2050/1990
f 1774/2051/2008 1775/2052/2013 1063/2033/2009
f 1775/2052/2010 1776/2054/2012 1064/2053/2011
f 1776/2054/2012 1773/601/548 1061/593/540
f 1072/1295/1221 1085/1294/1220 1774/2055/2008
f 1085/1299/1220 1079/1298/1223 1775/2052/2013
f 1079/1298/2014 1078/1289/1215 1776/2054/2012
f 1078/1289/1215 1071/1286/1212 1773/601/548
f 1777/681/615 1779/2056/2015 1067/2046/2005
f 1779/2056/2015 1780/2060/2017 1068/2047/2006
f 1780/2057/2016 1781/2061/2018 1069/2058/2007
f 1069/2058/2007 1781/2061/2018 1778/597/544
f 1056/710/640 1059/2035/1994 1779/2056/2015
f 1059/2035/1994 1058/2037/1996 1780/2060/2017
f 1058/2040/1999 1057/2039/1998 1781/2061/2018
f 1057/2039/1998 1055/591/538 1778/597/544
f 1782/677/611 1784/2063/2020 1112/2062/2019
f 1784/2063/2020 1785/2065/2022 1111/2064/2021
f 1785/2065/2022 1786/2067/2024 1110/2066/2023
f 1786/2067/2024 1783/721/650 1108/722/651
f 1093/626/569 1095/2068/2025 1784/2063/2020
f 1095/2068/2025 1096/2069/2026 1785/2065/2022
f 1096/2069/2026 1097/2070/2027 1786/2067/2024
f 1097/2070/2027 1094/720/649 1783/721/650
f 1114/620/563 1787/619/562 1789/2071/2028
f 1117/2072/2029 1789/2071/2028 1790/2073/2030
f 1116/2074/2031 1790/2073/2030 1791/2075/2032
f 1115/2076/2033 1791/2075/2032 1788/658/596
f 1787/619/562 1098/623/566 1100/2077/2034
f 1789/2071/2028 1100/2077/2034 1101/2078/2035
f 1790/2073/2030 1101/2078/2035 1102/2079/2036
f 1791/2075/2032 1102/2079/2036 1099/659/597
f 1089/616/559 1792/607/552 1794/2080/2037
f 1092/2081/2038 1794/2080/2037 1795/2082/2039
f 1091/2083/2040 1795/2082/2039 1796/2084/2041
f 1090/2085/2042 1796/2084/2041 1793/675/610
f 1792/607/552 1109/606/551 1112/2062/2019
f 1794/2080/2037 1112/2062/2019 1111/2064/2021
f 1795/2082/2039 1111/2064/2021 1110/2066/2023
f 1796/2084/2041 1110/2066/2023 1108/722/651
f 1797/621/564 1799/2087/2044 1107/2086/2043
f 1799/2087/2044 1800/2089/2046 1106/2088/2045
f 1800/2089/2046 1801/2091/2048 1105/2090/2047
f 1801/2091/2048 1798/696/627 1103/715/644
f 1114/620/563 1117/2072/2029 1799/2087/2044
f 1117/2072/2029 1116/2074/2031 1800/2089/2046
f 1116/2074/2031 1115/2076/2033 1801/2091/2048
f 1115/2076/2033 1113/661/599 1798/696/627
f 1802/612/556 1804/2093/2050 1122/2092/2049
f 1804/2093/2050 1805/2095/2052 1121/2094/2051
f 1805/2095/2052 1806/2097/2054 1120/2096/2053
f 1806/2097/2054 1803/629/572 1118/613/557
f 1104/660/598 1107/2086/2043 1804/2093/2050
f 1107/2086/2043 1106/2088/2045 1805/2095/2052
f 1106/2088/2045 1105/2090/2047 1806/2097/2054
f 1105/2090/2047 1103/715/644 1803/629/572
f 1807/627/570 1809/2098/2055 1095/2068/2025
f 1809/2098/2055 1810/2099/2056 1096/2069/2026
f 1810/2099/2056 1811/2100/2057 1097/2070/2027
f 1811/2100/2057 1808/609/554 1094/720/649
f 1123/632/574 1125/2101/2058 1809/2098/2055
f 1125/2101/2058 1126/2102/2059 1810/2099/2056
f 1126/2102/2059 1127/2103/2060 1811/2100/2057
f 1127/2103/2060 1124/673/608 1808/609/554
f 1812/633/575 1814/2104/2061 1125/2101/2058
f 1814/2104/2061 1815/2105/2062 1126/2102/2059
f 1815/2105/2062 1816/2106/2063 1127/2103/2060
f 1816/2106/2063 1813/716/645 1124/673/608
f 1133/637/578 1135/2107/2064 1814/2104/2061
f 1135/2107/2064 1136/2108/2065 1815/2105/2062
f 1136/2108/2065 1137/2109/2066 1816/2106/2063
f 1137/2109/2066 1134/713/642 1813/716/645
f 1817/628/571 1819/2111/2068 1132/2110/2067
f 1819/2111/2068 1820/2113/2070 1131/2112/2069
f 1820/2113/2070 1821/2115/2072 1130/2114/2071
f 1821/2115/2072 1818/615/558 1128/636/577
f 1119/690/622 1122/2092/2049 1819/2111/2068
f 1122/2092/2049 1121/2094/2051 1820/2113/2070
f 1121/2094/2051 1120/2096/2053 1821/2115/2072
f 1120/2096/2053 1118/613/557 1818/615/558
f 1156/719/648 1822/672/607 1824/2116/2073
f 1159/2117/2074 1824/2116/2073 1825/2118/2075
f 1158/2119/2076 1825/2118/2075 1826/2120/2077
f 1157/2121/2078 1826/2120/2077 1823/704/635
f 1822/672/607 1138/671/606 1141/1302/1226
f 1824/2116/2073 1141/1302/1226 1151/1307/1230
f 1825/2118/2075 1151/1307/1230 1150/1314/1238
f 1826/2120/2077 1150/1314/1238 1140/705/636
f 1827/639/580 1829/2122/2079 1135/2107/2064
f 1829/2122/2079 1830/2123/2080 1136/2108/2065
f 1830/2123/2080 1831/2124/2081 1137/2109/2066
f 1831/2124/2081 1828/691/623 1134/713/642
f 1156/719/648 1159/2117/2074 1829/2122/2079
f 1159/2117/2074 1158/2119/2076 1830/2123/2080
f 1158/2119/2076 1157/2121/2078 1831/2124/2081
f 1157/2121/2078 1155/706/637 1828/691/623
f 1832/634/576 1834/2125/2082 1145/1311/1234
f 1834/2125/2082 1835/2126/2083 1146/1317/1241
f 1835/2126/2083 1836/2127/2084 1152/1315/1239
f 1836/2127/2084 1833/703/634 1140/705/636
f 1129/718/647 1132/2110/2067 1834/2125/2082
f 1132/2110/2067 1131/2112/2069 1835/2126/2083
f 1131/2112/2069 1130/2114/2071 1836/2127/2084
f 1130/2114/2071 1128/636/577 1833/703/634
f 1098/623/566 1837/644/583 1839/2128/2085
f 1100/2077/2034 1839/2128/2085 1840/2129/2086
f 1101/2078/2035 1840/2129/2086 1841/2130/2087
f 1102/2079/2036 1841/2130/2087 1838/698/629
f 1837/644/583 1165/645/584 1167/2131/2088
f 1839/2128/2085 1167/2131/2088 1168/2132/2089
f 1840/2129/2086 1168/2132/2089 1169/2133/2090
f 1841/2130/2087 1169/2133/2090 1166/665/602
f 1161/646/585 1842/617/560 1844/2134/2091
f 1164/2135/2092 1844/2134/2091 1845/2136/2093
f 1163/2137/2094 1845/2136/2093 1846/2138/2095
f 1162/2139/2096 1846/2138/2095 1843/650/588
f 1842/617/560 1089/616/559 1092/2081/2038
f 1844/2134/2091 1092/2081/2038 1091/2083/2040
f 1845/2136/2093 1091/2083/2040 1090/2085/2042
f 1846/2138/2095 1090/2085/2042 1088/641/582
f 1847/657/595 1849/2140/2097 1178/1321/1245
f 1849/2140/2097 1850/2141/2098 1179/1330/1254
f 1850/2141/2098 1851/2142/2099 1186/1326/1250
f 1851/2142/2099 1848/685/619 1176/1327/1251
f 1170/653/591 1172/2143/2100 1849/2140/2097
f 1172/2143/2100 1173/2144/2101 1850/2141/2098
f 1173/2144/2101 1174/2145/2102 1851/2142/2099
f 1174/2145/2102 1171/682/616 1848/685/619
f 1165/645/584 1852/651/589 1854/2146/2103
f 1167/2131/2088 1854/2146/2103 1855/2147/2104
f 1168/2132/2089 1855/2147/2104 1856/2148/2105
f 1169/2133/2090 1856/2148/2105 1853/684/618
f 1852/651/589 1177/652/590 1189/1333/1258
f 1854/2146/2103 1189/1333/1258 1185/1328/1252
f 1855/2147/2104 1185/1328/1252 1184/1325/1249
f 1856/2148/2105 1184/1325/1249 1176/1327/1251
f 1170/653/591 1857/647/586 1859/2149/2106
f 1172/2143/2100 1859/2149/2106 1860/2150/2107
f 1173/2144/2101 1860/2150/2107 1861/2151/2108
f 1174/2145/2102 1861/2151/2108 1858/683/617
f 1857/647/586 1161/646/585 1164/2135/2092
f 1859/2149/2106 1164/2135/2092 1163/2137/2094
f 1860/2150/2107 1163/2137/2094 1162/2139/2096
f 1861/2151/2108 1162/2139/2096 1160/649/587
f 1177/652/590 1862/602/549 1864/2152/2109
f 1180/2154/1244 1864/2157/2112 1863/708/638
f 1862/602/549 1071/1286/1212 1080/1288/2110
f 1864/2157/2112 1073/1281/1207 1070/709/639
f 1034/583/531 1865/582/530 1867/2158/2113
f 1867/2161/2118 1866/669/604 1032/2162/1183
f 1865/582/530 1139/640/581 1147/1310/1233
f 1147/2164/2120 1138/671/2155 1866/669/604
