# Blender 5.2.2 LTS
# www.blender.org
o Satelite_Panel_Izquierdo
v -2.298548 -2.421284 -0.877124
v -2.296062 -2.421284 -0.884583
v -2.296062 -2.421284 -0.911932
v -2.303520 -2.421284 -0.869665
v -2.298548 -2.421284 -0.877124
v -2.298548 -2.421284 -0.919391
v -2.306007 -2.421284 -0.862206
v -2.303520 -2.421284 -0.869665
v -2.303520 -2.421284 -0.926849
v -2.310980 -2.421284 -0.854748
v -2.306007 -2.421284 -0.862206
v -2.306007 -2.421284 -0.931822
v -2.315952 -2.421284 -0.849775
v -2.310980 -2.421284 -0.854748
v -2.310980 -2.421284 -0.939281
v -2.323410 -2.421284 -0.844803
v -2.315952 -2.421284 -0.849775
v -2.315952 -2.421284 -0.944253
v -2.330870 -2.421284 -0.842316
v -2.323410 -2.421284 -0.844803
v -2.323410 -2.421284 -0.949226
v -2.335842 -2.421284 -0.839830
v -2.330870 -2.421284 -0.842316
v -2.328384 -2.421284 -0.951712
v -2.340815 -2.421284 -0.837344
v -2.335842 -2.421284 -0.839830
v -2.335842 -2.421284 -0.956684
v -2.348274 -2.421284 -0.834858
v -2.340815 -2.421284 -0.837344
v -2.343302 -2.421284 -0.959171
v -2.358219 -2.421284 -0.834858
v -2.348274 -2.421284 -0.834858
v -2.348274 -2.421284 -0.959171
v -2.388054 -2.421284 -0.842316
v -2.380594 -2.421284 -0.839830
v -2.380594 -2.421284 -0.956684
v -2.393026 -2.421284 -0.847289
v -2.388054 -2.421284 -0.842316
v -2.388054 -2.421284 -0.951712
v -2.400486 -2.421284 -0.849775
v -2.393026 -2.421284 -0.847289
v -2.393026 -2.421284 -0.949226
v -2.405458 -2.421284 -0.857234
v -2.400486 -2.421284 -0.849775
v -2.400486 -2.421284 -0.944253
v -2.410431 -2.421284 -0.862206
v -2.405458 -2.421284 -0.857234
v -2.405458 -2.421284 -0.936794
v -2.412916 -2.421284 -0.869665
v -2.410431 -2.421284 -0.862206
v -2.407944 -2.421284 -0.934308
v -2.415403 -2.421284 -0.874638
v -2.412916 -2.421284 -0.869665
v -2.412916 -2.421284 -0.926849
v -2.417889 -2.421284 -0.882097
v -2.415403 -2.421284 -0.874638
v -2.415403 -2.421284 -0.919391
v -2.420376 -2.421284 -0.889555
v -2.417889 -2.421284 -0.882097
v -2.417889 -2.421284 -0.911932
v -2.420376 -2.421284 -0.897014
v -2.420376 -2.421284 -0.889555
v -2.420376 -2.421284 -0.904473
v -2.420376 -2.421284 -0.904473
v -2.420376 -2.421284 -0.889555
v -2.417889 -2.421284 -0.911932
v -2.417889 -2.421284 -0.911932
v -2.417889 -2.421284 -0.882097
v -2.415403 -2.421284 -0.919391
v -2.415403 -2.421284 -0.919391
v -2.415403 -2.421284 -0.874638
v -2.412916 -2.421284 -0.926849
v -2.412916 -2.421284 -0.926849
v -2.412916 -2.421284 -0.869665
v -2.407944 -2.421284 -0.934308
v -2.407944 -2.421284 -0.934308
v -2.410431 -2.421284 -0.862206
v -2.405458 -2.421284 -0.936794
v -2.405458 -2.421284 -0.936794
v -2.405458 -2.421284 -0.857234
v -2.400486 -2.421284 -0.944253
v -2.400486 -2.421284 -0.944253
v -2.400486 -2.421284 -0.849775
v -2.393026 -2.421284 -0.949226
v -2.393026 -2.421284 -0.949226
v -2.393026 -2.421284 -0.847289
v -2.388054 -2.421284 -0.951712
v -2.388054 -2.421284 -0.951712
v -2.388054 -2.421284 -0.842316
v -2.380594 -2.421284 -0.956684
v -2.380594 -2.421284 -0.956684
v -2.380594 -2.421284 -0.839830
v -2.373137 -2.421284 -0.959171
v -2.380594 -2.421284 -0.839830
v -2.373137 -2.421284 -0.837344
v -2.373137 -2.421284 -0.959171
v -2.373137 -2.421284 -0.959171
v -2.373137 -2.421284 -0.837344
v -2.365677 -2.421284 -0.959171
v -2.373137 -2.421284 -0.837344
v -2.365677 -2.421284 -0.834858
v -2.365677 -2.421284 -0.959171
v -2.365677 -2.421284 -0.834858
v -2.358219 -2.421284 -0.834858
v -2.365677 -2.421284 -0.959171
v -2.365677 -2.421284 -0.959171
v -2.358219 -2.421284 -0.834858
v -2.358219 -2.421284 -0.959171
v -2.358219 -2.421284 -0.834858
v -2.348274 -2.421284 -0.959171
v -2.358219 -2.421284 -0.959171
v -2.348274 -2.421284 -0.834858
v -2.343302 -2.421284 -0.959171
v -2.348274 -2.421284 -0.959171
v -2.340815 -2.421284 -0.837344
v -2.335842 -2.421284 -0.956684
v -2.343302 -2.421284 -0.959171
v -2.335842 -2.421284 -0.839830
v -2.328384 -2.421284 -0.951712
v -2.335842 -2.421284 -0.956684
v -2.330870 -2.421284 -0.842316
v -2.323410 -2.421284 -0.949226
v -2.328384 -2.421284 -0.951712
v -2.323410 -2.421284 -0.844803
v -2.315952 -2.421284 -0.944253
v -2.323410 -2.421284 -0.949226
v -2.315952 -2.421284 -0.849775
v -2.310980 -2.421284 -0.939281
v -2.315952 -2.421284 -0.944253
v -2.310980 -2.421284 -0.854748
v -2.306007 -2.421284 -0.931822
v -2.310980 -2.421284 -0.939281
v -2.306007 -2.421284 -0.862206
v -2.303520 -2.421284 -0.926849
v -2.306007 -2.421284 -0.931822
v -2.303520 -2.421284 -0.869665
v -2.298548 -2.421284 -0.919391
v -2.303520 -2.421284 -0.926849
v -2.298548 -2.421284 -0.877124
v -2.296062 -2.421284 -0.911932
v -2.298548 -2.421284 -0.919391
v -2.296062 -2.421284 -0.884583
v -2.296062 -2.421284 -0.904473
v -2.296062 -2.421284 -0.911932
v -2.296062 -2.421284 -0.884583
v -2.296062 -2.421284 -0.892042
v -2.296062 -2.421284 -0.904473
v -2.296062 -2.421284 -0.892042
v -2.296062 -2.421284 -0.899500
v -2.296062 -2.421284 -0.904473
v -2.348274 -2.421284 -0.959171
v -2.353247 -2.421284 -0.959171
v -2.358219 -2.421284 -0.959171
v -2.368164 -2.431229 -0.829885
v -2.380594 -2.421284 -0.839830
v -2.388054 -2.421284 -0.842316
v -2.358219 -2.421284 -0.834858
v -2.335842 -2.433715 -0.822426
v -2.348274 -2.421284 -0.834858
v -2.310980 -2.421284 -0.854748
v -2.306007 -2.423770 -0.857234
v -2.306007 -2.421284 -0.862206
v -2.375622 -2.431229 -0.939281
v -2.393026 -2.421284 -0.949226
v -2.388054 -2.421284 -0.951712
v -2.358219 -2.421284 -0.834858
v -2.358219 -2.421284 -0.834858
v -2.365677 -2.421284 -0.834858
v -2.393026 -2.431229 -0.849775
v -2.405458 -2.421284 -0.857234
v -2.410431 -2.421284 -0.862206
v -2.315952 -2.421284 -0.944253
v -2.301035 -2.433715 -0.934308
v -2.323410 -2.421284 -0.949226
v -2.393026 -2.426256 -0.847289
v -2.400486 -2.421284 -0.849775
v -2.405458 -2.421284 -0.857234
v -2.393026 -2.428742 -0.847289
v -2.393026 -2.426256 -0.847289
v -2.405458 -2.421284 -0.857234
v -2.393026 -2.426256 -0.847289
v -2.393026 -2.423770 -0.844803
v -2.400486 -2.421284 -0.849775
v -2.393026 -2.423770 -0.844803
v -2.393026 -2.421284 -0.847289
v -2.400486 -2.421284 -0.849775
v -2.390539 -2.421284 -0.844803
v -2.388054 -2.421284 -0.842316
v -2.393026 -2.421284 -0.847289
v -2.405458 -2.431229 -0.892042
v -2.420376 -2.421284 -0.897014
v -2.420376 -2.421284 -0.904473
v -2.402971 -2.433715 -0.897014
v -2.420376 -2.421284 -0.904473
v -2.417889 -2.421284 -0.911932
v -2.395512 -2.433715 -0.911932
v -2.415403 -2.421284 -0.919391
v -2.412916 -2.421284 -0.926849
v -2.365677 -2.428742 -0.949226
v -2.380594 -2.421284 -0.956684
v -2.373137 -2.421284 -0.959171
v -2.370649 -2.431229 -0.944253
v -2.388054 -2.421284 -0.951712
v -2.380594 -2.421284 -0.956684
v -2.360704 -2.426256 -0.954198
v -2.373137 -2.421284 -0.959171
v -2.365677 -2.421284 -0.959171
v -2.355732 -2.423770 -0.956684
v -2.365677 -2.421284 -0.959171
v -2.358219 -2.421284 -0.959171
v -2.328384 -2.431229 -0.949226
v -2.328384 -2.431229 -0.949226
v -2.343302 -2.421284 -0.959171
v -2.343302 -2.421284 -0.959171
v -2.328384 -2.431229 -0.949226
v -2.348274 -2.421284 -0.959171
v -2.325897 -2.426256 -0.949226
v -2.325897 -2.428742 -0.949226
v -2.335842 -2.421284 -0.956684
v -2.335842 -2.421284 -0.956684
v -2.325897 -2.428742 -0.949226
v -2.343302 -2.421284 -0.959171
v -2.325897 -2.428742 -0.949226
v -2.328384 -2.431229 -0.949226
v -2.343302 -2.421284 -0.959171
v -2.323410 -2.423770 -0.949226
v -2.325897 -2.426256 -0.949226
v -2.335842 -2.421284 -0.956684
v -2.328384 -2.421284 -0.951712
v -2.323410 -2.423770 -0.949226
v -2.335842 -2.421284 -0.956684
v -2.323410 -2.421284 -0.949226
v -2.323410 -2.423770 -0.949226
v -2.328384 -2.421284 -0.951712
v -2.323410 -2.423770 -0.949226
v -2.323410 -2.423770 -0.949226
v -2.328384 -2.421284 -0.951712
v -2.303520 -2.421284 -0.926849
v -2.298548 -2.423770 -0.926849
v -2.306007 -2.421284 -0.931822
v -2.306007 -2.421284 -0.931822
v -2.298548 -2.426256 -0.929336
v -2.310980 -2.421284 -0.939281
v -2.310980 -2.421284 -0.939281
v -2.301035 -2.431229 -0.931822
v -2.315952 -2.421284 -0.944253
v -2.298548 -2.421284 -0.919391
v -2.301035 -2.421284 -0.921877
v -2.303520 -2.421284 -0.926849
v -2.296062 -2.421284 -0.911932
v -2.281145 -2.433715 -0.904473
v -2.298548 -2.421284 -0.919391
v -2.296062 -2.421284 -0.904473
v -2.283630 -2.428742 -0.899500
v -2.296062 -2.421284 -0.911932
v -2.390539 -2.436201 -0.916904
v -2.412916 -2.421284 -0.926849
v -2.407944 -2.421284 -0.934308
v -2.397999 -2.433715 -0.904473
v -2.417889 -2.421284 -0.911932
v -2.415403 -2.421284 -0.919391
v -2.407944 -2.428742 -0.884583
v -2.420376 -2.421284 -0.889555
v -2.420376 -2.421284 -0.897014
v -2.393026 -2.433715 -0.852261
v -2.393026 -2.431229 -0.849775
v -2.410431 -2.421284 -0.862206
v -2.393026 -2.433715 -0.852261
v -2.410431 -2.421284 -0.862206
v -2.412916 -2.421284 -0.869665
v -2.393026 -2.433715 -0.854748
v -2.393026 -2.433715 -0.852261
v -2.412916 -2.421284 -0.869665
v -2.412916 -2.421284 -0.869665
v -2.412916 -2.421284 -0.869665
v -2.415403 -2.421284 -0.874638
v -2.412916 -2.421284 -0.869665
v -2.393026 -2.433715 -0.854748
v -2.412916 -2.421284 -0.869665
v -2.412916 -2.423770 -0.874638
v -2.415403 -2.421284 -0.874638
v -2.417889 -2.421284 -0.882097
v -2.410431 -2.426256 -0.879610
v -2.417889 -2.421284 -0.882097
v -2.420376 -2.421284 -0.889555
v -2.363192 -2.423770 -0.832371
v -2.365677 -2.421284 -0.834858
v -2.373137 -2.421284 -0.837344
v -2.348274 -2.421284 -0.834858
v -2.330870 -2.431229 -0.827399
v -2.340815 -2.421284 -0.837344
v -2.340815 -2.421284 -0.837344
v -2.325897 -2.428742 -0.832371
v -2.335842 -2.421284 -0.839830
v -2.325897 -2.428742 -0.832371
v -2.323410 -2.426256 -0.834858
v -2.335842 -2.421284 -0.839830
v -2.330870 -2.421284 -0.842316
v -2.318438 -2.426256 -0.839830
v -2.323410 -2.421284 -0.844803
v -2.323410 -2.426256 -0.834858
v -2.330870 -2.421284 -0.842316
v -2.335842 -2.421284 -0.839830
v -2.323410 -2.421284 -0.844803
v -2.315952 -2.423770 -0.844803
v -2.315952 -2.421284 -0.849775
v -2.315952 -2.421284 -0.849775
v -2.310980 -2.423770 -0.849775
v -2.310980 -2.421284 -0.854748
v -2.306007 -2.421284 -0.862206
v -2.301035 -2.423770 -0.862206
v -2.303520 -2.421284 -0.869665
v -2.303520 -2.421284 -0.869665
v -2.296062 -2.423770 -0.869665
v -2.298548 -2.421284 -0.877124
v -2.298548 -2.421284 -0.877124
v -2.293575 -2.423770 -0.877124
v -2.296062 -2.421284 -0.884583
v -2.296062 -2.421284 -0.884583
v -2.288603 -2.426256 -0.884583
v -2.296062 -2.421284 -0.892042
v -2.296062 -2.421284 -0.892042
v -2.286118 -2.426256 -0.889555
v -2.296062 -2.421284 -0.899500
v -2.380594 -2.433715 -0.934308
v -2.400486 -2.421284 -0.944253
v -2.393026 -2.421284 -0.949226
v -2.383081 -2.433715 -0.926849
v -2.405458 -2.421284 -0.936794
v -2.400486 -2.421284 -0.944253
v -2.365677 -2.428742 -0.829885
v -2.373137 -2.421284 -0.837344
v -2.380594 -2.421284 -0.839830
v -2.296062 2.419466 -0.884583
v -2.298548 2.419466 -0.874638
v -2.296062 2.419466 -0.911932
v -2.298548 2.419466 -0.874638
v -2.303520 2.419466 -0.869665
v -2.298548 2.419466 -0.919391
v -2.303520 2.419466 -0.869665
v -2.306007 2.419466 -0.862206
v -2.303520 2.419466 -0.926849
v -2.306007 2.419466 -0.862206
v -2.310980 2.419466 -0.854748
v -2.306007 2.419466 -0.931822
v -2.310980 2.419466 -0.854748
v -2.315952 2.419466 -0.849775
v -2.310980 2.419466 -0.939281
v -2.315952 2.419466 -0.849775
v -2.323410 2.419466 -0.844803
v -2.315952 2.419466 -0.944253
v -2.323410 2.419466 -0.844803
v -2.328384 2.419466 -0.842316
v -2.323410 2.419466 -0.949226
v -2.328384 2.419466 -0.842316
v -2.335842 2.419466 -0.839830
v -2.328384 2.419466 -0.951712
v -2.335842 2.419466 -0.839830
v -2.340815 2.419466 -0.837344
v -2.335842 2.419466 -0.956684
v -2.340815 2.419466 -0.837344
v -2.348274 2.419466 -0.834858
v -2.343302 2.419466 -0.959171
v -2.348274 2.419466 -0.834858
v -2.358219 2.419466 -0.834858
v -2.348274 2.419466 -0.959171
v -2.380594 2.419466 -0.839830
v -2.388054 2.419466 -0.842316
v -2.380594 2.419466 -0.956684
v -2.388054 2.419466 -0.842316
v -2.393026 2.419466 -0.847289
v -2.388054 2.419466 -0.951712
v -2.393026 2.419466 -0.847289
v -2.400486 2.419466 -0.849775
v -2.393026 2.419466 -0.949226
v -2.400486 2.419466 -0.849775
v -2.405458 2.419466 -0.857234
v -2.400486 2.419466 -0.944253
v -2.405458 2.419466 -0.857234
v -2.410431 2.419466 -0.862206
v -2.405458 2.419466 -0.939281
v -2.410431 2.419466 -0.862206
v -2.412916 2.419466 -0.867179
v -2.410431 2.419466 -0.931822
v -2.412916 2.419466 -0.867179
v -2.415403 2.419466 -0.874638
v -2.412916 2.419466 -0.926849
v -2.415403 2.419466 -0.874638
v -2.417889 2.419466 -0.882097
v -2.415403 2.419466 -0.919391
v -2.417889 2.419466 -0.882097
v -2.420376 2.419466 -0.889555
v -2.417889 2.419466 -0.911932
v -2.420376 2.419466 -0.889555
v -2.420376 2.419466 -0.897014
v -2.420376 2.419466 -0.904473
v -2.420376 2.419466 -0.889555
v -2.420376 2.419466 -0.904473
v -2.417889 2.419466 -0.911932
v -2.417889 2.419466 -0.882097
v -2.417889 2.419466 -0.911932
v -2.415403 2.419466 -0.919391
v -2.415403 2.419466 -0.874638
v -2.415403 2.419466 -0.919391
v -2.412916 2.419466 -0.926849
v -2.412916 2.419466 -0.867179
v -2.412916 2.419466 -0.926849
v -2.410431 2.419466 -0.931822
v -2.410431 2.419466 -0.862206
v -2.410431 2.419466 -0.931822
v -2.405458 2.419466 -0.939281
v -2.405458 2.419466 -0.857234
v -2.405458 2.419466 -0.939281
v -2.400486 2.419466 -0.944253
v -2.400486 2.419466 -0.849775
v -2.400486 2.419466 -0.944253
v -2.393026 2.419466 -0.949226
v -2.393026 2.419466 -0.847289
v -2.393026 2.419466 -0.949226
v -2.388054 2.419466 -0.951712
v -2.388054 2.419466 -0.842316
v -2.388054 2.419466 -0.951712
v -2.380594 2.419466 -0.956684
v -2.380594 2.419466 -0.839830
v -2.380594 2.419466 -0.956684
v -2.373137 2.419466 -0.959171
v -2.373137 2.419466 -0.837344
v -2.380594 2.419466 -0.839830
v -2.373137 2.419466 -0.959171
v -2.373137 2.419466 -0.837344
v -2.373137 2.419466 -0.959171
v -2.365677 2.419466 -0.959171
v -2.365677 2.419466 -0.834858
v -2.373137 2.419466 -0.837344
v -2.365677 2.419466 -0.959171
v -2.358219 2.419466 -0.834858
v -2.365677 2.419466 -0.834858
v -2.365677 2.419466 -0.959171
v -2.358219 2.419466 -0.834858
v -2.365677 2.419466 -0.959171
v -2.358219 2.419466 -0.959171
v -2.348274 2.419466 -0.959171
v -2.358219 2.419466 -0.834858
v -2.358219 2.419466 -0.959171
v -2.343302 2.419466 -0.959171
v -2.348274 2.419466 -0.834858
v -2.348274 2.419466 -0.959171
v -2.335842 2.419466 -0.956684
v -2.340815 2.419466 -0.837344
v -2.343302 2.419466 -0.959171
v -2.328384 2.419466 -0.951712
v -2.335842 2.419466 -0.839830
v -2.335842 2.419466 -0.956684
v -2.323410 2.419466 -0.949226
v -2.328384 2.419466 -0.842316
v -2.328384 2.419466 -0.951712
v -2.315952 2.419466 -0.944253
v -2.323410 2.419466 -0.844803
v -2.323410 2.419466 -0.949226
v -2.310980 2.419466 -0.939281
v -2.315952 2.419466 -0.849775
v -2.315952 2.419466 -0.944253
v -2.306007 2.419466 -0.931822
v -2.310980 2.419466 -0.854748
v -2.310980 2.419466 -0.939281
v -2.303520 2.419466 -0.926849
v -2.306007 2.419466 -0.862206
v -2.306007 2.419466 -0.931822
v -2.298548 2.419466 -0.919391
v -2.303520 2.419466 -0.869665
v -2.303520 2.419466 -0.926849
v -2.296062 2.419466 -0.911932
v -2.298548 2.419466 -0.874638
v -2.298548 2.419466 -0.919391
v -2.296062 2.419466 -0.904473
v -2.296062 2.419466 -0.884583
v -2.296062 2.419466 -0.911932
v -2.296062 2.419466 -0.892042
v -2.296062 2.419466 -0.884583
v -2.296062 2.419466 -0.904473
v -2.296062 2.419466 -0.897014
v -2.296062 2.419466 -0.892042
v -2.296062 2.419466 -0.904473
v -2.353247 2.419466 -0.959171
v -2.348274 2.419466 -0.959171
v -2.358219 2.419466 -0.959171
v -2.380594 2.419466 -0.839830
v -2.368164 2.431898 -0.829885
v -2.388054 2.419466 -0.842316
v -2.335842 2.434384 -0.822426
v -2.358219 2.419466 -0.834858
v -2.348274 2.419466 -0.834858
v -2.306007 2.421953 -0.857234
v -2.310980 2.419466 -0.854748
v -2.306007 2.419466 -0.862206
v -2.393026 2.419466 -0.949226
v -2.373137 2.431898 -0.939281
v -2.388054 2.419466 -0.951712
v -2.358219 2.419466 -0.834858
v -2.358219 2.421953 -0.834858
v -2.365677 2.419466 -0.834858
v -2.393026 2.429411 -0.849775
v -2.393026 2.431898 -0.849775
v -2.410431 2.419466 -0.862206
v -1.823673 2.852076 -0.476836
v -2.412916 2.421953 -0.869665
v -2.412916 2.419466 -0.867179
v -2.412916 2.421953 -0.869665
v -1.943012 2.767543 -0.558883
v -2.415403 2.419466 -0.874638
v -2.393026 2.431898 -0.852261
v -1.823673 2.852076 -0.476836
v -2.412916 2.419466 -0.867179
v -1.943012 2.767543 -0.558883
v -2.412916 2.424439 -0.874638
v -2.415403 2.419466 -0.874638
v -2.301035 2.434384 -0.934308
v -2.315952 2.419466 -0.944253
v -2.323410 2.419466 -0.949226
v -2.400486 2.419466 -0.849775
v -2.393026 2.426925 -0.847289
v -2.405458 2.419466 -0.857234
v -2.393026 2.426925 -0.847289
v -2.393026 2.426925 -0.847289
v -2.405458 2.419466 -0.857234
v -2.393026 2.426925 -0.847289
v -2.393026 2.429411 -0.849775
v -2.405458 2.419466 -0.857234
v -2.393026 2.424439 -0.844803
v -2.393026 2.426925 -0.847289
v -2.400486 2.419466 -0.849775
v -2.393026 2.419466 -0.847289
v -2.393026 2.424439 -0.844803
v -2.400486 2.419466 -0.849775
v -2.388054 2.419466 -0.842316
v -2.390539 2.419466 -0.844803
v -2.393026 2.419466 -0.847289
v -2.405458 2.419466 -0.857234
v -2.393026 2.429411 -0.849775
v -2.410431 2.419466 -0.862206
v -2.420376 2.419466 -0.897014
v -2.405458 2.431898 -0.892042
v -2.420376 2.419466 -0.904473
v -2.420376 2.419466 -0.904473
v -2.402971 2.431898 -0.897014
v -2.417889 2.419466 -0.911932
v -2.415403 2.419466 -0.919391
v -2.393026 2.436870 -0.909445
v -2.412916 2.419466 -0.926849
v -2.380594 2.419466 -0.956684
v -2.365677 2.429411 -0.949226
v -2.373137 2.419466 -0.959171
v -2.388054 2.419466 -0.951712
v -2.370649 2.429411 -0.944253
v -2.380594 2.419466 -0.956684
v -2.373137 2.419466 -0.959171
v -2.360704 2.426925 -0.954198
v -2.365677 2.419466 -0.959171
v -2.365677 2.419466 -0.959171
v -2.355732 2.424439 -0.956684
v -2.358219 2.419466 -0.959171
v -2.328384 2.431898 -0.949226
v -2.328384 2.429411 -0.949226
v -2.343302 2.419466 -0.959171
v -2.328384 2.431898 -0.949226
v -2.343302 2.419466 -0.959171
v -2.348274 2.419466 -0.959171
v -2.325897 2.429411 -0.949226
v -2.325897 2.426925 -0.949226
v -2.335842 2.419466 -0.956684
v -2.325897 2.429411 -0.949226
v -2.335842 2.419466 -0.956684
v -2.343302 2.419466 -0.959171
v -2.328384 2.429411 -0.949226
v -2.325897 2.429411 -0.949226
v -2.343302 2.419466 -0.959171
v -2.325897 2.426925 -0.949226
v -2.323410 2.424439 -0.949226
v -2.335842 2.419466 -0.956684
v -2.323410 2.424439 -0.949226
v -2.328384 2.419466 -0.951712
v -2.335842 2.419466 -0.956684
v -2.323410 2.424439 -0.949226
v -2.323410 2.419466 -0.949226
v -2.328384 2.419466 -0.951712
v -2.323410 2.424439 -0.949226
v -2.323410 2.424439 -0.949226
v -2.328384 2.419466 -0.951712
v -2.298548 2.424439 -0.926849
v -2.303520 2.419466 -0.926849
v -2.306007 2.419466 -0.931822
v -2.298548 2.426925 -0.929336
v -2.306007 2.419466 -0.931822
v -2.310980 2.419466 -0.939281
v -2.301035 2.429411 -0.931822
v -2.310980 2.419466 -0.939281
v -2.315952 2.419466 -0.944253
v -2.301035 2.421953 -0.921877
v -2.298548 2.419466 -0.919391
v -2.303520 2.419466 -0.926849
v -2.281145 2.431898 -0.904473
v -2.296062 2.419466 -0.911932
v -2.298548 2.419466 -0.919391
v -2.283630 2.429411 -0.899500
v -2.296062 2.419466 -0.904473
v -2.296062 2.419466 -0.911932
v -2.283630 2.429411 -0.899500
v -2.283630 2.429411 -0.894528
v -2.296062 2.419466 -0.904473
v -2.410431 2.419466 -0.931822
v -2.388054 2.434384 -0.921877
v -2.405458 2.419466 -0.939281
v -2.417889 2.419466 -0.911932
v -2.397999 2.434384 -0.904473
v -2.415403 2.419466 -0.919391
v -2.420376 2.419466 -0.889555
v -2.407944 2.429411 -0.884583
v -2.420376 2.419466 -0.897014
v -2.393026 2.431898 -0.849775
v -2.393026 2.431898 -0.852261
v -2.410431 2.419466 -0.862206
v -2.410431 2.419466 -0.862206
v -2.393026 2.431898 -0.852261
v -2.412916 2.419466 -0.867179
v -2.412916 2.419466 -0.867179
v -2.412916 2.421953 -0.869665
v -2.415403 2.419466 -0.874638
v -2.415403 2.419466 -0.874638
v -2.412916 2.424439 -0.874638
v -2.417889 2.419466 -0.882097
v -2.417889 2.419466 -0.882097
v -2.410431 2.426925 -0.879610
v -2.420376 2.419466 -0.889555
v -1.813726 2.862021 -0.476836
v -2.417889 2.419466 -0.882097
v -2.412916 2.424439 -0.874638
v -2.365677 2.419466 -0.834858
v -2.363192 2.424439 -0.832371
v -2.373137 2.419466 -0.837344
v -2.330870 2.429411 -0.827399
v -2.348274 2.419466 -0.834858
v -2.340815 2.419466 -0.837344
v -2.325897 2.429411 -0.832371
v -2.340815 2.419466 -0.837344
v -2.335842 2.419466 -0.839830
v -2.323410 2.426925 -0.834858
v -2.325897 2.429411 -0.832371
v -2.335842 2.419466 -0.839830
v -2.318438 2.424439 -0.839830
v -2.328384 2.419466 -0.842316
v -2.323410 2.419466 -0.844803
v -2.328384 2.419466 -0.842316
v -2.323410 2.426925 -0.834858
v -2.335842 2.419466 -0.839830
v -2.315952 2.424439 -0.844803
v -2.323410 2.419466 -0.844803
v -2.315952 2.419466 -0.849775
v -2.310980 2.421953 -0.849775
v -2.315952 2.419466 -0.849775
v -2.310980 2.419466 -0.854748
v -2.301035 2.421953 -0.862206
v -2.306007 2.419466 -0.862206
v -2.303520 2.419466 -0.869665
v -2.296062 2.421953 -0.869665
v -2.303520 2.419466 -0.869665
v -2.298548 2.419466 -0.874638
v -2.293575 2.424439 -0.877124
v -2.298548 2.419466 -0.874638
v -2.296062 2.419466 -0.884583
v -2.288603 2.424439 -0.884583
v -2.296062 2.419466 -0.884583
v -2.296062 2.419466 -0.892042
v -2.283630 2.429411 -0.892042
v -2.286118 2.426925 -0.889555
v -2.296062 2.419466 -0.897014
v -2.283630 2.429411 -0.892042
v -2.296062 2.419466 -0.897014
v -2.296062 2.419466 -0.904473
v -2.283630 2.429411 -0.894528
v -2.283630 2.429411 -0.892042
v -2.296062 2.419466 -0.904473
v -2.286118 2.426925 -0.889555
v -2.296062 2.419466 -0.892042
v -2.296062 2.419466 -0.897014
v -2.400486 2.419466 -0.944253
v -2.380594 2.434384 -0.934308
v -2.393026 2.419466 -0.949226
v -2.405458 2.419466 -0.939281
v -2.383081 2.434384 -0.926849
v -2.400486 2.419466 -0.944253
v -2.373137 2.419466 -0.837344
v -2.365677 2.426925 -0.829885
v -2.380594 2.419466 -0.839830
v -4.876801 1.999288 -0.772701
v -4.876801 -2.001106 -0.772701
v -4.876801 -2.001106 -0.897014
v -4.876801 1.999288 -0.897014
v -4.876801 1.999288 -0.772701
v -4.876801 -2.001106 -0.897014
v -4.876801 -2.001106 -0.772701
v -9.235218 -2.001106 -0.897014
v -4.876801 -2.001106 -0.897014
v -4.876801 -2.001106 -0.772701
v -9.235218 -2.001106 -0.772701
v -9.235218 -2.001106 -0.897014
v -5.640084 0.271336 -0.897014
v -5.117969 0.271336 -0.897014
v -5.117969 -0.273154 -0.897014
v -5.640084 -0.273154 -0.897014
v -5.640084 0.271336 -0.897014
v -5.117969 -0.273154 -0.897014
v -5.640084 0.271336 -0.897014
v -5.640084 -0.273154 -0.897014
v -6.008051 -1.295007 -0.897014
v -6.008051 -1.295007 -0.897014
v -5.640084 -0.273154 -0.897014
v -5.640084 -1.295007 -0.897014
v -6.008051 1.295677 -0.897014
v -5.640084 0.271336 -0.897014
v -6.008051 -1.295007 -0.897014
v -6.008051 1.295677 -0.897014
v -5.640084 1.295677 -0.897014
v -5.640084 0.271336 -0.897014
v -9.235218 1.999288 -0.897014
v -8.725534 0.930197 -0.897014
v -9.235218 -2.001106 -0.897014
v -8.725534 0.930197 -0.897014
v -8.725534 -0.929527 -0.897014
v -9.235218 -2.001106 -0.897014
v -8.725534 -0.929527 -0.897014
v -8.248172 -0.929527 -0.897014
v -7.808104 -1.295007 -0.897014
v -8.725534 -0.929527 -0.897014
v -7.808104 -1.295007 -0.897014
v -9.235218 -2.001106 -0.897014
v -9.235218 -2.001106 -0.897014
v -7.808104 -1.295007 -0.897014
v -4.876801 -2.001106 -0.897014
v -7.808104 -1.295007 -0.897014
v -6.008051 -1.295007 -0.897014
v -4.876801 -2.001106 -0.897014
v -6.008051 -1.295007 -0.897014
v -5.640084 -1.295007 -0.897014
v -4.876801 -2.001106 -0.897014
v -5.640084 -1.295007 -0.897014
v -5.117969 -1.295007 -0.897014
v -4.876801 -2.001106 -0.897014
v -5.117969 -1.295007 -0.897014
v -5.117969 -0.273154 -0.897014
v -4.876801 -2.001106 -0.897014
v -5.117969 -0.273154 -0.897014
v -5.117969 0.271336 -0.897014
v -4.876801 -2.001106 -0.897014
v -5.117969 0.271336 -0.897014
v -4.876801 1.999288 -0.897014
v -4.876801 -2.001106 -0.897014
v -5.117969 1.295677 -0.897014
v -4.876801 1.999288 -0.897014
v -5.117969 0.271336 -0.897014
v -5.640084 1.295677 -0.897014
v -4.876801 1.999288 -0.897014
v -5.117969 1.295677 -0.897014
v -6.008051 1.295677 -0.897014
v -4.876801 1.999288 -0.897014
v -5.640084 1.295677 -0.897014
v -7.808104 1.295677 -0.897014
v -4.876801 1.999288 -0.897014
v -6.008051 1.295677 -0.897014
v -9.235218 1.999288 -0.897014
v -4.876801 1.999288 -0.897014
v -7.808104 1.295677 -0.897014
v -9.235218 1.999288 -0.897014
v -7.808104 1.295677 -0.897014
v -8.725534 0.930197 -0.897014
v -8.725534 0.930197 -0.897014
v -7.808104 1.295677 -0.897014
v -8.248172 0.930197 -0.897014
v -8.248172 0.930197 -0.897014
v -7.808104 1.295677 -0.897014
v -7.808104 -1.295007 -0.897014
v -8.248172 -0.929527 -0.897014
v -8.248172 0.930197 -0.897014
v -7.808104 -1.295007 -0.897014
v -5.117969 -1.295007 -0.772701
v -5.117969 -0.273154 -0.897014
v -5.117969 -1.295007 -0.897014
v -5.117969 -1.295007 -0.772701
v -5.117969 -0.273154 -0.772701
v -5.117969 -0.273154 -0.897014
v -5.640084 -1.295007 -0.897014
v -5.640084 -1.295007 -0.772701
v -5.117969 -1.295007 -0.897014
v -5.640084 -1.295007 -0.772701
v -5.117969 -1.295007 -0.772701
v -5.117969 -1.295007 -0.897014
v -5.640084 -0.273154 -0.897014
v -5.640084 -0.273154 -0.772701
v -5.640084 -1.295007 -0.897014
v -5.640084 -0.273154 -0.772701
v -5.640084 -1.295007 -0.772701
v -5.640084 -1.295007 -0.897014
v -5.117969 -0.273154 -0.772701
v -5.640084 -0.273154 -0.897014
v -5.117969 -0.273154 -0.897014
v -5.117969 -0.273154 -0.772701
v -5.640084 -0.273154 -0.772701
v -5.640084 -0.273154 -0.897014
v -5.117969 0.271336 -0.772701
v -5.117969 1.295677 -0.897014
v -5.117969 0.271336 -0.897014
v -5.117969 0.271336 -0.772701
v -5.117969 1.295677 -0.772701
v -5.117969 1.295677 -0.897014
v -5.640084 0.271336 -0.897014
v -5.640084 0.271336 -0.772701
v -5.117969 0.271336 -0.897014
v -5.640084 0.271336 -0.772701
v -5.117969 0.271336 -0.772701
v -5.117969 0.271336 -0.897014
v -5.640084 1.295677 -0.897014
v -5.640084 1.295677 -0.772701
v -5.640084 0.271336 -0.897014
v -5.640084 1.295677 -0.772701
v -5.640084 0.271336 -0.772701
v -5.640084 0.271336 -0.897014
v -5.117969 1.295677 -0.772701
v -5.640084 1.295677 -0.897014
v -5.117969 1.295677 -0.897014
v -5.117969 1.295677 -0.772701
v -5.640084 1.295677 -0.772701
v -5.640084 1.295677 -0.897014
v -6.008051 -1.295007 -0.772701
v -6.008051 1.295677 -0.897014
v -6.008051 -1.295007 -0.897014
v -6.008051 -1.295007 -0.772701
v -6.008051 1.295677 -0.772701
v -6.008051 1.295677 -0.897014
v -7.808104 -1.295007 -0.897014
v -7.808104 -1.295007 -0.772701
v -6.008051 -1.295007 -0.897014
v -7.808104 -1.295007 -0.772701
v -6.008051 -1.295007 -0.772701
v -6.008051 -1.295007 -0.897014
v -7.808104 1.295677 -0.897014
v -7.808104 1.295677 -0.772701
v -7.808104 -1.295007 -0.897014
v -7.808104 1.295677 -0.772701
v -7.808104 -1.295007 -0.772701
v -7.808104 -1.295007 -0.897014
v -6.008051 1.295677 -0.772701
v -7.808104 1.295677 -0.897014
v -6.008051 1.295677 -0.897014
v -6.008051 1.295677 -0.772701
v -7.808104 1.295677 -0.772701
v -7.808104 1.295677 -0.897014
v -8.248172 -0.929527 -0.772701
v -8.248172 0.930197 -0.897014
v -8.248172 -0.929527 -0.897014
v -8.248172 -0.929527 -0.772701
v -8.248172 0.930197 -0.772701
v -8.248172 0.930197 -0.897014
v -8.725534 -0.929527 -0.897014
v -8.248172 -0.929527 -0.772701
v -8.248172 -0.929527 -0.897014
v -8.725534 -0.929527 -0.772701
v -8.248172 -0.929527 -0.772701
v -8.725534 -0.929527 -0.897014
v -8.725534 0.930197 -0.897014
v -8.725534 0.930197 -0.772701
v -8.725534 -0.929527 -0.897014
v -8.725534 0.930197 -0.772701
v -8.725534 -0.929527 -0.772701
v -8.725534 -0.929527 -0.897014
v -8.725534 0.930197 -0.772701
v -8.725534 0.930197 -0.897014
v -8.248172 0.930197 -0.897014
v -8.248172 0.930197 -0.772701
v -8.725534 0.930197 -0.772701
v -8.248172 0.930197 -0.897014
v -8.725534 -0.929527 -0.772701
v -8.725534 0.930197 -0.772701
v -9.235218 -2.001106 -0.772701
v -6.008051 -1.295007 -0.772701
v -7.808104 -1.295007 -0.772701
v -4.876801 -2.001106 -0.772701
v -5.640084 0.271336 -0.772701
v -6.008051 1.295677 -0.772701
v -6.008051 -1.295007 -0.772701
v -5.640084 1.295677 -0.772701
v -6.008051 1.295677 -0.772701
v -5.640084 0.271336 -0.772701
v -5.117969 -0.273154 -0.772701
v -5.117969 -1.295007 -0.772701
v -4.876801 -2.001106 -0.772701
v -5.117969 -1.295007 -0.772701
v -5.640084 -1.295007 -0.772701
v -4.876801 -2.001106 -0.772701
v -7.808104 1.295677 -0.772701
v -9.235218 1.999288 -0.772701
v -8.725534 0.930197 -0.772701
v -8.725534 0.930197 -0.772701
v -9.235218 1.999288 -0.772701
v -9.235218 -2.001106 -0.772701
v -7.808104 1.295677 -0.772701
v -8.725534 0.930197 -0.772701
v -8.248172 0.930197 -0.772701
v -7.808104 1.295677 -0.772701
v -8.248172 0.930197 -0.772701
v -7.808104 -1.295007 -0.772701
v -8.248172 0.930197 -0.772701
v -8.248172 -0.929527 -0.772701
v -7.808104 -1.295007 -0.772701
v -7.808104 -1.295007 -0.772701
v -8.248172 -0.929527 -0.772701
v -9.235218 -2.001106 -0.772701
v -8.248172 -0.929527 -0.772701
v -8.725534 -0.929527 -0.772701
v -9.235218 -2.001106 -0.772701
v -7.808104 -1.295007 -0.772701
v -9.235218 -2.001106 -0.772701
v -4.876801 -2.001106 -0.772701
v -5.640084 -1.295007 -0.772701
v -6.008051 -1.295007 -0.772701
v -4.876801 -2.001106 -0.772701
v -5.640084 -0.273154 -0.772701
v -6.008051 -1.295007 -0.772701
v -5.640084 -1.295007 -0.772701
v -5.640084 -0.273154 -0.772701
v -5.640084 0.271336 -0.772701
v -6.008051 -1.295007 -0.772701
v -5.117969 0.271336 -0.772701
v -5.640084 0.271336 -0.772701
v -5.640084 -0.273154 -0.772701
v -5.117969 0.271336 -0.772701
v -5.640084 -0.273154 -0.772701
v -5.117969 -0.273154 -0.772701
v -5.117969 0.271336 -0.772701
v -5.117969 -0.273154 -0.772701
v -4.876801 -2.001106 -0.772701
v -4.876801 1.999288 -0.772701
v -5.117969 0.271336 -0.772701
v -4.876801 -2.001106 -0.772701
v -4.876801 1.999288 -0.772701
v -7.808104 1.295677 -0.772701
v -6.008051 1.295677 -0.772701
v -4.876801 1.999288 -0.772701
v -9.235218 1.999288 -0.772701
v -7.808104 1.295677 -0.772701
v -4.876801 1.999288 -0.772701
v -5.640084 1.295677 -0.772701
v -5.117969 1.295677 -0.772701
v -4.876801 1.999288 -0.772701
v -5.117969 1.295677 -0.772701
v -5.117969 0.271336 -0.772701
v -4.876801 1.999288 -0.772701
v -6.008051 1.295677 -0.772701
v -5.640084 1.295677 -0.772701
v -9.235218 -1.481477 -0.775187
v -9.235218 1.519440 -0.775187
v -9.235218 1.519440 -0.894528
v -9.235218 1.519440 -0.894528
v -9.235218 1.999288 -0.894528
v -9.235218 1.999288 -0.897014
v -9.235218 1.519440 -0.894528
v -9.235218 1.999288 -0.897014
v -9.235218 -2.001106 -0.897014
v -9.235218 -1.481477 -0.894528
v -9.235218 1.519440 -0.894528
v -9.235218 -2.001106 -0.897014
v -9.235218 -2.001106 -0.772701
v -9.235218 1.999288 -0.772701
v -9.235218 -1.481477 -0.775187
v -9.235218 -2.001106 -0.772701
v -9.235218 -1.481477 -0.775187
v -9.235218 -1.981216 -0.775187
v -9.235218 -2.001106 -0.772701
v -9.235218 -1.981216 -0.775187
v -9.235218 -2.001106 -0.897014
v -9.235218 -1.981216 -0.775187
v -9.235218 -1.981216 -0.894528
v -9.235218 -2.001106 -0.897014
v -9.235218 -1.981216 -0.894528
v -9.235218 -1.481477 -0.894528
v -9.235218 -2.001106 -0.897014
v -9.235218 -1.481477 -0.775187
v -9.235218 1.519440 -0.894528
v -9.235218 -1.481477 -0.894528
v -9.235218 1.999288 -0.772701
v -9.235218 1.519440 -0.775187
v -9.235218 -1.481477 -0.775187
v -9.235218 1.999288 -0.772701
v -9.235218 1.999288 -0.775187
v -9.235218 1.519440 -0.775187
v -9.317265 -1.481477 -0.839830
v -9.297375 -1.481477 -0.790105
v -9.314778 -1.481477 -0.847289
v -9.314778 -1.481477 -0.822426
v -9.314778 -1.481477 -0.817454
v -9.317265 -1.481477 -0.832371
v -9.314778 -1.481477 -0.817454
v -9.312292 -1.481477 -0.809995
v -9.317265 -1.481477 -0.832371
v -9.317265 -1.481477 -0.832371
v -9.312292 -1.481477 -0.809995
v -9.317265 -1.481477 -0.839830
v -9.312292 -1.481477 -0.809995
v -9.307320 -1.481477 -0.802536
v -9.317265 -1.481477 -0.839830
v -9.307320 -1.481477 -0.802536
v -9.302347 -1.481477 -0.795077
v -9.317265 -1.481477 -0.839830
v -9.302347 -1.481477 -0.795077
v -9.297375 -1.481477 -0.790105
v -9.317265 -1.481477 -0.839830
v -9.297375 -1.481477 -0.790105
v -9.292402 -1.481477 -0.785132
v -9.314778 -1.481477 -0.847289
v -9.314778 -1.481477 -0.847289
v -9.292402 -1.481477 -0.785132
v -9.314778 -1.481477 -0.854748
v -9.292402 -1.481477 -0.785132
v -9.284944 -1.481477 -0.780160
v -9.314778 -1.481477 -0.854748
v -9.312292 -1.481477 -0.859720
v -9.284944 -1.481477 -0.780160
v -9.307320 -1.481477 -0.867179
v -9.314778 -1.481477 -0.854748
v -9.284944 -1.481477 -0.780160
v -9.312292 -1.481477 -0.859720
v -9.284944 -1.481477 -0.780160
v -9.279971 -1.481477 -0.777674
v -9.307320 -1.481477 -0.867179
v -9.307320 -1.481477 -0.867179
v -9.279971 -1.481477 -0.777674
v -9.302347 -1.481477 -0.874638
v -9.302347 -1.481477 -0.874638
v -9.279971 -1.481477 -0.777674
v -9.297375 -1.481477 -0.879610
v -9.279971 -1.481477 -0.777674
v -9.272511 -1.481477 -0.775187
v -9.297375 -1.481477 -0.879610
v -9.292402 -1.481477 -0.884583
v -9.272511 -1.481477 -0.775187
v -9.284944 -1.481477 -0.889555
v -9.297375 -1.481477 -0.879610
v -9.272511 -1.481477 -0.775187
v -9.292402 -1.481477 -0.884583
v -9.272511 -1.481477 -0.775187
v -9.265053 -1.481477 -0.772701
v -9.284944 -1.481477 -0.889555
v -9.284944 -1.481477 -0.889555
v -9.265053 -1.481477 -0.772701
v -9.279971 -1.481477 -0.892042
v -9.279971 -1.481477 -0.892042
v -9.265053 -1.481477 -0.772701
v -9.272511 -1.481477 -0.894528
v -9.272511 -1.481477 -0.894528
v -9.265053 -1.481477 -0.772701
v -9.265053 -1.481477 -0.897014
v -9.265053 -1.481477 -0.897014
v -9.265053 -1.481477 -0.772701
v -9.257594 -1.481477 -0.897014
v -9.265053 -1.481477 -0.772701
v -9.250135 -1.481477 -0.897014
v -9.257594 -1.481477 -0.897014
v -9.265053 -1.481477 -0.772701
v -9.242677 -1.481477 -0.897014
v -9.250135 -1.481477 -0.897014
v -9.265053 -1.481477 -0.772701
v -9.235218 -1.481477 -0.894528
v -9.242677 -1.481477 -0.897014
v -9.265053 -1.481477 -0.772701
v -9.257594 -1.481477 -0.772701
v -9.235218 -1.481477 -0.894528
v -9.257594 -1.481477 -0.772701
v -9.250135 -1.481477 -0.772701
v -9.235218 -1.481477 -0.894528
v -9.250135 -1.481477 -0.772701
v -9.242677 -1.481477 -0.772701
v -9.235218 -1.481477 -0.894528
v -9.242677 -1.481477 -0.772701
v -9.235218 -1.481477 -0.775187
v -9.235218 -1.481477 -0.894528
v -9.235218 -1.481477 -0.894528
v -9.240191 -1.531202 -0.894528
v -9.242677 -1.481477 -0.897014
v -9.240191 -1.931491 -0.894528
v -9.235218 -1.981216 -0.894528
v -9.242677 -1.981216 -0.897014
v -9.247649 -1.531202 -0.897014
v -9.240191 -1.931491 -0.894528
v -9.247649 -1.931491 -0.897014
v -9.277485 -1.931491 -0.894528
v -9.270025 -1.531202 -0.894528
v -9.270025 -1.931491 -0.894528
v -9.277485 -1.931491 -0.894528
v -9.277485 -1.531202 -0.894528
v -9.270025 -1.531202 -0.894528
v -9.289916 -1.531202 -0.887069
v -9.282457 -1.531202 -0.889555
v -9.282457 -1.931491 -0.889555
v -9.294888 -1.931491 -0.882097
v -9.289916 -1.531202 -0.887069
v -9.289916 -1.931491 -0.887069
v -9.299861 -1.931491 -0.877124
v -9.294888 -1.531202 -0.882097
v -9.294888 -1.931491 -0.882097
v -9.299861 -1.931491 -0.877124
v -9.299861 -1.531202 -0.877124
v -9.294888 -1.531202 -0.882097
v -9.304833 -1.931491 -0.869665
v -9.304833 -1.531202 -0.869665
v -9.299861 -1.931491 -0.877124
v -9.309806 -1.931491 -0.864693
v -9.309806 -1.531202 -0.864693
v -9.304833 -1.931491 -0.869665
v -9.317265 -1.531202 -0.834858
v -9.317265 -1.531202 -0.842316
v -9.317265 -1.931491 -0.842316
v -9.317265 -1.931491 -0.827399
v -9.317265 -1.531202 -0.834858
v -9.317265 -1.931491 -0.834858
v -9.314778 -1.931491 -0.819940
v -9.317265 -1.531202 -0.827399
v -9.317265 -1.931491 -0.827399
v -9.314778 -1.931491 -0.819940
v -9.314778 -1.531202 -0.819940
v -9.317265 -1.531202 -0.827399
v -9.312292 -1.931491 -0.812481
v -9.312292 -1.531202 -0.812481
v -9.314778 -1.531202 -0.819940
v -9.309806 -1.931491 -0.805022
v -9.309806 -1.531202 -0.805022
v -9.312292 -1.931491 -0.812481
v -9.304833 -1.931491 -0.800050
v -9.304833 -1.531202 -0.800050
v -9.309806 -1.531202 -0.805022
v -9.299861 -1.931491 -0.792591
v -9.299861 -1.531202 -0.792591
v -9.304833 -1.531202 -0.800050
v -9.294888 -1.931491 -0.787619
v -9.294888 -1.531202 -0.787619
v -9.299861 -1.531202 -0.792591
v -9.262567 -1.931491 -0.772701
v -9.262567 -1.531202 -0.772701
v -9.270025 -1.531202 -0.775187
v -9.255108 -1.931491 -0.772701
v -9.250135 -1.981216 -0.772701
v -9.247649 -1.931491 -0.772701
v -9.255108 -1.931491 -0.772701
v -9.255108 -1.531202 -0.772701
v -9.262567 -1.931491 -0.772701
v -9.257594 -1.981216 -0.772701
v -9.255108 -1.931491 -0.772701
v -9.262567 -1.931491 -0.772701
v -9.255108 -1.931491 -0.772701
v -9.257594 -1.981216 -0.772701
v -9.250135 -1.981216 -0.772701
v -9.247649 -1.931491 -0.772701
v -9.250135 -1.981216 -0.772701
v -9.242677 -1.981216 -0.772701
v -9.247649 -1.931491 -0.772701
v -9.242677 -1.981216 -0.772701
v -9.240191 -1.931491 -0.775187
v -9.240191 -1.931491 -0.775187
v -9.242677 -1.981216 -0.772701
v -9.235218 -1.981216 -0.775187
v -9.247649 -1.531202 -0.772701
v -9.255108 -1.531202 -0.772701
v -9.247649 -1.931491 -0.772701
v -9.282457 -1.931491 -0.780160
v -9.282457 -1.531202 -0.780160
v -9.289916 -1.931491 -0.782646
v -9.277485 -1.931491 -0.777674
v -9.282457 -1.531202 -0.780160
v -9.282457 -1.931491 -0.780160
v -9.270025 -1.531202 -0.775187
v -9.277485 -1.531202 -0.777674
v -9.277485 -1.931491 -0.777674
v -9.277485 -1.931491 -0.777674
v -9.277485 -1.531202 -0.777674
v -9.282457 -1.531202 -0.780160
v -9.255108 -1.531202 -0.772701
v -9.255108 -1.931491 -0.772701
v -9.247649 -1.931491 -0.772701
v -9.242677 -1.481477 -0.772701
v -9.240191 -1.531202 -0.775187
v -9.235218 -1.481477 -0.775187
v -9.240191 -1.531202 -0.775187
v -9.247649 -1.531202 -0.772701
v -9.240191 -1.931491 -0.775187
v -9.240191 -1.531202 -0.775187
v -9.240191 -1.931491 -0.775187
v -9.235218 -1.481477 -0.775187
v -9.242677 -1.481477 -0.772701
v -9.247649 -1.531202 -0.772701
v -9.240191 -1.531202 -0.775187
v -9.250135 -1.481477 -0.772701
v -9.247649 -1.531202 -0.772701
v -9.242677 -1.481477 -0.772701
v -9.250135 -1.481477 -0.772701
v -9.255108 -1.531202 -0.772701
v -9.247649 -1.531202 -0.772701
v -9.257594 -1.481477 -0.772701
v -9.255108 -1.531202 -0.772701
v -9.250135 -1.481477 -0.772701
v -9.255108 -1.531202 -0.772701
v -9.257594 -1.481477 -0.772701
v -9.262567 -1.531202 -0.772701
v -9.262567 -1.531202 -0.772701
v -9.257594 -1.481477 -0.772701
v -9.265053 -1.481477 -0.772701
v -9.235218 -1.481477 -0.775187
v -9.240191 -1.931491 -0.775187
v -9.235218 -1.981216 -0.775187
v -9.262567 -1.531202 -0.772701
v -9.265053 -1.481477 -0.772701
v -9.270025 -1.531202 -0.775187
v -9.270025 -1.531202 -0.775187
v -9.265053 -1.481477 -0.772701
v -9.272511 -1.481477 -0.775187
v -9.289916 -1.531202 -0.782646
v -9.284944 -1.481477 -0.780160
v -9.292402 -1.481477 -0.785132
v -9.289916 -1.531202 -0.782646
v -9.292402 -1.481477 -0.785132
v -9.294888 -1.531202 -0.787619
v -9.294888 -1.531202 -0.787619
v -9.292402 -1.481477 -0.785132
v -9.297375 -1.481477 -0.790105
v -9.289916 -1.531202 -0.782646
v -9.294888 -1.531202 -0.787619
v -9.294888 -1.931491 -0.787619
v -9.294888 -1.531202 -0.787619
v -9.297375 -1.481477 -0.790105
v -9.299861 -1.531202 -0.792591
v -9.299861 -1.531202 -0.792591
v -9.297375 -1.481477 -0.790105
v -9.302347 -1.481477 -0.795077
v -9.289916 -1.931491 -0.782646
v -9.289916 -1.531202 -0.782646
v -9.294888 -1.931491 -0.787619
v -9.299861 -1.531202 -0.792591
v -9.302347 -1.481477 -0.795077
v -9.304833 -1.531202 -0.800050
v -9.304833 -1.531202 -0.800050
v -9.302347 -1.481477 -0.795077
v -9.307320 -1.481477 -0.802536
v -9.294888 -1.931491 -0.787619
v -9.299861 -1.531202 -0.792591
v -9.299861 -1.931491 -0.792591
v -9.304833 -1.531202 -0.800050
v -9.307320 -1.481477 -0.802536
v -9.309806 -1.531202 -0.805022
v -9.309806 -1.531202 -0.805022
v -9.307320 -1.481477 -0.802536
v -9.312292 -1.481477 -0.809995
v -9.309806 -1.531202 -0.805022
v -9.312292 -1.481477 -0.809995
v -9.312292 -1.531202 -0.812481
v -9.312292 -1.531202 -0.812481
v -9.312292 -1.481477 -0.809995
v -9.314778 -1.481477 -0.817454
v -9.299861 -1.931491 -0.792591
v -9.304833 -1.531202 -0.800050
v -9.304833 -1.931491 -0.800050
v -9.309806 -1.531202 -0.805022
v -9.312292 -1.531202 -0.812481
v -9.312292 -1.931491 -0.812481
v -9.312292 -1.531202 -0.812481
v -9.314778 -1.481477 -0.817454
v -9.314778 -1.531202 -0.819940
v -9.314778 -1.531202 -0.819940
v -9.314778 -1.481477 -0.817454
v -9.314778 -1.481477 -0.822426
v -9.304833 -1.931491 -0.800050
v -9.309806 -1.531202 -0.805022
v -9.309806 -1.931491 -0.805022
v -9.312292 -1.931491 -0.812481
v -9.314778 -1.531202 -0.819940
v -9.314778 -1.931491 -0.819940
v -9.314778 -1.531202 -0.819940
v -9.314778 -1.481477 -0.822426
v -9.317265 -1.531202 -0.827399
v -9.317265 -1.531202 -0.827399
v -9.314778 -1.481477 -0.822426
v -9.317265 -1.481477 -0.832371
v -9.317265 -1.531202 -0.827399
v -9.317265 -1.481477 -0.832371
v -9.317265 -1.531202 -0.834858
v -9.317265 -1.531202 -0.834858
v -9.317265 -1.481477 -0.832371
v -9.317265 -1.481477 -0.839830
v -9.312292 -1.531202 -0.857234
v -9.314778 -1.481477 -0.854748
v -9.312292 -1.481477 -0.859720
v -9.312292 -1.531202 -0.857234
v -9.312292 -1.481477 -0.859720
v -9.309806 -1.531202 -0.864693
v -9.309806 -1.531202 -0.864693
v -9.312292 -1.481477 -0.859720
v -9.307320 -1.481477 -0.867179
v -9.309806 -1.531202 -0.864693
v -9.307320 -1.481477 -0.867179
v -9.304833 -1.531202 -0.869665
v -9.304833 -1.531202 -0.869665
v -9.307320 -1.481477 -0.867179
v -9.302347 -1.481477 -0.874638
v -9.304833 -1.531202 -0.869665
v -9.302347 -1.481477 -0.874638
v -9.299861 -1.531202 -0.877124
v -9.299861 -1.531202 -0.877124
v -9.302347 -1.481477 -0.874638
v -9.297375 -1.481477 -0.879610
v -9.299861 -1.531202 -0.877124
v -9.297375 -1.481477 -0.879610
v -9.294888 -1.531202 -0.882097
v -9.294888 -1.531202 -0.882097
v -9.297375 -1.481477 -0.879610
v -9.292402 -1.481477 -0.884583
v -9.304833 -1.531202 -0.869665
v -9.299861 -1.531202 -0.877124
v -9.299861 -1.931491 -0.877124
v -9.294888 -1.531202 -0.882097
v -9.292402 -1.481477 -0.884583
v -9.289916 -1.531202 -0.887069
v -9.289916 -1.531202 -0.887069
v -9.292402 -1.481477 -0.884583
v -9.284944 -1.481477 -0.889555
v -9.289916 -1.531202 -0.887069
v -9.284944 -1.481477 -0.889555
v -9.282457 -1.531202 -0.889555
v -9.282457 -1.531202 -0.889555
v -9.284944 -1.481477 -0.889555
v -9.279971 -1.481477 -0.892042
v -9.312292 -1.931491 -0.857234
v -9.312292 -1.531202 -0.857234
v -9.309806 -1.531202 -0.864693
v -9.282457 -1.531202 -0.889555
v -9.279971 -1.481477 -0.892042
v -9.277485 -1.531202 -0.894528
v -9.277485 -1.531202 -0.894528
v -9.279971 -1.481477 -0.892042
v -9.272511 -1.481477 -0.894528
v -9.309806 -1.531202 -0.864693
v -9.304833 -1.531202 -0.869665
v -9.304833 -1.931491 -0.869665
v -9.282457 -1.531202 -0.889555
v -9.277485 -1.531202 -0.894528
v -9.277485 -1.931491 -0.894528
v -9.277485 -1.531202 -0.894528
v -9.272511 -1.481477 -0.894528
v -9.270025 -1.531202 -0.894528
v -9.270025 -1.531202 -0.894528
v -9.272511 -1.481477 -0.894528
v -9.265053 -1.481477 -0.897014
v -9.240191 -1.531202 -0.894528
v -9.235218 -1.481477 -0.894528
v -9.240191 -1.931491 -0.894528
v -9.235218 -1.481477 -0.894528
v -9.235218 -1.981216 -0.894528
v -9.240191 -1.931491 -0.894528
v -9.240191 -1.531202 -0.894528
v -9.240191 -1.931491 -0.894528
v -9.247649 -1.531202 -0.897014
v -9.242677 -1.481477 -0.897014
v -9.240191 -1.531202 -0.894528
v -9.247649 -1.531202 -0.897014
v -9.242677 -1.481477 -0.897014
v -9.247649 -1.531202 -0.897014
v -9.250135 -1.481477 -0.897014
v -9.240191 -1.931491 -0.894528
v -9.242677 -1.981216 -0.897014
v -9.247649 -1.931491 -0.897014
v -9.247649 -1.931491 -0.897014
v -9.250135 -1.981216 -0.897014
v -9.255108 -1.931491 -0.897014
v -9.250135 -1.981216 -0.897014
v -9.257594 -1.981216 -0.897014
v -9.255108 -1.931491 -0.897014
v -9.257594 -1.981216 -0.897014
v -9.262567 -1.931491 -0.897014
v -9.255108 -1.931491 -0.897014
v -9.265053 -1.981216 -0.897014
v -9.262567 -1.931491 -0.897014
v -9.257594 -1.981216 -0.897014
v -9.265053 -1.981216 -0.897014
v -9.270025 -1.931491 -0.894528
v -9.262567 -1.931491 -0.897014
v -9.272511 -1.981216 -0.894528
v -9.270025 -1.931491 -0.894528
v -9.265053 -1.981216 -0.897014
v -9.272511 -1.981216 -0.894528
v -9.277485 -1.931491 -0.894528
v -9.270025 -1.931491 -0.894528
v -9.279971 -1.981216 -0.892042
v -9.277485 -1.931491 -0.894528
v -9.272511 -1.981216 -0.894528
v -9.270025 -1.931491 -0.894528
v -9.270025 -1.531202 -0.894528
v -9.262567 -1.931491 -0.897014
v -9.279971 -1.981216 -0.892042
v -9.282457 -1.931491 -0.889555
v -9.277485 -1.931491 -0.894528
v -9.284944 -1.981216 -0.889555
v -9.282457 -1.931491 -0.889555
v -9.279971 -1.981216 -0.892042
v -9.284944 -1.981216 -0.889555
v -9.289916 -1.931491 -0.887069
v -9.282457 -1.931491 -0.889555
v -9.292402 -1.981216 -0.884583
v -9.289916 -1.931491 -0.887069
v -9.284944 -1.981216 -0.889555
v -9.289916 -1.931491 -0.887069
v -9.289916 -1.531202 -0.887069
v -9.282457 -1.931491 -0.889555
v -9.292402 -1.981216 -0.884583
v -9.294888 -1.931491 -0.882097
v -9.289916 -1.931491 -0.887069
v -9.297375 -1.981216 -0.879610
v -9.294888 -1.931491 -0.882097
v -9.292402 -1.981216 -0.884583
v -9.282457 -1.931491 -0.889555
v -9.282457 -1.531202 -0.889555
v -9.277485 -1.931491 -0.894528
v -9.294888 -1.931491 -0.882097
v -9.294888 -1.531202 -0.882097
v -9.289916 -1.531202 -0.887069
v -9.297375 -1.981216 -0.879610
v -9.299861 -1.931491 -0.877124
v -9.294888 -1.931491 -0.882097
v -9.302347 -1.981216 -0.874638
v -9.299861 -1.931491 -0.877124
v -9.297375 -1.981216 -0.879610
v -9.262567 -1.931491 -0.897014
v -9.255108 -1.531202 -0.897014
v -9.255108 -1.931491 -0.897014
v -9.255108 -1.531202 -0.897014
v -9.247649 -1.531202 -0.897014
v -9.255108 -1.931491 -0.897014
v -9.302347 -1.981216 -0.874638
v -9.304833 -1.931491 -0.869665
v -9.299861 -1.931491 -0.877124
v -9.307320 -1.981216 -0.867179
v -9.304833 -1.931491 -0.869665
v -9.302347 -1.981216 -0.874638
v -9.314778 -1.981216 -0.847289
v -9.317265 -1.931491 -0.842316
v -9.314778 -1.931491 -0.849775
v -9.317265 -1.981216 -0.839830
v -9.317265 -1.931491 -0.842316
v -9.314778 -1.981216 -0.847289
v -9.317265 -1.981216 -0.839830
v -9.317265 -1.931491 -0.834858
v -9.317265 -1.931491 -0.842316
v -9.317265 -1.981216 -0.832371
v -9.317265 -1.931491 -0.834858
v -9.317265 -1.981216 -0.839830
v -9.317265 -1.531202 -0.842316
v -9.314778 -1.531202 -0.849775
v -9.314778 -1.931491 -0.849775
v -9.314778 -1.931491 -0.849775
v -9.314778 -1.531202 -0.849775
v -9.312292 -1.531202 -0.857234
v -9.317265 -1.931491 -0.842316
v -9.317265 -1.531202 -0.842316
v -9.314778 -1.931491 -0.849775
v -9.317265 -1.931491 -0.834858
v -9.317265 -1.531202 -0.834858
v -9.317265 -1.931491 -0.842316
v -9.317265 -1.981216 -0.832371
v -9.317265 -1.931491 -0.827399
v -9.317265 -1.931491 -0.834858
v -9.314778 -1.981216 -0.822426
v -9.317265 -1.931491 -0.827399
v -9.317265 -1.981216 -0.832371
v -9.314778 -1.981216 -0.822426
v -9.314778 -1.931491 -0.819940
v -9.317265 -1.931491 -0.827399
v -9.314778 -1.981216 -0.817454
v -9.314778 -1.931491 -0.819940
v -9.314778 -1.981216 -0.822426
v -9.314778 -1.981216 -0.817454
v -9.312292 -1.931491 -0.812481
v -9.314778 -1.931491 -0.819940
v -9.312292 -1.981216 -0.809995
v -9.312292 -1.931491 -0.812481
v -9.314778 -1.981216 -0.817454
v -9.312292 -1.981216 -0.809995
v -9.309806 -1.931491 -0.805022
v -9.312292 -1.931491 -0.812481
v -9.307320 -1.981216 -0.802536
v -9.309806 -1.931491 -0.805022
v -9.312292 -1.981216 -0.809995
v -9.317265 -1.931491 -0.827399
v -9.317265 -1.531202 -0.827399
v -9.317265 -1.531202 -0.834858
v -9.307320 -1.981216 -0.802536
v -9.304833 -1.931491 -0.800050
v -9.309806 -1.931491 -0.805022
v -9.302347 -1.981216 -0.795077
v -9.304833 -1.931491 -0.800050
v -9.307320 -1.981216 -0.802536
v -9.302347 -1.981216 -0.795077
v -9.299861 -1.931491 -0.792591
v -9.304833 -1.931491 -0.800050
v -9.297375 -1.981216 -0.790105
v -9.299861 -1.931491 -0.792591
v -9.302347 -1.981216 -0.795077
v -9.272511 -1.981216 -0.775187
v -9.270025 -1.931491 -0.775187
v -9.277485 -1.931491 -0.777674
v -9.265053 -1.981216 -0.772701
v -9.270025 -1.931491 -0.775187
v -9.272511 -1.981216 -0.775187
v -9.265053 -1.981216 -0.772701
v -9.262567 -1.931491 -0.772701
v -9.270025 -1.931491 -0.775187
v -9.257594 -1.981216 -0.772701
v -9.262567 -1.931491 -0.772701
v -9.265053 -1.981216 -0.772701
v -9.262567 -1.931491 -0.772701
v -9.270025 -1.531202 -0.775187
v -9.270025 -1.931491 -0.775187
v -9.270025 -1.931491 -0.775187
v -9.270025 -1.531202 -0.775187
v -9.277485 -1.931491 -0.777674
v -9.279971 -1.981216 -0.777674
v -9.277485 -1.931491 -0.777674
v -9.282457 -1.931491 -0.780160
v -9.272511 -1.981216 -0.775187
v -9.277485 -1.931491 -0.777674
v -9.279971 -1.981216 -0.777674
v -9.247649 -1.531202 -0.772701
v -9.247649 -1.931491 -0.772701
v -9.240191 -1.931491 -0.775187
v -9.255108 -1.531202 -0.772701
v -9.262567 -1.531202 -0.772701
v -9.262567 -1.931491 -0.772701
v -9.270025 -1.531202 -0.775187
v -9.272511 -1.481477 -0.775187
v -9.277485 -1.531202 -0.777674
v -9.277485 -1.531202 -0.777674
v -9.272511 -1.481477 -0.775187
v -9.279971 -1.481477 -0.777674
v -9.277485 -1.531202 -0.777674
v -9.279971 -1.481477 -0.777674
v -9.282457 -1.531202 -0.780160
v -9.282457 -1.531202 -0.780160
v -9.279971 -1.481477 -0.777674
v -9.284944 -1.481477 -0.780160
v -9.282457 -1.531202 -0.780160
v -9.284944 -1.481477 -0.780160
v -9.289916 -1.531202 -0.782646
v -9.282457 -1.531202 -0.780160
v -9.289916 -1.531202 -0.782646
v -9.289916 -1.931491 -0.782646
v -9.284944 -1.981216 -0.780160
v -9.282457 -1.931491 -0.780160
v -9.289916 -1.931491 -0.782646
v -9.279971 -1.981216 -0.777674
v -9.282457 -1.931491 -0.780160
v -9.284944 -1.981216 -0.780160
v -9.297375 -1.981216 -0.790105
v -9.294888 -1.931491 -0.787619
v -9.299861 -1.931491 -0.792591
v -9.292402 -1.981216 -0.785132
v -9.294888 -1.931491 -0.787619
v -9.297375 -1.981216 -0.790105
v -9.292402 -1.981216 -0.785132
v -9.289916 -1.931491 -0.782646
v -9.294888 -1.931491 -0.787619
v -9.284944 -1.981216 -0.780160
v -9.289916 -1.931491 -0.782646
v -9.292402 -1.981216 -0.785132
v -9.317265 -1.531202 -0.834858
v -9.317265 -1.481477 -0.839830
v -9.317265 -1.531202 -0.842316
v -9.317265 -1.531202 -0.842316
v -9.317265 -1.481477 -0.839830
v -9.314778 -1.481477 -0.847289
v -9.317265 -1.531202 -0.842316
v -9.314778 -1.481477 -0.847289
v -9.314778 -1.531202 -0.849775
v -9.314778 -1.531202 -0.849775
v -9.314778 -1.481477 -0.847289
v -9.314778 -1.481477 -0.854748
v -9.314778 -1.531202 -0.849775
v -9.314778 -1.481477 -0.854748
v -9.312292 -1.531202 -0.857234
v -9.314778 -1.931491 -0.849775
v -9.312292 -1.531202 -0.857234
v -9.312292 -1.931491 -0.857234
v -9.314778 -1.981216 -0.854748
v -9.314778 -1.931491 -0.849775
v -9.312292 -1.931491 -0.857234
v -9.314778 -1.981216 -0.847289
v -9.314778 -1.931491 -0.849775
v -9.314778 -1.981216 -0.854748
v -9.270025 -1.531202 -0.894528
v -9.262567 -1.531202 -0.897014
v -9.262567 -1.931491 -0.897014
v -9.262567 -1.931491 -0.897014
v -9.262567 -1.531202 -0.897014
v -9.255108 -1.531202 -0.897014
v -9.307320 -1.981216 -0.867179
v -9.309806 -1.931491 -0.864693
v -9.304833 -1.931491 -0.869665
v -9.312292 -1.981216 -0.859720
v -9.309806 -1.931491 -0.864693
v -9.307320 -1.981216 -0.867179
v -9.312292 -1.981216 -0.859720
v -9.312292 -1.931491 -0.857234
v -9.309806 -1.931491 -0.864693
v -9.314778 -1.981216 -0.854748
v -9.312292 -1.931491 -0.857234
v -9.312292 -1.981216 -0.859720
v -9.312292 -1.931491 -0.857234
v -9.309806 -1.531202 -0.864693
v -9.309806 -1.931491 -0.864693
v -9.270025 -1.531202 -0.894528
v -9.265053 -1.481477 -0.897014
v -9.262567 -1.531202 -0.897014
v -9.262567 -1.531202 -0.897014
v -9.265053 -1.481477 -0.897014
v -9.257594 -1.481477 -0.897014
v -9.262567 -1.531202 -0.897014
v -9.257594 -1.481477 -0.897014
v -9.255108 -1.531202 -0.897014
v -9.257594 -1.481477 -0.897014
v -9.250135 -1.481477 -0.897014
v -9.255108 -1.531202 -0.897014
v -9.250135 -1.481477 -0.897014
v -9.247649 -1.531202 -0.897014
v -9.255108 -1.531202 -0.897014
v -9.247649 -1.531202 -0.897014
v -9.247649 -1.931491 -0.897014
v -9.255108 -1.931491 -0.897014
v -9.247649 -1.931491 -0.897014
v -9.242677 -1.981216 -0.897014
v -9.250135 -1.981216 -0.897014
v -9.265053 -1.981216 -0.772701
v -9.272511 -1.981216 -0.775187
v -9.284944 -1.981216 -0.889555
v -9.279971 -1.981216 -0.777674
v -9.284944 -1.981216 -0.780160
v -9.307320 -1.981216 -0.867179
v -9.312292 -1.981216 -0.809995
v -9.314778 -1.981216 -0.817454
v -9.317265 -1.981216 -0.832371
v -9.314778 -1.981216 -0.817454
v -9.314778 -1.981216 -0.822426
v -9.317265 -1.981216 -0.832371
v -9.312292 -1.981216 -0.809995
v -9.317265 -1.981216 -0.832371
v -9.317265 -1.981216 -0.839830
v -9.307320 -1.981216 -0.802536
v -9.312292 -1.981216 -0.809995
v -9.317265 -1.981216 -0.839830
v -9.297375 -1.981216 -0.790105
v -9.302347 -1.981216 -0.795077
v -9.317265 -1.981216 -0.839830
v -9.302347 -1.981216 -0.795077
v -9.307320 -1.981216 -0.802536
v -9.317265 -1.981216 -0.839830
v -9.297375 -1.981216 -0.790105
v -9.317265 -1.981216 -0.839830
v -9.314778 -1.981216 -0.847289
v -9.292402 -1.981216 -0.785132
v -9.297375 -1.981216 -0.790105
v -9.314778 -1.981216 -0.847289
v -9.292402 -1.981216 -0.785132
v -9.314778 -1.981216 -0.847289
v -9.314778 -1.981216 -0.854748
v -9.284944 -1.981216 -0.780160
v -9.292402 -1.981216 -0.785132
v -9.314778 -1.981216 -0.854748
v -9.284944 -1.981216 -0.780160
v -9.314778 -1.981216 -0.854748
v -9.312292 -1.981216 -0.859720
v -9.284944 -1.981216 -0.780160
v -9.312292 -1.981216 -0.859720
v -9.307320 -1.981216 -0.867179
v -9.279971 -1.981216 -0.777674
v -9.307320 -1.981216 -0.867179
v -9.302347 -1.981216 -0.874638
v -9.279971 -1.981216 -0.777674
v -9.302347 -1.981216 -0.874638
v -9.297375 -1.981216 -0.879610
v -9.272511 -1.981216 -0.775187
v -9.279971 -1.981216 -0.777674
v -9.297375 -1.981216 -0.879610
v -9.272511 -1.981216 -0.775187
v -9.297375 -1.981216 -0.879610
v -9.292402 -1.981216 -0.884583
v -9.272511 -1.981216 -0.775187
v -9.292402 -1.981216 -0.884583
v -9.284944 -1.981216 -0.889555
v -9.265053 -1.981216 -0.772701
v -9.284944 -1.981216 -0.889555
v -9.279971 -1.981216 -0.892042
v -9.265053 -1.981216 -0.772701
v -9.279971 -1.981216 -0.892042
v -9.272511 -1.981216 -0.894528
v -9.265053 -1.981216 -0.772701
v -9.272511 -1.981216 -0.894528
v -9.265053 -1.981216 -0.897014
v -9.265053 -1.981216 -0.772701
v -9.265053 -1.981216 -0.897014
v -9.257594 -1.981216 -0.897014
v -9.250135 -1.981216 -0.897014
v -9.265053 -1.981216 -0.772701
v -9.257594 -1.981216 -0.897014
v -9.242677 -1.981216 -0.897014
v -9.265053 -1.981216 -0.772701
v -9.250135 -1.981216 -0.897014
v -9.235218 -1.981216 -0.894528
v -9.265053 -1.981216 -0.772701
v -9.242677 -1.981216 -0.897014
v -9.257594 -1.981216 -0.772701
v -9.265053 -1.981216 -0.772701
v -9.235218 -1.981216 -0.894528
v -9.250135 -1.981216 -0.772701
v -9.257594 -1.981216 -0.772701
v -9.235218 -1.981216 -0.894528
v -9.242677 -1.981216 -0.772701
v -9.250135 -1.981216 -0.772701
v -9.235218 -1.981216 -0.894528
v -9.235218 -1.981216 -0.775187
v -9.242677 -1.981216 -0.772701
v -9.235218 -1.981216 -0.894528
v -9.235218 1.999288 -0.772701
v -4.876801 1.999288 -0.772701
v -9.220301 1.999288 -0.782646
v -9.235218 1.999288 -0.894528
v -9.227759 1.999288 -0.892042
v -9.235218 1.999288 -0.897014
v -9.227759 1.999288 -0.892042
v -9.220301 1.999288 -0.887069
v -9.235218 1.999288 -0.897014
v -9.235218 1.999288 -0.897014
v -9.220301 1.999288 -0.887069
v -4.876801 1.999288 -0.897014
v -9.220301 1.999288 -0.887069
v -9.215328 1.999288 -0.884583
v -4.876801 1.999288 -0.897014
v -9.215328 1.999288 -0.884583
v -9.210356 1.999288 -0.879610
v -4.876801 1.999288 -0.897014
v -9.210356 1.999288 -0.879610
v -9.205383 1.999288 -0.872151
v -4.876801 1.999288 -0.897014
v -9.205383 1.999288 -0.872151
v -9.200410 1.999288 -0.867179
v -4.876801 1.999288 -0.897014
v -9.200410 1.999288 -0.867179
v -9.197924 1.999288 -0.859720
v -4.876801 1.999288 -0.897014
v -9.197924 1.999288 -0.859720
v -9.195437 1.999288 -0.852261
v -4.876801 1.999288 -0.897014
v -9.195437 1.999288 -0.852261
v -9.192951 1.999288 -0.847289
v -4.876801 1.999288 -0.897014
v -9.192951 1.999288 -0.847289
v -9.192951 1.999288 -0.839830
v -4.876801 1.999288 -0.897014
v -9.192951 1.999288 -0.839830
v -9.192951 1.999288 -0.832371
v -4.876801 1.999288 -0.897014
v -9.192951 1.999288 -0.832371
v -4.876801 1.999288 -0.772701
v -4.876801 1.999288 -0.897014
v -9.192951 1.999288 -0.824913
v -4.876801 1.999288 -0.772701
v -9.192951 1.999288 -0.832371
v -9.195437 1.999288 -0.817454
v -4.876801 1.999288 -0.772701
v -9.192951 1.999288 -0.824913
v -9.197924 1.999288 -0.809995
v -4.876801 1.999288 -0.772701
v -9.195437 1.999288 -0.817454
v -9.200410 1.999288 -0.802536
v -4.876801 1.999288 -0.772701
v -9.197924 1.999288 -0.809995
v -9.205383 1.999288 -0.797564
v -4.876801 1.999288 -0.772701
v -9.200410 1.999288 -0.802536
v -9.210356 1.999288 -0.790105
v -4.876801 1.999288 -0.772701
v -9.205383 1.999288 -0.797564
v -9.215328 1.999288 -0.785132
v -4.876801 1.999288 -0.772701
v -9.210356 1.999288 -0.790105
v -9.220301 1.999288 -0.782646
v -4.876801 1.999288 -0.772701
v -9.215328 1.999288 -0.785132
v -9.227759 1.999288 -0.777674
v -9.235218 1.999288 -0.772701
v -9.220301 1.999288 -0.782646
v -9.235218 1.999288 -0.775187
v -9.235218 1.999288 -0.772701
v -9.227759 1.999288 -0.777674
v -9.314778 2.019179 -0.849775
v -9.317265 2.019179 -0.842316
v -9.192951 2.019179 -0.849775
v -9.312292 2.019179 -0.857234
v -9.314778 2.019179 -0.849775
v -9.195437 2.019179 -0.857234
v -9.309806 2.019179 -0.864693
v -9.312292 2.019179 -0.857234
v -9.197924 2.019179 -0.864693
v -9.304833 2.019179 -0.869665
v -9.309806 2.019179 -0.864693
v -9.202897 2.019179 -0.869665
v -9.312292 2.019179 -0.812481
v -9.309806 2.019179 -0.805022
v -9.195437 2.019179 -0.812481
v -9.309806 2.019179 -0.805022
v -9.304833 2.019179 -0.800050
v -9.197924 2.019179 -0.805022
v -9.304833 2.019179 -0.800050
v -9.299861 2.019179 -0.792591
v -9.202897 2.019179 -0.800050
v -9.299861 2.019179 -0.792591
v -9.294888 2.019179 -0.787619
v -9.207870 2.019179 -0.792591
v -9.294888 2.019179 -0.787619
v -9.289916 2.019179 -0.782646
v -9.212842 2.019179 -0.787619
v -9.289916 2.019179 -0.782646
v -9.282457 2.019179 -0.780160
v -9.217814 2.019179 -0.782646
v -9.282457 2.019179 -0.780160
v -9.277485 2.019179 -0.777674
v -9.225273 2.019179 -0.780160
v -9.277485 2.019179 -0.777674
v -9.270025 2.019179 -0.775187
v -9.232732 2.019179 -0.777674
v -9.270025 2.019179 -0.775187
v -9.262567 2.019179 -0.772701
v -9.240191 2.019179 -0.775187
v -9.317265 2.019179 -0.834858
v -9.190465 2.019179 -0.834858
v -9.317265 2.019179 -0.842316
v -9.317265 2.019179 -0.842316
v -9.190465 2.019179 -0.834858
v -9.192951 2.019179 -0.842316
v -9.317265 2.019179 -0.842316
v -9.192951 2.019179 -0.842316
v -9.192951 2.019179 -0.849775
v -9.314778 2.019179 -0.849775
v -9.192951 2.019179 -0.849775
v -9.195437 2.019179 -0.857234
v -9.312292 2.019179 -0.857234
v -9.195437 2.019179 -0.857234
v -9.197924 2.019179 -0.864693
v -9.309806 2.019179 -0.864693
v -9.197924 2.019179 -0.864693
v -9.202897 2.019179 -0.869665
v -9.304833 2.019179 -0.869665
v -9.202897 2.019179 -0.869665
v -9.207870 2.019179 -0.877124
v -9.299861 2.019179 -0.877124
v -9.304833 2.019179 -0.869665
v -9.207870 2.019179 -0.877124
v -9.299861 2.019179 -0.877124
v -9.207870 2.019179 -0.877124
v -9.212842 2.019179 -0.882097
v -9.294888 2.019179 -0.882097
v -9.212842 2.019179 -0.882097
v -9.217814 2.019179 -0.887069
v -9.294888 2.019179 -0.882097
v -9.299861 2.019179 -0.877124
v -9.212842 2.019179 -0.882097
v -9.289916 2.019179 -0.887069
v -9.217814 2.019179 -0.887069
v -9.225273 2.019179 -0.889555
v -9.289916 2.019179 -0.887069
v -9.294888 2.019179 -0.882097
v -9.217814 2.019179 -0.887069
v -9.282457 2.019179 -0.889555
v -9.225273 2.019179 -0.889555
v -9.232732 2.019179 -0.894528
v -9.282457 2.019179 -0.889555
v -9.289916 2.019179 -0.887069
v -9.225273 2.019179 -0.889555
v -9.277485 2.019179 -0.894528
v -9.232732 2.019179 -0.894528
v -9.240191 2.019179 -0.894528
v -9.277485 2.019179 -0.894528
v -9.282457 2.019179 -0.889555
v -9.232732 2.019179 -0.894528
v -9.270025 2.019179 -0.894528
v -9.240191 2.019179 -0.894528
v -9.247649 2.019179 -0.897014
v -9.270025 2.019179 -0.894528
v -9.277485 2.019179 -0.894528
v -9.240191 2.019179 -0.894528
v -9.262567 2.019179 -0.897014
v -9.247649 2.019179 -0.897014
v -9.255108 2.019179 -0.897014
v -9.262567 2.019179 -0.897014
v -9.270025 2.019179 -0.894528
v -9.247649 2.019179 -0.897014
v -9.262567 2.019179 -0.772701
v -9.255108 2.019179 -0.772701
v -9.247649 2.019179 -0.772701
v -9.262567 2.019179 -0.772701
v -9.247649 2.019179 -0.772701
v -9.240191 2.019179 -0.775187
v -9.270025 2.019179 -0.775187
v -9.240191 2.019179 -0.775187
v -9.232732 2.019179 -0.777674
v -9.277485 2.019179 -0.777674
v -9.232732 2.019179 -0.777674
v -9.225273 2.019179 -0.780160
v -9.282457 2.019179 -0.780160
v -9.225273 2.019179 -0.780160
v -9.217814 2.019179 -0.782646
v -9.289916 2.019179 -0.782646
v -9.217814 2.019179 -0.782646
v -9.212842 2.019179 -0.787619
v -9.294888 2.019179 -0.787619
v -9.212842 2.019179 -0.787619
v -9.207870 2.019179 -0.792591
v -9.299861 2.019179 -0.792591
v -9.207870 2.019179 -0.792591
v -9.202897 2.019179 -0.800050
v -9.304833 2.019179 -0.800050
v -9.202897 2.019179 -0.800050
v -9.197924 2.019179 -0.805022
v -9.309806 2.019179 -0.805022
v -9.197924 2.019179 -0.805022
v -9.195437 2.019179 -0.812481
v -9.312292 2.019179 -0.812481
v -9.195437 2.019179 -0.812481
v -9.192951 2.019179 -0.819940
v -9.314778 2.019179 -0.819940
v -9.312292 2.019179 -0.812481
v -9.192951 2.019179 -0.819940
v -9.314778 2.019179 -0.819940
v -9.192951 2.019179 -0.819940
v -9.192951 2.019179 -0.827399
v -9.317265 2.019179 -0.827399
v -9.314778 2.019179 -0.819940
v -9.192951 2.019179 -0.827399
v -9.317265 2.019179 -0.827399
v -9.192951 2.019179 -0.827399
v -9.190465 2.019179 -0.834858
v -9.317265 2.019179 -0.834858
v -9.317265 2.019179 -0.827399
v -9.190465 2.019179 -0.834858
v -9.192951 2.019179 -0.827399
v -9.192951 1.999288 -0.824913
v -9.192951 1.999288 -0.832371
v -9.190465 2.019179 -0.834858
v -9.192951 1.999288 -0.832371
v -9.192951 1.999288 -0.839830
v -9.192951 2.019179 -0.842316
v -9.192951 1.999288 -0.839830
v -9.192951 1.999288 -0.847289
v -9.192951 2.019179 -0.849775
v -9.192951 1.999288 -0.847289
v -9.195437 1.999288 -0.852261
v -9.195437 2.019179 -0.857234
v -9.195437 1.999288 -0.852261
v -9.197924 1.999288 -0.859720
v -9.197924 2.019179 -0.864693
v -9.197924 1.999288 -0.859720
v -9.200410 1.999288 -0.867179
v -9.202897 2.019179 -0.869665
v -9.200410 1.999288 -0.867179
v -9.205383 1.999288 -0.872151
v -9.207870 2.019179 -0.877124
v -9.205383 1.999288 -0.872151
v -9.210356 1.999288 -0.879610
v -9.212842 2.019179 -0.882097
v -9.210356 1.999288 -0.879610
v -9.215328 1.999288 -0.884583
v -9.217814 2.019179 -0.887069
v -9.215328 1.999288 -0.884583
v -9.220301 1.999288 -0.887069
v -9.225273 2.019179 -0.889555
v -9.220301 1.999288 -0.887069
v -9.227759 1.999288 -0.892042
v -9.232732 2.019179 -0.894528
v -9.227759 1.999288 -0.892042
v -9.235218 1.999288 -0.894528
v -9.240191 1.569165 -0.894528
v -9.235218 1.519440 -0.894528
v -9.242677 1.519440 -0.897014
v -9.240191 2.019179 -0.894528
v -9.240191 1.569165 -0.894528
v -9.247649 1.569165 -0.897014
v -9.270025 1.569165 -0.894528
v -9.262567 2.019179 -0.897014
v -9.262567 1.569165 -0.897014
v -9.277485 1.569165 -0.894528
v -9.270025 2.019179 -0.894528
v -9.270025 1.569165 -0.894528
v -9.289916 2.019179 -0.887069
v -9.282457 2.019179 -0.889555
v -9.282457 1.569165 -0.889555
v -9.294888 1.569165 -0.882097
v -9.289916 2.019179 -0.887069
v -9.289916 1.569165 -0.887069
v -9.299861 1.569165 -0.877124
v -9.294888 2.019179 -0.882097
v -9.294888 1.569165 -0.882097
v -9.304833 1.569165 -0.869665
v -9.304833 2.019179 -0.869665
v -9.299861 1.569165 -0.877124
v -9.309806 1.569165 -0.864693
v -9.309806 2.019179 -0.864693
v -9.304833 1.569165 -0.869665
v -9.317265 1.569165 -0.834858
v -9.317265 2.019179 -0.842316
v -9.317265 1.569165 -0.842316
v -9.317265 1.569165 -0.827399
v -9.317265 2.019179 -0.834858
v -9.317265 1.569165 -0.834858
v -9.314778 1.569165 -0.819940
v -9.317265 2.019179 -0.827399
v -9.317265 1.569165 -0.827399
v -9.309806 1.569165 -0.805022
v -9.309806 2.019179 -0.805022
v -9.312292 1.569165 -0.812481
v -9.304833 1.569165 -0.800050
v -9.304833 2.019179 -0.800050
v -9.309806 2.019179 -0.805022
v -9.304833 1.569165 -0.800050
v -9.309806 2.019179 -0.805022
v -9.309806 1.569165 -0.805022
v -9.299861 1.569165 -0.792591
v -9.304833 2.019179 -0.800050
v -9.304833 1.569165 -0.800050
v -9.294888 1.569165 -0.787619
v -9.294888 2.019179 -0.787619
v -9.299861 1.569165 -0.792591
v -9.289916 1.569165 -0.782646
v -9.289916 2.019179 -0.782646
v -9.294888 2.019179 -0.787619
v -9.289916 1.569165 -0.782646
v -9.294888 2.019179 -0.787619
v -9.294888 1.569165 -0.787619
v -9.255108 1.569165 -0.772701
v -9.250135 1.519440 -0.772701
v -9.247649 1.569165 -0.772701
v -9.257594 1.519440 -0.772701
v -9.255108 1.569165 -0.772701
v -9.262567 1.569165 -0.772701
v -9.255108 1.569165 -0.772701
v -9.257594 1.519440 -0.772701
v -9.250135 1.519440 -0.772701
v -9.247649 1.569165 -0.772701
v -9.250135 1.519440 -0.772701
v -9.242677 1.519440 -0.772701
v -9.247649 1.569165 -0.772701
v -9.242677 1.519440 -0.772701
v -9.240191 1.569165 -0.775187
v -9.240191 1.569165 -0.775187
v -9.242677 1.519440 -0.772701
v -9.235218 1.519440 -0.775187
v -9.282457 1.569165 -0.780160
v -9.282457 2.019179 -0.780160
v -9.289916 2.019179 -0.782646
v -9.277485 1.569165 -0.777674
v -9.282457 2.019179 -0.780160
v -9.282457 1.569165 -0.780160
v -9.312292 1.569165 -0.857234
v -9.312292 2.019179 -0.857234
v -9.309806 2.019179 -0.864693
v -9.304833 2.019179 -0.869665
v -9.299861 2.019179 -0.877124
v -9.299861 1.569165 -0.877124
v -9.299861 1.569165 -0.877124
v -9.299861 2.019179 -0.877124
v -9.294888 2.019179 -0.882097
v -9.309806 2.019179 -0.864693
v -9.304833 2.019179 -0.869665
v -9.304833 1.569165 -0.869665
v -9.282457 2.019179 -0.889555
v -9.277485 2.019179 -0.894528
v -9.277485 1.569165 -0.894528
v -9.277485 1.569165 -0.894528
v -9.277485 2.019179 -0.894528
v -9.270025 2.019179 -0.894528
v -9.247649 2.019179 -0.897014
v -9.240191 2.019179 -0.894528
v -9.247649 1.569165 -0.897014
v -9.235218 1.999288 -0.894528
v -9.235218 1.519440 -0.894528
v -9.240191 2.019179 -0.894528
v -9.232732 2.019179 -0.894528
v -9.235218 1.999288 -0.894528
v -9.240191 2.019179 -0.894528
v -9.225273 2.019179 -0.889555
v -9.227759 1.999288 -0.892042
v -9.232732 2.019179 -0.894528
v -9.217814 2.019179 -0.887069
v -9.220301 1.999288 -0.887069
v -9.225273 2.019179 -0.889555
v -9.212842 2.019179 -0.882097
v -9.215328 1.999288 -0.884583
v -9.217814 2.019179 -0.887069
v -9.207870 2.019179 -0.877124
v -9.210356 1.999288 -0.879610
v -9.212842 2.019179 -0.882097
v -9.202897 2.019179 -0.869665
v -9.205383 1.999288 -0.872151
v -9.207870 2.019179 -0.877124
v -9.197924 2.019179 -0.864693
v -9.200410 1.999288 -0.867179
v -9.202897 2.019179 -0.869665
v -9.195437 2.019179 -0.857234
v -9.197924 1.999288 -0.859720
v -9.197924 2.019179 -0.864693
v -9.192951 2.019179 -0.849775
v -9.195437 1.999288 -0.852261
v -9.195437 2.019179 -0.857234
v -9.192951 2.019179 -0.842316
v -9.192951 1.999288 -0.847289
v -9.192951 2.019179 -0.849775
v -9.190465 2.019179 -0.834858
v -9.192951 1.999288 -0.839830
v -9.192951 2.019179 -0.842316
v -9.192951 2.019179 -0.827399
v -9.192951 1.999288 -0.832371
v -9.190465 2.019179 -0.834858
v -9.192951 2.019179 -0.819940
v -9.192951 1.999288 -0.824913
v -9.192951 2.019179 -0.827399
v -9.192951 2.019179 -0.819940
v -9.195437 1.999288 -0.817454
v -9.192951 1.999288 -0.824913
v -9.195437 2.019179 -0.812481
v -9.195437 1.999288 -0.817454
v -9.192951 2.019179 -0.819940
v -9.247649 2.019179 -0.772701
v -9.255108 2.019179 -0.772701
v -9.247649 1.569165 -0.772701
v -9.255108 1.569165 -0.772701
v -9.255108 2.019179 -0.772701
v -9.262567 2.019179 -0.772701
v -9.262567 1.569165 -0.772701
v -9.262567 2.019179 -0.772701
v -9.270025 2.019179 -0.775187
v -9.270025 1.569165 -0.775187
v -9.270025 2.019179 -0.775187
v -9.277485 2.019179 -0.777674
v -9.299861 1.569165 -0.792591
v -9.299861 2.019179 -0.792591
v -9.304833 2.019179 -0.800050
v -9.312292 1.569165 -0.812481
v -9.312292 2.019179 -0.812481
v -9.314778 2.019179 -0.819940
v -9.314778 1.569165 -0.819940
v -9.314778 2.019179 -0.819940
v -9.317265 2.019179 -0.827399
v -9.312292 1.569165 -0.812481
v -9.314778 2.019179 -0.819940
v -9.314778 1.569165 -0.819940
v -9.309806 2.019179 -0.805022
v -9.312292 2.019179 -0.812481
v -9.312292 1.569165 -0.812481
v -9.294888 2.019179 -0.787619
v -9.299861 2.019179 -0.792591
v -9.299861 1.569165 -0.792591
v -9.197924 2.019179 -0.805022
v -9.197924 1.999288 -0.809995
v -9.195437 2.019179 -0.812481
v -9.195437 2.019179 -0.812481
v -9.197924 1.999288 -0.809995
v -9.195437 1.999288 -0.817454
v -9.202897 2.019179 -0.800050
v -9.200410 1.999288 -0.802536
v -9.197924 2.019179 -0.805022
v -9.197924 2.019179 -0.805022
v -9.200410 1.999288 -0.802536
v -9.197924 1.999288 -0.809995
v -9.207870 2.019179 -0.792591
v -9.205383 1.999288 -0.797564
v -9.202897 2.019179 -0.800050
v -9.202897 2.019179 -0.800050
v -9.205383 1.999288 -0.797564
v -9.200410 1.999288 -0.802536
v -9.212842 2.019179 -0.787619
v -9.210356 1.999288 -0.790105
v -9.207870 2.019179 -0.792591
v -9.207870 2.019179 -0.792591
v -9.210356 1.999288 -0.790105
v -9.205383 1.999288 -0.797564
v -9.217814 2.019179 -0.782646
v -9.215328 1.999288 -0.785132
v -9.212842 2.019179 -0.787619
v -9.212842 2.019179 -0.787619
v -9.215328 1.999288 -0.785132
v -9.210356 1.999288 -0.790105
v -9.225273 2.019179 -0.780160
v -9.220301 1.999288 -0.782646
v -9.217814 2.019179 -0.782646
v -9.217814 2.019179 -0.782646
v -9.220301 1.999288 -0.782646
v -9.215328 1.999288 -0.785132
v -9.232732 2.019179 -0.777674
v -9.227759 1.999288 -0.777674
v -9.225273 2.019179 -0.780160
v -9.225273 2.019179 -0.780160
v -9.227759 1.999288 -0.777674
v -9.220301 1.999288 -0.782646
v -9.240191 2.019179 -0.775187
v -9.235218 1.999288 -0.775187
v -9.232732 2.019179 -0.777674
v -9.232732 2.019179 -0.777674
v -9.235218 1.999288 -0.775187
v -9.227759 1.999288 -0.777674
v -9.240191 2.019179 -0.775187
v -9.247649 2.019179 -0.772701
v -9.240191 1.569165 -0.775187
v -9.240191 2.019179 -0.775187
v -9.240191 1.569165 -0.775187
v -9.235218 1.999288 -0.775187
v -9.247649 2.019179 -0.772701
v -9.247649 1.569165 -0.772701
v -9.240191 1.569165 -0.775187
v -9.255108 2.019179 -0.772701
v -9.255108 1.569165 -0.772701
v -9.247649 1.569165 -0.772701
v -9.255108 1.569165 -0.772701
v -9.262567 2.019179 -0.772701
v -9.262567 1.569165 -0.772701
v -9.235218 1.999288 -0.775187
v -9.240191 1.569165 -0.775187
v -9.235218 1.519440 -0.775187
v -9.262567 1.569165 -0.772701
v -9.270025 2.019179 -0.775187
v -9.270025 1.569165 -0.775187
v -9.240191 2.019179 -0.894528
v -9.235218 1.519440 -0.894528
v -9.240191 1.569165 -0.894528
v -9.240191 1.569165 -0.894528
v -9.242677 1.519440 -0.897014
v -9.247649 1.569165 -0.897014
v -9.247649 1.569165 -0.897014
v -9.250135 1.519440 -0.897014
v -9.255108 1.569165 -0.897014
v -9.250135 1.519440 -0.897014
v -9.257594 1.519440 -0.897014
v -9.255108 1.569165 -0.897014
v -9.257594 1.519440 -0.897014
v -9.262567 1.569165 -0.897014
v -9.255108 1.569165 -0.897014
v -9.265053 1.519440 -0.897014
v -9.262567 1.569165 -0.897014
v -9.257594 1.519440 -0.897014
v -9.262567 1.569165 -0.897014
v -9.262567 2.019179 -0.897014
v -9.255108 1.569165 -0.897014
v -9.265053 1.519440 -0.897014
v -9.270025 1.569165 -0.894528
v -9.262567 1.569165 -0.897014
v -9.272511 1.519440 -0.894528
v -9.270025 1.569165 -0.894528
v -9.265053 1.519440 -0.897014
v -9.270025 1.569165 -0.894528
v -9.270025 2.019179 -0.894528
v -9.262567 2.019179 -0.897014
v -9.272511 1.519440 -0.894528
v -9.277485 1.569165 -0.894528
v -9.270025 1.569165 -0.894528
v -9.279971 1.519440 -0.892042
v -9.277485 1.569165 -0.894528
v -9.272511 1.519440 -0.894528
v -9.279971 1.519440 -0.892042
v -9.282457 1.569165 -0.889555
v -9.277485 1.569165 -0.894528
v -9.284944 1.519440 -0.889555
v -9.282457 1.569165 -0.889555
v -9.279971 1.519440 -0.892042
v -9.284944 1.519440 -0.889555
v -9.289916 1.569165 -0.887069
v -9.282457 1.569165 -0.889555
v -9.292402 1.519440 -0.884583
v -9.289916 1.569165 -0.887069
v -9.284944 1.519440 -0.889555
v -9.289916 1.569165 -0.887069
v -9.289916 2.019179 -0.887069
v -9.282457 1.569165 -0.889555
v -9.292402 1.519440 -0.884583
v -9.294888 1.569165 -0.882097
v -9.289916 1.569165 -0.887069
v -9.297375 1.519440 -0.879610
v -9.294888 1.569165 -0.882097
v -9.292402 1.519440 -0.884583
v -9.294888 1.569165 -0.882097
v -9.294888 2.019179 -0.882097
v -9.289916 2.019179 -0.887069
v -9.297375 1.519440 -0.879610
v -9.299861 1.569165 -0.877124
v -9.294888 1.569165 -0.882097
v -9.302347 1.519440 -0.874638
v -9.299861 1.569165 -0.877124
v -9.297375 1.519440 -0.879610
v -9.282457 1.569165 -0.889555
v -9.282457 2.019179 -0.889555
v -9.277485 1.569165 -0.894528
v -9.302347 1.519440 -0.874638
v -9.304833 1.569165 -0.869665
v -9.299861 1.569165 -0.877124
v -9.307320 1.519440 -0.867179
v -9.304833 1.569165 -0.869665
v -9.302347 1.519440 -0.874638
v -9.317265 1.569165 -0.842316
v -9.314778 2.019179 -0.849775
v -9.314778 1.569165 -0.849775
v -9.314778 1.569165 -0.849775
v -9.314778 2.019179 -0.849775
v -9.312292 1.569165 -0.857234
v -9.314778 1.519440 -0.847289
v -9.317265 1.569165 -0.842316
v -9.314778 1.569165 -0.849775
v -9.317265 1.519440 -0.839830
v -9.317265 1.569165 -0.842316
v -9.314778 1.519440 -0.847289
v -9.317265 1.569165 -0.842316
v -9.317265 2.019179 -0.842316
v -9.314778 2.019179 -0.849775
v -9.317265 1.519440 -0.839830
v -9.317265 1.569165 -0.834858
v -9.317265 1.569165 -0.842316
v -9.317265 1.519440 -0.832371
v -9.317265 1.569165 -0.834858
v -9.317265 1.519440 -0.839830
v -9.317265 1.569165 -0.834858
v -9.317265 2.019179 -0.834858
v -9.317265 2.019179 -0.842316
v -9.317265 1.519440 -0.832371
v -9.317265 1.569165 -0.827399
v -9.317265 1.569165 -0.834858
v -9.314778 1.519440 -0.822426
v -9.317265 1.569165 -0.827399
v -9.317265 1.519440 -0.832371
v -9.314778 1.519440 -0.822426
v -9.314778 1.569165 -0.819940
v -9.317265 1.569165 -0.827399
v -9.314778 1.519440 -0.817454
v -9.314778 1.569165 -0.819940
v -9.314778 1.519440 -0.822426
v -9.314778 1.519440 -0.817454
v -9.312292 1.569165 -0.812481
v -9.314778 1.569165 -0.819940
v -9.312292 1.519440 -0.809995
v -9.312292 1.569165 -0.812481
v -9.314778 1.519440 -0.817454
v -9.312292 1.519440 -0.809995
v -9.309806 1.569165 -0.805022
v -9.312292 1.569165 -0.812481
v -9.307320 1.519440 -0.802536
v -9.309806 1.569165 -0.805022
v -9.312292 1.519440 -0.809995
v -9.307320 1.519440 -0.802536
v -9.304833 1.569165 -0.800050
v -9.309806 1.569165 -0.805022
v -9.302347 1.519440 -0.795077
v -9.304833 1.569165 -0.800050
v -9.307320 1.519440 -0.802536
v -9.317265 1.569165 -0.827399
v -9.317265 2.019179 -0.827399
v -9.317265 2.019179 -0.834858
v -9.302347 1.519440 -0.795077
v -9.299861 1.569165 -0.792591
v -9.304833 1.569165 -0.800050
v -9.297375 1.519440 -0.790105
v -9.299861 1.569165 -0.792591
v -9.302347 1.519440 -0.795077
v -9.272511 1.519440 -0.775187
v -9.270025 1.569165 -0.775187
v -9.277485 1.569165 -0.777674
v -9.265053 1.519440 -0.772701
v -9.270025 1.569165 -0.775187
v -9.272511 1.519440 -0.775187
v -9.265053 1.519440 -0.772701
v -9.262567 1.569165 -0.772701
v -9.270025 1.569165 -0.775187
v -9.257594 1.519440 -0.772701
v -9.262567 1.569165 -0.772701
v -9.265053 1.519440 -0.772701
v -9.279971 1.519440 -0.777674
v -9.277485 1.569165 -0.777674
v -9.282457 1.569165 -0.780160
v -9.272511 1.519440 -0.775187
v -9.277485 1.569165 -0.777674
v -9.279971 1.519440 -0.777674
v -9.270025 1.569165 -0.775187
v -9.277485 2.019179 -0.777674
v -9.277485 1.569165 -0.777674
v -9.277485 1.569165 -0.777674
v -9.277485 2.019179 -0.777674
v -9.282457 2.019179 -0.780160
v -9.282457 1.569165 -0.780160
v -9.289916 2.019179 -0.782646
v -9.289916 1.569165 -0.782646
v -9.284944 1.519440 -0.780160
v -9.282457 1.569165 -0.780160
v -9.289916 1.569165 -0.782646
v -9.279971 1.519440 -0.777674
v -9.282457 1.569165 -0.780160
v -9.284944 1.519440 -0.780160
v -9.297375 1.519440 -0.790105
v -9.294888 1.569165 -0.787619
v -9.299861 1.569165 -0.792591
v -9.292402 1.519440 -0.785132
v -9.294888 1.569165 -0.787619
v -9.297375 1.519440 -0.790105
v -9.292402 1.519440 -0.785132
v -9.289916 1.569165 -0.782646
v -9.294888 1.569165 -0.787619
v -9.284944 1.519440 -0.780160
v -9.289916 1.569165 -0.782646
v -9.292402 1.519440 -0.785132
v -9.314778 2.019179 -0.849775
v -9.312292 2.019179 -0.857234
v -9.312292 1.569165 -0.857234
v -9.314778 1.519440 -0.854748
v -9.314778 1.569165 -0.849775
v -9.312292 1.569165 -0.857234
v -9.314778 1.519440 -0.847289
v -9.314778 1.569165 -0.849775
v -9.314778 1.519440 -0.854748
v -9.307320 1.519440 -0.867179
v -9.309806 1.569165 -0.864693
v -9.304833 1.569165 -0.869665
v -9.312292 1.519440 -0.859720
v -9.309806 1.569165 -0.864693
v -9.307320 1.519440 -0.867179
v -9.312292 1.519440 -0.859720
v -9.312292 1.569165 -0.857234
v -9.309806 1.569165 -0.864693
v -9.314778 1.519440 -0.854748
v -9.312292 1.569165 -0.857234
v -9.312292 1.519440 -0.859720
v -9.312292 1.569165 -0.857234
v -9.309806 2.019179 -0.864693
v -9.309806 1.569165 -0.864693
v -9.262567 2.019179 -0.897014
v -9.255108 2.019179 -0.897014
v -9.255108 1.569165 -0.897014
v -9.255108 2.019179 -0.897014
v -9.247649 2.019179 -0.897014
v -9.255108 1.569165 -0.897014
v -9.247649 2.019179 -0.897014
v -9.247649 1.569165 -0.897014
v -9.255108 1.569165 -0.897014
v -9.247649 1.569165 -0.897014
v -9.242677 1.519440 -0.897014
v -9.250135 1.519440 -0.897014
v -9.265053 1.519440 -0.772701
v -9.272511 1.519440 -0.775187
v -9.284944 1.519440 -0.889555
v -9.279971 1.519440 -0.777674
v -9.284944 1.519440 -0.780160
v -9.307320 1.519440 -0.867179
v -9.312292 1.519440 -0.809995
v -9.314778 1.519440 -0.817454
v -9.317265 1.519440 -0.832371
v -9.314778 1.519440 -0.817454
v -9.314778 1.519440 -0.822426
v -9.317265 1.519440 -0.832371
v -9.312292 1.519440 -0.809995
v -9.317265 1.519440 -0.832371
v -9.317265 1.519440 -0.839830
v -9.307320 1.519440 -0.802536
v -9.312292 1.519440 -0.809995
v -9.317265 1.519440 -0.839830
v -9.297375 1.519440 -0.790105
v -9.302347 1.519440 -0.795077
v -9.317265 1.519440 -0.839830
v -9.302347 1.519440 -0.795077
v -9.307320 1.519440 -0.802536
v -9.317265 1.519440 -0.839830
v -9.297375 1.519440 -0.790105
v -9.317265 1.519440 -0.839830
v -9.314778 1.519440 -0.847289
v -9.292402 1.519440 -0.785132
v -9.297375 1.519440 -0.790105
v -9.314778 1.519440 -0.847289
v -9.292402 1.519440 -0.785132
v -9.314778 1.519440 -0.847289
v -9.314778 1.519440 -0.854748
v -9.284944 1.519440 -0.780160
v -9.292402 1.519440 -0.785132
v -9.314778 1.519440 -0.854748
v -9.284944 1.519440 -0.780160
v -9.314778 1.519440 -0.854748
v -9.312292 1.519440 -0.859720
v -9.284944 1.519440 -0.780160
v -9.312292 1.519440 -0.859720
v -9.307320 1.519440 -0.867179
v -9.279971 1.519440 -0.777674
v -9.307320 1.519440 -0.867179
v -9.302347 1.519440 -0.874638
v -9.279971 1.519440 -0.777674
v -9.302347 1.519440 -0.874638
v -9.297375 1.519440 -0.879610
v -9.272511 1.519440 -0.775187
v -9.279971 1.519440 -0.777674
v -9.297375 1.519440 -0.879610
v -9.272511 1.519440 -0.775187
v -9.297375 1.519440 -0.879610
v -9.292402 1.519440 -0.884583
v -9.272511 1.519440 -0.775187
v -9.292402 1.519440 -0.884583
v -9.284944 1.519440 -0.889555
v -9.265053 1.519440 -0.772701
v -9.284944 1.519440 -0.889555
v -9.279971 1.519440 -0.892042
v -9.265053 1.519440 -0.772701
v -9.279971 1.519440 -0.892042
v -9.272511 1.519440 -0.894528
v -9.265053 1.519440 -0.772701
v -9.272511 1.519440 -0.894528
v -9.265053 1.519440 -0.897014
v -9.265053 1.519440 -0.772701
v -9.265053 1.519440 -0.897014
v -9.257594 1.519440 -0.897014
v -9.250135 1.519440 -0.897014
v -9.265053 1.519440 -0.772701
v -9.257594 1.519440 -0.897014
v -9.242677 1.519440 -0.897014
v -9.265053 1.519440 -0.772701
v -9.250135 1.519440 -0.897014
v -9.235218 1.519440 -0.894528
v -9.265053 1.519440 -0.772701
v -9.242677 1.519440 -0.897014
v -9.257594 1.519440 -0.772701
v -9.265053 1.519440 -0.772701
v -9.235218 1.519440 -0.894528
v -9.250135 1.519440 -0.772701
v -9.257594 1.519440 -0.772701
v -9.235218 1.519440 -0.894528
v -9.242677 1.519440 -0.772701
v -9.250135 1.519440 -0.772701
v -9.235218 1.519440 -0.894528
v -9.235218 1.519440 -0.775187
v -9.242677 1.519440 -0.772701
v -9.235218 1.519440 -0.894528
v -2.420376 0.209181 -0.772701
v -4.391980 1.347888 -0.772701
v -2.880333 0.199235 -0.772701
v -4.876801 1.999288 -0.772701
v -4.391980 1.347888 -0.772701
v -2.420376 0.209181 -0.772701
v -2.420376 -0.208511 -0.772701
v -4.391980 -1.347219 -0.772701
v -4.876801 -2.001106 -0.772701
v -2.420376 0.209181 -0.772701
v -2.820663 0.137079 -0.772701
v -2.808231 0.112216 -0.772701
v -2.420376 0.209181 -0.772701
v -2.808231 0.112216 -0.772701
v -2.795801 0.084867 -0.772701
v -2.420376 0.209181 -0.772701
v -2.795801 0.084867 -0.772701
v -2.788342 0.057519 -0.772701
v -2.420376 0.209181 -0.772701
v -2.788342 0.057519 -0.772701
v -2.783369 0.027683 -0.772701
v -2.420376 0.209181 -0.772701
v -2.783369 0.027683 -0.772701
v -2.780884 0.000335 -0.772701
v -2.420376 0.209181 -0.772701
v -2.780884 0.000335 -0.772701
v -2.420376 -0.208511 -0.772701
v -2.780884 0.000335 -0.772701
v -2.783369 -0.029501 -0.772701
v -2.420376 -0.208511 -0.772701
v -2.783369 -0.029501 -0.772701
v -2.788342 -0.056849 -0.772701
v -2.420376 -0.208511 -0.772701
v -2.788342 -0.056849 -0.772701
v -2.795801 -0.084198 -0.772701
v -2.420376 -0.208511 -0.772701
v -2.795801 -0.084198 -0.772701
v -2.808231 -0.111547 -0.772701
v -2.420376 -0.208511 -0.772701
v -2.808231 -0.111547 -0.772701
v -2.820663 -0.136410 -0.772701
v -2.420376 -0.208511 -0.772701
v -2.820663 -0.136410 -0.772701
v -2.838068 -0.158786 -0.772701
v -2.420376 -0.208511 -0.772701
v -2.838068 -0.158786 -0.772701
v -2.857958 -0.181163 -0.772701
v -2.420376 -0.208511 -0.772701
v -2.857958 -0.181163 -0.772701
v -2.880333 -0.198566 -0.772701
v -2.420376 -0.208511 -0.772701
v -2.420376 -0.208511 -0.772701
v -2.880333 -0.198566 -0.772701
v -4.391980 -1.347219 -0.772701
v -4.391980 -1.347219 -0.772701
v -4.404412 -1.354678 -0.772701
v -4.876801 -2.001106 -0.772701
v -4.404412 -1.354678 -0.772701
v -4.416843 -1.362137 -0.772701
v -4.876801 -2.001106 -0.772701
v -4.416843 -1.362137 -0.772701
v -4.429275 -1.367109 -0.772701
v -4.876801 -2.001106 -0.772701
v -4.429275 -1.367109 -0.772701
v -4.444192 -1.372082 -0.772701
v -4.876801 -2.001106 -0.772701
v -4.444192 -1.372082 -0.772701
v -4.459109 -1.372082 -0.772701
v -4.876801 -2.001106 -0.772701
v -4.459109 -1.372082 -0.772701
v -4.474028 -1.372082 -0.772701
v -4.876801 -2.001106 -0.772701
v -4.474028 -1.372082 -0.772701
v -4.488945 -1.372082 -0.772701
v -4.876801 -2.001106 -0.772701
v -4.488945 -1.372082 -0.772701
v -4.501376 -1.367109 -0.772701
v -4.876801 -2.001106 -0.772701
v -4.501376 -1.367109 -0.772701
v -4.516294 -1.362137 -0.772701
v -4.876801 -2.001106 -0.772701
v -4.516294 -1.362137 -0.772701
v -4.528725 -1.357164 -0.772701
v -4.876801 -2.001106 -0.772701
v -4.528725 -1.357164 -0.772701
v -4.541156 -1.349705 -0.772701
v -4.876801 -2.001106 -0.772701
v -4.541156 -1.349705 -0.772701
v -4.553588 -1.339761 -0.772701
v -4.876801 -2.001106 -0.772701
v -4.553588 -1.339761 -0.772701
v -4.563533 -1.329816 -0.772701
v -4.876801 -2.001106 -0.772701
v -4.563533 -1.329816 -0.772701
v -4.570992 -1.317384 -0.772701
v -4.876801 -2.001106 -0.772701
v -4.570992 -1.317384 -0.772701
v -4.578450 -1.304952 -0.772701
v -4.876801 -2.001106 -0.772701
v -4.578450 -1.304952 -0.772701
v -4.583423 -1.290035 -0.772701
v -4.876801 -2.001106 -0.772701
v -4.583423 -1.290035 -0.772701
v -4.588395 -1.277604 -0.772701
v -4.876801 -2.001106 -0.772701
v -4.588395 -1.277604 -0.772701
v -4.590881 -1.262686 -0.772701
v -4.876801 -2.001106 -0.772701
v -4.590881 -1.262686 -0.772701
v -4.590881 -1.247768 -0.772701
v -4.876801 -2.001106 -0.772701
v -4.590881 -1.247768 -0.772701
v -4.590881 1.248438 -0.772701
v -4.876801 -2.001106 -0.772701
v -4.590881 1.248438 -0.772701
v -4.876801 1.999288 -0.772701
v -4.876801 -2.001106 -0.772701
v -4.590881 1.263355 -0.772701
v -4.876801 1.999288 -0.772701
v -4.590881 1.248438 -0.772701
v -4.588395 1.275786 -0.772701
v -4.876801 1.999288 -0.772701
v -4.590881 1.263355 -0.772701
v -4.583423 1.290704 -0.772701
v -4.876801 1.999288 -0.772701
v -4.588395 1.275786 -0.772701
v -4.578450 1.303136 -0.772701
v -4.876801 1.999288 -0.772701
v -4.583423 1.290704 -0.772701
v -4.570992 1.318053 -0.772701
v -4.876801 1.999288 -0.772701
v -4.578450 1.303136 -0.772701
v -4.563533 1.327998 -0.772701
v -4.876801 1.999288 -0.772701
v -4.570992 1.318053 -0.772701
v -4.553588 1.340429 -0.772701
v -4.876801 1.999288 -0.772701
v -4.563533 1.327998 -0.772701
v -4.541156 1.347888 -0.772701
v -4.876801 1.999288 -0.772701
v -4.553588 1.340429 -0.772701
v -4.528725 1.355346 -0.772701
v -4.876801 1.999288 -0.772701
v -4.541156 1.347888 -0.772701
v -4.516294 1.362805 -0.772701
v -4.876801 1.999288 -0.772701
v -4.528725 1.355346 -0.772701
v -4.501376 1.367779 -0.772701
v -4.876801 1.999288 -0.772701
v -4.516294 1.362805 -0.772701
v -4.488945 1.370265 -0.772701
v -4.876801 1.999288 -0.772701
v -4.501376 1.367779 -0.772701
v -4.474028 1.372751 -0.772701
v -4.876801 1.999288 -0.772701
v -4.488945 1.370265 -0.772701
v -4.876801 1.999288 -0.772701
v -4.474028 1.372751 -0.772701
v -4.459109 1.372751 -0.772701
v -4.876801 1.999288 -0.772701
v -4.459109 1.372751 -0.772701
v -4.444192 1.370265 -0.772701
v -4.876801 1.999288 -0.772701
v -4.444192 1.370265 -0.772701
v -4.429275 1.367779 -0.772701
v -4.876801 1.999288 -0.772701
v -4.429275 1.367779 -0.772701
v -4.416843 1.362805 -0.772701
v -4.876801 1.999288 -0.772701
v -4.416843 1.362805 -0.772701
v -4.404412 1.355346 -0.772701
v -4.876801 1.999288 -0.772701
v -4.404412 1.355346 -0.772701
v -4.391980 1.347888 -0.772701
v -2.420376 0.209181 -0.772701
v -2.857958 0.179345 -0.772701
v -2.838068 0.159455 -0.772701
v -2.420376 0.209181 -0.772701
v -2.838068 0.159455 -0.772701
v -2.820663 0.137079 -0.772701
v -2.420376 0.209181 -0.772701
v -2.880333 0.199235 -0.772701
v -2.857958 0.179345 -0.772701
v -2.780884 0.000335 -0.897014
v -2.420376 0.209181 -0.897014
v -2.420376 -0.208511 -0.897014
v -4.391980 1.347888 -0.897014
v -4.876801 1.999288 -0.897014
v -2.420376 0.209181 -0.897014
v -4.404412 1.355346 -0.897014
v -4.876801 1.999288 -0.897014
v -4.391980 1.347888 -0.897014
v -4.416843 1.362805 -0.897014
v -4.876801 1.999288 -0.897014
v -4.404412 1.355346 -0.897014
v -4.429275 1.367779 -0.897014
v -4.876801 1.999288 -0.897014
v -4.416843 1.362805 -0.897014
v -4.444192 1.370265 -0.897014
v -4.876801 1.999288 -0.897014
v -4.429275 1.367779 -0.897014
v -4.459109 1.372751 -0.897014
v -4.876801 1.999288 -0.897014
v -4.444192 1.370265 -0.897014
v -4.474028 1.372751 -0.897014
v -4.876801 1.999288 -0.897014
v -4.459109 1.372751 -0.897014
v -4.876801 1.999288 -0.897014
v -4.474028 1.372751 -0.897014
v -4.488945 1.370265 -0.897014
v -4.876801 1.999288 -0.897014
v -4.488945 1.370265 -0.897014
v -4.501376 1.367779 -0.897014
v -4.876801 1.999288 -0.897014
v -4.501376 1.367779 -0.897014
v -4.516294 1.362805 -0.897014
v -4.876801 1.999288 -0.897014
v -4.516294 1.362805 -0.897014
v -4.528725 1.355346 -0.897014
v -4.876801 1.999288 -0.897014
v -4.528725 1.355346 -0.897014
v -4.541156 1.347888 -0.897014
v -4.876801 1.999288 -0.897014
v -4.541156 1.347888 -0.897014
v -4.553588 1.340429 -0.897014
v -4.876801 1.999288 -0.897014
v -4.553588 1.340429 -0.897014
v -4.563533 1.327998 -0.897014
v -4.876801 1.999288 -0.897014
v -4.563533 1.327998 -0.897014
v -4.570992 1.318053 -0.897014
v -4.876801 1.999288 -0.897014
v -4.570992 1.318053 -0.897014
v -4.578450 1.303136 -0.897014
v -4.876801 1.999288 -0.897014
v -4.578450 1.303136 -0.897014
v -4.583423 1.290704 -0.897014
v -4.876801 1.999288 -0.897014
v -4.583423 1.290704 -0.897014
v -4.588395 1.275786 -0.897014
v -4.876801 1.999288 -0.897014
v -4.588395 1.275786 -0.897014
v -4.590881 1.263355 -0.897014
v -4.876801 1.999288 -0.897014
v -4.590881 1.263355 -0.897014
v -4.590881 1.248438 -0.897014
v -4.876801 1.999288 -0.897014
v -4.590881 1.248438 -0.897014
v -4.876801 -2.001106 -0.897014
v -4.590881 1.248438 -0.897014
v -4.590881 -1.247768 -0.897014
v -4.876801 -2.001106 -0.897014
v -4.590881 -1.247768 -0.897014
v -4.590881 -1.262686 -0.897014
v -4.876801 -2.001106 -0.897014
v -4.590881 -1.262686 -0.897014
v -4.588395 -1.277604 -0.897014
v -4.876801 -2.001106 -0.897014
v -4.588395 -1.277604 -0.897014
v -4.583423 -1.290035 -0.897014
v -4.876801 -2.001106 -0.897014
v -4.583423 -1.290035 -0.897014
v -4.578450 -1.304952 -0.897014
v -4.876801 -2.001106 -0.897014
v -4.578450 -1.304952 -0.897014
v -4.570992 -1.317384 -0.897014
v -4.876801 -2.001106 -0.897014
v -4.570992 -1.317384 -0.897014
v -4.563533 -1.329816 -0.897014
v -4.876801 -2.001106 -0.897014
v -4.563533 -1.329816 -0.897014
v -4.553588 -1.339761 -0.897014
v -4.876801 -2.001106 -0.897014
v -4.553588 -1.339761 -0.897014
v -4.541156 -1.349705 -0.897014
v -4.876801 -2.001106 -0.897014
v -4.541156 -1.349705 -0.897014
v -4.528725 -1.357164 -0.897014
v -4.876801 -2.001106 -0.897014
v -4.528725 -1.357164 -0.897014
v -4.516294 -1.362137 -0.897014
v -4.876801 -2.001106 -0.897014
v -4.516294 -1.362137 -0.897014
v -4.501376 -1.367109 -0.897014
v -4.876801 -2.001106 -0.897014
v -4.501376 -1.367109 -0.897014
v -4.488945 -1.372082 -0.897014
v -4.876801 -2.001106 -0.897014
v -4.488945 -1.372082 -0.897014
v -4.474028 -1.372082 -0.897014
v -4.876801 -2.001106 -0.897014
v -4.474028 -1.372082 -0.897014
v -4.459109 -1.372082 -0.897014
v -4.876801 -2.001106 -0.897014
v -4.459109 -1.372082 -0.897014
v -4.444192 -1.372082 -0.897014
v -4.876801 -2.001106 -0.897014
v -4.444192 -1.372082 -0.897014
v -4.429275 -1.367109 -0.897014
v -4.876801 -2.001106 -0.897014
v -4.429275 -1.367109 -0.897014
v -4.416843 -1.362137 -0.897014
v -4.876801 -2.001106 -0.897014
v -4.416843 -1.362137 -0.897014
v -4.404412 -1.354678 -0.897014
v -4.876801 -2.001106 -0.897014
v -4.404412 -1.354678 -0.897014
v -4.391980 -1.347219 -0.897014
v -4.876801 -2.001106 -0.897014
v -4.391980 -1.347219 -0.897014
v -2.420376 -0.208511 -0.897014
v -4.876801 -2.001106 -0.897014
v -2.880333 -0.198566 -0.897014
v -2.420376 -0.208511 -0.897014
v -4.391980 -1.347219 -0.897014
v -2.880333 -0.198566 -0.897014
v -2.857958 -0.181163 -0.897014
v -2.420376 -0.208511 -0.897014
v -2.857958 -0.181163 -0.897014
v -2.838068 -0.158786 -0.897014
v -2.420376 -0.208511 -0.897014
v -2.838068 -0.158786 -0.897014
v -2.820663 -0.136410 -0.897014
v -2.420376 -0.208511 -0.897014
v -2.820663 -0.136410 -0.897014
v -2.808231 -0.111547 -0.897014
v -2.420376 -0.208511 -0.897014
v -2.808231 -0.111547 -0.897014
v -2.795801 -0.084198 -0.897014
v -2.420376 -0.208511 -0.897014
v -2.795801 -0.084198 -0.897014
v -2.788342 -0.056849 -0.897014
v -2.420376 -0.208511 -0.897014
v -2.788342 -0.056849 -0.897014
v -2.783369 -0.029501 -0.897014
v -2.420376 -0.208511 -0.897014
v -2.783369 -0.029501 -0.897014
v -2.780884 0.000335 -0.897014
v -2.420376 -0.208511 -0.897014
v -2.783369 0.027683 -0.897014
v -2.420376 0.209181 -0.897014
v -2.780884 0.000335 -0.897014
v -2.788342 0.057519 -0.897014
v -2.420376 0.209181 -0.897014
v -2.783369 0.027683 -0.897014
v -2.795801 0.084867 -0.897014
v -2.420376 0.209181 -0.897014
v -2.788342 0.057519 -0.897014
v -2.808231 0.112216 -0.897014
v -2.420376 0.209181 -0.897014
v -2.795801 0.084867 -0.897014
v -2.820663 0.137079 -0.897014
v -2.420376 0.209181 -0.897014
v -2.808231 0.112216 -0.897014
v -2.838068 0.159455 -0.897014
v -2.420376 0.209181 -0.897014
v -2.820663 0.137079 -0.897014
v -2.857958 0.179345 -0.897014
v -2.420376 0.209181 -0.897014
v -2.838068 0.159455 -0.897014
v -2.880333 0.199235 -0.897014
v -2.420376 0.209181 -0.897014
v -2.857958 0.179345 -0.897014
v -4.391980 1.347888 -0.897014
v -2.420376 0.209181 -0.897014
v -2.880333 0.199235 -0.897014
v -4.876801 -2.001106 -0.772701
v -4.876801 1.999288 -0.897014
v -4.876801 -2.001106 -0.897014
v -4.876801 -2.001106 -0.772701
v -4.876801 1.999288 -0.772701
v -4.876801 1.999288 -0.897014
v -4.876801 1.999288 -0.897014
v -4.876801 1.999288 -0.772701
v -2.420376 0.209181 -0.897014
v -4.876801 1.999288 -0.772701
v -2.420376 0.209181 -0.772701
v -2.420376 0.209181 -0.897014
v -2.420376 -0.208511 -0.897014
v -2.420376 -0.208511 -0.772701
v -4.876801 -2.001106 -0.897014
v -2.420376 -0.208511 -0.772701
v -4.876801 -2.001106 -0.772701
v -4.876801 -2.001106 -0.897014
v -2.808231 0.112216 -0.772701
v -2.820663 0.137079 -0.897014
v -2.808231 0.112216 -0.897014
v -2.795801 0.084867 -0.772701
v -2.808231 0.112216 -0.897014
v -2.795801 0.084867 -0.897014
v -2.788342 0.057519 -0.772701
v -2.795801 0.084867 -0.897014
v -2.788342 0.057519 -0.897014
v -2.783369 0.027683 -0.772701
v -2.788342 0.057519 -0.897014
v -2.783369 0.027683 -0.897014
v -2.780884 0.000335 -0.772701
v -2.783369 0.027683 -0.897014
v -2.780884 0.000335 -0.897014
v -2.783369 -0.029501 -0.772701
v -2.780884 0.000335 -0.897014
v -2.783369 -0.029501 -0.897014
v -2.788342 -0.056849 -0.772701
v -2.783369 -0.029501 -0.897014
v -2.788342 -0.056849 -0.897014
v -2.795801 -0.084198 -0.772701
v -2.788342 -0.056849 -0.897014
v -2.795801 -0.084198 -0.897014
v -2.808231 -0.111547 -0.772701
v -2.795801 -0.084198 -0.897014
v -2.808231 -0.111547 -0.897014
v -2.820663 -0.136410 -0.772701
v -2.808231 -0.111547 -0.897014
v -2.820663 -0.136410 -0.897014
v -2.838068 -0.158786 -0.772701
v -2.820663 -0.136410 -0.897014
v -2.838068 -0.158786 -0.897014
v -2.857958 -0.181163 -0.772701
v -2.838068 -0.158786 -0.897014
v -2.857958 -0.181163 -0.897014
v -2.880333 -0.198566 -0.772701
v -2.857958 -0.181163 -0.897014
v -2.880333 -0.198566 -0.897014
v -2.880333 -0.198566 -0.772701
v -2.857958 -0.181163 -0.772701
v -2.857958 -0.181163 -0.897014
v -2.857958 -0.181163 -0.772701
v -2.838068 -0.158786 -0.772701
v -2.838068 -0.158786 -0.897014
v -2.838068 -0.158786 -0.772701
v -2.820663 -0.136410 -0.772701
v -2.820663 -0.136410 -0.897014
v -2.820663 -0.136410 -0.772701
v -2.808231 -0.111547 -0.772701
v -2.808231 -0.111547 -0.897014
v -2.808231 -0.111547 -0.772701
v -2.795801 -0.084198 -0.772701
v -2.795801 -0.084198 -0.897014
v -2.795801 -0.084198 -0.772701
v -2.788342 -0.056849 -0.772701
v -2.788342 -0.056849 -0.897014
v -2.788342 -0.056849 -0.772701
v -2.783369 -0.029501 -0.772701
v -2.783369 -0.029501 -0.897014
v -2.783369 -0.029501 -0.772701
v -2.780884 0.000335 -0.772701
v -2.780884 0.000335 -0.897014
v -2.780884 0.000335 -0.772701
v -2.783369 0.027683 -0.772701
v -2.783369 0.027683 -0.897014
v -2.783369 0.027683 -0.772701
v -2.788342 0.057519 -0.772701
v -2.788342 0.057519 -0.897014
v -2.788342 0.057519 -0.772701
v -2.795801 0.084867 -0.772701
v -2.795801 0.084867 -0.897014
v -2.795801 0.084867 -0.772701
v -2.808231 0.112216 -0.772701
v -2.808231 0.112216 -0.897014
v -2.808231 0.112216 -0.772701
v -2.820663 0.137079 -0.772701
v -2.820663 0.137079 -0.897014
v -2.820663 0.137079 -0.772701
v -2.838068 0.159455 -0.897014
v -2.820663 0.137079 -0.897014
v -2.820663 0.137079 -0.772701
v -2.838068 0.159455 -0.772701
v -2.838068 0.159455 -0.897014
v -2.838068 0.159455 -0.772701
v -2.857958 0.179345 -0.897014
v -2.838068 0.159455 -0.897014
v -2.838068 0.159455 -0.772701
v -2.857958 0.179345 -0.772701
v -2.857958 0.179345 -0.897014
v -2.857958 0.179345 -0.772701
v -2.880333 0.199235 -0.772701
v -2.857958 0.179345 -0.897014
v -2.880333 0.199235 -0.772701
v -2.880333 0.199235 -0.897014
v -2.857958 0.179345 -0.897014
v -4.391980 -1.347219 -0.772701
v -2.880333 -0.198566 -0.897014
v -4.391980 -1.347219 -0.897014
v -4.391980 -1.347219 -0.772701
v -2.880333 -0.198566 -0.772701
v -2.880333 -0.198566 -0.897014
v -4.511321 -1.364623 -0.834858
v -4.501376 -1.367109 -0.772701
v -4.496404 -1.369595 -0.834858
v -4.496404 -1.369595 -0.834858
v -4.488945 -1.372082 -0.772701
v -4.481486 -1.372082 -0.834858
v -4.481486 -1.372082 -0.834858
v -4.474028 -1.372082 -0.772701
v -4.466568 -1.372082 -0.834858
v -4.459109 -1.372082 -0.772701
v -4.451651 -1.372082 -0.834858
v -4.466568 -1.372082 -0.834858
v -4.444192 -1.372082 -0.772701
v -4.436733 -1.369595 -0.834858
v -4.451651 -1.372082 -0.834858
v -4.429275 -1.367109 -0.772701
v -4.421816 -1.364623 -0.834858
v -4.436733 -1.369595 -0.834858
v -4.416843 -1.362137 -0.772701
v -4.409385 -1.359650 -0.834858
v -4.421816 -1.364623 -0.834858
v -4.523752 -1.359650 -0.834858
v -4.516294 -1.362137 -0.772701
v -4.511321 -1.364623 -0.834858
v -4.516294 -1.362137 -0.772701
v -4.501376 -1.367109 -0.772701
v -4.511321 -1.364623 -0.834858
v -4.501376 -1.367109 -0.772701
v -4.488945 -1.372082 -0.772701
v -4.496404 -1.369595 -0.834858
v -4.488945 -1.372082 -0.772701
v -4.474028 -1.372082 -0.772701
v -4.481486 -1.372082 -0.834858
v -4.474028 -1.372082 -0.772701
v -4.459109 -1.372082 -0.772701
v -4.466568 -1.372082 -0.834858
v -4.459109 -1.372082 -0.772701
v -4.444192 -1.372082 -0.772701
v -4.451651 -1.372082 -0.834858
v -4.444192 -1.372082 -0.772701
v -4.429275 -1.367109 -0.772701
v -4.436733 -1.369595 -0.834858
v -4.429275 -1.367109 -0.772701
v -4.416843 -1.362137 -0.772701
v -4.421816 -1.364623 -0.834858
v -4.416843 -1.362137 -0.772701
v -4.404412 -1.354678 -0.772701
v -4.409385 -1.359650 -0.834858
v -4.404412 -1.354678 -0.772701
v -4.396953 -1.349705 -0.834858
v -4.409385 -1.359650 -0.834858
v -4.404412 -1.354678 -0.772701
v -4.391980 -1.347219 -0.772701
v -4.396953 -1.349705 -0.834858
v -4.396953 -1.349705 -0.834858
v -4.391980 -1.347219 -0.897014
v -4.404412 -1.354678 -0.897014
v -4.409385 -1.359650 -0.834858
v -4.404412 -1.354678 -0.897014
v -4.416843 -1.362137 -0.897014
v -4.421816 -1.364623 -0.834858
v -4.416843 -1.362137 -0.897014
v -4.429275 -1.367109 -0.897014
v -4.436733 -1.369595 -0.834858
v -4.429275 -1.367109 -0.897014
v -4.444192 -1.372082 -0.897014
v -4.451651 -1.372082 -0.834858
v -4.444192 -1.372082 -0.897014
v -4.459109 -1.372082 -0.897014
v -4.466568 -1.372082 -0.834858
v -4.459109 -1.372082 -0.897014
v -4.474028 -1.372082 -0.897014
v -4.488945 -1.372082 -0.897014
v -4.481486 -1.372082 -0.834858
v -4.474028 -1.372082 -0.897014
v -4.501376 -1.367109 -0.897014
v -4.496404 -1.369595 -0.834858
v -4.488945 -1.372082 -0.897014
v -4.516294 -1.362137 -0.897014
v -4.511321 -1.364623 -0.834858
v -4.501376 -1.367109 -0.897014
v -4.528725 -1.357164 -0.897014
v -4.523752 -1.359650 -0.834858
v -4.516294 -1.362137 -0.897014
v -4.541156 -1.349705 -0.897014
v -4.538670 -1.349705 -0.834858
v -4.528725 -1.357164 -0.897014
v -4.553588 -1.339761 -0.897014
v -4.548615 -1.342247 -0.834858
v -4.541156 -1.349705 -0.897014
v -4.563533 -1.329816 -0.897014
v -4.561047 -1.329816 -0.834858
v -4.553588 -1.339761 -0.897014
v -4.570992 -1.317384 -0.897014
v -4.570992 -1.319870 -0.834858
v -4.563533 -1.329816 -0.897014
v -4.578450 -1.304952 -0.897014
v -4.578450 -1.304952 -0.834858
v -4.570992 -1.317384 -0.897014
v -4.583423 -1.290035 -0.897014
v -4.583423 -1.292521 -0.834858
v -4.578450 -1.304952 -0.897014
v -4.588395 -1.277604 -0.897014
v -4.588395 -1.277604 -0.834858
v -4.583423 -1.290035 -0.897014
v -4.538670 -1.349705 -0.834858
v -4.528725 -1.357164 -0.772701
v -4.523752 -1.359650 -0.834858
v -4.528725 -1.357164 -0.772701
v -4.516294 -1.362137 -0.772701
v -4.523752 -1.359650 -0.834858
v -4.548615 -1.342247 -0.834858
v -4.541156 -1.349705 -0.772701
v -4.538670 -1.349705 -0.834858
v -4.541156 -1.349705 -0.772701
v -4.528725 -1.357164 -0.772701
v -4.538670 -1.349705 -0.834858
v -4.561047 -1.329816 -0.834858
v -4.553588 -1.339761 -0.772701
v -4.548615 -1.342247 -0.834858
v -4.553588 -1.339761 -0.772701
v -4.541156 -1.349705 -0.772701
v -4.548615 -1.342247 -0.834858
v -4.570992 -1.319870 -0.834858
v -4.563533 -1.329816 -0.772701
v -4.561047 -1.329816 -0.834858
v -4.563533 -1.329816 -0.772701
v -4.553588 -1.339761 -0.772701
v -4.561047 -1.329816 -0.834858
v -4.578450 -1.304952 -0.834858
v -4.570992 -1.317384 -0.772701
v -4.570992 -1.319870 -0.834858
v -4.570992 -1.317384 -0.772701
v -4.563533 -1.329816 -0.772701
v -4.570992 -1.319870 -0.834858
v -4.583423 -1.292521 -0.834858
v -4.578450 -1.304952 -0.772701
v -4.578450 -1.304952 -0.834858
v -4.578450 -1.304952 -0.772701
v -4.570992 -1.317384 -0.772701
v -4.578450 -1.304952 -0.834858
v -4.588395 -1.277604 -0.834858
v -4.583423 -1.290035 -0.772701
v -4.583423 -1.292521 -0.834858
v -4.583423 -1.290035 -0.772701
v -4.578450 -1.304952 -0.772701
v -4.583423 -1.292521 -0.834858
v -4.590881 -1.262686 -0.772701
v -4.588395 -1.277604 -0.772701
v -4.588395 -1.277604 -0.834858
v -4.588395 -1.277604 -0.772701
v -4.583423 -1.290035 -0.772701
v -4.588395 -1.277604 -0.834858
v -4.590881 -1.247768 -0.772701
v -4.590881 -1.262686 -0.772701
v -4.590881 -1.247768 -0.897014
v -4.590881 -1.262686 -0.897014
v -4.590881 -1.262686 -0.772701
v -4.588395 -1.277604 -0.897014
v -4.590881 -1.247768 -0.897014
v -4.590881 -1.262686 -0.772701
v -4.590881 -1.262686 -0.897014
v -4.590881 -1.262686 -0.772701
v -4.588395 -1.277604 -0.834858
v -4.588395 -1.277604 -0.897014
v -4.588395 -1.277604 -0.834858
v -4.583423 -1.292521 -0.834858
v -4.583423 -1.290035 -0.897014
v -4.583423 -1.292521 -0.834858
v -4.578450 -1.304952 -0.834858
v -4.578450 -1.304952 -0.897014
v -4.578450 -1.304952 -0.834858
v -4.570992 -1.319870 -0.834858
v -4.570992 -1.317384 -0.897014
v -4.570992 -1.319870 -0.834858
v -4.561047 -1.329816 -0.834858
v -4.563533 -1.329816 -0.897014
v -4.561047 -1.329816 -0.834858
v -4.548615 -1.342247 -0.834858
v -4.553588 -1.339761 -0.897014
v -4.548615 -1.342247 -0.834858
v -4.538670 -1.349705 -0.834858
v -4.541156 -1.349705 -0.897014
v -4.538670 -1.349705 -0.834858
v -4.523752 -1.359650 -0.834858
v -4.528725 -1.357164 -0.897014
v -4.523752 -1.359650 -0.834858
v -4.511321 -1.364623 -0.834858
v -4.516294 -1.362137 -0.897014
v -4.511321 -1.364623 -0.834858
v -4.496404 -1.369595 -0.834858
v -4.501376 -1.367109 -0.897014
v -4.496404 -1.369595 -0.834858
v -4.481486 -1.372082 -0.834858
v -4.488945 -1.372082 -0.897014
v -4.481486 -1.372082 -0.834858
v -4.466568 -1.372082 -0.834858
v -4.474028 -1.372082 -0.897014
v -4.466568 -1.372082 -0.834858
v -4.451651 -1.372082 -0.834858
v -4.459109 -1.372082 -0.897014
v -4.451651 -1.372082 -0.834858
v -4.436733 -1.369595 -0.834858
v -4.444192 -1.372082 -0.897014
v -4.436733 -1.369595 -0.834858
v -4.421816 -1.364623 -0.834858
v -4.429275 -1.367109 -0.897014
v -4.421816 -1.364623 -0.834858
v -4.409385 -1.359650 -0.834858
v -4.416843 -1.362137 -0.897014
v -4.409385 -1.359650 -0.834858
v -4.396953 -1.349705 -0.834858
v -4.404412 -1.354678 -0.897014
v -4.396953 -1.349705 -0.834858
v -4.391980 -1.347219 -0.772701
v -4.391980 -1.347219 -0.897014
v -4.590881 1.248438 -0.897014
v -4.590881 1.248438 -0.772701
v -4.590881 -1.247768 -0.897014
v -4.590881 1.248438 -0.772701
v -4.590881 -1.247768 -0.772701
v -4.590881 -1.247768 -0.897014
v -4.533697 1.352860 -0.834858
v -4.541156 1.347888 -0.772701
v -4.546129 1.345402 -0.834858
v -4.546129 1.345402 -0.834858
v -4.553588 1.340429 -0.772701
v -4.556074 1.335457 -0.834858
v -4.556074 1.335457 -0.834858
v -4.563533 1.327998 -0.772701
v -4.566019 1.323025 -0.834858
v -4.566019 1.323025 -0.834858
v -4.570992 1.318053 -0.772701
v -4.575964 1.310594 -0.834858
v -4.575964 1.310594 -0.834858
v -4.578450 1.303136 -0.772701
v -4.580936 1.298163 -0.834858
v -4.580936 1.298163 -0.834858
v -4.583423 1.290704 -0.772701
v -4.585909 1.283245 -0.834858
v -4.585909 1.283245 -0.834858
v -4.588395 1.275786 -0.772701
v -4.590881 1.268327 -0.834858
v -4.518780 1.360319 -0.834858
v -4.528725 1.355346 -0.772701
v -4.533697 1.352860 -0.834858
v -4.528725 1.355346 -0.772701
v -4.541156 1.347888 -0.772701
v -4.533697 1.352860 -0.834858
v -4.541156 1.347888 -0.772701
v -4.553588 1.340429 -0.772701
v -4.546129 1.345402 -0.834858
v -4.553588 1.340429 -0.772701
v -4.563533 1.327998 -0.772701
v -4.556074 1.335457 -0.834858
v -4.563533 1.327998 -0.772701
v -4.570992 1.318053 -0.772701
v -4.566019 1.323025 -0.834858
v -4.570992 1.318053 -0.772701
v -4.578450 1.303136 -0.772701
v -4.575964 1.310594 -0.834858
v -4.578450 1.303136 -0.772701
v -4.583423 1.290704 -0.772701
v -4.580936 1.298163 -0.834858
v -4.583423 1.290704 -0.772701
v -4.588395 1.275786 -0.772701
v -4.585909 1.283245 -0.834858
v -4.588395 1.275786 -0.772701
v -4.590881 1.263355 -0.772701
v -4.590881 1.268327 -0.834858
v -4.590881 1.268327 -0.834858
v -4.590881 1.263355 -0.772701
v -4.590881 1.253410 -0.834858
v -4.590881 1.263355 -0.772701
v -4.590881 1.248438 -0.772701
v -4.590881 1.253410 -0.834858
v -4.590881 1.263355 -0.897014
v -4.590881 1.253410 -0.834858
v -4.590881 1.248438 -0.897014
v -4.588395 1.275786 -0.897014
v -4.590881 1.268327 -0.834858
v -4.590881 1.263355 -0.897014
v -4.583423 1.290704 -0.897014
v -4.585909 1.283245 -0.834858
v -4.588395 1.275786 -0.897014
v -4.578450 1.303136 -0.897014
v -4.580936 1.298163 -0.834858
v -4.583423 1.290704 -0.897014
v -4.570992 1.318053 -0.897014
v -4.575964 1.310594 -0.834858
v -4.578450 1.303136 -0.897014
v -4.563533 1.327998 -0.897014
v -4.566019 1.323025 -0.834858
v -4.570992 1.318053 -0.897014
v -4.553588 1.340429 -0.897014
v -4.556074 1.335457 -0.834858
v -4.563533 1.327998 -0.897014
v -4.541156 1.347888 -0.897014
v -4.546129 1.345402 -0.834858
v -4.553588 1.340429 -0.897014
v -4.528725 1.355346 -0.897014
v -4.533697 1.352860 -0.834858
v -4.541156 1.347888 -0.897014
v -4.516294 1.362805 -0.897014
v -4.518780 1.360319 -0.834858
v -4.528725 1.355346 -0.897014
v -4.501376 1.367779 -0.897014
v -4.506349 1.367779 -0.834858
v -4.516294 1.362805 -0.897014
v -4.488945 1.370265 -0.897014
v -4.491431 1.370265 -0.834858
v -4.501376 1.367779 -0.897014
v -4.474028 1.372751 -0.897014
v -4.476514 1.372751 -0.834858
v -4.488945 1.370265 -0.897014
v -4.461596 1.372751 -0.834858
v -4.474028 1.372751 -0.897014
v -4.459109 1.372751 -0.897014
v -4.446678 1.370265 -0.834858
v -4.459109 1.372751 -0.897014
v -4.444192 1.370265 -0.897014
v -4.431761 1.367779 -0.834858
v -4.444192 1.370265 -0.897014
v -4.429275 1.367779 -0.897014
v -4.416843 1.362805 -0.834858
v -4.429275 1.367779 -0.897014
v -4.416843 1.362805 -0.897014
v -4.506349 1.367779 -0.834858
v -4.516294 1.362805 -0.772701
v -4.518780 1.360319 -0.834858
v -4.516294 1.362805 -0.772701
v -4.528725 1.355346 -0.772701
v -4.518780 1.360319 -0.834858
v -4.491431 1.370265 -0.834858
v -4.501376 1.367779 -0.772701
v -4.506349 1.367779 -0.834858
v -4.501376 1.367779 -0.772701
v -4.516294 1.362805 -0.772701
v -4.506349 1.367779 -0.834858
v -4.476514 1.372751 -0.834858
v -4.488945 1.370265 -0.772701
v -4.491431 1.370265 -0.834858
v -4.488945 1.370265 -0.772701
v -4.501376 1.367779 -0.772701
v -4.491431 1.370265 -0.834858
v -4.461596 1.372751 -0.834858
v -4.474028 1.372751 -0.772701
v -4.476514 1.372751 -0.834858
v -4.474028 1.372751 -0.772701
v -4.488945 1.370265 -0.772701
v -4.476514 1.372751 -0.834858
v -4.459109 1.372751 -0.772701
v -4.461596 1.372751 -0.834858
v -4.446678 1.370265 -0.834858
v -4.459109 1.372751 -0.772701
v -4.474028 1.372751 -0.772701
v -4.461596 1.372751 -0.834858
v -4.444192 1.370265 -0.772701
v -4.446678 1.370265 -0.834858
v -4.431761 1.367779 -0.834858
v -4.444192 1.370265 -0.772701
v -4.459109 1.372751 -0.772701
v -4.446678 1.370265 -0.834858
v -4.429275 1.367779 -0.772701
v -4.431761 1.367779 -0.834858
v -4.416843 1.362805 -0.834858
v -4.429275 1.367779 -0.772701
v -4.444192 1.370265 -0.772701
v -4.431761 1.367779 -0.834858
v -4.416843 1.362805 -0.772701
v -4.416843 1.362805 -0.834858
v -4.404412 1.355346 -0.897014
v -4.416843 1.362805 -0.772701
v -4.429275 1.367779 -0.772701
v -4.416843 1.362805 -0.834858
v -4.391980 1.347888 -0.772701
v -4.404412 1.355346 -0.897014
v -4.391980 1.347888 -0.897014
v -4.391980 1.347888 -0.772701
v -4.404412 1.355346 -0.772701
v -4.404412 1.355346 -0.897014
v -4.404412 1.355346 -0.772701
v -4.416843 1.362805 -0.772701
v -4.404412 1.355346 -0.897014
v -4.404412 1.355346 -0.897014
v -4.416843 1.362805 -0.834858
v -4.416843 1.362805 -0.897014
v -4.416843 1.362805 -0.834858
v -4.431761 1.367779 -0.834858
v -4.429275 1.367779 -0.897014
v -4.431761 1.367779 -0.834858
v -4.446678 1.370265 -0.834858
v -4.444192 1.370265 -0.897014
v -4.446678 1.370265 -0.834858
v -4.461596 1.372751 -0.834858
v -4.459109 1.372751 -0.897014
v -4.461596 1.372751 -0.834858
v -4.476514 1.372751 -0.834858
v -4.474028 1.372751 -0.897014
v -4.476514 1.372751 -0.834858
v -4.491431 1.370265 -0.834858
v -4.488945 1.370265 -0.897014
v -4.491431 1.370265 -0.834858
v -4.506349 1.367779 -0.834858
v -4.501376 1.367779 -0.897014
v -4.506349 1.367779 -0.834858
v -4.518780 1.360319 -0.834858
v -4.516294 1.362805 -0.897014
v -4.518780 1.360319 -0.834858
v -4.533697 1.352860 -0.834858
v -4.528725 1.355346 -0.897014
v -4.533697 1.352860 -0.834858
v -4.546129 1.345402 -0.834858
v -4.541156 1.347888 -0.897014
v -4.546129 1.345402 -0.834858
v -4.556074 1.335457 -0.834858
v -4.553588 1.340429 -0.897014
v -4.556074 1.335457 -0.834858
v -4.566019 1.323025 -0.834858
v -4.563533 1.327998 -0.897014
v -4.566019 1.323025 -0.834858
v -4.575964 1.310594 -0.834858
v -4.570992 1.318053 -0.897014
v -4.575964 1.310594 -0.834858
v -4.580936 1.298163 -0.834858
v -4.578450 1.303136 -0.897014
v -4.580936 1.298163 -0.834858
v -4.585909 1.283245 -0.834858
v -4.583423 1.290704 -0.897014
v -4.585909 1.283245 -0.834858
v -4.590881 1.268327 -0.834858
v -4.588395 1.275786 -0.897014
v -4.590881 1.268327 -0.834858
v -4.590881 1.253410 -0.834858
v -4.590881 1.263355 -0.897014
v -4.590881 1.253410 -0.834858
v -4.590881 1.248438 -0.772701
v -4.590881 1.248438 -0.897014
v -2.880333 0.199235 -0.772701
v -4.391980 1.347888 -0.897014
v -2.880333 0.199235 -0.897014
v -2.880333 0.199235 -0.772701
v -4.391980 1.347888 -0.772701
v -4.391980 1.347888 -0.897014
v -20.366211 -1.981216 -0.772701
v -20.366211 2.019179 -0.772701
v -20.366211 2.019179 -0.897014
v -20.366211 -1.981216 -0.772701
v -20.366211 2.019179 -0.897014
v -20.366211 -1.981216 -0.897014
v -20.366211 2.019179 -0.772701
v -9.287430 2.019179 -0.772701
v -9.287430 2.019179 -0.897014
v -20.366211 2.019179 -0.897014
v -20.366211 2.019179 -0.772701
v -9.287430 2.019179 -0.897014
v -9.287430 2.019179 -0.772701
v -9.287430 -1.981216 -0.772701
v -9.287430 -1.981216 -0.897014
v -9.287430 2.019179 -0.897014
v -9.287430 2.019179 -0.772701
v -9.287430 -1.981216 -0.897014
v -9.287430 -1.981216 -0.772701
v -20.366211 -1.981216 -0.772701
v -20.366211 -1.981216 -0.897014
v -9.287430 -1.981216 -0.772701
v -20.366211 -1.981216 -0.897014
v -9.287430 -1.981216 -0.897014
v -20.366211 2.019710 -0.897498
v -9.287430 2.019710 -0.897498
v -9.287430 -1.980684 -0.897498
v -20.366211 -1.980684 -0.897498
v -20.366211 2.019710 -0.897498
v -9.287430 -1.980684 -0.897498
v -9.287430 2.019710 -0.773185
v -20.366211 -1.980684 -0.773185
v -9.287430 -1.980684 -0.773185
v -9.287430 2.019710 -0.773185
v -20.366211 2.019710 -0.773185
v -20.366211 -1.980684 -0.773185
vn -0.0000 1.0000 -0.0000
vn -0.4230 0.4296 0.7978
vn -0.5649 0.2160 0.7964
vn -0.4232 0.4296 0.7977
vn -0.5649 0.2161 0.7964
vn -0.0000 -0.0000 -0.0000
vn -0.0003 1.0000 -0.0000
vn -0.5648 0.2162 0.7964
vn -0.0000 1.0000 -0.0020
vn 1.0000 -0.0000 -0.0000
vn -0.0000 -0.0000 1.0000
vn 0.0690 0.7851 -0.6155
vn -0.0000 0.0020 1.0000
vn -0.4093 0.2361 0.8813
vn -0.3345 0.3406 0.8787
vn -0.4231 0.4296 0.7978
vn 0.0196 0.6871 0.7263
vn 0.0516 0.7076 0.7047
vn 0.0970 0.7382 0.6676
vn 0.3927 0.8509 0.3491
vn 0.4072 0.8518 0.3295
vn 0.4295 0.8529 0.2967
vn -0.2908 -0.8286 -0.4784
vn -0.3196 -0.8366 -0.4449
vn -0.2679 -0.8226 -0.5016
vn 0.0196 -0.7263 0.6871
vn -0.0870 -0.7949 0.6005
vn -0.7021 -0.4848 0.5216
vn -0.6946 -0.4188 0.5849
vn -0.7049 -0.5212 0.4811
vn 0.6466 0.2186 -0.7309
vn 0.6118 0.1247 -0.7811
vn 0.5547 0.0026 -0.8320
vn -0.6516 -0.2361 0.7209
vn -0.6562 -0.2292 0.7190
vn -0.6782 -0.3325 0.6554
vn -0.6517 -0.2361 0.7208
vn -0.6153 -0.1344 0.7767
vn -0.6561 -0.2292 0.7190
vn -0.6154 -0.1344 0.7767
vn -0.6562 -0.2291 0.7190
vn -0.5232 0.0559 0.8504
vn -0.5761 -0.8166 -0.0363
vn -0.5934 -0.8049 0.0055
vn -0.5565 -0.8276 -0.0742
vn -0.5438 -0.8331 -0.1013
vn -0.5564 -0.8276 -0.0742
vn -0.5280 -0.8389 -0.1320
vn -0.4757 -0.8514 -0.2211
vn -0.4930 -0.8478 -0.1954
vn -0.4557 -0.8532 -0.2538
vn -0.1832 -0.7846 -0.5923
vn -0.2157 -0.8014 -0.5579
vn -0.1444 -0.7641 -0.6287
vn -0.2419 -0.8126 -0.5303
vn -0.2680 -0.8226 -0.5016
vn -0.2158 -0.8014 -0.5578
vn -0.1158 -0.7482 -0.6533
vn -0.1443 -0.7641 -0.6288
vn -0.0817 -0.7291 -0.6795
vn -0.0427 -0.7008 -0.7121
vn -0.0816 -0.7291 -0.6795
vn 0.0111 -0.6626 -0.7489
vn -0.0000 -0.0000 -1.0000
vn 0.1146 0.5512 -0.8265
vn 0.2146 0.8436 0.4922
vn 0.2175 -0.4713 -0.8547
vn 0.1737 -0.5213 -0.8355
vn 0.1176 -0.5765 -0.8086
vn 0.3693 -0.2966 -0.8807
vn 0.2926 -0.3932 -0.8717
vn 0.3364 -0.3303 -0.8819
vn 0.3364 -0.3304 -0.8819
vn 0.2175 -0.4712 -0.8548
vn 0.2926 -0.3931 -0.8717
vn 0.2366 -0.4550 -0.8585
vn 0.2175 -0.4711 -0.8548
vn 0.4453 -0.1859 -0.8759
vn 0.3692 -0.2967 -0.8807
vn 0.4452 -0.1729 -0.8786
vn 0.4454 -0.1859 -0.8758
vn 0.5547 0.0027 -0.8321
vn 0.4967 -0.0999 -0.8622
vn 0.4452 -0.1728 -0.8786
vn 0.3807 0.7489 -0.5425
vn 0.3822 0.7543 0.5338
vn 0.6961 0.6205 -0.3611
vn 0.7011 0.5748 -0.4220
vn 0.7021 0.5215 -0.4848
vn 0.7021 0.5216 -0.4848
vn 0.7009 0.4573 -0.5474
vn 0.6895 0.3794 -0.6169
vn 0.6895 0.3794 -0.6170
vn 0.6712 0.3001 -0.6778
vn 0.6465 0.2186 -0.7309
vn 0.6715 0.7023 -0.2364
vn 0.6859 0.6661 -0.2931
vn 0.6962 0.6203 -0.3613
vn 0.6461 0.7488 -0.1479
vn 0.6619 0.7238 -0.1949
vn 0.6711 0.7027 -0.2363
vn 0.6135 0.7876 -0.0571
vn 0.6324 0.7678 -0.1029
vn -0.4432 -0.8525 -0.2770
vn -0.4237 -0.8536 -0.3031
vn -0.5086 -0.8447 -0.1665
vn -0.5280 -0.8390 -0.1320
vn -0.6115 -0.7899 0.0453
vn -0.6236 -0.7775 0.0812
vn -0.5946 -0.8040 0.0083
vn -0.7027 -0.5594 0.4396
vn -0.7027 -0.5596 0.4395
vn -0.7049 -0.5212 0.4810
vn -0.7026 -0.5833 0.4076
vn -0.6989 -0.6065 0.3791
vn -0.7026 -0.5832 0.4077
vn 0.0279 -0.4500 -0.8926
vn -0.0705 -0.9786 0.1933
vn -0.8385 -0.4907 -0.2370
vn -0.0925 -0.0608 -0.9939
vn -0.6691 -0.7069 0.2293
vn -0.6831 -0.6736 0.2822
vn -0.6541 -0.7367 0.1712
vn -0.6373 -0.7619 0.1156
vn -0.6542 -0.7367 0.1712
vn -0.6237 -0.7774 0.0813
vn -0.1361 0.5563 0.8198
vn -0.0870 0.6005 0.7949
vn -0.2052 0.4888 0.8479
vn 0.0971 0.7382 0.6676
vn 0.1316 0.7569 0.6402
vn 0.1669 0.7770 0.6070
vn 0.1670 0.7769 0.6070
vn 0.1996 0.7919 0.5771
vn 0.2125 0.8005 0.5604
vn 0.1995 0.7920 0.5771
vn 0.2288 0.8071 0.5442
vn 0.2124 0.8005 0.5604
vn 0.2616 0.8190 0.5107
vn 0.2875 0.8281 0.4813
vn 0.3069 0.8330 0.4604
vn 0.2125 0.8005 0.5603
vn 0.3069 0.8330 0.4603
vn 0.3257 0.8393 0.4353
vn 0.3474 0.8449 0.4068
vn 0.3722 0.8475 0.3784
vn 0.3927 0.8508 0.3491
vn 0.4481 0.8532 0.2670
vn 0.4658 0.8524 0.2375
vn 0.4658 0.8525 0.2375
vn 0.4852 0.8500 0.2050
vn 0.4996 0.8468 0.1825
vn 0.4997 0.8468 0.1825
vn 0.5173 0.8424 0.1508
vn 0.5337 0.8371 0.1196
vn 0.5338 0.8371 0.1196
vn 0.5492 0.8309 0.0891
vn 0.5683 0.8215 0.0478
vn 0.5829 0.8123 0.0166
vn 0.6012 0.7988 -0.0222
vn -0.3382 -0.8424 -0.4196
vn -0.3569 -0.8453 -0.3976
vn -0.3779 -0.8494 -0.3685
vn -0.4012 -0.8522 -0.3359
vn -0.2713 0.4207 0.8657
vn -0.0000 -1.0000 -0.0000
vn -0.5674 -0.2127 0.7955
vn -0.5673 -0.2127 0.7955
vn -0.5674 -0.2128 0.7955
vn -0.0000 -1.0000 -0.0020
vn 0.0572 0.7777 0.6261
vn -0.0000 0.0019 -1.0000
vn -0.3345 -0.3406 0.8787
vn -0.3882 -0.2679 0.8818
vn -0.4547 -0.1702 0.8742
vn 0.0605 -0.7144 0.6971
vn 0.0196 -0.6871 0.7263
vn 0.0970 -0.7382 0.6676
vn 0.4096 -0.8533 0.3227
vn 0.3958 -0.8507 0.3459
vn 0.4267 -0.8532 0.2999
vn -0.3224 0.8390 -0.4383
vn -0.2941 0.8291 -0.4755
vn -0.2679 0.8226 -0.5016
vn -0.0368 -0.6417 0.7660
vn -0.0961 -0.5912 0.8008
vn -0.6946 0.4188 0.5849
vn -0.7022 0.4882 0.5183
vn -0.7052 0.5047 0.4980
vn -0.6989 0.6066 0.3791
vn -0.6895 0.6472 0.3252
vn -0.7004 0.5980 0.3898
vn -0.6895 0.6473 0.3250
vn -0.6797 0.6829 0.2678
vn -0.6805 0.6806 0.2715
vn -0.7035 0.5500 0.4501
vn -0.6989 0.6065 0.3792
vn -0.7004 0.5978 0.3899
vn -0.6796 0.6829 0.2681
vn -0.6681 0.7089 0.2259
vn -0.6805 0.6805 0.2716
vn 0.6013 -0.1056 -0.7920
vn 0.6413 -0.2013 -0.7404
vn 0.5451 0.0164 -0.8382
vn -0.6541 0.2223 0.7230
vn -0.6593 0.2644 0.7038
vn -0.6921 0.3758 0.6163
vn 0.3798 -0.8795 0.2869
vn 0.3104 -0.7959 0.5198
vn -0.6796 0.3398 0.6501
vn -0.6921 0.3757 0.6163
vn -0.6212 0.1508 0.7690
vn -0.6593 0.2644 0.7039
vn -0.6541 0.2222 0.7230
vn -0.5673 -0.2128 0.7955
vn -0.5264 -0.0559 0.8484
vn -0.5908 0.8068 -0.0000
vn -0.5761 0.8166 -0.0363
vn -0.5585 0.8264 -0.0712
vn -0.5585 0.8264 -0.0713
vn -0.5438 0.8331 -0.1013
vn -0.5257 0.8399 -0.1351
vn -0.4931 0.8478 -0.1954
vn -0.4783 0.8507 -0.2180
vn -0.4557 0.8532 -0.2538
vn -0.2158 0.8014 -0.5579
vn -0.1896 0.7891 -0.5842
vn -0.1508 0.7690 -0.6212
vn -0.2419 0.8125 -0.5303
vn -0.1508 0.7690 -0.6213
vn -0.1095 0.7458 -0.6571
vn -0.0756 0.7237 -0.6860
vn -0.0756 0.7237 -0.6859
vn -0.0369 0.6980 -0.7151
vn 0.0196 0.6578 -0.7530
vn 0.1643 0.5319 -0.8307
vn 0.2366 0.4550 -0.8585
vn 0.2174 0.4712 -0.8548
vn 0.1643 0.5320 -0.8307
vn 0.2174 0.4713 -0.8548
vn 0.1083 0.5829 -0.8053
vn 0.3015 0.3807 -0.8742
vn 0.3693 0.2966 -0.8807
vn 0.3364 0.3303 -0.8819
vn 0.3015 0.3807 -0.8741
vn 0.3363 0.3303 -0.8819
vn 0.2175 0.4712 -0.8548
vn 0.3015 0.3806 -0.8742
vn 0.3692 0.2967 -0.8807
vn 0.4453 0.1859 -0.8759
vn 0.3364 0.3304 -0.8819
vn 0.4453 0.1858 -0.8759
vn 0.4486 0.1730 -0.8768
vn 0.5001 0.1000 -0.8602
vn -0.6407 0.7274 0.2456
vn -0.6894 0.7029 -0.1752
vn 0.7011 -0.5749 -0.4219
vn 0.6942 -0.6288 -0.3503
vn 0.7023 -0.5084 -0.4983
vn 0.7007 -0.4538 -0.5505
vn 0.7023 -0.5083 -0.4983
vn 0.6895 -0.3794 -0.6169
vn 0.6670 -0.2822 -0.6895
vn 0.6895 -0.3794 -0.6170
vn 0.6413 -0.2014 -0.7404
vn 0.6848 -0.6688 -0.2894
vn 0.6721 -0.7005 -0.2399
vn 0.6941 -0.6288 -0.3504
vn 0.6630 -0.7219 -0.1983
vn 0.6485 -0.7454 -0.1546
vn 0.6721 -0.7005 -0.2398
vn 0.6337 -0.7663 -0.1061
vn 0.6186 -0.7826 -0.0690
vn 0.6484 -0.7454 -0.1545
vn 0.6148 -0.7864 -0.0600
vn -0.4403 0.8530 -0.2802
vn -0.4185 0.8525 -0.3131
vn -0.4012 0.8522 -0.3359
vn -0.5257 0.8399 -0.1352
vn -0.5061 0.8456 -0.1697
vn -0.4930 0.8478 -0.1954
vn -0.6237 0.7774 0.0812
vn -0.6077 0.7933 0.0366
vn -0.7034 0.5501 0.4501
vn -0.7052 0.5047 0.4979
vn -0.7034 0.5501 0.4500
vn -0.7003 0.5980 0.3898
vn -0.7004 0.5979 0.3898
vn -0.6804 0.6804 0.2721
vn -0.6682 0.7089 0.2259
vn -0.6553 0.7349 0.1746
vn -0.6402 0.7568 0.1317
vn -0.6237 0.7774 0.0813
vn -0.6661 0.7130 0.2190
vn -0.6552 0.7350 0.1746
vn -0.0961 -0.5911 0.8009
vn -0.1549 -0.5390 0.8280
vn -0.2052 -0.4887 0.8480
vn 0.1285 -0.7557 0.6422
vn 0.0971 -0.7382 0.6676
vn 0.1669 -0.7769 0.6070
vn 0.1963 -0.7910 0.5795
vn 0.1670 -0.7770 0.6070
vn 0.2125 -0.8005 0.5604
vn 0.2355 -0.8086 0.5392
vn 0.1962 -0.7910 0.5795
vn 0.2124 -0.8005 0.5604
vn 0.2779 -0.8243 0.4933
vn 0.2550 -0.8177 0.5161
vn 0.3036 -0.8326 0.4633
vn 0.2355 -0.8086 0.5391
vn 0.3257 -0.8393 0.4353
vn 0.3037 -0.8326 0.4632
vn 0.3474 -0.8449 0.4068
vn 0.3722 -0.8475 0.3784
vn 0.4452 -0.8537 0.2702
vn 0.4266 -0.8533 0.2998
vn 0.4658 -0.8524 0.2374
vn 0.4853 -0.8500 0.2050
vn 0.4658 -0.8525 0.2374
vn 0.4997 -0.8468 0.1825
vn 0.5173 -0.8424 0.1507
vn 0.4997 -0.8467 0.1825
vn 0.5361 -0.8361 0.1166
vn 0.5492 -0.8309 0.0891
vn 0.5361 -0.8361 0.1165
vn 0.5635 -0.8240 0.0594
vn 0.5999 -0.7998 -0.0195
vn 0.5843 -0.8113 0.0193
vn 0.5916 -0.8062 -0.0084
vn 0.5999 -0.7999 -0.0194
vn 0.5916 -0.8062 -0.0083
vn 0.5999 -0.7998 -0.0194
vn 0.6187 -0.7826 -0.0690
vn 0.5843 -0.8113 0.0194
vn -0.3596 0.8473 -0.3909
vn -0.3382 0.8423 -0.4196
vn -0.3840 0.8493 -0.3622
vn -0.3596 0.8473 -0.3908
vn -0.2052 -0.4889 0.8479
vn -0.2678 -0.4200 0.8671
vn -0.0020 -0.0000 -1.0000
vn -0.0039 -0.0000 -1.0000
vn -1.0000 -0.0000 -0.0000
vn -0.0039 0.0001 -1.0000
vn -0.0039 -0.0001 -1.0000
vn -1.0000 -0.0000 0.0006
vn 0.2732 -0.0000 -0.9620
vn 0.2145 -0.0000 -0.9767
vn 0.1878 -0.0000 -0.9822
vn 0.2172 -0.0000 -0.9761
vn 0.2703 -0.0000 -0.9628
vn 0.1198 -0.0000 -0.9928
vn 0.1222 -0.0000 -0.9925
vn -0.3530 -0.0000 -0.9356
vn -0.2391 -0.0000 -0.9710
vn -0.5690 -0.0000 -0.8224
vn -0.4492 -0.0000 -0.8934
vn -0.4808 -0.0000 -0.8768
vn -0.6484 -0.0000 -0.7613
vn -0.5692 -0.0000 -0.8222
vn -0.5692 0.0001 -0.8222
vn -0.7486 -0.0000 -0.6630
vn -0.6775 -0.0000 -0.7356
vn -0.6483 -0.0000 -0.7614
vn -0.6775 -0.0000 -0.7355
vn -0.8330 -0.0000 -0.5533
vn -0.8136 -0.0000 -0.5814
vn -0.7487 -0.0000 -0.6629
vn -0.8852 -0.0000 -0.4652
vn -0.8329 -0.0000 -0.5535
vn -0.9903 -0.0000 -0.1392
vn -0.9947 -0.0000 -0.1031
vn -0.9947 -0.0000 0.1031
vn -0.9749 -0.0000 0.2226
vn -0.9903 -0.0000 0.1392
vn -0.9947 -0.0000 0.1030
vn -0.9749 -0.0000 0.2227
vn -0.9667 -0.0000 0.2561
vn -0.9902 -0.0000 0.1393
vn -0.9345 -0.0000 0.3559
vn -0.9667 -0.0000 0.2559
vn -0.8852 -0.0000 0.4652
vn -0.9344 -0.0000 0.3562
vn -0.8328 -0.0000 0.5535
vn -0.8135 -0.0000 0.5815
vn -0.7614 -0.0000 0.6483
vn -0.7355 -0.0000 0.6775
vn -0.6630 -0.0000 0.7486
vn -0.1199 -0.0000 0.9928
vn -0.2393 -0.0000 0.9710
vn 0.0666 -0.0000 0.9978
vn 0.1031 -0.0000 0.9947
vn -0.1197 -0.0000 0.9928
vn -0.0535 -0.0000 0.9986
vn 0.1877 -0.0000 0.9822
vn 0.2171 -0.0000 0.9761
vn 0.2172 -0.0000 0.9761
vn 0.1878 -0.0000 0.9822
vn 0.2703 -0.0000 0.9628
vn 0.1392 -0.0000 0.9903
vn -0.4650 -0.0000 0.8853
vn -0.5534 0.0001 0.8329
vn -0.3532 -0.0000 0.9356
vn -0.4651 -0.0000 0.8852
vn -0.2392 -0.0000 0.9710
vn -0.3530 -0.0000 0.9356
vn -0.4651 -0.0000 0.8853
vn 0.2145 -0.0000 0.9767
vn 0.2732 -0.0000 0.9620
vn 0.2144 -0.0000 0.9767
vn 0.2731 -0.0000 0.9620
vn 0.1393 -0.0000 0.9902
vn -0.1747 -0.0000 0.9846
vn 0.2702 -0.0000 0.9628
vn -0.1748 -0.0000 0.9846
vn -0.2934 -0.0000 0.9560
vn -0.5814 -0.0000 0.8136
vn -0.5124 -0.0000 0.8587
vn -0.6121 -0.0000 0.7908
vn -0.5817 -0.0000 0.8134
vn -0.6124 -0.0000 0.7905
vn -0.6632 -0.0000 0.7485
vn -0.6629 -0.0000 0.7487
vn -0.7029 -0.0000 0.7113
vn -0.5815 -0.0000 0.8135
vn -0.7031 -0.0000 0.7111
vn -0.7357 -0.0000 0.6773
vn -0.7354 -0.0000 0.6777
vn -0.7028 -0.0000 0.7114
vn -0.7858 -0.0000 0.6185
vn -0.5536 -0.0000 0.8328
vn -0.5816 -0.0000 0.8135
vn -0.6631 -0.0000 0.7486
vn -0.7861 -0.0000 0.6181
vn -0.8137 -0.0000 0.5813
vn -0.8135 -0.0000 0.5816
vn -0.7859 -0.0000 0.6184
vn -0.8548 -0.0000 0.5190
vn -0.8550 -0.0000 0.5187
vn -0.8853 -0.0000 0.4649
vn -0.8851 -0.0000 0.4653
vn -0.8547 -0.0000 0.5191
vn -0.9112 -0.0000 0.4119
vn -0.8853 -0.0000 0.4650
vn -0.9114 -0.0000 0.4115
vn -0.9345 -0.0000 0.3560
vn -0.9542 -0.0000 0.2991
vn -0.7615 -0.0000 0.6482
vn -0.8136 -0.0000 0.5814
vn -0.8329 -0.0000 0.5534
vn -0.9541 -0.0000 0.2994
vn -0.9666 -0.0000 0.2562
vn -0.9667 -0.0000 0.2560
vn -0.9542 -0.0000 0.2992
vn -0.9832 -0.0000 0.1825
vn -0.8852 -0.0000 0.4651
vn -0.9749 -0.0000 0.2228
vn -0.9832 -0.0000 0.1824
vn -0.9981 -0.0000 0.0622
vn -0.9981 -0.0000 -0.0622
vn -0.9412 -0.0000 -0.3378
vn -0.9542 -0.0000 -0.2991
vn -0.9114 -0.0000 -0.4115
vn -0.8853 -0.0000 -0.4650
vn -0.8851 -0.0000 -0.4653
vn -0.9112 -0.0000 -0.4119
vn -0.8547 -0.0000 -0.5191
vn -0.8854 -0.0000 -0.4649
vn -0.8550 -0.0000 -0.5187
vn -0.8135 -0.0000 -0.5816
vn -0.8548 -0.0000 -0.5189
vn -0.7859 -0.0000 -0.6184
vn -0.8137 -0.0000 -0.5814
vn -0.7861 -0.0000 -0.6181
vn -0.7488 -0.0000 -0.6628
vn -0.7484 -0.0000 -0.6632
vn -0.7857 -0.0000 -0.6185
vn -0.7028 -0.0000 -0.7114
vn -0.7031 -0.0000 -0.7111
vn -0.6776 -0.0000 -0.7354
vn -0.6774 -0.0000 -0.7356
vn -0.6121 -0.0000 -0.7908
vn -0.8135 -0.0000 -0.5815
vn -0.6777 -0.0000 -0.7354
vn -0.6124 -0.0000 -0.7905
vn -0.5693 -0.0000 -0.8221
vn -0.5690 -0.0000 -0.8223
vn -0.6121 -0.0000 -0.7907
vn -0.5124 -0.0000 -0.8587
vn -0.5125 -0.0000 -0.8587
vn -0.4493 -0.0000 -0.8934
vn -0.4494 -0.0000 -0.8933
vn -0.5126 -0.0000 -0.8586
vn -0.4055 -0.0000 -0.9141
vn -0.9285 -0.0000 -0.3713
vn -0.4053 -0.0000 -0.9142
vn -0.3529 -0.0000 -0.9357
vn -0.3531 -0.0000 -0.9356
vn -0.2935 -0.0000 -0.9560
vn -0.8328 -0.0000 -0.5535
vn -0.2934 -0.0000 -0.9560
vn -0.2393 -0.0000 -0.9710
vn -0.1748 -0.0000 -0.9846
vn 0.2144 -0.0000 -0.9767
vn 0.2731 -0.0000 -0.9620
vn 0.2171 -0.0000 -0.9761
vn 0.2702 -0.0000 -0.9628
vn 0.1197 -0.0000 -0.9928
vn 0.1877 -0.0000 -0.9822
vn 0.0666 -0.0000 -0.9978
vn 0.1221 -0.0000 -0.9925
vn 0.0179 -0.0000 -0.9998
vn -0.0535 -0.0000 -0.9986
vn -0.1197 -0.0000 -0.9928
vn -0.1747 -0.0000 -0.9846
vn -0.1198 -0.0000 -0.9928
vn -0.4054 -0.0000 -0.9141
vn -0.2392 -0.0000 -0.9710
vn -0.4811 -0.0000 -0.8767
vn -0.4056 -0.0000 -0.9141
vn -0.6122 -0.0000 -0.7907
vn -0.5691 -0.0000 -0.8223
vn -0.4809 -0.0000 -0.8768
vn -0.6482 -0.0000 -0.7615
vn -0.4810 -0.0000 -0.8767
vn -0.3532 -0.0000 -0.9356
vn -0.7030 -0.0000 -0.7112
vn -0.7858 -0.0000 -0.6184
vn -0.7485 -0.0000 -0.6631
vn -0.0179 -0.0000 -0.9998
vn -0.8548 -0.0000 -0.5190
vn -0.8328 -0.0000 -0.5536
vn -0.9832 -0.0000 -0.1825
vn -0.9947 -0.0000 -0.1032
vn -0.9710 -0.0000 -0.2392
vn -0.9947 -0.0000 -0.1030
vn -0.9832 -0.0000 -0.1824
vn -0.9902 -0.0000 -0.1393
vn -0.9709 -0.0000 -0.2393
vn -0.9709 -0.0000 -0.2394
vn -0.9411 -0.0000 -0.3381
vn -0.9710 -0.0000 -0.2391
vn -0.9947 -0.0000 0.1032
vn -0.9344 -0.0000 0.3563
vn -0.8330 -0.0000 0.5533
vn -0.8328 -0.0000 0.5536
vn -0.8548 -0.0000 0.5189
vn -0.7615 -0.0000 0.6481
vn -0.7613 -0.0000 0.6484
vn -0.1198 -0.0000 0.9928
vn -0.2391 -0.0000 0.9710
vn -0.3531 -0.0000 0.9356
vn -0.4053 -0.0000 0.9142
vn -0.3529 -0.0000 0.9356
vn -0.2935 -0.0000 0.9560
vn -0.4054 -0.0000 0.9141
vn 0.1032 -0.0000 0.9947
vn -0.2933 -0.0000 0.9560
vn -0.4055 -0.0000 0.9141
vn -0.4652 -0.0000 0.8852
vn -0.5126 -0.0000 0.8586
vn -0.5125 -0.0000 0.8587
vn -0.5815 -0.0000 0.8136
vn -0.5534 -0.0000 0.8329
vn -0.5533 -0.0000 0.8330
vn -0.4056 -0.0000 0.9141
vn -0.5127 -0.0000 0.8586
vn -0.7030 -0.0000 0.7112
vn -0.7614 -0.0000 0.6482
vn -0.6122 -0.0000 0.7907
vn -0.9542 -0.0000 -0.2992
vn -0.9541 -0.0000 -0.2994
vn -0.9284 -0.0000 -0.3715
vn -0.2393 -0.0000 -0.9709
vn -0.1199 -0.0000 -0.9928
vn -0.9285 -0.0000 -0.3712
vn -0.0000 -0.9707 0.2405
vn -0.0000 -0.9471 -0.3208
vn -0.0000 1.0000 0.0001
vn -0.0000 1.0000 -0.0001
vn 0.9928 0.0022 0.1200
vn 0.9841 -0.0023 0.1777
vn 0.9982 -0.0021 0.0602
vn 1.0000 0.0019 -0.0000
vn 0.9982 -0.0022 0.0602
vn 0.9982 -0.0022 -0.0602
vn 0.9928 0.0022 -0.1200
vn 0.9982 -0.0021 -0.0602
vn 0.9841 -0.0023 -0.1777
vn 0.9715 0.0023 -0.2369
vn 0.9841 -0.0023 -0.1776
vn 0.9558 -0.0025 -0.2940
vn 0.9353 0.0026 -0.3539
vn 0.9558 -0.0024 -0.2941
vn 0.9137 -0.0025 -0.4064
vn 0.8864 0.0026 -0.4629
vn 0.9138 -0.0026 -0.4063
vn 0.8581 -0.0027 -0.5135
vn 0.8234 0.0028 -0.5674
vn 0.8578 -0.0027 -0.5139
vn 0.7895 -0.0027 -0.6137
vn 0.7500 0.0028 -0.6615
vn 0.7896 -0.0028 -0.6136
vn 0.7098 -0.0028 -0.7044
vn 0.6642 0.0027 -0.7476
vn 0.7097 -0.0028 -0.7045
vn 0.6225 -0.0028 -0.7826
vn 0.5702 0.0028 -0.8215
vn 0.6226 -0.0027 -0.7826
vn 0.5231 -0.0027 -0.8523
vn 0.4694 0.0027 -0.8830
vn 0.5232 -0.0027 -0.8522
vn 0.4158 -0.0026 -0.9095
vn 0.3569 0.0025 -0.9341
vn 0.4157 -0.0026 -0.9095
vn 0.2817 -0.0000 -0.9595
vn 0.1392 -0.0000 -0.9903
vn -0.2227 -0.0000 -0.9749
vn -0.2588 -0.0000 -0.9659
vn -0.2226 -0.0000 -0.9749
vn -0.4461 -0.0000 -0.8950
vn -0.6482 -0.0000 -0.7614
vn -0.5690 0.0001 -0.8223
vn -0.6776 -0.0000 -0.7355
vn -0.8113 -0.0000 -0.5846
vn -0.8329 -0.0000 -0.5534
vn -0.9998 -0.0000 -0.0179
vn -0.9949 -0.0000 -0.1007
vn -0.9998 -0.0000 0.0199
vn -0.9749 -0.0000 0.2225
vn -0.9899 -0.0000 0.1416
vn -0.9947 -0.0000 0.1029
vn -0.9344 -0.0000 0.3564
vn -0.8113 -0.0000 0.5847
vn -0.7486 -0.0000 0.6630
vn -0.8113 -0.0000 0.5846
vn -0.6631 -0.0000 0.7485
vn -0.7487 -0.0000 0.6629
vn -0.5503 -0.0000 0.8350
vn -0.6630 -0.0000 0.7487
vn -0.0179 -0.0000 0.9998
vn -0.1392 -0.0000 0.9903
vn -0.4808 -0.0000 0.8768
vn -0.4461 -0.0000 0.8950
vn -0.5502 -0.0000 0.8350
vn -0.3715 -0.0000 0.9284
vn -0.4464 -0.0000 0.8949
vn -0.4810 -0.0000 0.8767
vn -0.9345 -0.0000 -0.3559
vn -0.8114 -0.0000 -0.5845
vn -0.7486 -0.0000 -0.6631
vn -0.8113 -0.0000 -0.5847
vn -0.3560 -0.0000 -0.9345
vn -0.3561 -0.0000 -0.9345
vn 0.1009 -0.0000 -0.9949
vn 0.1393 -0.0000 -0.9902
vn 0.4693 0.0026 -0.8830
vn 0.5703 0.0028 -0.8214
vn 0.6645 0.0028 -0.7473
vn 0.6228 -0.0027 -0.7823
vn 0.5705 0.0027 -0.8213
vn 0.7501 0.0028 -0.6613
vn 0.7100 -0.0027 -0.7042
vn 0.8237 0.0027 -0.5671
vn 0.7898 -0.0028 -0.6134
vn 0.7501 0.0027 -0.6613
vn 0.8863 0.0026 -0.4631
vn 0.8579 -0.0027 -0.5138
vn 0.8235 0.0027 -0.5673
vn 0.9353 0.0025 -0.3538
vn 0.9715 0.0024 -0.2372
vn 0.9557 -0.0024 -0.2943
vn 0.9352 0.0025 -0.3541
vn 0.9715 0.0024 -0.2369
vn 1.0000 0.0020 0.0001
vn 0.9982 -0.0021 -0.0601
vn 0.9928 0.0022 -0.1199
vn 0.9928 0.0021 0.1199
vn 0.9982 -0.0021 0.0601
vn 1.0000 0.0019 -0.0001
vn 0.9715 0.0024 0.2369
vn 0.9715 0.0023 0.2368
vn 0.9558 -0.0025 0.2940
vn 0.9841 -0.0023 0.1776
vn 0.9352 0.0025 0.3541
vn 0.9557 -0.0025 0.2943
vn 0.9715 0.0023 0.2372
vn 0.1417 -0.0000 0.9899
vn 0.0199 -0.0000 0.9998
vn -0.1007 -0.0000 0.9949
vn -0.1393 -0.0000 0.9902
vn -0.1008 -0.0000 0.9949
vn -0.2200 -0.0000 0.9755
vn -0.2560 -0.0000 0.9667
vn -0.2199 -0.0000 0.9755
vn -0.3349 -0.0000 0.9422
vn -0.8114 -0.0000 0.5845
vn -0.9660 -0.0000 0.2587
vn -0.9659 -0.0000 0.2589
vn -0.9899 -0.0000 0.1418
vn -0.9658 -0.0000 0.2592
vn -0.9748 -0.0000 0.2230
vn -0.8854 -0.0000 0.4649
vn -0.7486 -0.0000 0.6631
vn 0.8864 0.0026 0.4629
vn 0.9138 -0.0027 0.4063
vn 0.9353 0.0024 0.3538
vn 0.9353 0.0026 0.3539
vn 0.9137 -0.0025 0.4064
vn 0.9558 -0.0024 0.2941
vn 0.8235 0.0028 0.5673
vn 0.8579 -0.0027 0.5138
vn 0.8863 0.0027 0.4631
vn 0.8581 -0.0028 0.5136
vn 0.9138 -0.0026 0.4063
vn 0.7501 0.0028 0.6613
vn 0.7898 -0.0027 0.6134
vn 0.8237 0.0028 0.5671
vn 0.8234 0.0028 0.5674
vn 0.7895 -0.0027 0.6137
vn 0.8578 -0.0026 0.5139
vn 0.6645 0.0028 0.7473
vn 0.7100 -0.0028 0.7042
vn 0.7500 0.0028 0.6615
vn 0.7098 -0.0028 0.7044
vn 0.7896 -0.0028 0.6136
vn 0.5705 0.0027 0.8213
vn 0.6228 -0.0027 0.7823
vn 0.6642 0.0028 0.7476
vn 0.6225 -0.0028 0.7826
vn 0.7097 -0.0028 0.7045
vn 0.4694 0.0026 0.8830
vn 0.5232 -0.0027 0.8522
vn 0.5703 0.0027 0.8214
vn 0.5702 0.0028 0.8215
vn 0.5231 -0.0027 0.8523
vn 0.6226 -0.0027 0.7826
vn 0.3569 0.0025 0.9341
vn 0.4157 -0.0026 0.9095
vn 0.4693 0.0026 0.8830
vn 0.4694 0.0027 0.8830
vn 0.4158 -0.0025 0.9095
vn 0.5232 -0.0026 0.8522
vn 0.2173 0.0001 0.9761
vn 0.2790 0.0001 0.9603
vn 0.3570 0.0026 0.9341
vn 0.3569 0.0025 0.9342
vn 0.2788 -0.0000 0.9603
vn 0.2789 -0.0000 0.9603
vn 0.1418 -0.0000 0.9899
vn 0.1032 0.0001 0.9947
vn -0.2198 -0.0000 0.9755
vn 0.1393 -0.0000 -0.9903
vn -0.6485 -0.0000 -0.7613
vn -0.6485 -0.0000 -0.7612
vn -0.4463 -0.0000 -0.8949
vn -0.3532 0.0001 -0.9355
vn -0.9902 -0.0000 -0.1394
vn -0.9709 -0.0000 -0.2395
vn -0.9344 -0.0000 -0.3564
vn -0.9903 -0.0000 -0.1391
vn -0.9949 -0.0000 -0.1006
vn -0.9710 -0.0000 -0.2390
vn -0.9899 -0.0000 0.1417
vn -0.7488 -0.0000 0.6628
vn -0.7027 -0.0000 0.7115
vn -0.7485 -0.0000 0.6632
vn -0.2559 -0.0000 0.9667
vn -0.3713 -0.0000 0.9285
vn -0.2561 -0.0000 0.9667
vn -0.1394 -0.0000 0.9902
vn -0.2561 -0.0000 0.9666
vn -0.3714 -0.0000 0.9285
vn -0.3349 -0.0000 0.9423
vn -0.4809 -0.0000 0.8768
vn -0.5815 0.0001 0.8135
vn -0.4809 -0.0000 0.8767
vn -0.9344 -0.0000 -0.3563
vn -0.8547 -0.0000 -0.5190
vn -0.9345 -0.0000 -0.3560
vn 0.1007 -0.0000 -0.9949
vn 0.5877 0.8091 -0.0000
vn 0.5877 0.8090 -0.0000
vn 0.5877 -0.8091 -0.0000
vn -0.8869 -0.4619 -0.0000
vn -0.8491 -0.5283 -0.0000
vn -0.9041 -0.4273 -0.0000
vn -0.9344 -0.3561 -0.0000
vn -0.9474 -0.3200 -0.0000
vn -0.9689 -0.2476 -0.0000
vn -0.9474 -0.3199 -0.0000
vn -0.9779 -0.2091 -0.0000
vn -0.9909 -0.1343 -0.0000
vn -0.9779 -0.2090 -0.0000
vn -0.9954 -0.0962 -0.0000
vn -0.9998 -0.0200 -0.0000
vn -0.9954 -0.0961 -0.0000
vn -0.9998 0.0199 -0.0000
vn -0.9954 0.0961 -0.0000
vn -0.9998 0.0200 -0.0000
vn -0.9909 0.1343 -0.0000
vn -0.9779 0.2090 -0.0000
vn -0.9689 0.2476 -0.0000
vn -0.9474 0.3199 -0.0000
vn -0.9345 0.3561 -0.0000
vn -0.9041 0.4273 -0.0000
vn -0.9344 0.3561 -0.0000
vn -0.8869 0.4619 -0.0000
vn -0.8491 0.5283 -0.0000
vn -0.8287 0.5597 -0.0000
vn -0.7836 0.6213 -0.0000
vn -0.7589 0.6512 -0.0000
vn -0.7057 0.7085 -0.0000
vn -0.6775 0.7355 -0.0000
vn -0.6061 0.7954 -0.0000
vn -0.6774 0.7356 -0.0000
vn -0.7835 0.6214 -0.0000
vn -0.8490 0.5283 -0.0000
vn -0.9474 0.3200 -0.0000
vn -0.9779 0.2091 -0.0000
vn -0.9954 0.0962 -0.0000
vn -0.9998 -0.0199 -0.0000
vn -0.9689 -0.2475 -0.0000
vn -0.9345 -0.3561 -0.0000
vn -0.8287 -0.5597 -0.0000
vn -0.7836 -0.6213 -0.0000
vn -0.8490 -0.5283 -0.0000
vn -0.7589 -0.6512 -0.0000
vn -0.6917 -0.7222 -0.0000
vn -0.7835 -0.6214 -0.0000
vn -0.6061 -0.7954 -0.0000
vn 0.3500 0.9367 -0.0000
vn 0.2876 0.9578 -0.0000
vn 0.2337 0.9723 -0.0000
vn 0.2336 0.9723 -0.0000
vn 0.1721 0.9851 -0.0000
vn 0.1174 0.9931 -0.0000
vn 0.1173 0.9931 -0.0000
vn 0.0536 0.9986 -0.0021
vn -0.0020 1.0000 -0.0000
vn -0.0644 0.9979 -0.0000
vn -0.1221 0.9925 -0.0000
vn -0.1803 0.9836 -0.0023
vn -0.2392 0.9710 -0.0000
vn -0.2963 0.9551 -0.0000
vn -0.3530 0.9356 -0.0000
vn -0.4063 0.9137 -0.0026
vn -0.4619 0.8869 -0.0000
vn 0.4587 0.8886 -0.0000
vn 0.3970 0.9178 -0.0026
vn -0.1802 0.9836 -0.0023
vn -0.4064 0.9137 -0.0026
vn -0.3531 0.9356 -0.0000
vn -0.5106 0.8598 -0.0027
vn -0.4620 0.8869 -0.0000
vn -0.5441 0.8391 -0.0000
vn -0.5105 0.8599 -0.0027
vn -0.5440 0.8391 -0.0000
vn -0.5105 0.8599 0.0027
vn -0.5105 0.8598 0.0027
vn -0.4064 0.9137 0.0026
vn -0.2964 0.9551 -0.0000
vn -0.1803 0.9836 0.0023
vn -0.1803 0.9836 -0.0000
vn 0.0536 0.9986 0.0021
vn 0.3970 0.9178 0.0026
vn 0.5030 0.8643 -0.0000
vn 0.4588 0.8886 -0.0000
vn 0.6013 0.7990 0.0027
vn 0.5597 0.8287 -0.0000
vn 0.5031 0.8643 -0.0000
vn 0.6917 0.7222 -0.0000
vn 0.6542 0.7563 -0.0000
vn 0.7714 0.6364 -0.0000
vn 0.7408 0.6717 -0.0000
vn 0.8411 0.5409 -0.0000
vn 0.8158 0.5784 -0.0000
vn 0.7714 0.6363 -0.0000
vn 0.8996 0.4367 -0.0000
vn 0.8785 0.4777 -0.0000
vn 0.9444 0.3289 -0.0000
vn 0.9297 0.3683 -0.0000
vn 0.9790 0.2037 -0.0000
vn 0.9667 0.2560 -0.0000
vn 0.4588 0.8885 -0.0000
vn 0.6542 0.7564 -0.0000
vn 0.6013 0.7990 -0.0028
vn 0.6013 0.7990 -0.0027
vn 0.6917 0.7221 -0.0000
vn 0.8157 0.5784 -0.0000
vn 0.9928 0.1198 -0.0000
vn 0.9723 0.2336 -0.0000
vn 0.9928 0.1197 -0.0000
vn 0.9931 0.1174 -0.0000
vn 0.9931 0.1173 -0.0000
vn 0.6013 0.7990 0.0028
vn -0.4063 0.9137 0.0026
vn -0.5106 0.8598 0.0027
vn -0.5441 0.8390 -0.0000
vn 0.5346 -0.8451 -0.0000
vn 0.5890 -0.8081 -0.0027
vn 0.6334 -0.7738 -0.0000
vn 0.6803 -0.7329 -0.0000
vn 0.7194 -0.6946 -0.0000
vn 0.7195 -0.6945 -0.0000
vn 0.7614 -0.6483 -0.0000
vn 0.7977 -0.6031 -0.0000
vn 0.7977 -0.6030 -0.0000
vn 0.8329 -0.5534 -0.0000
vn 0.8643 -0.5030 -0.0000
vn 0.8928 -0.4504 -0.0026
vn 0.9182 -0.3961 -0.0000
vn 0.9398 -0.3417 -0.0025
vn 0.9586 -0.2846 -0.0000
vn 0.9586 -0.2847 -0.0000
vn 0.9735 -0.2286 -0.0024
vn 0.9855 -0.1695 -0.0000
vn 0.4305 -0.9026 -0.0000
vn 0.4904 -0.8715 -0.0000
vn 0.5889 -0.8082 -0.0027
vn 0.6804 -0.7329 -0.0000
vn 0.8928 -0.4504 -0.0027
vn 0.8929 -0.4503 -0.0026
vn 0.9398 -0.3418 -0.0025
vn 0.9735 -0.2287 -0.0024
vn 0.9936 -0.1129 -0.0022
vn 0.9855 -0.1696 -0.0000
vn 0.9936 -0.1128 -0.0022
vn 0.9973 -0.0733 -0.0000
vn 0.9936 -0.1128 0.0022
vn 0.9735 -0.2287 0.0024
vn 0.9936 -0.1129 0.0022
vn 0.9398 -0.3417 0.0025
vn 0.9735 -0.2286 0.0024
vn 0.8929 -0.4503 0.0026
vn 0.8928 -0.4504 0.0027
vn 0.5890 -0.8081 0.0027
vn 0.5889 -0.8082 0.0027
vn 0.3837 -0.9234 -0.0000
vn 0.2709 -0.9626 0.0024
vn 0.3199 -0.9474 -0.0000
vn 0.3837 -0.9235 -0.0000
vn 0.1568 -0.9876 -0.0000
vn 0.2037 -0.9790 -0.0000
vn 0.0386 -0.9993 -0.0000
vn 0.0869 -0.9962 -0.0000
vn -0.0323 -0.9995 -0.0000
vn -0.0801 -0.9968 -0.0000
vn -0.1517 -0.9884 -0.0000
vn -0.1957 -0.9807 -0.0000
vn -0.2702 -0.9628 -0.0000
vn -0.3110 -0.9504 -0.0000
vn -0.3806 -0.9247 -0.0000
vn -0.4023 -0.9155 -0.0000
vn 0.3200 -0.9474 -0.0000
vn 0.3838 -0.9234 -0.0000
vn 0.2036 -0.9790 -0.0000
vn 0.2708 -0.9626 -0.0024
vn 0.2709 -0.9626 -0.0024
vn -0.2703 -0.9628 -0.0000
vn -0.4305 -0.9026 -0.0000
vn -0.3807 -0.9247 -0.0000
vn -0.5062 -0.8624 -0.0000
vn -0.4304 -0.9026 -0.0000
vn -0.6031 -0.7977 -0.0000
vn -0.6030 -0.7977 -0.0000
vn -0.5093 -0.8606 -0.0000
vn -0.5094 -0.8605 -0.0000
vn 0.2708 -0.9626 0.0024
vn 0.8928 -0.4504 0.0026
vn -0.6062 -0.7953 -0.0000
vt 0.688401 0.615995
vt 0.688401 0.615751
vt 0.688401 0.615018
vt 0.688156 0.615995
vt 0.688401 0.614774
vt 0.688156 0.616239
vt 0.688156 0.614530
vt 0.687912 0.616483
vt 0.688156 0.614286
vt 0.687912 0.614286
vt 0.687668 0.616728
vt 0.687912 0.614041
vt 0.687424 0.616728
vt 0.687668 0.613797
vt 0.687424 0.616972
vt 0.687424 0.613797
vt 0.687180 0.616972
vt 0.686935 0.616972
vt 0.687180 0.613797
vt 0.686691 0.616972
vt 0.686935 0.613553
vt 0.685959 0.616728
vt 0.686203 0.616972
vt 0.686203 0.613797
vt 0.685714 0.616728
vt 0.685959 0.613797
vt 0.685714 0.616483
vt 0.685714 0.614041
vt 0.685470 0.616483
vt 0.685470 0.616239
vt 0.685470 0.614286
vt 0.685226 0.615995
vt 0.685226 0.614530
vt 0.685226 0.615751
vt 0.685226 0.614774
vt 0.685226 0.615507
vt 0.685226 0.615018
vt 0.684982 0.615263
vt 0.686447 0.613797
vt 0.686447 0.616972
vt 0.686447 0.613553
vt 0.686691 0.613553
vt 0.688401 0.615507
vt 0.688401 0.615263
vt 0.524542 0.723443
vt 0.524298 0.723443
vt 0.356777 0.723199
vt 0.356532 0.723443
vt 0.356288 0.723443
vt 0.687424 0.617216
vt 0.688156 0.616483
vt 0.255922 0.700000
vt 0.255433 0.699756
vt 0.255678 0.699756
vt 0.357021 0.723443
vt 0.356777 0.723443
vt 0.682296 0.116117
vt 0.682784 0.115873
vt 0.682784 0.115629
vt 0.525275 0.723443
vt 0.525763 0.723199
vt 0.525031 0.723443
vt 0.682540 0.116117
vt 0.682784 0.116117
vt 0.356044 0.723443
vt 0.355800 0.723443
vt 0.255189 0.701221
vt 0.254701 0.701221
vt 0.254701 0.700977
vt 0.254945 0.700733
vt 0.255433 0.700733
vt 0.254945 0.700488
vt 0.254945 0.700244
vt 0.256166 0.699756
vt 0.255922 0.699512
vt 0.256166 0.699512
vt 0.256166 0.700000
vt 0.256410 0.699756
vt 0.524054 0.723443
vt 0.525031 0.723199
vt 0.524786 0.723443
vt 0.697192 0.700000
vt 0.696948 0.699756
vt 0.697192 0.699756
vt 0.697192 0.699512
vt 0.525519 0.723443
vt 0.688645 0.615018
vt 0.688645 0.615263
vt 0.255678 0.700488
vt 0.255189 0.700244
vt 0.255433 0.700977
vt 0.255189 0.701465
vt 0.682296 0.115873
vt 0.682784 0.115385
vt 0.254945 0.701709
vt 0.254945 0.701465
vt 0.255189 0.701709
vt 0.687668 0.616972
vt 0.687912 0.616728
vt 0.688645 0.615751
vt 0.688645 0.615507
vt 0.255922 0.700244
vt 0.255433 0.700000
vt 0.255678 0.700244
vt 0.255189 0.700000
vt 0.815629 0.615751
vt 0.815629 0.615995
vt 0.815629 0.615018
vt 0.815629 0.614774
vt 0.815385 0.616239
vt 0.815629 0.614530
vt 0.815385 0.616483
vt 0.815385 0.614286
vt 0.815140 0.616483
vt 0.815140 0.616728
vt 0.815140 0.614041
vt 0.814896 0.616728
vt 0.815140 0.613797
vt 0.814652 0.616972
vt 0.814896 0.613797
vt 0.814652 0.613797
vt 0.814408 0.616972
vt 0.814164 0.616972
vt 0.814408 0.613553
vt 0.813675 0.616972
vt 0.813431 0.616728
vt 0.813675 0.613797
vt 0.813187 0.616728
vt 0.813431 0.613797
vt 0.812943 0.616483
vt 0.813187 0.614041
vt 0.812943 0.614041
vt 0.812698 0.616239
vt 0.812943 0.614286
vt 0.812698 0.615995
vt 0.812698 0.614286
vt 0.812698 0.614530
vt 0.812454 0.615751
vt 0.812698 0.614774
vt 0.812454 0.615507
vt 0.812454 0.614774
vt 0.812454 0.615263
vt 0.812454 0.615018
vt 0.813919 0.613553
vt 0.813919 0.616972
vt 0.814164 0.613553
vt 0.815873 0.615018
vt 0.815873 0.615507
vt 0.815873 0.615263
vt 0.490598 0.699512
vt 0.490843 0.699512
vt 0.457387 0.699512
vt 0.457631 0.699756
vt 0.457143 0.699512
vt 0.814652 0.617216
vt 0.815629 0.616483
vt 0.322833 0.699756
vt 0.323321 0.700000
vt 0.323077 0.699756
vt 0.457875 0.699512
vt 0.288645 0.159341
vt 0.288401 0.159096
vt 0.299878 0.169353
vt 0.288401 0.158852
vt 0.297436 0.167155
vt 0.288401 0.158608
vt 0.288889 0.159341
vt 0.334554 0.710012
vt 0.322344 0.701709
vt 0.492064 0.700000
vt 0.491575 0.699512
vt 0.456899 0.699512
vt 0.457143 0.699756
vt 0.456654 0.699512
vt 0.322100 0.701221
vt 0.322589 0.701221
vt 0.322100 0.700977
vt 0.322100 0.700733
vt 0.322344 0.700488
vt 0.322833 0.700733
vt 0.322344 0.700244
vt 0.323077 0.699512
vt 0.323565 0.699756
vt 0.323321 0.699512
vt 0.323565 0.699512
vt 0.490354 0.699512
vt 0.491331 0.699756
vt 0.491087 0.699512
vt 0.491575 0.699756
vt 0.491331 0.699512
vt 0.649084 0.700000
vt 0.649084 0.699756
vt 0.649328 0.699756
vt 0.649084 0.699512
vt 0.492064 0.699756
vt 0.491819 0.699512
vt 0.816117 0.615018
vt 0.816117 0.615263
vt 0.322833 0.700488
vt 0.322589 0.700000
vt 0.322589 0.700977
vt 0.322344 0.701465
vt 0.322100 0.701465
vt 0.337973 0.711966
vt 0.457875 0.699756
vt 0.457631 0.699512
vt 0.814896 0.617216
vt 0.814896 0.616972
vt 0.815140 0.616972
vt 0.815385 0.616728
vt 0.815629 0.616239
vt 0.815873 0.615751
vt 0.816117 0.615507
vt 0.323077 0.700244
vt 0.591453 0.201831
vt 0.485470 0.201831
vt 0.485470 0.197192
vt 0.591453 0.197192
vt 0.690598 0.115385
vt 0.577045 0.110501
vt 0.690598 0.110501
vt 0.577045 0.115385
vt 0.449573 0.526374
vt 0.463248 0.526374
vt 0.463248 0.511966
vt 0.449573 0.511966
vt 0.440049 0.484860
vt 0.449573 0.484860
vt 0.440049 0.553480
vt 0.449573 0.553480
vt 0.355800 0.572039
vt 0.368987 0.543712
vt 0.355800 0.466300
vt 0.368987 0.494628
vt 0.381441 0.494628
vt 0.392918 0.484860
vt 0.469597 0.466300
vt 0.463248 0.484860
vt 0.469597 0.572039
vt 0.463248 0.553480
vt 0.392918 0.553480
vt 0.381441 0.543712
vt 0.552869 0.214041
vt 0.581685 0.209157
vt 0.552869 0.209157
vt 0.581685 0.214041
vt 0.596093 0.209157
vt 0.596093 0.214041
vt 0.610501 0.209157
vt 0.610501 0.214041
vt 0.524054 0.209157
vt 0.524054 0.214041
vt 0.997558 0.100977
vt 0.983150 0.096093
vt 0.997558 0.096093
vt 0.983150 0.100977
vt 0.971184 0.004762
vt 1.000000 -0.000122
vt 0.971184 -0.000122
vt 1.000000 0.004762
vt 0.983150 0.089011
vt 0.983150 0.093651
vt 0.997558 0.089011
vt 0.997558 0.093651
vt 0.437607 0.209157
vt 0.437607 0.214041
vt 0.408547 0.209157
vt 0.408547 0.214041
vt 0.639316 0.214041
vt 0.624908 0.209157
vt 0.639316 0.209157
vt 0.624908 0.214041
vt 0.932601 0.115385
vt 1.000000 0.110501
vt 0.932601 0.110501
vt 1.000000 0.115385
vt 0.848596 0.201831
vt 0.848596 0.206715
vt 0.896703 0.201831
vt 0.896703 0.206715
vt 0.793162 0.197192
vt 0.793162 0.201831
vt 0.726007 0.197192
vt 0.726007 0.201831
vt 0.800488 0.206715
vt 0.752381 0.201831
vt 0.800488 0.201831
vt 0.752381 0.206715
vt 0.947009 0.201831
vt 0.997558 0.197192
vt 0.947009 0.197192
vt 0.997558 0.201831
vt 0.726007 0.209157
vt 0.740415 0.214041
vt 0.740415 0.209157
vt 0.726007 0.214041
vt 0.896703 0.197192
vt 0.846154 0.197192
vt 0.846154 0.201831
vt 0.711600 0.214041
vt 0.711600 0.209157
vt 0.191209 0.494628
vt 0.191209 0.543712
vt 0.177778 0.466300
vt 0.262027 0.484860
vt 0.215140 0.484860
vt 0.291575 0.466300
vt 0.271795 0.526374
vt 0.262027 0.553480
vt 0.271795 0.553480
vt 0.285470 0.511966
vt 0.285470 0.484860
vt 0.271795 0.484860
vt 0.215140 0.553480
vt 0.177778 0.572039
vt 0.203663 0.543712
vt 0.203663 0.494628
vt 0.271795 0.511966
vt 0.285470 0.526374
vt 0.291575 0.572039
vt 0.285470 0.553480
vt 0.617094 0.189866
vt 0.696459 0.189866
vt 0.696459 0.185226
vt 0.709158 0.185226
vt 0.709158 0.184982
vt 0.603419 0.184982
vt 0.617094 0.185226
vt 0.603419 0.189866
vt 0.709158 0.189866
vt 0.603907 0.189866
vt 0.603907 0.185226
vt 0.997558 0.146398
vt 0.998046 0.148352
vt 0.997558 0.146154
vt 0.997558 0.147131
vt 0.997558 0.147375
vt 0.997558 0.146886
vt 0.997802 0.147619
vt 0.997802 0.147863
vt 0.998046 0.148107
vt 0.998291 0.148596
vt 0.997558 0.145910
vt 0.998535 0.148596
vt 0.997802 0.145665
vt 0.997802 0.145421
vt 0.998779 0.148840
vt 0.998046 0.145177
vt 0.998046 0.144933
vt 0.998291 0.144689
vt 0.998535 0.144689
vt 0.999023 0.149084
vt 0.998779 0.144444
vt 0.999023 0.144200
vt 0.999267 0.144200
vt 0.999512 0.144200
vt 0.999756 0.144200
vt 1.000000 0.144444
vt 0.999267 0.149084
vt 0.999512 0.149084
vt 0.999756 0.149084
vt 1.000000 0.148840
vt 0.997558 0.084127
vt 0.997314 0.082662
vt 0.997314 0.084127
vt 0.997314 0.071184
vt 0.997558 0.069719
vt 0.997314 0.069719
vt 0.997070 0.082662
vt 0.997070 0.071184
vt 0.996093 0.071184
vt 0.996337 0.082662
vt 0.996337 0.071184
vt 0.996093 0.082662
vt 0.995604 0.082662
vt 0.995849 0.082662
vt 0.995849 0.071184
vt 0.995360 0.071184
vt 0.995604 0.071184
vt 0.669597 0.209402
vt 0.681319 0.209157
vt 0.669597 0.209157
vt 0.681319 0.209402
vt 0.669597 0.209646
vt 0.681319 0.209646
vt 0.669597 0.210134
vt 0.681319 0.210134
vt 0.681319 0.211599
vt 0.681319 0.211111
vt 0.669597 0.211111
vt 0.669597 0.211844
vt 0.669597 0.211599
vt 0.669597 0.212332
vt 0.681319 0.211844
vt 0.681319 0.212332
vt 0.669597 0.212576
vt 0.681319 0.212576
vt 0.669597 0.213065
vt 0.681319 0.213065
vt 0.669597 0.213309
vt 0.681319 0.213309
vt 0.669597 0.213553
vt 0.681319 0.213553
vt 0.669597 0.214041
vt 0.681319 0.214041
vt 0.994139 0.164957
vt 0.994139 0.176435
vt 0.993895 0.176435
vt 0.994383 0.164957
vt 0.994628 0.163492
vt 0.994628 0.164957
vt 0.994383 0.176435
vt 0.994383 0.163492
vt 0.994872 0.163492
vt 0.995116 0.164957
vt 0.995116 0.163492
vt 0.994628 0.176435
vt 0.993407 0.164957
vt 0.993407 0.176435
vt 0.993162 0.164957
vt 0.993651 0.164957
vt 0.993651 0.176435
vt 0.994872 0.177900
vt 0.995116 0.176435
vt 0.995116 0.177900
vt 0.994628 0.177900
vt 0.994383 0.177900
vt 0.994139 0.177900
vt 0.993651 0.177900
vt 0.993162 0.176435
vt 0.993162 0.177900
vt 0.992918 0.177900
vt 0.992918 0.176435
vt 0.992674 0.177900
vt 0.992918 0.164957
vt 0.682784 0.213797
vt 0.682784 0.213553
vt 0.682784 0.213309
vt 0.682784 0.212820
vt 0.682784 0.212576
vt 0.682784 0.212088
vt 0.682784 0.211844
vt 0.682784 0.211355
vt 0.681319 0.210378
vt 0.682784 0.210623
vt 0.682784 0.210134
vt 0.682784 0.209890
vt 0.682784 0.209646
vt 0.682784 0.209157
vt 0.995360 0.082662
vt 0.995116 0.084127
vt 0.995360 0.084127
vt 0.995604 0.084127
vt 0.995849 0.084127
vt 0.669597 0.210378
vt 0.996093 0.084127
vt 0.996337 0.084127
vt 0.997070 0.084127
vt 0.997070 0.069719
vt 0.996825 0.071184
vt 0.996825 0.069719
vt 0.996581 0.071184
vt 0.996337 0.069719
vt 0.996093 0.069719
vt 0.995849 0.069719
vt 0.995604 0.069719
vt 0.995360 0.069719
vt 0.995116 0.069719
vt 0.668376 0.209157
vt 0.668376 0.209646
vt 0.996825 0.082662
vt 0.668376 0.209890
vt 0.668376 0.210867
vt 0.669597 0.210867
vt 0.668376 0.211355
vt 0.668376 0.211844
vt 0.681319 0.210867
vt 0.668376 0.212088
vt 0.668376 0.212576
vt 0.668376 0.212820
vt 0.668376 0.213309
vt 0.668376 0.213553
vt 0.668376 0.213797
vt 0.993651 0.163492
vt 0.993895 0.164957
vt 0.994139 0.163492
vt 0.993407 0.163492
vt 0.993407 0.177900
vt 0.993162 0.163492
vt 0.992918 0.163492
vt 0.992674 0.163492
vt 0.682784 0.210867
vt 0.668376 0.210623
vt 0.996581 0.082662
vt 0.668376 0.210134
vt 0.996825 0.084127
vt 0.999023 0.093651
vt 0.998779 0.093651
vt 0.998535 0.089255
vt 0.998535 0.093407
vt 0.997802 0.089988
vt 0.997802 0.092430
vt 0.997558 0.092186
vt 0.997558 0.091453
vt 0.997558 0.091697
vt 0.997558 0.091209
vt 0.997802 0.092674
vt 0.998046 0.093162
vt 0.998046 0.092918
vt 0.997558 0.090965
vt 0.998291 0.093162
vt 0.997558 0.090720
vt 0.997802 0.090232
vt 0.998046 0.089744
vt 0.998291 0.089499
vt 0.998779 0.089255
vt 0.998779 0.089011
vt 0.999023 0.089011
vt 0.999267 0.089011
vt 0.999512 0.089011
vt 0.999756 0.089011
vt 1.000000 0.089011
vt 0.999267 0.093651
vt 0.999512 0.093651
vt 0.999756 0.093651
vt 1.000000 0.093651
vt 0.663492 0.163492
vt 0.777289 0.163492
vt 0.663736 0.163004
vt 0.663492 0.158852
vt 0.663736 0.158852
vt 0.663492 0.158608
vt 0.663736 0.159096
vt 0.777289 0.158608
vt 0.663980 0.159096
vt 0.664225 0.159341
vt 0.664225 0.159585
vt 0.664469 0.159829
vt 0.664469 0.160073
vt 0.664469 0.160317
vt 0.664469 0.160562
vt 0.664469 0.160806
vt 0.664469 0.161294
vt 0.664469 0.161538
vt 0.664469 0.161783
vt 0.664469 0.162027
vt 0.664469 0.162271
vt 0.664225 0.162515
vt 0.664225 0.162759
vt 0.663980 0.163004
vt 0.663736 0.163248
vt 0.663492 0.163248
vt 0.783639 0.210867
vt 0.783639 0.211355
vt 0.788278 0.210867
vt 0.783883 0.210623
vt 0.788278 0.210623
vt 0.783883 0.210378
vt 0.788278 0.210378
vt 0.784127 0.210134
vt 0.788034 0.210134
vt 0.783883 0.212332
vt 0.783883 0.212576
vt 0.788278 0.212332
vt 0.784127 0.212820
vt 0.788278 0.212576
vt 0.784371 0.213065
vt 0.788034 0.212820
vt 0.784371 0.213309
vt 0.787790 0.213065
vt 0.784615 0.213553
vt 0.787546 0.213309
vt 0.784860 0.213553
vt 0.787302 0.213553
vt 0.785104 0.213797
vt 0.787057 0.213553
vt 0.785592 0.213797
vt 0.786813 0.213797
vt 0.785836 0.214041
vt 0.786569 0.213797
vt 0.783639 0.211599
vt 0.788523 0.211599
vt 0.788523 0.211355
vt 0.787790 0.209890
vt 0.784371 0.209890
vt 0.787546 0.209646
vt 0.784371 0.209646
vt 0.787302 0.209646
vt 0.784615 0.209646
vt 0.787057 0.209402
vt 0.784860 0.209402
vt 0.786813 0.209402
vt 0.785104 0.209402
vt 0.786569 0.209157
vt 0.785592 0.209157
vt 0.786325 0.209157
vt 0.785836 0.209157
vt 0.786081 0.209157
vt 0.786081 0.214041
vt 0.786325 0.214041
vt 0.788278 0.212088
vt 0.783639 0.212088
vt 0.788523 0.211844
vt 0.783639 0.211844
vt 0.838828 0.211844
vt 0.836630 0.212088
vt 0.836630 0.211844
vt 0.838828 0.211599
vt 0.836630 0.211355
vt 0.838828 0.211111
vt 0.836630 0.210867
vt 0.838828 0.210867
vt 0.836630 0.210623
vt 0.838828 0.210378
vt 0.836630 0.210134
vt 0.838828 0.210134
vt 0.836630 0.209890
vt 0.838828 0.209646
vt 0.836630 0.209646
vt 0.838828 0.209402
vt 0.836630 0.209402
vt 0.992674 0.177411
vt 0.992430 0.177900
vt 0.992430 0.177411
vt 0.992186 0.177411
vt 0.992186 0.177900
vt 0.991941 0.164957
vt 0.992186 0.163492
vt 0.991941 0.163492
vt 0.991941 0.177900
vt 0.991697 0.164957
vt 0.991209 0.164957
vt 0.991453 0.177900
vt 0.991453 0.164957
vt 0.990965 0.164957
vt 0.991209 0.177900
vt 0.990720 0.177900
vt 0.990720 0.164957
vt 0.990476 0.164957
vt 0.640781 0.209402
vt 0.653968 0.209157
vt 0.640781 0.209157
vt 0.640781 0.209646
vt 0.653968 0.209646
vt 0.640781 0.210134
vt 0.653968 0.210134
vt 0.640781 0.211599
vt 0.653968 0.211111
vt 0.640781 0.211111
vt 0.640781 0.211844
vt 0.653968 0.211599
vt 0.640781 0.212332
vt 0.653968 0.211844
vt 0.640781 0.213065
vt 0.653968 0.213065
vt 0.640781 0.212576
vt 0.640781 0.213309
vt 0.653968 0.213309
vt 0.640781 0.213553
vt 0.640781 0.214041
vt 0.653968 0.214041
vt 0.997802 0.282662
vt 0.997802 0.295604
vt 0.997558 0.295604
vt 0.997558 0.282662
vt 0.998779 0.282662
vt 0.999023 0.281197
vt 0.999023 0.282662
vt 0.998779 0.281197
vt 0.998535 0.282662
vt 0.999267 0.282662
vt 0.999267 0.281197
vt 0.998046 0.282662
vt 0.998046 0.295604
vt 0.998291 0.282662
vt 0.640781 0.210378
vt 0.653968 0.210378
vt 0.653968 0.209402
vt 0.990965 0.177900
vt 0.991697 0.177900
vt 0.838828 0.209157
vt 0.838828 0.212332
vt 0.836630 0.212576
vt 0.838828 0.212576
vt 0.999023 0.295604
vt 0.998779 0.295604
vt 0.998535 0.295604
vt 0.998291 0.295604
vt 0.653968 0.213553
vt 0.653968 0.212576
vt 0.653968 0.212332
vt 0.838828 0.213065
vt 0.836630 0.212820
vt 0.838828 0.213309
vt 0.836630 0.213065
vt 0.838828 0.213553
vt 0.836630 0.213553
vt 0.838828 0.214041
vt 0.836630 0.213797
vt 0.999756 0.295604
vt 0.999756 0.295116
vt 1.000000 0.295604
vt 1.000000 0.295116
vt 0.999512 0.295604
vt 0.999512 0.295116
vt 0.999267 0.295604
vt 0.999267 0.295116
vt 0.991697 0.163492
vt 0.991453 0.163492
vt 0.991209 0.163492
vt 0.990965 0.163492
vt 0.990720 0.163492
vt 0.990476 0.163492
vt 0.990476 0.177900
vt 0.639316 0.209646
vt 0.639316 0.209890
vt 0.653968 0.210867
vt 0.640781 0.210867
vt 0.639316 0.210867
vt 0.639316 0.211355
vt 0.639316 0.211844
vt 0.639316 0.212088
vt 0.639316 0.212576
vt 0.639316 0.212820
vt 0.639316 0.213309
vt 0.639316 0.213553
vt 0.639316 0.213797
vt 0.998291 0.281197
vt 0.998535 0.281197
vt 0.998046 0.281197
vt 0.997802 0.281197
vt 0.997558 0.281197
vt 0.639316 0.210623
vt 0.639316 0.210134
vt 0.999023 0.156166
vt 0.998779 0.156166
vt 0.998535 0.151770
vt 0.998535 0.155922
vt 0.997802 0.152503
vt 0.997802 0.154945
vt 0.997558 0.154457
vt 0.997558 0.153968
vt 0.997558 0.154212
vt 0.997558 0.153724
vt 0.997802 0.155189
vt 0.998046 0.155678
vt 0.998046 0.155433
vt 0.997558 0.153480
vt 0.998291 0.155678
vt 0.997558 0.153236
vt 0.997802 0.152747
vt 0.998046 0.152259
vt 0.998046 0.152015
vt 0.998291 0.152015
vt 0.998779 0.151526
vt 0.999023 0.151526
vt 0.999267 0.151526
vt 0.999512 0.151526
vt 0.999756 0.151526
vt 1.000000 0.151526
vt 0.999267 0.156166
vt 0.999512 0.156166
vt 0.999756 0.156166
vt 1.000000 0.156166
vt 0.355800 0.524664
vt 0.304274 0.554945
vt 0.343834 0.524420
vt 0.355800 0.513675
vt 0.304274 0.483639
vt 0.345299 0.522711
vt 0.345543 0.522222
vt 0.346032 0.521490
vt 0.346276 0.520757
vt 0.346276 0.520024
vt 0.346276 0.519292
vt 0.346276 0.518559
vt 0.346276 0.517827
vt 0.346032 0.517094
vt 0.345543 0.516361
vt 0.345299 0.515629
vt 0.344811 0.515140
vt 0.344322 0.514408
vt 0.343834 0.513919
vt 0.304029 0.483394
vt 0.303785 0.483150
vt 0.303297 0.483150
vt 0.303053 0.482906
vt 0.302564 0.482906
vt 0.302076 0.482906
vt 0.301832 0.482906
vt 0.301343 0.483150
vt 0.301099 0.483150
vt 0.300611 0.483394
vt 0.300366 0.483639
vt 0.300122 0.483883
vt 0.299878 0.484127
vt 0.299634 0.484371
vt 0.299390 0.484860
vt 0.299390 0.485104
vt 0.299145 0.485348
vt 0.299145 0.485836
vt 0.299145 0.486325
vt 0.299145 0.552259
vt 0.299145 0.552503
vt 0.299145 0.552991
vt 0.299390 0.553480
vt 0.299390 0.553724
vt 0.299634 0.553968
vt 0.299878 0.554457
vt 0.300122 0.554701
vt 0.300366 0.554945
vt 0.300611 0.555189
vt 0.301099 0.555189
vt 0.301343 0.555433
vt 0.301832 0.555433
vt 0.302076 0.555433
vt 0.302564 0.555433
vt 0.303053 0.555433
vt 0.303297 0.555433
vt 0.303785 0.555189
vt 0.304029 0.555189
vt 0.344322 0.523932
vt 0.344811 0.523443
vt 0.524298 0.519292
vt 0.533578 0.524664
vt 0.533578 0.513675
vt 0.482296 0.554945
vt 0.481807 0.555189
vt 0.481563 0.555189
vt 0.481075 0.555433
vt 0.480830 0.555433
vt 0.480342 0.555433
vt 0.480098 0.555433
vt 0.479609 0.555433
vt 0.479365 0.555433
vt 0.478877 0.555189
vt 0.478633 0.555189
vt 0.478388 0.554945
vt 0.477900 0.554701
vt 0.477656 0.554457
vt 0.477412 0.553968
vt 0.477412 0.553724
vt 0.477167 0.553480
vt 0.477167 0.552991
vt 0.476923 0.552503
vt 0.476923 0.552259
vt 0.476923 0.486325
vt 0.476923 0.485836
vt 0.477167 0.485348
vt 0.477167 0.485104
vt 0.477412 0.484860
vt 0.477412 0.484371
vt 0.477656 0.484127
vt 0.477900 0.483883
vt 0.478388 0.483639
vt 0.478633 0.483394
vt 0.478877 0.483150
vt 0.479365 0.483150
vt 0.479609 0.482906
vt 0.480098 0.482906
vt 0.480342 0.482906
vt 0.480830 0.482906
vt 0.481075 0.483150
vt 0.481563 0.483150
vt 0.481807 0.483394
vt 0.482296 0.483639
vt 0.521612 0.513919
vt 0.522100 0.514408
vt 0.522833 0.515140
vt 0.523077 0.515629
vt 0.523565 0.516361
vt 0.523810 0.517094
vt 0.524054 0.517827
vt 0.524298 0.518559
vt 0.524298 0.520024
vt 0.524054 0.520757
vt 0.523810 0.521490
vt 0.523565 0.522222
vt 0.523077 0.522711
vt 0.522833 0.523443
vt 0.522100 0.523932
vt 0.521612 0.524420
vt 0.697192 0.192308
vt 0.591453 0.192308
vt 0.697192 0.197192
vt 0.841270 0.158608
vt 0.841270 0.163492
vt 0.754823 0.110501
vt 0.754823 0.115385
vt 0.998046 0.182784
vt 0.998779 0.177900
vt 0.998046 0.177900
vt 0.997558 0.182784
vt 0.997558 0.177900
vt 0.996825 0.182784
vt 0.996825 0.177900
vt 0.995849 0.182784
vt 0.995849 0.177900
vt 0.995116 0.182784
vt 0.994383 0.182784
vt 0.993651 0.182784
vt 0.992918 0.182784
vt 0.992186 0.182784
vt 0.991453 0.182784
vt 0.990965 0.182784
vt 0.990476 0.182784
vt 0.333578 0.214041
vt 0.334066 0.209157
vt 0.333578 0.209157
vt 0.334066 0.214041
vt 0.998779 0.182784
vt 0.999512 0.177900
vt 0.999512 0.182784
vt 1.000000 0.177900
vt 1.000000 0.182784
vt 0.942369 0.206715
vt 0.941636 0.206715
vt 0.942369 0.201831
vt 0.941636 0.201831
vt 0.292796 0.214041
vt 0.292796 0.209157
vt 0.289622 0.211599
vt 0.289866 0.214041
vt 0.289866 0.211599
vt 0.290110 0.214041
vt 0.290354 0.211599
vt 0.290598 0.214041
vt 0.290843 0.211599
vt 0.291087 0.214041
vt 0.291087 0.211599
vt 0.291331 0.214041
vt 0.291575 0.211599
vt 0.291819 0.214041
vt 0.292064 0.211599
vt 0.292064 0.214041
vt 0.292308 0.211599
vt 0.289133 0.211599
vt 0.289377 0.214041
vt 0.292552 0.214041
vt 0.292796 0.211599
vt 0.292552 0.209157
vt 0.292064 0.209157
vt 0.291819 0.209157
vt 0.291331 0.209157
vt 0.291087 0.209157
vt 0.290598 0.209157
vt 0.290110 0.209157
vt 0.289866 0.209157
vt 0.289377 0.209157
vt 0.289133 0.209157
vt 0.288645 0.209157
vt 0.288889 0.211599
vt 0.288401 0.209157
vt 0.288645 0.211599
vt 0.908913 0.192308
vt 0.908913 0.194750
vt 0.908669 0.192308
vt 0.909402 0.192308
vt 0.909158 0.194750
vt 0.909646 0.192308
vt 0.909646 0.194750
vt 0.909890 0.192308
vt 0.909890 0.194750
vt 0.910379 0.192308
vt 0.910379 0.194750
vt 0.289133 0.214041
vt 0.288645 0.214041
vt 0.908669 0.197192
vt 0.908669 0.194750
vt 0.288401 0.214041
vt 0.908913 0.197192
vt 0.909402 0.197192
vt 0.909646 0.197192
vt 0.909890 0.197192
vt 0.910623 0.197192
vt 0.910379 0.197192
vt 0.911111 0.197192
vt 0.911111 0.192308
vt 0.910623 0.192308
vt 0.976068 0.192308
vt 0.976068 0.197192
vt 0.897192 0.204273
vt 0.896948 0.206715
vt 0.896948 0.204273
vt 0.896703 0.204273
vt 0.978266 0.194750
vt 0.978022 0.197192
vt 0.978022 0.194750
vt 0.977778 0.197192
vt 0.977534 0.194750
vt 0.977534 0.197192
vt 0.977289 0.194750
vt 0.977045 0.197192
vt 0.976801 0.194750
vt 0.976801 0.197192
vt 0.976557 0.194750
vt 0.897680 0.204273
vt 0.897436 0.206715
vt 0.978266 0.197192
vt 0.976313 0.197192
vt 0.976068 0.194750
vt 0.976313 0.192308
vt 0.976801 0.192308
vt 0.977045 0.192308
vt 0.977534 0.192308
vt 0.977778 0.192308
vt 0.978022 0.192308
vt 0.978266 0.192308
vt 0.896948 0.201831
vt 0.897436 0.201831
vt 0.897680 0.201831
vt 0.898169 0.201831
vt 0.897924 0.204273
vt 0.898413 0.201831
vt 0.898413 0.204273
vt 0.898901 0.201831
vt 0.898901 0.204273
vt 0.899145 0.204273
vt 0.899145 0.201831
vt 0.899634 0.204273
vt 0.899634 0.201831
vt 0.899878 0.204273
vt 0.900122 0.201831
vt 0.900366 0.204273
vt 0.900366 0.201831
vt 0.897680 0.206715
vt 0.898169 0.206715
vt 0.898413 0.206715
vt 0.898901 0.206715
vt 0.899145 0.206715
vt 0.899634 0.206715
vt 0.900122 0.206715
vt 0.900366 0.206715
vt 0.900855 0.201831
vt 0.901099 0.206715
vt 0.901099 0.201831
vt 0.900855 0.206715
vt 0.814896 0.189866
vt 0.920635 0.189866
vt 0.920635 0.184982
vt 0.814896 0.184982
vt 0.000000 0.004762
vt 0.288401 0.004762
vt 0.288401 -0.000122
vt 0.000000 -0.000122
vt 0.865446 0.004762
vt 0.577045 0.004762
vt 0.577045 -0.000122
vt 0.865446 -0.000122
vt 0.000000 0.110683
vt 0.288462 0.110683
vt 0.288462 0.004808
vt 0.000000 0.004808
vt 0.576923 0.110683
vt 0.576923 0.004808
s 0
f 1/1/1 2/2/1 3/3/1
f 4/4/1 5/1/1 6/5/1
f 7/6/1 8/4/1 9/7/1
f 10/8/1 11/6/1 12/9/1
f 13/8/1 14/8/1 15/10/1
f 16/11/1 17/8/1 18/12/1
f 19/13/1 20/11/1 21/14/1
f 22/15/1 23/13/1 24/16/1
f 25/17/1 26/15/1 27/16/1
f 28/18/1 29/17/1 30/19/1
f 31/20/1 32/18/1 33/21/1
s 1
f 34/22/2 35/23/1 36/24/1
f 37/25/3 38/22/4 39/26/1
f 40/27/1 41/25/5 42/28/1
s 0
f 43/29/1 44/27/1 45/28/1
f 46/30/1 47/29/1 48/31/1
f 49/32/1 50/30/1 51/31/1
f 52/32/1 53/32/1 54/33/1
f 55/34/1 56/32/1 57/35/1
f 58/36/1 59/34/1 60/37/1
f 61/38/6 62/36/6 63/37/6
f 64/37/1 65/36/1 66/37/1
f 67/37/1 68/34/1 69/35/1
f 70/35/1 71/32/1 72/33/1
f 73/33/1 74/32/1 75/31/1
f 76/31/7 77/30/7 78/31/7
f 79/31/1 80/29/1 81/28/1
f 82/28/1 83/27/1 84/28/1
s 1
f 85/28/1 86/25/8 87/26/1
f 88/26/1 89/22/2 90/24/1
s 0
f 91/24/1 92/23/1 93/39/1
f 94/23/1 95/40/1 96/39/1
f 97/39/1 98/40/1 99/41/1
f 100/40/1 101/40/1 102/41/1
f 103/40/1 104/20/1 105/41/1
s 1
f 106/41/1 107/20/1 108/42/9
f 109/20/1 110/21/9 111/42/9
s 0
f 112/18/1 113/19/1 114/21/1
f 115/17/1 116/16/1 117/19/1
f 118/15/1 119/16/1 120/16/1
f 121/13/1 122/14/1 123/16/1
f 124/11/1 125/12/1 126/14/1
f 127/8/1 128/10/1 129/12/1
f 130/8/1 131/9/1 132/10/1
f 133/6/1 134/7/1 135/9/1
f 136/4/1 137/5/1 138/7/1
f 139/1/1 140/3/1 141/5/1
s 1
f 142/2/10 143/3/10 144/3/10
f 145/2/10 146/43/10 147/3/10
s 0
f 148/43/6 149/44/6 150/3/6
s 1
f 151/45/11 152/46/12 153/46/13
f 154/47/14 155/48/15 156/49/16
f 157/20/17 158/50/18 159/18/19
f 160/8/20 161/51/21 162/6/22
f 163/52/23 164/53/24 165/54/25
f 166/55/11 167/55/26 168/56/27
f 169/57/28 170/58/29 171/59/30
f 172/60/31 173/61/32 174/62/33
f 175/63/34 176/64/35 177/58/29
f 178/65/36 179/65/37 180/66/29
f 181/65/34 182/65/38 183/66/39
f 184/65/40 185/65/5 186/66/41
f 187/65/42 188/49/2 189/65/3
f 190/67/43 191/68/44 192/69/45
f 193/67/46 194/69/47 195/70/48
f 196/71/49 197/72/50 198/73/51
f 199/74/52 200/75/53 201/76/54
f 202/77/55 203/54/56 204/75/57
f 205/78/58 206/76/59 207/76/60
f 208/46/61 209/79/62 210/46/63
f 211/80/64 212/80/65 213/45/66
f 214/45/67 215/80/68 216/45/69
f 217/62/70 218/62/71 219/81/72
f 220/81/73 221/62/71 222/45/74
f 223/62/75 224/80/76 225/45/77
f 226/62/78 227/62/79 228/81/73
f 229/62/80 230/62/81 231/81/73
f 232/62/82 233/62/83 234/62/84
f 235/62/64 236/62/85 237/62/86
f 238/82/87 239/83/88 240/84/89
f 241/84/90 242/83/91 243/85/92
f 244/86/93 245/61/94 246/60/95
f 247/5/96 248/7/97 249/7/98
f 250/3/99 251/87/100 252/5/101
f 253/3/102 254/88/103 255/3/99
f 256/89/104 257/73/51 258/90/105
f 259/91/106 260/70/107 261/72/50
f 262/92/108 263/68/109 264/68/110
f 265/93/111 266/57/28 267/59/30
f 268/93/112 269/59/113 270/59/114
f 271/93/115 272/93/111 273/59/116
f 274/59/64 275/59/117 276/94/118
f 277/59/119 278/93/120 279/59/64
f 280/95/121 281/95/122 282/96/123
f 283/97/124 284/96/125 285/68/126
f 286/56/127 287/56/128 288/48/129
f 289/18/130 290/50/131 291/17/132
f 292/17/133 293/98/134 294/15/135
f 295/98/136 296/98/137 297/15/138
f 298/13/139 299/98/140 300/11/141
f 301/98/137 302/13/139 303/15/142
f 304/11/143 305/99/144 306/8/145
f 307/8/145 308/8/146 309/8/147
f 310/6/22 311/6/148 312/4/149
f 313/4/150 314/1/151 315/1/152
f 316/1/153 317/2/154 318/2/155
f 319/2/156 320/100/157 321/43/158
f 322/43/158 323/101/159 324/44/160
f 325/102/161 326/103/162 327/53/24
f 328/104/163 329/105/164 330/103/162
f 331/56/165 332/48/129 333/48/15
s 0
f 334/106/166 335/107/166 336/108/166
f 337/107/166 338/107/166 339/109/166
f 340/107/166 341/110/166 342/111/166
f 343/110/166 344/112/166 345/113/166
f 346/112/166 347/114/166 348/113/166
f 349/114/166 350/115/166 351/116/166
f 352/115/166 353/117/166 354/118/166
f 355/117/166 356/119/166 357/120/166
f 358/119/166 359/119/166 360/121/166
f 361/119/166 362/122/166 363/121/166
f 364/122/166 365/123/166 366/124/166
f 367/125/166 368/126/166 369/127/166
s 1
f 370/126/166 371/128/167 372/129/166
f 373/128/168 374/130/166 375/131/166
s 0
f 376/130/166 377/130/166 378/132/166
f 379/130/166 380/133/166 381/134/166
f 382/133/166 383/135/166 384/136/166
f 385/135/166 386/135/166 387/137/166
f 388/135/166 389/138/166 390/139/166
f 391/138/166 392/140/166 393/141/166
s 1
f 394/140/6 395/142/6 396/143/6
s 0
f 397/140/166 398/143/166 399/141/166
f 400/138/166 401/141/166 402/139/166
f 403/135/166 404/139/166 405/137/166
f 406/135/166 407/137/166 408/136/166
f 409/133/166 410/136/166 411/134/166
f 412/130/166 413/134/166 414/132/166
f 415/130/166 416/132/166 417/131/166
s 1
f 418/128/169 419/131/166 420/129/166
s 0
f 421/126/166 422/129/166 423/127/166
f 424/125/166 425/127/166 426/127/166
f 427/125/166 428/125/166 429/127/166
f 430/125/166 431/127/166 432/144/166
f 433/145/166 434/125/166 435/144/166
f 436/123/166 437/145/166 438/144/166
s 1
f 439/123/166 440/144/166 441/146/170
f 442/124/166 443/123/166 444/146/170
s 0
f 445/121/166 446/122/166 447/124/166
f 448/121/166 449/119/166 450/121/166
f 451/120/166 452/119/166 453/121/166
f 454/118/166 455/117/166 456/120/166
f 457/116/166 458/115/166 459/118/166
f 460/113/166 461/114/166 462/116/166
f 463/113/166 464/112/166 465/113/166
f 466/111/166 467/110/166 468/113/166
f 469/109/166 470/107/166 471/111/166
f 472/108/166 473/107/166 474/109/166
s 1
f 475/147/6 476/106/6 477/108/6
f 478/148/1 479/106/1 480/147/1
f 481/149/6 482/148/6 483/147/6
f 484/150/171 485/151/64 486/150/172
f 487/152/173 488/153/174 489/154/175
f 490/155/176 491/123/177 492/122/178
f 493/156/179 494/112/180 495/110/181
f 496/157/182 497/158/183 498/159/184
f 499/160/177 500/160/185 501/160/186
f 502/161/187 503/161/188 504/162/189
f 505/163/190 506/164/191 507/164/192
f 508/164/193 509/165/194 510/166/195
f 511/167/196 512/163/197 513/164/198
f 514/168/199 515/169/200 516/169/201
f 517/170/202 518/171/203 519/171/204
f 520/172/205 521/173/206 522/174/207
f 523/173/11 524/173/208 525/174/209
f 526/161/210 527/161/187 528/162/211
f 529/154/212 530/173/213 531/172/214
f 532/172/215 533/154/212 534/172/214
f 535/154/166 536/154/216 537/172/169
f 538/162/211 539/161/187 540/162/189
f 541/175/217 542/176/218 543/177/219
f 544/177/220 545/176/221 546/178/222
f 547/179/223 548/180/224 549/181/225
f 550/182/226 551/183/227 552/184/228
f 553/159/184 554/158/229 555/182/226
f 556/184/230 557/183/231 558/185/232
f 559/186/233 560/150/234 561/150/235
f 562/187/236 563/187/237 564/188/238
f 565/187/239 566/188/240 567/151/241
f 568/187/242 569/187/243 570/188/244
f 571/187/245 572/188/246 573/188/247
f 574/187/237 575/187/248 576/188/238
f 577/187/249 578/189/250 579/188/251
f 580/189/252 581/190/253 582/188/251
f 583/171/254 584/171/204 585/190/253
f 586/189/11 587/171/255 588/190/256
f 589/191/257 590/191/258 591/192/259
f 592/193/260 593/192/261 594/194/262
f 595/195/263 596/196/264 597/171/265
f 598/111/266 599/109/267 600/111/268
f 601/197/269 602/108/270 603/109/271
f 604/198/272 605/147/273 606/108/274
f 607/198/272 608/198/275 609/147/273
f 610/181/276 611/199/277 612/200/278
f 613/178/279 614/201/280 615/179/281
f 616/175/282 617/202/283 618/175/217
f 619/161/188 620/167/284 621/162/189
f 622/162/285 623/167/286 624/164/287
f 625/164/288 626/164/191 627/166/201
f 628/169/289 629/169/290 630/203/291
f 631/203/291 632/169/292 633/175/293
f 634/204/294 635/203/295 636/169/200
f 637/160/296 638/205/297 639/206/298
f 640/207/299 641/122/300 642/119/301
f 643/208/302 644/119/303 645/119/304
f 646/209/305 647/208/306 648/119/307
f 649/209/308 650/117/309 651/115/310
f 652/117/309 653/209/311 654/119/304
f 655/210/312 656/115/313 657/114/314
f 658/112/315 659/114/314 660/112/180
f 661/211/316 662/110/317 663/107/318
f 664/107/319 665/107/320 666/107/321
f 667/212/322 668/107/323 669/106/324
f 670/212/325 671/106/326 672/148/327
f 673/213/328 674/213/329 675/149/330
f 676/213/331 677/149/332 678/147/273
f 679/198/275 680/213/333 681/147/334
f 682/213/335 683/148/327 684/149/332
f 685/200/336 686/214/337 687/157/182
f 688/200/278 689/214/338 690/200/339
f 691/206/340 692/205/341 693/152/173
s 0
f 694/215/10 695/216/10 696/217/10
f 697/218/10 698/215/10 699/217/10
f 700/219/166 701/220/166 702/221/166
f 703/219/166 704/222/166 705/220/166
f 706/223/64 707/224/64 708/225/64
f 709/226/64 710/223/64 711/225/64
f 712/223/64 713/226/64 714/227/64
f 715/227/64 716/226/64 717/228/64
f 718/229/64 719/223/64 720/227/64
f 721/229/64 722/230/64 723/223/64
s 1
f 724/231/342 725/232/64 726/233/343
f 727/232/64 728/234/64 729/233/343
s 0
f 730/234/64 731/235/64 732/236/64
s 1
f 733/234/64 734/236/64 735/233/343
f 736/233/343 737/236/64 738/237/64
s 0
f 739/236/64 740/227/64 741/237/64
f 742/227/64 743/228/64 744/237/64
f 745/228/64 746/238/64 747/237/64
f 748/238/64 749/225/64 750/237/64
f 751/225/64 752/224/64 753/237/64
f 754/224/64 755/239/64 756/237/64
f 757/240/64 758/239/64 759/224/64
f 760/230/64 761/239/64 762/240/64
f 763/229/64 764/239/64 765/230/64
f 766/241/64 767/239/64 768/229/64
s 1
f 769/231/342 770/239/64 771/241/64
f 772/231/342 773/241/64 774/232/64
s 0
f 775/232/64 776/241/64 777/242/64
f 778/242/64 779/241/64 780/236/64
f 781/235/64 782/242/64 783/236/64
f 784/243/344 785/244/344 786/245/344
f 787/243/344 788/246/344 789/244/344
f 790/247/1 791/248/1 792/249/1
f 793/248/1 794/250/1 795/249/1
f 796/245/10 797/243/10 798/251/10
f 799/243/10 800/252/10 801/251/10
f 802/253/166 803/254/166 804/255/166
f 805/253/166 806/256/166 807/254/166
f 808/257/344 809/258/344 810/259/344
f 811/257/344 812/260/344 813/258/344
f 814/261/1 815/262/1 816/263/1
f 817/262/1 818/264/1 819/263/1
f 820/265/10 821/266/10 822/267/10
f 823/266/10 824/268/10 825/267/10
f 826/269/166 827/270/166 828/271/166
f 829/269/166 830/272/166 831/270/166
f 832/273/344 833/274/344 834/275/344
f 835/273/344 836/276/344 837/274/344
f 838/277/1 839/278/1 840/279/1
f 841/278/1 842/280/1 843/279/1
f 844/281/10 845/282/10 846/283/10
f 847/282/10 848/284/10 849/283/10
f 850/285/166 851/286/166 852/287/166
f 853/285/166 854/288/166 855/286/166
f 856/289/344 857/290/344 858/291/344
f 859/289/344 860/292/344 861/290/344
f 862/293/1 863/294/1 864/295/1
f 865/296/1 866/294/1 867/293/1
f 868/297/10 869/279/10 870/298/10
f 871/279/10 872/299/10 873/298/10
f 874/300/166 875/301/166 876/293/166
f 877/296/166 878/300/166 879/293/166
f 880/302/11 881/303/11 882/304/11
f 883/305/11 884/306/11 885/307/11
f 886/308/11 887/309/11 888/305/11
f 889/310/11 890/309/11 891/308/11
f 892/311/11 893/312/11 894/307/11
f 895/312/11 896/313/11 897/307/11
f 898/314/11 899/315/11 900/303/11
f 901/303/11 902/315/11 903/304/11
f 904/314/11 905/303/11 906/316/11
f 907/314/11 908/316/11 909/306/11
f 910/316/11 911/317/11 912/306/11
f 913/306/11 914/317/11 915/304/11
f 916/317/11 917/302/11 918/304/11
f 919/306/11 920/304/11 921/307/11
f 922/313/11 923/305/11 924/307/11
f 925/318/11 926/305/11 927/313/11
f 928/318/11 929/308/11 930/305/11
f 931/319/11 932/308/11 933/318/11
f 934/319/11 935/318/11 936/311/11
f 937/319/11 938/311/11 939/307/11
f 940/320/11 941/319/11 942/307/11
f 943/320/11 944/314/11 945/309/11
f 946/320/11 947/315/11 948/314/11
f 949/320/11 950/310/11 951/321/11
f 952/320/11 953/321/11 954/319/11
f 955/320/11 956/309/11 957/310/11
f 958/322/344 959/323/344 960/324/344
s 1
f 961/324/344 962/325/344 963/326/342
f 964/324/344 965/326/342 966/327/345
f 967/328/344 968/324/344 969/327/346
s 0
f 970/329/344 971/330/344 972/322/344
f 973/329/344 974/322/344 975/331/344
s 1
f 976/329/344 977/331/344 978/327/345
f 979/331/344 980/332/344 981/327/346
f 982/332/344 983/328/344 984/327/343
s 0
f 985/322/344 986/324/344 987/328/344
s 1
f 988/330/347 989/323/347 990/322/347
s 0
f 991/330/344 992/330/344 993/323/344
f 994/333/1 995/334/1 996/335/1
s 1
f 997/336/1 998/337/1 999/338/1
s 0
f 1000/337/1 1001/339/1 1002/338/1
f 1003/338/1 1004/339/1 1005/333/1
f 1006/339/1 1007/340/1 1008/333/1
f 1009/340/1 1010/341/1 1011/333/1
f 1012/341/1 1013/334/1 1014/333/1
f 1015/334/1 1016/342/1 1017/335/1
f 1018/335/1 1019/342/1 1020/343/1
f 1021/342/1 1022/344/1 1023/343/1
f 1024/345/1 1025/344/1 1026/346/1
f 1027/343/1 1028/344/1 1029/345/1
f 1030/344/1 1031/347/1 1032/346/1
f 1033/346/1 1034/347/1 1035/348/1
f 1036/348/1 1037/347/1 1038/349/1
f 1039/347/1 1040/347/1 1041/349/1
f 1042/350/1 1043/347/1 1044/351/1
f 1045/349/1 1046/347/1 1047/350/1
f 1048/347/1 1049/352/1 1050/351/1
f 1051/351/1 1052/352/1 1053/353/1
f 1054/353/1 1055/352/1 1056/353/1
f 1057/353/1 1058/352/1 1059/354/1
f 1060/354/1 1061/352/1 1062/355/1
f 1063/352/1 1064/356/1 1065/355/1
f 1066/352/1 1067/357/1 1068/356/1
f 1069/352/1 1070/358/1 1071/357/1
f 1072/352/1 1073/359/1 1074/358/1
f 1075/359/1 1076/360/1 1077/358/1
f 1078/360/1 1079/361/1 1080/358/1
f 1081/361/1 1082/362/1 1083/358/1
s 1
f 1084/363/348 1085/364/349 1086/365/350
f 1087/366/351 1088/367/352 1089/368/350
f 1090/369/353 1091/366/351 1092/370/354
f 1093/371/355 1094/372/356 1095/373/356
f 1096/371/355 1097/374/355 1098/372/356
f 1099/375/357 1100/376/358 1101/377/359
f 1102/378/360 1103/375/361 1104/379/362
f 1105/380/363 1106/381/364 1107/382/365
f 1108/380/363 1109/383/363 1110/381/366
f 1111/384/367 1112/385/368 1113/380/369
f 1114/386/370 1115/387/370 1116/384/371
f 1117/388/344 1118/389/372 1119/390/373
f 1120/391/374 1121/388/344 1122/392/344
f 1123/393/375 1124/394/376 1125/391/377
f 1126/393/378 1127/395/379 1128/394/380
f 1129/396/381 1130/397/381 1131/395/382
f 1132/398/383 1133/399/383 1134/396/384
f 1135/400/385 1136/401/386 1137/399/383
f 1138/402/387 1139/403/388 1140/401/386
f 1141/404/389 1142/405/389 1143/403/388
f 1144/406/390 1145/407/390 1146/408/391
f 1147/409/11 1148/410/392 1149/411/393
f 1150/409/11 1151/412/11 1152/406/394
f 1153/413/395 1154/409/11 1155/406/394
f 1156/409/11 1157/413/395 1158/410/392
f 1159/411/393 1160/410/392 1161/414/396
f 1162/411/393 1163/414/396 1164/415/397
f 1165/415/398 1166/414/399 1167/416/400
f 1168/417/401 1169/412/11 1170/411/393
f 1171/418/402 1172/419/402 1173/420/403
f 1174/421/404 1175/419/405 1176/418/405
f 1177/408/406 1178/422/407 1179/421/407
f 1180/421/407 1181/422/407 1182/419/408
f 1183/412/11 1184/409/11 1185/411/393
f 1186/423/399 1187/424/409 1188/425/410
f 1189/424/411 1190/417/401 1191/415/398
f 1192/424/411 1193/415/397 1194/425/412
f 1195/423/399 1196/417/413 1197/424/409
f 1198/426/392 1199/417/401 1200/423/396
f 1201/426/392 1202/412/11 1203/417/401
f 1204/427/395 1205/412/11 1206/426/392
f 1207/412/11 1208/427/395 1209/407/394
f 1210/407/394 1211/427/395 1212/428/414
f 1213/425/412 1214/415/397 1215/416/415
f 1216/407/390 1217/428/416 1218/408/391
f 1219/408/406 1220/428/416 1221/429/417
f 1222/430/418 1223/431/419 1224/432/420
f 1225/430/421 1226/432/422 1227/433/423
f 1228/433/424 1229/432/420 1230/434/425
f 1231/430/426 1232/433/389 1233/435/389
f 1234/405/423 1235/436/427 1236/403/428
f 1237/403/429 1238/436/430 1239/437/431
f 1240/420/432 1241/430/433 1242/435/434
f 1243/403/428 1244/437/435 1245/401/436
f 1246/401/437 1247/437/438 1248/438/439
f 1249/404/389 1250/403/388 1251/402/387
f 1252/401/436 1253/438/440 1254/399/441
f 1255/399/442 1256/438/443 1257/439/444
f 1258/399/445 1259/439/446 1260/397/447
f 1261/397/447 1262/439/446 1263/440/448
f 1264/402/449 1265/401/450 1266/400/451
f 1267/399/445 1268/397/447 1269/396/447
f 1270/397/384 1271/440/452 1272/395/453
f 1273/395/454 1274/440/455 1275/441/456
f 1276/400/385 1277/399/457 1278/398/457
f 1279/396/384 1280/395/453 1281/393/458
f 1282/395/379 1283/441/456 1284/394/380
f 1285/394/376 1286/441/459 1287/442/460
f 1288/394/376 1289/442/460 1290/388/344
f 1291/388/344 1292/442/460 1293/443/461
f 1294/444/462 1295/445/463 1296/446/464
f 1297/444/462 1298/446/464 1299/387/465
f 1300/387/466 1301/446/467 1302/447/468
f 1303/387/469 1304/447/470 1305/385/368
f 1306/385/471 1307/447/472 1308/448/473
f 1309/385/474 1310/448/475 1311/383/476
f 1312/383/477 1313/448/478 1314/449/479
f 1315/383/476 1316/449/480 1317/381/481
f 1318/450/482 1319/451/479 1320/452/483
f 1321/385/484 1322/383/363 1323/380/363
f 1324/450/485 1325/452/486 1326/375/487
f 1327/375/488 1328/452/489 1329/453/490
f 1330/375/488 1331/453/491 1332/376/492
f 1333/376/493 1334/453/494 1335/454/495
f 1336/455/496 1337/444/462 1338/387/465
f 1339/376/358 1340/454/497 1341/374/498
f 1342/374/499 1343/454/495 1344/456/500
f 1345/387/370 1346/385/471 1347/384/501
f 1348/376/492 1349/374/355 1350/371/355
f 1351/374/355 1352/456/502 1353/372/356
f 1354/372/503 1355/456/502 1356/457/504
f 1357/364/505 1358/363/506 1359/366/507
f 1360/363/506 1361/367/508 1362/366/351
f 1363/364/505 1364/366/507 1365/369/509
f 1366/365/510 1367/364/349 1368/369/353
f 1369/365/510 1370/369/509 1371/458/511
f 1372/366/351 1373/368/510 1374/370/512
f 1375/370/512 1376/459/511 1377/460/513
f 1378/459/511 1379/461/514 1380/460/513
f 1381/461/514 1382/462/515 1383/460/513
f 1384/463/516 1385/462/515 1386/461/514
f 1387/463/504 1388/373/503 1389/462/517
f 1390/464/502 1391/373/503 1392/463/504
f 1393/464/502 1394/371/355 1395/373/356
f 1396/465/518 1397/371/499 1398/464/500
f 1399/373/519 1400/372/519 1401/462/515
f 1402/465/497 1403/377/359 1404/371/498
f 1405/466/494 1406/377/520 1407/465/521
f 1408/466/490 1409/379/357 1410/377/359
f 1411/467/522 1412/379/488 1413/466/491
f 1414/379/523 1415/375/523 1416/377/524
f 1417/467/486 1418/378/360 1419/379/487
f 1420/468/479 1421/378/525 1422/467/483
f 1423/377/526 1424/376/493 1425/371/527
f 1426/378/365 1427/450/366 1428/375/523
f 1429/469/528 1430/380/369 1431/382/360
f 1432/470/529 1433/380/530 1434/469/479
f 1435/462/515 1436/471/531 1437/460/513
f 1438/471/531 1439/369/509 1440/460/513
f 1441/470/475 1442/384/367 1443/380/476
f 1444/472/532 1445/384/533 1446/470/473
f 1447/473/534 1448/390/535 1449/474/536
f 1450/475/461 1451/390/537 1452/473/538
f 1453/475/461 1454/392/344 1455/390/373
f 1456/476/460 1457/392/344 1458/475/461
f 1459/389/539 1460/477/536 1461/474/536
f 1462/474/540 1463/477/541 1464/444/542
f 1465/390/537 1466/389/372 1467/474/543
f 1468/392/344 1469/388/344 1470/390/373
f 1471/476/460 1472/391/374 1473/392/344
f 1474/478/459 1475/391/374 1476/476/460
f 1477/478/456 1478/393/378 1479/391/544
f 1480/479/455 1481/393/375 1482/478/456
f 1483/479/452 1484/396/545 1485/393/458
f 1486/480/446 1487/396/447 1488/479/448
f 1489/480/446 1490/398/445 1491/396/447
f 1492/481/443 1493/398/442 1494/480/444
f 1495/391/374 1496/394/376 1497/388/344
f 1498/481/440 1499/400/546 1500/398/441
f 1501/482/438 1502/400/547 1503/481/548
f 1504/482/435 1505/402/549 1506/400/546
f 1507/483/430 1508/402/550 1509/482/431
f 1510/484/417 1511/485/406 1512/421/407
f 1513/486/416 1514/485/406 1515/484/417
f 1516/486/414 1517/406/551 1518/485/406
f 1519/413/395 1520/406/394 1521/486/414
f 1522/406/394 1523/408/552 1524/485/552
f 1525/485/406 1526/408/406 1527/421/553
f 1528/487/554 1529/421/555 1530/418/402
f 1531/484/556 1532/421/553 1533/487/557
f 1534/417/413 1535/411/558 1536/415/398
f 1537/412/11 1538/407/394 1539/406/394
f 1540/408/552 1541/429/559 1542/422/407
f 1543/422/553 1544/429/556 1545/488/560
f 1546/422/407 1547/488/554 1548/419/402
f 1549/419/561 1550/488/560 1551/431/562
f 1552/419/408 1553/431/563 1554/430/418
f 1555/419/408 1556/430/564 1557/420/565
f 1558/489/419 1559/418/402 1560/420/566
f 1561/487/567 1562/418/561 1563/489/568
f 1564/483/569 1565/404/434 1566/402/570
f 1567/490/420 1568/435/424 1569/491/430
f 1570/490/422 1571/420/432 1572/435/423
f 1573/489/563 1574/420/565 1575/490/571
f 1576/388/344 1577/443/461 1578/389/372
f 1579/389/372 1580/443/461 1581/492/538
f 1582/389/539 1583/492/534 1584/477/536
f 1585/477/543 1586/492/534 1587/445/572
f 1588/477/541 1589/445/573 1590/444/542
f 1591/474/543 1592/444/462 1593/455/496
f 1594/493/573 1595/474/541 1596/455/574
f 1597/473/534 1598/474/543 1599/493/572
f 1600/372/575 1601/494/576 1602/462/576
f 1603/462/515 1604/494/515 1605/471/531
f 1606/472/470 1607/386/469 1608/384/367
f 1609/495/467 1610/386/466 1611/472/468
f 1612/495/464 1613/455/577 1614/386/465
f 1615/493/463 1616/455/496 1617/495/464
f 1618/455/574 1619/387/370 1620/386/370
f 1621/372/575 1622/457/504 1623/494/576
f 1624/494/515 1625/457/516 1626/496/514
f 1627/494/515 1628/496/514 1629/471/531
f 1630/496/514 1631/458/511 1632/471/531
f 1633/458/511 1634/369/509 1635/471/531
f 1636/369/509 1637/370/512 1638/460/513
f 1639/370/512 1640/368/510 1641/459/511
s 0
f 1642/497/166 1643/498/166 1644/499/166
f 1645/498/166 1646/500/166 1647/501/166
f 1648/502/166 1649/503/166 1650/504/166
s 1
f 1651/503/166 1652/505/166 1653/504/166
s 0
f 1654/502/166 1655/504/166 1656/506/166
f 1657/507/166 1658/502/166 1659/506/166
f 1660/508/166 1661/509/166 1662/506/166
f 1663/509/166 1664/507/166 1665/506/166
f 1666/508/166 1667/506/166 1668/510/166
f 1669/511/166 1670/508/166 1671/510/166
f 1672/511/166 1673/510/166 1674/512/166
f 1675/500/166 1676/511/166 1677/512/166
f 1678/500/166 1679/512/166 1680/513/166
f 1681/500/166 1682/513/166 1683/501/166
f 1684/498/166 1685/501/166 1686/514/166
f 1687/498/166 1688/514/166 1689/514/166
f 1690/498/166 1691/498/166 1692/514/166
f 1693/498/166 1694/514/166 1695/515/166
f 1696/498/166 1697/515/166 1698/499/166
f 1699/497/166 1700/499/166 1701/516/166
f 1702/497/166 1703/516/166 1704/517/166
f 1705/497/166 1706/517/166 1707/518/166
f 1708/497/166 1709/518/166 1710/519/166
f 1711/520/166 1712/497/166 1713/519/166
f 1714/521/166 1715/497/166 1716/520/166
f 1717/522/166 1718/497/166 1719/521/166
f 1720/523/166 1721/497/166 1722/522/166
f 1723/524/166 1724/523/166 1725/522/166
f 1726/525/166 1727/524/166 1728/522/166
f 1729/526/166 1730/525/166 1731/522/166
f 1732/527/1 1733/528/1 1734/529/1
f 1735/530/1 1736/531/1 1737/532/1
s 1
f 1738/531/166 1739/533/578 1740/532/579
s 0
f 1741/532/1 1742/533/1 1743/534/1
f 1744/533/1 1745/535/1 1746/534/1
f 1747/535/1 1748/536/1 1749/534/1
f 1750/536/580 1751/537/580 1752/534/580
f 1753/537/1 1754/538/1 1755/534/1
f 1756/538/1 1757/539/1 1758/534/1
f 1759/539/1 1760/540/1 1761/534/1
f 1762/540/1 1763/541/1 1764/534/1
f 1765/541/1 1766/542/1 1767/534/1
f 1768/542/1 1769/543/1 1770/534/1
f 1771/543/1 1772/528/1 1773/534/1
f 1774/544/1 1775/528/1 1776/543/1
f 1777/545/1 1778/528/1 1779/544/1
f 1780/546/1 1781/528/1 1782/545/1
f 1783/547/1 1784/528/1 1785/546/1
f 1786/548/1 1787/528/1 1788/547/1
f 1789/549/581 1790/528/581 1791/548/581
f 1792/550/1 1793/528/1 1794/549/1
f 1795/529/1 1796/528/1 1797/550/1
f 1798/551/166 1799/527/166 1800/529/166
f 1801/552/7 1802/527/7 1803/551/7
f 1804/553/1 1805/554/1 1806/555/1
f 1807/556/1 1808/553/1 1809/557/1
f 1810/558/1 1811/556/1 1812/559/1
f 1813/560/1 1814/558/1 1815/561/1
f 1816/562/1 1817/563/1 1818/564/1
f 1819/563/581 1820/565/581 1821/566/581
f 1822/565/1 1823/567/1 1824/568/1
f 1825/567/1 1826/569/1 1827/570/1
f 1828/569/1 1829/571/1 1830/572/1
f 1831/571/1 1832/573/1 1833/574/1
f 1834/573/581 1835/575/581 1836/576/581
f 1837/575/1 1838/577/1 1839/578/1
f 1840/577/1 1841/579/1 1842/580/1
f 1843/581/1 1844/582/1 1845/554/1
f 1846/554/1 1847/582/1 1848/583/1
f 1849/554/1 1850/583/1 1851/555/1
f 1852/553/1 1853/555/1 1854/557/1
f 1855/556/1 1856/557/1 1857/559/1
f 1858/558/1 1859/559/1 1860/561/1
f 1861/560/1 1862/561/1 1863/584/1
f 1864/585/1 1865/560/1 1866/584/1
f 1867/585/1 1868/584/1 1869/586/1
f 1870/587/1 1871/586/1 1872/588/1
f 1873/587/1 1874/585/1 1875/586/1
f 1876/589/1 1877/588/1 1878/590/1
f 1879/589/1 1880/587/1 1881/588/1
f 1882/591/1 1883/590/1 1884/592/1
f 1885/591/1 1886/589/1 1887/590/1
f 1888/593/64 1889/592/64 1890/594/64
f 1891/593/1 1892/591/1 1893/592/1
f 1894/595/1 1895/594/1 1896/596/1
f 1897/595/11 1898/593/11 1899/594/11
f 1900/597/11 1901/596/11 1902/598/11
f 1903/597/1 1904/595/1 1905/596/1
f 1906/579/11 1907/599/11 1908/600/11
f 1909/579/581 1910/600/581 1911/580/581
f 1912/577/580 1913/580/580 1914/578/580
f 1915/575/1 1916/578/1 1917/576/1
f 1918/573/1 1919/576/1 1920/574/1
f 1921/571/1 1922/574/1 1923/572/1
f 1924/569/1 1925/572/1 1926/570/1
f 1927/567/1 1928/570/1 1929/568/1
f 1930/565/580 1931/568/580 1932/566/580
f 1933/563/1 1934/566/1 1935/564/1
f 1936/562/1 1937/564/1 1938/601/1
f 1939/602/1 1940/562/1 1941/601/1
f 1942/602/1 1943/601/1 1944/603/1
f 1945/604/1 1946/602/1 1947/603/1
f 1948/604/1 1949/603/1 1950/582/1
f 1951/581/1 1952/604/1 1953/582/1
s 1
f 1954/605/582 1955/606/583 1956/607/584
f 1957/608/585 1958/607/586 1959/609/587
f 1960/610/588 1961/609/589 1962/611/590
f 1963/612/591 1964/611/592 1965/613/593
f 1966/614/594 1967/613/595 1968/615/596
f 1969/616/597 1970/615/598 1971/617/599
f 1972/618/600 1973/617/601 1974/619/602
f 1975/620/603 1976/619/604 1977/621/605
f 1978/434/606 1979/622/607 1980/622/608
f 1981/623/609 1982/622/610 1983/624/611
f 1984/623/612 1985/624/613 1986/625/614
f 1987/626/615 1988/625/616 1989/625/617
f 1990/627/349 1991/628/348 1992/629/350
f 1993/630/351 1994/627/349 1995/631/618
f 1996/632/619 1997/633/517 1998/634/517
f 1999/635/355 2000/636/620 2001/632/621
f 2002/637/357 2003/637/622 2004/638/359
f 2005/639/623 2006/637/523 2007/638/624
f 2008/640/369 2009/641/625 2010/642/360
f 2011/643/371 2012/644/626 2013/640/363
f 2014/645/465 2015/646/465 2016/643/627
f 2017/647/628 2018/648/629 2019/649/372
f 2020/650/374 2021/651/630 2022/647/628
f 2023/652/631 2024/653/632 2025/650/633
f 2026/654/442 2027/655/442 2028/656/634
f 2029/657/547 2030/658/635 2031/655/383
f 2032/657/451 2033/655/445 2034/654/445
f 2035/659/636 2036/658/637 2037/657/385
f 2038/660/638 2039/661/638 2040/659/639
f 2041/662/564 2042/663/640 2043/664/641
f 2044/662/564 2045/664/641 2046/665/641
f 2047/666/642 2048/667/392 2049/668/393
f 2050/669/395 2051/666/642 2052/670/643
f 2053/666/642 2054/669/395 2055/667/392
f 2056/668/393 2057/667/392 2058/667/396
f 2059/668/393 2060/667/396 2061/671/398
f 2062/671/398 2063/667/399 2064/672/400
f 2065/673/644 2066/674/645 2067/663/646
f 2068/675/647 2069/674/648 2070/673/649
f 2071/676/650 2072/677/650 2073/646/469
f 2074/644/651 2075/678/369 2076/640/369
f 2077/640/652 2078/678/652 2079/641/482
f 2080/646/370 2081/644/653 2082/643/501
f 2083/637/622 2084/679/654 2085/635/355
f 2086/635/355 2087/679/655 2088/636/620
f 2089/680/656 2090/630/351 2091/631/657
f 2092/625/617 2093/628/506 2094/630/507
f 2095/626/615 2096/625/617 2097/630/507
f 2098/623/658 2099/625/614 2100/626/615
f 2101/623/659 2102/624/613 2103/623/658
f 2104/434/660 2105/622/661 2106/623/662
f 2107/620/663 2108/621/664 2109/681/660
f 2110/618/665 2111/619/666 2112/620/667
f 2113/616/668 2114/617/669 2115/618/670
f 2116/614/671 2117/615/598 2118/616/597
f 2119/612/672 2120/613/673 2121/614/674
f 2122/610/588 2123/611/590 2124/612/675
f 2125/608/676 2126/609/677 2127/610/678
f 2128/605/679 2129/607/680 2130/608/681
f 2131/682/682 2132/606/583 2133/605/582
f 2134/682/683 2135/683/684 2136/606/685
f 2137/684/686 2138/683/687 2139/682/688
f 2140/685/689 2141/686/690 2142/668/393
f 2143/666/642 2144/686/690 2145/687/691
f 2146/670/692 2147/687/693 2148/688/694
f 2149/675/695 2150/688/696 2151/688/697
f 2152/659/639 2153/689/639 2154/658/698
f 2155/656/381 2156/690/381 2157/691/699
f 2158/652/378 2159/691/700 2160/653/701
f 2161/656/634 2162/691/702 2163/652/703
f 2164/655/704 2165/690/381 2166/656/381
f 2167/661/424 2168/689/705 2169/659/705
f 2170/692/706 2171/693/707 2172/684/708
f 2173/684/709 2174/693/710 2175/683/711
f 2176/694/712 2177/695/713 2178/692/714
f 2179/692/706 2180/695/715 2181/693/716
f 2182/696/717 2183/697/718 2184/694/719
f 2185/694/720 2186/697/721 2187/695/722
f 2188/698/723 2189/699/724 2190/696/717
f 2191/696/725 2192/699/726 2193/697/727
f 2194/700/728 2195/701/729 2196/702/723
f 2197/702/730 2198/701/731 2199/703/732
f 2200/704/733 2201/701/734 2202/700/735
f 2203/700/736 2204/701/737 2205/701/738
f 2206/704/739 2207/705/740 2208/704/741
f 2209/704/742 2210/705/743 2211/701/744
f 2212/706/745 2213/707/746 2214/704/747
f 2215/704/748 2216/707/749 2217/705/740
f 2218/706/397 2219/685/689 2220/671/397
f 2221/706/397 2222/671/397 2223/707/750
f 2224/685/751 2225/668/752 2226/671/398
f 2227/686/690 2228/666/642 2229/668/393
f 2230/666/642 2231/687/691 2232/670/643
f 2233/707/750 2234/671/398 2235/672/415
f 2236/670/643 2237/688/753 2238/675/695
f 2239/630/507 2240/628/506 2241/627/505
f 2242/627/349 2243/629/510 2244/631/754
f 2245/631/618 2246/708/511 2247/631/64
f 2248/708/511 2249/709/514 2250/631/64
f 2251/709/514 2252/634/515 2253/631/64
f 2254/710/516 2255/634/515 2256/709/514
f 2257/634/515 2258/633/515 2259/631/64
f 2260/710/504 2261/632/619 2262/634/517
f 2263/710/502 2264/632/619 2265/710/504
f 2266/632/621 2267/636/620 2268/633/515
f 2269/710/502 2270/635/355 2271/632/621
f 2272/711/495 2273/635/499 2274/710/500
f 2275/711/497 2276/638/359 2277/635/498
f 2278/712/494 2279/638/526 2280/711/495
f 2281/712/491 2282/638/488 2283/638/524
f 2284/713/483 2285/638/488 2286/712/490
f 2287/638/523 2288/637/523 2289/638/524
f 2290/713/486 2291/639/755 2292/638/487
f 2293/713/479 2294/639/525 2295/713/483
f 2296/639/623 2297/714/482 2298/637/488
f 2299/271/480 2300/640/476 2301/642/756
f 2302/715/478 2303/640/477 2304/271/479
f 2305/638/526 2306/637/757 2307/635/758
f 2308/715/475 2309/643/367 2310/640/476
f 2311/716/472 2312/643/533 2313/715/473
f 2314/649/759 2315/717/536 2316/718/536
f 2317/718/760 2318/717/760 2319/676/761
f 2320/719/534 2321/649/539 2322/718/536
f 2323/720/461 2324/649/372 2325/719/538
f 2326/649/762 2327/648/763 2328/717/764
f 2329/720/461 2330/647/628 2331/649/372
f 2332/721/460 2333/647/628 2334/720/461
f 2335/647/628 2336/651/630 2337/648/629
f 2338/721/460 2339/650/374 2340/647/628
f 2341/722/459 2342/650/374 2343/721/460
f 2344/722/456 2345/652/378 2346/650/544
f 2347/723/455 2348/652/375 2349/722/456
f 2350/723/452 2351/656/384 2352/652/458
f 2353/724/446 2354/656/447 2355/723/448
f 2356/724/446 2357/654/445 2358/656/447
f 2359/725/443 2360/654/442 2361/724/444
f 2362/725/440 2363/657/546 2364/654/441
f 2365/726/438 2366/657/547 2367/725/548
f 2368/650/374 2369/653/765 2370/651/630
f 2371/726/435 2372/659/766 2373/657/546
f 2374/727/767 2375/659/768 2376/726/431
f 2377/728/559 2378/675/769 2379/675/770
f 2380/729/416 2381/675/771 2382/728/556
f 2383/729/416 2384/670/772 2385/675/773
f 2386/669/395 2387/670/643 2388/729/414
f 2389/730/554 2390/675/770 2391/673/644
f 2392/728/556 2393/675/774 2394/730/560
f 2395/675/695 2396/688/697 2397/675/774
f 2398/675/774 2399/688/775 2400/674/645
f 2401/673/776 2402/663/640 2403/662/777
f 2404/731/563 2405/673/644 2406/662/418
f 2407/730/560 2408/673/778 2409/731/562
f 2410/727/427 2411/660/423 2412/659/766
f 2413/731/420 2414/665/424 2415/732/430
f 2416/731/422 2417/662/421 2418/665/423
f 2419/731/563 2420/662/418 2421/731/571
f 2422/717/764 2423/677/650 2424/676/650
f 2425/733/573 2426/718/540 2427/676/779
f 2428/719/534 2429/718/543 2430/733/572
f 2431/716/470 2432/645/469 2433/643/367
f 2434/734/467 2435/645/466 2436/716/780
f 2437/734/464 2438/676/781 2439/645/465
f 2440/733/463 2441/676/781 2442/734/464
f 2443/676/761 2444/646/466 2445/645/466
f 2446/633/515 2447/680/64 2448/631/64
f 2449/680/64 2450/680/782 2451/631/64
f 2452/680/782 2453/631/618 2454/631/64
f 2455/631/618 2456/629/510 2457/708/511
s 0
f 2458/735/166 2459/736/166 2460/737/166
f 2461/736/166 2462/738/166 2463/739/166
f 2464/740/166 2465/741/166 2466/742/166
s 1
f 2467/741/166 2468/743/166 2469/742/166
s 0
f 2470/740/166 2471/742/166 2472/744/166
f 2473/745/166 2474/740/166 2475/744/166
f 2476/746/166 2477/747/166 2478/744/166
f 2479/747/166 2480/745/166 2481/744/166
f 2482/746/166 2483/744/166 2484/748/166
f 2485/749/166 2486/746/166 2487/748/166
f 2488/749/166 2489/748/166 2490/750/166
f 2491/738/166 2492/749/166 2493/750/166
f 2494/738/166 2495/750/166 2496/751/166
f 2497/738/166 2498/751/166 2499/739/166
f 2500/736/166 2501/739/166 2502/752/166
f 2503/736/166 2504/752/166 2505/753/166
f 2506/736/166 2507/736/166 2508/753/166
f 2509/736/166 2510/753/166 2511/754/166
f 2512/736/166 2513/754/166 2514/737/166
f 2515/735/166 2516/737/166 2517/755/166
f 2518/735/166 2519/755/166 2520/755/166
f 2521/735/166 2522/755/166 2523/756/166
f 2524/735/166 2525/756/166 2526/757/166
f 2527/758/166 2528/735/166 2529/757/166
f 2530/759/166 2531/735/166 2532/758/166
f 2533/760/166 2534/735/166 2535/759/166
f 2536/761/166 2537/735/166 2538/760/166
f 2539/762/166 2540/761/166 2541/760/166
f 2542/763/166 2543/762/166 2544/760/166
f 2545/764/166 2546/763/166 2547/760/166
f 2548/765/11 2549/766/11 2550/767/11
f 2551/320/11 2552/766/11 2553/765/11
f 2554/768/11 2555/769/11 2556/307/11
f 2557/765/11 2558/770/11 2559/771/11
f 2560/765/11 2561/771/11 2562/772/11
f 2563/765/11 2564/772/11 2565/773/11
f 2566/765/11 2567/773/11 2568/774/11
f 2569/765/11 2570/774/11 2571/775/11
f 2572/765/11 2573/775/11 2574/768/11
f 2575/775/11 2576/776/11 2577/768/11
f 2578/776/11 2579/777/11 2580/768/11
f 2581/777/11 2582/778/11 2583/768/11
f 2584/778/11 2585/779/11 2586/768/11
f 2587/779/11 2588/780/11 2589/768/11
f 2590/780/11 2591/781/11 2592/768/11
f 2593/781/11 2594/782/11 2595/768/11
f 2596/782/11 2597/783/11 2598/768/11
f 2599/768/11 2600/783/11 2601/769/11
f 2602/769/11 2603/784/11 2604/307/11
f 2605/784/11 2606/785/11 2607/307/11
f 2608/785/11 2609/786/11 2610/307/11
f 2611/786/11 2612/787/11 2613/307/11
f 2614/787/11 2615/788/11 2616/307/11
f 2617/788/11 2618/789/11 2619/307/11
f 2620/789/11 2621/790/11 2622/307/11
f 2623/790/11 2624/791/11 2625/307/11
f 2626/791/11 2627/792/11 2628/307/11
f 2629/792/11 2630/793/11 2631/307/11
f 2632/793/11 2633/794/11 2634/307/11
f 2635/794/11 2636/795/11 2637/307/11
f 2638/795/11 2639/796/11 2640/307/11
f 2641/796/11 2642/797/11 2643/307/11
f 2644/797/11 2645/798/11 2646/307/11
f 2647/798/11 2648/799/11 2649/307/11
f 2650/799/11 2651/800/11 2652/307/11
f 2653/800/11 2654/801/11 2655/307/11
f 2656/801/11 2657/802/11 2658/307/11
f 2659/802/11 2660/803/11 2661/307/11
f 2662/803/11 2663/320/11 2664/307/11
f 2665/804/11 2666/320/11 2667/803/11
f 2668/805/11 2669/320/11 2670/804/11
f 2671/806/11 2672/320/11 2673/805/11
f 2674/807/11 2675/320/11 2676/806/11
f 2677/808/11 2678/320/11 2679/807/11
f 2680/809/11 2681/320/11 2682/808/11
f 2683/810/11 2684/320/11 2685/809/11
f 2686/811/11 2687/320/11 2688/810/11
f 2689/812/11 2690/320/11 2691/811/11
f 2692/813/11 2693/320/11 2694/812/11
f 2695/814/11 2696/320/11 2697/813/11
f 2698/815/11 2699/320/11 2700/814/11
f 2701/816/11 2702/320/11 2703/815/11
f 2704/320/11 2705/816/11 2706/817/11
f 2707/320/11 2708/817/11 2709/818/11
f 2710/320/11 2711/818/11 2712/819/11
f 2713/320/11 2714/819/11 2715/820/11
f 2716/320/11 2717/820/11 2718/821/11
f 2719/320/11 2720/821/11 2721/766/11
f 2722/765/11 2723/822/11 2724/823/11
f 2725/765/11 2726/823/11 2727/770/11
f 2728/765/11 2729/767/11 2730/822/11
f 2731/824/64 2732/825/64 2733/826/64
f 2734/827/64 2735/239/64 2736/825/64
f 2737/828/64 2738/239/64 2739/827/64
f 2740/829/64 2741/239/64 2742/828/64
f 2743/830/64 2744/239/64 2745/829/64
f 2746/831/64 2747/239/64 2748/830/64
f 2749/832/64 2750/239/64 2751/831/64
f 2752/833/64 2753/239/64 2754/832/64
f 2755/239/64 2756/833/64 2757/834/64
f 2758/239/64 2759/834/64 2760/835/64
f 2761/239/64 2762/835/64 2763/836/64
f 2764/239/64 2765/836/64 2766/837/64
f 2767/239/64 2768/837/64 2769/838/64
f 2770/239/64 2771/838/64 2772/839/64
f 2773/239/64 2774/839/64 2775/840/64
f 2776/239/64 2777/840/64 2778/841/64
f 2779/239/64 2780/841/64 2781/842/64
f 2782/239/64 2783/842/64 2784/843/64
f 2785/239/64 2786/843/64 2787/844/64
f 2788/239/64 2789/844/64 2790/845/64
f 2791/239/64 2792/845/64 2793/846/64
f 2794/239/64 2795/846/64 2796/237/64
f 2797/846/64 2798/847/64 2799/237/64
f 2800/847/64 2801/848/64 2802/237/64
f 2803/848/64 2804/849/64 2805/237/64
f 2806/849/64 2807/850/64 2808/237/64
f 2809/850/64 2810/851/64 2811/237/64
f 2812/851/64 2813/852/64 2814/237/64
f 2815/852/64 2816/853/64 2817/237/64
f 2818/853/64 2819/854/64 2820/237/64
f 2821/854/64 2822/855/64 2823/237/64
f 2824/855/64 2825/856/64 2826/237/64
f 2827/856/64 2828/857/64 2829/237/64
f 2830/857/64 2831/858/64 2832/237/64
f 2833/858/64 2834/859/64 2835/237/64
f 2836/859/64 2837/860/64 2838/237/64
f 2839/860/64 2840/861/64 2841/237/64
f 2842/861/64 2843/862/64 2844/237/64
f 2845/862/64 2846/863/64 2847/237/64
f 2848/863/64 2849/864/64 2850/237/64
f 2851/864/64 2852/865/64 2853/237/64
f 2854/865/64 2855/866/64 2856/237/64
f 2857/866/64 2858/826/64 2859/237/64
f 2860/867/64 2861/826/64 2862/866/64
f 2863/867/64 2864/868/64 2865/826/64
f 2866/868/64 2867/869/64 2868/826/64
f 2869/869/64 2870/870/64 2871/826/64
f 2872/870/64 2873/871/64 2874/826/64
f 2875/871/64 2876/872/64 2877/826/64
f 2878/872/64 2879/873/64 2880/826/64
f 2881/873/64 2882/874/64 2883/826/64
f 2884/874/64 2885/824/64 2886/826/64
f 2887/875/64 2888/825/64 2889/824/64
f 2890/876/64 2891/825/64 2892/875/64
f 2893/877/64 2894/825/64 2895/876/64
f 2896/878/64 2897/825/64 2898/877/64
f 2899/879/64 2900/825/64 2901/878/64
f 2902/880/64 2903/825/64 2904/879/64
f 2905/881/64 2906/825/64 2907/880/64
f 2908/882/64 2909/825/64 2910/881/64
f 2911/827/64 2912/825/64 2913/882/64
f 2914/218/344 2915/883/344 2916/884/344
f 2917/218/344 2918/885/344 2919/883/344
s 1
f 2920/534/783 2921/528/783 2922/886/783
f 2923/528/784 2924/887/784 2925/886/784
f 2926/888/785 2927/889/785 2928/221/785
f 2929/889/785 2930/219/785 2931/221/785
f 2932/890/786 2933/891/787 2934/892/788
f 2935/893/789 2936/892/788 2937/894/790
f 2938/895/791 2939/894/792 2940/896/793
f 2941/897/794 2942/896/795 2943/898/796
f 2944/899/797 2945/898/798 2946/425/799
f 2947/900/800 2948/425/801 2949/427/802
f 2950/901/803 2951/427/802 2952/429/804
f 2953/902/805 2954/429/804 2955/432/806
f 2956/903/807 2957/432/808 2958/626/809
f 2959/904/810 2960/626/809 2961/633/811
f 2962/905/812 2963/633/811 2964/679/813
f 2965/906/814 2966/679/813 2967/714/815
f 2968/907/816 2969/908/817 2970/909/816
f 2971/907/816 2972/910/814 2973/908/817
f 2974/906/814 2975/905/818 2976/679/813
f 2977/905/818 2978/904/819 2979/633/811
f 2980/904/810 2981/903/807 2982/626/809
f 2983/903/807 2984/902/820 2985/432/808
f 2986/902/805 2987/901/821 2988/429/804
f 2989/901/803 2990/900/822 2991/427/802
f 2992/900/822 2993/899/823 2994/425/801
f 2995/899/797 2996/897/794 2997/898/798
f 2998/897/794 2999/895/824 3000/896/795
f 3001/895/791 3002/893/825 3003/894/792
f 3004/893/789 3005/890/786 3006/892/788
f 3007/890/786 3008/911/826 3009/891/787
f 3010/911/826 3011/912/827 3012/891/828
f 3013/911/826 3014/913/829 3015/912/827
f 3016/913/829 3017/914/830 3018/912/831
f 3019/913/829 3020/915/830 3021/914/830
f 3022/916/830 3023/917/832 3024/918/830
f 3025/917/832 3026/919/832 3027/918/830
f 3028/920/816 3029/909/816 3030/921/816
f 3031/920/816 3032/907/816 3033/909/816
f 3034/922/833 3035/923/834 3036/924/835
f 3037/924/836 3038/925/837 3039/926/838
f 3040/926/839 3041/927/840 3042/928/841
f 3043/929/842 3044/930/843 3045/928/841
f 3046/931/844 3047/932/845 3048/930/843
f 3049/933/846 3050/934/847 3051/932/845
f 3052/935/848 3053/936/849 3054/934/847
f 3055/937/850 3056/938/851 3057/922/833
f 3058/938/851 3059/923/834 3060/922/833
f 3061/923/834 3062/925/837 3063/924/836
f 3064/925/837 3065/927/840 3066/926/839
f 3067/927/840 3068/929/842 3069/928/841
f 3070/929/842 3071/931/852 3072/930/843
f 3073/931/844 3074/933/846 3075/932/845
f 3076/933/846 3077/935/853 3078/934/854
f 3079/935/853 3080/939/855 3081/936/856
f 3082/939/855 3083/940/857 3084/936/856
f 3085/939/858 3086/920/816 3087/940/859
f 3088/940/859 3089/921/816 3090/941/860
f 3091/936/856 3092/941/861 3093/942/862
f 3094/934/854 3095/942/862 3096/943/863
f 3097/932/845 3098/943/846 3099/944/864
f 3100/930/843 3101/944/865 3102/945/842
f 3103/928/841 3104/945/842 3105/946/866
f 3106/947/837 3107/926/839 3108/946/866
f 3109/948/834 3110/924/836 3111/947/837
f 3112/949/867 3113/922/833 3114/948/834
f 3115/950/868 3116/937/869 3117/949/867
f 3118/951/870 3119/952/871 3120/950/872
f 3121/953/873 3122/954/874 3123/951/870
f 3124/955/875 3125/956/876 3126/957/873
f 3127/958/877 3128/959/878 3129/955/879
f 3130/960/880 3131/961/881 3132/958/877
f 3133/962/882 3134/963/883 3135/960/880
f 3136/964/884 3137/965/885 3138/962/882
f 3139/952/871 3140/966/868 3141/937/886
f 3142/966/868 3143/938/851 3144/937/869
f 3145/954/887 3146/967/888 3147/952/871
f 3148/967/889 3149/966/872 3150/952/871
f 3151/956/876 3152/968/890 3153/969/874
f 3154/970/873 3155/967/889 3156/954/874
f 3157/959/891 3158/971/875 3159/956/876
f 3160/971/875 3161/968/873 3162/956/876
f 3163/961/881 3164/972/877 3165/959/878
f 3166/972/877 3167/971/879 3168/959/878
f 3169/963/883 3170/973/880 3171/961/881
f 3172/973/880 3173/972/877 3174/961/881
f 3175/965/885 3176/974/882 3177/963/883
f 3178/974/882 3179/973/880 3180/963/883
f 3181/975/892 3182/976/893 3183/965/885
f 3184/976/893 3185/974/882 3186/965/885
f 3187/977/10 3188/975/894 3189/978/10
f 3190/979/895 3191/975/892 3192/964/884
f 3193/978/10 3194/975/894 3195/979/896
f 3196/975/892 3197/965/885 3198/964/884
f 3199/965/885 3200/963/883 3201/962/882
f 3202/963/883 3203/961/881 3204/960/880
f 3205/961/881 3206/959/878 3207/958/877
f 3208/959/891 3209/956/876 3210/955/875
f 3211/956/876 3212/969/874 3213/957/890
f 3214/954/887 3215/952/871 3216/951/897
f 3217/952/871 3218/937/886 3219/950/868
f 3220/937/850 3221/922/833 3222/949/867
f 3223/922/833 3224/924/835 3225/948/834
f 3226/924/836 3227/926/838 3228/947/837
f 3229/926/839 3230/928/841 3231/946/866
f 3232/928/841 3233/930/843 3234/945/842
f 3235/930/843 3236/932/845 3237/944/864
f 3238/932/845 3239/934/847 3240/943/846
f 3241/934/847 3242/936/849 3243/942/898
f 3244/936/856 3245/940/857 3246/941/899
f 3247/940/900 3248/920/816 3249/921/816
s 0
f 3250/980/10 3251/981/10 3252/978/10
f 3253/981/10 3254/977/10 3255/978/10
s 1
f 3256/982/901 3257/983/902 3258/984/903
f 3259/984/903 3260/280/904 3261/985/905
f 3262/986/906 3263/987/907 3264/988/908
f 3265/988/909 3266/989/910 3267/990/911
f 3268/990/911 3269/991/912 3270/992/913
f 3271/992/913 3272/993/914 3273/994/915
f 3274/994/916 3275/995/917 3276/996/918
f 3277/997/919 3278/998/920 3279/982/901
f 3280/998/920 3281/983/921 3282/982/901
f 3283/983/902 3284/280/904 3285/984/903
f 3286/999/922 3287/987/907 3288/986/906
f 3289/987/907 3290/989/910 3291/988/908
f 3292/989/910 3293/991/923 3294/990/911
f 3295/991/924 3296/993/914 3297/992/913
f 3298/993/925 3299/995/926 3300/994/916
f 3301/995/926 3302/1000/927 3303/996/928
f 3304/996/918 3305/1000/929 3306/1001/930
f 3307/1000/929 3308/981/10 3309/1001/930
f 3310/1002/931 3311/1001/930 3312/980/10
f 3313/1003/932 3314/996/928 3315/1002/933
f 3316/1004/934 3317/994/916 3318/1003/935
f 3319/1005/936 3320/992/913 3321/1004/934
f 3322/1006/910 3323/990/911 3324/1005/937
f 3325/1007/907 3326/988/908 3327/1006/910
f 3328/1008/922 3329/986/906 3330/1007/907
f 3331/1009/938 3332/984/903 3333/279/904
f 3334/1010/920 3335/982/901 3336/1009/939
f 3337/1011/940 3338/997/919 3339/1010/920
f 3340/1012/941 3341/1013/942 3342/1011/943
f 3343/1014/944 3344/1015/945 3345/1012/941
f 3346/1016/946 3347/1017/947 3348/1014/944
f 3349/1018/948 3350/1016/946 3351/1019/949
f 3352/1020/950 3353/1019/949 3354/1021/951
f 3355/1022/952 3356/1021/951 3357/1023/953
f 3358/1024/954 3359/1023/953 3360/1025/955
f 3361/1013/956 3362/1026/957 3363/997/919
f 3364/1026/940 3365/998/920 3366/997/919
f 3367/1015/958 3368/1027/959 3369/1013/942
f 3370/1027/960 3371/1026/943 3372/1013/942
f 3373/1017/947 3374/1028/944 3375/1015/945
f 3376/1028/944 3377/1027/960 3378/1015/945
f 3379/1018/948 3380/1029/946 3381/1017/947
f 3382/1029/946 3383/1028/944 3384/1017/947
f 3385/1030/949 3386/1018/948 3387/1020/950
f 3388/1030/949 3389/1029/946 3390/1018/948
f 3391/1031/951 3392/1020/950 3393/1022/952
f 3394/1031/951 3395/1030/949 3396/1020/950
f 3397/1032/953 3398/1022/961 3399/1024/954
f 3400/1032/953 3401/1031/951 3402/1022/952
f 3403/1033/962 3404/1024/963 3405/1034/964
f 3406/1033/965 3407/1032/953 3408/1024/954
f 3409/1035/966 3410/1034/964 3411/1036/832
f 3412/1035/967 3413/1037/968 3414/1034/964
f 3415/1037/969 3416/1033/962 3417/1034/964
f 3418/1034/964 3419/1024/963 3420/1025/955
f 3421/1024/954 3422/1022/961 3423/1023/953
f 3424/1022/952 3425/1020/950 3426/1021/951
f 3427/1020/950 3428/1018/948 3429/1019/949
f 3430/1018/948 3431/1017/947 3432/1016/946
f 3433/1017/947 3434/1015/945 3435/1014/944
f 3436/1015/958 3437/1013/942 3438/1012/970
f 3439/1013/956 3440/997/919 3441/1011/957
f 3442/997/919 3443/982/901 3444/1010/920
f 3445/982/901 3446/984/903 3447/1009/938
f 3448/984/903 3449/985/905 3450/279/904
f 3451/986/906 3452/988/908 3453/1007/907
f 3454/988/909 3455/990/911 3456/1006/910
f 3457/990/911 3458/992/913 3459/1005/971
f 3460/992/913 3461/994/915 3462/1004/934
f 3463/994/916 3464/996/928 3465/1003/932
f 3466/996/918 3467/1001/930 3468/1002/931
f 3469/1001/930 3470/981/10 3471/980/10
f 3472/917/972 3473/1036/972 3474/919/972
f 3475/917/832 3476/1035/966 3477/1036/832
s 0
f 3478/1038/344 3479/1039/344 3480/1040/344
f 3481/1038/344 3482/1040/344 3483/1041/344
f 3484/1042/1 3485/1043/1 3486/1044/1
f 3487/1045/1 3488/1042/1 3489/1044/1
f 3490/1038/10 3491/330/10 3492/326/10
f 3493/1041/10 3494/1038/10 3495/326/10
f 3496/1046/166 3497/1047/166 3498/1048/166
f 3499/1046/166 3500/1048/166 3501/1049/166
f 3502/1050/64 3503/1051/64 3504/1052/64
f 3505/1053/64 3506/1050/64 3507/1052/64
f 3508/1054/11 3509/1052/11 3510/1055/11
f 3511/1054/11 3512/1051/11 3513/1052/11
