# Blender 5.2.2 LTS
# www.blender.org
o Holocron_Esquina_03
v -2.953789 5.087775 -3.796324
v -4.107304 5.066366 -2.569726
v -3.396889 5.081228 -3.421269
v -3.787796 5.073888 -3.000643
v -4.392406 5.057477 -2.061122
v -2.395245 5.093951 -4.150019
v -2.950100 5.199381 -3.790348
v -4.103615 5.177972 -2.563750
v -3.393200 5.192833 -3.415293
v -3.784111 5.185493 -2.994667
v -4.388721 5.169081 -2.055146
v -2.391556 5.205554 -4.144043
v -2.181858 5.147538 -4.020230
v -2.809464 5.140862 -3.637768
v -3.252792 5.134320 -3.262964
v -3.094425 5.146292 -3.948904
v -2.604939 5.151965 -4.273834
v -4.508286 5.116918 -2.265962
v -4.248005 5.124885 -2.722378
v -3.537296 5.139742 -3.573600
v -2.042622 5.157275 -4.578022
v -3.962910 5.119451 -2.411097
v -4.272842 5.109637 -1.850306
v -3.643478 5.126974 -2.842094
v -4.734627 5.108171 -1.764790
v -3.928429 5.132405 -3.153214
v -4.943420 5.185229 -0.435849
v -4.939644 5.248654 -4.825318
v -0.532570 5.255838 -4.819302
v -4.940384 5.012530 -5.071566
v -4.938873 0.613663 -5.148346
v -0.524639 5.019724 -5.065535
v -5.179153 5.008915 -4.832675
v -5.185307 4.937799 -0.420102
v -5.179794 0.610350 -4.909452
v -5.040112 3.976590 -2.783862
v -5.051376 2.793748 -3.982342
v -5.044399 3.618291 -3.240644
v -5.048218 3.212494 -3.646978
v -5.054234 2.296069 -4.286234
v -5.034760 4.309230 -2.212520
v -5.151768 3.972436 -2.779286
v -5.163033 2.789593 -3.977766
v -5.156055 3.614136 -3.236068
v -5.159874 3.208341 -3.642402
v -5.165890 2.291918 -4.281658
v -5.146416 4.305077 -2.207944
v -5.088673 4.172519 -2.003585
v -5.094681 3.813707 -2.645009
v -5.098969 3.455667 -3.102011
v -5.097206 4.135319 -2.918138
v -5.092506 4.441787 -2.416878
v -5.111084 2.506106 -4.393816
v -5.108467 2.952549 -4.116682
v -5.101486 3.776759 -3.374701
v -5.087139 4.724807 -1.843613
v -5.105942 2.630789 -3.843427
v -5.109039 2.081881 -4.174077
v -5.102783 3.049622 -3.508132
v -5.113403 2.013660 -4.638715
v -5.105309 3.371213 -3.781246
v -3.955975 2.922475 -5.007407
v -2.763905 4.111110 -4.965973
v -3.593666 3.376061 -5.001116
v -3.184769 3.779029 -4.986578
v -2.250957 4.411397 -4.939625
v -4.294239 2.354432 -5.003418
v -3.940483 2.911358 -5.117596
v -2.748413 4.099995 -5.076162
v -3.578178 3.364946 -5.111305
v -3.169281 3.767912 -5.096765
v -2.235466 4.400280 -5.049814
v -4.278748 2.343317 -5.113607
v -4.155247 2.141888 -5.030891
v -3.790043 2.779694 -5.036873
v -3.427990 3.233502 -5.030621
v -4.106415 3.054138 -5.088132
v -4.417740 2.555861 -5.086132
v -2.466759 4.516655 -5.019371
v -2.914421 4.242839 -5.046709
v -3.743855 3.507504 -5.081796
v -4.706673 1.985604 -5.076918
v -2.597900 3.968267 -4.995426
v -2.019665 4.295021 -4.970068
v -3.018848 3.636255 -5.016043
v -1.973759 4.758033 -4.985157
v -3.335201 3.910684 -5.067300
v -3.600464 5.077614 -3.214128
v -3.180477 5.084626 -3.615827
v -3.956268 5.070148 -2.786414
v -4.246536 5.062360 -2.340317
v -4.560585 5.051208 -1.703458
v -2.708694 5.090755 -3.966980
v -1.973820 5.097693 -4.364459
v -3.596779 5.189219 -3.208152
v -3.176788 5.196230 -3.609850
v -3.952579 5.181754 -2.780439
v -4.242851 5.173965 -2.334342
v -4.556896 5.162810 -1.697482
v -2.705006 5.202359 -3.961004
v -1.970135 5.209297 -4.358483
v -2.555679 5.143902 -3.811958
v -3.036293 5.137715 -3.457426
v -2.858021 5.149210 -4.116025
v -4.384140 5.120994 -2.499493
v -3.320972 5.143139 -3.768250
v -1.486168 5.157579 -4.595468
v -4.105247 5.115331 -2.175166
v -3.456287 5.130704 -3.055732
v -1.613850 5.152352 -4.295974
v -4.741047 5.099914 -1.296026
v -2.330105 5.154638 -4.426967
v -4.623699 5.112611 -2.019197
v -3.811886 5.123234 -2.627797
v -4.493778 5.101407 -1.381744
v -3.740955 5.136128 -3.366546
v -4.096962 5.128667 -2.939056
v -5.134567 4.733163 -2.753786
v -2.856525 2.937384 -5.055697
v -2.865433 5.199959 -4.579729
v -3.466564 3.521648 -3.383608
v -4.941532 5.216941 -2.630582
v -2.736107 5.252245 -4.822308
v -2.737995 5.220534 -2.627575
v -4.939629 2.813097 -5.109955
v -2.732513 5.016127 -5.068552
v -2.731758 2.816693 -5.106940
v -5.182228 4.973357 -2.626389
v -5.179474 2.809634 -4.871063
v -5.182549 2.774074 -2.664776
v -5.086060 3.519249 -3.389627
v -3.477295 5.129910 -3.359231
v -3.471821 3.548006 -4.998551
v -2.865826 5.171710 -2.752512
v -4.700218 2.934496 -5.059569
v -5.132053 2.928390 -4.629459
v -4.700851 5.168830 -2.756371
v -2.858418 4.774636 -5.023630
v -5.134830 2.896210 -2.785851
v -5.046383 3.418864 -3.451809
v -5.042301 3.804660 -3.017127
v -5.049881 3.004677 -3.823325
v -5.052769 2.569665 -4.130044
v -5.055923 1.944884 -4.467647
v -5.037758 4.138000 -2.532576
v -5.030746 4.507812 -1.783399
v -5.158039 3.414712 -3.447233
v -5.153957 3.800504 -3.012550
v -5.161533 3.000522 -3.818749
v -5.164421 2.565511 -4.125469
v -5.167580 1.940729 -4.463070
v -5.149414 4.133844 -2.528000
v -5.142399 4.503657 -1.778823
v -5.092239 3.978324 -2.384908
v -5.096867 3.641935 -2.878411
v -5.094929 4.293520 -2.675668
v -5.109829 2.734872 -4.261039
v -5.099388 3.963225 -3.151267
v -5.081947 4.721456 -1.286921
v -5.107365 2.400304 -3.994472
v -5.100952 3.256150 -3.313097
v -5.083263 4.426895 -1.425695
v -5.113586 1.545391 -4.662641
v -5.089882 4.584574 -2.136527
v -5.112263 2.263785 -4.518363
v -5.104443 2.841730 -3.684418
v -5.111244 1.621827 -4.412353
v -5.103470 3.577428 -3.585944
v -5.106968 3.163469 -3.957657
v -3.392570 3.585546 -4.994737
v -3.781937 3.154175 -5.005327
v -2.975773 3.953724 -4.977013
v -2.537354 4.257138 -4.953385
v -1.869576 4.590449 -4.925161
v -4.119778 2.672731 -5.007204
v -4.497314 1.927482 -4.995157
v -3.377079 3.574429 -5.104925
v -3.766449 3.143055 -5.115516
v -2.960281 3.942608 -5.087201
v -2.521862 4.246020 -5.063571
v -1.854084 4.579332 -5.035348
v -4.104286 2.661614 -5.117391
v -4.481827 1.916365 -5.105345
v -3.957150 2.521173 -5.036410
v -3.616165 3.011531 -5.034818
v -4.266911 2.813170 -5.088186
v -2.696030 4.385557 -5.033995
v -3.932220 3.285702 -5.086026
v -4.710541 1.430156 -5.039407
v -2.363190 4.117600 -4.982960
v -3.226803 3.442906 -5.024229
v -4.415745 1.566841 -5.018428
v -1.423775 4.779559 -4.965452
v -4.563393 2.277006 -5.082075
v -2.224113 4.639463 -5.002804
v -2.809780 3.810889 -5.006469
v -1.499546 4.530320 -4.957704
v -3.542847 3.717067 -5.075433
v -3.126278 4.085444 -5.057747
v -0.043755 5.255785 -5.064065
v -3.111832 5.094639 -3.968817
v -3.110176 5.090757 -3.967078
v -3.112103 5.093173 -3.969137
v -3.111881 5.091918 -3.968920
v -3.111206 5.091071 -3.968195
v -3.944164 5.076868 -3.171371
v -3.945835 5.080752 -3.173126
v -3.945198 5.077181 -3.172496
v -3.945877 5.078030 -3.173223
v -3.946102 5.079283 -3.173445
v -2.797409 5.084795 -3.625582
v -2.795521 5.088730 -3.623451
v -2.796356 5.085080 -3.624430
v -2.795631 5.085926 -3.623621
v -2.795338 5.087207 -3.623276
v -3.629539 5.074844 -2.827777
v -3.631432 5.070909 -2.829916
v -3.629356 5.073321 -2.827605
v -3.629650 5.072038 -2.827950
v -3.630383 5.071191 -2.828762
v -3.554707 5.088084 -3.593514
v -3.553051 5.084206 -3.591775
v -3.554974 5.086617 -3.593834
v -3.554752 5.085366 -3.593616
v -3.554077 5.084519 -3.592892
v -3.238850 5.082186 -3.248646
v -3.240730 5.078253 -3.250769
v -3.238667 5.080665 -3.248471
v -3.238956 5.079383 -3.248813
v -3.239685 5.078537 -3.249620
v -3.948971 5.067327 -2.396781
v -3.950893 5.063386 -2.398953
v -3.948788 5.065803 -2.396610
v -3.949089 5.064517 -2.396963
v -3.949829 5.063668 -2.397786
v -4.263706 5.069347 -2.740495
v -4.265408 5.073245 -2.742286
v -4.264755 5.069661 -2.741635
v -4.265446 5.070514 -2.742374
v -4.265675 5.071772 -2.742604
v -4.258904 5.057519 -1.835992
v -4.260368 5.053592 -1.839155
v -4.258690 5.055993 -1.835896
v -4.258892 5.054709 -1.836463
v -4.259480 5.053866 -1.837608
v -4.524445 5.061363 -2.283091
v -4.525681 5.065301 -2.285861
v -4.525318 5.061686 -2.284608
v -4.525856 5.062547 -2.285667
v -4.525986 5.063816 -2.286108
v -4.733631 5.039639 -0.817388
v -4.728588 5.035854 -0.830111
v -4.731739 5.039609 -0.816863
v -4.732964 5.038156 -0.820264
v -4.731773 5.036916 -0.823691
v -4.732712 5.038286 -0.818043
v -4.731739 5.037053 -0.820283
v -4.731586 5.037427 -0.818795
v -4.728485 5.036101 -0.826841
v -4.729050 5.036901 -0.823177
v -4.730236 5.036108 -0.827149
v -4.730301 5.036481 -0.823254
v -4.730583 5.037047 -0.820063
v -4.733131 5.039950 -0.815495
v -4.730194 5.038132 -0.819672
v -4.731411 5.038274 -0.817762
v -4.732338 5.038356 -0.816730
v -4.752014 5.056582 -1.784678
v -4.749058 5.052684 -1.785957
v -4.752190 5.055093 -1.785236
v -4.751690 5.053827 -1.785675
v -4.750591 5.052983 -1.785927
v -2.622345 5.100323 -4.293743
v -2.619610 5.096440 -4.292664
v -2.622532 5.098853 -4.294114
v -2.622078 5.097598 -4.294039
v -2.621052 5.096751 -4.293530
v -2.170959 5.091462 -4.007430
v -2.167919 5.095408 -4.005912
v -2.169468 5.091746 -4.006512
v -2.168365 5.092598 -4.005904
v -2.167824 5.093884 -4.005692
v -2.060616 5.101719 -4.595151
v -2.060017 5.105658 -4.597923
v -2.060783 5.102042 -4.596669
v -2.060730 5.102904 -4.597728
v -2.060463 5.104172 -4.598169
v -0.920177 5.105769 -4.598607
v -0.919662 5.105723 -4.596793
v -0.933529 5.101685 -4.593271
v -0.918850 5.105989 -4.598527
v -0.923199 5.104228 -4.597867
v -0.920944 5.104377 -4.597662
v -0.919609 5.104456 -4.597322
v -0.921761 5.103497 -4.596519
v -0.922611 5.104172 -4.595160
v -0.926277 5.102862 -4.593916
v -0.918571 5.105965 -4.597545
v -0.920666 5.104352 -4.596392
v -0.923077 5.103085 -4.595500
v -0.930424 5.102021 -4.594979
v -0.926800 5.102912 -4.596592
v -0.930115 5.101988 -4.593254
v -0.926392 5.102461 -4.595138
v -0.923302 5.103106 -4.596634
v -3.072781 5.201720 -3.924296
v -3.077015 5.197954 -3.928988
v -3.074005 5.201451 -3.925641
v -3.075241 5.200640 -3.927005
v -3.076298 5.199412 -3.928180
v -3.911018 5.184064 -3.133300
v -3.906769 5.187831 -3.128589
v -3.910301 5.185522 -3.132488
v -3.909241 5.186751 -3.131310
v -3.907997 5.187561 -3.129941
v -2.823402 5.192997 -3.652086
v -2.827431 5.197042 -3.656414
v -2.824036 5.194528 -3.652750
v -2.825024 5.195835 -3.653806
v -2.826218 5.196717 -3.655093
v -3.661453 5.183156 -2.860745
v -3.657421 5.179109 -2.856412
v -3.660236 5.182832 -2.859423
v -3.659046 5.181947 -2.858135
v -3.658054 5.180640 -2.857079
v -3.515652 5.195169 -3.548995
v -3.519886 5.191405 -3.553683
v -3.516880 5.194901 -3.550338
v -3.518112 5.194090 -3.551699
v -3.519169 5.192863 -3.552875
v -3.270752 5.190502 -3.281600
v -3.266735 5.186456 -3.277282
v -3.269543 5.190176 -3.280282
v -3.268353 5.189294 -3.279000
v -3.267368 5.187988 -3.277946
v -3.980919 5.175633 -2.429782
v -3.976852 5.171579 -2.425413
v -3.979691 5.175307 -2.428447
v -3.978485 5.174422 -2.427147
v -3.977489 5.173114 -2.426082
v -4.230602 5.176530 -2.702467
v -4.226311 5.180310 -2.697712
v -4.229877 5.177995 -2.701653
v -4.228809 5.179227 -2.700463
v -4.227554 5.180040 -2.699080
v -4.290260 5.165841 -1.870240
v -4.286781 5.161760 -1.864620
v -4.289257 5.165507 -1.868426
v -4.288246 5.164613 -1.866721
v -4.287376 5.163299 -1.865385
v -4.490887 5.168544 -2.246059
v -4.487183 5.172322 -2.240056
v -4.490208 5.170014 -2.245147
v -4.489262 5.171248 -2.243685
v -4.488201 5.172058 -2.241898
v -4.761173 5.143835 -0.845975
v -4.759617 5.143846 -0.845490
v -4.757099 5.148161 -0.864198
v -4.761192 5.144068 -0.844658
v -4.761070 5.145440 -0.850094
v -4.760983 5.145462 -0.847831
v -4.760738 5.145459 -0.846459
v -4.760269 5.146274 -0.849354
v -4.758636 5.145442 -0.849687
v -4.757816 5.146826 -0.854716
v -4.759846 5.145464 -0.847634
v -4.759407 5.146619 -0.851071
v -4.758865 5.147780 -0.859957
v -4.760262 5.146825 -0.855005
v -4.757275 5.147779 -0.859812
v -4.759106 5.147256 -0.855165
v -4.760445 5.146619 -0.851196
v -4.711674 5.163649 -1.743228
v -4.717239 5.159770 -1.744898
v -4.713402 5.163353 -1.743408
v -4.715065 5.162513 -1.743789
v -4.716415 5.161255 -1.744312
v -2.581940 5.207406 -4.250048
v -2.587532 5.203614 -4.253922
v -2.583687 5.207130 -4.251077
v -2.585361 5.206312 -4.252176
v -2.586712 5.205077 -4.253174
v -2.195801 5.199668 -4.034546
v -2.201275 5.203704 -4.038097
v -2.196545 5.201199 -4.035153
v -2.197845 5.202505 -4.036042
v -2.199509 5.203383 -4.037076
v -2.025223 5.208903 -4.558119
v -2.023201 5.212683 -4.552413
v -2.024670 5.210371 -4.557229
v -2.024094 5.211606 -4.555832
v -2.023579 5.212418 -4.554141
v -0.948021 5.209998 -4.626934
v -0.966724 5.213907 -4.622594
v -0.947548 5.209982 -4.625426
v -0.952286 5.211518 -4.626773
v -0.957336 5.212797 -4.625892
v -0.949970 5.211562 -4.626723
v -0.953430 5.212658 -4.626139
v -0.951542 5.212333 -4.625991
v -0.962254 5.213611 -4.622837
v -0.957039 5.212758 -4.623460
v -0.962410 5.213635 -4.624424
v -0.957497 5.213202 -4.624742
v -0.953304 5.212641 -4.625110
v -0.946445 5.210206 -4.626151
v -0.951874 5.211483 -4.624369
v -0.949772 5.211545 -4.625598
v -0.948570 5.211571 -4.626503
v -4.700527 5.240510 -4.578568
v -4.696266 5.240574 -4.582818
v -4.705040 5.244900 -4.587326
v -4.700203 5.240534 -4.580196
v -4.699280 5.240557 -4.581577
v -4.700871 5.242167 -4.580492
v -4.700550 5.242126 -4.581513
v -4.700558 5.243022 -4.582829
v -4.698189 5.242207 -4.583142
v -4.700531 5.243605 -4.584112
v -4.697895 5.240570 -4.582495
v -4.699223 5.242145 -4.582825
v -4.701851 5.243583 -4.582831
v -4.702938 5.244549 -4.585579
v -4.701912 5.244055 -4.584183
v -4.698242 1.102261 -5.135052
v -4.695225 1.101013 -5.135066
v -4.702850 1.088775 -5.139557
v -4.698009 1.100859 -5.135075
v -4.698589 1.099354 -5.136732
v -4.698780 1.097257 -5.137591
v -4.696377 1.100184 -5.135083
v -4.697906 1.098318 -5.136691
v -4.699570 1.095756 -5.138154
v -4.701836 1.091575 -5.139181
v -4.700237 1.094313 -5.138660
v -4.701321 5.191638 -0.945155
v -4.705799 5.195657 -0.932394
v -4.698250 5.191686 -0.943824
v -4.701660 5.193225 -0.942315
v -4.701847 5.194100 -0.940510
v -4.704872 5.195399 -0.935124
v -4.703281 5.194981 -0.937699
v -4.700420 5.191993 -0.943033
v -4.700783 5.193252 -0.941310
v -1.034737 5.246321 -4.575120
v -1.033504 5.246283 -4.572114
v -1.020969 5.250689 -4.579705
v -1.033337 5.246321 -4.574890
v -1.031780 5.247963 -4.575444
v -1.029659 5.248791 -4.575627
v -1.030640 5.247953 -4.574564
v -1.027252 5.249377 -4.576866
v -1.032669 5.246302 -4.573263
v -1.024330 5.250326 -4.577923
v -5.180832 4.701066 -0.914503
v -5.180836 4.698037 -0.913312
v -5.185104 4.705518 -0.900881
v -5.180836 4.700812 -0.913106
v -5.182468 4.701372 -0.911590
v -5.182468 4.700516 -0.910385
v -5.180836 4.699172 -0.912463
v -5.184780 4.704564 -0.903657
v -5.184269 4.702951 -0.906447
v -5.183670 4.701846 -0.908896
v -4.702019 4.768248 -5.071067
v -4.706562 4.777162 -5.075183
v -4.697762 4.772515 -5.070985
v -4.702362 4.770216 -5.072665
v -4.703346 4.772601 -5.074008
v -4.701694 4.769879 -5.071039
v -4.702049 4.772595 -5.073441
v -4.702023 4.773903 -5.073983
v -4.704823 4.775041 -5.074892
v -4.703407 4.773983 -5.074436
v -4.699390 4.772189 -5.070994
v -4.700775 4.771262 -5.071011
v -4.699680 4.772888 -5.072612
v -4.701469 4.771994 -5.072533
v -1.018890 4.778277 -5.063256
v -1.005241 4.782979 -5.067467
v -1.017643 4.775273 -5.063306
v -1.017490 4.778049 -5.063257
v -1.013824 4.778868 -5.065696
v -1.011459 4.780106 -5.066240
v -1.008533 4.781204 -5.067158
v -1.016815 4.776425 -5.063283
v -1.015236 4.778155 -5.064788
v -5.175293 4.765275 -4.593199
v -5.179543 4.770005 -4.601962
v -5.175289 4.761090 -4.597535
v -5.176922 4.765658 -4.595127
v -5.178299 4.766691 -4.597468
v -5.175293 4.764979 -4.594836
v -5.176865 4.765357 -4.596165
v -5.177738 4.765391 -4.597502
v -5.179222 4.767851 -4.600247
v -5.178299 4.765402 -4.598804
v -5.178753 4.766781 -4.598849
v -5.175289 4.762715 -4.597182
v -5.175293 4.764081 -4.596235
v -5.176918 4.763027 -4.597851
v -5.176861 4.764056 -4.597515
v -5.175808 1.095706 -4.661515
v -5.180065 1.082278 -4.666321
v -5.175812 1.094402 -4.658520
v -5.177441 1.092758 -4.661915
v -5.175808 1.094302 -4.661309
v -5.178638 1.090106 -4.662460
v -5.179741 1.085489 -4.664515
v -5.179272 1.087754 -4.663634
v -5.175812 1.093594 -4.659689
v -5.177441 1.091629 -4.661036
v -0.044151 5.260990 -5.058910
v -0.041626 5.257556 -5.060157
v -0.043083 5.260725 -5.058403
v -0.042229 5.259978 -5.058463
v -0.044128 5.260672 -5.060696
v -0.042198 5.260270 -5.060480
v -0.040943 5.259661 -5.060458
v -0.041702 5.256532 -5.061499
v -0.042191 5.255967 -5.062628
v -0.041718 5.258866 -5.059079
v -0.041035 5.258311 -5.060876
v -0.040924 5.257943 -5.062241
v -0.044075 5.258220 -5.063239
v -0.044102 5.259698 -5.062217
v -0.043015 5.255942 -5.063367
v -0.042164 5.257988 -5.062847
v -0.041748 5.259533 -5.062056
v -5.185509 5.170072 0.060660
v -5.182022 5.171247 0.063034
v -5.181004 5.174803 0.060621
v -5.185246 5.169553 0.061647
v -5.184486 5.169594 0.062445
v -5.185162 5.171865 0.060660
v -5.181026 5.172581 0.063017
v -5.180481 5.173725 0.062553
v -5.183357 5.170188 0.062932
v -5.182724 5.174426 0.060639
v -5.184185 5.173394 0.060653
v -5.180473 5.174505 0.061711
v -5.174255 5.252408 -5.063314
v -5.174210 5.247902 -5.067952
v -5.178764 5.247830 -5.063391
v -5.174244 5.252089 -5.065066
v -5.174232 5.251121 -5.066561
v -5.175980 5.252060 -5.063322
v -5.175911 5.251580 -5.065015
v -5.175861 5.250924 -5.066375
v -5.176838 5.250506 -5.065975
v -5.175949 5.247899 -5.067609
v -5.177429 5.247883 -5.066621
v -5.174221 5.249651 -5.067577
v -5.175900 5.249581 -5.067075
v -5.177238 5.249527 -5.066399
v -5.178421 5.249583 -5.063365
v -5.177444 5.251069 -5.063340
v -5.178417 5.247859 -5.065140
v -5.177917 5.249547 -5.065051
v -5.177246 5.250901 -5.064985
v -5.174896 0.138560 -5.157134
v -5.176044 0.136136 -5.153706
v -5.179523 0.138450 -5.152569
v -5.174385 0.137534 -5.156889
v -5.174419 0.136713 -5.156153
v -5.176666 0.138546 -5.156790
v -5.176441 0.136659 -5.156420
v -5.176403 0.135434 -5.155832
v -5.177582 0.135469 -5.155268
v -5.177376 0.136171 -5.152683
v -5.178505 0.136621 -5.152107
v -5.175003 0.136222 -5.155033
v -5.176792 0.135523 -5.154474
v -5.178154 0.135393 -5.154097
v -5.179173 0.138487 -5.154318
v -5.178165 0.138521 -5.155802
v -5.179260 0.137422 -5.152066
v -5.178768 0.136606 -5.154121
v -4.701180 5.089662 -0.921926
v -4.698116 5.089581 -0.920577
v -4.696907 5.085493 -0.926831
v -4.700943 5.089890 -0.920537
v -4.700851 5.088052 -0.923063
v -4.700493 5.088187 -0.921284
v -4.699966 5.088260 -0.920157
v -4.699467 5.087261 -0.921134
v -4.697300 5.087991 -0.921482
v -4.696781 5.086657 -0.922988
v -4.699287 5.089845 -0.919807
v -4.698807 5.088157 -0.920534
v -4.698463 5.086840 -0.921540
v -4.698540 5.085796 -0.925718
v -4.699924 5.086695 -0.924395
v -4.696644 5.085780 -0.924866
v -4.698437 5.086221 -0.923371
v -4.699806 5.086860 -0.922140
v -4.700386 5.153516 -4.580086
v -4.696117 5.149261 -4.580149
v -4.696125 5.153595 -4.584337
v -4.700058 5.151886 -4.580113
v -4.699135 5.150506 -4.580136
v -4.700062 5.153544 -4.581716
v -4.699669 5.151875 -4.581785
v -4.698917 5.150750 -4.581717
v -4.696117 5.149614 -4.581774
v -4.696121 5.150563 -4.583142
v -4.697750 5.149584 -4.580147
v -4.697792 5.150004 -4.581811
v -4.697708 5.150773 -4.582923
v -4.697754 5.153589 -4.584014
v -4.699139 5.153571 -4.583095
v -4.696121 5.151959 -4.584040
v -4.697792 5.151911 -4.583653
v -4.698921 5.151980 -4.582905
v -1.034595 5.159343 -4.576640
v -1.040615 5.155000 -4.572465
v -1.033356 5.159295 -4.573622
v -1.035976 5.157708 -4.576346
v -1.037601 5.156305 -4.575449
v -1.033195 5.159343 -4.576407
v -1.034283 5.157760 -4.575986
v -1.035419 5.156488 -4.575337
v -1.034374 5.156866 -4.575007
v -1.038486 5.155325 -4.572280
v -1.036358 5.156256 -4.572435
v -1.039230 5.155356 -4.574088
v -1.036831 5.155829 -4.574011
v -1.034889 5.156466 -4.574049
v -1.032524 5.159315 -4.574774
v -1.034557 5.157649 -4.572906
v -1.033607 5.157733 -4.574354
v -1.033203 5.157794 -4.575474
v -4.702198 4.766730 -4.984088
v -4.697941 4.770997 -4.984005
v -4.697945 4.766663 -4.979820
v -4.701874 4.768361 -4.984060
v -4.700951 4.769745 -4.984032
v -4.701878 4.766701 -4.982458
v -4.701488 4.768374 -4.982386
v -4.700737 4.769500 -4.982449
v -4.697945 4.770644 -4.982381
v -4.697945 4.769696 -4.981015
v -4.699574 4.770670 -4.984013
v -4.699615 4.770250 -4.982350
v -4.699532 4.769480 -4.981239
v -4.699574 4.766665 -4.980148
v -4.700954 4.766679 -4.981074
v -4.697945 4.768300 -4.980115
v -4.699615 4.768344 -4.980510
v -4.700741 4.768270 -4.981263
v -4.698421 1.100744 -5.048073
v -4.694176 1.106677 -5.043699
v -4.695404 1.099493 -5.048088
v -4.697910 1.101631 -5.046425
v -4.696926 1.103072 -5.045017
v -4.698380 1.098883 -5.048105
v -4.697815 1.099800 -5.046417
v -4.697002 1.101084 -5.045267
v -4.696888 1.100148 -5.045620
v -4.694458 1.104365 -5.044064
v -4.694790 1.102187 -5.045027
v -4.695614 1.104843 -5.044058
v -4.695946 1.102410 -5.044493
v -4.696747 1.098206 -5.048115
v -4.697792 1.097991 -5.048119
v -4.695122 1.100479 -5.046439
v -4.696487 1.099252 -5.046423
v -1.019070 4.776759 -4.976279
v -1.017822 4.773755 -4.976329
v -1.025127 4.772416 -4.972106
v -1.017670 4.776532 -4.976280
v -1.020462 4.776404 -4.974658
v -1.018764 4.776053 -4.974718
v -1.017685 4.775548 -4.974763
v -1.018864 4.775043 -4.973857
v -1.019039 4.772974 -4.974714
v -1.020851 4.772445 -4.973344
v -1.016994 4.774907 -4.976306
v -1.018089 4.774425 -4.974744
v -1.019379 4.774069 -4.973492
v -1.023739 4.774052 -4.972399
v -1.022102 4.775453 -4.973296
v -1.022991 4.772248 -4.972429
v -1.021332 4.774003 -4.972866
v -1.019913 4.775355 -4.973471
v -5.093842 4.701051 -0.914372
v -5.089573 4.696896 -0.920491
v -5.093845 4.698024 -0.913183
v -5.092209 4.700750 -0.915763
v -5.090824 4.699856 -0.917415
v -5.092270 4.700366 -0.914074
v -5.091007 4.699713 -0.915227
v -5.091393 4.699372 -0.914189
v -5.089901 4.696683 -0.918359
v -5.090828 4.696823 -0.916223
v -5.089897 4.698503 -0.919075
v -5.090374 4.698397 -0.916669
v -5.091011 4.698417 -0.914719
v -5.093845 4.700132 -0.912259
v -5.092213 4.697293 -0.914404
v -5.092270 4.698726 -0.913428
v -5.092312 4.699840 -0.913003
v -5.088303 4.765262 -4.593070
v -5.088295 4.761075 -4.597404
v -5.084042 4.761001 -4.593138
v -5.088303 4.764966 -4.594704
v -5.088299 4.764065 -4.596104
v -5.086674 4.764937 -4.593072
v -5.086628 4.764574 -4.594752
v -5.086712 4.763846 -4.595890
v -5.086666 4.761070 -4.597078
v -5.085289 4.761054 -4.596153
v -5.088299 4.762701 -4.597050
v -5.086628 4.762734 -4.596657
v -5.085503 4.762637 -4.595909
v -5.084366 4.762632 -4.593111
v -5.085289 4.764012 -4.593088
v -5.084366 4.761029 -4.594769
v -5.084755 4.762702 -4.594780
v -5.085506 4.763825 -4.594677
v -5.088818 1.095692 -4.661383
v -5.088821 1.094386 -4.658387
v -5.084564 1.101616 -4.657013
v -5.088818 1.093832 -4.661377
v -5.088818 1.092931 -4.660805
v -5.087189 1.096598 -4.660849
v -5.087231 1.094002 -4.660336
v -5.086357 1.095109 -4.659851
v -5.087193 1.095392 -4.658083
v -5.085808 1.097119 -4.657713
v -5.088818 1.093126 -4.659754
v -5.086025 1.095682 -4.659094
v -5.084885 1.099805 -4.658485
v -5.085808 1.098041 -4.659832
v -5.084885 1.099305 -4.657337
v -5.085274 1.097371 -4.658863
v -5.045364 4.154962 -2.935308
v -5.041500 4.153096 -2.933758
v -5.043896 4.155266 -2.935580
v -5.042645 4.155018 -2.935381
v -5.041801 4.154256 -2.934741
v -5.049603 3.388970 -3.796851
v -5.053471 3.390856 -3.798416
v -5.049908 3.390137 -3.797840
v -5.050747 3.390906 -3.798484
v -5.052002 3.391158 -3.798687
v -5.038731 3.800102 -2.633977
v -5.042683 3.797970 -2.632129
v -5.039021 3.798917 -2.632968
v -5.039875 3.798095 -2.632262
v -5.041161 3.797763 -2.631968
v -5.050789 3.033883 -3.495253
v -5.046833 3.036021 -3.497106
v -5.049267 3.033676 -3.495092
v -5.047981 3.034011 -3.495388
v -5.047127 3.034835 -3.496095
v -5.049644 3.796405 -3.391872
v -5.045784 3.794539 -3.390322
v -5.048176 3.796709 -3.392144
v -5.046925 3.796460 -3.391944
v -5.046085 3.795699 -3.391305
v -5.046970 3.439928 -3.089131
v -5.043018 3.442051 -3.090972
v -5.045448 3.439721 -3.088969
v -5.044163 3.440050 -3.089262
v -5.043312 3.440869 -3.089966
v -5.053951 2.615053 -3.830549
v -5.049992 2.617226 -3.832432
v -5.052429 2.614848 -3.830390
v -5.051140 2.615188 -3.830691
v -5.050285 2.616023 -3.831408
v -5.052761 2.970266 -4.132252
v -5.056644 2.972187 -4.133847
v -5.053066 2.971448 -4.133253
v -5.053909 2.972230 -4.133909
v -5.055168 2.972489 -4.134117
v -5.057056 2.066148 -4.161201
v -5.053085 2.069292 -4.162586
v -5.055531 2.066017 -4.161004
v -5.054237 2.066568 -4.161197
v -5.053379 2.067717 -4.161753
v -5.055382 2.522850 -4.409885
v -5.059280 2.525733 -4.410974
v -5.055687 2.524404 -4.410695
v -5.056534 2.525499 -4.411186
v -5.057796 2.525966 -4.411285
v -5.061806 1.065830 -4.673627
v -5.057751 1.078286 -4.668154
v -5.061768 1.065234 -4.671756
v -5.060265 1.068651 -4.672869
v -5.058956 1.072009 -4.671563
v -5.060432 1.066426 -4.672700
v -5.059155 1.068604 -4.671654
v -5.059555 1.067119 -4.671552
v -5.058052 1.075021 -4.668172
v -5.058926 1.071392 -4.668864
v -5.058071 1.075393 -4.669907
v -5.058514 1.071510 -4.670114
v -5.059139 1.068343 -4.670511
v -5.062149 1.063925 -4.673197
v -5.060226 1.067955 -4.670121
v -5.060417 1.066096 -4.671409
v -5.060524 1.065101 -4.672373
v -5.061630 2.033277 -4.655863
v -5.057686 2.034375 -4.652901
v -5.060135 2.033814 -4.656035
v -5.058857 2.034212 -4.655532
v -5.057999 2.034408 -4.654432
v -5.040680 4.461425 -2.434044
v -5.036793 4.460176 -2.431393
v -5.039204 4.461778 -2.434233
v -5.037949 4.461665 -2.433796
v -5.037098 4.461102 -2.432798
v -5.032730 4.158341 -1.993728
v -5.036674 4.156781 -1.990706
v -5.033020 4.157374 -1.992269
v -5.033871 4.156740 -1.991183
v -5.035156 4.156529 -1.990634
v -5.031456 4.741619 -1.861511
v -5.035339 4.744435 -1.860770
v -5.031754 4.743148 -1.861621
v -5.032597 4.744220 -1.861519
v -5.033855 4.744672 -1.861221
v -5.024818 4.702545 -0.721751
v -5.024799 4.700713 -0.721305
v -5.020958 4.697641 -0.735330
v -5.025028 4.702420 -0.720424
v -5.023319 4.701892 -0.724814
v -5.023453 4.701606 -0.722567
v -5.023525 4.701219 -0.721243
v -5.022602 4.700480 -0.723435
v -5.023308 4.699164 -0.724328
v -5.022053 4.698037 -0.728053
v -5.025017 4.701428 -0.720183
v -5.023445 4.700328 -0.722335
v -5.022217 4.699504 -0.724793
v -5.021229 4.699238 -0.732163
v -5.022060 4.700730 -0.728470
v -5.021225 4.697501 -0.731917
v -5.021633 4.699253 -0.728123
v -5.022221 4.700644 -0.724971
v -5.152855 4.110894 -2.896872
v -5.149044 4.115676 -2.900968
v -5.152573 4.112279 -2.898050
v -5.151749 4.113672 -2.899242
v -5.150513 4.114865 -2.900266
v -5.157146 3.351571 -3.764076
v -5.160961 3.346772 -3.759965
v -5.158615 3.350760 -3.763374
v -5.159855 3.349561 -3.762346
v -5.160675 3.348163 -3.761149
v -5.146675 3.829448 -2.657889
v -5.150681 3.833993 -2.661713
v -5.148201 3.830163 -2.658482
v -5.149498 3.831279 -2.659417
v -5.150368 3.832622 -2.660552
v -5.158787 3.069912 -3.524840
v -5.154778 3.065360 -3.521012
v -5.158474 3.068539 -3.523677
v -5.157600 3.067194 -3.522542
v -5.156303 3.066077 -3.521606
v -5.157139 3.752339 -3.353436
v -5.153332 3.757116 -3.357529
v -5.156857 3.753721 -3.354614
v -5.156036 3.755115 -3.355804
v -5.154797 3.756307 -3.356828
v -5.154968 3.475943 -3.118706
v -5.150967 3.471407 -3.114891
v -5.154655 3.474576 -3.117548
v -5.153786 3.473235 -3.116417
v -5.152489 3.472121 -3.115484
v -5.161945 2.651117 -3.860165
v -5.157932 2.646527 -3.856304
v -5.161633 2.649730 -3.858990
v -5.160759 2.648371 -3.857844
v -5.159458 2.647246 -3.856901
v -5.160294 2.932912 -4.099516
v -5.164120 2.928066 -4.095365
v -5.161766 2.932096 -4.098810
v -5.163010 2.930888 -4.097772
v -5.163834 2.929472 -4.096562
v -5.165039 2.103433 -4.190180
v -5.161026 2.097617 -4.186954
v -5.164726 2.101578 -4.189249
v -5.163853 2.099821 -4.188308
v -5.162556 2.098430 -4.187502
v -5.162891 2.486473 -4.376657
v -5.166740 2.480401 -4.373139
v -5.164371 2.485562 -4.375995
v -5.165623 2.484089 -4.375096
v -5.166454 2.482276 -4.374093
v -5.165730 1.097246 -4.699046
v -5.165730 1.096701 -4.697509
v -5.169689 1.115375 -4.694255
v -5.167259 1.101385 -4.698775
v -5.167320 1.099120 -4.698770
v -5.167339 1.097741 -4.698575
v -5.168095 1.100629 -4.697990
v -5.167244 1.100886 -4.696358
v -5.168530 1.105903 -4.695338
v -5.165985 1.095641 -4.698280
v -5.167313 1.098881 -4.697640
v -5.168404 1.102320 -4.697066
v -5.169403 1.111197 -4.696181
v -5.168549 1.106285 -4.697767
v -5.169388 1.110992 -4.694597
v -5.168964 1.106409 -4.696604
v -5.168411 1.102484 -4.698095
v -5.169041 1.992231 -4.616026
v -5.165184 1.994039 -4.621563
v -5.168758 1.992471 -4.617749
v -5.167927 1.992898 -4.619407
v -5.166672 1.993450 -4.620747
v -5.148148 4.418135 -2.394227
v -5.144337 4.422148 -2.399712
v -5.147865 4.419225 -2.395935
v -5.147045 4.420369 -2.397578
v -5.145805 4.421395 -2.398903
v -5.140667 4.188258 -2.016465
v -5.144688 4.192080 -2.021763
v -5.142193 4.188919 -2.017170
v -5.143494 4.189878 -2.018425
v -5.144371 4.190988 -2.020038
v -5.138950 4.705174 -1.826453
v -5.142815 4.699463 -1.824607
v -5.140430 4.704291 -1.825920
v -5.141685 4.702895 -1.825382
v -5.142521 4.701200 -1.824921
v -5.128780 4.733714 -0.747482
v -5.132942 4.730145 -0.766294
v -5.128788 4.732189 -0.747063
v -5.130344 4.733741 -0.751732
v -5.131683 4.733073 -0.756799
v -5.130367 4.733603 -0.749421
v -5.131504 4.733171 -0.752890
v -5.131165 4.732945 -0.751010
v -5.132595 4.730217 -0.761819
v -5.131687 4.730629 -0.756593
v -5.132595 4.731810 -0.761913
v -5.132111 4.731932 -0.756999
v -5.131504 4.732137 -0.752799
v -5.128986 4.732877 -0.745934
v -5.130348 4.731322 -0.751411
v -5.130371 4.732472 -0.749265
v -5.130363 4.733332 -0.748030
v -4.131046 3.074427 -5.039659
v -4.129601 3.073094 -5.035538
v -4.131496 3.074786 -5.038245
v -4.131378 3.074658 -5.036966
v -4.130714 3.074064 -5.036015
v -3.358372 3.929623 -5.014704
v -3.359833 3.930971 -5.018833
v -3.359489 3.930600 -5.015182
v -3.360161 3.931199 -5.016135
v -3.360279 3.931330 -5.017417
v -3.782364 2.771872 -4.979279
v -3.779858 2.769780 -4.982877
v -3.781166 2.770838 -4.979389
v -3.780270 2.770079 -4.980112
v -3.779808 2.769707 -4.981337
v -3.008659 3.626341 -4.962052
v -3.011185 3.628447 -4.958453
v -3.008614 3.626268 -4.960511
v -3.009079 3.626644 -4.959285
v -3.009979 3.627408 -4.958563
v -3.768486 3.527792 -5.033325
v -3.767044 3.526461 -5.029207
v -3.768936 3.528151 -5.031911
v -3.768822 3.528024 -5.030632
v -3.768158 3.527431 -5.029682
v -3.417805 3.223588 -4.976627
v -3.420307 3.225673 -4.973028
v -3.417755 3.223513 -4.975086
v -3.418217 3.223884 -4.973861
v -3.419109 3.224642 -4.973139
v -2.587715 3.958354 -4.941437
v -2.590282 3.960497 -4.937844
v -2.587673 3.958284 -4.939895
v -2.588142 3.958667 -4.938672
v -2.589062 3.959445 -4.937951
v -2.937550 4.261742 -4.994107
v -2.939041 4.263117 -4.998257
v -2.938683 4.262732 -4.994587
v -2.939365 4.263340 -4.995546
v -2.939491 4.263478 -4.996834
v -2.009480 4.285107 -4.916081
v -2.013222 4.286720 -4.912459
v -2.009525 4.284997 -4.914537
v -2.010254 4.285264 -4.913306
v -2.011551 4.285870 -4.912576
v -2.488777 4.536118 -4.966800
v -2.491367 4.536923 -4.970947
v -2.490334 4.536892 -4.967271
v -2.491375 4.537318 -4.968224
v -2.491737 4.537329 -4.969515
v -0.867950 4.791115 -4.891844
v -0.883137 4.785969 -4.888221
v -0.867538 4.789470 -4.891834
v -0.871384 4.790473 -4.890426
v -0.875473 4.789270 -4.889242
v -0.869064 4.790297 -4.890487
v -0.871780 4.789348 -4.889296
v -0.870140 4.789231 -4.889628
v -0.879459 4.785979 -4.888382
v -0.875206 4.786651 -4.889125
v -0.879601 4.787688 -4.888466
v -0.875271 4.787871 -4.888749
v -0.871666 4.788239 -4.889248
v -0.866402 4.790155 -4.892011
v -0.871017 4.787875 -4.890337
v -0.868889 4.789081 -4.890446
v -0.867702 4.789984 -4.890516
v -1.998348 4.778283 -4.936774
v -1.999874 4.775574 -4.933361
v -1.999039 4.778549 -4.935385
v -1.999569 4.778127 -4.934250
v -1.999863 4.777083 -4.933540
v -4.442368 2.576146 -5.037674
v -4.441555 2.573718 -5.033530
v -4.442863 2.576422 -5.036252
v -4.442886 2.576056 -5.034968
v -4.442425 2.575107 -5.034011
v -4.146980 2.135235 -4.973317
v -4.145061 2.131975 -4.976899
v -4.146008 2.133755 -4.973420
v -4.145302 2.132614 -4.974138
v -4.144966 2.131988 -4.975360
v -4.728874 2.006824 -5.024380
v -4.731285 2.005876 -5.028483
v -4.730362 2.006927 -5.024839
v -4.731342 2.006782 -5.025779
v -4.731667 2.006413 -5.027058
v -4.704338 0.869185 -4.948234
v -4.702522 0.868730 -4.948001
v -4.699692 0.882945 -4.944677
v -4.703819 0.867293 -4.948350
v -4.703804 0.872330 -4.946855
v -4.703533 0.870077 -4.946828
v -4.703156 0.868748 -4.946784
v -4.702492 0.870984 -4.945915
v -4.701099 0.871825 -4.946532
v -4.700062 0.875610 -4.945387
v -4.702267 0.869836 -4.946676
v -4.701542 0.872355 -4.945513
v -4.701290 0.879776 -4.944929
v -4.702736 0.876048 -4.945696
v -4.699566 0.879516 -4.944733
v -4.701313 0.875716 -4.945099
v -4.702675 0.872544 -4.945644
v -4.076683 3.029509 -5.139663
v -4.081783 3.033850 -5.136605
v -4.078075 3.030710 -5.139593
v -4.079533 3.031956 -5.138987
v -4.080833 3.033061 -5.137938
v -3.310574 3.890401 -5.115770
v -3.305454 3.886042 -5.118829
v -3.309624 3.889608 -5.117103
v -3.308319 3.888501 -5.118153
v -3.306854 3.887249 -5.118760
v -3.800228 2.789608 -5.090869
v -3.804298 2.793222 -5.095533
v -3.800777 2.790115 -5.092489
v -3.801743 2.790982 -5.093945
v -3.802979 2.792072 -5.095013
v -3.033115 3.649795 -5.074706
v -3.029034 3.646171 -5.070038
v -3.031792 3.648641 -5.074188
v -3.030552 3.647547 -5.073118
v -3.029583 3.646678 -5.071661
v -3.714127 3.482878 -5.133331
v -3.719223 3.487217 -5.130274
v -3.715515 3.484078 -5.133260
v -3.716972 3.485324 -5.132654
v -3.718273 3.486426 -5.131606
v -3.442242 3.247024 -5.089279
v -3.438179 3.243415 -5.084617
v -3.440926 3.245876 -5.088762
v -3.439690 3.244788 -5.087693
v -3.438725 3.243923 -5.086239
v -2.612217 3.981845 -5.054096
v -2.608086 3.978179 -5.049415
v -2.610874 3.980677 -5.053571
v -2.609619 3.979568 -5.052500
v -2.608639 3.978692 -5.051039
v -2.889797 4.222559 -5.095162
v -2.884632 4.218159 -5.098231
v -2.888844 4.221763 -5.096502
v -2.887524 4.220644 -5.097555
v -2.886047 4.219381 -5.098162
v -2.035450 4.307919 -5.028702
v -2.029846 4.304932 -5.024053
v -2.033546 4.307009 -5.028191
v -2.031815 4.306123 -5.027129
v -2.030514 4.305394 -5.025676
v -2.442150 4.496388 -5.067798
v -2.435585 4.492688 -5.070936
v -2.441086 4.495640 -5.069152
v -2.439461 4.494673 -5.070223
v -2.437531 4.493637 -5.070850
v -0.888325 4.810706 -4.999956
v -0.887905 4.809296 -4.999803
v -0.908508 4.805802 -5.004470
v -0.892834 4.810367 -5.001626
v -0.890434 4.810336 -5.001565
v -0.888992 4.810133 -5.001503
v -0.892151 4.809521 -5.002382
v -0.892597 4.808016 -5.001483
v -0.898159 4.806901 -5.002961
v -0.886772 4.809965 -5.000007
v -0.890316 4.809237 -5.001498
v -0.894077 4.808596 -5.002738
v -0.903759 4.807711 -5.004070
v -0.898254 4.809314 -5.003071
v -0.903748 4.806124 -5.004010
v -0.898540 4.808125 -5.003457
v -0.894123 4.809617 -5.002785
v -1.947010 4.732013 -5.037625
v -1.949169 4.737780 -5.033551
v -1.947266 4.733749 -5.037191
v -1.947765 4.735453 -5.036264
v -1.948433 4.736870 -5.034985
v -4.388798 2.529857 -5.137653
v -4.393112 2.535580 -5.134598
v -4.389889 2.531586 -5.137586
v -4.391090 2.533280 -5.136983
v -4.392227 2.534683 -5.135934
v -4.165432 2.151800 -5.084882
v -4.168762 2.156882 -5.089575
v -4.165924 2.152419 -5.086508
v -4.166729 2.153603 -5.087970
v -4.167725 2.155172 -5.089047
v -4.682053 1.965328 -5.125364
v -4.675999 1.963225 -5.128507
v -4.681030 1.964704 -5.126712
v -4.679520 1.964084 -5.127783
v -4.677753 1.963566 -5.128412
v -4.724403 0.888985 -5.056152
v -4.720203 0.907512 -5.061001
v -4.722893 0.888556 -5.055980
v -4.724220 0.893141 -5.057955
v -4.723358 0.898121 -5.059509
v -4.724388 0.887657 -5.056277
v -4.724110 0.890830 -5.057830
v -4.723518 0.894225 -5.059115
v -4.723354 0.892365 -5.058647
v -4.720364 0.903059 -5.060408
v -4.720932 0.897897 -5.059246
v -4.721947 0.903166 -5.060579
v -4.722179 0.898287 -5.059826
v -4.722492 0.894128 -5.059005
v -4.721817 0.892803 -5.057691
v -4.722984 0.890666 -5.057707
v -4.723854 0.889438 -5.057720
v -5.165154 0.025813 -5.143646
v -5.168373 0.024300 -5.141997
v -5.167618 0.025178 -5.142024
v -5.168285 0.023229 -5.144302
v -5.167877 0.025190 -5.144043
v -5.167259 0.026471 -5.143986
v -5.164101 0.025741 -5.144976
v -5.163506 0.025225 -5.146105
v -5.166489 0.025709 -5.142603
v -5.165894 0.026392 -5.144377
v -5.165497 0.026491 -5.145733
v -5.165752 0.023240 -5.146798
v -5.167271 0.023239 -5.145802
v -5.163456 0.024343 -5.146864
v -5.165531 0.025208 -5.146364
v -5.167103 0.025637 -5.145596
v -3.756702 5.080592 -3.384717
v -3.758366 5.084469 -3.386462
v -3.757732 5.080903 -3.385838
v -3.758411 5.081751 -3.386561
v -3.758633 5.083003 -3.386781
v -3.024235 5.081648 -3.445234
v -3.022350 5.085581 -3.443109
v -3.023186 5.081929 -3.444084
v -3.022461 5.082776 -3.443278
v -3.022167 5.084057 -3.442935
v -3.336731 5.087603 -3.786429
v -3.338383 5.091482 -3.788167
v -3.337757 5.087915 -3.787546
v -3.338432 5.088763 -3.788269
v -3.338650 5.090015 -3.788486
v -3.444229 5.074637 -3.043542
v -3.442345 5.078570 -3.041414
v -3.443180 5.074918 -3.042392
v -3.442455 5.075767 -3.041584
v -3.442162 5.077048 -3.041240
v -3.799850 5.067168 -2.615633
v -3.797943 5.071106 -2.613481
v -3.798794 5.067451 -2.614473
v -3.798061 5.068299 -2.613657
v -3.797764 5.069583 -2.613308
v -4.112682 5.073131 -2.957196
v -4.114368 5.077020 -2.958968
v -4.113724 5.073443 -2.958328
v -4.114410 5.074292 -2.959063
v -4.114635 5.075547 -2.959287
v -4.399887 5.065454 -2.517473
v -4.401535 5.069365 -2.519397
v -4.400917 5.065770 -2.518666
v -4.401592 5.066624 -2.519449
v -4.401810 5.067885 -2.519706
v -4.093185 5.059266 -2.163157
v -4.091309 5.063207 -2.160851
v -4.092140 5.059548 -2.161937
v -4.091415 5.060397 -2.161072
v -4.091125 5.061683 -2.160689
v -4.738823 5.044269 -1.308039
v -4.742756 5.048244 -1.298793
v -4.740368 5.044523 -1.304570
v -4.741661 5.045368 -1.301593
v -4.742496 5.046674 -1.299565
v -4.640839 5.057018 -2.034173
v -4.641090 5.061007 -2.039091
v -4.641335 5.057355 -2.036512
v -4.641560 5.058232 -2.038269
v -4.641472 5.059516 -2.039174
v -4.480320 5.045396 -1.372725
v -4.479839 5.049289 -1.367431
v -4.479809 5.045659 -1.370362
v -4.479538 5.046489 -1.368526
v -4.479549 5.047765 -1.367497
v -2.543774 5.087835 -3.799691
v -2.541737 5.091771 -3.797640
v -2.542667 5.088117 -3.798570
v -2.541893 5.088965 -3.797786
v -2.541565 5.090248 -3.797461
v -2.873634 5.093676 -4.134286
v -2.875427 5.097561 -4.135937
v -2.874718 5.093988 -4.135372
v -2.875439 5.094838 -4.136066
v -2.875687 5.096093 -4.136265
v -1.496826 5.101702 -4.594209
v -1.487877 5.105924 -4.598233
v -1.493443 5.102046 -4.595817
v -1.490555 5.102971 -4.597146
v -1.488598 5.104331 -4.597994
v -1.605366 5.096255 -4.282021
v -1.599907 5.100222 -4.281658
v -1.602947 5.096547 -4.281545
v -1.601063 5.097405 -4.281310
v -1.599995 5.098696 -4.281349
v -2.342632 5.099133 -4.446976
v -2.347504 5.103007 -4.446873
v -2.344894 5.099436 -4.447392
v -2.346615 5.100277 -4.447519
v -2.347530 5.101532 -4.447337
v -3.723545 5.187790 -3.346631
v -3.719307 5.191555 -3.341934
v -3.722828 5.189248 -3.345821
v -3.721771 5.190474 -3.344646
v -3.720535 5.191285 -3.343280
v -3.050236 5.189850 -3.471744
v -3.054256 5.193896 -3.476063
v -3.050869 5.191380 -3.472409
v -3.051857 5.192687 -3.473463
v -3.053047 5.193572 -3.474746
v -3.303562 5.194802 -3.748334
v -3.299332 5.198567 -3.743648
v -3.302845 5.196261 -3.747526
v -3.301788 5.197485 -3.746351
v -3.300556 5.198296 -3.744989
v -3.470230 5.182837 -3.070050
v -3.474251 5.186885 -3.074373
v -3.470863 5.184369 -3.070714
v -3.471848 5.185676 -3.071769
v -3.473038 5.186559 -3.073055
v -3.825829 5.175364 -2.642113
v -3.829872 5.179416 -2.646462
v -3.826462 5.176898 -2.642781
v -3.827454 5.178206 -2.643842
v -3.828651 5.179090 -2.645134
v -4.079556 5.180320 -2.919144
v -4.075287 5.184093 -2.914414
v -4.078835 5.181780 -2.918331
v -4.077770 5.183011 -2.917147
v -4.076523 5.183822 -2.915772
v -4.366737 5.172630 -2.479588
v -4.362503 5.176417 -2.474659
v -4.366020 5.174098 -2.478757
v -4.364960 5.175332 -2.477530
v -4.363728 5.176147 -2.476090
v -4.119190 5.167456 -2.189481
v -4.123192 5.171515 -2.194018
v -4.119823 5.168990 -2.190163
v -4.120804 5.170300 -2.191265
v -4.121986 5.171188 -2.192618
v -4.739342 5.151567 -1.293260
v -4.734386 5.155904 -1.303728
v -4.738922 5.153168 -1.293988
v -4.737831 5.154555 -1.296234
v -4.736240 5.155516 -1.299652
v -4.606308 5.164224 -1.999298
v -4.603844 5.167965 -1.990561
v -4.605721 5.165694 -1.998176
v -4.605045 5.166923 -1.996122
v -4.604385 5.167720 -1.993448
v -4.507717 5.153526 -1.396058
v -4.509945 5.157657 -1.404379
v -4.508217 5.155066 -1.397029
v -4.508812 5.156394 -1.398951
v -4.509422 5.157304 -1.401532
v -2.569622 5.196037 -3.826274
v -2.573833 5.200081 -3.830501
v -2.570271 5.197567 -3.826932
v -2.571297 5.198874 -3.827966
v -2.572552 5.199757 -3.829220
v -2.840614 5.200865 -4.096113
v -2.836201 5.204639 -4.091527
v -2.839882 5.202326 -4.095311
v -2.838787 5.203555 -4.094158
v -2.837494 5.204366 -4.092829
v -1.484463 5.209219 -4.592701
v -1.494606 5.213296 -4.587527
v -1.485191 5.210804 -4.592239
v -1.487373 5.212138 -4.591094
v -1.490681 5.213014 -4.589438
v -1.627789 5.204482 -4.310291
v -1.636265 5.208493 -4.312409
v -1.628761 5.206010 -4.310788
v -1.630714 5.207310 -4.311366
v -1.633347 5.208183 -4.311934
v -2.312702 5.206278 -4.407059
v -2.304485 5.210104 -4.404623
v -2.311680 5.207747 -4.406420
v -2.309761 5.208991 -4.405733
v -2.307232 5.209818 -4.405101
v -0.933605 5.157853 -4.611109
v -0.934101 5.157881 -4.612773
v -0.932720 5.157879 -4.612689
v -4.745678 5.091727 -0.831176
v -4.747406 5.091736 -0.831685
v -4.747295 5.091712 -0.830290
v -5.177639 5.213607 -2.501379
v -5.182137 5.208964 -2.501348
v -5.179359 5.213235 -2.500621
v -5.180820 5.212221 -2.500350
v -5.181793 5.210723 -2.500606
v -5.174568 2.693200 -5.112543
v -5.179146 2.693128 -5.107991
v -5.176315 2.692479 -5.112211
v -5.177803 2.692212 -5.111231
v -5.178795 2.692440 -5.109749
v -5.179035 2.653695 -2.545334
v -5.182518 2.654294 -2.545975
v -5.180367 2.653198 -2.544861
v -5.181496 2.653138 -2.544816
v -2.609108 5.252198 -5.065778
v -2.609154 5.256699 -5.061124
v -2.608376 5.253945 -5.065407
v -2.608128 5.255415 -5.064393
v -2.608398 5.256383 -5.062889
v -2.611828 5.214401 -2.498561
v -2.612518 5.217898 -2.499249
v -2.611343 5.215724 -2.498063
v -2.611309 5.216854 -2.498018
v -2.608833 2.696848 -5.106930
v -2.609509 2.697526 -5.110369
v -2.608353 2.696386 -5.108267
v -2.608307 2.696352 -5.109390
v -4.700920 5.216073 -2.761761
v -4.705410 5.220277 -2.759796
v -4.701267 5.217702 -2.761761
v -4.702240 5.219073 -2.761388
v -4.703697 5.219975 -2.760699
v -2.863060 5.247795 -4.583499
v -2.865501 5.243448 -4.578969
v -2.863995 5.247437 -4.581744
v -2.864788 5.246485 -4.580266
v -2.865318 5.245084 -4.579292
v -2.863480 5.223170 -2.755912
v -2.865898 5.218972 -2.757906
v -2.864407 5.222865 -2.756824
v -2.865192 5.221962 -2.757524
v -2.865715 5.220593 -2.757904
v -4.700130 2.935256 -5.103058
v -4.704693 2.932995 -5.107370
v -4.700474 2.935106 -5.104693
v -4.701462 2.934624 -5.106085
v -4.702946 2.933884 -5.107024
v -2.858326 4.775397 -5.067118
v -2.855919 4.780058 -5.071327
v -2.858139 4.775774 -5.068745
v -2.857616 4.776792 -5.070117
v -2.856838 4.778298 -5.071022
v -2.854012 2.935862 -5.103514
v -2.856434 2.938142 -5.099186
v -2.854935 2.936759 -5.103163
v -2.855721 2.937506 -5.102217
v -2.856247 2.937992 -5.100821
v -5.182323 4.737746 -2.751431
v -5.178066 4.733171 -2.753851
v -5.181999 4.735996 -2.752359
v -5.181076 4.734510 -2.753145
v -5.179695 4.733519 -2.753670
v -5.179802 2.926139 -4.634127
v -5.175549 2.928399 -4.629524
v -5.179482 2.927003 -4.632368
v -5.178558 2.927736 -4.630875
v -5.177177 2.928226 -4.629876
v -5.182583 2.893862 -2.783583
v -5.178326 2.896219 -2.785917
v -5.182259 2.894765 -2.784479
v -5.181335 2.895530 -2.785236
v -5.179955 2.896041 -2.785740
v -4.696514 5.117362 -2.752613
v -4.700783 5.121589 -2.750979
v -4.698143 5.117671 -2.751837
v -4.699528 5.118583 -2.751256
v -4.700455 5.119958 -2.750954
v -2.865364 5.156471 -4.580488
v -2.867485 5.152134 -4.576308
v -2.865520 5.154834 -4.580193
v -2.865982 5.153437 -4.579295
v -2.866673 5.152487 -4.577930
v -2.865757 5.124451 -2.747119
v -2.868759 5.120246 -2.749650
v -2.865982 5.122828 -2.747164
v -2.866634 5.121459 -2.747660
v -2.867611 5.120553 -2.748533
v -4.696060 2.935792 -5.011773
v -4.700310 2.933737 -5.016079
v -4.697689 2.934982 -5.012116
v -4.699070 2.934308 -5.013054
v -4.699989 2.933871 -5.014446
v -2.860649 4.769539 -4.975960
v -2.858505 4.773879 -4.980141
v -2.859833 4.771178 -4.976255
v -2.859138 4.772577 -4.977153
v -2.858673 4.773526 -4.978516
v -2.856613 2.936624 -5.012207
v -2.859646 2.939554 -5.007900
v -2.856850 2.936824 -5.010574
v -2.857506 2.937453 -5.009181
v -2.858490 2.938411 -5.008242
v -5.091072 4.733157 -2.753721
v -5.086811 4.728933 -2.755926
v -5.089443 4.732835 -2.753887
v -5.088058 4.731920 -2.754364
v -5.087135 4.730550 -2.755080
v -5.088558 2.928384 -4.629393
v -5.084305 2.930432 -4.625090
v -5.086926 2.928540 -4.629064
v -5.085545 2.928983 -4.628130
v -5.084625 2.929648 -4.626734
v -5.091331 2.896206 -2.785784
v -5.087067 2.899263 -2.788743
v -5.089703 2.896438 -2.786009
v -5.088318 2.897099 -2.786648
v -5.087395 2.898093 -2.787610
v -4.700459 5.197012 -4.579325
v -4.696194 5.197085 -4.583577
v -4.700130 5.197039 -4.580956
v -4.699211 5.197061 -4.582335
v -4.697826 5.197077 -4.583256
v -1.033428 5.202789 -4.572870
v -1.034668 5.202834 -4.575881
v -1.032597 5.202807 -4.574018
v -1.033268 5.202832 -4.575649
v -4.698334 1.101503 -5.091562
v -4.695312 1.100252 -5.091578
v -4.697445 1.099373 -5.091597
v -1.018982 4.777518 -5.019767
v -1.017735 4.774514 -5.019817
v -1.017578 4.777290 -5.019767
v -1.016903 4.775666 -5.019793
v -5.131794 4.761083 -4.597470
v -5.131798 4.765269 -4.593134
v -5.131794 4.762707 -4.597116
v -5.131794 4.764073 -4.596169
v -5.131798 4.764972 -4.594770
v -5.137341 4.698030 -0.913248
v -5.137337 4.701057 -0.914438
v -5.137341 4.700141 -0.912324
v -4.701248 5.140647 -0.933540
v -4.698181 5.140632 -0.932200
v -4.701015 5.140626 -0.932094
v -4.700352 5.140615 -0.931332
v -4.697853 4.771756 -5.027495
v -4.702106 4.767489 -5.027578
v -4.699482 4.771430 -5.027503
v -4.700863 4.770503 -5.027523
v -4.701786 4.769120 -5.027549
v -5.132317 1.094395 -4.658452
v -5.132313 1.095701 -4.661449
v -5.132317 1.093589 -4.659622
v -5.132313 1.094294 -4.661244
v -5.047768 3.595197 -3.601560
v -5.051628 3.597072 -3.603115
v -5.048069 3.596361 -3.602545
v -5.048912 3.597126 -3.603186
v -5.050159 3.597375 -3.603386
v -5.040916 3.628322 -2.867372
v -5.044868 3.626198 -2.865531
v -5.041210 3.627139 -2.866365
v -5.042065 3.626321 -2.865662
v -5.043350 3.625989 -2.865369
v -5.043686 3.981005 -3.166890
v -5.047546 3.982872 -3.168438
v -5.043987 3.982166 -3.167872
v -5.044827 3.982926 -3.168511
v -5.046078 3.983174 -3.168710
v -5.044998 3.242539 -3.302062
v -5.048954 3.240411 -3.300217
v -5.045292 3.241356 -3.301054
v -5.046146 3.240535 -3.300349
v -5.047432 3.240204 -3.300056
v -5.048492 2.828146 -3.673406
v -5.052452 2.825992 -3.671540
v -5.048786 2.826953 -3.672389
v -5.049641 2.826125 -3.671678
v -5.050930 2.825787 -3.671379
v -5.051266 3.181208 -3.973245
v -5.055138 3.183110 -3.974824
v -5.051567 3.182382 -3.974240
v -5.052410 3.183157 -3.974890
v -5.053665 3.183409 -3.975094
v -5.054123 2.752453 -4.276660
v -5.058014 2.754506 -4.278201
v -5.054428 2.753687 -4.277643
v -5.055275 2.754511 -4.278280
v -5.056534 2.754798 -4.278476
v -5.051414 2.386873 -3.983424
v -5.055378 2.384569 -3.981595
v -5.051708 2.385620 -3.982423
v -5.052563 2.384743 -3.981723
v -5.053852 2.384373 -3.981431
v -5.057716 1.556337 -4.660527
v -5.061890 1.547314 -4.664760
v -5.058044 1.552933 -4.662198
v -5.058956 1.550022 -4.663590
v -5.060307 1.548051 -4.664489
v -5.056572 2.278415 -4.535490
v -5.060474 2.283407 -4.535517
v -5.056873 2.280777 -4.535897
v -5.057720 2.282555 -4.536043
v -5.058983 2.283479 -4.535911
v -5.055279 1.611333 -4.399800
v -5.059261 1.606092 -4.399477
v -5.055580 1.608958 -4.399373
v -5.056438 1.607127 -4.399162
v -5.057732 1.606120 -4.399199
v -5.036293 3.964642 -2.374026
v -5.040245 3.962583 -2.372028
v -5.036583 3.963485 -2.372960
v -5.037437 3.962687 -2.372206
v -5.038723 3.962371 -2.371879
v -5.039227 4.311376 -2.691144
v -5.043098 4.313161 -2.692835
v -5.039528 4.312505 -2.692181
v -5.040371 4.313241 -2.692867
v -5.041626 4.313470 -2.693097
v -5.026207 4.719619 -1.298175
v -5.030270 4.723380 -1.289039
v -5.026489 4.721107 -1.294731
v -5.027359 4.722342 -1.291786
v -5.028687 4.723140 -1.289787
v -5.027348 4.411656 -1.418296
v -5.031269 4.411158 -1.412816
v -5.027626 4.411096 -1.415897
v -5.028473 4.410805 -1.414013
v -5.029751 4.410826 -1.412931
v -5.034149 4.604062 -2.148853
v -5.038067 4.604207 -2.153688
v -5.034462 4.604566 -2.151096
v -5.035320 4.604772 -2.152802
v -5.036583 4.604644 -2.153713
v -5.155315 3.557783 -3.568773
v -5.159122 3.552997 -3.564674
v -5.156780 3.556973 -3.568071
v -5.158020 3.555780 -3.567046
v -5.158844 3.554384 -3.565853
v -5.148869 3.657676 -2.891290
v -5.152870 3.662213 -2.895107
v -5.150391 3.658391 -2.891883
v -5.151688 3.659505 -2.892816
v -5.152557 3.660846 -2.893948
v -5.151234 3.943579 -3.134095
v -5.155041 3.938803 -3.130004
v -5.152699 3.942772 -3.133394
v -5.153938 3.941579 -3.132371
v -5.154758 3.940186 -3.131180
v -5.152946 3.271889 -3.325977
v -5.156952 3.276430 -3.329795
v -5.154472 3.272604 -3.326570
v -5.155769 3.273717 -3.327503
v -5.156639 3.275061 -3.328636
v -5.156437 2.857469 -3.697297
v -5.160446 2.862036 -3.701139
v -5.157963 2.858186 -3.697892
v -5.159260 2.859307 -3.698831
v -5.160133 2.860659 -3.699972
v -5.158802 3.143830 -3.940488
v -5.162621 3.139009 -3.936359
v -5.160271 3.143016 -3.939784
v -5.161510 3.141814 -3.938752
v -5.162338 3.140407 -3.937549
v -5.161648 2.715237 -4.243876
v -5.165482 2.710223 -4.239792
v -5.163120 2.714408 -4.243174
v -5.164368 2.713163 -4.242151
v -5.165195 2.711693 -4.240963
v -5.159351 2.416039 -4.007349
v -5.163364 2.420792 -4.011139
v -5.160881 2.416772 -4.007941
v -5.162178 2.417931 -4.008868
v -5.163052 2.419345 -4.009993
v -5.165257 1.543468 -4.660524
v -5.169365 1.553819 -4.655140
v -5.166843 1.544209 -4.660062
v -5.168179 1.546436 -4.658876
v -5.169064 1.549811 -4.657148
v -5.164059 2.244158 -4.501209
v -5.167931 2.235401 -4.499034
v -5.165543 2.243040 -4.500649
v -5.166801 2.240983 -4.500038
v -5.167641 2.238301 -4.499471
v -5.163223 1.637562 -4.425229
v -5.167229 1.646031 -4.427104
v -5.164753 1.638577 -4.425674
v -5.166050 1.640543 -4.426188
v -5.166920 1.643161 -4.426689
v -5.144238 3.994061 -2.397788
v -5.148247 3.998513 -2.401800
v -5.145763 3.994770 -2.398395
v -5.147060 3.995865 -2.399371
v -5.147934 3.997180 -2.400567
v -5.146767 4.273879 -2.658498
v -5.150581 4.269198 -2.654219
v -5.148235 4.273076 -2.657782
v -5.149475 4.271903 -2.656718
v -5.150299 4.270543 -2.655467
v -5.133610 4.719537 -1.284804
v -5.137875 4.714815 -1.295092
v -5.135212 4.719130 -1.285534
v -5.136585 4.718088 -1.287746
v -5.137520 4.716575 -1.291102
v -5.135258 4.442633 -1.438574
v -5.139309 4.445136 -1.446923
v -5.136787 4.443194 -1.439512
v -5.138092 4.443868 -1.441428
v -5.138977 4.444549 -1.444030
v -5.141705 4.564936 -2.119363
v -5.145496 4.562263 -2.111204
v -5.143173 4.564285 -2.118351
v -5.144409 4.563548 -2.116444
v -5.145226 4.562839 -2.113935
v -5.076794 4.716451 -0.734184
v -5.076797 4.718134 -0.734619
v -5.076778 4.717628 -0.732673
v -5.113750 1.080968 -4.684632
v -5.113766 1.081539 -4.686342
v -5.113758 1.079831 -4.685354
v -3.566029 3.736018 -5.022840
v -3.567482 3.737356 -5.026964
v -3.567142 3.736990 -5.023319
v -3.567810 3.737586 -5.024268
v -3.567928 3.737715 -5.025548
v -3.608479 3.003705 -4.977225
v -3.605980 3.001615 -4.980823
v -3.607285 3.002672 -4.977337
v -3.606388 3.001914 -4.978059
v -3.605930 3.001543 -4.979284
v -3.955414 3.304659 -5.033435
v -3.956852 3.305991 -5.037553
v -3.956524 3.305629 -5.033910
v -3.957188 3.306221 -5.034859
v -3.957302 3.306349 -5.036138
v -3.219124 3.435087 -4.966635
v -3.216618 3.432993 -4.970235
v -3.217926 3.434052 -4.966749
v -3.217030 3.433293 -4.967469
v -3.216568 3.432919 -4.968693
v -2.802135 3.803098 -4.948881
v -2.799591 3.800974 -4.952476
v -2.800922 3.802053 -4.948990
v -2.800014 3.801283 -4.949711
v -2.799549 3.800904 -4.950937
v -3.149429 4.104367 -5.005149
v -3.150906 4.105727 -5.009287
v -3.150555 4.105349 -5.005628
v -3.151230 4.105953 -5.006584
v -3.151352 4.106085 -5.007868
v -2.719002 4.404521 -4.981395
v -2.720646 4.405831 -4.985556
v -2.720196 4.405486 -4.981877
v -2.720928 4.406075 -4.982836
v -2.721085 4.406194 -4.984128
v -2.355732 4.109776 -4.925377
v -2.353004 4.107688 -4.928974
v -2.354446 4.108744 -4.925484
v -2.353477 4.107985 -4.926206
v -2.352974 4.107616 -4.927432
v -1.441311 4.780766 -4.910688
v -1.430950 4.784710 -4.914397
v -1.437519 4.782401 -4.910868
v -1.434219 4.783724 -4.911638
v -1.431915 4.784535 -4.912876
v -2.243896 4.660011 -4.950294
v -2.248714 4.659722 -4.954400
v -2.246307 4.660370 -4.950744
v -2.248074 4.660439 -4.951683
v -2.248917 4.660212 -4.952966
v -1.495567 4.520947 -4.900049
v -1.489361 4.520407 -4.903718
v -1.492954 4.520506 -4.900183
v -1.490856 4.520251 -4.900928
v -1.489594 4.520215 -4.902170
v -3.949394 2.513502 -4.978820
v -3.946960 2.511261 -4.982416
v -3.948223 2.512411 -4.978929
v -3.947353 2.511604 -4.979652
v -3.946907 2.511198 -4.980877
v -4.290184 2.831982 -5.035592
v -4.291542 2.833457 -5.039719
v -4.291264 2.833007 -5.036070
v -4.291901 2.833648 -5.037021
v -4.292000 2.833806 -5.038304
v -4.714275 1.444636 -4.984511
v -4.717709 1.435302 -4.988407
v -4.715767 1.441192 -4.984745
v -4.716942 1.438207 -4.985570
v -4.717625 1.436138 -4.986854
v -4.406395 1.562636 -4.960909
v -4.405560 1.556928 -4.964436
v -4.405834 1.560219 -4.960992
v -4.405479 1.558285 -4.961691
v -4.405384 1.557130 -4.962899
v -4.588329 2.292686 -5.029440
v -4.588017 2.297284 -5.033626
v -4.588772 2.294909 -5.029935
v -4.588867 2.296563 -5.030904
v -4.588600 2.297398 -5.032201
v -3.518215 3.696783 -5.123908
v -3.513115 3.692437 -5.126965
v -3.517269 3.695991 -5.125243
v -3.515965 3.694888 -5.126292
v -3.514507 3.693639 -5.126896
v -3.626350 3.021445 -5.088814
v -3.630413 3.025052 -5.093477
v -3.626900 3.021951 -5.090435
v -3.627865 3.022815 -5.091891
v -3.629097 3.023904 -5.092960
v -3.907585 3.265414 -5.134503
v -3.902496 3.261075 -5.137559
v -3.906639 3.264622 -5.135833
v -3.905338 3.263521 -5.136882
v -3.903885 3.262277 -5.137489
v -3.236988 3.452822 -5.078224
v -3.241058 3.456435 -5.082887
v -3.237537 3.453330 -5.079847
v -3.238503 3.454194 -5.081300
v -3.239738 3.455285 -5.082370
v -2.819965 3.820802 -5.060461
v -2.824070 3.824446 -5.065133
v -2.820515 3.821312 -5.062084
v -2.821487 3.822184 -5.063543
v -2.822739 3.823285 -5.064614
v -3.101650 4.065161 -5.106209
v -3.096512 4.060783 -5.109274
v -3.100697 4.064366 -5.107546
v -3.099388 4.063256 -5.108598
v -3.097916 4.061997 -5.109206
v -2.671413 4.365284 -5.082436
v -2.666050 4.360959 -5.085521
v -2.670441 4.364489 -5.083782
v -2.669079 4.363390 -5.084839
v -2.667538 4.362150 -5.085451
v -2.373375 4.127514 -5.036950
v -2.377705 4.131104 -5.041627
v -2.373943 4.128022 -5.038574
v -2.374966 4.128880 -5.040034
v -2.376286 4.129963 -5.041106
v -1.416599 4.774412 -5.016488
v -1.427467 4.768918 -5.020932
v -1.417252 4.773867 -5.018071
v -1.419544 4.772633 -5.019471
v -1.423134 4.770895 -5.020475
v -2.199512 4.619200 -5.051217
v -2.190189 4.616839 -5.054443
v -2.198235 4.618552 -5.052580
v -2.196014 4.617877 -5.053673
v -2.193188 4.617274 -5.054327
v -1.509727 4.540233 -5.011690
v -1.518410 4.541874 -5.016279
v -1.510628 4.540591 -5.013307
v -1.512596 4.541028 -5.014748
v -1.515327 4.541479 -5.015791
v -3.967335 2.531090 -5.090403
v -3.971306 2.534891 -5.095072
v -3.967876 2.531609 -5.092026
v -3.968819 2.532516 -5.093481
v -3.970024 2.533668 -5.094552
v -4.242279 2.792885 -5.136657
v -4.237286 2.788362 -5.139717
v -4.241341 2.792080 -5.137992
v -4.240063 2.790937 -5.139042
v -4.238640 2.789631 -5.139648
v -4.703369 1.425011 -5.090389
v -4.698116 1.435006 -5.094731
v -4.702797 1.425645 -5.091981
v -4.701595 1.427766 -5.093364
v -4.699951 1.431053 -5.094331
v -4.425930 1.576753 -5.072417
v -4.427910 1.584874 -5.077179
v -4.426323 1.577605 -5.074048
v -4.426834 1.579447 -5.075525
v -4.427391 1.582000 -5.076625
v -4.538773 2.256728 -5.130532
v -4.535820 2.248345 -5.133555
v -4.537983 2.255627 -5.131868
v -4.537148 2.253647 -5.132910
v -4.536388 2.251088 -5.133504
v -4.712708 0.878643 -5.001991
v -4.714375 0.879089 -5.002192
v -4.713898 0.877145 -5.002011
v -0.877724 4.799384 -4.945819
v -0.878139 4.800914 -4.945900
v -0.876549 4.800023 -4.945802
v -5.178860 1.089159 -4.662937
v -4.702293 5.194427 -0.939646
v -1.028725 5.249238 -4.576102
v -5.183807 4.702292 -0.907955
v -1.012897 4.779337 -5.066107
vn -0.0537 -0.9937 -0.0984
vn -0.0000 -0.9998 -0.0175
vn -0.0584 -0.9937 -0.0952
vn -0.6045 0.3668 -0.7071
vn -0.6194 0.4553 -0.6396
vn -0.5793 0.4558 -0.6758
vn 0.0656 -0.9965 0.0512
vn 0.7406 0.2614 0.6191
vn 0.7486 0.3542 0.5605
vn 0.7743 0.2590 0.5774
vn -0.0784 -0.9941 -0.0749
vn -0.0749 -0.9940 -0.0794
vn -0.5625 0.3645 -0.7421
vn -0.5387 0.4549 -0.7092
vn 0.5717 0.2599 0.7782
vn 0.4907 0.3503 0.7978
vn 0.5528 0.3549 0.7540
vn 0.6647 0.2627 0.6994
vn 0.6815 0.3576 0.6385
vn 0.7055 0.2618 0.6586
vn -0.0706 -0.9941 -0.0827
vn -0.0671 -0.9939 -0.0874
vn 0.0688 -0.9965 0.0467
vn 0.7828 0.3506 0.5142
vn 0.8088 0.2570 0.5289
vn -0.8173 0.3462 -0.4607
vn -0.7548 0.4414 -0.4852
vn -0.7858 0.3533 -0.5076
vn -0.7533 0.3569 -0.5524
vn -0.6901 0.4508 -0.5662
vn -0.7200 0.3611 -0.5927
vn 0.8167 0.3454 0.4623
vn 0.8433 0.2518 0.4749
vn 0.8408 0.3405 0.4209
vn 0.8674 0.2476 0.4316
vn -0.8599 0.3373 -0.3832
vn -0.8120 0.4270 -0.3979
vn -0.8435 0.3396 -0.4162
vn -0.0826 -0.9941 -0.0707
vn 0.8513 0.3379 0.4014
vn 0.8775 0.2462 0.4115
vn 0.6819 0.3604 0.6365
vn 0.7826 0.0367 0.6214
vn -0.9462 0.2718 -0.1753
vn -0.8293 0.4211 -0.3673
vn -0.0917 -0.9939 -0.0621
vn -0.0869 -0.9940 -0.0662
vn -0.5186 0.3642 -0.7736
vn -0.4970 0.4528 -0.7402
vn -0.4769 0.3623 -0.8008
vn -0.4572 0.4499 -0.7672
vn 0.4444 0.2512 0.8599
vn 0.4006 0.3407 0.8505
vn 0.4312 0.3443 0.8340
vn 0.0605 -0.9967 0.0540
vn -0.4471 0.3618 -0.8181
vn -0.4290 0.4472 -0.7849
vn -0.2218 0.3159 -0.9225
vn -0.2218 0.4106 -0.8844
vn 0.4127 0.2499 0.8759
vn 0.6290 0.3607 0.6886
vn 0.0501 -0.9968 0.0624
vn -0.5923 0.5262 -0.6101
vn -0.5541 0.5264 -0.6448
vn -0.0000 0.9998 0.0175
vn -0.0665 0.9973 -0.0315
vn 0.7159 0.3563 0.6004
vn 0.7210 0.4326 0.5413
vn 0.0696 0.9956 0.0630
vn 0.0728 0.9956 0.0588
vn -0.5153 0.5258 -0.6767
vn -0.4757 0.5230 -0.7072
vn 0.6423 0.3579 0.6778
vn 0.5766 0.4378 0.6898
vn 0.6178 0.4374 0.6534
vn 0.6553 0.4379 0.6155
vn 0.5999 0.3571 0.7159
vn 0.5309 0.4368 0.7261
vn -0.6566 0.4536 -0.6026
vn -0.7225 0.4469 -0.5276
vn -0.6601 0.5221 -0.5401
vn -0.6914 0.5180 -0.5036
vn 0.7871 0.4252 0.4468
vn 0.0664 0.9955 0.0669
vn -0.7856 0.4345 -0.4405
vn -0.7222 0.5140 -0.4629
vn -0.7530 0.5057 -0.4211
vn 0.8229 0.4140 0.3893
vn 0.0770 0.9955 0.0560
vn -0.7785 0.4990 -0.3806
vn -0.9120 0.3701 -0.1770
vn -0.7967 0.4912 -0.3521
vn 0.6225 0.5195 0.5853
vn -0.0489 0.9976 -0.0480
vn 0.4716 0.4313 0.7691
vn 0.4146 0.4236 0.8054
vn -0.4384 0.5200 -0.7331
vn -0.4119 0.5163 -0.7508
vn -0.0420 0.9976 -0.0550
vn -0.0457 0.9976 -0.0519
vn 0.3860 0.4175 0.8226
vn 0.4050 0.4553 0.7929
vn -0.2241 0.4828 -0.8466
vn 0.6205 0.2624 0.7390
vn -0.0149 -0.0472 -0.9988
vn -0.0465 0.0550 -0.9974
vn -0.0634 0.1546 -0.9859
vn 0.0528 0.9954 0.0797
vn 0.0488 0.9953 0.0831
vn 0.6882 0.4376 0.5787
vn 0.0566 0.9955 0.0756
vn -0.0000 -0.9998 -0.0174
vn 0.0453 -0.9967 0.0677
vn -0.0624 -0.9939 -0.0913
vn 0.0399 0.9949 0.0922
vn -0.9976 -0.0691 0.0028
vn -0.9697 -0.2414 0.0361
vn -0.9990 0.0346 -0.0293
vn -0.9951 -0.0984 -0.0103
vn -0.9897 0.1356 -0.0463
vn -0.0698 0.9972 -0.0277
vn -0.6853 0.3634 -0.6311
vn -0.0529 0.9976 -0.0451
vn -0.6279 0.5248 -0.5747
vn 0.0002 -0.9935 -0.1135
vn 0.0433 -0.9964 0.0727
vn -0.0292 -0.9918 -0.1246
vn -0.0481 -0.9930 -0.1076
vn -0.0264 0.9970 -0.0729
vn -0.0403 0.9975 -0.0584
vn 0.0378 0.9947 0.0960
vn -0.0062 0.9970 -0.0771
vn -0.0957 -0.9936 -0.0597
vn 0.0763 -0.9963 0.0396
vn 0.7538 0.4306 0.4964
vn -0.0811 0.9965 -0.0183
vn 0.0001 0.9998 0.0176
vn 0.0730 -0.9964 0.0434
vn 0.0799 -0.9962 0.0350
vn -0.0000 0.9998 0.0174
vn 0.0602 0.9955 0.0734
vn 0.5069 0.2551 0.8234
vn 0.9946 0.1037 0.0016
vn 0.9951 -0.0000 0.0985
vn 0.9889 0.1292 0.0728
vn 0.0436 0.9953 0.0866
vn -0.0001 -0.9998 -0.0176
vn -0.1099 -0.9930 -0.0432
vn 0.0924 -0.9954 0.0257
vn -0.0961 -0.9952 -0.0155
vn 0.0802 0.9953 0.0550
vn -0.0948 0.9954 0.0127
vn -0.0155 0.9986 0.0502
vn -0.0924 0.9957 -0.0062
vn 0.0247 -0.2477 -0.9685
vn 0.0886 -0.4296 -0.8987
vn -0.0502 -0.9933 -0.1041
vn 0.2272 0.0974 -0.9690
vn -0.0778 0.9968 -0.0205
vn -0.6467 0.3651 -0.6697
vn 0.0630 0.9956 0.0699
vn -0.0736 0.9970 -0.0240
vn 0.0844 -0.9960 0.0305
vn 0.8114 0.4194 0.4072
vn -0.8771 0.4452 -0.1805
vn -0.0631 0.9974 -0.0348
vn -0.0598 0.9975 -0.0381
vn -0.0560 0.9976 -0.0410
vn 0.0565 -0.9967 0.0586
vn 0.0884 -0.9957 0.0269
vn -0.9999 -0.0047 -0.0133
vn -1.0000 -0.0008 -0.0005
vn -1.0000 0.0001 -0.0005
vn -0.0967 0.0272 0.9949
vn -0.0015 -0.0175 0.9998
vn -0.1060 -0.0173 0.9942
vn -0.0015 0.0636 0.9980
vn -0.0990 -0.0173 0.9949
vn -0.9906 -0.0997 0.0938
vn -1.0000 0.0002 -0.0015
vn -0.9953 -0.0966 -0.0032
vn -0.0143 0.0128 -0.9998
vn -0.0047 0.0239 -0.9997
vn -0.0913 0.1107 -0.9896
vn 0.9928 0.0701 -0.0972
vn 1.0000 0.0015 0.0002
vn -0.0796 -0.9967 -0.0176
vn 0.0018 -0.9933 -0.1152
vn 0.0016 -0.9998 -0.0175
vn -0.9951 0.0701 -0.0695
vn -0.9967 -0.0294 -0.0762
vn -0.0106 0.9997 0.0211
vn 0.0025 0.9998 0.0181
vn -0.0015 0.9999 0.0165
vn 0.9947 0.0028 -0.1025
vn 0.9814 0.1921 0.0074
vn 0.9903 0.0569 -0.1269
vn -0.0018 0.9934 0.1151
vn -0.0722 0.9960 -0.0534
vn -0.0761 0.9959 0.0480
vn 0.9951 -0.0985 0.0004
vn 0.9954 0.0027 -0.0959
vn 1.0000 0.0010 0.0021
vn -0.0021 0.9998 0.0190
vn 0.1494 0.9749 0.1652
vn 0.0008 0.0181 -0.9998
vn 0.1860 -0.1686 -0.9680
vn -0.0554 -0.1405 -0.9885
vn -0.0052 0.0173 -0.9998
vn -0.6218 -0.1011 -0.7766
vn -0.7017 -0.0818 -0.7078
vn -0.5390 -0.1878 -0.8211
vn -0.0022 0.0886 0.9961
vn 0.0958 -0.0172 0.9952
vn -0.0021 -0.0175 0.9998
vn -1.0000 0.0003 -0.0014
vn -0.9950 0.0019 -0.0998
vn -0.9693 -0.1770 0.1709
vn -0.9851 0.0488 0.1650
vn 0.0211 0.9991 0.0361
vn -0.0065 0.9999 0.0140
vn 0.0855 0.9962 0.0137
vn -0.7038 -0.0005 -0.7104
vn -0.7596 0.0097 -0.6503
vn 0.6038 -0.5284 0.5968
vn 0.6034 -0.6143 0.5084
vn 0.7516 -0.4730 0.4598
vn 0.0015 0.0168 -0.9999
vn -0.0961 0.0174 -0.9952
vn -0.0954 0.1124 -0.9891
vn -1.0000 0.0012 -0.0014
vn -0.9960 -0.0898 -0.0030
vn -0.0016 0.9998 0.0178
vn -0.0018 0.9941 0.1087
vn -0.1068 0.9942 0.0147
vn -0.0268 0.9762 0.2153
vn -0.9953 0.0970 0.0001
vn 0.0729 -0.9863 -0.1477
vn 0.0995 -0.9949 -0.0172
vn -0.7045 0.7065 -0.0670
vn -0.5583 0.8295 0.0153
vn -0.7069 0.7073 0.0109
vn -1.0000 0.0001 -0.0013
vn -0.9785 -0.2051 -0.0231
vn -0.7414 0.6652 0.0879
vn -0.7608 0.6489 0.0097
vn -0.0497 -0.9987 0.0076
vn 0.0018 -0.9925 -0.1223
vn -0.0020 0.9999 0.0161
vn -0.0016 0.9968 -0.0798
vn -0.0988 0.9918 -0.0813
vn 0.0064 0.0305 -0.9995
vn 0.0021 0.0175 -0.9998
vn 0.0945 0.0174 -0.9954
vn -0.9996 -0.0214 0.0184
vn 0.1908 0.9816 -0.0001
vn 0.9964 -0.0198 -0.0820
vn 0.9950 0.0999 0.0020
vn -0.0015 -0.1159 0.9933
vn -0.1325 -0.0883 0.9872
vn -0.0759 0.7185 -0.6914
vn -0.0006 0.5728 -0.8197
vn 0.0012 0.7206 -0.6934
vn 0.5178 -0.6159 0.5937
vn 0.4687 -0.4795 0.7419
vn 0.0011 0.7747 -0.6324
vn -0.1006 0.7516 -0.6519
vn -0.1313 -0.9899 0.0539
vn -0.0001 -0.9998 -0.0175
vn -0.1061 -0.9942 -0.0175
vn 0.0009 0.1098 -0.9940
vn 0.0017 0.0109 -0.9999
vn 0.9893 -0.0680 -0.1293
vn 0.2377 0.2713 -0.9327
vn 0.4705 -0.7535 0.4592
vn 0.5760 -0.5878 0.5680
vn -0.9906 0.0977 -0.0961
vn -0.0983 -0.1145 0.9886
vn -0.2064 0.7381 -0.6423
vn -0.0973 0.7171 -0.6901
vn 0.0954 0.0801 0.9922
vn -0.0022 0.0805 0.9968
vn -0.7058 0.0174 -0.7082
vn -0.6044 0.0069 -0.7967
vn -0.7665 0.1683 -0.6198
vn -0.7032 0.7056 -0.0875
vn 0.0984 -0.9886 -0.1140
vn -0.7673 0.6234 -0.1503
vn 0.0028 1.0000 0.0059
vn -0.0879 0.9934 -0.0731
vn -0.0827 -0.0175 0.9964
vn -0.0559 0.1134 0.9920
vn -0.1061 0.1422 0.9841
vn 0.9906 0.0950 0.0987
vn 0.0222 -0.0044 -0.9997
vn 0.0991 -0.0796 -0.9919
vn 0.1007 0.0175 -0.9948
vn -0.0672 0.0867 -0.9940
vn 0.0325 0.0911 -0.9953
vn -0.9959 -0.0014 0.0906
vn -0.9999 0.0102 0.0034
vn -0.9954 -0.0015 0.0961
vn -0.9968 0.0744 0.0305
vn -0.0003 -0.9967 0.0808
vn -0.0984 -0.9950 -0.0175
vn 0.0968 0.9952 0.0174
vn 0.0303 0.9975 -0.0637
vn 0.0956 0.9889 0.1142
vn -0.0016 0.9998 0.0175
vn 0.0022 -0.0810 -0.9967
vn 0.0022 -0.0807 -0.9967
vn -0.0718 -0.0138 -0.9973
vn 0.9871 0.0183 -0.1592
vn -0.9922 0.0890 -0.0870
vn -0.0017 -0.9776 -0.2105
vn -0.1310 -0.9888 -0.0712
vn -0.1458 -0.9637 -0.2238
vn 0.9947 0.0831 -0.0598
vn 1.0000 -0.0001 -0.0093
vn 0.9947 0.0797 -0.0644
vn -0.3588 0.7357 -0.5745
vn -0.4495 0.6701 -0.5906
vn -0.4490 0.7048 -0.5492
vn 0.9961 -0.0707 0.0534
vn -0.2655 -0.6416 0.7197
vn -0.3571 -0.5818 0.7308
vn -0.2625 -0.6013 0.7547
vn 0.9945 0.0610 -0.0855
vn 0.9945 0.0647 -0.0819
vn -0.3576 0.7686 -0.5305
vn -0.4472 0.7366 -0.5074
vn -0.2682 -0.7944 0.5450
vn -0.3600 -0.8093 0.4642
vn -0.3632 -0.7678 0.5279
vn -0.2688 -0.7191 0.6408
vn -0.3626 -0.6571 0.6608
vn -0.2677 -0.6789 0.6837
vn 0.9947 0.0682 -0.0775
vn 0.9947 0.0720 -0.0734
vn 0.9962 -0.0657 0.0575
vn -0.3524 -0.5369 0.7666
vn -0.2584 -0.5542 0.7912
vn -0.3447 0.4971 -0.7963
vn -0.4397 0.5207 -0.7318
vn -0.3502 0.5428 -0.7634
vn -0.3537 0.5863 -0.7288
vn -0.4470 0.5993 -0.6640
vn -0.3571 0.6255 -0.6938
vn -0.3460 -0.4864 0.8023
vn -0.2529 -0.5019 0.8271
vn -0.3401 -0.4460 0.8279
vn -0.2475 -0.4593 0.8531
vn -0.3373 0.4214 -0.8418
vn -0.4274 0.4354 -0.7923
vn -0.3404 0.4532 -0.8239
vn 0.9943 0.0568 -0.0904
vn -0.3371 -0.4269 0.8391
vn -0.2456 -0.4396 0.8640
vn -0.3412 -0.4631 0.8180
vn -0.0424 -0.6505 0.7583
vn -0.2806 0.2153 -0.9354
vn -0.4221 0.4053 -0.8109
vn 0.9938 0.0484 -0.0999
vn 0.9941 0.0521 -0.0946
vn -0.3543 0.7990 -0.4860
vn -0.4442 0.7661 -0.4646
vn -0.3523 0.8243 -0.4432
vn -0.4403 0.7915 -0.4238
vn -0.2625 -0.8718 0.4136
vn -0.3521 -0.8588 0.3721
vn -0.3552 -0.8433 0.4033
vn 0.9960 -0.0744 0.0490
vn -0.3508 0.8405 -0.4128
vn -0.4370 0.8081 -0.3950
vn -0.3015 0.9355 -0.1842
vn -0.3967 0.8992 -0.1847
vn -0.2616 -0.8863 0.3822
vn -0.3613 -0.8039 0.4725
vn 0.9960 -0.0810 0.0375
vn -0.5207 0.6410 -0.5639
vn -0.5202 0.6740 -0.5245
vn -1.0000 0.0001 0.0093
vn -0.9971 0.0522 -0.0552
vn -0.3603 -0.6204 0.6966
vn -0.4371 -0.5596 0.7041
vn -0.9959 -0.0481 0.0768
vn -0.9957 -0.0452 0.0810
vn -0.5183 0.7047 -0.4845
vn -0.5153 0.7330 -0.4440
vn -0.3640 -0.6949 0.6202
vn -0.4448 -0.7030 0.5549
vn -0.4446 -0.6678 0.5969
vn -0.4426 -0.6322 0.6360
vn -0.3642 -0.7315 0.5764
vn -0.4433 -0.7383 0.5083
vn -0.4488 0.6346 -0.6292
vn -0.4441 0.5619 -0.6979
vn -0.5181 0.5736 -0.6345
vn -0.5156 0.5379 -0.6670
vn -0.4261 -0.4669 0.7749
vn -0.9959 -0.0520 0.0739
vn -0.4339 0.4771 -0.7643
vn -0.5106 0.4996 -0.6998
vn -0.5057 0.4575 -0.7314
vn -0.4146 -0.4120 0.8114
vn -1.0000 -0.0000 0.0093
vn -0.9955 -0.0407 0.0851
vn -0.4987 0.4183 -0.7592
vn -0.3753 0.2174 -0.9011
vn -0.4924 0.3901 -0.7780
vn -0.4543 -0.4291 0.7807
vn -0.9970 0.0673 -0.0372
vn -0.4409 -0.7779 0.4477
vn -0.4337 -0.8129 0.3887
vn -0.5103 0.7587 -0.4049
vn -0.5067 0.7745 -0.3785
vn -0.9967 0.0751 -0.0305
vn -0.9969 0.0705 -0.0335
vn -0.4283 -0.8293 0.3589
vn -0.4680 -0.7987 0.3783
vn -0.4695 0.8628 -0.1878
vn -0.2698 -0.7561 0.5962
vn 0.0651 0.9976 0.0218
vn -0.0376 0.9993 -0.0089
vn -0.1376 0.9902 -0.0252
vn -0.9961 -0.0643 0.0598
vn -0.9962 -0.0672 0.0555
vn -0.4408 -0.5961 0.6711
vn -0.9961 -0.0610 0.0635
vn 0.9956 -0.0871 0.0333
vn 0.9947 0.0760 -0.0689
vn -0.9961 -0.0753 0.0460
vn 0.0594 0.0333 -0.9977
vn 0.1558 -0.2435 -0.9573
vn -0.0434 0.0672 -0.9968
vn -0.1589 -0.1230 -0.9796
vn -0.1436 0.0856 -0.9859
vn -0.9971 0.0483 -0.0595
vn -0.3586 0.6625 -0.6577
vn -0.9972 0.0628 -0.0411
vn -0.5203 0.6069 -0.6008
vn 0.9955 0.0945 -0.0055
vn 0.9953 -0.0919 0.0307
vn 0.9935 0.1084 -0.0345
vn 0.9944 0.0908 -0.0534
vn -0.9957 0.0915 -0.0138
vn -0.9966 0.0777 -0.0284
vn -0.9957 -0.0813 0.0445
vn -0.9954 0.0958 0.0066
vn 1.0000 -0.0000 -0.0093
vn 0.9935 0.0461 -0.1038
vn 0.9961 -0.0599 0.0650
vn -0.4328 -0.5165 0.7389
vn -0.9968 0.0387 -0.0699
vn -1.0000 -0.0001 0.0094
vn 0.9961 -0.0637 0.0615
vn 0.9961 -0.0555 0.0687
vn -0.9960 -0.0591 0.0672
vn -0.2657 -0.8370 0.4783
vn -0.1838 0.1185 0.9758
vn -0.1020 0.0677 0.9925
vn -0.1804 0.1231 0.9759
vn -0.9962 -0.0706 0.0501
vn 1.0000 -0.0000 -0.0094
vn 0.9925 0.0299 -0.1181
vn 0.9956 -0.0464 0.0815
vn 0.9945 0.0016 -0.1045
vn -0.9952 -0.0408 0.0885
vn -0.9963 0.0086 -0.0853
vn -0.9995 -0.0315 -0.0071
vn -0.9962 0.0269 -0.0823
vn 0.2471 0.9598 0.1335
vn 0.4471 0.8866 0.1188
vn 0.9945 0.0881 -0.0559
vn -0.0768 0.9618 0.2628
vn -0.9970 0.0406 -0.0666
vn -0.3599 0.6991 -0.6178
vn -0.9960 -0.0550 0.0705
vn -0.9971 0.0435 -0.0629
vn 0.9960 -0.0510 0.0731
vn -0.4183 -0.4300 0.8001
vn -0.4500 0.2209 -0.8653
vn -0.9972 0.0546 -0.0517
vn -0.9972 0.0578 -0.0481
vn -0.9971 0.0615 -0.0449
vn 0.9961 -0.0770 0.0435
vn 0.9957 -0.0496 0.0776
vn -0.6883 0.5569 -0.4649
vn -0.6136 0.5674 -0.5492
vn -0.6486 0.5263 -0.5499
vn -0.0324 0.0047 0.9995
vn 0.6567 -0.7379 -0.1560
vn 0.6064 -0.7539 -0.2528
vn 0.6160 -0.7725 -0.1541
vn -0.1609 0.1440 0.9764
vn -0.1651 0.1402 0.9763
vn -0.7216 0.5134 -0.4645
vn -0.6809 0.4848 -0.5489
vn 0.8110 -0.5645 -0.1537
vn 0.8362 -0.4893 -0.2476
vn 0.7945 -0.5528 -0.2514
vn 0.7351 -0.6597 -0.1566
vn 0.6828 -0.6848 -0.2545
vn 0.6954 -0.7013 -0.1569
vn -0.1692 0.1367 0.9761
vn -0.1729 0.1319 0.9761
vn -0.0355 -0.0000 0.9994
vn 0.5577 -0.7913 -0.2505
vn 0.5652 -0.8107 -0.1527
vn -0.4498 0.7778 -0.4391
vn -0.4642 0.7080 -0.5322
vn -0.4948 0.7446 -0.4480
vn -0.5383 0.7103 -0.4535
vn -0.5425 0.6404 -0.5437
vn -0.5774 0.6755 -0.4585
vn 0.4913 -0.8355 -0.2461
vn 0.4969 -0.8549 -0.1489
vn 0.4288 -0.8707 -0.2408
vn 0.4335 -0.8892 -0.1462
vn -0.3740 0.8223 -0.4288
vn -0.3799 0.7686 -0.5147
vn -0.4059 0.8050 -0.4326
vn -0.1567 0.1483 0.9765
vn 0.3973 -0.8864 -0.2377
vn 0.4023 -0.9038 -0.1459
vn 0.4276 -0.8714 -0.2404
vn 0.4882 -0.8727 0.0120
vn -0.1805 0.9157 -0.3590
vn -0.3503 0.7872 -0.5075
vn -0.0946 0.0689 0.9931
vn -0.1360 0.1415 0.9805
vn -0.1507 0.1510 0.9770
vn -0.7524 0.4689 -0.4626
vn -0.7110 0.4425 -0.5465
vn -0.7788 0.4269 -0.4596
vn -0.7372 0.4021 -0.5429
vn 0.8885 -0.4345 -0.1475
vn 0.8858 -0.3972 -0.2400
vn 0.8703 -0.4284 -0.2428
vn -0.0284 0.0089 0.9996
vn -0.7954 0.3967 -0.4582
vn -0.7544 0.3737 -0.5397
vn -0.8976 0.1721 -0.4058
vn -0.8516 0.1666 -0.4970
vn 0.9037 -0.4022 -0.1467
vn 0.8305 -0.4987 -0.2481
vn -0.0215 0.0202 0.9996
vn -0.5771 0.5361 -0.6160
vn -0.6107 0.4971 -0.6164
vn 0.1020 -0.0677 -0.9925
vn 0.0516 -0.0029 -0.9987
vn 0.6456 -0.7202 -0.2541
vn 0.5928 -0.7317 -0.3363
vn 0.1469 -0.1367 -0.9797
vn 0.0944 -0.0678 -0.9932
vn 0.1314 -0.1452 -0.9806
vn -0.6420 0.4574 -0.6153
vn -0.6713 0.4177 -0.6123
vn 0.7210 -0.6446 -0.2544
vn 0.7382 -0.5843 -0.3371
vn 0.7028 -0.6261 -0.3378
vn 0.6660 -0.6649 -0.3383
vn 0.7579 -0.6011 -0.2533
vn 0.7735 -0.5377 -0.3356
vn -0.5778 0.6057 -0.5471
vn -0.5052 0.6741 -0.5389
vn -0.5097 0.6063 -0.6105
vn -0.4742 0.6389 -0.6057
vn 0.4810 -0.8127 -0.3290
vn 0.1519 -0.1314 -0.9796
vn 0.1012 -0.0681 -0.9925
vn -0.4211 0.7405 -0.5239
vn -0.4357 0.6721 -0.5987
vn -0.3947 0.7036 -0.5908
vn 0.3888 -0.8649 -0.3175
vn 0.0753 -0.0568 -0.9955
vn 0.1078 -0.1496 -0.9829
vn -0.3568 0.7325 -0.5798
vn -0.1765 0.8750 -0.4509
vn -0.3301 0.7529 -0.5693
vn 0.4050 -0.8395 -0.3622
vn 0.0355 -0.0208 -0.9992
vn 0.8143 -0.4767 -0.3310
vn 0.8484 -0.4183 -0.3244
vn -0.6969 0.3796 -0.6084
vn -0.7138 0.3528 -0.6050
vn 0.0281 -0.0276 -0.9992
vn 0.0327 -0.0247 -0.9992
vn 0.8638 -0.3887 -0.3206
vn 0.6827 -0.5882 -0.4336
vn -0.8082 0.1652 -0.5653
vn 0.7734 -0.6146 -0.1552
vn -0.9992 -0.0120 -0.0373
vn -0.9900 0.0127 -0.1405
vn -0.9707 0.0232 -0.2393
vn 0.1648 -0.1180 -0.9792
vn 0.1685 -0.1143 -0.9790
vn 0.6304 -0.6991 -0.3376
vn 0.1615 -0.1217 -0.9793
vn -0.0154 0.0246 0.9996
vn -0.1763 0.1274 0.9761
vn 0.1762 -0.1045 -0.9788
vn -0.0244 0.9997 0.0001
vn -0.0305 0.9840 0.1754
vn -0.0490 0.9930 -0.1072
vn 0.1534 0.9510 -0.2685
vn -0.0608 0.9764 -0.2072
vn 0.0549 0.0009 -0.9985
vn -0.6145 0.6397 -0.4616
vn 0.0385 -0.0169 -0.9991
vn -0.5436 0.5733 -0.6130
vn -0.1965 0.0644 0.9784
vn -0.0102 0.0267 0.9996
vn -0.2091 0.0929 0.9735
vn -0.1924 0.1125 0.9749
vn 0.0110 -0.0439 -0.9990
vn 0.0252 -0.0296 -0.9992
vn 0.1809 -0.1028 -0.9781
vn 0.0072 -0.0641 -0.9979
vn -0.0774 0.0625 0.9950
vn -0.1136 0.1091 0.9875
vn -0.0433 -0.0066 0.9990
vn -0.1012 0.0681 0.9925
vn 0.5458 -0.7683 -0.3343
vn 0.0250 0.0740 -0.9969
vn 0.0488 -0.0272 -0.9984
vn -0.0395 -0.0032 0.9992
vn -0.0466 -0.0086 0.9989
vn 0.1582 -0.1252 -0.9794
vn 0.8540 -0.4981 -0.1505
vn 0.1714 -0.1087 -0.9792
vn -0.0550 0.0415 0.9976
vn -0.0753 0.0687 0.9948
vn -0.0106 -0.0323 0.9994
vn -0.0436 0.1253 0.9912
vn 0.0858 -0.1344 -0.9872
vn 0.0283 0.0784 -0.9965
vn 0.0650 -0.0251 -0.9976
vn 0.0117 0.1415 -0.9899
vn -0.9813 -0.1085 0.1588
vn -0.9163 -0.1722 0.3617
vn -0.1886 0.1146 0.9753
vn -0.9999 -0.0002 0.0161
vn 0.0470 0.0288 -0.9985
vn -0.6517 0.5997 -0.4644
vn 0.1553 -0.1285 -0.9795
vn 0.0566 0.0070 -0.9984
vn -0.0422 -0.0074 0.9991
vn 0.4194 -0.8488 -0.3220
vn -0.1750 0.8396 -0.5142
vn 0.0483 -0.0063 -0.9988
vn 0.0454 -0.0099 -0.9989
vn 0.0417 -0.0131 -0.9990
vn -0.0253 0.0139 0.9996
vn -0.0270 -0.0132 0.9995
vn -0.8887 -0.4158 0.1932
vn -0.6697 -0.7184 0.1879
vn -0.8860 -0.3653 0.2856
vn -0.7947 -0.6049 0.0511
vn -0.3784 -0.9135 0.1497
vn -0.7139 -0.6582 0.2390
vn -0.3889 -0.8870 0.2488
vn 0.3035 -0.9358 0.1793
vn -0.2514 -0.9671 0.0395
vn 0.0040 -0.9996 0.0286
vn 0.3327 -0.9149 0.2285
vn -0.0019 -0.9894 0.1453
vn -0.5316 -0.8464 0.0314
vn 0.0017 -0.9789 0.2043
vn 0.6869 -0.4426 0.5764
vn 0.8690 -0.1678 0.4655
vn 0.6716 -0.2528 0.6964
vn 0.7305 -0.1455 0.6673
vn 0.7417 -0.4841 0.4642
vn 0.8608 -0.3224 0.3937
vn 0.4233 -0.7295 0.5373
vn 0.1622 -0.7245 -0.6699
vn 0.0430 -0.6064 -0.7940
vn 0.3673 -0.5176 -0.7727
vn 0.3217 -0.7204 -0.6144
vn 0.1477 -0.9101 -0.3871
vn 0.0334 -0.8429 -0.5370
vn 0.2425 -0.8831 -0.4016
vn 0.5198 0.0861 0.8499
vn 0.5622 -0.4522 0.6924
vn 0.6151 -0.2715 0.7402
vn 0.4705 -0.1643 0.8670
vn 0.4669 -0.4811 0.7419
vn 0.6240 -0.4133 0.6631
vn 0.5302 -0.7439 0.4068
vn 0.0493 -0.9632 -0.2641
vn 0.1949 -0.9380 0.2867
vn 0.0451 -0.9989 -0.0118
vn 0.1563 -0.9876 -0.0168
vn 0.2420 -0.9173 0.3163
vn 0.2108 -0.9774 -0.0164
vn -0.8627 0.4987 0.0843
vn -0.9746 0.2236 -0.0134
vn -0.9952 -0.0932 0.0310
vn -0.8314 0.5352 0.1490
vn -0.8634 0.5044 0.0101
vn -0.6912 0.7227 0.0062
vn -0.5176 0.8334 0.1940
vn 0.5441 0.7448 0.3862
vn 0.4872 0.5153 0.7051
vn 0.6914 0.6310 0.3518
vn 0.3004 0.9198 0.2525
vn 0.7006 0.4699 0.5370
vn 0.2750 0.9093 0.3124
vn 0.4027 0.8611 0.3105
vn -0.3191 0.9468 0.0419
vn 0.2105 0.9653 0.1544
vn -0.0449 0.9902 0.1321
vn 0.4578 0.8535 0.2491
vn -0.0521 0.9862 0.1572
vn 0.0871 0.4936 -0.8653
vn 0.2916 0.3897 -0.8736
vn -0.0312 0.2213 -0.9747
vn -0.0127 0.5024 -0.8646
vn 0.1557 -0.0125 -0.9877
vn 0.1752 0.8423 -0.5098
vn 0.0918 0.7765 -0.6234
vn 0.1377 0.9642 0.2265
vn 0.0192 0.9513 -0.3077
vn 0.0313 0.9995 0.0017
vn 0.2346 0.8514 0.4691
vn 0.1118 0.9933 -0.0288
vn -0.0174 0.7274 -0.6860
vn 0.2361 0.9200 0.3129
vn 0.1390 0.9897 -0.0352
vn 0.3469 0.7539 0.5580
vn 0.3414 0.6327 0.6951
vn 0.4368 0.4692 0.7675
vn 0.3731 0.7703 0.5171
vn 0.2972 0.9095 0.2907
vn 0.9061 0.2391 0.3490
vn 0.8539 0.5078 0.1142
vn 0.5958 0.5261 0.6068
vn 0.6547 0.6416 0.3996
vn 0.5493 0.8168 0.1765
vn 0.1030 0.4958 0.8623
vn 0.3437 0.2290 0.9107
vn 0.0694 0.1141 0.9910
vn 0.1637 0.8481 0.5039
vn 0.3851 0.6354 0.6693
vn 0.4166 0.7966 0.4380
vn 0.1884 0.9482 0.2557
vn 0.1270 0.9793 0.1579
vn 0.9506 0.1610 -0.2656
vn 0.8507 0.0233 -0.5251
vn -0.0707 0.3771 -0.9235
vn -0.0706 0.3770 -0.9235
vn -0.6706 0.7415 -0.0222
vn -0.6487 0.6697 -0.3616
vn -0.5669 0.7920 -0.2267
vn 0.3499 0.5604 -0.7507
vn 0.4493 0.3900 -0.8038
vn 0.2706 0.6637 -0.6973
vn 0.5140 0.2719 -0.8135
vn 0.7932 -0.1429 -0.5919
vn 0.5456 0.7576 -0.3583
vn 0.4770 0.7812 -0.4027
vn 0.5305 0.7565 -0.3825
vn -0.2193 0.8719 -0.4378
vn -0.2192 0.8719 -0.4378
vn -0.1069 0.7931 -0.5997
vn -0.1069 0.7930 -0.5997
vn 0.4516 0.8102 -0.3736
vn 0.7162 0.6769 0.1701
vn -0.1578 0.2575 0.9533
vn -0.0163 0.4718 0.8816
vn -0.6484 0.7100 0.2747
vn -0.5555 0.7549 0.3486
vn -0.4118 0.8176 0.4023
vn -0.2437 0.8938 0.3764
vn -0.2460 0.9009 0.3575
vn -0.7350 0.1146 -0.6683
vn -0.6409 0.4427 -0.6271
vn -0.7734 0.3027 -0.5570
vn 0.3889 0.4068 0.8266
vn 0.3890 0.4069 0.8265
vn 0.3891 0.4069 0.8265
vn -0.3174 0.8409 0.4383
vn -0.4858 -0.8489 -0.2084
vn -0.5820 -0.7918 -0.1856
vn -0.8291 -0.2046 -0.5203
vn -0.8291 -0.2047 -0.5203
vn -0.8799 -0.3378 -0.3341
vn -0.7344 0.5325 -0.4208
vn -0.6399 0.6562 -0.4000
vn -0.0980 0.6807 -0.7260
vn -0.4393 0.6406 -0.6298
vn -0.2913 0.5676 -0.7701
vn -0.6906 0.5737 -0.4403
vn -0.6259 -0.7563 0.1907
vn -0.6061 -0.7693 0.2019
vn 0.8340 -0.1429 -0.5329
vn 0.9069 -0.3476 -0.2381
vn 0.5909 -0.0310 -0.8062
vn 0.5270 -0.5151 -0.6760
vn 0.5948 -0.5831 -0.5533
vn 0.2786 -0.7097 -0.6471
vn 0.4813 -0.4747 -0.7369
vn 0.1619 -0.5345 -0.8295
vn 0.2382 -0.1770 -0.9549
vn 0.1450 -0.1051 -0.9838
vn 0.3240 -0.2661 -0.9079
vn 0.3539 -0.9018 -0.2482
vn 0.1540 -0.8230 -0.5468
vn -0.0534 -0.9974 -0.0484
vn -0.1575 -0.9695 -0.1877
vn -0.4354 0.9001 -0.0124
vn -0.4350 0.9003 -0.0127
vn -0.4352 0.9002 -0.0126
vn -0.5420 -0.2135 -0.8128
vn -0.5419 -0.2134 -0.8129
vn -0.8081 0.5796 -0.1049
vn -0.7421 0.6648 0.0861
vn 0.4763 -0.8777 0.0526
vn 0.4771 -0.8753 0.0791
vn 0.4464 -0.7495 0.4888
vn -0.5109 -0.8550 0.0890
vn -0.2451 -0.9119 0.3291
vn -0.8292 -0.5330 0.1685
vn -0.6484 -0.6632 0.3739
vn -0.5379 -0.6058 0.5862
vn -0.7963 -0.4359 0.4194
vn -0.9648 -0.1957 0.1758
vn -0.8613 -0.1933 0.4698
vn -0.9569 -0.1863 0.2229
vn -0.2455 -0.3609 0.8997
vn -0.5121 -0.1197 0.8505
vn -0.6485 -0.3982 0.6487
vn -0.6368 0.4199 0.6467
vn -0.4927 0.1864 0.8500
vn -0.4509 0.1282 0.8833
vn -0.8845 0.3310 0.3289
vn -0.7924 0.4441 -0.4182
vn -0.8647 0.3082 0.3967
vn -0.8205 0.5244 0.2273
vn -0.2898 0.7872 -0.5443
vn -0.4372 0.6544 -0.6169
vn -0.6329 -0.2058 0.7464
vn -0.6827 -0.1561 0.7138
vn -0.6907 -0.1478 0.7079
vn -0.5935 -0.2416 0.7677
vn 0.4911 0.8381 0.2377
vn 0.1191 0.9278 -0.3535
vn 0.6022 0.7508 0.2715
vn 0.3379 0.9252 -0.1728
vn 0.0854 0.7179 -0.6909
vn 0.4353 0.8957 -0.0909
vn 0.2175 0.9067 -0.3612
vn 0.8906 -0.3242 0.3191
vn 0.7876 -0.2026 0.5819
vn 0.7883 -0.5860 0.1873
vn 0.8917 -0.4427 0.0936
vn 0.8905 -0.1005 0.4438
vn 0.7484 -0.0249 0.6628
vn 0.9214 0.2858 -0.2632
vn 0.9214 0.2856 -0.2635
vn 0.8870 0.0847 -0.4540
vn 0.1374 0.4271 -0.8937
vn 0.6113 -0.2130 -0.7622
vn 0.3405 0.2085 -0.9168
vn 0.6086 -0.2476 -0.7539
vn 0.2168 0.3974 -0.8917
vn 0.4389 0.1254 -0.8897
vn -0.8446 -0.2524 0.4721
vn -0.9233 0.3616 0.1291
vn -0.3903 0.9103 0.1380
vn 0.2445 0.8343 0.4942
vn -0.1275 0.9188 -0.3735
vn -0.3921 0.9130 -0.1129
vn -0.1098 0.7130 -0.6925
vn -0.3665 0.8615 -0.3514
vn -0.7085 0.6986 -0.0997
vn -0.5799 0.5834 -0.5687
vn -0.6707 0.6703 -0.3177
vn -0.3862 0.1395 -0.9118
vn -0.1251 0.4004 -0.9078
vn -0.7034 0.1193 -0.7007
vn -0.3640 0.3748 -0.8527
vn -0.3288 0.6767 -0.6588
vn -0.9155 0.3841 -0.1199
vn -0.9139 0.1303 -0.3844
vn -0.8597 0.3647 -0.3575
vn -0.6697 0.3341 -0.6633
vn 0.2360 -0.4521 -0.8602
vn -0.3679 -0.1086 -0.9235
vn 0.2724 -0.6067 -0.7468
vn -0.2412 -0.3508 -0.9049
vn -0.6967 -0.1126 -0.7085
vn -0.4044 -0.4080 -0.8185
vn -0.6615 -0.3281 -0.6744
vn 0.2381 -0.9463 0.2189
vn 0.5837 -0.7892 0.1911
vn 0.2036 -0.7958 0.5703
vn 0.1048 -0.9488 0.2981
vn 0.3185 -0.9440 0.0862
vn 0.6599 -0.7512 0.0136
vn 0.0447 -0.9988 0.0221
vn -0.9175 -0.1193 -0.3795
vn -0.8285 -0.4994 0.2534
vn -0.8955 -0.3640 -0.2559
vn -0.7375 -0.6231 0.2604
vn -0.8071 -0.4146 -0.4203
vn 0.9816 0.1479 -0.1204
vn 0.8130 0.4924 -0.3107
vn 0.9048 0.4182 -0.0806
vn 0.9557 0.1805 -0.2325
vn 0.7550 0.5299 -0.3862
vn 0.7567 0.6059 -0.2456
vn 0.6474 0.7599 -0.0586
vn 0.6431 0.6398 -0.4207
vn -0.3574 0.4425 -0.8225
vn -0.5555 -0.0419 -0.8304
vn -0.6008 0.3068 -0.7382
vn -0.3694 0.5422 -0.7547
vn 0.2741 -0.0128 -0.9616
vn 0.0238 0.2046 -0.9785
vn 0.4007 -0.1156 -0.9089
vn -0.1173 0.6109 -0.7830
vn -0.1865 0.6396 -0.7457
vn 0.3243 0.9428 -0.0767
vn -0.1745 0.9394 -0.2950
vn 0.1167 0.9599 -0.2550
vn -0.4334 0.7225 -0.5386
vn 0.2329 0.9309 -0.2812
vn 0.0730 0.9332 -0.3520
vn 0.9201 0.3777 0.1035
vn 0.9203 0.0921 0.3803
vn 0.7032 0.7033 0.1042
vn 0.8483 0.3687 0.3801
vn 0.7028 0.0805 0.7068
vn 0.6594 0.6563 0.3667
vn 0.6595 0.3443 0.6683
vn 0.0948 0.9141 0.3942
vn 0.3774 0.9191 0.1135
vn 0.0896 0.6919 0.7164
vn 0.3714 0.8435 0.3880
vn 0.3530 0.6492 0.6737
vn 0.3766 0.0816 0.9228
vn 0.0952 0.3621 0.9273
vn 0.3717 0.3583 0.8565
vn -0.2851 0.5332 0.7965
vn -0.1624 0.1310 0.9780
vn -0.0835 0.4077 0.9093
vn -0.2577 0.8192 0.5123
vn -0.8580 0.1728 0.4837
vn -0.5599 0.5032 0.6582
vn -0.9205 0.0882 0.3807
vn -0.5499 0.8001 0.2398
vn -0.2894 0.9459 -0.1464
vn -0.0905 0.9383 0.3338
vn -0.5010 0.7717 -0.3918
vn -0.2562 0.9590 0.1212
vn -0.0705 0.7545 0.6525
vn -0.5337 0.8308 -0.1579
vn -0.7569 0.5529 -0.3485
vn -0.6954 0.4323 -0.5741
vn -0.8208 0.2278 -0.5238
vn -0.7637 0.5976 -0.2443
vn 0.9224 -0.3724 -0.1018
vn 0.9213 -0.0897 -0.3783
vn 0.9909 -0.0941 -0.0966
vn 0.7067 -0.7000 -0.1027
vn 0.8501 -0.3668 -0.3779
vn 0.7050 -0.0787 -0.7048
vn 0.6615 -0.6551 -0.3652
vn 0.6626 -0.3439 -0.6654
vn 0.0991 -0.9137 -0.3942
vn 0.3802 -0.9180 -0.1127
vn 0.0944 -0.6916 -0.7160
vn 0.3755 -0.8417 -0.3879
vn 0.3572 -0.6488 -0.6719
vn 0.3801 -0.0807 -0.9214
vn 0.0999 -0.3622 -0.9267
vn 0.3755 -0.3582 -0.8548
vn 0.9095 0.0391 -0.4139
vn 0.9702 0.2293 -0.0788
vn 0.8893 0.0279 -0.4564
vn 0.7434 0.0533 -0.6667
vn 0.3875 0.6174 -0.6846
vn 0.5599 0.5720 -0.5995
vn 0.7178 0.4819 -0.5024
vn 0.4505 0.4977 -0.7412
vn 0.2791 0.6825 -0.6755
vn -0.1801 0.2940 -0.9387
vn 0.3274 0.0840 -0.9411
vn -0.4047 0.5563 -0.7258
vn -0.2635 0.5443 -0.7965
vn 0.4467 0.0994 -0.8892
vn 0.6774 0.0455 -0.7342
vn -0.6859 0.7119 -0.1508
vn -0.6445 0.6957 -0.3171
vn -0.5472 0.6469 -0.5311
vn -0.1726 0.8505 -0.4968
vn -0.1726 0.8506 -0.4967
vn -0.1726 0.8505 -0.4969
vn -0.2917 0.5624 -0.7737
vn -0.8410 0.1007 -0.5316
vn -0.1018 -0.9790 -0.1767
vn -0.2797 -0.7778 -0.5628
vn -0.0786 -0.8948 -0.4396
vn -0.8542 -0.4826 -0.1935
vn -0.5537 -0.6422 -0.5300
vn -0.2516 -0.4838 -0.8382
vn -0.0647 -0.6260 -0.7772
vn -0.5446 -0.2120 -0.8115
vn -0.7551 0.3665 -0.5435
vn -0.8202 0.5310 -0.2128
vn -0.6941 0.5882 -0.4150
vn -0.5301 0.1877 -0.8269
vn -0.7609 0.2655 -0.5921
vn -0.0857 -0.3018 -0.9495
vn -0.2851 0.1790 -0.9416
vn -0.2508 -0.0887 -0.9640
vn -0.4981 0.4187 -0.7594
vn -0.5161 -0.7919 -0.3264
vn -0.1471 -0.9031 -0.4034
vn -0.4236 -0.9006 -0.0975
vn -0.8289 -0.4926 -0.2652
vn -0.4956 -0.7726 -0.3968
vn -0.8055 -0.2155 -0.5520
vn -0.9433 0.1688 -0.2857
vn -0.9429 -0.3193 -0.0950
vn -0.7653 0.4132 -0.4935
vn -0.9612 -0.0997 -0.2570
vn -0.7660 -0.6378 -0.0800
vn -0.8282 0.1828 -0.5298
vn -0.1439 0.5543 -0.8198
vn -0.5154 0.3589 -0.7782
vn -0.4226 0.5932 -0.6852
vn -0.1460 0.3878 -0.9101
vn -0.4959 0.2932 -0.8174
vn -0.0978 -0.9270 0.3622
vn -0.3786 -0.9220 0.0805
vn -0.0976 -0.9920 0.0799
vn -0.0927 -0.7161 0.6918
vn -0.3744 -0.8552 0.3583
vn -0.7042 -0.7056 0.0786
vn -0.3556 -0.6725 0.6491
vn -0.6623 -0.6666 0.3422
vn -0.3799 -0.1135 0.9180
vn -0.0982 -0.3943 0.9137
vn -0.7053 -0.1037 0.7013
vn -0.3740 -0.3878 0.8425
vn -0.6622 -0.3658 0.6540
vn -0.9203 -0.3810 0.0892
vn -0.9211 -0.1041 0.3751
vn -0.8498 -0.3796 0.3657
vn -0.2088 0.0317 0.9775
vn -0.5994 0.1745 0.7812
vn -0.5379 0.1001 0.8371
vn -0.3686 0.1521 0.9171
vn -0.5218 0.4573 0.7202
vn -0.7679 0.2038 0.6073
vn -0.7315 0.0853 0.6765
vn 0.7462 -0.6441 0.1683
vn 0.7463 -0.6439 0.1683
vn 0.7464 -0.6439 0.1683
vn -0.5093 0.7420 -0.4361
vn -0.2704 0.8588 -0.4351
vn -0.4595 0.6906 -0.5585
vn -0.6426 0.6197 -0.4505
vn -0.5214 0.8386 -0.1574
vn -0.9435 0.0611 0.3258
vn -0.9428 0.2816 -0.1783
vn -0.8065 0.1769 0.5642
vn -0.8911 0.3797 -0.2486
vn -0.7352 0.5102 -0.4462
vn 0.4007 -0.1686 -0.9006
vn 0.7079 -0.1757 -0.6841
vn 0.5979 -0.2597 -0.7583
vn 0.5965 -0.0328 -0.8020
vn 0.9073 -0.1508 -0.3924
vn 0.6433 -0.2236 -0.7323
vn 0.8778 -0.2499 -0.4086
vn 0.9355 -0.2065 0.2866
vn 0.9638 -0.0469 -0.2627
vn 0.9989 -0.0468 -0.0062
vn 0.9140 -0.2552 0.3154
vn 0.9866 -0.1621 -0.0169
vn 0.8409 -0.0262 -0.5405
vn 0.9757 -0.2187 -0.0168
vn 0.4423 -0.6082 0.6592
vn 0.1678 -0.5004 0.8494
vn 0.2458 -0.7261 0.6421
vn 0.1484 -0.6959 0.7026
vn 0.4828 -0.5008 0.7184
vn 0.3242 -0.4302 0.8425
vn 0.7278 -0.5639 0.3903
vn 0.7402 0.6478 0.1800
vn 0.6204 0.7815 0.0666
vn 0.5330 0.7510 0.3897
vn 0.7347 0.5896 0.3355
vn 0.9177 0.3663 0.1534
vn 0.8532 0.5196 0.0452
vn 0.8925 0.3755 0.2499
vn -0.0966 -0.8661 0.4904
vn 0.4474 -0.7188 0.5322
vn 0.2626 -0.7664 0.5863
vn 0.1531 -0.8867 0.4363
vn 0.4722 -0.7664 0.4355
vn 0.4066 -0.6932 0.5951
vn 0.7423 -0.4358 0.5090
vn 0.9682 0.2451 0.0495
vn 0.9341 -0.3112 0.1751
vn 0.9994 -0.0076 0.0352
vn 0.9891 -0.0089 0.1472
vn 0.9123 -0.3453 0.2200
vn 0.9794 -0.0061 0.2018
vn -0.4978 -0.0686 -0.8646
vn -0.2333 0.0534 -0.9709
vn -0.3834 -0.2703 -0.8831
vn 0.0028 -0.1385 -0.9904
vn -0.5120 0.0313 -0.8584
vn -0.7302 0.0316 -0.6825
vn -0.8380 -0.1643 -0.5204
vn -0.7546 -0.3674 0.5436
vn -0.4771 -0.4596 0.7491
vn -0.6328 -0.3656 0.6826
vn -0.9214 -0.2484 0.2989
vn -0.7758 -0.3904 0.4956
vn -0.9114 -0.3075 0.2734
vn -0.9500 -0.0131 -0.3120
vn -0.9656 -0.1461 0.2149
vn -0.9928 -0.1133 -0.0392
vn -0.8535 -0.2511 0.4565
vn -0.9889 -0.1407 -0.0476
vn -0.4782 0.8693 0.1250
vn -0.3680 0.8709 0.3259
vn -0.2043 0.9789 0.0076
vn -0.4886 0.8721 0.0250
vn 0.0316 0.9809 0.1920
vn -0.8313 0.5174 0.2029
vn -0.7669 0.6296 0.1242
vn -0.9673 -0.2123 0.1389
vn -0.9464 0.3204 0.0404
vn -0.9990 0.0144 0.0415
vn -0.8577 -0.4622 0.2253
vn -0.9917 0.0405 0.1221
vn -0.7154 0.6986 0.0155
vn -0.9233 -0.3054 0.2328
vn -0.9875 0.0486 0.1497
vn -0.7593 -0.5588 0.3335
vn -0.6428 -0.6956 0.3210
vn -0.4831 -0.7727 0.4116
vn -0.7787 -0.5129 0.3615
vn -0.9104 -0.2905 0.2947
vn 0.3594 0.6368 0.6821
vn 0.1558 0.7013 0.6956
vn 0.3690 0.7278 0.5780
vn 0.0123 0.8294 0.5585
vn 0.1022 0.4088 0.9069
vn 0.2197 0.9292 0.2973
vn 0.1991 0.4161 0.8872
vn 0.1396 0.5332 0.8344
vn 0.1458 -0.2674 0.9525
vn 0.0063 0.2932 0.9560
vn 0.0019 0.0403 0.9992
vn 0.1920 -0.3100 0.9311
vn 0.1090 0.0296 0.9936
vn -0.0066 0.5708 0.8211
vn 0.1615 0.0209 0.9866
vn 0.4916 -0.7022 0.5150
vn 0.4276 -0.8697 0.2466
vn 0.5183 -0.8536 -0.0518
vn 0.5512 -0.6856 0.4755
vn 0.4053 -0.7455 0.5291
vn 0.3610 -0.8441 0.3966
vn 0.4585 -0.4276 0.7791
vn -0.7257 -0.1457 0.6724
vn -0.8411 -0.0255 0.5403
vn -0.9111 -0.2643 0.3163
vn -0.7638 -0.2006 0.6134
vn -0.4595 -0.0968 0.8829
vn -0.6055 0.0079 0.7958
vn -0.4689 -0.1957 0.8613
vn 0.8020 -0.5933 0.0701
vn 0.6591 -0.5197 0.5436
vn 0.6693 -0.6474 0.3647
vn 0.8607 -0.4322 0.2691
vn 0.7103 -0.4114 0.5712
vn 0.7343 -0.6216 0.2729
vn 0.3550 -0.4668 0.8099
vn 0.4372 -0.4324 0.7886
vn -0.3433 0.0087 0.9392
vn 0.2114 -0.1218 0.9698
vn -0.0957 0.0235 0.9951
vn -0.0965 -0.0891 0.9913
vn 0.2423 -0.1686 0.9554
vn -0.0955 -0.1440 0.9850
vn 0.0944 0.8237 -0.5591
vn -0.0252 0.9520 -0.3051
vn 0.2912 0.8241 -0.4859
vn 0.1417 0.9850 -0.0987
vn -0.0001 0.8255 -0.5644
vn 0.0053 0.6426 -0.7662
vn 0.1921 0.4597 -0.8670
vn 0.3684 -0.6235 -0.6896
vn 0.4374 -0.8183 -0.3729
vn 0.3574 -0.7514 -0.5547
vn 0.2654 -0.3711 -0.8899
vn 0.3964 -0.5898 -0.7036
vn 0.3266 -0.3579 -0.8748
vn 0.0504 0.2733 -0.9606
vn 0.1699 -0.2662 -0.9488
vn 0.1439 -0.0127 -0.9895
vn 0.2636 -0.5227 -0.8107
vn 0.1708 -0.0088 -0.9853
vn -0.8163 -0.1255 -0.5638
vn -0.9988 -0.0438 0.0231
vn -0.9529 -0.0147 -0.3028
vn -0.8187 -0.0484 -0.5721
vn -0.7883 -0.1883 -0.5858
vn -0.4365 -0.2419 -0.8666
vn 0.3109 -0.1959 -0.9300
vn -0.2244 -0.0936 -0.9700
vn 0.0877 -0.0997 -0.9911
vn 0.5447 -0.2774 -0.7915
vn 0.0586 -0.1800 -0.9819
vn -0.6216 -0.0533 -0.7816
vn 0.3957 -0.2879 -0.8721
vn 0.0535 -0.2068 -0.9769
vn 0.6214 -0.4033 -0.6718
vn 0.7541 -0.3621 -0.5479
vn 0.5562 -0.7098 -0.4321
vn 0.7565 -0.5343 -0.3770
vn 0.3745 -0.3516 -0.8580
vn -0.4308 0.7408 0.5154
vn -0.9196 0.3421 -0.1931
vn -0.8643 0.4484 0.2278
vn -0.7002 0.0987 -0.7070
vn -0.9179 0.1288 -0.3753
vn -0.8917 0.4397 -0.1071
vn -0.8962 0.2256 -0.3821
vn 0.4607 0.7503 0.4741
vn 0.3092 0.8943 0.3235
vn 0.1795 0.7834 0.5950
vn 0.5806 0.7915 0.1908
vn 0.4332 0.8969 0.0894
vn 0.0762 0.8908 0.4480
vn -0.4309 0.7406 0.5157
vn -0.2896 0.9145 -0.2824
vn -0.2885 0.9146 -0.2834
vn -0.0837 0.8793 -0.4688
vn -0.7001 0.0987 -0.7072
vn -0.1920 0.3459 -0.9184
vn -0.3660 0.1342 -0.9209
vn 0.2447 0.5991 -0.7624
vn 0.2204 0.4547 -0.8629
vn -0.3766 0.2298 -0.8974
vn -0.1096 0.4414 -0.8906
vn -0.3167 -0.8966 -0.3095
vn -0.2989 -0.8961 -0.3281
vn -0.4693 -0.7596 -0.4502
vn -0.4429 -0.7596 -0.4762
vn -0.6692 -0.2395 -0.7034
vn -0.7321 0.0148 -0.6810
vn -0.6914 0.0172 -0.7223
vn -0.3336 -0.8961 -0.2927
vn -0.4924 -0.7599 -0.4244
vn -0.7088 -0.2421 -0.6626
vn -0.7685 0.0127 -0.6398
vn 0.2880 -0.9141 0.2853
vn 0.2696 -0.9140 0.3031
vn 0.4316 -0.7898 0.4359
vn 0.6121 -0.3315 0.7180
vn 0.6895 -0.0867 0.7191
vn 0.6553 -0.3319 0.6785
vn 0.2483 -0.9148 0.3186
vn 0.4047 -0.7868 0.4660
vn 0.5634 -0.3342 0.7555
vn 0.6436 -0.0867 0.7605
vn -0.2600 -0.8951 -0.3622
vn -0.2801 -0.8951 -0.3470
vn -0.3857 -0.7583 -0.5256
vn -0.6253 -0.2399 -0.7426
vn -0.6011 0.0174 -0.7990
vn -0.5812 -0.2378 -0.7783
vn -0.4160 -0.7576 -0.5029
vn -0.6466 0.0183 -0.7627
vn 0.3060 -0.9132 0.2691
vn 0.3216 -0.9129 0.2513
vn 0.4605 -0.7860 0.4125
vn 0.4831 -0.7860 0.3858
vn 0.7284 -0.3317 0.5995
vn 0.7314 -0.0879 0.6763
vn 0.7677 -0.0864 0.6349
vn 0.6942 -0.3316 0.6389
vn 0.3378 -0.9114 0.2349
vn 0.3528 -0.9109 0.2140
vn 0.5080 -0.7822 0.3607
vn 0.5324 -0.7803 0.3283
vn 0.7939 -0.3285 0.5117
vn 0.8018 -0.0893 0.5909
vn 0.8369 -0.0875 0.5404
vn 0.7598 -0.3333 0.5582
vn -0.3494 -0.8962 -0.2736
vn -0.5155 -0.7593 -0.3971
vn -0.7438 -0.2433 -0.6225
vn -0.8029 0.0129 -0.5960
vn -0.3665 -0.8951 -0.2539
vn -0.5397 -0.7569 -0.3684
vn -0.7785 -0.2402 -0.5798
vn -0.8366 0.0103 -0.5477
vn -0.3832 -0.8938 -0.2329
vn -0.5610 -0.7561 -0.3368
vn -0.8111 -0.2429 -0.5321
vn -0.8677 0.0044 -0.4970
vn -0.4018 -0.8904 -0.2140
vn -0.5857 -0.7482 -0.3117
vn -0.8408 -0.2463 -0.4821
vn -0.8937 0.0080 -0.4486
vn 0.3714 -0.9082 0.1929
vn 0.3853 -0.9059 0.1758
vn 0.5601 -0.7743 0.2947
vn 0.5791 -0.7697 0.2686
vn 0.8516 -0.3156 0.4185
vn 0.8711 -0.0882 0.4831
vn 0.8948 -0.0846 0.4384
vn 0.8266 -0.3262 0.4587
vn -0.4478 -0.8859 -0.1214
vn -0.3789 -0.9254 -0.0083
vn -0.8238 -0.5346 -0.1888
vn -0.7089 -0.7053 0.0022
vn -0.9793 -0.0612 -0.1931
vn -0.9312 -0.3644 0.0121
vn -0.1837 -0.9777 -0.1016
vn -0.6061 -0.7399 -0.2920
vn -0.8703 -0.2344 -0.4332
vn -0.9104 0.0087 -0.4137
vn -0.6207 -0.7296 -0.2871
vn -0.8879 -0.2274 -0.4000
vn 0.3973 -0.9020 0.1692
vn 0.5913 -0.7639 0.2585
vn 0.9048 -0.0805 0.4181
vn 0.8634 -0.3102 0.3978
vn 0.2212 -0.9144 0.3390
vn 0.3713 -0.7886 0.4902
vn 0.5021 -0.3304 0.7992
vn 0.5924 -0.0899 0.8006
vn 0.1989 -0.9106 0.3623
vn 0.3293 -0.7855 0.5240
vn 0.4432 -0.3272 0.8346
vn 0.5240 -0.0901 0.8469
vn -0.2233 -0.8899 -0.3977
vn -0.2404 -0.8937 -0.3788
vn -0.3341 -0.7502 -0.5706
vn -0.5347 -0.2350 -0.8117
vn -0.5098 0.0236 -0.8599
vn -0.4900 -0.2254 -0.8421
vn -0.3588 -0.7540 -0.5502
vn -0.5542 0.0200 -0.8321
vn 0.0005 -0.9178 -0.3970
vn 0.0007 -0.6901 -0.7237
vn 0.0002 -0.3462 -0.9382
vn -0.1232 -0.8810 -0.4568
vn -0.2167 -0.5194 -0.8266
vn -0.2379 -0.0248 -0.9710
vn 0.1890 -0.9056 0.3798
vn 0.2918 -0.7762 0.5589
vn 0.4120 -0.3150 0.8550
vn 0.4586 -0.0870 0.8844
vn 0.4266 -0.0791 0.9010
vn 0.2774 -0.7666 0.5791
vn 0.4046 -0.3187 0.8572
vn -0.2133 -0.8855 -0.4127
vn -0.4600 -0.2108 -0.8625
vn -0.3186 -0.7396 -0.5928
vn -0.4777 0.0292 -0.8780
vn -0.5015 0.6974 -0.5120
vn -0.5316 0.6964 -0.4821
vn -0.3632 0.8575 -0.3645
vn -0.3850 0.8569 -0.3429
vn -0.2019 0.9600 -0.1941
vn -0.2144 0.9596 -0.1824
vn -0.5594 0.6941 -0.4532
vn -0.4050 0.8558 -0.3217
vn -0.2254 0.9593 -0.1704
vn 0.4928 0.6357 0.5941
vn 0.5286 0.6346 0.5638
vn 0.3576 0.8251 0.4374
vn 0.3826 0.8257 0.4145
vn 0.1961 0.9486 0.2484
vn 0.2095 0.9490 0.2356
vn 0.4537 0.6353 0.6249
vn 0.3297 0.8244 0.4601
vn 0.1805 0.9485 0.2603
vn -0.4688 0.6979 -0.5414
vn -0.4366 0.6968 -0.5690
vn -0.3396 0.8577 -0.3861
vn -0.3163 0.8573 -0.4063
vn -0.1893 0.9599 -0.2070
vn -0.1758 0.9600 -0.2178
vn 0.5884 0.6360 0.4993
vn 0.5596 0.6371 0.5301
vn 0.4280 0.8247 0.3698
vn 0.4054 0.8265 0.3905
vn 0.2349 0.9487 0.2118
vn 0.2230 0.9488 0.2236
vn 0.6460 0.6306 0.4301
vn 0.6184 0.6306 0.4688
vn 0.4701 0.8227 0.3197
vn 0.4493 0.8231 0.3473
vn 0.2585 0.9481 0.1849
vn 0.2461 0.9486 0.1992
vn -0.5869 0.6903 -0.4230
vn -0.4255 0.8538 -0.3001
vn -0.2372 0.9584 -0.1585
vn -0.6133 0.6878 -0.3884
vn -0.4467 0.8509 -0.2764
vn -0.2494 0.9574 -0.1454
vn -0.6415 0.6805 -0.3541
vn -0.4683 0.8469 -0.2519
vn -0.2623 0.9559 -0.1320
vn -0.6664 0.6728 -0.3213
vn -0.4890 0.8418 -0.2288
vn -0.2755 0.9538 -0.1196
vn 0.7013 0.6173 0.3565
vn 0.6779 0.6236 0.3893
vn 0.5163 0.8130 0.2693
vn 0.4960 0.8178 0.2917
vn 0.2858 0.9451 0.1584
vn 0.2724 0.9471 0.1698
vn -0.9076 0.4181 -0.0379
vn -0.7544 0.6374 -0.1568
vn -0.6854 0.7279 -0.0218
vn -0.5556 0.8240 -0.1114
vn -0.3689 0.9295 -0.0024
vn -0.3174 0.9465 -0.0576
vn -0.6851 0.6646 -0.2983
vn -0.5070 0.8349 -0.2142
vn -0.2868 0.9514 -0.1122
vn 0.7145 0.6101 0.3425
vn 0.5282 0.8085 0.2596
vn 0.2938 0.9435 0.1535
vn 0.4041 0.6298 0.6634
vn 0.2943 0.8212 0.4889
vn 0.1614 0.9476 0.2757
vn 0.3572 0.6201 0.6985
vn 0.2622 0.8145 0.5175
vn 0.1455 0.9448 0.2937
vn -0.4035 0.6948 -0.5954
vn -0.3729 0.6910 -0.6192
vn -0.2925 0.8564 -0.4255
vn -0.2714 0.8531 -0.4456
vn -0.1632 0.9595 -0.2295
vn -0.1513 0.9586 -0.2414
vn -0.0587 0.4342 -0.8989
vn -0.0448 0.7392 -0.6720
vn -0.0243 0.9355 -0.3525
vn -0.1974 0.6657 -0.7197
vn -0.1465 0.8397 -0.5228
vn -0.0853 0.9530 -0.2906
vn 0.3343 0.6121 0.7166
vn 0.2477 0.8073 0.5356
vn 0.1384 0.9418 0.3065
vn -0.3516 0.6860 -0.6370
vn -0.2579 0.8484 -0.4623
vn -0.1446 0.9569 -0.2520
vn 0.8126 0.3507 0.4655
vn 0.4503 -0.1198 -0.8848
vn 0.4855 0.3492 0.8015
vn 0.9472 0.1826 -0.2635
vn 0.9472 0.1827 -0.2635
vn 0.0594 -0.2422 -0.9684
vn 0.6934 0.3583 0.6252
vn -0.9688 -0.2359 0.0759
vn 0.4475 0.3513 0.8224
vn -0.3951 0.9185 0.0134
vn -0.7179 0.6961 0.0096
vn -0.7142 0.6871 0.1337
vn -0.9274 0.3741 0.0045
vn -0.3799 0.0162 -0.9249
vn -0.9229 0.0068 -0.3850
vn -0.7048 0.0125 -0.7093
vn 0.2668 -0.6939 0.6688
vn 0.0251 -0.7620 0.6471
vn -0.8788 -0.3427 0.3321
vn 0.2058 -0.5959 0.7762
vn 0.0310 -0.6732 0.7388
vn 0.0684 -0.7194 0.6913
vn -0.5725 -0.5868 0.5726
vn 0.0001 0.3954 -0.9185
vn -0.0006 0.7183 -0.6958
vn -0.0012 0.9306 -0.3662
vn 0.5825 -0.1979 0.7884
vn 0.6832 -0.2637 0.6810
vn 0.6585 -0.0055 0.7526
vn 0.2564 0.7465 0.6140
vn 0.2900 0.9067 0.3062
vn 0.7054 -0.0497 0.7070
vn 0.6807 -0.6872 0.2537
vn 0.7500 -0.6614 0.0078
vn 0.3635 -0.3486 -0.8639
vn 0.6104 -0.6030 -0.5136
vn 0.7048 -0.7077 0.0488
vn 0.9169 0.3992 0.0056
vn 0.9085 0.4179 0.0057
vn 0.6728 0.7398 0.0101
vn 0.8888 0.4583 0.0062
vn 0.4334 0.9011 0.0123
vn 0.3261 0.9452 0.0128
vn 0.0843 0.9933 -0.0790
vn -0.1229 0.9924 0.0071
vn -0.0022 0.9292 0.3695
vn -0.0025 0.8168 0.5769
vn -0.0026 0.7106 0.7036
vn -0.0025 0.3806 0.9247
vn -0.3214 0.8945 -0.3108
vn -0.5364 0.7088 -0.4581
vn -0.5606 0.6127 -0.5570
vn -0.6582 0.3628 -0.6597
vn -0.6821 0.2556 -0.6851
vn -0.4645 0.7582 -0.4576
vn 0.9155 0.0080 -0.4024
vn 0.6844 0.0134 -0.7290
vn 0.3639 0.0166 -0.9313
vn 0.4559 0.0159 -0.8899
vn 0.0742 0.1182 -0.9902
vn 0.0023 -0.9079 -0.4192
vn 0.0025 -0.7470 -0.6649
vn 0.0025 -0.6726 -0.7400
vn 0.0026 -0.5487 -0.8360
vn 0.0025 -0.3500 -0.9368
vn -0.1324 0.0315 -0.9907
vn -0.3253 0.3427 -0.8813
vn -0.4318 0.4478 -0.7830
vn -0.5509 0.5633 -0.6158
vn -0.5306 0.5444 -0.6497
vn -0.6703 0.6769 -0.3043
vn -0.4444 0.4597 -0.7689
vn -0.9923 -0.0692 -0.1029
vn -0.9333 -0.3591 -0.0076
vn -0.7335 -0.6795 -0.0130
vn -0.8631 0.3430 -0.3706
vn -0.4076 -0.9130 -0.0169
vn -0.9840 -0.1170 0.1344
vn -0.9332 -0.0102 0.3593
vn -0.7289 -0.0118 0.6845
vn -0.4022 -0.0159 0.9154
vn -0.9921 0.1251 -0.0089
vn -0.8248 -0.0096 0.5653
vn -0.5188 -0.0148 0.8548
vn -0.9003 0.3133 -0.3021
vn -0.7955 0.4345 -0.4224
vn -0.6209 0.5852 -0.5215
vn -0.3110 0.6847 -0.6591
vn -0.8002 0.4321 -0.4158
vn 0.3814 0.9243 0.0162
vn 0.7056 0.7085 0.0125
vn 0.9230 0.3848 0.0069
vn -0.0025 0.3666 0.9304
vn -0.0026 0.6945 0.7195
vn -0.0023 0.9170 0.3989
vn -0.6719 0.3206 -0.6677
vn -0.5231 0.6816 -0.5116
vn -0.2820 0.9221 -0.2651
vn 0.3848 0.0165 -0.9229
vn 0.7085 0.0131 -0.7056
vn 0.9248 0.0077 -0.3804
vn 0.0025 -0.3663 -0.9305
vn 0.0026 -0.6943 -0.7196
vn 0.0023 -0.9169 -0.3991
vn -0.6521 0.6600 -0.3730
vn -0.4985 0.5126 -0.6991
vn -0.2686 0.2868 -0.9196
vn -0.3829 -0.9236 -0.0167
vn -0.7077 -0.7063 -0.0134
vn -0.9242 -0.3818 -0.0081
vn -0.3882 -0.0160 0.9214
vn -0.7106 -0.0121 0.7035
vn -0.9245 -0.0065 0.3812
vn -0.3812 0.6659 -0.6412
vn -0.7065 0.5089 -0.4917
vn -0.9243 0.2731 -0.2666
vn 0.9237 -0.0052 0.3830
vn 0.7059 -0.0112 0.7082
vn 0.7065 -0.0113 0.7076
vn 0.3813 -0.0154 0.9243
vn -0.8100 0.0088 -0.5864
vn -0.9247 -0.0081 0.3806
vn -0.9252 -0.0081 0.3795
vn -0.1628 -0.0175 0.9865
vn 0.3796 0.9248 0.0265
vn 0.3798 0.9247 0.0265
vn 0.3795 0.9248 0.0264
vn 0.9233 0.3838 0.0128
vn 0.8379 0.5453 0.0243
vn -0.3811 0.9243 0.0196
vn -0.1989 0.9796 0.0291
vn -0.5203 0.8510 -0.0713
vn -0.1602 -0.9869 -0.0176
vn -0.1578 -0.9735 -0.1653
vn -0.9227 -0.3854 -0.0086
vn -0.9176 -0.3831 -0.1058
vn -0.8096 0.5869 0.0085
vn -0.9228 -0.3853 -0.0086
vn -0.9214 -0.3886 -0.0086
vn -0.0014 -0.3991 0.9169
vn -0.0012 -0.7196 0.6944
vn -0.0012 -0.7192 0.6948
vn -0.0007 -0.9304 0.3667
vn -0.0023 0.4011 -0.9160
vn -0.0032 -0.9175 -0.3977
vn 0.0111 -0.3649 -0.9310
vn -0.0002 -0.9826 -0.1856
vn 0.9021 -0.0964 -0.4206
vn 0.7420 -0.1472 -0.6541
vn -0.3639 -0.2080 -0.9079
vn 0.9225 -0.0845 -0.3767
vn -0.3608 -0.2075 -0.9093
vn 0.3843 -0.9231 -0.0153
vn 0.7081 -0.7060 -0.0108
vn 0.9227 -0.3854 -0.0048
vn 0.7067 -0.7074 -0.0109
vn -0.0004 0.9163 0.4004
vn 0.0120 0.9152 0.4029
vn -0.0004 0.9163 0.4005
vn -0.0014 0.1423 0.9898
vn -0.0014 0.1449 0.9895
vn 0.0011 0.8246 -0.5657
vn 0.0099 0.9832 -0.1824
vn 0.0087 0.5484 0.8362
vn 0.0120 0.9169 0.3989
vn 0.8985 0.3070 -0.3138
vn 0.8992 0.3228 -0.2956
vn 0.7625 0.4564 -0.4587
vn 0.7638 0.4793 -0.4323
vn 0.2475 0.7232 -0.6447
vn -0.0104 0.7096 -0.7046
vn -0.0105 0.7474 -0.6643
vn 0.8985 0.2882 -0.3310
vn 0.7638 0.4272 -0.4839
vn 0.2458 0.6867 -0.6841
vn -0.0095 0.6681 -0.7440
vn 0.9119 -0.3113 0.2676
vn 0.9111 -0.3285 0.2490
vn 0.7842 -0.4678 0.4076
vn 0.3250 -0.7458 0.5815
vn 0.0802 -0.7465 0.6606
vn 0.3243 -0.7099 0.6252
vn 0.9116 -0.3430 0.2265
vn 0.7835 -0.4928 0.3784
vn 0.3236 -0.7822 0.5323
vn 0.0795 -0.7845 0.6150
vn 0.8989 0.3559 -0.2557
vn 0.8991 0.3403 -0.2754
vn 0.7636 0.5262 -0.3743
vn 0.2464 0.7608 -0.6003
vn -0.0103 0.8211 -0.5707
vn 0.2459 0.7953 -0.5541
vn 0.7636 0.5042 -0.4034
vn -0.0104 0.7859 -0.6182
vn 0.9118 -0.2941 0.2865
vn 0.9110 -0.2795 0.3033
vn 0.7835 -0.4428 0.4360
vn 0.7834 -0.4172 0.4606
vn 0.3262 -0.6330 0.7020
vn 0.0809 -0.7048 0.7048
vn 0.0825 -0.6646 0.7426
vn 0.3243 -0.6722 0.6656
vn 0.9108 -0.2620 0.3191
vn 0.9103 -0.2428 0.3352
vn 0.7825 -0.3905 0.4849
vn 0.7808 -0.3605 0.5103
vn 0.3261 -0.5440 0.7731
vn 0.0836 -0.6240 0.7769
vn 0.0856 -0.5709 0.8166
vn 0.3259 -0.5952 0.7346
vn 0.8974 0.2713 -0.3478
vn 0.7612 0.4032 -0.5079
vn 0.2469 0.6445 -0.7236
vn -0.0080 0.6249 -0.7807
vn 0.8963 0.2514 -0.3652
vn 0.7602 0.3738 -0.5313
vn 0.2454 0.6027 -0.7593
vn -0.0064 0.5785 -0.8156
vn 0.8940 0.2321 -0.3833
vn 0.7548 0.3469 -0.5567
vn 0.2460 0.5578 -0.7927
vn -0.0047 0.5289 -0.8486
vn 0.8906 0.2117 -0.4026
vn 0.7494 0.3185 -0.5805
vn 0.2445 0.5073 -0.8264
vn -0.0059 0.4820 -0.8761
vn 0.9086 -0.2211 0.3543
vn 0.9048 -0.2097 0.3706
vn 0.7766 -0.3268 0.5385
vn 0.7696 -0.3055 0.5607
vn 0.3187 -0.4542 0.8320
vn 0.0868 -0.5169 0.8517
vn 0.0846 -0.4724 0.8773
vn 0.3246 -0.4949 0.8060
vn 0.8840 0.1224 -0.4511
vn 0.9218 0.0062 -0.3876
vn 0.5324 0.2099 -0.8200
vn 0.6978 0.0119 -0.7162
vn 0.0546 0.2284 -0.9720
vn 0.3580 0.0163 -0.9336
vn 0.9777 0.0897 -0.1901
vn 0.7378 0.3036 -0.6029
vn 0.2373 0.4615 -0.8548
vn -0.0113 0.4481 -0.8939
vn 0.7299 0.2970 -0.6156
vn 0.2211 0.4301 -0.8753
vn 0.9024 -0.1999 0.3816
vn 0.7653 -0.2942 0.5724
vn 0.0823 -0.4527 0.8878
vn 0.3142 -0.4341 0.8443
vn 0.9106 -0.3623 0.1989
vn 0.7832 -0.5173 0.3449
vn 0.3218 -0.8229 0.4683
vn 0.0799 -0.8237 0.5614
vn 0.9050 -0.3874 0.1758
vn 0.7796 -0.5490 0.3013
vn 0.3149 -0.8567 0.4086
vn 0.0800 -0.8672 0.4915
vn 0.8950 0.3896 -0.2170
vn 0.8980 0.3718 -0.2352
vn 0.7556 0.5714 -0.3203
vn 0.2437 0.8269 -0.5068
vn -0.0120 0.8787 -0.4772
vn 0.2367 0.8557 -0.4601
vn 0.7609 0.5492 -0.3455
vn -0.0096 0.8522 -0.5231
vn 0.9268 0.3755 0.0061
vn 0.7029 0.7110 0.0207
vn 0.3627 0.9314 0.0317
vn 0.8876 0.4459 -0.1150
vn 0.5317 0.8251 -0.1913
vn 0.0395 0.9786 -0.2019
vn 0.9023 -0.3981 0.1657
vn 0.7672 -0.5856 0.2618
vn 0.3066 -0.8729 0.3796
vn 0.0754 -0.9028 0.4234
vn 0.0684 -0.9166 0.3939
vn 0.7588 -0.6024 0.2477
vn 0.3059 -0.8788 0.3662
vn 0.8908 0.4049 -0.2064
vn 0.2205 0.8762 -0.4285
vn 0.7463 0.5924 -0.3034
vn -0.0183 0.8960 -0.4437
vn -0.6925 0.5428 -0.4751
vn -0.6923 0.5139 -0.5065
vn -0.8543 0.3928 -0.3404
vn -0.8539 0.3723 -0.3637
vn -0.9580 0.2190 -0.1849
vn -0.9584 0.2063 -0.1973
vn -0.6910 0.4859 -0.5352
vn -0.8539 0.3513 -0.3839
vn -0.9579 0.1959 -0.2098
vn -0.6417 -0.6004 0.4772
vn -0.6415 -0.5707 0.5126
vn -0.8295 -0.4358 0.3492
vn -0.8295 -0.4137 0.3751
vn -0.9512 -0.2386 0.1959
vn -0.9511 -0.2266 0.2100
vn -0.6405 -0.6313 0.4372
vn -0.8294 -0.4576 0.3205
vn -0.9512 -0.2503 0.1803
vn -0.6928 0.5701 -0.4417
vn -0.6910 0.5968 -0.4078
vn -0.8544 0.4121 -0.3166
vn -0.8528 0.4328 -0.2922
vn -0.9582 0.2290 -0.1715
vn -0.9575 0.2412 -0.1583
vn -0.6383 -0.5096 0.5769
vn -0.6391 -0.5414 0.5463
vn -0.8272 -0.3704 0.4225
vn -0.8281 -0.3930 0.3998
vn -0.9500 -0.2041 0.2365
vn -0.9503 -0.2164 0.2237
vn -0.6305 -0.4442 0.6365
vn -0.6352 -0.4794 0.6056
vn -0.8226 -0.3246 0.4669
vn -0.8256 -0.3487 0.4436
vn -0.9488 -0.1781 0.2609
vn -0.9495 -0.1918 0.2481
vn -0.6891 0.4560 -0.5633
vn -0.8520 0.3309 -0.4058
vn -0.9574 0.1844 -0.2221
vn -0.6849 0.4238 -0.5926
vn -0.8505 0.3073 -0.4269
vn -0.9569 0.1715 -0.2344
vn -0.6801 0.3897 -0.6210
vn -0.8469 0.2837 -0.4497
vn -0.9561 0.1575 -0.2470
vn -0.6731 0.3577 -0.6473
vn -0.8419 0.2618 -0.4720
vn -0.9540 0.1479 -0.2610
vn -0.6165 -0.3718 0.6941
vn -0.6246 -0.4022 0.6694
vn -0.8131 -0.2739 0.5137
vn -0.8186 -0.2958 0.4923
vn -0.9450 -0.1526 0.2894
vn -0.9472 -0.1640 0.2754
vn -0.4261 0.0791 -0.9012
vn -0.6417 0.1963 -0.7414
vn -0.7343 0.0597 -0.6762
vn -0.8266 0.1465 -0.5434
vn -0.9327 0.0328 -0.3593
vn -0.9483 0.0859 -0.3055
vn -0.6659 0.3348 -0.6667
vn -0.8357 0.2474 -0.4903
vn -0.9519 0.1392 -0.2729
vn -0.6107 -0.3576 0.7065
vn -0.8083 -0.2649 0.5258
vn -0.9430 -0.1485 0.2979
vn -0.6384 -0.6660 0.3859
vn -0.8283 -0.4830 0.2839
vn -0.9514 -0.2625 0.1607
vn -0.6286 -0.7009 0.3370
vn -0.8199 -0.5147 0.2508
vn -0.9486 -0.2820 0.1438
vn -0.6881 0.6217 -0.3741
vn -0.6833 0.6448 -0.3426
vn -0.8511 0.4514 -0.2681
vn -0.8471 0.4711 -0.2461
vn -0.9568 0.2522 -0.1449
vn -0.9549 0.2658 -0.1326
vn -0.4195 0.9075 -0.0209
vn -0.7280 0.6855 -0.0124
vn -0.9291 0.3698 -0.0018
vn -0.6549 0.7377 -0.1642
vn -0.8327 0.5408 -0.1186
vn -0.9488 0.3093 -0.0648
vn -0.6202 -0.7194 0.3128
vn -0.8148 -0.5299 0.2353
vn -0.9454 -0.2960 0.1364
vn -0.6777 0.6616 -0.3209
vn -0.8423 0.4866 -0.2320
vn -0.9533 0.2747 -0.1257
vn -0.3658 -0.7331 0.5734
vn 0.1400 0.8658 0.4805
vn -0.3591 -0.8158 0.4533
vn -0.1592 0.2316 0.9597
vn -0.1591 0.2313 0.9598
vn 0.2197 0.9450 0.2423
vn -0.3614 -0.6387 0.6793
vn 0.0623 -0.4969 -0.8656
vn 0.1507 -0.2435 -0.9581
vn -0.3450 -0.5007 0.7939
vn 0.0849 -0.4409 -0.8935
vn -0.3925 0.3681 0.8429
vn -0.4102 0.3494 0.8424
vn -0.5245 0.5063 0.6846
vn -0.5500 0.4793 0.6840
vn -0.7370 0.6626 0.1330
vn -0.6948 0.7087 -0.1225
vn -0.7349 0.6664 -0.1260
vn -0.3753 0.3848 0.8432
vn -0.4993 0.5304 0.6852
vn -0.6977 0.7034 0.1359
vn -0.6547 0.7462 -0.1208
vn 0.2132 -0.2157 0.9529
vn 0.2297 -0.1962 0.9533
vn 0.3797 -0.3637 0.8506
vn 0.7012 -0.5657 0.4340
vn 0.7256 -0.6598 0.1954
vn 0.6637 -0.6095 0.4337
vn 0.2459 -0.1751 0.9533
vn 0.4042 -0.3338 0.8516
vn 0.7381 -0.5166 0.4340
vn 0.7654 -0.6128 0.1965
vn -0.4438 0.3101 0.8407
vn -0.4270 0.3297 0.8420
vn -0.5980 0.4215 0.6817
vn -0.7752 0.6177 0.1324
vn -0.8089 0.5741 -0.1266
vn -0.8095 0.5723 0.1313
vn -0.5747 0.4505 0.6832
vn -0.7739 0.6206 -0.1265
vn 0.1963 -0.2341 0.9522
vn 0.1799 -0.2498 0.9514
vn 0.3528 -0.3902 0.8504
vn 0.3279 -0.4150 0.8487
vn 0.5867 -0.6851 0.4317
vn 0.6841 -0.7029 0.1950
vn 0.6433 -0.7403 0.1950
vn 0.6244 -0.6496 0.4337
vn 0.1629 -0.2649 0.9504
vn 0.1432 -0.2790 0.9495
vn 0.3014 -0.4380 0.8470
vn 0.2709 -0.4627 0.8441
vn 0.4987 -0.7534 0.4285
vn 0.6004 -0.7757 0.1945
vn 0.5480 -0.8137 0.1940
vn 0.5458 -0.7190 0.4302
vn -0.3573 0.4018 0.8432
vn -0.4730 0.5546 0.6846
vn -0.6583 0.7401 0.1376
vn -0.6122 0.7820 -0.1169
vn -0.3378 0.4191 0.8428
vn -0.4444 0.5788 0.6838
vn -0.6167 0.7749 0.1386
vn -0.5650 0.8173 -0.1130
vn -0.3159 0.4344 0.8435
vn -0.4132 0.6007 0.6845
vn -0.5704 0.8090 0.1421
vn -0.5155 0.8500 -0.1086
vn -0.2894 0.4386 0.8508
vn -0.3821 0.6135 0.6911
vn -0.5214 0.8417 0.1402
vn -0.4683 0.8772 -0.1056
vn 0.1274 -0.2920 0.9479
vn 0.1249 -0.3121 0.9418
vn 0.2396 -0.4907 0.8377
vn 0.2216 -0.5188 0.8257
vn 0.3915 -0.8239 0.4098
vn 0.4805 -0.8557 0.1918
vn 0.4216 -0.8878 0.1843
vn 0.4412 -0.7931 0.4200
vn -0.1621 0.3963 0.9037
vn -0.0407 0.3959 0.9174
vn -0.2368 0.8208 0.5199
vn -0.0346 0.7328 0.6796
vn -0.2165 0.9762 -0.0113
vn -0.0226 0.9491 0.3143
vn -0.1549 0.1781 0.9717
vn -0.3529 0.6102 0.7093
vn -0.4726 0.8701 0.1402
vn -0.4333 0.8948 -0.1077
vn -0.3478 0.6232 0.7004
vn -0.4387 0.8891 0.1306
vn 0.1307 -0.3375 0.9322
vn 0.2210 -0.5437 0.8097
vn 0.3944 -0.9022 0.1747
vn 0.3670 -0.8414 0.3966
vn 0.2656 -0.1479 0.9527
vn 0.4305 -0.3016 0.8507
vn 0.7792 -0.4537 0.4324
vn 0.8043 -0.5606 0.1970
vn 0.2879 -0.1252 0.9494
vn 0.4633 -0.2584 0.8477
vn 0.8151 -0.3947 0.4241
vn 0.8485 -0.4909 0.1975
vn -0.4765 0.2714 0.8363
vn -0.4594 0.2897 0.8396
vn -0.6412 0.3678 0.6735
vn -0.8412 0.5251 0.1288
vn -0.8672 0.4811 -0.1281
vn -0.8697 0.4784 0.1209
vn -0.6202 0.3925 0.6792
vn -0.8408 0.5263 -0.1272
vn -0.4724 0.0502 0.8799
vn -0.7794 0.0247 0.6260
vn -0.9639 -0.0048 0.2662
vn -0.5328 0.1694 0.8291
vn -0.8727 0.2267 0.4325
vn -0.9751 0.2096 -0.0726
vn 0.3054 -0.1146 0.9453
vn 0.4961 -0.2205 0.8398
vn 0.8349 -0.3636 0.4133
vn 0.8847 -0.4249 0.1916
vn 0.9010 -0.3927 0.1840
vn 0.5165 -0.2057 0.8312
vn 0.8361 -0.3556 0.4177
vn -0.4919 0.2609 0.8306
vn -0.8884 0.4469 0.1047
vn -0.6610 0.3505 0.6634
vn -0.8838 0.4477 -0.1361
vn -0.4625 0.4366 -0.7717
vn -0.4343 0.4683 -0.7695
vn -0.2991 0.2925 -0.9083
vn -0.2781 0.3149 -0.9075
vn -0.1175 0.1302 -0.9845
vn -0.1051 0.1424 -0.9842
vn -0.4065 0.4966 -0.7669
vn -0.2583 0.3362 -0.9057
vn -0.0943 0.1546 -0.9835
vn 0.6574 -0.5170 -0.5481
vn 0.6272 -0.5525 -0.5490
vn 0.5140 -0.3997 -0.7590
vn 0.4915 -0.4248 -0.7602
vn 0.3322 -0.2526 -0.9088
vn 0.3198 -0.2663 -0.9093
vn 0.6878 -0.4774 -0.5468
vn 0.5358 -0.3710 -0.7584
vn 0.3445 -0.2373 -0.9083
vn -0.4913 0.4037 -0.7718
vn -0.5181 0.3703 -0.7710
vn -0.3203 0.2687 -0.9084
vn -0.3397 0.2446 -0.9082
vn -0.1292 0.1170 -0.9847
vn -0.1400 0.1033 -0.9847
vn 0.5659 -0.6156 -0.5484
vn 0.5959 -0.5860 -0.5491
vn 0.4480 -0.4712 -0.7598
vn 0.4694 -0.4495 -0.7600
vn 0.2963 -0.2917 -0.9095
vn 0.3078 -0.2797 -0.9094
vn 0.4942 -0.6770 -0.5454
vn 0.5343 -0.6439 -0.5477
vn 0.3961 -0.5173 -0.7586
vn 0.4252 -0.4920 -0.7597
vn 0.2675 -0.3182 -0.9095
vn 0.2837 -0.3030 -0.9098
vn -0.3767 0.5252 -0.7630
vn -0.2374 0.3576 -0.9032
vn -0.0827 0.1666 -0.9826
vn -0.3446 0.5541 -0.7578
vn -0.2143 0.3791 -0.9002
vn -0.0704 0.1796 -0.9812
vn -0.3112 0.5834 -0.7502
vn -0.1917 0.4034 -0.8947
vn -0.0587 0.1951 -0.9790
vn -0.2825 0.6142 -0.7369
vn -0.1763 0.4363 -0.8824
vn -0.0574 0.2274 -0.9721
vn 0.3810 -0.7566 -0.5315
vn 0.4370 -0.7199 -0.5393
vn 0.3066 -0.5867 -0.7495
vn 0.3523 -0.5540 -0.7543
vn 0.2052 -0.3648 -0.9082
vn 0.2386 -0.3422 -0.9088
vn -0.0462 0.8792 -0.4742
vn -0.1463 0.7252 -0.6729
vn -0.0221 0.6557 -0.7547
vn -0.1002 0.5586 -0.8234
vn 0.0045 0.3563 -0.9343
vn -0.0483 0.3648 -0.9298
vn -0.2661 0.6436 -0.7176
vn -0.1754 0.4798 -0.8597
vn -0.0716 0.2821 -0.9567
vn 0.3528 -0.7736 -0.5264
vn 0.2815 -0.6002 -0.7486
vn 0.1825 -0.3669 -0.9122
vn 0.7242 -0.4260 -0.5423
vn 0.5631 -0.3345 -0.7557
vn 0.3586 -0.2173 -0.9078
vn 0.7570 -0.3776 -0.5333
vn 0.5907 -0.3015 -0.7484
vn 0.3757 -0.2006 -0.9048
vn -0.5440 0.3373 -0.7683
vn -0.5677 0.3061 -0.7643
vn -0.3590 0.2207 -0.9069
vn -0.3779 0.1986 -0.9043
vn -0.1507 0.0899 -0.9845
vn -0.1635 0.0783 -0.9834
vn -0.8602 0.0019 -0.5100
vn -0.6073 -0.0261 -0.7940
vn -0.2726 -0.0502 -0.9608
vn -0.6656 0.1299 -0.7349
vn -0.4527 0.0728 -0.8887
vn -0.2106 0.0112 -0.9775
vn 0.7735 -0.3536 -0.5259
vn 0.6075 -0.2857 -0.7412
vn 0.3884 -0.1929 -0.9011
vn -0.5846 0.2846 -0.7597
vn -0.3948 0.1854 -0.8999
vn -0.1744 0.0716 -0.9821
vn 0.7570 -0.6024 -0.2531
vn 0.7488 -0.6124 -0.2536
vn -0.9654 -0.2198 0.1404
vn 0.4648 -0.8513 -0.2434
vn 0.4855 0.8717 0.0673
vn 0.5296 0.8464 0.0553
vn 0.5312 0.8455 0.0551
vn 0.4349 0.8968 0.0815
vn 0.4841 0.8723 0.0679
vn 0.7741 0.0780 -0.6282
vn 0.7742 0.0781 -0.6282
vn 0.4395 -0.7311 0.5218
vn 0.6072 0.7934 -0.0418
vn 0.6491 0.7592 0.0472
vn -0.6934 0.4985 -0.5203
vn -0.6934 0.4984 -0.5204
vn 0.4329 -0.4992 0.7506
vn 0.4329 -0.4991 0.7506
vn -0.6423 0.5884 -0.4911
vn -0.0202 0.9734 0.2281
vn 0.4988 -0.7036 0.5060
vn 0.7851 -0.5732 -0.2346
vn 0.8225 -0.2235 -0.5230
vn -0.6346 -0.6280 -0.4505
vn -0.8508 -0.4284 -0.3042
vn -0.6582 0.4625 0.5940
vn -0.7241 0.4371 -0.5335
vn 0.8841 0.4642 -0.0533
vn 0.1302 -0.4289 -0.8939
vn -0.8876 -0.4450 0.1187
vn -0.2678 0.3149 -0.9105
vn 0.2007 0.8840 -0.4222
vn 0.5307 0.3514 -0.7713
vn -0.3826 0.4118 -0.8271
vn 0.7058 -0.5301 0.4699
vn 0.5867 0.1954 0.7859
vn -0.7774 -0.0758 -0.6244
vn 0.1153 0.5714 -0.8125
vn 0.4900 -0.3362 -0.8043
vn 0.6604 0.7509 0.0051
vn -0.4725 0.8782 -0.0749
vn 0.0083 0.5362 0.8440
vn 0.0855 -0.4401 -0.8939
vn 0.4341 0.8971 0.0817
vt 0.119812 0.758602
vt 0.123736 0.748633
vt 0.125584 0.754213
vt 0.015201 0.874516
vt 0.015538 0.855390
vt 0.018779 0.873841
vt 0.129410 0.743816
vt 0.133137 0.732975
vt 0.134982 0.738547
vt 0.050927 0.810761
vt 0.047341 0.790575
vt 0.051567 0.790475
vt 0.145532 0.726943
vt 0.152158 0.726530
vt 0.147380 0.732522
vt 0.019321 0.891736
vt 0.022673 0.891027
vt 0.054801 0.887620
vt 0.054377 0.905205
vt 0.051523 0.887929
vt 0.051650 0.851083
vt 0.047037 0.831355
vt 0.050957 0.831149
vt 0.142240 0.738438
vt 0.136828 0.744119
vt 0.138546 0.727288
vt 0.140393 0.732863
vt 0.048614 0.770269
vt 0.052963 0.770248
vt 0.007874 0.756116
vt 0.011135 0.776076
vt 0.006703 0.776409
vt 0.006567 0.796427
vt 0.011544 0.815927
vt 0.007397 0.816427
vt 0.050940 0.748616
vt 0.055395 0.748676
vt 0.055313 0.719430
vt 0.059853 0.719527
vt 0.013525 0.713282
vt 0.014792 0.735061
vt 0.010138 0.735184
vt 0.150309 0.720948
vt 0.156613 0.720413
vt 0.062095 0.677491
vt 0.066709 0.677557
vt 0.069795 0.627631
vt 0.074447 0.627674
vt 0.018348 0.690766
vt 0.018264 0.713324
vt 0.159079 0.708299
vt 0.164887 0.707340
vt 0.160823 0.714064
vt 0.023929 0.907667
vt 0.027054 0.906947
vt 0.028980 0.922791
vt 0.031892 0.922078
vt 0.062263 0.926354
vt 0.067560 0.954828
vt 0.059559 0.926773
vt 0.127563 0.738241
vt 0.034451 0.937563
vt 0.037174 0.936828
vt 0.040451 0.951793
vt 0.042911 0.950873
vt 0.069889 0.954541
vt 0.073697 0.982095
vt 0.110392 0.757756
vt 0.115734 0.747603
vt 0.117773 0.753102
vt 0.019314 0.854806
vt 0.022347 0.873209
vt 0.029108 0.813140
vt 0.015713 0.795521
vt 0.029008 0.793035
vt 0.046844 0.810920
vt 0.043102 0.790703
vt 0.043650 0.770384
vt 0.031589 0.752067
vt 0.045845 0.748664
vt 0.026020 0.890364
vt 0.030176 0.906271
vt 0.047918 0.851327
vt 0.045933 0.870588
vt 0.044179 0.851610
vt 0.043110 0.831595
vt 0.049458 0.870271
vt 0.048235 0.888286
vt 0.013109 0.835902
vt 0.010866 0.796003
vt 0.015680 0.815462
vt 0.015150 0.795611
vt 0.046473 0.748574
vt 0.042533 0.790768
vt 0.029772 0.772949
vt 0.012423 0.755885
vt 0.015549 0.775773
vt 0.016952 0.755681
vt 0.057487 0.677432
vt 0.035035 0.727175
vt 0.050163 0.719535
vt 0.019427 0.734963
vt 0.023060 0.691242
vt 0.022961 0.713388
vt 0.065141 0.627588
vt 0.026463 0.890303
vt 0.034065 0.871676
vt 0.037077 0.889089
vt 0.051357 0.905624
vt 0.056851 0.927227
vt 0.034803 0.921402
vt 0.039884 0.936124
vt 0.040762 0.905709
vt 0.035249 0.921421
vt 0.030602 0.906229
vt 0.065238 0.955158
vt 0.072727 0.981815
vt 0.045313 0.949994
vt 0.052976 0.869996
vt 0.057771 0.970331
vt 0.059253 0.968876
vt 0.060756 0.967451
vt 0.045468 0.870622
vt 0.047796 0.888320
vt 0.042751 0.811111
vt 0.043674 0.851654
vt 0.100692 0.763059
vt 0.107026 0.752837
vt 0.131257 0.749391
vt 0.056429 0.927161
vt 0.053109 0.945361
vt 0.046018 0.924068
vt 0.176115 0.678294
vt 0.180662 0.664600
vt 0.177291 0.678584
vt 0.182023 0.665449
vt 0.178467 0.678875
vt 0.016126 0.775678
vt 0.009132 0.836466
vt 0.022815 0.873138
vt 0.031649 0.853011
vt 0.017076 0.835375
vt 0.089802 0.768669
vt 0.094098 0.759556
vt 0.100766 0.770254
vt 0.107291 0.766565
vt 0.045434 0.949891
vt 0.040393 0.936202
vt 0.064727 0.954754
vt 0.060595 0.966585
vt 0.163870 0.700283
vt 0.168894 0.700156
vt 0.148460 0.715367
vt 0.154764 0.714832
vt 0.044249 0.770316
vt 0.023770 0.713027
vt 0.040296 0.695660
vt 0.143684 0.721364
vt 0.152916 0.709251
vt 0.029990 0.833314
vt 0.042583 0.831649
vt 0.057383 0.904832
vt 0.173683 0.835189
vt 0.184143 0.875234
vt 0.183319 0.876031
vt 0.050913 0.905652
vt 0.169645 0.689963
vt 0.172736 0.692971
vt 0.170396 0.679768
vt 0.175879 0.678532
vt 0.056833 0.677898
vt 0.045918 0.660753
vt 0.064335 0.629117
vt 0.027871 0.691758
vt 0.073683 0.982066
vt 0.073827 0.983174
vt 0.113760 0.762676
vt 0.073729 0.981142
vt 0.020102 0.734771
vt 0.011751 0.856014
vt 0.042205 0.811172
vt 0.017552 0.755565
vt 0.038039 0.655717
vt 0.157334 0.702534
vt 0.050775 0.719342
vt 0.041857 0.657672
vt 0.027659 0.691721
vt 0.016228 0.815375
vt 0.017598 0.835291
vt 0.019806 0.854728
vt 0.121887 0.743053
vt 0.162854 0.693226
vt 0.133945 0.792520
vt 0.088292 0.860563
vt 0.137890 0.774251
vt 0.094412 0.940474
vt 0.133448 0.909488
vt 0.134123 0.910284
vt 0.095457 0.938443
vt 0.132776 0.908692
vt 0.161746 0.880303
vt 0.128181 0.871224
vt 0.143290 0.848296
vt 0.265930 0.929221
vt 0.197451 0.971437
vt 0.196233 0.966680
vt 0.168512 0.785165
vt 0.174775 0.834866
vt 0.262688 0.929089
vt 0.218090 0.909404
vt 0.218477 0.908424
vt 0.111423 0.866691
vt 0.124851 0.816320
vt 0.275278 0.895220
vt 0.240972 0.819515
vt 0.289264 0.908415
vt 0.148654 0.925004
vt 0.120351 0.964030
vt 0.118324 0.965078
vt 0.222074 0.872896
vt 0.222071 0.836490
vt 0.258479 0.872844
vt 0.178348 0.896020
vt 0.150241 0.926358
vt 0.149447 0.925683
vt 0.155768 0.769885
vt 0.245278 0.815318
vt 0.100576 0.971177
vt 0.198809 0.976727
vt 0.082685 0.976843
vt 0.284382 0.926256
vt 0.168756 0.785049
vt 0.235703 0.824411
vt 0.170329 0.787533
vt 0.224586 0.887076
vt 0.184262 0.875356
vt 0.224799 0.886043
vt 0.170357 0.882571
vt 0.137167 0.921600
vt 0.135543 0.915718
vt 0.082975 0.859045
vt 0.142286 0.755053
vt 0.183201 0.876271
vt 0.168210 0.833433
vt 0.173497 0.835169
vt 0.236855 0.823471
vt 0.272606 0.893276
vt 0.231542 0.789386
vt 0.301475 0.773315
vt 0.292994 0.842705
vt 0.176724 0.889134
vt 0.137342 0.921776
vt 0.175474 0.884094
vt 0.157332 0.835906
vt 0.153355 0.839814
vt 0.226092 0.892730
vt 0.224611 0.887267
vt 0.162120 0.831545
vt 0.142636 0.754952
vt 0.161876 0.831603
vt 0.178235 0.894863
vt 0.178514 0.895977
vt 0.196155 0.966370
vt 0.120454 0.964231
vt 0.195842 0.965088
vt 0.088185 0.958401
vt 0.082391 0.976605
vt 0.265099 0.929351
vt 0.262690 0.929337
vt 0.265114 0.929096
vt 0.218862 0.907441
vt 0.179191 0.880254
vt 0.227644 0.898926
vt 0.175532 0.883887
vt 0.117682 0.965548
vt 0.143206 0.923494
vt 0.148478 0.924933
vt 0.164918 0.881072
vt 0.303842 0.922572
vt 0.170115 0.787653
vt 0.175866 0.834548
vt 0.163546 0.880788
vt 0.164650 0.881091
vt 0.093399 0.862017
vt 0.133668 0.795905
vt 0.094698 0.862364
vt 0.240022 0.719996
vt 0.170089 0.736068
vt 0.095255 0.938341
vt 0.094203 0.940348
vt 0.164697 0.880920
vt 0.152213 0.840279
vt 0.153203 0.839932
vt 0.227572 0.899168
vt 0.223067 0.903507
vt 0.178062 0.894907
vt 0.303698 0.922924
vt 0.309956 0.703925
vt 0.257680 0.760899
vt 0.175324 0.883941
vt 0.162478 0.880492
vt 0.096111 0.936605
vt 0.095982 0.862709
vt 0.185053 0.874581
vt 0.225008 0.885013
vt 0.234562 0.825343
vt 0.171705 0.789632
vt 0.270823 0.892070
vt 0.195531 0.963820
vt 0.178786 0.897051
vt 0.260554 0.929358
vt 0.168206 0.784429
vt 0.237103 0.823256
vt 0.272464 0.893484
vt 0.274521 0.894868
vt 0.270704 0.892244
vt 0.184938 0.874463
vt 0.178087 0.894638
vt 0.178571 0.898171
vt 0.187010 0.932000
vt 0.159493 0.929790
vt 0.191223 0.948889
vt 0.140433 0.961378
vt 0.134193 0.910461
vt 0.093937 0.941121
vt 0.129855 0.898692
vt 0.097994 0.917064
vt 0.163591 0.880623
vt 0.151228 0.840627
vt 0.185648 0.836524
vt 0.185663 0.800135
vt 0.185633 0.872949
vt 0.209937 0.848631
vt 0.218988 0.907293
vt 0.210307 0.917296
vt 0.242012 0.936401
vt 0.122074 0.963175
vt 0.093086 0.861930
vt 0.133919 0.795917
vt 0.134024 0.793425
vt 0.133785 0.798058
vt 0.133954 0.671319
vt 0.130725 0.681456
vt 0.127953 0.675718
vt 0.415644 0.790717
vt 0.412276 0.811223
vt 0.411612 0.790876
vt 0.124888 0.686295
vt 0.121989 0.697328
vt 0.119220 0.691598
vt 0.372203 0.853349
vt 0.374897 0.872687
vt 0.370979 0.872658
vt 0.108689 0.703305
vt 0.101238 0.703623
vt 0.105917 0.697567
vt 0.414013 0.770754
vt 0.410063 0.770983
vt 0.372471 0.770884
vt 0.374595 0.749896
vt 0.376329 0.770804
vt 0.373439 0.812013
vt 0.377081 0.832945
vt 0.373061 0.832944
vt 0.111017 0.691596
vt 0.116452 0.685868
vt 0.116556 0.703061
vt 0.113787 0.697329
vt 0.373173 0.890951
vt 0.369367 0.890893
vt 0.406940 0.905872
vt 0.406425 0.888438
vt 0.410352 0.888668
vt 0.413023 0.870687
vt 0.410872 0.851636
vt 0.414943 0.851709
vt 0.370787 0.909282
vt 0.367139 0.909186
vt 0.366945 0.932267
vt 0.363522 0.932170
vt 0.398011 0.939022
vt 0.399128 0.922216
vt 0.402809 0.922585
vt 0.104010 0.709362
vt 0.096939 0.709811
vt 0.361721 0.962299
vt 0.358694 0.962361
vt 0.358877 0.991808
vt 0.357002 0.992435
vt 0.392442 0.954941
vt 0.394477 0.938557
vt 0.095622 0.722167
vt 0.089163 0.723056
vt 0.092945 0.716241
vt 0.411567 0.751371
vt 0.407726 0.751657
vt 0.408336 0.732104
vt 0.404612 0.732434
vt 0.367081 0.722548
vt 0.363885 0.684459
vt 0.370593 0.722337
vt 0.127657 0.692028
vt 0.404351 0.712504
vt 0.400743 0.712920
vt 0.399377 0.692945
vt 0.395982 0.693679
vt 0.360689 0.684549
vt 0.359123 0.644962
vt 0.144722 0.672333
vt 0.139911 0.682636
vt 0.136933 0.676978
vt 0.408211 0.811298
vt 0.407595 0.791022
vt 0.393575 0.852411
vt 0.404485 0.870421
vt 0.391978 0.871454
vt 0.376192 0.853363
vt 0.378822 0.872735
vt 0.377515 0.890995
vt 0.386880 0.907169
vt 0.374966 0.909353
vt 0.406127 0.771194
vt 0.403896 0.751920
vt 0.377450 0.811994
vt 0.381151 0.791100
vt 0.381466 0.811969
vt 0.381106 0.832947
vt 0.377188 0.791157
vt 0.380198 0.770701
vt 0.411998 0.831684
vt 0.409009 0.870536
vt 0.406816 0.851570
vt 0.405012 0.870399
vt 0.374446 0.909411
vt 0.379348 0.872698
vt 0.389795 0.889483
vt 0.403128 0.905569
vt 0.402518 0.888229
vt 0.399333 0.905291
vt 0.364742 0.962297
vt 0.382724 0.926923
vt 0.370882 0.932243
vt 0.395464 0.921875
vt 0.389152 0.954214
vt 0.390975 0.938120
vt 0.360350 0.991285
vt 0.405609 0.771196
vt 0.394456 0.791134
vt 0.393231 0.771058
vt 0.378323 0.749716
vt 0.374111 0.722101
vt 0.400898 0.732743
vt 0.397159 0.713315
vt 0.391149 0.750960
vt 0.400351 0.732643
vt 0.403384 0.751902
vt 0.367077 0.684329
vt 0.360702 0.645447
vt 0.392671 0.694383
vt 0.373231 0.791200
vt 0.380000 0.664977
vt 0.377656 0.666645
vt 0.375299 0.668285
vt 0.381675 0.791103
vt 0.380714 0.770707
vt 0.380186 0.853387
vt 0.382009 0.811962
vt 0.155059 0.667060
vt 0.149132 0.677418
vt 0.122118 0.680562
vt 0.374632 0.722234
vt 0.381624 0.699101
vt 0.387371 0.727606
vt 0.375989 0.977341
vt 0.359548 0.992092
vt 0.373834 0.975706
vt 0.359203 0.990706
vt 0.371658 0.974118
vt 0.402001 0.888256
vt 0.416092 0.831681
vt 0.407069 0.791031
vt 0.394934 0.811662
vt 0.407919 0.831687
vt 0.166705 0.661491
vt 0.162950 0.670748
vt 0.154098 0.659697
vt 0.147160 0.663369
vt 0.392499 0.694473
vt 0.396520 0.713118
vt 0.367679 0.684871
vt 0.375310 0.669379
vt 0.091173 0.730292
vt 0.085501 0.730343
vt 0.106783 0.715102
vt 0.099711 0.715550
vt 0.376990 0.891036
vt 0.390349 0.938317
vt 0.377291 0.949961
vt 0.111461 0.709042
vt 0.102484 0.721290
vt 0.394600 0.832297
vt 0.381647 0.832929
vt 0.370884 0.750050
vt 0.113408 0.667097
vt 0.111743 0.674037
vt 0.108539 0.670520
vt 0.378863 0.749733
vt 0.085890 0.740760
vt 0.082026 0.737634
vt 0.086279 0.751178
vt 0.080222 0.752357
vt 0.365313 0.961787
vt 0.371702 0.973056
vt 0.359773 0.990896
vt 0.385765 0.953407
vt 0.359932 0.644614
vt 0.360648 0.642699
vt 0.140309 0.667245
vt 0.359433 0.646096
vt 0.394916 0.921980
vt 0.416357 0.811141
vt 0.380718 0.853359
vt 0.398821 0.905333
vt 0.098299 0.728092
vt 0.370371 0.932401
vt 0.385942 0.953527
vt 0.406278 0.851588
vt 0.407381 0.831704
vt 0.407679 0.811312
vt 0.133497 0.687195
vt 0.093182 0.737529
vt 0.367266 0.785921
vt 0.364123 0.806409
vt 0.363247 0.786121
vt 0.107076 0.677734
vt 0.105818 0.685231
vt 0.102619 0.681720
vt 0.324681 0.848984
vt 0.327708 0.868235
vt 0.323804 0.868277
vt 0.094566 0.690341
vt 0.087889 0.691216
vt 0.091362 0.686825
vt 0.365445 0.766035
vt 0.361511 0.766301
vt 0.324005 0.766512
vt 0.325994 0.745548
vt 0.327858 0.766403
vt 0.325351 0.807633
vt 0.329253 0.828520
vt 0.325234 0.828574
vt 0.095225 0.682451
vt 0.099420 0.678208
vt 0.101626 0.689478
vt 0.098426 0.685965
vt 0.326329 0.886442
vt 0.322551 0.886440
vt 0.360121 0.900619
vt 0.359315 0.883359
vt 0.363213 0.883524
vt 0.365603 0.865634
vt 0.363207 0.846709
vt 0.367261 0.846730
vt 0.324180 0.904843
vt 0.320575 0.904741
vt 0.320173 0.928858
vt 0.316807 0.928670
vt 0.352051 0.933522
vt 0.352731 0.916926
vt 0.356372 0.917207
vt 0.091093 0.694734
vt 0.084774 0.695661
vt 0.314062 0.961329
vt 0.311103 0.961254
vt 0.310201 0.993376
vt 0.308555 0.993888
vt 0.347155 0.949398
vt 0.348552 0.933173
vt 0.085105 0.703919
vt 0.079391 0.705048
vt 0.081964 0.700236
vt 0.362833 0.746750
vt 0.359012 0.747067
vt 0.359458 0.727610
vt 0.355759 0.727968
vt 0.318392 0.718349
vt 0.315112 0.680575
vt 0.321883 0.718127
vt 0.110276 0.681247
vt 0.355348 0.708177
vt 0.351771 0.708616
vt 0.350277 0.688823
vt 0.346919 0.689573
vt 0.311954 0.680666
vt 0.310431 0.641795
vt 0.123236 0.666800
vt 0.120166 0.673990
vt 0.116787 0.670544
vt 0.360070 0.806528
vt 0.359242 0.786307
vt 0.345987 0.847718
vt 0.357112 0.865492
vt 0.344686 0.866714
vt 0.328665 0.848934
vt 0.331617 0.868212
vt 0.330638 0.886423
vt 0.340205 0.902394
vt 0.328355 0.904919
vt 0.357590 0.766546
vt 0.355200 0.747361
vt 0.329361 0.807568
vt 0.332845 0.786642
vt 0.333376 0.807498
vt 0.333274 0.828468
vt 0.328885 0.786736
vt 0.331720 0.766272
vt 0.364081 0.826816
vt 0.361611 0.865540
vt 0.359168 0.846697
vt 0.357636 0.865463
vt 0.327811 0.904978
vt 0.332130 0.868165
vt 0.342820 0.884686
vt 0.356344 0.900390
vt 0.355435 0.883216
vt 0.352583 0.900187
vt 0.317016 0.961458
vt 0.336110 0.922656
vt 0.324062 0.928908
vt 0.349104 0.916673
vt 0.343867 0.948861
vt 0.345078 0.932850
vt 0.311518 0.992992
vt 0.357073 0.766553
vt 0.346133 0.786549
vt 0.344729 0.766524
vt 0.329710 0.745346
vt 0.325378 0.717878
vt 0.352068 0.728303
vt 0.348217 0.709033
vt 0.342498 0.746503
vt 0.351524 0.728206
vt 0.354690 0.747347
vt 0.318265 0.680443
vt 0.311931 0.642285
vt 0.343644 0.690292
vt 0.324930 0.786816
vt 0.330911 0.661280
vt 0.328616 0.662946
vt 0.326308 0.664582
vt 0.333370 0.786641
vt 0.332236 0.766273
vt 0.332651 0.848894
vt 0.333920 0.807485
vt 0.131906 0.662416
vt 0.127837 0.669741
vt 0.103875 0.674220
vt 0.325899 0.718009
vt 0.332731 0.695029
vt 0.338587 0.723284
vt 0.328693 0.975473
vt 0.310736 0.993604
vt 0.326442 0.974062
vt 0.310296 0.992412
vt 0.324181 0.972690
vt 0.354922 0.883252
vt 0.368161 0.826764
vt 0.358717 0.786321
vt 0.346825 0.807039
vt 0.360015 0.826868
vt 0.141718 0.657721
vt 0.139471 0.664130
vt 0.130135 0.657671
vt 0.124333 0.660701
vt 0.343473 0.690385
vt 0.347582 0.708842
vt 0.318871 0.680994
vt 0.326331 0.665688
vt 0.082091 0.709892
vt 0.076983 0.710157
vt 0.094297 0.698251
vt 0.087978 0.699178
vt 0.330124 0.886472
vt 0.344469 0.933084
vt 0.330386 0.946952
vt 0.097768 0.693858
vt 0.091182 0.702695
vt 0.346738 0.827642
vt 0.333816 0.828442
vt 0.322295 0.745720
vt 0.330248 0.745360
vt 0.078613 0.717826
vt 0.074741 0.715243
vt 0.080243 0.725487
vt 0.074928 0.726727
vt 0.317569 0.960906
vt 0.324259 0.971629
vt 0.310945 0.992504
vt 0.340383 0.948221
vt 0.311066 0.641523
vt 0.311618 0.639690
vt 0.118635 0.663857
vt 0.310636 0.642950
vt 0.348565 0.916804
vt 0.368192 0.806283
vt 0.333181 0.848855
vt 0.352075 0.900242
vt 0.088245 0.707601
vt 0.323550 0.929081
vt 0.340637 0.948355
vt 0.358633 0.846723
vt 0.359478 0.826892
vt 0.359539 0.806548
vt 0.114946 0.677554
vt 0.084791 0.714733
vt 0.179301 0.663752
vt 0.179247 0.663759
vt 0.179314 0.663713
vt 0.179233 0.663825
vt 0.179184 0.663815
vt 0.179251 0.663719
vt 0.179200 0.663772
vt 0.179050 0.663996
vt 0.179082 0.664010
vt 0.179022 0.664092
vt 0.074601 0.628272
vt 0.074708 0.628246
vt 0.074665 0.628581
vt 0.179120 0.663895
vt 0.179156 0.663916
vt 0.179163 0.663805
vt 0.074550 0.627764
vt 0.074535 0.627954
vt 0.074433 0.627506
vt 0.074562 0.627645
vt 0.074634 0.627981
vt 0.074637 0.627838
vt 0.074166 0.982986
vt 0.074203 0.983049
vt 0.074017 0.982917
vt 0.074288 0.982843
vt 0.074313 0.982955
vt 0.074303 0.982942
vt 0.074341 0.982907
vt 0.074750 0.982578
vt 0.074473 0.982789
vt 0.074408 0.982675
vt 0.074490 0.982848
vt 0.074381 0.982912
vt 0.074277 0.982864
vt 0.074308 0.982850
vt 0.074180 0.982860
vt 0.074329 0.982916
vt 0.074363 0.982894
vt 0.182043 0.665516
vt 0.182027 0.665584
vt 0.065110 0.627374
vt 0.064932 0.627583
vt 0.064797 0.627665
vt 0.064642 0.627851
vt 0.064685 0.627999
vt 0.064524 0.628283
vt 0.064787 0.627853
vt 0.064937 0.627733
vt 0.065131 0.627447
vt 0.064938 0.627956
vt 0.064771 0.628033
vt 0.064405 0.628720
vt 0.064525 0.628780
vt 0.064606 0.628353
vt 0.064729 0.628374
vt 0.073431 0.981430
vt 0.073389 0.981247
vt 0.073478 0.981475
vt 0.073353 0.981574
vt 0.073257 0.981475
vt 0.073309 0.981563
vt 0.073310 0.981583
vt 0.073317 0.981578
vt 0.073314 0.981568
vt 0.073288 0.981629
vt 0.073322 0.981602
vt 0.073361 0.981576
vt 0.073289 0.981618
vt 0.073142 0.981624
vt 0.073152 0.981703
vt 0.073143 0.981372
vt 0.183340 0.876070
vt 0.183294 0.876098
vt 0.183369 0.876106
vt 0.183310 0.876125
vt 0.183266 0.876174
vt 0.183376 0.876181
vt 0.183404 0.876136
vt 0.183443 0.876158
vt 0.183300 0.876207
vt 0.183349 0.876165
vt 0.183304 0.876170
vt 0.183329 0.876145
vt 0.183264 0.876209
vt 0.183234 0.876232
vt 0.183241 0.876239
vt 0.118311 0.965161
vt 0.118143 0.965237
vt 0.118143 0.965280
vt 0.118013 0.965366
vt 0.117942 0.965407
vt 0.118450 0.965289
vt 0.118150 0.965333
vt 0.118367 0.965259
vt 0.118154 0.965306
vt 0.118326 0.965217
vt 0.118045 0.965355
vt 0.168451 0.784883
vt 0.168534 0.785066
vt 0.168391 0.784736
vt 0.168415 0.784775
vt 0.168647 0.785006
vt 0.168506 0.784830
vt 0.168580 0.785018
vt 0.168475 0.784867
vt 0.168491 0.784841
vt 0.168381 0.784720
vt 0.168346 0.784641
vt 0.274605 0.894838
vt 0.274763 0.894956
vt 0.274650 0.894796
vt 0.274803 0.894934
vt 0.274949 0.895010
vt 0.275022 0.895055
vt 0.274653 0.894641
vt 0.274848 0.894901
vt 0.274668 0.894736
vt 0.274861 0.894889
vt 0.275063 0.895070
vt 0.274978 0.895026
vt 0.274821 0.894912
vt 0.274922 0.894987
vt 0.133953 0.793369
vt 0.133974 0.793174
vt 0.133892 0.793352
vt 0.133934 0.793150
vt 0.133925 0.792947
vt 0.133928 0.792903
vt 0.133757 0.793432
vt 0.133880 0.793125
vt 0.133831 0.793369
vt 0.133921 0.792839
vt 0.133863 0.793118
vt 0.178076 0.894837
vt 0.178101 0.894884
vt 0.178108 0.894767
vt 0.178103 0.894822
vt 0.178131 0.894814
vt 0.178144 0.894868
vt 0.178122 0.894779
vt 0.178139 0.894745
vt 0.178109 0.894725
vt 0.178105 0.894687
vt 0.178095 0.894689
vt 0.178092 0.894757
vt 0.178190 0.894861
vt 0.178190 0.894808
vt 0.178159 0.894808
vt 0.265379 0.929194
vt 0.265166 0.929166
vt 0.265360 0.929156
vt 0.265581 0.929214
vt 0.265543 0.929211
vt 0.265382 0.929223
vt 0.265179 0.929225
vt 0.265162 0.929282
vt 0.265400 0.929263
vt 0.265397 0.929246
vt 0.265662 0.929225
vt 0.164751 0.880966
vt 0.164698 0.880965
vt 0.164795 0.881028
vt 0.164751 0.880997
vt 0.164744 0.881025
vt 0.164690 0.881010
vt 0.164778 0.881034
vt 0.164866 0.881064
vt 0.164790 0.881049
vt 0.164832 0.881049
vt 0.164869 0.881054
vt 0.164812 0.881019
vt 0.164673 0.881053
vt 0.164720 0.881079
vt 0.164736 0.881052
vt 0.164800 0.881065
vt 0.094252 0.940656
vt 0.094330 0.940487
vt 0.094123 0.940789
vt 0.094211 0.940656
vt 0.094185 0.940645
vt 0.094274 0.940472
vt 0.094233 0.940432
vt 0.094142 0.940642
vt 0.094158 0.940647
vt 0.094103 0.940820
vt 0.094056 0.940886
vt 0.094135 0.940756
vt 0.303927 0.922556
vt 0.303817 0.922664
vt 0.303994 0.922586
vt 0.303934 0.922700
vt 0.303787 0.922752
vt 0.304016 0.922743
vt 0.303919 0.922805
vt 0.292999 0.842732
vt 0.292960 0.842716
vt 0.303921 0.923078
vt 0.303965 0.922926
vt 0.304076 0.922988
vt 0.292975 0.842752
vt 0.292930 0.842723
vt 0.292998 0.842754
vt 0.303747 0.922838
vt 0.303745 0.922991
vt 0.303861 0.922898
vt 0.303815 0.923035
vt 0.303979 0.922824
vt 0.142227 0.755002
vt 0.142374 0.755018
vt 0.142547 0.754971
vt 0.142654 0.754870
vt 0.175527 0.883942
vt 0.175476 0.883890
vt 0.175516 0.883994
vt 0.175477 0.883941
vt 0.175425 0.883900
vt 0.175443 0.883974
vt 0.175436 0.883945
vt 0.175428 0.884063
vt 0.175498 0.884044
vt 0.175389 0.884027
vt 0.175455 0.884019
vt 0.175472 0.883982
vt 0.175374 0.883917
vt 0.175355 0.883987
vt 0.175398 0.883961
vt 0.175422 0.883995
vt 0.082672 0.976923
vt 0.082604 0.976789
vt 0.082627 0.976994
vt 0.082535 0.976884
vt 0.082530 0.976733
vt 0.082469 0.976938
vt 0.082447 0.976837
vt 0.309966 0.703915
vt 0.309983 0.703950
vt 0.082203 0.976831
vt 0.082345 0.976843
vt 0.082351 0.976964
vt 0.082530 0.977085
vt 0.082413 0.976882
vt 0.082460 0.976673
vt 0.082304 0.976627
vt 0.082379 0.976764
vt 0.082219 0.976695
vt 0.171525 0.789737
vt 0.171605 0.789741
vt 0.171585 0.789806
vt 0.171595 0.789655
vt 0.171629 0.789705
vt 0.171646 0.789783
vt 0.171641 0.789859
vt 0.171653 0.789746
vt 0.171672 0.789704
vt 0.171634 0.789640
vt 0.171736 0.789726
vt 0.171689 0.789761
vt 0.171697 0.789905
vt 0.171758 0.789873
vt 0.171937 0.788853
vt 0.171695 0.789824
vt 0.171750 0.789802
vt 0.184977 0.874445
vt 0.184962 0.874499
vt 0.185016 0.874433
vt 0.184997 0.874480
vt 0.184988 0.874530
vt 0.185030 0.874489
vt 0.185014 0.874504
vt 0.185093 0.874465
vt 0.185055 0.874426
vt 0.183762 0.875682
vt 0.185085 0.874505
vt 0.185054 0.874466
vt 0.185050 0.874495
vt 0.185024 0.874469
vt 0.185018 0.874557
vt 0.185072 0.874543
vt 0.185038 0.874522
vt 0.270698 0.892164
vt 0.270761 0.892208
vt 0.270633 0.892178
vt 0.270650 0.892119
vt 0.270737 0.892144
vt 0.270789 0.892178
vt 0.270691 0.892115
vt 0.270554 0.891997
vt 0.270521 0.892055
vt 0.271582 0.891553
vt 0.270635 0.892012
vt 0.270605 0.892064
vt 0.270574 0.892116
vt 0.270675 0.892077
vt 0.270739 0.892099
vt 0.270721 0.892033
vt 0.178665 0.897074
vt 0.178650 0.897127
vt 0.178626 0.897092
vt 0.178704 0.897061
vt 0.178685 0.897108
vt 0.178677 0.897157
vt 0.178713 0.897097
vt 0.178703 0.897132
vt 0.178782 0.897094
vt 0.178744 0.897054
vt 0.178773 0.897133
vt 0.178742 0.897094
vt 0.178738 0.897123
vt 0.178707 0.897184
vt 0.178760 0.897171
vt 0.178323 0.895438
vt 0.178726 0.897150
vt 0.178718 0.897117
vt 0.122135 0.963227
vt 0.122072 0.963251
vt 0.122154 0.963163
vt 0.122195 0.963204
vt 0.122082 0.963286
vt 0.122178 0.963233
vt 0.122135 0.963257
vt 0.122340 0.963161
vt 0.122317 0.963123
vt 0.122071 0.964224
vt 0.122282 0.963224
vt 0.122256 0.963186
vt 0.122234 0.963146
vt 0.122171 0.963363
vt 0.122161 0.963274
vt 0.122227 0.963290
vt 0.122105 0.963315
vt 0.122212 0.963232
vt 0.260551 0.929151
vt 0.260502 0.929213
vt 0.260456 0.929166
vt 0.260579 0.929211
vt 0.260524 0.929251
vt 0.260438 0.929224
vt 0.260373 0.929185
vt 0.260469 0.929249
vt 0.260501 0.929289
vt 0.260580 0.929292
vt 0.260450 0.929333
vt 0.260436 0.929272
vt 0.260296 0.929207
vt 0.260291 0.929272
vt 0.260897 0.929906
vt 0.260371 0.929245
vt 0.260367 0.929304
vt 0.133721 0.798105
vt 0.133725 0.798029
vt 0.133767 0.798154
vt 0.133707 0.798170
vt 0.133684 0.798082
vt 0.133683 0.798137
vt 0.133654 0.798314
vt 0.133720 0.798312
vt 0.132816 0.797645
vt 0.133625 0.798238
vt 0.133685 0.798236
vt 0.133744 0.798236
vt 0.133720 0.798313
vt 0.133659 0.798170
vt 0.133578 0.798048
vt 0.133645 0.798104
vt 0.133599 0.798153
vt 0.133686 0.798021
vt 0.162518 0.880376
vt 0.162479 0.880336
vt 0.162521 0.880333
vt 0.162510 0.880415
vt 0.162478 0.880376
vt 0.162439 0.880344
vt 0.162474 0.880406
vt 0.162448 0.880379
vt 0.162443 0.880468
vt 0.162496 0.880454
vt 0.162413 0.880440
vt 0.162462 0.880433
vt 0.162454 0.880400
vt 0.162401 0.880357
vt 0.162386 0.880410
vt 0.164204 0.880897
vt 0.162421 0.880391
vt 0.162439 0.880415
vt 0.096301 0.936701
vt 0.096248 0.936640
vt 0.096312 0.936622
vt 0.096225 0.936703
vt 0.096190 0.936694
vt 0.096272 0.936580
vt 0.096330 0.936542
vt 0.096218 0.936640
vt 0.096242 0.936598
vt 0.096202 0.936615
vt 0.096161 0.936671
vt 0.096185 0.936548
vt 0.096244 0.936564
vt 0.096353 0.936459
vt 0.096315 0.936435
vt 0.095112 0.936602
vt 0.096290 0.936519
vt 0.096252 0.936494
vt 0.360018 0.993889
vt 0.360001 0.994171
vt 0.359356 0.993542
vt 0.360216 0.993999
vt 0.360313 0.994135
vt 0.359579 0.994309
vt 0.360214 0.994313
vt 0.078414 0.767182
vt 0.078376 0.767167
vt 0.078419 0.767080
vt 0.078404 0.767294
vt 0.078367 0.767287
vt 0.360493 0.994012
vt 0.360431 0.993942
vt 0.360610 0.993876
vt 0.360395 0.994213
vt 0.078376 0.767487
vt 0.078359 0.767457
vt 0.078391 0.767402
vt 0.078347 0.767525
vt 0.078336 0.767486
vt 0.078360 0.767386
vt 0.078341 0.767423
vt 0.360765 0.642450
vt 0.360876 0.642672
vt 0.179740 0.663177
vt 0.179686 0.663208
vt 0.179656 0.663193
vt 0.360986 0.642609
vt 0.361080 0.642762
vt 0.179614 0.663224
vt 0.179572 0.663215
vt 0.179709 0.663227
vt 0.179657 0.663233
vt 0.179742 0.663208
vt 0.179604 0.663265
vt 0.179572 0.663250
vt 0.179383 0.663241
vt 0.179383 0.663295
vt 0.179300 0.663283
vt 0.179490 0.663205
vt 0.179484 0.663249
vt 0.179490 0.663289
vt 0.359566 0.990948
vt 0.359536 0.990985
vt 0.359853 0.990899
vt 0.359752 0.990991
vt 0.359682 0.991057
vt 0.359694 0.991024
vt 0.359718 0.991055
vt 0.359892 0.991116
vt 0.360091 0.991041
vt 0.359893 0.991177
vt 0.359749 0.991091
vt 0.359760 0.990963
vt 0.359753 0.990959
vt 0.359731 0.991038
vt 0.359757 0.991061
vt 0.359842 0.645836
vt 0.359846 0.646016
vt 0.359817 0.645805
vt 0.359979 0.645730
vt 0.360045 0.645793
vt 0.360013 0.645725
vt 0.360069 0.645879
vt 0.360082 0.645873
vt 0.360103 0.645967
vt 0.360063 0.645747
vt 0.360039 0.645771
vt 0.360002 0.645784
vt 0.360049 0.645694
vt 0.360202 0.645652
vt 0.360201 0.645596
vt 0.360153 0.645902
vt 0.074974 0.738516
vt 0.075006 0.738493
vt 0.074972 0.738543
vt 0.075005 0.738445
vt 0.075038 0.738437
vt 0.310199 0.994722
vt 0.308410 0.994610
vt 0.308863 0.994342
vt 0.308235 0.994132
vt 0.308212 0.993370
vt 0.308131 0.993386
vt 0.308156 0.993200
vt 0.308257 0.993582
vt 0.308173 0.993585
vt 0.075070 0.738365
vt 0.075040 0.738361
vt 0.075076 0.738276
vt 0.308192 0.993854
vt 0.308039 0.993915
vt 0.308454 0.994075
vt 0.308348 0.993823
vt 0.309825 0.994362
vt 0.153567 0.657628
vt 0.153549 0.657662
vt 0.153503 0.657660
vt 0.310076 0.640557
vt 0.308601 0.640492
vt 0.308040 0.639320
vt 0.153500 0.657694
vt 0.153428 0.657697
vt 0.153532 0.657692
vt 0.308543 0.641209
vt 0.308279 0.641010
vt 0.309387 0.640870
vt 0.308314 0.641341
vt 0.308175 0.641386
vt 0.308039 0.641127
vt 0.153354 0.657735
vt 0.153361 0.657770
vt 0.153290 0.657770
vt 0.153437 0.657728
vt 0.308183 0.641568
vt 0.308252 0.641573
vt 0.308204 0.641779
vt 0.153506 0.657717
vt 0.310699 0.992640
vt 0.310677 0.992668
vt 0.310972 0.992622
vt 0.310887 0.992692
vt 0.310836 0.992733
vt 0.310854 0.992680
vt 0.310867 0.992739
vt 0.311041 0.992808
vt 0.311228 0.992760
vt 0.311045 0.992850
vt 0.310903 0.992764
vt 0.310927 0.992592
vt 0.310919 0.992585
vt 0.310892 0.992690
vt 0.310916 0.992709
vt 0.311050 0.642678
vt 0.311057 0.642868
vt 0.311020 0.642641
vt 0.311185 0.642561
vt 0.311258 0.642636
vt 0.311222 0.642559
vt 0.311268 0.642686
vt 0.311278 0.642682
vt 0.311295 0.642765
vt 0.311269 0.642565
vt 0.311242 0.642590
vt 0.311202 0.642606
vt 0.311258 0.642522
vt 0.311418 0.642488
vt 0.311417 0.642424
vt 0.311371 0.642752
vt 0.942146 0.288896
vt 0.941996 0.288991
vt 0.942054 0.288833
vt 0.941819 0.288977
vt 0.941889 0.288899
vt 0.942050 0.289078
vt 0.941932 0.289084
vt 0.942159 0.289302
vt 0.942048 0.289195
vt 0.942262 0.289046
vt 0.941909 0.289415
vt 0.941932 0.289202
vt 0.941980 0.289129
vt 0.941842 0.289153
vt 0.941743 0.289050
vt 0.941754 0.289308
vt 0.941685 0.289219
vt 0.142259 0.738477
vt 0.136847 0.744158
vt 0.142286 0.738507
vt 0.136874 0.744188
vt 0.142318 0.738523
vt 0.136906 0.744204
vt 0.136937 0.744204
vt 0.147399 0.732561
vt 0.147427 0.732591
vt 0.147458 0.732608
vt 0.142348 0.738523
vt 0.053344 0.869958
vt 0.051936 0.851070
vt 0.052041 0.851067
vt 0.053245 0.869970
vt 0.051844 0.851073
vt 0.053159 0.869980
vt 0.051753 0.851077
vt 0.055140 0.887560
vt 0.055049 0.887581
vt 0.054970 0.887598
vt 0.053074 0.869989
vt 0.125603 0.754252
vt 0.131276 0.749430
vt 0.125631 0.754282
vt 0.131303 0.749460
vt 0.125662 0.754298
vt 0.131365 0.749476
vt 0.125693 0.754298
vt 0.131335 0.749476
vt 0.051354 0.810796
vt 0.051257 0.831151
vt 0.051240 0.810778
vt 0.051160 0.831147
vt 0.051139 0.810766
vt 0.051065 0.831146
vt 0.051040 0.810760
vt 0.051367 0.831158
vt 0.053409 0.770344
vt 0.051888 0.790509
vt 0.053291 0.770303
vt 0.051786 0.790488
vt 0.053188 0.770272
vt 0.051683 0.790477
vt 0.053083 0.770253
vt 0.052005 0.790538
vt 0.152177 0.726569
vt 0.152205 0.726599
vt 0.152236 0.726616
vt 0.147489 0.732608
vt 0.156632 0.720452
vt 0.156660 0.720482
vt 0.156692 0.720499
vt 0.152267 0.726616
vt 0.160842 0.714105
vt 0.160869 0.714136
vt 0.160900 0.714154
vt 0.156723 0.720500
vt 0.164900 0.707391
vt 0.164923 0.707430
vt 0.164951 0.707453
vt 0.160931 0.714155
vt 0.060289 0.719771
vt 0.055727 0.748760
vt 0.060180 0.719672
vt 0.055624 0.748714
vt 0.060082 0.719594
vt 0.055518 0.748687
vt 0.059977 0.719545
vt 0.055842 0.748819
vt 0.172773 0.692976
vt 0.175941 0.678434
vt 0.172816 0.692978
vt 0.176007 0.678354
vt 0.172858 0.692975
vt 0.176068 0.678305
vt 0.172893 0.692969
vt 0.168894 0.700230
vt 0.168905 0.700290
vt 0.168926 0.700326
vt 0.168954 0.700334
vt 0.164981 0.707456
vt 0.074750 0.628841
vt 0.067021 0.677826
vt 0.066932 0.677683
vt 0.066833 0.677590
vt 0.067117 0.678002
vt 0.057691 0.904744
vt 0.057606 0.904773
vt 0.057536 0.904799
vt 0.054891 0.887610
vt 0.115727 0.747568
vt 0.062451 0.926251
vt 0.062395 0.926300
vt 0.057465 0.904819
vt 0.113789 0.762709
vt 0.119832 0.758640
vt 0.113825 0.762733
vt 0.119860 0.758669
vt 0.113862 0.762745
vt 0.028906 0.922818
vt 0.119892 0.758685
vt 0.023848 0.907689
vt 0.057474 0.970323
vt 0.057605 0.970353
vt 0.057707 0.970358
vt 0.057327 0.970280
vt 0.040286 0.951889
vt 0.040332 0.951849
vt 0.040384 0.951817
vt 0.107010 0.752808
vt 0.070038 0.954387
vt 0.069998 0.954466
vt 0.062336 0.926335
vt 0.069951 0.954519
vt 0.078847 0.767086
vt 0.094062 0.759537
vt 0.100766 0.770302
vt 0.107339 0.766585
vt 0.100777 0.770340
vt 0.107391 0.766600
vt 0.100797 0.770362
vt 0.107439 0.766606
vt 0.034385 0.937599
vt 0.019431 0.854788
vt 0.017200 0.835357
vt 0.019559 0.854768
vt 0.017336 0.835336
vt 0.019688 0.854747
vt 0.017473 0.835313
vt 0.015810 0.815445
vt 0.015953 0.815423
vt 0.016097 0.815399
vt 0.045822 0.870597
vt 0.044059 0.851620
vt 0.045702 0.870606
vt 0.043928 0.851631
vt 0.045580 0.870615
vt 0.043797 0.851643
vt 0.048131 0.888297
vt 0.048017 0.888306
vt 0.047902 0.888314
vt 0.022457 0.873191
vt 0.026124 0.890347
vt 0.022579 0.873172
vt 0.026240 0.890331
vt 0.022702 0.873154
vt 0.026356 0.890316
vt 0.042621 0.811121
vt 0.042985 0.831605
vt 0.042480 0.811135
vt 0.042848 0.831619
vt 0.042337 0.811153
vt 0.042711 0.831634
vt 0.044106 0.770322
vt 0.042966 0.790711
vt 0.043951 0.770338
vt 0.042819 0.790727
vt 0.043795 0.770360
vt 0.042671 0.790747
vt 0.015284 0.795596
vt 0.015431 0.795573
vt 0.015578 0.795547
vt 0.015686 0.775759
vt 0.015837 0.775735
vt 0.015988 0.775707
vt 0.017095 0.755666
vt 0.017251 0.755638
vt 0.017408 0.755602
vt 0.019586 0.734948
vt 0.019761 0.734904
vt 0.019938 0.734841
vt 0.050632 0.719356
vt 0.046323 0.748580
vt 0.050474 0.719398
vt 0.046161 0.748601
vt 0.050313 0.719462
vt 0.045997 0.748631
vt 0.045849 0.659785
vt 0.027715 0.691708
vt 0.045913 0.660035
vt 0.027777 0.691711
vt 0.045930 0.660371
vt 0.027833 0.691729
vt 0.178490 0.678907
vt 0.023146 0.713373
vt 0.023354 0.713296
vt 0.023568 0.713173
vt 0.057339 0.677470
vt 0.057171 0.677573
vt 0.056998 0.677724
vt 0.051252 0.905637
vt 0.051138 0.905646
vt 0.051022 0.905650
vt 0.056754 0.927230
vt 0.056646 0.927217
vt 0.056535 0.927192
vt 0.030276 0.906256
vt 0.034905 0.921390
vt 0.030387 0.906244
vt 0.035019 0.921391
vt 0.030499 0.906235
vt 0.035138 0.921402
vt 0.060763 0.967292
vt 0.060733 0.967087
vt 0.060673 0.966846
vt 0.045345 0.949977
vt 0.045380 0.949952
vt 0.045412 0.949923
vt 0.065126 0.955098
vt 0.064997 0.955005
vt 0.064861 0.954887
vt 0.039994 0.936103
vt 0.040123 0.936114
vt 0.040260 0.936151
vt 0.073692 0.982097
vt 0.072939 0.981543
vt 0.073693 0.982089
vt 0.074189 0.982784
vt 0.073693 0.982077
vt 0.074437 0.627563
vt 0.180670 0.664558
vt 0.069808 0.627519
vt 0.182038 0.665411
vt 0.162052 0.831534
vt 0.161989 0.831540
vt 0.142460 0.754991
vt 0.161930 0.831563
vt 0.137281 0.921750
vt 0.137193 0.921662
vt 0.137231 0.921712
vt 0.309927 0.703901
vt 0.240008 0.719969
vt 0.309900 0.703892
vt 0.082856 0.859011
vt 0.170091 0.736037
vt 0.170093 0.736020
vt 0.239996 0.719956
vt 0.082733 0.858976
vt 0.142192 0.754925
vt 0.227615 0.899115
vt 0.227642 0.899057
vt 0.227651 0.898994
vt 0.170082 0.736100
vt 0.231522 0.789409
vt 0.170077 0.736130
vt 0.231495 0.789441
vt 0.170077 0.736153
vt 0.245368 0.815229
vt 0.231505 0.789428
vt 0.292909 0.842727
vt 0.293025 0.842701
vt 0.198901 0.977085
vt 0.198839 0.976844
vt 0.301504 0.773326
vt 0.198871 0.976965
vt 0.173639 0.835197
vt 0.168437 0.784913
vt 0.173593 0.835195
vt 0.168355 0.784679
vt 0.173547 0.835185
vt 0.168277 0.784566
vt 0.275139 0.895140
vt 0.224596 0.887216
vt 0.224586 0.887169
vt 0.224581 0.887121
vt 0.168283 0.784539
vt 0.237041 0.823315
vt 0.236979 0.823369
vt 0.236918 0.823419
vt 0.275169 0.895140
vt 0.148617 0.924979
vt 0.148574 0.924960
vt 0.148529 0.924945
vt 0.117815 0.965467
vt 0.218883 0.907400
vt 0.218913 0.907363
vt 0.265622 0.929213
vt 0.218948 0.907328
vt 0.265770 0.929209
vt 0.265794 0.929227
vt 0.196212 0.966600
vt 0.196192 0.966523
vt 0.196174 0.966448
vt 0.117801 0.965493
vt 0.117910 0.965435
vt 0.118154 0.965350
vt 0.133953 0.792693
vt 0.153318 0.839852
vt 0.153283 0.839885
vt 0.153244 0.839912
vt 0.134181 0.910411
vt 0.134167 0.910364
vt 0.134148 0.910321
vt 0.094020 0.940987
vt 0.094085 0.940856
vt 0.093994 0.941000
vt 0.093167 0.861953
vt 0.093245 0.861975
vt 0.093321 0.861996
vt 0.133933 0.792659
vt 0.175998 0.834548
vt 0.175953 0.834540
vt 0.175909 0.834540
vt 0.179227 0.834869
vt 0.225013 0.884969
vt 0.225010 0.884924
vt 0.225001 0.884877
vt 0.224520 0.881840
vt 0.234501 0.825392
vt 0.234441 0.825442
vt 0.234383 0.825494
vt 0.231794 0.828595
vt 0.152903 0.927799
vt 0.150363 0.926417
vt 0.150318 0.926403
vt 0.150277 0.926383
vt 0.218009 0.909515
vt 0.218042 0.909480
vt 0.218070 0.909443
vt 0.216345 0.911982
vt 0.195513 0.963746
vt 0.195495 0.963672
vt 0.195476 0.963598
vt 0.194642 0.960155
vt 0.151188 0.840645
vt 0.151150 0.840671
vt 0.151115 0.840703
vt 0.148693 0.842683
vt 0.132752 0.908657
vt 0.132733 0.908616
vt 0.132718 0.908570
vt 0.131582 0.905875
vt 0.096057 0.862729
vt 0.096131 0.862750
vt 0.096206 0.862770
vt 0.099699 0.863475
vt 0.184172 0.875264
vt 0.184202 0.875295
vt 0.184232 0.875325
vt 0.272565 0.893336
vt 0.270808 0.892141
vt 0.272507 0.893421
vt 0.272537 0.893378
vt 0.120423 0.964171
vt 0.120381 0.964090
vt 0.120402 0.964130
vt 0.262689 0.929165
vt 0.262689 0.929214
vt 0.260585 0.929251
vt 0.262689 0.929265
vt 0.163557 0.880746
vt 0.163568 0.880705
vt 0.163580 0.880664
vt 0.133741 0.795908
vt 0.133644 0.798025
vt 0.133845 0.795913
vt 0.133793 0.795911
vt 0.170184 0.787628
vt 0.171563 0.789681
vt 0.170231 0.787608
vt 0.170274 0.787580
vt 0.178473 0.895988
vt 0.178390 0.896009
vt 0.178432 0.895998
vt 0.095397 0.938413
vt 0.095314 0.938371
vt 0.095356 0.938392
vt 0.111005 0.691559
vt 0.116440 0.685831
vt 0.416647 0.811140
vt 0.416291 0.831688
vt 0.416555 0.811139
vt 0.416200 0.831683
vt 0.416464 0.811140
vt 0.105905 0.697530
vt 0.416382 0.831697
vt 0.415140 0.851724
vt 0.415050 0.851714
vt 0.122014 0.697367
vt 0.127682 0.692068
vt 0.122045 0.697397
vt 0.127714 0.692097
vt 0.122077 0.697411
vt 0.373328 0.812013
vt 0.133523 0.687234
vt 0.133554 0.687263
vt 0.127746 0.692111
vt 0.373122 0.791202
vt 0.127941 0.675681
vt 0.415930 0.790697
vt 0.414204 0.770735
vt 0.414292 0.770719
vt 0.415840 0.790705
vt 0.414117 0.770746
vt 0.122106 0.680525
vt 0.415751 0.790712
vt 0.116581 0.703101
vt 0.111486 0.709082
vt 0.116612 0.703130
vt 0.111517 0.709111
vt 0.116645 0.703144
vt 0.111550 0.709125
vt 0.372950 0.832942
vt 0.372093 0.853346
vt 0.106808 0.715141
vt 0.102509 0.721330
vt 0.106840 0.715171
vt 0.102541 0.721359
vt 0.106872 0.715185
vt 0.102573 0.721374
vt 0.370871 0.872653
vt 0.369260 0.890888
vt 0.101225 0.703586
vt 0.415231 0.851741
vt 0.413217 0.870711
vt 0.413129 0.870695
vt 0.096926 0.709774
vt 0.413305 0.870735
vt 0.410542 0.888700
vt 0.410456 0.888680
vt 0.410720 0.888781
vt 0.407201 0.905956
vt 0.410626 0.888732
vt 0.407123 0.905914
vt 0.407041 0.905887
vt 0.407291 0.906012
vt 0.403047 0.922716
vt 0.402979 0.922650
vt 0.402905 0.922607
vt 0.098324 0.728134
vt 0.093202 0.737580
vt 0.098355 0.728165
vt 0.093229 0.737619
vt 0.098387 0.728180
vt 0.093258 0.737640
vt 0.093286 0.737640
vt 0.098416 0.728178
vt 0.376556 0.977189
vt 0.392694 0.954981
vt 0.392778 0.955004
vt 0.376374 0.977273
vt 0.392616 0.954969
vt 0.376210 0.977337
vt 0.392534 0.954958
vt 0.376079 0.977364
vt 0.360766 0.993832
vt 0.403122 0.922801
vt 0.398205 0.939247
vt 0.398160 0.939134
vt 0.398099 0.939057
vt 0.398254 0.939388
vt 0.086287 0.751253
vt 0.086304 0.751312
vt 0.086326 0.751347
vt 0.086352 0.751351
vt 0.139937 0.682675
vt 0.139969 0.682703
vt 0.133586 0.687278
vt 0.372365 0.770888
vt 0.149168 0.677451
vt 0.149209 0.677475
vt 0.140002 0.682718
vt 0.370781 0.750058
vt 0.140287 0.667215
vt 0.411835 0.751315
vt 0.408511 0.732048
vt 0.408585 0.731994
vt 0.411752 0.751341
vt 0.408433 0.732085
vt 0.133941 0.671283
vt 0.411668 0.751359
vt 0.166794 0.661453
vt 0.361276 0.642842
vt 0.380233 0.664986
vt 0.380096 0.664954
vt 0.154107 0.659651
vt 0.380403 0.665059
vt 0.399550 0.692915
vt 0.399470 0.692928
vt 0.163009 0.670770
vt 0.163068 0.670786
vt 0.149247 0.677487
vt 0.360603 0.684574
vt 0.366985 0.722564
vt 0.163119 0.670791
vt 0.357002 0.644616
vt 0.404566 0.712293
vt 0.399626 0.692900
vt 0.404509 0.712399
vt 0.147118 0.663350
vt 0.404442 0.712471
vt 0.408085 0.811300
vt 0.407792 0.831689
vt 0.407946 0.811304
vt 0.407651 0.831693
vt 0.407807 0.811308
vt 0.407510 0.831698
vt 0.406689 0.851570
vt 0.406549 0.851574
vt 0.406408 0.851581
vt 0.381275 0.791100
vt 0.381595 0.811968
vt 0.381411 0.791100
vt 0.381736 0.811967
vt 0.381548 0.791101
vt 0.381878 0.811965
vt 0.380320 0.770699
vt 0.380454 0.770700
vt 0.380589 0.770703
vt 0.407470 0.791026
vt 0.406005 0.771197
vt 0.407333 0.791028
vt 0.405869 0.771198
vt 0.407195 0.791030
vt 0.405733 0.771198
vt 0.380312 0.853385
vt 0.381235 0.832946
vt 0.380450 0.853379
vt 0.381375 0.832942
vt 0.380590 0.853369
vt 0.381516 0.832935
vt 0.377115 0.891035
vt 0.378947 0.872733
vt 0.377251 0.891025
vt 0.379083 0.872724
vt 0.377388 0.891011
vt 0.379220 0.872712
vt 0.404888 0.870399
vt 0.404750 0.870403
vt 0.404612 0.870411
vt 0.402396 0.888228
vt 0.402261 0.888234
vt 0.402125 0.888244
vt 0.399213 0.905290
vt 0.399079 0.905299
vt 0.398945 0.905314
vt 0.395338 0.921876
vt 0.395196 0.921898
vt 0.395051 0.921935
vt 0.370491 0.932388
vt 0.374569 0.909409
vt 0.370623 0.932352
vt 0.374704 0.909396
vt 0.370756 0.932301
vt 0.374840 0.909376
vt 0.371614 0.973937
vt 0.385894 0.953512
vt 0.371614 0.973688
vt 0.385843 0.953486
vt 0.371648 0.973387
vt 0.385798 0.953449
vt 0.390837 0.938114
vt 0.390677 0.938153
vt 0.390510 0.938226
vt 0.364871 0.962221
vt 0.365017 0.962103
vt 0.365167 0.961953
vt 0.378451 0.749712
vt 0.378591 0.749715
vt 0.378732 0.749723
vt 0.374233 0.722108
vt 0.374367 0.722137
vt 0.374504 0.722182
vt 0.403775 0.751922
vt 0.400770 0.732741
vt 0.403642 0.751919
vt 0.400629 0.732720
vt 0.403507 0.751911
vt 0.400485 0.732685
vt 0.375247 0.668471
vt 0.375238 0.668727
vt 0.375264 0.669038
vt 0.392628 0.694394
vt 0.392579 0.694414
vt 0.392533 0.694442
vt 0.367213 0.684407
vt 0.367366 0.684531
vt 0.367525 0.684692
vt 0.397014 0.713320
vt 0.396851 0.713282
vt 0.396681 0.713209
vt 0.359330 0.644857
vt 0.360417 0.645731
vt 0.358004 0.643867
vt 0.359527 0.644771
vt 0.358947 0.643355
vt 0.359902 0.642959
vt 0.359722 0.644690
vt 0.357880 0.992917
vt 0.359373 0.992031
vt 0.359049 0.991896
vt 0.359578 0.990811
vt 0.095204 0.682428
vt 0.099399 0.678184
vt 0.095185 0.682408
vt 0.099381 0.678164
vt 0.095166 0.682390
vt 0.099362 0.678145
vt 0.099341 0.678123
vt 0.091341 0.686801
vt 0.091322 0.686782
vt 0.091302 0.686764
vt 0.367368 0.846733
vt 0.368268 0.826766
vt 0.324515 0.786837
vt 0.325044 0.807633
vt 0.324930 0.807632
vt 0.324627 0.786829
vt 0.325142 0.807634
vt 0.324724 0.786823
vt 0.325240 0.807634
vt 0.323604 0.766557
vt 0.323712 0.766539
vt 0.323806 0.766526
vt 0.324820 0.786819
vt 0.108517 0.670497
vt 0.103853 0.674196
vt 0.108500 0.670476
vt 0.103836 0.674176
vt 0.108484 0.670455
vt 0.103798 0.674132
vt 0.108465 0.670430
vt 0.103818 0.674156
vt 0.324264 0.848942
vt 0.324926 0.828562
vt 0.324376 0.848961
vt 0.325025 0.828570
vt 0.324474 0.848975
vt 0.325122 0.828574
vt 0.324571 0.848983
vt 0.324812 0.828551
vt 0.322163 0.886356
vt 0.323506 0.868243
vt 0.322266 0.886393
vt 0.323601 0.868263
vt 0.322356 0.886420
vt 0.323696 0.868274
vt 0.322447 0.886436
vt 0.323398 0.868216
vt 0.087867 0.691193
vt 0.087848 0.691174
vt 0.087827 0.691157
vt 0.365708 0.865640
vt 0.084752 0.695637
vt 0.084733 0.695618
vt 0.084711 0.695602
vt 0.363316 0.883534
vt 0.081943 0.700211
vt 0.081923 0.700192
vt 0.081902 0.700176
vt 0.360221 0.900632
vt 0.079373 0.705015
vt 0.079357 0.704989
vt 0.079337 0.704971
vt 0.356466 0.917227
vt 0.316490 0.928461
vt 0.320308 0.904667
vt 0.316568 0.928543
vt 0.320391 0.904706
vt 0.316639 0.928609
vt 0.320476 0.904731
vt 0.316716 0.928652
vt 0.320215 0.904617
vt 0.074710 0.715243
vt 0.074896 0.726805
vt 0.074684 0.715248
vt 0.074864 0.726873
vt 0.074658 0.715254
vt 0.328785 0.975486
vt 0.347245 0.949408
vt 0.075110 0.738203
vt 0.074833 0.726920
vt 0.311423 0.995103
vt 0.076974 0.710107
vt 0.076965 0.710067
vt 0.076950 0.710039
vt 0.352138 0.933555
vt 0.310900 0.961057
vt 0.310958 0.961161
vt 0.311023 0.961230
vt 0.310838 0.960930
vt 0.321917 0.745808
vt 0.322017 0.745774
vt 0.322105 0.745747
vt 0.323899 0.766516
vt 0.318055 0.718530
vt 0.318140 0.718460
vt 0.318217 0.718403
vt 0.322193 0.745729
vt 0.118605 0.663838
vt 0.113385 0.667074
vt 0.118581 0.663822
vt 0.113367 0.667054
vt 0.118561 0.663802
vt 0.113334 0.667006
vt 0.118545 0.663775
vt 0.113351 0.667033
vt 0.141787 0.657687
vt 0.141847 0.657654
vt 0.141887 0.657621
vt 0.311786 0.639746
vt 0.130132 0.657640
vt 0.130131 0.657612
vt 0.130132 0.657584
vt 0.331005 0.661256
vt 0.311669 0.680979
vt 0.311738 0.680856
vt 0.311800 0.680756
vt 0.318297 0.718366
vt 0.311869 0.680690
vt 0.308141 0.641949
vt 0.124287 0.660691
vt 0.124248 0.660683
vt 0.124201 0.660642
vt 0.130123 0.657553
vt 0.124220 0.660668
vt 0.359944 0.806532
vt 0.359888 0.826871
vt 0.359806 0.806537
vt 0.359748 0.826877
vt 0.359667 0.806543
vt 0.359607 0.826884
vt 0.359042 0.846699
vt 0.358902 0.846705
vt 0.358761 0.846714
vt 0.332970 0.786641
vt 0.333505 0.807496
vt 0.333106 0.786640
vt 0.333646 0.807492
vt 0.333243 0.786640
vt 0.333788 0.807489
vt 0.331843 0.766269
vt 0.331976 0.766269
vt 0.332111 0.766271
vt 0.359118 0.786312
vt 0.357467 0.766551
vt 0.358981 0.786316
vt 0.357332 0.766553
vt 0.358843 0.786319
vt 0.357197 0.766554
vt 0.332777 0.848889
vt 0.333403 0.828465
vt 0.332914 0.848880
vt 0.333543 0.828458
vt 0.333053 0.848868
vt 0.333685 0.828450
vt 0.330246 0.886469
vt 0.331739 0.868207
vt 0.330379 0.886458
vt 0.331872 0.868196
vt 0.330513 0.886441
vt 0.332005 0.868181
vt 0.357512 0.865464
vt 0.357375 0.865471
vt 0.357238 0.865481
vt 0.355314 0.883217
vt 0.355180 0.883225
vt 0.355045 0.883238
vt 0.352463 0.900190
vt 0.352331 0.900202
vt 0.352198 0.900220
vt 0.348980 0.916679
vt 0.348840 0.916707
vt 0.348698 0.916752
vt 0.323669 0.929068
vt 0.327941 0.904978
vt 0.323801 0.929030
vt 0.328081 0.904965
vt 0.323935 0.928973
vt 0.328222 0.904944
vt 0.324144 0.972518
vt 0.340571 0.948339
vt 0.324151 0.972271
vt 0.340499 0.948309
vt 0.324194 0.971966
vt 0.340433 0.948268
vt 0.344944 0.932851
vt 0.344788 0.932899
vt 0.344624 0.932983
vt 0.317139 0.961379
vt 0.317279 0.961252
vt 0.317426 0.961089
vt 0.329837 0.745342
vt 0.329976 0.745344
vt 0.330117 0.745351
vt 0.325499 0.717885
vt 0.325633 0.717914
vt 0.325770 0.717957
vt 0.355080 0.747364
vt 0.351942 0.728302
vt 0.354947 0.747362
vt 0.351801 0.728282
vt 0.354813 0.747356
vt 0.351658 0.728248
vt 0.326259 0.664772
vt 0.326254 0.665031
vt 0.326283 0.665345
vt 0.343601 0.690303
vt 0.343552 0.690325
vt 0.343506 0.690353
vt 0.318401 0.680524
vt 0.318555 0.680651
vt 0.318715 0.680813
vt 0.348074 0.709039
vt 0.347911 0.709002
vt 0.347743 0.708931
vt 0.310593 0.641711
vt 0.311640 0.642576
vt 0.310900 0.641582
vt 0.310337 0.993446
vt 0.309281 0.994114
vt 0.310596 0.993553
vt 0.311260 0.995170
vt 0.310683 0.992532
vt 0.094053 0.940913
vt 0.265688 0.929215
vt 0.117885 0.965438
vt 0.275079 0.895091
vt 0.168325 0.784627
vt 0.045682 0.659633
vt 0.357068 0.644428
vt 0.183285 0.876173
vt 0.183301 0.876188
vt 0.117986 0.965383
vt 0.178129 0.894762
vt 0.293023 0.842741
vt 0.078360 0.767518
vt 0.179753 0.663191
vt 0.153595 0.657627
vt 0.153578 0.657667
vt 0.019236 0.891758
vt 0.040241 0.951941
vt 0.078788 0.767078
vt 0.133939 0.792805
vt 0.102602 0.721372
vt 0.095143 0.682368
vt 0.350364 0.688793
vt 0.310530 0.640118
s 1
f 1230/1/1 1/2/2 202/3/3
f 1181/4/4 20/5/5 106/6/6
f 89/7/2 227/8/7 3/9/2
f 216/10/8 114/11/9 1191/12/10
f 4/13/2 1195/14/11 206/15/12
f 201/16/13 106/6/6 16/17/14
f 212/18/15 102/19/16 14/20/17
f 226/21/18 109/22/19 1186/23/20
f 3/9/2 1170/24/21 222/25/22
f 1185/26/23 4/13/2 88/27/2
f 1191/12/10 22/28/24 231/29/25
f 1201/30/26 19/31/27 237/32/28
f 1196/33/29 26/34/30 207/35/31
f 231/29/25 108/36/32 1206/37/33
f 1206/37/33 23/38/34 241/39/35
f 1216/40/36 18/41/37 247/42/38
f 90/43/2 236/44/39 1195/14/11
f 241/39/35 115/45/40 1221/46/41
f 1221/46/41 1333/47/42 253/48/43
f 268/49/44 113/50/45 1216/40/36
f 91/51/2 246/52/46 1200/53/47
f 1231/54/48 16/17/14 104/55/49
f 273/56/50 104/55/49 17/57/51
f 279/58/52 110/59/53 13/60/54
f 1/2/2 1175/61/55 89/7/2
f 1246/62/56 17/57/51 112/63/57
f 284/64/58 112/63/57 21/65/59
f 1241/66/60 1330/67/61 110/59/53
f 6/68/2 1225/69/62 93/70/2
f 106/6/6 327/71/63 1260/72/64
f 10/73/65 1276/74/66 97/75/65
f 24/76/67 1270/77/68 114/11/9
f 336/78/69 98/79/65 1286/80/70
f 104/55/49 307/81/71 1310/82/72
f 15/83/73 1255/84/74 332/85/75
f 15/83/73 1265/86/76 109/22/19
f 103/87/77 316/88/78 1255/84/74
f 116/89/79 327/71/63 20/5/5
f 117/90/80 311/91/81 26/34/30
f 19/31/27 1275/92/82 117/90/80
f 22/28/24 1285/93/83 108/36/32
f 1271/94/84 8/95/65 336/78/69
f 105/96/85 341/97/86 19/31/27
f 18/41/37 1280/98/87 105/96/85
f 23/38/34 1300/99/88 115/45/40
f 1286/80/70 11/100/65 346/101/89
f 113/50/45 351/102/90 18/41/37
f 25/103/91 1295/104/92 113/50/45
f 115/45/40 357/105/93 1333/47/42
f 306/106/94 96/107/65 7/108/65
f 14/20/17 1305/109/95 316/88/78
f 102/19/16 383/110/96 1305/109/95
f 112/63/57 379/111/97 1325/112/98
f 100/113/65 378/114/99 1311/115/100
f 13/60/54 1320/116/101 383/110/96
f 110/59/53 395/117/102 1320/116/101
f 21/65/59 1325/112/98 388/118/103
f 1176/119/104 14/20/17 103/87/77
f 1236/120/105 21/65/59 107/121/106
f 107/121/106 388/118/103 1315/122/107
f 7/108/65 1256/123/108 317/124/109
f 227/8/7 88/27/2 3/9/2
f 1186/23/20 24/76/67 216/10/8
f 109/22/19 322/125/110 24/76/67
f 96/107/65 331/126/111 1256/123/108
f 94/127/112 278/128/113 6/68/2
f 202/3/3 89/7/2 1180/129/114
f 16/17/14 1260/72/64 307/81/71
f 384/130/115 101/131/65 12/132/65
f 237/32/28 117/90/80 1196/33/29
f 1211/133/116 1334/134/117 111/135/118
f 111/135/118 356/136/119 1290/137/120
f 97/75/65 342/138/121 8/95/65
f 207/35/31 116/89/79 1171/139/122
f 226/21/18 103/87/77 15/83/73
f 1261/140/123 9/141/65 96/107/65
f 26/34/30 1250/142/124 116/89/79
f 1235/143/125 1240/144/126 94/127/112
f 283/145/127 94/127/112 1245/146/128
f 101/131/65 389/147/129 1326/148/130
f 1321/149/131 1316/150/132 101/131/65
f 5/151/2 1215/152/133 246/52/46
f 1190/153/134 2/154/2 90/43/2
f 114/11/9 337/155/135 22/28/24
f 11/100/65 1296/156/136 99/157/137
f 217/158/138 90/43/2 4/13/2
f 232/159/139 91/51/2 2/154/2
f 95/160/140 331/126/111 9/141/65
f 10/73/65 1266/161/141 95/160/140
f 1226/162/142 13/60/54 102/19/16
f 7/108/65 1311/115/100 306/106/94
f 1363/163/143 1453/164/144 410/165/145
f 1306/166/146 12/132/65 100/113/65
f 92/167/147 269/168/148 1215/152/133
f 1220/169/149 1210/170/150 92/167/147
f 1301/171/151 1291/172/152 358/173/153
f 99/157/137 373/174/154 1291/172/152
f 1236/120/105 1331/175/155 288/176/156
f 274/177/157 93/70/2 1230/1/1
f 17/57/51 1310/82/72 379/111/97
f 107/121/106 393/178/158 1331/175/155
f 247/42/38 105/96/85 1201/30/26
f 1245/146/128 6/68/2 274/177/157
f 12/132/65 1326/148/130 378/114/99
f 98/79/65 352/179/159 11/100/65
f 2/154/2 1200/53/47 236/44/39
f 1171/139/122 20/5/5 221/180/160
f 321/181/161 97/75/65 1271/94/84
f 8/95/65 1281/182/162 98/79/65
f 1211/183/116 25/103/91 268/49/44
f 1205/184/163 5/151/2 91/51/2
f 108/36/32 347/185/164 23/38/34
f 111/186/118 374/187/165 25/103/91
f 1180/129/114 3/9/2 222/25/22
f 88/27/2 206/15/12 1170/24/21
f 312/188/166 95/160/140 1251/189/167
f 1251/189/167 9/141/65 326/190/168
f 93/70/2 211/191/169 1/2/2
f 242/192/170 92/167/147 5/151/2
f 346/101/89 99/157/137 1301/171/151
f 317/124/109 100/113/65 7/108/65
f 457/193/171 130/194/172 34/195/173
f 503/196/174 136/197/175 1399/198/176
f 1487/199/177 1443/200/178 136/197/175
f 705/201/179 131/202/180 1439/203/181
f 480/204/182 127/205/183 1388/206/184
f 436/207/185 137/208/186 1363/163/143
f 1465/209/187 1429/210/188 138/211/189
f 1439/203/181 1449/212/190 687/213/191
f 447/214/192 124/215/193 29/216/194
f 1378/217/195 1462/218/196 425/219/197
f 1414/220/198 1419/221/199 616/222/200
f 1482/223/201 1424/224/202 135/225/203
f 27/226/204 1356/227/205 124/215/193
f 31/228/206 1360/229/207 561/230/208
f 32/231/209 1360/229/207 127/205/183
f 438/232/210 134/233/211 1478/234/212
f 1369/235/213 1454/236/214 120/237/215
f 33/238/216 1342/239/217 129/240/180
f 34/195/173 1347/241/218 530/242/219
f 412/243/220 122/244/221 1364/245/222
f 1374/246/223 1458/247/224 134/233/211
f 1355/248/225 1359/249/226 514/250/227
f 30/251/228 1341/252/229 543/253/230
f 457/193/171 128/254/231 1393/255/232
f 447/214/192 123/256/233 1368/257/234
f 27/226/204 1336/258/235 532/259/236
f 34/195/173 1337/260/237 128/254/231
f 467/261/238 138/211/189 1481/262/239
f 1389/263/240 1463/264/241 119/265/242
f 35/266/243 1347/241/218 130/194/172
f 35/266/243 1342/239/217 563/267/244
f 481/268/245 119/265/242 1466/269/246
f 479/270/247 138/211/189 1383/271/248
f 28/272/249 1351/273/250 542/274/251
f 29/216/194 1351/273/250 123/256/233
f 427/275/252 125/276/253 1379/277/254
f 489/278/255 128/254/231 33/238/216
f 29/216/194 1356/227/205 513/279/256
f 1477/280/257 1409/281/258 137/208/186
f 1399/198/176 1469/282/259 490/283/260
f 1404/284/261 1474/285/262 139/286/263
f 1346/287/264 1355/248/225 531/288/265
f 28/272/249 1336/258/235 122/244/221
f 1404/284/261 1486/289/266 505/290/267
f 488/291/268 118/292/269 1394/293/270
f 30/251/228 1350/294/271 126/295/272
f 31/228/206 1341/252/229 125/276/253
f 465/296/273 135/225/203 1378/217/195
f 32/231/209 1350/294/271 200/297/274
f 562/298/275 121/299/276 1346/287/264
f 33/238/216 1337/260/237 544/300/277
f 1469/282/259 1443/200/178 704/301/278
f 139/286/263 722/302/279 1486/289/266
f 1474/285/262 1448/303/280 139/286/263
f 120/237/215 599/304/281 1413/305/282
f 1478/234/212 1418/306/283 580/307/284
f 134/233/211 617/308/285 1418/306/283
f 1463/264/241 1433/309/286 119/265/242
f 138/211/189 634/310/287 1481/262/239
f 119/265/242 669/311/288 1466/269/246
f 437/312/289 124/215/193 1373/313/290
f 1369/235/213 1459/314/291 445/315/292
f 120/237/215 615/316/293 1459/314/291
f 137/208/186 597/317/294 1453/164/144
f 427/275/252 127/205/183 31/228/206
f 466/318/295 125/276/253 30/251/228
f 635/319/296 133/320/253 1423/321/297
f 1423/321/297 1434/322/298 652/323/299
f 489/278/255 129/240/180 1398/324/300
f 504/325/301 129/240/180 35/266/243
f 1449/212/190 1444/326/302 723/327/303
f 1470/328/304 1438/329/305 118/292/269
f 412/243/220 123/256/233 28/272/249
f 437/312/289 122/244/221 27/226/204
f 1419/221/199 1408/330/306 581/331/307
f 598/332/308 132/333/309 1414/220/198
f 466/318/295 126/295/272 1384/334/310
f 480/204/182 126/295/272 32/231/209
f 1434/322/298 1428/335/311 670/336/312
f 135/225/203 651/337/313 1462/218/196
f 504/325/301 130/194/172 1403/338/314
f 1394/293/270 1475/339/315 455/340/316
f 118/292/269 686/341/317 1475/339/315
f 1550/342/318 36/343/319 738/344/320
f 1501/345/321 55/346/322 158/347/323
f 141/348/319 763/349/324 38/350/319
f 752/351/325 166/352/326 1511/353/327
f 39/354/319 1515/355/328 742/356/329
f 737/357/330 158/347/323 51/358/331
f 748/359/332 154/360/333 49/361/334
f 762/362/335 161/363/336 1506/364/337
f 38/350/319 1490/365/338 758/366/339
f 1505/367/340 39/354/319 140/368/319
f 1511/353/327 57/369/341 767/370/342
f 1521/371/343 54/372/344 773/373/345
f 1516/374/346 61/375/347 743/376/348
f 767/370/342 160/377/349 1526/378/350
f 1526/378/350 58/379/351 777/380/352
f 1536/381/353 53/382/354 783/383/355
f 142/384/319 772/385/356 1515/355/328
f 777/380/352 167/386/357 1541/387/358
f 1541/387/358 1653/388/359 789/389/360
f 804/390/361 165/391/362 1536/381/353
f 143/392/319 782/393/363 1520/394/364
f 1551/395/365 51/358/331 156/396/366
f 809/397/367 156/396/366 52/398/368
f 815/399/369 162/400/370 48/401/371
f 36/343/319 1495/402/372 141/348/319
f 1566/403/373 52/398/368 164/404/374
f 820/405/375 164/404/374 56/406/376
f 1561/407/377 1650/408/378 162/400/370
f 41/409/319 1545/410/379 145/411/319
f 158/347/323 863/412/380 1580/413/381
f 45/414/382 1596/415/383 149/416/382
f 59/417/384 1590/418/385 166/352/326
f 872/419/386 150/420/382 1606/421/387
f 156/396/366 843/422/388 1630/423/389
f 50/424/390 1575/425/391 868/426/392
f 50/424/390 1585/427/393 161/363/336
f 155/428/394 852/429/395 1575/425/391
f 168/430/396 863/412/380 55/346/322
f 169/431/397 847/432/398 61/375/347
f 54/372/344 1595/433/399 169/431/397
f 57/369/341 1605/434/400 160/377/349
f 1591/435/401 43/436/382 872/419/386
f 157/437/402 877/438/403 54/372/344
f 53/382/354 1600/439/404 157/437/402
f 58/379/351 1620/440/405 167/386/357
f 1606/421/387 46/441/406 882/442/407
f 165/391/362 887/443/408 53/382/354
f 60/444/409 1615/445/410 165/391/362
f 167/386/357 893/446/411 1653/388/359
f 842/447/412 148/448/382 42/449/382
f 49/361/334 1625/450/413 852/429/395
f 154/360/333 919/451/414 1625/450/413
f 164/404/374 915/452/415 1645/453/416
f 152/454/382 914/455/417 1631/456/418
f 48/401/371 1640/457/419 919/451/414
f 162/400/370 931/458/420 1640/457/419
f 56/406/376 1645/453/416 924/459/421
f 1496/460/422 49/361/334 155/428/394
f 1556/461/423 56/406/376 159/462/424
f 159/462/424 924/459/421 1635/463/425
f 42/449/382 1576/464/426 853/465/427
f 763/349/324 140/368/319 38/350/319
f 1506/364/337 59/417/384 752/351/325
f 161/363/336 858/466/428 59/417/384
f 148/448/382 867/467/429 1576/464/426
f 146/468/319 814/469/430 41/409/319
f 738/344/320 141/348/319 1500/470/431
f 51/358/331 1580/413/381 843/422/388
f 920/471/432 153/472/382 47/473/382
f 773/373/345 169/431/397 1516/374/346
f 1531/474/433 1654/475/434 163/476/435
f 163/476/435 892/477/436 1610/478/437
f 149/416/382 878/479/438 43/436/382
f 743/376/348 168/430/396 1491/480/439
f 762/362/335 155/428/394 50/424/390
f 1581/481/440 44/482/382 148/448/382
f 61/375/347 1570/483/441 168/430/396
f 1555/484/442 1560/485/443 146/468/319
f 819/486/444 146/468/319 1565/487/445
f 153/472/382 925/488/446 1646/489/447
f 1641/490/448 1636/491/449 153/472/382
f 40/492/450 1535/493/451 782/393/363
f 1510/494/452 37/495/319 142/384/319
f 166/352/326 873/496/453 57/369/341
f 46/441/406 1616/497/454 151/498/455
f 753/499/456 142/384/319 39/354/319
f 768/500/457 143/392/319 37/495/319
f 147/501/382 867/467/429 44/482/382
f 45/414/382 1586/502/458 147/501/382
f 1546/503/459 48/401/371 154/360/333
f 42/449/382 1631/456/418 842/447/412
f 1716/504/460 62/505/461 947/506/462
f 1626/507/463 47/473/382 152/454/382
f 144/508/464 805/509/465 1535/493/451
f 1540/510/466 1530/511/467 144/508/464
f 1621/512/468 1611/513/469 894/514/470
f 151/498/455 909/515/471 1611/513/469
f 1556/461/423 1651/516/472 824/517/473
f 810/518/474 145/411/319 1550/342/318
f 52/398/368 1630/423/389 915/452/415
f 159/462/424 929/519/475 1651/516/472
f 783/383/355 157/437/402 1521/371/343
f 1565/487/445 41/409/319 810/518/474
f 47/473/382 1646/489/447 914/455/417
f 150/420/382 888/520/476 46/441/406
f 37/495/319 1520/394/364 772/385/356
f 1491/480/439 55/346/322 757/521/477
f 857/522/478 149/416/382 1591/435/401
f 43/436/382 1601/523/479 150/420/382
f 1531/474/433 60/444/409 804/390/361
f 1525/524/480 40/492/450 143/392/319
f 160/377/349 883/525/481 58/379/351
f 163/476/435 910/526/482 60/444/409
f 1500/470/431 38/350/319 758/366/339
f 140/368/319 742/356/329 1490/365/338
f 848/527/483 147/501/382 1571/528/484
f 1571/528/484 44/482/382 862/529/485
f 145/411/319 747/530/486 36/343/319
f 778/531/487 144/508/464 40/492/450
f 882/442/407 151/498/455 1621/512/468
f 853/465/427 152/454/382 42/449/382
f 1667/532/488 81/533/489 188/534/490
f 171/535/461 972/536/491 64/537/461
f 961/538/492 196/539/493 1677/540/494
f 65/541/461 1681/542/495 951/543/496
f 946/544/497 188/534/490 77/545/498
f 957/546/499 184/547/500 75/548/501
f 971/549/502 191/550/503 1672/551/504
f 64/537/461 1656/552/505 967/553/506
f 1671/554/507 65/541/461 170/555/461
f 1677/540/494 83/556/508 976/557/509
f 1687/558/510 80/559/511 982/560/512
f 1682/561/513 87/562/514 952/563/515
f 976/557/509 190/564/516 1692/565/517
f 1692/565/517 84/566/518 986/567/519
f 1702/568/520 79/569/521 992/570/522
f 172/571/461 981/572/523 1681/542/495
f 986/567/519 197/573/524 1707/574/525
f 1707/574/525 1819/575/526 998/576/527
f 1013/577/528 195/578/529 1702/568/520
f 173/579/530 991/580/531 1686/581/532
f 1717/582/533 77/545/498 186/583/534
f 1018/584/535 186/583/534 78/585/536
f 1024/586/537 192/587/538 74/588/539
f 62/505/461 1661/589/540 171/535/461
f 1732/590/541 78/585/536 194/591/542
f 1029/592/543 194/591/542 82/593/544
f 1727/594/545 1816/595/546 192/587/538
f 67/596/461 1711/597/547 175/598/461
f 188/534/490 1071/599/548 1746/600/549
f 71/601/550 1762/602/551 179/603/550
f 85/604/552 1756/605/553 196/539/493
f 1080/606/554 180/607/555 1772/608/556
f 186/583/534 1051/609/557 1796/610/558
f 76/611/559 1741/612/560 1076/613/561
f 76/611/559 1751/614/562 191/550/503
f 185/615/563 1060/616/564 1741/612/560
f 198/617/565 1071/599/548 81/533/489
f 199/618/566 1055/619/567 87/562/514
f 80/559/511 1761/620/568 199/618/566
f 83/556/508 1771/621/569 190/564/516
f 1757/622/570 69/623/571 1080/606/554
f 187/624/572 1085/625/573 80/559/511
f 79/569/521 1766/626/574 187/624/572
f 84/566/518 1786/627/575 197/573/524
f 1772/608/556 72/628/576 1090/629/577
f 195/578/529 1095/630/578 79/569/521
f 86/631/579 1781/632/580 195/578/529
f 197/573/524 1101/633/581 1819/575/526
f 1050/634/582 178/635/550 68/636/550
f 75/548/501 1791/637/583 1060/616/564
f 184/547/500 1127/638/584 1791/637/583
f 194/591/542 1123/639/585 1811/640/586
f 182/641/550 1122/642/587 1797/643/588
f 74/588/539 1806/644/589 1127/638/584
f 192/587/538 1139/645/590 1806/644/589
f 82/593/544 1811/640/586 1132/646/591
f 1662/647/592 75/548/501 185/615/563
f 1722/648/593 82/593/544 189/649/594
f 189/649/594 1132/646/591 1801/650/595
f 68/636/550 1742/651/596 1061/652/597
f 972/536/491 170/555/461 64/537/461
f 1672/551/504 85/604/552 961/538/492
f 191/550/503 1066/653/598 85/604/552
f 178/635/550 1075/654/599 1742/651/596
f 176/655/461 1023/656/600 67/596/461
f 947/506/462 171/535/461 1666/657/601
f 77/545/498 1746/600/549 1051/609/557
f 1128/658/602 183/659/550 73/660/550
f 982/560/512 199/618/566 1682/561/513
f 1697/661/603 1820/662/604 193/663/605
f 193/663/605 1100/664/606 1776/665/607
f 179/603/550 1086/666/608 69/623/571
f 952/563/515 198/617/565 1657/667/609
f 971/549/502 185/615/563 76/611/559
f 1747/668/610 70/669/550 178/635/550
f 87/562/514 1736/670/611 198/617/565
f 1721/671/612 1726/672/613 176/655/461
f 1028/673/614 176/655/461 1731/674/615
f 183/659/550 1133/675/616 1812/676/617
f 1807/677/618 1802/678/619 183/659/550
f 66/679/620 1701/680/621 991/580/531
f 1676/681/622 63/682/623 172/571/461
f 196/539/493 1081/683/624 83/556/508
f 72/628/576 1782/684/625 181/685/626
f 962/686/627 172/571/461 65/541/461
f 977/687/628 173/579/530 63/682/623
f 177/688/550 1075/654/599 70/669/550
f 71/601/550 1752/689/629 177/688/550
f 1712/690/630 74/588/539 184/547/500
f 68/636/550 1797/643/588 1050/634/582
f 1792/691/631 73/660/550 182/641/550
f 174/692/632 1014/693/633 1701/680/621
f 1706/694/634 1696/695/635 174/692/632
f 1787/696/636 1777/697/637 1102/698/638
f 181/685/626 1117/699/639 1777/697/637
f 1722/648/593 1817/700/640 1033/701/641
f 1019/702/642 175/598/461 1716/504/460
f 78/585/536 1796/610/558 1123/639/585
f 189/649/594 1137/703/643 1817/700/640
f 992/570/522 187/624/572 1687/558/510
f 1731/674/615 67/596/461 1019/702/642
f 73/660/550 1812/676/617 1122/642/587
f 180/607/555 1096/704/644 72/628/576
f 63/682/623 1686/581/532 981/572/523
f 1657/667/609 81/533/489 966/705/645
f 1065/706/646 179/603/550 1757/622/570
f 69/623/571 1767/707/647 180/607/555
f 1697/661/603 86/631/579 1013/577/528
f 1691/708/648 66/679/620 173/579/530
f 190/564/516 1091/709/649 84/566/518
f 193/663/605 1118/710/650 86/631/579
f 1666/657/601 64/537/461 967/553/506
f 170/555/461 951/543/496 1656/552/505
f 1056/711/651 177/688/550 1737/712/652
f 1737/712/652 70/669/550 1070/713/653
f 175/598/461 956/714/654 62/505/461
f 987/715/655 174/692/632 66/679/620
f 1090/629/577 181/685/626 1787/696/636
f 1061/652/597 182/641/550 68/636/550
f 251/716/656 256/717/657 264/718/658
f 254/719/659 257/720/660 256/717/657
f 264/718/658 256/717/657 267/721/661
f 256/717/657 258/722/662 267/721/661
f 259/723/663 261/724/664 252/725/665
f 260/726/666 262/727/667 259/728/663
f 262/729/667 255/730/668 261/724/664
f 263/731/669 257/720/660 262/729/667
f 253/48/43 266/732/670 265/733/671
f 264/734/672 267/735/673 266/732/670
f 265/733/671 263/736/674 260/726/675
f 266/732/670 258/737/676 263/736/674
f 288/176/156 293/738/677 292/739/678
f 291/740/679 294/741/680 293/738/677
f 292/739/678 305/742/681 302/743/682
f 293/738/677 295/744/683 305/742/681
f 289/745/684 299/746/685 298/747/686
f 296/748/687 300/749/688 299/746/685
f 298/747/686 299/746/685 294/741/689
f 299/746/685 295/744/690 294/741/689
f 301/750/691 303/751/692 290/752/693
f 302/743/682 304/753/694 301/750/691
f 304/753/694 297/754/695 303/751/692
f 305/742/681 300/749/696 304/753/694
f 356/136/119 361/755/697 360/756/698
f 359/757/699 362/758/700 361/759/697
f 360/760/698 372/761/701 369/762/702
f 361/759/697 363/763/703 372/761/701
f 357/105/93 366/764/704 359/765/705
f 364/766/706 367/767/707 366/764/704
f 359/765/705 366/764/704 362/758/708
f 366/764/704 363/763/709 362/758/710
f 368/768/711 370/769/712 358/173/153
f 369/762/702 371/770/713 368/768/711
f 371/770/713 365/771/714 370/769/712
f 372/761/715 367/767/707 371/770/713
f 393/178/158 398/772/716 406/773/717
f 396/774/718 399/775/719 398/772/716
f 406/773/717 398/772/716 409/776/720
f 398/772/716 400/777/721 409/776/722
f 401/778/723 403/779/724 394/780/725
f 402/781/726 404/782/727 401/778/723
f 404/782/727 397/783/728 403/779/724
f 405/784/729 399/775/730 404/782/727
f 395/117/102 408/785/731 407/786/732
f 406/787/733 409/776/734 408/785/731
f 407/786/732 405/784/729 402/781/726
f 408/785/731 400/777/735 405/784/729
f 413/788/736 415/789/737 410/165/145
f 413/788/736 414/790/738 416/791/739
f 416/791/739 422/792/740 415/789/737
f 418/793/741 420/794/742 411/795/743
f 419/796/744 421/797/745 418/793/741
f 421/797/745 414/790/738 420/794/742
f 421/797/745 417/798/746 416/799/739
f 422/792/740 424/800/747 423/801/748
f 424/800/747 419/796/744 423/802/748
f 425/219/197 428/803/749 429/804/750
f 429/805/751 430/806/751 433/807/752
f 426/808/753 432/809/754 431/810/755
f 431/810/756 429/811/757 428/812/758
f 432/809/759 430/813/760 429/811/757
f 436/207/761 439/814/762 443/815/763
f 439/814/764 1823/816/765 440/817/764
f 438/232/766 443/818/766 444/819/767
f 443/820/763 439/821/762 444/822/768
f 444/822/769 1823/823/769 442/824/769
f 445/315/292 448/825/770 449/826/771
f 448/825/772 453/827/773 449/828/774
f 449/828/774 450/829/775 1824/830/776
f 446/831/777 451/832/778 453/833/779
f 451/834/780 452/835/781 1824/836/782
f 453/833/773 451/832/783 449/837/774
f 451/832/783 450/838/775 449/837/774
f 458/839/784 459/840/785 455/340/316
f 458/839/786 461/841/787 460/842/786
f 459/840/788 464/843/789 1825/844/790
f 456/845/791 460/846/792 461/847/793
f 463/848/794 464/843/795 460/849/796
f 468/850/797 470/851/798 465/296/273
f 468/850/797 469/852/799 478/853/800
f 470/851/798 478/854/800 476/855/801
f 478/853/800 469/852/802 471/856/803
f 472/857/804 474/858/805 473/859/806
f 473/860/806 474/858/805 469/861/807
f 474/858/805 471/856/803 469/852/807
f 475/862/808 477/863/809 467/261/238
f 475/862/808 476/855/801 478/864/800
f 478/864/800 472/857/804 477/863/809
f 479/270/247 487/865/810 482/866/811
f 487/867/812 1826/868/813 483/869/814
f 482/866/815 487/870/816 486/871/816
f 481/268/245 486/872/817 487/873/818
f 487/874/819 1826/868/820 484/875/821
f 491/876/822 493/877/823 488/291/268
f 491/876/822 492/878/824 494/879/825
f 493/877/823 494/880/825 500/881/826
f 494/879/825 492/878/824 495/882/827
f 496/883/828 497/884/829 498/885/830
f 496/886/828 498/885/830 492/887/824
f 497/884/829 492/878/824 498/885/830
f 499/888/831 501/889/832 490/283/260
f 500/881/826 502/890/833 499/888/831
f 501/889/832 502/890/833 497/891/829
f 502/890/833 495/882/827 497/884/829
f 506/892/834 507/893/835 503/196/836
f 506/892/837 508/894/838 512/895/839
f 507/893/840 512/896/840 511/897/840
f 505/290/267 511/898/841 512/899/842
f 512/900/843 1822/901/844 510/902/845
f 512/896/843 508/903/846 1822/901/844
f 515/904/847 517/905/848 513/279/256
f 516/906/849 518/907/850 515/904/847
f 518/907/850 526/908/851 517/905/848
f 518/907/850 519/909/852 529/910/853
f 514/250/227 523/911/854 522/912/855
f 520/913/856 524/914/857 523/915/854
f 522/912/855 519/916/858 516/917/859
f 523/911/860 529/918/861 519/916/862
f 525/919/863 527/920/864 200/297/274
f 526/908/851 528/921/865 525/919/863
f 528/921/865 521/922/866 527/920/864
f 528/921/865 529/923/867 524/914/868
f 533/924/869 535/925/870 530/242/219
f 539/926/871 541/927/872 532/259/236
f 545/928/873 547/929/874 542/274/251
f 546/930/875 548/931/876 545/928/873
f 548/931/876 557/932/877 547/929/874
f 548/931/876 550/933/878 560/934/879
f 551/935/880 553/936/881 543/253/230
f 552/937/882 554/938/883 551/935/880
f 554/938/883 546/930/875 553/936/881
f 554/938/883 550/933/878 549/939/884
f 556/940/885 558/941/886 544/300/277
f 557/932/877 559/942/887 556/940/885
f 559/942/887 552/937/882 558/941/886
f 559/942/887 550/933/878 555/943/888
f 564/944/889 566/945/890 561/230/208
f 565/946/891 567/947/892 564/944/889
f 567/947/892 576/948/893 566/945/890
f 567/947/892 568/949/894 569/950/895
f 562/298/275 573/951/896 572/952/897
f 570/953/898 574/954/899 573/955/896
f 572/956/897 568/949/900 565/946/901
f 573/955/896 569/957/902 568/949/900
f 575/958/903 577/959/904 563/267/244
f 576/948/893 578/960/905 575/958/903
f 578/960/905 571/961/906 577/959/904
f 578/960/905 569/957/895 574/954/907
f 579/962/908 584/963/909 583/964/910
f 582/965/911 585/966/912 584/963/909
f 583/964/910 596/967/913 593/968/914
f 584/963/909 586/969/915 596/967/913
f 580/307/284 590/970/916 589/971/917
f 587/972/918 591/973/919 590/970/916
f 589/971/920 585/966/921 582/965/922
f 590/970/916 586/969/923 585/966/924
f 592/974/925 594/975/926 581/976/307
f 593/968/914 595/977/927 592/974/925
f 595/977/927 588/978/928 594/975/926
f 596/967/929 591/973/930 595/977/927
f 600/979/931 602/980/932 597/317/294
f 601/981/933 603/982/934 600/979/931
f 603/982/934 611/983/935 602/980/932
f 603/982/934 604/984/936 614/985/937
f 605/986/938 607/987/939 598/988/308
f 606/989/940 608/990/941 605/986/938
f 608/990/941 601/981/933 607/987/939
f 608/990/941 609/991/942 604/992/936
f 610/993/943 612/994/944 599/304/281
f 611/983/935 613/995/945 610/993/943
f 613/995/945 606/989/940 612/994/944
f 614/985/937 609/991/942 613/995/945
f 615/316/293 621/996/946 620/997/947
f 618/998/948 622/999/949 621/996/946
f 620/997/950 632/1000/951 629/1001/952
f 621/996/946 623/1002/953 632/1000/951
f 624/1003/954 626/1004/955 616/1005/200
f 625/1006/956 627/1007/957 624/1003/954
f 627/1007/957 619/1008/958 626/1004/955
f 628/1009/959 622/999/949 627/1007/957
f 617/308/285 631/1010/960 630/1011/961
f 629/1001/962 632/1000/963 631/1010/960
f 630/1011/961 628/1009/959 625/1006/956
f 631/1010/960 623/1002/953 628/1009/959
f 636/1012/964 638/1013/965 633/1014/966
f 637/1015/967 639/1016/968 636/1012/964
f 639/1016/968 647/1017/969 638/1013/965
f 639/1016/968 640/1018/970 650/1019/971
f 641/1020/972 643/1021/973 634/310/287
f 642/1022/974 644/1023/975 641/1020/972
f 644/1023/975 637/1015/967 643/1021/973
f 645/1024/976 640/1018/970 644/1023/975
f 646/1025/977 648/1026/978 635/1027/296
f 647/1017/969 649/1028/979 646/1025/977
f 649/1028/979 642/1022/974 648/1026/978
f 649/1028/979 650/1029/971 645/1024/976
f 651/337/313 657/1030/980 656/1031/981
f 654/1032/982 658/1033/983 657/1030/980
f 657/1030/984 665/1034/985 656/1031/986
f 657/1030/984 659/1035/987 667/1036/988
f 660/1037/989 662/1038/990 652/1039/299
f 661/1040/991 663/1041/992 660/1037/989
f 663/1041/993 655/1042/994 662/1038/990
f 653/1043/995 667/1044/996 666/1045/997
f 664/1046/998 665/1034/999 667/1044/1000
f 666/1045/997 658/1047/1001 661/1040/991
f 667/1036/1002 659/1035/1002 658/1047/1002
f 668/1048/1003 673/1049/1004 672/1050/1005
f 671/1051/1006 674/1052/1007 673/1049/1004
f 672/1050/1005 685/1053/1008 682/1054/1009
f 673/1049/1004 675/1055/1010 685/1053/1008
f 669/311/288 679/1056/1011 678/1057/1012
f 676/1058/1013 680/1059/1014 679/1056/1011
f 678/1057/1012 679/1056/1011 674/1052/1015
f 679/1056/1011 675/1055/1010 674/1052/1015
f 681/1060/1016 683/1061/1017 670/1062/312
f 682/1054/1009 684/1063/1018 681/1060/1016
f 684/1063/1018 677/1064/1019 683/1061/1017
f 685/1053/1008 680/1059/1014 684/1063/1018
f 686/341/317 691/1065/1020 699/1066/1021
f 689/1067/1022 692/1068/1023 691/1065/1020
f 699/1066/1021 691/1065/1020 702/1069/1024
f 691/1065/1020 693/1070/1025 702/1069/1024
f 694/1071/1026 696/1072/1027 687/1073/191
f 695/1074/1028 697/1075/1029 694/1071/1026
f 697/1075/1029 690/1076/1030 696/1077/1027
f 698/1078/1031 692/1068/1023 697/1075/1029
f 688/1079/1032 701/1080/1033 700/1081/1034
f 699/1082/1035 702/1069/1036 701/1080/1033
f 700/1081/1034 698/1078/1031 695/1074/1028
f 701/1080/1033 693/1070/1025 698/1078/1031
f 706/1083/1037 708/1084/1038 703/1085/1039
f 707/1086/1040 709/1087/1041 706/1083/1037
f 709/1087/1041 717/1088/1042 708/1084/1038
f 710/1089/1043 720/1090/1044 709/1087/1041
f 711/1091/1045 713/1092/1046 704/301/278
f 712/1093/1047 714/1094/1048 711/1091/1045
f 714/1094/1048 707/1086/1040 713/1092/1046
f 714/1094/1048 715/1095/1049 710/1089/1043
f 716/1096/1050 718/1097/1051 705/1098/179
f 717/1088/1042 719/1099/1052 716/1096/1050
f 719/1099/1052 712/1093/1047 718/1097/1051
f 719/1099/1052 720/1090/1044 715/1100/1049
f 721/1101/1053 727/1102/1054 726/1103/1055
f 724/1104/1056 725/1105/1057 727/1102/1054
f 726/1103/1055 732/1106/1058 734/1107/1059
f 727/1108/1060 728/1109/1061 732/1106/1062
f 722/302/279 727/1110/1063 731/1111/1064
f 729/1112/1065 732/1113/1066 727/1110/1063
f 731/1111/1064 727/1108/1063 725/1105/1067
f 733/1114/1068 735/1115/1069 723/1116/303
f 734/1107/1059 736/1117/1070 733/1114/1068
f 736/1117/1071 730/1118/1072 735/1115/1069
f 787/1119/1073 792/1120/1074 800/1121/1075
f 790/1122/1076 793/1123/1077 792/1120/1074
f 800/1121/1075 792/1120/1074 803/1124/1078
f 792/1120/1074 794/1125/1079 803/1124/1078
f 795/1126/1080 797/1127/1081 788/1128/1082
f 796/1129/1083 798/1130/1084 795/1126/1080
f 798/1131/1084 791/1132/1085 797/1133/1081
f 799/1134/1086 793/1123/1077 798/1131/1084
f 789/1135/360 802/1136/1087 801/1137/1088
f 800/1138/1089 803/1139/1090 802/1136/1087
f 801/1137/1088 799/1140/1091 796/1129/1092
f 802/1136/1087 794/1141/1093 799/1140/1091
f 824/517/473 829/1142/1094 828/1143/1095
f 827/1144/1096 830/1145/1097 829/1146/1094
f 828/1143/1095 841/1147/1098 838/1148/1099
f 829/1146/1094 831/1149/1100 841/1150/1098
f 825/1151/1101 835/1152/1102 834/1153/1103
f 832/1154/1104 836/1155/1105 835/1152/1102
f 834/1153/1103 835/1152/1102 830/1145/1106
f 835/1152/1102 831/1149/1107 830/1145/1106
f 837/1156/1108 839/1157/1109 826/1158/1110
f 838/1159/1099 840/1160/1111 837/1156/1108
f 840/1160/1111 833/1161/1112 839/1157/1109
f 841/1150/1098 836/1155/1113 840/1160/1111
f 892/477/436 896/1162/1114 895/1163/1115
f 901/1164/1116 897/1165/1117 896/1162/1114
f 895/1163/1115 908/1166/1118 905/1167/1119
f 896/1162/1114 898/1168/1120 908/1166/1118
f 893/446/411 902/1169/1121 901/1170/1122
f 899/1171/1123 903/1172/1124 902/1169/1121
f 901/1170/1122 902/1169/1121 897/1165/1125
f 902/1169/1121 898/1168/1126 897/1165/1125
f 904/1173/1127 906/1174/1128 894/514/470
f 905/1167/1119 907/1175/1129 904/1173/1127
f 907/1175/1129 900/1176/1130 906/1174/1128
f 908/1166/1131 903/1172/1124 907/1175/1129
f 929/519/475 934/1177/1132 942/1178/1133
f 932/1179/1134 935/1180/1135 934/1177/1132
f 942/1178/1133 934/1177/1132 945/1181/1136
f 934/1177/1132 936/1182/1137 945/1181/1138
f 937/1183/1139 939/1184/1140 930/1185/1141
f 938/1186/1142 940/1187/1143 937/1183/1139
f 940/1187/1143 933/1188/1144 939/1184/1140
f 941/1189/1145 935/1180/1146 940/1187/1143
f 931/458/420 944/1190/1147 943/1191/1148
f 942/1192/1149 945/1181/1150 944/1190/1147
f 943/1191/1148 941/1189/1145 938/1186/1142
f 944/1190/1147 936/1182/1151 941/1189/1145
f 996/1193/1152 1001/1194/1153 1009/1195/1154
f 999/1196/1155 1002/1197/1156 1001/1194/1153
f 1009/1198/1154 1001/1199/1153 1012/1200/1157
f 1001/1199/1153 1003/1201/1158 1012/1200/1159
f 1004/1202/1160 1006/1203/1161 997/1204/1162
f 1005/1205/1163 1007/1206/1164 1004/1202/1160
f 1007/1207/1164 1000/1208/1165 1006/1209/1161
f 1008/1210/1166 1002/1211/1156 1007/1206/1164
f 998/576/527 1011/1212/1167 1010/1213/1168
f 1009/1214/1169 1012/1200/1170 1011/1212/1167
f 1010/1213/1168 1008/1210/1171 1005/1205/1172
f 1011/1212/1167 1003/1201/1173 1008/1210/1171
f 1033/1215/641 1038/1216/1174 1037/1217/1175
f 1036/1218/1176 1039/1219/1177 1038/1220/1174
f 1037/1217/1175 1049/1221/1178 1046/1222/1179
f 1038/1216/1174 1040/1223/1180 1049/1221/1178
f 1034/1224/1181 1043/1225/1182 1036/1226/1183
f 1041/1227/1184 1044/1228/1185 1043/1225/1182
f 1036/1226/1183 1043/1225/1182 1039/1219/1186
f 1043/1225/1182 1040/1229/1187 1039/1219/1188
f 1045/1230/1189 1047/1231/1190 1035/1232/1191
f 1046/1222/1179 1048/1233/1192 1045/1230/1189
f 1048/1234/1192 1042/1235/1193 1047/1236/1190
f 1049/1221/1178 1044/1237/1194 1048/1233/1192
f 1100/664/606 1104/1238/1195 1103/1239/1196
f 1109/1240/1197 1105/1241/1198 1104/1238/1195
f 1103/1239/1196 1116/1242/1199 1113/1243/1200
f 1104/1238/1195 1106/1244/1201 1116/1242/1199
f 1101/633/581 1110/1245/1202 1109/1246/1203
f 1107/1247/1204 1111/1248/1205 1110/1245/1202
f 1109/1246/1203 1110/1245/1202 1105/1241/1206
f 1110/1245/1202 1106/1244/1207 1105/1241/1206
f 1112/1249/1208 1114/1250/1209 1102/698/638
f 1113/1243/1200 1115/1251/1210 1112/1249/1208
f 1115/1251/1210 1108/1252/1211 1114/1250/1209
f 1116/1242/1212 1111/1248/1205 1115/1251/1210
f 1137/703/643 1143/1253/1213 1142/1254/1214
f 1140/1255/1215 1144/1256/1216 1143/1253/1213
f 1142/1254/1214 1143/1253/1213 1153/1257/1217
f 1143/1253/1213 1145/1258/1218 1153/1257/1217
f 1146/1259/1219 1148/1260/1220 1138/1261/1221
f 1147/1262/1222 1149/1263/1223 1146/1259/1219
f 1149/1263/1223 1141/1264/1224 1148/1260/1220
f 1150/1265/1225 1144/1256/1226 1149/1263/1223
f 1139/645/590 1152/1266/1227 1151/1267/1228
f 1142/1268/1229 1153/1257/1230 1152/1266/1227
f 1151/1267/1228 1150/1265/1225 1147/1262/1222
f 1152/1266/1227 1145/1258/1231 1150/1265/1225
f 1156/1269/1232 1158/1270/1233 1155/1271/1234
f 1158/1270/1233 1166/1272/1235 1157/1273/1236
f 1158/1270/1233 1159/1274/1237 1169/1275/1238
f 1154/1276/1239 1163/1277/1240 1162/1278/1241
f 1160/1279/1242 1164/1280/1243 1163/1277/1240
f 1162/1278/1241 1159/1274/1244 1156/1269/1245
f 1163/1277/1246 1169/1281/1247 1159/1274/1248
f 1166/1272/1249 1168/1282/1250 1165/1283/1251
f 1168/1282/1250 1161/1284/1252 1167/1285/1253
f 1168/1282/1250 1169/1281/1254 1164/1280/1255
f 222/25/22 1172/1286/1256 225/1287/1257
f 225/1287/1257 1173/1288/1258 224/1289/1259
f 224/1289/1260 1174/1290/1261 223/1291/1262
f 1174/1290/1261 221/1292/160 223/1291/1262
f 1170/24/21 208/1293/1263 1172/1286/1256
f 1172/1286/1256 209/1294/1264 1173/1288/1258
f 1173/1288/1265 210/1295/1266 1174/1290/1261
f 210/1295/1266 1171/1296/122 1174/1290/1261
f 1175/1297/55 230/1298/1267 227/1299/7
f 1177/1300/1268 229/1301/1269 230/1298/1267
f 1178/1302/1270 228/1303/1271 229/1301/1272
f 228/1303/1271 1176/119/104 226/21/18
f 211/1304/169 1177/1300/1268 1175/1297/55
f 213/1305/1273 1178/1302/1274 1177/1300/1268
f 214/1306/1275 1179/1307/1276 1178/1302/1270
f 1179/1307/1276 212/18/15 1176/119/104
f 1180/129/114 205/1308/1277 202/3/3
f 1182/1309/1278 204/1310/1279 205/1308/1277
f 1183/1311/1280 203/1312/1281 204/1310/1282
f 203/1312/1281 1181/1313/4 201/1314/13
f 222/25/22 1182/1309/1278 1180/129/114
f 225/1287/1257 1183/1311/1283 1182/1309/1278
f 224/1289/1260 1184/1315/1284 1183/1311/1280
f 1184/1315/1284 221/1292/160 1181/1313/4
f 217/1316/138 1187/1317/1285 220/1318/1286
f 220/1318/1286 1188/1319/1287 219/1320/1288
f 219/1320/1289 1189/1321/1290 218/1322/1291
f 1189/1321/1290 216/10/8 218/1322/1291
f 1185/1323/23 230/1298/1267 1187/1317/1285
f 1187/1317/1285 229/1301/1269 1188/1319/1287
f 1188/1319/1292 228/1303/1271 1189/1321/1290
f 228/1303/1271 1186/23/20 1189/1321/1290
f 232/1324/139 1192/1325/1293 235/1326/1294
f 235/1326/1294 1193/1327/1295 234/1328/1296
f 234/1328/1297 1194/1329/1298 233/1330/1299
f 1194/1329/1298 231/29/25 233/1330/1299
f 1190/1331/134 220/1318/1286 1192/1325/1293
f 1192/1325/1293 219/1320/1288 1193/1327/1295
f 1193/1327/1300 218/1322/1291 1194/1329/1298
f 218/1322/1291 1191/12/10 1194/1329/1298
f 206/15/12 1197/1332/1301 208/1293/1263
f 208/1293/1263 1198/1333/1302 209/1294/1264
f 209/1294/1303 1199/1334/1304 210/1295/1266
f 1199/1334/1304 207/1335/31 210/1295/1266
f 1195/14/11 238/1336/1305 1197/1332/1301
f 1197/1332/1301 239/1337/1306 1198/1333/1302
f 1198/1333/1307 240/1338/1308 1199/1334/1304
f 240/1338/1308 1196/1339/29 1199/1334/1304
f 236/44/39 1202/1340/1309 238/1336/1305
f 238/1336/1305 1203/1341/1310 239/1337/1306
f 239/1337/1311 1204/1342/1312 240/1338/1308
f 1204/1342/1312 237/1343/28 240/1338/1308
f 1200/53/47 248/1344/1313 1202/1340/1309
f 1202/1340/1309 249/1345/1314 1203/1341/1310
f 1203/1341/1315 250/1346/1316 1204/1342/1312
f 250/1346/1316 1201/1347/26 1204/1342/1312
f 242/1348/170 1207/1349/1317 245/1350/1318
f 245/1350/1318 1208/1351/1319 244/1352/1320
f 244/1352/1321 1209/1353/1322 243/1354/1323
f 1209/1353/1322 241/39/35 243/1354/1323
f 1205/1355/163 235/1326/1294 1207/1349/1317
f 1207/1349/1317 234/1328/1296 1208/1351/1319
f 1208/1351/1324 233/1330/1299 1209/1353/1322
f 233/1330/1299 1206/37/33 1209/1353/1322
f 1210/170/150 272/1356/1325 269/168/148
f 1212/1357/1326 271/1358/1327 272/1356/1325
f 1213/1359/1328 270/1360/1329 271/1358/1327
f 1214/1361/1330 268/1362/44 270/1360/1329
f 252/725/665 1212/1357/1326 1210/170/150
f 261/724/664 1213/1359/1328 1212/1357/1326
f 255/730/668 1214/1361/1330 1213/1359/1328
f 254/719/659 1211/133/116 1214/1361/1330
f 246/52/46 1217/1363/1331 248/1344/1313
f 248/1344/1313 1218/1364/1332 249/1345/1314
f 249/1345/1333 1219/1365/1334 250/1346/1316
f 250/1346/1316 1216/1366/36 247/1367/38
f 1215/152/133 272/1356/1325 1217/1363/1331
f 1217/1363/1335 271/1358/1327 1218/1364/1332
f 1218/1364/1336 270/1360/1329 1219/1365/1334
f 270/1360/1329 1216/1366/36 1219/1365/1334
f 252/1368/665 1222/1369/1337 259/728/663
f 259/728/663 1223/1370/1338 260/726/666
f 260/726/675 1224/1371/1339 265/733/671
f 265/733/671 1221/46/41 253/48/43
f 1220/1372/149 245/1350/1318 1222/1369/1337
f 1222/1369/1337 244/1352/1320 1223/1370/1338
f 1223/1370/1340 243/1354/1323 1224/1371/1339
f 1224/1371/1339 241/39/35 1221/46/41
f 1225/1373/62 213/1305/1273 211/1304/169
f 1227/1374/1341 214/1306/1342 213/1305/1273
f 1228/1375/1343 215/1376/1344 214/1306/1275
f 215/1376/1344 1226/162/142 212/18/15
f 278/128/113 1227/1377/1341 1225/69/62
f 280/1378/1345 1228/1375/1346 1227/1374/1341
f 281/1379/1347 1229/1380/1348 1228/1375/1343
f 1229/1380/1348 279/58/52 1226/162/142
f 1230/1/1 277/1381/1349 274/177/157
f 1232/1382/1350 276/1383/1351 277/1381/1349
f 1233/1384/1352 275/1385/1353 276/1383/1354
f 275/1386/1353 1231/54/48 273/56/50
f 202/3/3 1232/1382/1350 1230/1/1
f 205/1308/1277 1233/1384/1355 1232/1382/1350
f 204/1310/1282 1234/1387/1356 1233/1384/1352
f 1234/1388/1356 201/16/13 1231/54/48
f 290/752/693 1237/1389/1357 301/750/691
f 301/750/691 1238/1390/1358 302/743/682
f 302/743/682 1239/1391/1359 292/739/678
f 292/739/678 1236/120/105 288/176/156
f 1235/1392/125 285/1393/1360 1237/1389/1357
f 1237/1389/1357 286/1394/1361 1238/1390/1358
f 1238/1390/1358 287/1395/1362 1239/1391/1359
f 1239/1391/1359 284/64/58 1236/120/105
f 1240/144/126 280/1396/1345 278/128/113
f 1242/1397/1363 281/1379/1364 280/1378/1345
f 1243/1398/1365 282/1399/1366 281/1379/1347
f 1244/1400/1367 279/58/52 282/1399/1366
f 290/1401/693 1242/1402/1363 1240/144/126
f 303/751/692 1243/1398/1368 1242/1397/1363
f 297/754/1369 1244/1400/1367 1243/1398/1365
f 296/748/687 1241/66/60 1244/1400/1367
f 1245/146/128 285/1403/1360 283/145/127
f 1247/1404/1370 286/1405/1361 285/1403/1360
f 1248/1406/1371 287/1407/1362 286/1405/1361
f 287/1395/1362 1246/62/56 284/64/58
f 274/177/157 1247/1404/1370 1245/146/128
f 277/1381/1349 1248/1406/1372 1247/1404/1370
f 276/1383/1354 1249/1408/1373 1248/1406/1371
f 275/1386/1353 1246/62/56 1249/1409/1373
f 1250/142/124 330/1410/1374 327/71/63
f 1252/1411/1375 329/1412/1376 330/1410/1374
f 1253/1413/1377 328/1414/1378 329/1412/1376
f 1254/1415/1379 326/190/168 328/1414/1378
f 311/91/81 1252/1411/1375 1250/142/124
f 313/1416/1380 1253/1413/1377 1252/1411/1375
f 314/1417/1381 1254/1415/1379 1253/1413/1377
f 315/1418/1382 1251/189/167 1254/1415/1379
f 332/85/75 1257/1419/1383 335/1420/1384
f 335/1420/1384 1258/1421/1385 334/1422/1386
f 334/1422/1386 1259/1423/1387 333/1424/1388
f 333/1424/1388 1256/123/108 331/126/111
f 1255/84/74 318/1425/1389 1257/1419/1383
f 1257/1419/1383 319/1426/1390 1258/1421/1385
f 1258/1421/1385 320/1427/1391 1259/1423/1387
f 1259/1423/1387 317/124/109 1256/123/108
f 307/81/71 1262/1428/1392 310/1429/1393
f 310/1429/1393 1263/1430/1394 309/1431/1395
f 309/1431/1395 1264/1432/1396 308/1433/1397
f 308/1433/1397 1261/140/123 306/106/94
f 1260/72/64 330/1410/1374 1262/1428/1392
f 1262/1428/1392 329/1412/1376 1263/1430/1394
f 1263/1430/1394 328/1414/1378 1264/1432/1396
f 1264/1432/1396 326/190/168 1261/140/123
f 1265/86/76 325/1434/1398 322/125/110
f 1267/1435/1399 324/1436/1400 325/1434/1398
f 1268/1437/1401 323/1438/1402 324/1436/1400
f 1269/1439/1403 321/181/161 323/1438/1402
f 332/85/75 1267/1435/1399 1265/86/76
f 335/1420/1384 1268/1437/1401 1267/1435/1399
f 334/1422/1386 1269/1439/1403 1268/1437/1401
f 333/1424/1388 1266/161/141 1269/1439/1403
f 1270/77/68 340/1440/1404 337/155/135
f 1272/1441/1405 339/1442/1406 340/1440/1404
f 1273/1443/1407 338/1444/1408 339/1442/1406
f 1274/1445/1409 336/78/69 338/1444/1408
f 322/125/110 1272/1441/1405 1270/77/68
f 325/1434/1398 1273/1443/1407 1272/1441/1405
f 324/1436/1400 1274/1445/1409 1273/1443/1407
f 323/1438/1402 1271/94/84 1274/1445/1409
f 1275/92/82 313/1416/1380 311/91/81
f 1277/1446/1410 314/1417/1381 313/1416/1380
f 1278/1447/1411 315/1418/1382 314/1417/1381
f 1279/1448/1412 312/188/166 315/1418/1382
f 341/97/86 1277/1446/1410 1275/92/82
f 343/1449/1413 1278/1447/1411 1277/1446/1410
f 344/1450/1414 1279/1448/1412 1278/1447/1411
f 345/1451/1415 1276/74/66 1279/1448/1412
f 1280/98/87 343/1449/1413 341/97/86
f 1282/1452/1416 344/1450/1414 343/1449/1413
f 1283/1453/1417 345/1451/1415 344/1450/1414
f 1284/1454/1418 342/138/121 345/1451/1415
f 351/102/90 1282/1452/1416 1280/98/87
f 353/1455/1419 1283/1453/1417 1282/1452/1416
f 354/1456/1420 1284/1454/1418 1283/1453/1417
f 355/1457/1421 1281/182/162 1284/1454/1418
f 1285/93/83 350/1458/1422 347/185/164
f 1287/1459/1423 349/1460/1424 350/1458/1422
f 1288/1461/1425 348/1462/1426 349/1460/1424
f 1289/1463/1427 346/101/89 348/1462/1426
f 337/155/135 1287/1459/1423 1285/93/83
f 340/1440/1404 1288/1461/1425 1287/1459/1423
f 339/1442/1406 1289/1463/1427 1288/1461/1425
f 338/1444/1408 1286/80/70 1289/1463/1427
f 374/187/165 1292/1464/1428 377/1465/1429
f 377/1465/1429 1293/1466/1430 376/1467/1431
f 376/1467/1431 1294/1468/1432 375/1469/1433
f 375/1469/1433 1291/172/152 373/174/154
f 1290/137/120 360/756/698 1292/1470/1428
f 1292/1464/1428 369/762/702 1293/1466/1430
f 1293/1466/1430 368/768/711 1294/1468/1432
f 1294/1468/1432 358/173/153 1291/172/152
f 1295/104/92 353/1455/1419 351/102/90
f 1297/1471/1434 354/1456/1420 353/1455/1419
f 1298/1472/1435 355/1457/1421 354/1456/1420
f 1299/1473/1436 352/179/159 355/1457/1421
f 374/187/165 1297/1471/1434 1295/104/92
f 377/1465/1429 1298/1472/1435 1297/1471/1434
f 376/1467/1431 1299/1473/1436 1298/1472/1435
f 375/1469/1433 1296/156/136 1299/1473/1436
f 1300/99/88 364/766/706 357/105/93
f 1302/1474/1437 365/771/714 364/766/706
f 1303/1475/1438 370/769/712 365/771/714
f 1304/1476/1439 358/173/153 370/769/712
f 347/185/164 1302/1474/1437 1300/99/88
f 350/1458/1422 1303/1475/1438 1302/1474/1437
f 349/1460/1424 1304/1476/1439 1303/1475/1438
f 348/1462/1426 1301/171/151 1304/1476/1439
f 316/88/78 1307/1477/1440 318/1425/1389
f 318/1425/1389 1308/1478/1441 319/1426/1390
f 319/1426/1390 1309/1479/1442 320/1427/1391
f 320/1427/1391 1306/166/146 317/124/109
f 1305/109/95 385/1480/1443 1307/1477/1440
f 1307/1477/1440 386/1481/1444 1308/1478/1441
f 1308/1478/1441 387/1482/1445 1309/1479/1442
f 1309/1479/1442 384/130/115 1306/166/146
f 379/111/97 1312/1483/1446 382/1484/1447
f 382/1484/1447 1313/1485/1448 381/1486/1449
f 381/1486/1449 1314/1487/1450 380/1488/1451
f 380/1488/1451 1311/115/100 378/114/99
f 1310/82/72 310/1429/1393 1312/1483/1446
f 1312/1483/1446 309/1431/1395 1313/1485/1448
f 1313/1485/1448 308/1433/1397 1314/1487/1450
f 1314/1487/1450 306/106/94 1311/115/100
f 1315/122/107 396/774/718 393/178/158
f 1317/1489/1452 397/783/728 396/774/718
f 1318/1490/1453 403/779/724 397/783/728
f 1319/1491/1454 394/780/725 403/779/724
f 388/118/103 1317/1489/1452 1315/122/107
f 390/1492/1455 1318/1490/1453 1317/1489/1452
f 391/1493/1456 1319/1491/1454 1318/1490/1453
f 392/1494/1457 1316/150/132 1319/1491/1454
f 383/110/96 1322/1495/1458 385/1480/1443
f 385/1480/1443 1323/1496/1459 386/1481/1444
f 386/1481/1444 1324/1497/1460 387/1482/1445
f 387/1482/1445 1321/149/131 384/130/115
f 1320/116/101 407/786/732 1322/1495/1458
f 1322/1495/1458 402/781/726 1323/1496/1459
f 1323/1496/1459 401/778/723 1324/1497/1460
f 1324/1497/1460 394/780/725 1321/149/131
f 388/118/103 1327/1498/1461 390/1492/1455
f 390/1492/1455 1328/1499/1462 391/1493/1456
f 391/1493/1456 1329/1500/1463 392/1494/1457
f 392/1494/1457 1326/148/130 389/147/129
f 1325/112/98 382/1484/1447 1327/1498/1461
f 1327/1498/1461 381/1486/1449 1328/1499/1462
f 1328/1499/1462 380/1488/1451 1329/1500/1463
f 1329/1500/1463 378/114/99 1326/148/130
f 395/117/102 1332/1501/1464 406/1502/733
f 406/773/1465 1331/175/155 393/178/158
f 1330/67/61 298/747/1466 1332/1501/1464
f 1332/1503/1467 298/1504/1468 291/740/1468
f 1332/1505/1469 288/176/156 1331/175/155
f 1333/47/42 264/1506/1470 253/48/43
f 1335/1507/1471 251/716/656 264/718/658
f 357/105/93 1335/1508/1472 1333/47/42
f 359/1509/699 1334/134/117 1335/1507/1471
f 532/259/236 1338/1510/1473 539/926/871
f 539/926/871 1339/1511/1474 540/1512/1475
f 1339/1511/1474 535/925/870 540/1512/1475
f 1340/1513/1476 530/242/219 535/925/870
f 1336/258/235 547/929/874 1338/1510/1473
f 1338/1510/1473 557/932/877 1339/1511/1474
f 557/932/877 1340/1513/1476 1339/1511/1474
f 556/940/885 1337/260/237 1340/1513/1476
f 1341/252/229 551/935/880 543/253/230
f 1343/1514/1477 552/937/882 551/935/880
f 552/937/882 1345/1515/1478 558/941/886
f 558/941/886 1342/239/217 544/300/277
f 561/230/208 1343/1514/1477 1341/252/229
f 566/945/890 1344/1516/1479 1343/1514/1477
f 1344/1516/1479 575/958/903 1345/1515/1478
f 1345/1515/1478 563/267/244 1342/239/217
f 1346/287/264 570/1517/898 562/298/275
f 1348/1518/1480 571/1519/1481 570/1517/898
f 571/961/906 1349/1520/1482 577/959/904
f 1349/1520/1482 563/267/244 577/959/904
f 1346/287/264 538/1521/1483 1348/1518/1480
f 1348/1518/1480 534/1522/1484 1349/1523/1485
f 1349/1524/1482 534/1525/1486 533/924/869
f 1349/1520/1482 530/242/219 1347/241/218
f 200/297/274 1352/1526/1487 525/919/863
f 525/919/863 1353/1527/1488 526/908/851
f 1353/1527/1488 517/905/848 526/908/851
f 1354/1528/1489 513/279/256 517/905/848
f 1350/294/271 553/936/881 1352/1526/1487
f 1352/1526/1487 546/930/875 1353/1527/1488
f 546/930/875 1354/1528/1489 1353/1527/1488
f 545/928/873 1351/273/250 1354/1528/1489
f 1355/248/225 536/1529/1490 531/288/265
f 1357/1530/1491 537/1531/1492 536/1529/1490
f 537/1531/1493 1358/1532/1494 541/1533/872
f 1358/1534/1494 532/259/236 541/927/872
f 1355/248/225 522/912/855 1357/1530/1491
f 1357/1530/1491 516/917/859 1358/1535/1495
f 1358/1535/1494 516/917/849 515/1536/847
f 1358/1534/1494 513/279/256 1356/227/205
f 1359/249/226 520/1537/856 514/250/227
f 1361/1538/1496 521/922/1497 520/913/856
f 521/922/866 1362/1539/1498 527/920/864
f 1362/1539/1498 200/297/1499 527/920/864
f 1359/249/226 572/952/897 1361/1540/1496
f 1361/1538/1496 565/946/901 1362/1541/1500
f 1362/1541/1498 565/946/891 564/944/889
f 1362/1539/1498 561/230/208 1360/229/207
f 436/207/185 1365/1542/1501 439/1543/1502
f 439/1543/1502 1366/1544/1503 1823/1545/1504
f 1823/1545/1505 1367/1546/1506 441/1547/1507
f 441/1547/1507 1364/245/222 437/312/289
f 410/165/145 1365/1542/1501 1363/163/143
f 415/789/737 1366/1544/1503 1365/1542/1501
f 422/792/740 1367/1546/1506 1366/1544/1503
f 423/801/748 1364/245/222 1367/1546/1506
f 1368/257/234 454/1548/1508 447/214/192
f 1370/1549/1509 1824/830/1510 454/1548/1508
f 1371/1550/1511 449/826/771 1824/830/1510
f 1372/1551/1512 445/315/292 449/826/771
f 1368/257/234 423/802/748 1370/1549/1509
f 1370/1549/1509 419/796/744 1371/1550/1511
f 1371/1550/1511 418/793/741 1372/1551/1512
f 1372/1551/1512 411/795/743 1369/235/213
f 1373/313/290 441/1552/1507 437/312/289
f 1375/1553/1513 442/824/1514 441/1552/1507
f 1376/1554/1515 444/819/1516 442/824/1514
f 1377/1555/1517 438/232/210 444/819/1516
f 1373/313/290 454/1556/1508 1375/1553/1513
f 1375/1553/1513 452/835/1518 1376/1554/1515
f 1376/1554/1515 451/834/778 1377/1555/1517
f 1377/1555/1517 446/831/777 1374/246/223
f 465/296/273 1380/1557/1519 468/850/797
f 468/850/797 1381/1558/1520 469/861/799
f 469/861/799 1382/1559/1521 473/860/806
f 473/860/806 1379/277/254 466/318/295
f 425/219/197 1380/1557/1519 1378/217/195
f 429/804/750 1381/1558/1520 1380/1557/1519
f 433/807/1522 1382/1559/1521 1381/1558/1520
f 434/1560/1523 1379/277/254 1382/1559/1521
f 479/270/247 1385/1561/1524 487/867/810
f 487/867/1525 1386/1562/1526 1826/1563/1527
f 1826/1563/1527 1387/1564/1528 485/1565/1529
f 485/1565/1529 1384/334/310 480/204/182
f 467/261/238 1385/1561/1524 1383/271/248
f 477/863/809 1386/1562/1526 1385/1561/1524
f 472/857/804 1387/1564/1528 1386/1562/1526
f 473/859/806 1384/334/310 1387/1564/1528
f 1388/206/184 485/1566/1529 480/204/182
f 1390/1567/1530 484/875/1531 485/1566/1529
f 1391/1568/1532 487/873/1533 484/875/1531
f 1392/1569/1534 481/268/245 487/873/818
f 1388/206/184 434/1570/1523 1390/1567/1530
f 1390/1567/1530 433/1571/1535 1391/1568/1532
f 1391/1568/1532 432/1572/754 1392/1569/1534
f 1392/1569/1534 426/808/753 1389/263/240
f 1393/255/232 462/1573/1536 457/193/171
f 1395/1574/1537 1396/1575/1538 1825/844/1539
f 1396/1575/1538 459/840/785 1825/844/1539
f 1397/1576/1540 455/340/316 459/840/785
f 1393/255/232 496/886/1541 1395/1574/1537
f 1395/1574/1537 492/887/824 1396/1575/1538
f 1396/1575/1538 491/876/822 1397/1576/1540
f 1397/1576/1540 488/291/268 1394/293/270
f 1398/324/300 496/883/1541 489/278/255
f 1400/1577/1542 497/891/829 496/883/1541
f 1401/1578/1543 501/889/832 497/891/829
f 1402/1579/1544 490/283/260 501/889/832
f 1398/324/300 509/1580/1545 1400/1577/1542
f 1400/1577/1542 1822/1581/1546 1401/1578/1543
f 1401/1578/1543 506/892/1547 1402/1579/1544
f 1402/1579/1544 503/196/174 1399/198/176
f 1403/338/314 509/1582/1545 504/325/301
f 1405/1583/1548 510/902/1549 509/1582/1545
f 1406/1584/1550 512/899/842 510/902/1549
f 1407/1585/1551 505/290/267 512/899/842
f 1403/338/314 462/1586/1536 1405/1583/1548
f 1405/1583/1548 463/848/1552 1406/1584/1550
f 1406/1584/1550 460/849/792 1407/1585/1551
f 1407/1585/1551 456/845/791 1404/284/261
f 581/976/307 1410/1587/1553 592/974/925
f 592/974/925 1411/1588/1554 593/968/914
f 593/968/914 1412/1589/1555 583/964/910
f 583/964/910 1409/281/258 579/962/908
f 1408/1590/306 607/987/939 1410/1587/1553
f 1410/1587/1553 601/981/933 1411/1588/1554
f 1411/1588/1554 600/979/931 1412/1589/1555
f 600/979/931 1409/281/258 1412/1589/1555
f 1413/305/282 618/998/948 615/316/293
f 1415/1591/1556 619/1008/958 618/998/948
f 1416/1592/1557 626/1004/955 619/1008/958
f 1417/1593/1558 616/1005/200 626/1004/955
f 599/304/281 1415/1591/1556 1413/305/282
f 612/994/944 1416/1592/1557 1415/1591/1556
f 606/989/940 1417/1593/1558 1416/1592/1557
f 605/986/938 1414/1594/198 1417/1593/1558
f 1418/306/283 587/972/918 580/307/284
f 1420/1595/1559 588/978/928 587/972/918
f 1421/1596/1560 594/975/926 588/978/928
f 1422/1597/1561 581/976/307 594/975/926
f 1418/306/283 630/1011/961 1420/1595/1559
f 1420/1595/1559 625/1006/956 1421/1596/1560
f 1421/1596/1560 624/1003/954 1422/1597/1561
f 1422/1597/1561 616/1005/200 1419/1598/199
f 1423/1599/297 646/1025/977 635/1027/296
f 1425/1600/1562 647/1017/969 646/1025/977
f 1426/1601/1563 638/1013/965 647/1017/969
f 1427/1602/1564 633/1014/966 638/1013/965
f 652/1039/299 1425/1600/1562 1423/1599/297
f 662/1038/990 1426/1601/1563 1425/1600/1562
f 655/1042/994 1427/1602/1564 1426/1601/1563
f 654/1032/982 1424/224/202 1427/1602/1564
f 670/1062/312 1430/1603/1565 681/1060/1016
f 681/1060/1016 1431/1604/1566 682/1054/1009
f 682/1054/1009 1432/1605/1567 672/1050/1005
f 672/1050/1005 1429/210/188 668/1048/1003
f 1428/1606/311 648/1026/978 1430/1603/1565
f 1430/1603/1565 642/1022/974 1431/1604/1566
f 1431/1604/1566 641/1020/972 1432/1605/1567
f 1432/1605/1567 634/310/287 1429/210/188
f 1433/309/286 676/1058/1013 669/311/288
f 1435/1607/1568 677/1064/1019 676/1058/1013
f 1436/1608/1569 683/1061/1017 677/1064/1019
f 1437/1609/1570 670/1062/312 683/1061/1017
f 1433/309/286 666/1045/997 1435/1607/1568
f 1435/1607/1568 661/1040/991 1436/1608/1569
f 1436/1608/1569 660/1037/989 1437/1609/1570
f 1437/1609/1570 652/1039/299 1434/1610/298
f 1438/329/305 689/1067/1022 686/341/317
f 1440/1611/1571 690/1076/1030 689/1067/1022
f 1441/1612/1572 696/1077/1027 690/1076/1030
f 1442/1613/1573 687/1073/191 696/1072/1027
f 703/1085/1039 1440/1611/1571 1438/329/305
f 708/1084/1038 1441/1612/1572 1440/1611/1571
f 717/1088/1042 1442/1613/1573 1441/1612/1572
f 716/1096/1050 1439/1614/181 1442/1613/1573
f 704/301/278 1445/1615/1574 711/1091/1045
f 711/1091/1045 1446/1616/1575 712/1093/1047
f 712/1093/1047 1447/1617/1576 718/1097/1051
f 718/1097/1051 1444/1618/302 705/1098/179
f 1443/200/178 726/1103/1055 1445/1615/1574
f 1445/1615/1574 734/1107/1059 1446/1616/1575
f 1446/1616/1575 733/1114/1068 1447/1617/1576
f 1447/1617/1576 723/1116/303 1444/1618/302
f 1448/303/280 729/1112/1065 722/302/279
f 1450/1619/1577 730/1118/1072 729/1112/1065
f 1451/1620/1578 735/1115/1069 730/1118/1072
f 1452/1621/1579 723/1116/303 735/1115/1069
f 1448/303/280 700/1081/1034 1450/1619/1577
f 1450/1619/1577 695/1074/1028 1451/1620/1578
f 1451/1620/1578 694/1071/1026 1452/1621/1579
f 1452/1621/1579 687/1073/191 1449/1622/190
f 1453/164/144 413/788/736 410/165/145
f 1455/1623/1580 414/790/1581 413/788/736
f 1456/1624/1582 420/794/742 414/790/1581
f 1457/1625/1583 411/795/743 420/794/742
f 597/317/294 1455/1623/1580 1453/164/144
f 602/980/932 1456/1624/1582 1455/1623/1580
f 611/983/935 1457/1625/1583 1456/1624/1582
f 610/993/943 1454/236/214 1457/1625/1583
f 617/308/285 1460/1626/1584 629/1627/962
f 629/1001/952 1461/1628/1585 620/997/950
f 620/997/947 1459/314/291 615/316/293
f 1458/247/224 453/833/779 1460/1626/1584
f 1460/1629/1585 448/825/1586 1461/1628/1585
f 1461/1628/1587 445/315/292 1459/314/291
f 1462/218/196 428/803/749 425/219/197
f 428/812/1588 1464/1630/1589 431/810/1590
f 431/810/755 1463/264/241 426/808/753
f 1462/218/196 656/1031/981 1464/1631/1591
f 1464/1631/1591 656/1031/981 665/1034/1592
f 1464/1632/1593 665/1034/1594 664/1046/1595
f 664/1046/1595 1463/264/241 1464/1630/1593
f 668/1048/1003 1467/1633/1596 671/1051/1597
f 671/1051/1006 1468/1634/1598 678/1635/1599
f 1468/1636/1600 669/311/288 678/1057/1012
f 1465/209/187 482/866/811 1467/1633/1596
f 1467/1633/1601 486/871/1602 1468/1634/1598
f 486/872/817 1466/269/246 1468/1636/1600
f 490/283/260 1471/1637/1603 499/888/831
f 1471/1637/1603 500/881/1604 499/888/831
f 1472/1638/1605 493/877/823 500/881/1604
f 1473/1639/1606 488/291/268 493/877/823
f 1469/282/259 713/1092/1046 1471/1637/1603
f 1471/1637/1603 707/1086/1040 1472/1638/1605
f 707/1086/1040 1473/1639/1606 1472/1638/1605
f 706/1083/1037 1470/328/304 1473/1639/1606
f 688/1079/1032 1476/1640/1607 699/1641/1035
f 1476/1642/1608 686/341/317 699/1066/1021
f 1474/285/262 461/847/793 1476/1640/1607
f 1476/1643/1609 461/841/1609 458/839/1609
f 458/839/1610 1475/339/315 1476/1642/1608
f 579/962/908 1479/1644/1611 582/1645/911
f 582/1645/922 1479/1644/1611 1480/1646/1612
f 582/965/922 1480/1647/1612 589/971/920
f 1480/1647/1613 580/307/284 589/971/917
f 1477/280/257 443/815/1614 1479/1644/1611
f 1479/1644/1611 443/820/1614 1480/1646/1612
f 443/818/1615 1478/234/212 1480/1647/1613
f 1481/262/239 475/862/808 467/261/238
f 1483/1648/1616 476/855/1617 475/862/808
f 476/855/1617 1485/1649/1618 470/851/798
f 1485/1649/1618 465/296/273 470/851/798
f 634/310/287 1483/1648/1616 1481/262/239
f 1483/1648/1616 637/1015/967 1484/1650/1619
f 1484/1650/1619 636/1012/964 1485/1649/1618
f 636/1012/964 1482/223/201 1485/1649/1618
f 1486/289/266 511/898/841 505/290/267
f 511/897/1620 1489/1651/1621 507/893/1622
f 1489/1651/1623 503/196/174 507/893/1624
f 722/302/279 1488/1652/1625 1486/289/266
f 1488/1652/1625 731/1111/1064 725/1105/1626
f 725/1105/1627 1489/1651/1621 1488/1653/1628
f 1489/1651/1623 721/1101/1053 1487/199/177
f 758/366/339 1492/1654/1629 761/1655/1630
f 761/1656/1630 1493/1657/1631 760/1658/1632
f 760/1658/1633 1494/1659/1634 759/1660/1635
f 1494/1659/1634 757/521/477 759/1660/1635
f 1490/365/338 744/1661/1636 1492/1654/1629
f 1492/1662/1629 745/1663/1637 1493/1657/1631
f 1493/1657/1638 746/1664/1639 1494/1659/1634
f 746/1664/1639 1491/480/439 1494/1659/1634
f 1495/402/372 766/1665/1640 763/349/324
f 1497/1666/1641 765/1667/1642 766/1665/1640
f 1498/1668/1643 764/1669/1644 765/1667/1645
f 764/1670/1644 1496/460/422 762/362/335
f 747/530/486 1497/1666/1641 1495/402/372
f 749/1671/1646 1498/1668/1647 1497/1666/1641
f 750/1672/1648 1499/1673/1649 1498/1668/1643
f 1499/1674/1649 748/359/332 1496/460/422
f 1500/470/431 741/1675/1650 738/344/320
f 1502/1676/1651 740/1677/1652 741/1678/1650
f 1503/1679/1653 739/1680/1654 740/1677/1655
f 739/1680/1654 1501/345/321 737/357/330
f 758/366/339 1502/1681/1651 1500/470/431
f 761/1656/1630 1503/1679/1656 1502/1676/1651
f 760/1658/1633 1504/1682/1657 1503/1679/1653
f 1504/1682/1657 757/521/477 1501/345/321
f 753/499/456 1507/1683/1658 756/1684/1659
f 756/1684/1659 1508/1685/1660 755/1686/1661
f 755/1686/1662 1509/1687/1663 754/1688/1664
f 1509/1689/1663 752/351/325 754/1690/1664
f 1505/367/340 766/1665/1640 1507/1683/1658
f 1507/1683/1658 765/1667/1642 1508/1685/1660
f 1508/1685/1665 764/1669/1644 1509/1687/1663
f 764/1670/1644 1506/364/337 1509/1689/1663
f 768/500/457 1512/1691/1666 771/1692/1667
f 771/1692/1667 1513/1693/1668 770/1694/1669
f 770/1694/1670 1514/1695/1671 769/1696/1672
f 1514/1697/1671 767/370/342 769/1698/1672
f 1510/494/452 756/1684/1659 1512/1691/1666
f 1512/1691/1666 755/1686/1661 1513/1693/1668
f 1513/1693/1673 754/1688/1664 1514/1695/1671
f 754/1690/1664 1511/353/327 1514/1697/1671
f 742/356/329 1517/1699/1674 744/1661/1636
f 744/1700/1636 1518/1701/1675 745/1663/1637
f 745/1663/1676 1519/1702/1677 746/1664/1639
f 1519/1702/1677 743/376/348 746/1664/1639
f 1515/355/328 774/1703/1678 1517/1699/1674
f 1517/1704/1674 775/1705/1679 1518/1701/1675
f 1518/1701/1680 776/1706/1681 1519/1702/1677
f 776/1706/1681 1516/374/346 1519/1702/1677
f 772/1707/356 1522/1708/1682 774/1709/1678
f 774/1709/1678 1523/1710/1683 775/1705/1679
f 775/1705/1684 1524/1711/1685 776/1706/1681
f 1524/1711/1685 773/373/345 776/1706/1681
f 1520/1712/364 784/1713/1686 1522/1708/1682
f 1522/1708/1682 785/1714/1687 1523/1710/1683
f 1523/1710/1688 786/1715/1689 1524/1711/1685
f 786/1715/1689 1521/371/343 1524/1711/1685
f 778/531/487 1527/1716/1690 781/1717/1691
f 781/1717/1691 1528/1718/1692 780/1719/1693
f 780/1719/1694 1529/1720/1695 779/1721/1696
f 1529/1720/1695 777/1722/352 779/1721/1696
f 1525/524/480 771/1692/1667 1527/1716/1690
f 1527/1716/1690 770/1694/1669 1528/1718/1692
f 1528/1718/1697 769/1696/1672 1529/1720/1695
f 769/1696/1672 1526/1723/350 1529/1720/1695
f 1530/1724/467 808/1725/1698 805/1726/465
f 1532/1727/1699 807/1728/1700 808/1725/1698
f 1533/1729/1701 806/1730/1702 807/1728/1700
f 1534/1731/1703 804/390/361 806/1730/1702
f 788/1732/1082 1532/1727/1699 1530/1724/467
f 797/1133/1081 1533/1729/1701 1532/1727/1699
f 791/1132/1085 1534/1731/1703 1533/1729/1701
f 790/1122/1076 1531/474/433 1534/1731/1703
f 782/1733/363 1537/1734/1704 784/1713/1686
f 784/1713/1686 1538/1735/1705 785/1714/1687
f 785/1714/1706 1539/1736/1707 786/1715/1689
f 786/1715/1689 1536/381/353 783/383/355
f 1535/1737/451 808/1725/1698 1537/1734/1704
f 1537/1734/1708 807/1728/1700 1538/1735/1705
f 1538/1735/1709 806/1730/1702 1539/1736/1707
f 806/1730/1702 1536/381/353 1539/1736/1707
f 788/1128/1082 1542/1738/1710 795/1126/1080
f 795/1126/1080 1543/1739/1711 796/1129/1083
f 796/1129/1092 1544/1740/1712 801/1137/1088
f 801/1137/1088 1541/1741/358 789/1135/360
f 1540/510/466 781/1717/1691 1542/1738/1710
f 1542/1738/1710 780/1719/1693 1543/1739/1711
f 1543/1739/1713 779/1721/1696 1544/1740/1712
f 1544/1740/1712 777/1722/352 1541/1741/358
f 1545/410/379 749/1671/1646 747/530/486
f 1547/1742/1714 750/1672/1715 749/1671/1646
f 1548/1743/1716 751/1744/1717 750/1672/1648
f 751/1745/1717 1546/503/459 748/359/332
f 814/469/430 1547/1742/1714 1545/410/379
f 816/1746/1718 1548/1743/1719 1547/1742/1714
f 817/1747/1720 1549/1748/1721 1548/1743/1716
f 1549/1749/1721 815/399/369 1546/503/459
f 1550/342/318 813/1750/1722 810/518/474
f 1552/1751/1723 812/1752/1724 813/1753/1722
f 1553/1754/1725 811/1755/1726 812/1752/1727
f 811/1755/1726 1551/395/365 809/397/367
f 738/344/320 1552/1756/1723 1550/342/318
f 741/1678/1650 1553/1754/1728 1552/1751/1723
f 740/1677/1655 1554/1757/1729 1553/1754/1725
f 1554/1757/1729 737/357/330 1551/395/365
f 826/1158/1110 1557/1758/1730 837/1156/1108
f 837/1759/1108 1558/1760/1731 838/1148/1099
f 838/1148/1099 1559/1761/1732 828/1143/1095
f 828/1143/1095 1556/461/423 824/517/473
f 1555/484/442 821/1762/1733 1557/1758/1730
f 1557/1763/1730 822/1764/1734 1558/1760/1731
f 1558/1760/1731 823/1765/1735 1559/1761/1732
f 1559/1761/1732 820/405/375 1556/461/423
f 1560/485/443 816/1746/1718 814/469/430
f 1562/1766/1736 817/1747/1737 816/1746/1718
f 1563/1767/1738 818/1768/1739 817/1747/1720
f 1564/1769/1740 815/399/369 818/1770/1739
f 826/1158/1110 1562/1766/1736 1560/485/443
f 839/1157/1109 1563/1767/1741 1562/1766/1736
f 833/1161/1742 1564/1771/1740 1563/1767/1738
f 832/1772/1104 1561/407/377 1564/1769/1740
f 1565/487/445 821/1762/1733 819/486/444
f 1567/1773/1743 822/1764/1734 821/1774/1733
f 1568/1775/1744 823/1765/1735 822/1764/1734
f 823/1765/1735 1566/403/373 820/405/375
f 810/518/474 1567/1776/1743 1565/487/445
f 813/1753/1722 1568/1775/1745 1567/1773/1743
f 812/1752/1727 1569/1777/1746 1568/1775/1744
f 811/1755/1726 1566/403/373 1569/1777/1746
f 1570/483/441 866/1778/1747 863/412/380
f 1572/1779/1748 865/1780/1749 866/1778/1747
f 1573/1781/1750 864/1782/1751 865/1780/1749
f 1574/1783/1752 862/529/485 864/1782/1751
f 847/432/398 1572/1779/1748 1570/483/441
f 849/1784/1753 1573/1781/1750 1572/1779/1748
f 850/1785/1754 1574/1783/1752 1573/1781/1750
f 851/1786/1755 1571/528/484 1574/1783/1752
f 868/426/392 1577/1787/1756 871/1788/1757
f 871/1788/1757 1578/1789/1758 870/1790/1759
f 870/1790/1759 1579/1791/1760 869/1792/1761
f 869/1792/1761 1576/464/426 867/467/429
f 1575/425/391 854/1793/1762 1577/1787/1756
f 1577/1787/1756 855/1794/1763 1578/1789/1758
f 1578/1789/1758 856/1795/1764 1579/1791/1760
f 1579/1791/1760 853/465/427 1576/464/426
f 843/422/388 1582/1796/1765 846/1797/1766
f 846/1797/1766 1583/1798/1767 845/1799/1768
f 845/1799/1768 1584/1800/1769 844/1801/1770
f 844/1801/1770 1581/481/440 842/447/412
f 1580/413/381 866/1778/1747 1582/1796/1765
f 1582/1796/1765 865/1780/1749 1583/1798/1767
f 1583/1798/1767 864/1782/1751 1584/1800/1769
f 1584/1800/1769 862/529/485 1581/481/440
f 1585/427/393 861/1802/1771 858/466/428
f 1587/1803/1772 860/1804/1773 861/1802/1771
f 1588/1805/1774 859/1806/1775 860/1804/1773
f 1589/1807/1776 857/522/478 859/1806/1775
f 868/426/392 1587/1803/1772 1585/427/393
f 871/1788/1757 1588/1805/1774 1587/1803/1772
f 870/1790/1759 1589/1807/1776 1588/1805/1774
f 869/1792/1761 1586/502/458 1589/1807/1776
f 1590/418/385 876/1808/1777 873/496/453
f 1592/1809/1778 875/1810/1779 876/1808/1777
f 1593/1811/1780 874/1812/1781 875/1810/1779
f 1594/1813/1782 872/419/386 874/1812/1781
f 858/466/428 1592/1809/1778 1590/418/385
f 861/1802/1771 1593/1811/1780 1592/1809/1778
f 860/1804/1773 1594/1813/1782 1593/1811/1780
f 859/1806/1775 1591/435/401 1594/1813/1782
f 1595/433/399 849/1784/1753 847/432/398
f 1597/1814/1783 850/1785/1754 849/1784/1753
f 1598/1815/1784 851/1786/1755 850/1785/1754
f 1599/1816/1785 848/527/483 851/1786/1755
f 877/438/403 1597/1814/1783 1595/433/399
f 879/1817/1786 1598/1815/1784 1597/1814/1783
f 880/1818/1787 1599/1816/1785 1598/1815/1784
f 881/1819/1788 1596/415/383 1599/1816/1785
f 1600/439/404 879/1817/1786 877/438/403
f 1602/1820/1789 880/1818/1787 879/1817/1786
f 1603/1821/1790 881/1819/1788 880/1818/1787
f 1604/1822/1791 878/479/438 881/1819/1788
f 887/443/408 1602/1820/1789 1600/439/404
f 889/1823/1792 1603/1821/1790 1602/1820/1789
f 890/1824/1793 1604/1822/1791 1603/1821/1790
f 891/1825/1794 1601/523/479 1604/1822/1791
f 1605/434/400 886/1826/1795 883/525/481
f 1607/1827/1796 885/1828/1797 886/1826/1795
f 1608/1829/1798 884/1830/1799 885/1828/1797
f 1609/1831/1800 882/442/407 884/1830/1799
f 873/496/453 1607/1827/1796 1605/434/400
f 876/1808/1777 1608/1829/1798 1607/1827/1796
f 875/1810/1779 1609/1831/1800 1608/1829/1798
f 874/1812/1781 1606/421/387 1609/1831/1800
f 910/526/482 1612/1832/1801 913/1833/1802
f 913/1833/1802 1613/1834/1803 912/1835/1804
f 912/1835/1804 1614/1836/1805 911/1837/1806
f 911/1837/1806 1611/513/469 909/515/471
f 1610/478/437 895/1163/1115 1612/1832/1801
f 1612/1832/1801 905/1167/1119 1613/1834/1803
f 1613/1834/1803 904/1173/1127 1614/1836/1805
f 1614/1836/1805 894/514/470 1611/513/469
f 1615/445/410 889/1823/1792 887/443/408
f 1617/1838/1807 890/1824/1793 889/1823/1792
f 1618/1839/1808 891/1825/1794 890/1824/1793
f 1619/1840/1809 888/520/476 891/1825/1794
f 910/526/482 1617/1838/1807 1615/445/410
f 913/1833/1802 1618/1839/1808 1617/1838/1807
f 912/1835/1804 1619/1840/1809 1618/1839/1808
f 911/1837/1806 1616/497/454 1619/1840/1809
f 1620/440/405 899/1171/1123 893/446/411
f 1622/1841/1810 900/1176/1130 899/1171/1123
f 1623/1842/1811 906/1174/1128 900/1176/1130
f 1624/1843/1812 894/514/470 906/1174/1128
f 883/525/481 1622/1841/1810 1620/440/405
f 886/1826/1795 1623/1842/1811 1622/1841/1810
f 885/1828/1797 1624/1843/1812 1623/1842/1811
f 884/1830/1799 1621/512/468 1624/1843/1812
f 852/429/395 1627/1844/1813 854/1793/1762
f 854/1793/1762 1628/1845/1814 855/1794/1763
f 855/1794/1763 1629/1846/1815 856/1795/1764
f 856/1795/1764 1626/507/463 853/465/427
f 1625/450/413 921/1847/1816 1627/1844/1813
f 1627/1844/1813 922/1848/1817 1628/1845/1814
f 1628/1845/1814 923/1849/1818 1629/1846/1815
f 1629/1846/1815 920/471/432 1626/507/463
f 915/452/415 1632/1850/1819 918/1851/1820
f 918/1851/1820 1633/1852/1821 917/1853/1822
f 917/1853/1822 1634/1854/1823 916/1855/1824
f 916/1855/1824 1631/456/418 914/455/417
f 1630/423/389 846/1797/1766 1632/1850/1819
f 1632/1850/1819 845/1799/1768 1633/1852/1821
f 1633/1852/1821 844/1801/1770 1634/1854/1823
f 1634/1854/1823 842/447/412 1631/456/418
f 1635/463/425 932/1179/1134 929/519/475
f 1637/1856/1825 933/1188/1144 932/1179/1134
f 1638/1857/1826 939/1184/1140 933/1188/1144
f 1639/1858/1827 930/1185/1141 939/1184/1140
f 924/459/421 1637/1856/1825 1635/463/425
f 926/1859/1828 1638/1857/1826 1637/1856/1825
f 927/1860/1829 1639/1858/1827 1638/1857/1826
f 928/1861/1830 1636/491/449 1639/1858/1827
f 919/451/414 1642/1862/1831 921/1847/1816
f 921/1847/1816 1643/1863/1832 922/1848/1817
f 922/1848/1817 1644/1864/1833 923/1849/1818
f 923/1849/1818 1641/490/448 920/471/432
f 1640/457/419 943/1191/1148 1642/1862/1831
f 1642/1862/1831 938/1186/1142 1643/1863/1832
f 1643/1863/1832 937/1183/1139 1644/1864/1833
f 1644/1864/1833 930/1185/1141 1641/490/448
f 924/459/421 1647/1865/1834 926/1859/1828
f 926/1859/1828 1648/1866/1835 927/1860/1829
f 927/1860/1829 1649/1867/1836 928/1861/1830
f 928/1861/1830 1646/489/447 925/488/446
f 1645/453/416 918/1851/1820 1647/1865/1834
f 1647/1865/1834 917/1853/1822 1648/1866/1835
f 1648/1866/1835 916/1855/1824 1649/1867/1836
f 1649/1867/1836 914/455/417 1646/489/447
f 931/458/420 1652/1868/1837 942/1869/1149
f 942/1178/1838 1651/516/472 929/519/475
f 1650/408/378 834/1870/1839 1652/1868/1837
f 1652/1871/1840 834/1872/1841 827/1873/1841
f 1652/1874/1842 824/517/473 1651/516/472
f 1653/388/359 800/1875/1843 789/389/360
f 1655/1876/1844 787/1119/1073 800/1121/1845
f 1653/388/359 901/1170/1122 1655/1877/1846
f 901/1878/1847 1654/475/434 1655/1876/1844
f 967/553/506 1658/1879/1848 970/1880/1849
f 970/1880/1849 1659/1881/1850 969/1882/1851
f 969/1882/1852 1660/1883/1853 968/1884/1854
f 1660/1883/1853 966/1885/645 968/1884/1854
f 1656/552/505 953/1886/1855 1658/1879/1848
f 1658/1879/1848 954/1887/1856 1659/1881/1850
f 1659/1881/1857 955/1888/1858 1660/1883/1853
f 955/1889/1858 1657/667/609 1660/1890/1853
f 1661/1891/540 975/1892/1859 972/1893/491
f 1663/1894/1860 974/1895/1861 975/1892/1859
f 1664/1896/1862 973/1897/1863 974/1895/1864
f 973/1897/1863 1662/647/592 971/549/502
f 956/1898/654 1663/1894/1860 1661/1891/540
f 958/1899/1865 1664/1896/1866 1663/1894/1860
f 959/1900/1867 1665/1901/1868 1664/1896/1862
f 1665/1901/1868 957/546/499 1662/647/592
f 1666/657/601 950/1902/1869 947/506/462
f 1668/1903/1870 949/1904/1871 950/1902/1869
f 1669/1905/1872 948/1906/1873 949/1904/1874
f 948/1906/1873 1667/1907/488 946/1908/497
f 967/553/506 1668/1903/1870 1666/657/601
f 970/1880/1849 1669/1905/1875 1668/1903/1870
f 969/1882/1852 1670/1909/1876 1669/1905/1872
f 1670/1909/1876 966/1885/645 1667/1907/488
f 962/1910/627 1673/1911/1877 965/1912/1878
f 965/1912/1878 1674/1913/1879 964/1914/1880
f 964/1914/1881 1675/1915/1882 963/1916/1883
f 1675/1915/1882 961/538/492 963/1916/1883
f 1671/1917/507 975/1892/1859 1673/1911/1877
f 1673/1911/1877 974/1895/1861 1674/1913/1879
f 1674/1913/1884 973/1897/1863 1675/1915/1882
f 973/1897/1863 1672/551/504 1675/1915/1882
f 977/1918/628 1678/1919/1885 980/1920/1886
f 980/1920/1886 1679/1921/1887 979/1922/1888
f 979/1922/1889 1680/1923/1890 978/1924/1891
f 1680/1923/1890 976/557/509 978/1924/1891
f 1676/1925/622 965/1912/1878 1678/1919/1885
f 1678/1919/1885 964/1914/1880 1679/1921/1887
f 1679/1921/1892 963/1916/1883 1680/1923/1890
f 963/1916/1883 1677/540/494 1680/1923/1890
f 951/543/496 1683/1926/1893 953/1886/1855
f 953/1886/1855 1684/1927/1894 954/1887/1856
f 954/1887/1895 1685/1928/1896 955/1888/1858
f 1685/1929/1896 952/563/515 955/1889/1858
f 1681/542/495 983/1930/1897 1683/1926/1893
f 1683/1926/1893 984/1931/1898 1684/1927/1894
f 1684/1927/1899 985/1932/1900 1685/1928/1896
f 985/1933/1900 1682/561/513 1685/1929/1896
f 981/572/523 1688/1934/1901 983/1930/1897
f 983/1930/1897 1689/1935/1902 984/1931/1898
f 984/1931/1903 1690/1936/1904 985/1932/1900
f 1690/1937/1904 982/560/512 985/1933/1900
f 1686/581/532 993/1938/1905 1688/1934/1901
f 1688/1934/1901 994/1939/1906 1689/1935/1902
f 1689/1935/1907 995/1940/1908 1690/1936/1904
f 995/1941/1908 1687/558/510 1690/1937/1904
f 987/1942/655 1693/1943/1909 990/1944/1910
f 990/1944/1910 1694/1945/1911 989/1946/1912
f 989/1946/1913 1695/1947/1914 988/1948/1915
f 1695/1947/1914 986/567/519 988/1948/1915
f 1691/1949/648 980/1920/1886 1693/1943/1909
f 1693/1943/1909 979/1922/1888 1694/1945/1911
f 1694/1945/1916 978/1924/1891 1695/1947/1914
f 978/1924/1891 1692/565/517 1695/1947/1914
f 1696/695/635 1017/1950/1917 1014/693/633
f 1698/1951/1918 1016/1952/1919 1017/1950/1917
f 1699/1953/1920 1015/1954/1921 1016/1952/1919
f 1700/1955/1922 1013/577/528 1015/1956/1921
f 997/1957/1162 1698/1951/1918 1696/695/635
f 1006/1209/1161 1699/1953/1920 1698/1951/1918
f 1000/1208/1165 1700/1958/1922 1699/1953/1920
f 999/1959/1155 1697/661/603 1700/1955/1922
f 991/580/531 1703/1960/1923 993/1938/1905
f 993/1938/1905 1704/1961/1924 994/1939/1906
f 994/1939/1925 1705/1962/1926 995/1940/1908
f 995/1941/1908 1702/568/520 992/570/522
f 1701/680/621 1017/1950/1917 1703/1960/1923
f 1703/1960/1927 1016/1952/1919 1704/1961/1924
f 1704/1961/1928 1015/1954/1921 1705/1962/1926
f 1015/1956/1921 1702/568/520 1705/1963/1926
f 997/1204/1162 1708/1964/1929 1004/1202/1160
f 1004/1202/1160 1709/1965/1930 1005/1205/1163
f 1005/1205/1172 1710/1966/1931 1010/1213/1168
f 1010/1213/1168 1707/574/525 998/576/527
f 1706/1967/634 990/1944/1910 1708/1964/1929
f 1708/1964/1929 989/1946/1912 1709/1965/1930
f 1709/1965/1932 988/1948/1915 1710/1966/1931
f 1710/1966/1931 986/567/519 1707/574/525
f 1711/1968/547 958/1899/1865 956/1898/654
f 1713/1969/1933 959/1900/1934 958/1899/1865
f 1714/1970/1935 960/1971/1936 959/1900/1867
f 960/1971/1936 1712/690/630 957/546/499
f 1023/1972/600 1713/1969/1933 1711/1968/547
f 1025/1973/1937 1714/1970/1938 1713/1969/1933
f 1026/1974/1939 1715/1975/1940 1714/1970/1935
f 1715/1975/1940 1024/586/537 1712/690/630
f 1716/504/460 1022/1976/1941 1019/702/642
f 1718/1977/1942 1021/1978/1943 1022/1976/1941
f 1719/1979/1944 1020/1980/1945 1021/1978/1946
f 1020/1980/1945 1717/1981/533 1018/1982/535
f 947/506/462 1718/1977/1942 1716/504/460
f 950/1902/1869 1719/1979/1947 1718/1977/1942
f 949/1904/1874 1720/1983/1948 1719/1979/1944
f 1720/1983/1948 946/1908/497 1717/1981/533
f 1035/1232/1191 1723/1984/1949 1045/1230/1189
f 1045/1230/1189 1724/1985/1950 1046/1222/1179
f 1046/1222/1179 1725/1986/1951 1037/1217/1175
f 1037/1987/1175 1722/648/593 1033/701/641
f 1721/671/612 1030/1988/1952 1723/1984/1949
f 1723/1984/1949 1031/1989/1953 1724/1985/1950
f 1724/1985/1950 1032/1990/1954 1725/1986/1951
f 1725/1991/1951 1029/592/543 1722/648/593
f 1726/1992/613 1025/1973/1937 1023/1972/600
f 1728/1993/1955 1026/1974/1956 1025/1973/1937
f 1729/1994/1957 1027/1995/1958 1026/1974/1939
f 1730/1996/1959 1024/586/537 1027/1995/1958
f 1035/1997/1191 1728/1993/1955 1726/1992/613
f 1047/1236/1190 1729/1994/1960 1728/1993/1955
f 1042/1235/1961 1730/1996/1959 1729/1994/1957
f 1041/1227/1184 1727/594/545 1730/1996/1959
f 1731/674/615 1030/1988/1952 1028/673/614
f 1733/1998/1962 1031/1989/1953 1030/1988/1952
f 1734/1999/1963 1032/1990/1954 1031/1989/1953
f 1032/1990/1954 1732/2000/541 1029/2001/543
f 1019/702/642 1733/1998/1962 1731/674/615
f 1022/1976/1941 1734/1999/1964 1733/1998/1962
f 1021/1978/1946 1735/2002/1965 1734/1999/1963
f 1020/1980/1945 1732/2000/541 1735/2002/1965
f 1736/670/611 1074/2003/1966 1071/599/548
f 1738/2004/1967 1073/2005/1968 1074/2003/1966
f 1739/2006/1969 1072/2007/1970 1073/2005/1968
f 1740/2008/1971 1070/713/653 1072/2007/1970
f 1055/619/567 1738/2004/1967 1736/670/611
f 1057/2009/1972 1739/2006/1969 1738/2004/1967
f 1058/2010/1973 1740/2008/1971 1739/2006/1969
f 1059/2011/1974 1737/712/652 1740/2008/1971
f 1076/613/561 1743/2012/1975 1079/2013/1976
f 1079/2013/1976 1744/2014/1977 1078/2015/1978
f 1078/2015/1978 1745/2016/1979 1077/2017/1980
f 1077/2017/1980 1742/651/596 1075/654/599
f 1741/612/560 1062/2018/1981 1743/2012/1975
f 1743/2012/1975 1063/2019/1982 1744/2014/1977
f 1744/2014/1977 1064/2020/1983 1745/2016/1979
f 1745/2016/1979 1061/652/597 1742/651/596
f 1051/609/557 1748/2021/1984 1054/2022/1985
f 1054/2022/1985 1749/2023/1986 1053/2024/1987
f 1053/2024/1987 1750/2025/1988 1052/2026/1989
f 1052/2026/1989 1747/668/610 1050/634/582
f 1746/600/549 1074/2003/1966 1748/2021/1984
f 1748/2021/1984 1073/2005/1968 1749/2023/1986
f 1749/2023/1986 1072/2007/1970 1750/2025/1988
f 1750/2025/1988 1070/713/653 1747/668/610
f 1751/614/562 1069/2027/1990 1066/653/598
f 1753/2028/1991 1068/2029/1992 1069/2027/1990
f 1754/2030/1993 1067/2031/1994 1068/2029/1992
f 1755/2032/1995 1065/706/646 1067/2031/1994
f 1076/613/561 1753/2028/1991 1751/614/562
f 1079/2013/1976 1754/2030/1993 1753/2028/1991
f 1078/2015/1978 1755/2032/1995 1754/2030/1993
f 1077/2017/1980 1752/689/629 1755/2032/1995
f 1756/605/553 1084/2033/1996 1081/683/624
f 1758/2034/1997 1083/2035/1998 1084/2033/1996
f 1759/2036/1999 1082/2037/2000 1083/2035/1998
f 1760/2038/2001 1080/606/554 1082/2037/2000
f 1066/653/598 1758/2034/1997 1756/605/553
f 1069/2027/1990 1759/2036/1999 1758/2034/1997
f 1068/2029/1992 1760/2038/2001 1759/2036/1999
f 1067/2031/1994 1757/622/570 1760/2038/2001
f 1761/620/568 1057/2009/1972 1055/619/567
f 1763/2039/2002 1058/2010/1973 1057/2009/1972
f 1764/2040/2003 1059/2011/1974 1058/2010/1973
f 1765/2041/2004 1056/711/651 1059/2011/1974
f 1085/625/573 1763/2039/2002 1761/620/568
f 1087/2042/2005 1764/2040/2003 1763/2039/2002
f 1088/2043/2006 1765/2041/2004 1764/2040/2003
f 1089/2044/2007 1762/602/551 1765/2041/2004
f 1766/626/574 1087/2042/2005 1085/625/573
f 1768/2045/2008 1088/2043/2006 1087/2042/2005
f 1769/2046/2009 1089/2044/2007 1088/2043/2006
f 1770/2047/2010 1086/666/608 1089/2044/2007
f 1095/630/578 1768/2045/2008 1766/626/574
f 1097/2048/2011 1769/2046/2009 1768/2045/2008
f 1098/2049/2012 1770/2047/2010 1769/2046/2009
f 1099/2050/2013 1767/707/647 1770/2047/2010
f 1771/621/569 1094/2051/2014 1091/709/649
f 1773/2052/2015 1093/2053/2016 1094/2051/2014
f 1774/2054/2017 1092/2055/2018 1093/2053/2016
f 1775/2056/2019 1090/629/577 1092/2055/2018
f 1081/683/624 1773/2052/2015 1771/621/569
f 1084/2033/1996 1774/2054/2017 1773/2052/2015
f 1083/2035/1998 1775/2056/2019 1774/2054/2017
f 1082/2037/2000 1772/608/556 1775/2056/2019
f 1118/710/650 1778/2057/2020 1121/2058/2021
f 1121/2058/2021 1779/2059/2022 1120/2060/2023
f 1120/2060/2023 1780/2061/2024 1119/2062/2025
f 1119/2062/2025 1777/697/637 1117/699/639
f 1776/665/607 1103/1239/1196 1778/2057/2020
f 1778/2057/2020 1113/1243/1200 1779/2059/2022
f 1779/2059/2022 1112/1249/1208 1780/2061/2024
f 1780/2061/2024 1102/698/638 1777/697/637
f 1781/632/580 1097/2048/2011 1095/630/578
f 1783/2063/2026 1098/2049/2012 1097/2048/2011
f 1784/2064/2027 1099/2050/2013 1098/2049/2012
f 1785/2065/2028 1096/704/644 1099/2050/2013
f 1118/710/650 1783/2063/2026 1781/632/580
f 1121/2058/2021 1784/2064/2027 1783/2063/2026
f 1120/2060/2023 1785/2065/2028 1784/2064/2027
f 1119/2062/2025 1782/684/625 1785/2065/2028
f 1786/627/575 1107/1247/1204 1101/633/581
f 1788/2066/2029 1108/1252/1211 1107/1247/1204
f 1789/2067/2030 1114/1250/1209 1108/1252/1211
f 1790/2068/2031 1102/698/638 1114/1250/1209
f 1091/709/649 1788/2066/2029 1786/627/575
f 1094/2051/2014 1789/2067/2030 1788/2066/2029
f 1093/2053/2016 1790/2068/2031 1789/2067/2030
f 1092/2055/2018 1787/696/636 1790/2068/2031
f 1060/616/564 1793/2069/2032 1062/2018/1981
f 1062/2018/1981 1794/2070/2033 1063/2019/1982
f 1063/2019/1982 1795/2071/2034 1064/2020/1983
f 1064/2020/1983 1792/691/631 1061/652/597
f 1791/637/583 1129/2072/2035 1793/2069/2032
f 1793/2069/2032 1130/2073/2036 1794/2070/2033
f 1794/2070/2033 1131/2074/2037 1795/2071/2034
f 1795/2071/2034 1128/658/602 1792/691/631
f 1123/639/585 1798/2075/2038 1126/2076/2039
f 1126/2076/2039 1799/2077/2040 1125/2078/2041
f 1125/2078/2041 1800/2079/2042 1124/2080/2043
f 1124/2080/2043 1797/643/588 1122/642/587
f 1796/610/558 1054/2022/1985 1798/2075/2038
f 1798/2075/2038 1053/2024/1987 1799/2077/2040
f 1799/2077/2040 1052/2026/1989 1800/2079/2042
f 1800/2079/2042 1050/634/582 1797/643/588
f 1801/650/595 1140/1255/1215 1137/703/643
f 1803/2081/2044 1141/1264/1224 1140/1255/1215
f 1804/2082/2045 1148/1260/1220 1141/1264/1224
f 1805/2083/2046 1138/1261/1221 1148/1260/1220
f 1132/646/591 1803/2081/2044 1801/650/595
f 1134/2084/2047 1804/2082/2045 1803/2081/2044
f 1135/2085/2048 1805/2083/2046 1804/2082/2045
f 1136/2086/2049 1802/678/619 1805/2083/2046
f 1127/638/584 1808/2087/2050 1129/2072/2035
f 1129/2072/2035 1809/2088/2051 1130/2073/2036
f 1130/2073/2036 1810/2089/2052 1131/2074/2037
f 1131/2074/2037 1807/677/618 1128/658/602
f 1806/644/589 1151/1267/1228 1808/2087/2050
f 1808/2087/2050 1147/1262/1222 1809/2088/2051
f 1809/2088/2051 1146/1259/1219 1810/2089/2052
f 1810/2089/2052 1138/1261/1221 1807/677/618
f 1132/646/591 1813/2090/2053 1134/2084/2047
f 1134/2084/2047 1814/2091/2054 1135/2085/2048
f 1135/2085/2048 1815/2092/2055 1136/2086/2049
f 1136/2086/2049 1812/676/617 1133/675/616
f 1811/640/586 1126/2076/2039 1813/2090/2053
f 1813/2090/2053 1125/2078/2041 1814/2091/2054
f 1814/2091/2054 1124/2080/2043 1815/2092/2055
f 1815/2092/2055 1122/642/587 1812/676/617
f 1139/645/590 1818/2093/2056 1142/2094/1229
f 1142/1254/1214 1817/700/640 1137/703/643
f 1816/595/546 1036/1226/2057 1818/2093/2056
f 1818/2095/2058 1033/701/641 1817/700/640
f 998/576/527 1821/2096/2059 1009/2097/1169
f 1821/2098/2060 996/2099/2061 1009/1198/2062
f 1819/575/526 1109/1246/1203 1821/2096/2059
f 1109/2100/2063 1820/662/2064 1821/2098/2060
f 509/1580/2065 510/2101/2065 1822/1581/2066
f 485/1565/2067 484/2102/821 1826/1563/820
f 444/822/768 440/817/2068 1823/816/2069
f 434/1560/2070 433/807/2071 435/2103/2071
f 454/1548/2072 1824/830/2072 452/2104/2073
f 441/1547/1507 442/2105/1514 1823/1545/2074
f 216/10/8 24/76/67 114/11/9
f 212/18/15 1226/162/142 102/19/16
f 1201/30/26 105/96/85 19/31/27
f 10/73/65 312/188/166 1276/74/66
f 24/76/67 322/125/110 1270/77/68
f 336/78/69 8/95/65 98/79/65
f 15/83/73 103/87/77 1255/84/74
f 15/83/73 332/85/75 1265/86/76
f 103/87/77 14/20/17 316/88/78
f 1271/94/84 97/75/65 8/95/65
f 18/41/37 351/102/90 1280/98/87
f 23/38/34 347/185/164 1300/99/88
f 1286/80/70 98/79/65 11/100/65
f 113/50/45 1295/104/92 351/102/90
f 25/103/91 374/187/165 1295/104/92
f 115/45/40 1300/99/88 357/105/93
f 306/106/94 1261/140/123 96/107/65
f 14/20/17 102/19/16 1305/109/95
f 102/19/16 13/60/54 383/110/96
f 100/113/65 12/132/65 378/114/99
f 13/60/54 110/59/53 1320/116/101
f 110/59/53 1330/67/61 395/117/102
f 1176/119/104 212/18/15 14/20/17
f 7/108/65 96/107/65 1256/123/108
f 109/22/19 1265/86/76 322/125/110
f 96/107/65 9/141/65 331/126/111
f 384/130/115 1321/149/131 101/131/65
f 237/32/28 19/31/27 117/90/80
f 97/75/65 1276/74/66 342/138/121
f 226/21/18 1176/119/104 103/87/77
f 1261/140/123 326/190/168 9/141/65
f 26/34/30 311/91/81 1250/142/124
f 101/131/65 1316/150/132 389/147/129
f 1321/149/131 394/780/725 1316/150/132
f 11/100/65 352/179/159 1296/156/136
f 95/160/140 1266/161/141 331/126/111
f 10/73/65 321/181/161 1266/161/141
f 7/108/65 100/113/65 1311/115/100
f 1306/166/146 384/130/115 12/132/65
f 1301/171/151 99/157/137 1291/172/152
f 99/157/137 1296/156/136 373/174/154
f 12/132/65 101/131/65 1326/148/130
f 98/79/65 1281/182/162 352/179/159
f 321/181/161 10/73/65 97/75/65
f 8/95/65 342/138/121 1281/182/162
f 108/36/32 1285/93/83 347/185/164
f 312/188/166 10/73/65 95/160/140
f 1251/189/167 95/160/140 9/141/65
f 346/101/89 11/100/65 99/157/137
f 317/124/109 1306/166/146 100/113/65
f 457/193/171 1403/338/314 130/194/172
f 503/196/174 1487/199/177 136/197/175
f 1487/199/177 721/1101/1053 1443/200/178
f 705/201/179 1444/326/302 131/202/180
f 1439/203/181 131/202/180 1449/212/190
f 447/214/192 1373/313/290 124/215/193
f 1414/220/198 132/333/309 1419/221/199
f 27/226/204 532/259/236 1356/227/205
f 1369/235/213 411/795/743 1454/236/214
f 33/238/216 544/300/277 1342/239/217
f 34/195/173 130/194/172 1347/241/218
f 412/243/220 28/272/249 122/244/221
f 457/193/171 34/195/173 128/254/231
f 447/214/192 29/216/194 123/256/233
f 27/226/204 122/244/221 1336/258/235
f 34/195/173 530/242/219 1337/260/237
f 35/266/243 563/267/244 1347/241/218
f 35/266/243 129/240/180 1342/239/217
f 28/272/249 123/256/233 1351/273/250
f 29/216/194 513/279/256 1351/273/250
f 489/278/255 1393/255/232 128/254/231
f 29/216/194 124/215/193 1356/227/205
f 1399/198/176 136/197/175 1469/282/259
f 28/272/249 542/274/251 1336/258/235
f 562/298/275 1359/249/226 121/299/276
f 33/238/216 128/254/231 1337/260/237
f 1469/282/259 136/197/175 1443/200/178
f 120/237/215 1454/236/214 599/304/281
f 437/312/289 27/226/204 124/215/193
f 1369/235/213 120/237/215 1459/314/291
f 120/237/215 1413/305/282 615/316/293
f 489/278/255 33/238/216 129/240/180
f 504/325/301 1398/324/300 129/240/180
f 1449/212/190 131/202/180 1444/326/302
f 412/243/220 1368/257/234 123/256/233
f 437/312/289 1364/245/222 122/244/221
f 1419/221/199 132/333/309 1408/330/306
f 598/332/308 1408/330/306 132/333/309
f 504/325/301 35/266/243 130/194/172
f 752/351/325 59/417/384 166/352/326
f 1511/353/327 166/352/326 57/369/341
f 767/370/342 57/369/341 160/377/349
f 1526/378/350 160/377/349 58/379/351
f 777/380/352 58/379/351 167/386/357
f 1541/387/358 167/386/357 1653/388/359
f 1551/395/365 737/357/330 51/358/331
f 158/347/323 55/346/322 863/412/380
f 45/414/382 848/527/483 1596/415/383
f 59/417/384 858/466/428 1590/418/385
f 872/419/386 43/436/382 150/420/382
f 156/396/366 51/358/331 843/422/388
f 50/424/390 155/428/394 1575/425/391
f 50/424/390 868/426/392 1585/427/393
f 155/428/394 49/361/334 852/429/395
f 168/430/396 1570/483/441 863/412/380
f 57/369/341 873/496/453 1605/434/400
f 1591/435/401 149/416/382 43/436/382
f 58/379/351 883/525/481 1620/440/405
f 1606/421/387 150/420/382 46/441/406
f 167/386/357 1620/440/405 893/446/411
f 842/447/412 1581/481/440 148/448/382
f 49/361/334 154/360/333 1625/450/413
f 164/404/374 52/398/368 915/452/415
f 152/454/382 47/473/382 914/455/417
f 56/406/376 164/404/374 1645/453/416
f 42/449/382 148/448/382 1576/464/426
f 1506/364/337 161/363/336 59/417/384
f 161/363/336 1585/427/393 858/466/428
f 148/448/382 44/482/382 867/467/429
f 51/358/331 158/347/323 1580/413/381
f 920/471/432 1641/490/448 153/472/382
f 149/416/382 1596/415/383 878/479/438
f 1581/481/440 862/529/485 44/482/382
f 153/472/382 1636/491/449 925/488/446
f 1641/490/448 930/1185/1141 1636/491/449
f 166/352/326 1590/418/385 873/496/453
f 46/441/406 888/520/476 1616/497/454
f 147/501/382 1586/502/458 867/467/429
f 45/414/382 857/522/478 1586/502/458
f 42/449/382 152/454/382 1631/456/418
f 1626/507/463 920/471/432 47/473/382
f 1621/512/468 151/498/455 1611/513/469
f 151/498/455 1616/497/454 909/515/471
f 52/398/368 156/396/366 1630/423/389
f 47/473/382 153/472/382 1646/489/447
f 150/420/382 1601/523/479 888/520/476
f 857/522/478 45/414/382 149/416/382
f 43/436/382 878/479/438 1601/523/479
f 160/377/349 1605/434/400 883/525/481
f 848/527/483 45/414/382 147/501/382
f 1571/528/484 147/501/382 44/482/382
f 882/442/407 46/441/406 151/498/455
f 853/465/427 1626/507/463 152/454/382
f 333/1424/1388 331/126/111 1266/161/141
f 1273/1443/1407 1274/1445/1409 338/1444/1408
f 1274/1445/1409 1271/94/84 336/78/69
f 1278/1447/1411 1279/1448/1412 315/1418/1382
f 355/1457/1421 352/179/159 1281/182/162
f 1303/1475/1438 1304/1476/1439 370/769/712
f 320/1427/1391 1309/1479/1442 1306/166/146
f 1307/1477/1440 385/1480/1443 386/1481/1444
f 1309/1479/1442 387/1482/1445 384/130/115
f 1329/1500/1463 380/1488/1451 378/114/99
f 532/259/236 1336/258/235 1338/1510/1473
f 539/926/871 1338/1510/1473 1339/1511/1474
f 1339/1511/1474 1340/1513/1476 535/925/870
f 1340/1513/1476 1337/260/237 530/242/219
f 1338/1510/1473 547/929/874 557/932/877
f 557/932/877 556/940/885 1340/1513/1476
f 556/940/885 544/300/277 1337/260/237
f 558/941/886 1345/1515/1478 1342/239/217
f 1346/287/264 1348/1518/1480 570/1517/898
f 1349/1520/1482 1347/241/218 563/267/244
f 1348/1518/1480 538/1521/1483 534/1522/1484
f 1354/1528/1489 1351/273/250 513/279/256
f 1358/1534/1494 1356/227/205 532/259/236
f 1358/1534/1494 515/904/847 513/279/256
f 1823/1545/1505 1366/1544/1503 1367/1546/1506
f 423/801/748 412/243/220 1364/245/222
f 1368/257/234 1370/1549/1509 454/1548/1508
f 1370/1549/1509 1371/1550/1511 1824/830/1510
f 1371/1550/1511 1372/1551/1512 449/826/771
f 1372/1551/1512 1369/235/213 445/315/292
f 1370/1549/1509 423/802/748 419/796/744
f 1372/1551/1512 418/793/741 411/795/743
f 1373/313/290 447/214/192 454/1556/1508
f 1375/1553/1513 454/1556/1508 452/835/1518
f 1396/1575/1538 1397/1576/1540 459/840/785
f 1398/324/300 1400/1577/1542 496/883/1541
f 1401/1578/1543 1402/1579/1544 501/889/832
f 1402/1579/1544 1399/198/176 490/283/260
f 1400/1577/1542 509/1580/1545 1822/1581/1546
f 1401/1578/1543 1822/1581/1546 506/892/1547
f 1402/1579/1544 506/892/1547 503/196/174
f 1405/1583/1548 1406/1584/1550 510/902/1549
f 1403/338/314 457/193/171 462/1586/1536
f 1415/1591/1556 1416/1592/1557 619/1008/958
f 1416/1592/1557 1417/1593/1558 626/1004/955
f 599/304/281 612/994/944 1415/1591/1556
f 612/994/944 606/989/940 1416/1592/1557
f 606/989/940 605/986/938 1417/1593/1558
f 605/986/938 598/988/308 1414/1594/198
f 704/301/278 1443/200/178 1445/1615/1574
f 712/1093/1047 1446/1616/1575 1447/1617/1576
f 718/1097/1051 1447/1617/1576 1444/1618/302
f 1445/1615/1574 726/1103/1055 734/1107/1059
f 845/1799/1768 1583/1798/1767 1584/1800/1769
f 869/1792/1761 867/467/429 1586/502/458
f 858/466/428 861/1802/1771 1592/1809/1778
f 1599/1816/1785 1596/415/383 848/527/483
f 876/1808/1777 875/1810/1779 1608/1829/1798
f 1620/440/405 1622/1841/1810 899/1171/1123
f 1624/1843/1812 1621/512/468 894/514/470
f 1627/1844/1813 921/1847/1816 922/1848/1817
f 1628/1845/1814 922/1848/1817 923/1849/1818
f 916/1855/1824 1634/1854/1823 1631/456/418
f 1230/1/1 93/70/2 1/2/2
f 1181/4/4 221/180/160 20/5/5
f 89/7/2 1175/61/55 227/8/7
f 4/13/2 90/43/2 1195/14/11
f 201/16/13 1181/4/4 106/6/6
f 226/21/18 15/83/73 109/22/19
f 3/9/2 88/27/2 1170/24/21
f 1185/26/23 217/158/138 4/13/2
f 1191/12/10 114/11/9 22/28/24
f 1196/33/29 117/90/80 26/34/30
f 231/29/25 22/28/24 108/36/32
f 1206/37/33 108/36/32 23/38/34
f 1216/40/36 113/50/45 18/41/37
f 90/43/2 2/154/2 236/44/39
f 241/39/35 23/38/34 115/45/40
f 1221/46/41 115/45/40 1333/47/42
f 268/49/44 25/103/91 113/50/45
f 91/51/2 5/151/2 246/52/46
f 1231/54/48 201/16/13 16/17/14
f 273/56/50 1231/54/48 104/55/49
f 279/58/52 1241/66/60 110/59/53
f 1/2/2 211/191/169 1175/61/55
f 1246/62/56 273/56/50 17/57/51
f 284/64/58 1246/62/56 112/63/57
f 1241/66/60 289/745/684 1330/67/61
f 6/68/2 278/128/113 1225/69/62
f 106/6/6 20/5/5 327/71/63
f 104/55/49 16/17/14 307/81/71
f 116/89/79 1250/142/124 327/71/63
f 117/90/80 1275/92/82 311/91/81
f 19/31/27 341/97/86 1275/92/82
f 22/28/24 337/155/135 1285/93/83
f 105/96/85 1280/98/87 341/97/86
f 112/63/57 17/57/51 379/111/97
f 21/65/59 112/63/57 1325/112/98
f 1236/120/105 284/64/58 21/65/59
f 107/121/106 21/65/59 388/118/103
f 227/8/7 1185/26/23 88/27/2
f 1186/23/20 109/22/19 24/76/67
f 94/127/112 1240/144/126 278/128/113
f 202/3/3 1/2/2 89/7/2
f 16/17/14 106/6/6 1260/72/64
f 1211/133/116 251/716/656 1334/134/117
f 111/135/118 1334/134/117 356/136/119
f 207/35/31 26/34/30 116/89/79
f 1235/143/125 290/1401/693 1240/144/126
f 283/145/127 1235/143/125 94/127/112
f 5/151/2 92/167/147 1215/152/133
f 1190/153/134 232/159/139 2/154/2
f 114/11/9 1270/77/68 337/155/135
f 217/158/138 1190/153/134 90/43/2
f 232/159/139 1205/184/163 91/51/2
f 1226/162/142 279/58/52 13/60/54
f 1363/163/143 137/208/186 1453/164/144
f 92/167/147 1210/170/150 269/168/148
f 1220/169/149 252/725/665 1210/170/150
f 1236/120/105 107/121/106 1331/175/155
f 274/177/157 6/68/2 93/70/2
f 17/57/51 104/55/49 1310/82/72
f 107/121/106 1315/122/107 393/178/158
f 247/42/38 18/41/37 105/96/85
f 1245/146/128 94/127/112 6/68/2
f 2/154/2 91/51/2 1200/53/47
f 1171/139/122 116/89/79 20/5/5
f 1211/183/116 111/186/118 25/103/91
f 1205/184/163 242/192/170 5/151/2
f 111/186/118 1290/2106/120 374/187/165
f 1180/129/114 89/7/2 3/9/2
f 88/27/2 4/13/2 206/15/12
f 93/70/2 1225/69/62 211/191/169
f 242/192/170 1220/169/149 92/167/147
f 480/204/182 32/231/209 127/205/183
f 436/207/185 1477/280/257 137/208/186
f 1465/209/187 668/1048/1003 1429/210/188
f 1378/217/195 135/225/203 1462/218/196
f 1482/223/201 633/1014/966 1424/224/202
f 31/228/206 127/205/183 1360/229/207
f 32/231/209 200/297/274 1360/229/207
f 438/232/210 1374/246/223 134/233/211
f 1374/246/223 446/831/777 1458/247/224
f 1355/248/225 121/299/276 1359/249/226
f 30/251/228 125/276/253 1341/252/229
f 467/261/238 1383/271/248 138/211/189
f 1389/263/240 426/808/753 1463/264/241
f 481/268/245 1389/263/240 119/265/242
f 479/270/247 1465/209/187 138/211/189
f 427/275/252 31/228/206 125/276/253
f 1477/280/257 579/962/908 1409/281/258
f 1404/284/261 456/845/791 1474/285/262
f 1346/287/264 121/299/276 1355/248/225
f 1404/284/261 139/286/263 1486/289/266
f 488/291/268 1470/328/304 118/292/269
f 30/251/228 543/253/230 1350/294/271
f 31/228/206 561/230/208 1341/252/229
f 465/296/273 1482/223/201 135/225/203
f 32/231/209 126/295/272 1350/294/271
f 139/286/263 1448/303/280 722/302/279
f 1474/285/262 688/1079/1032 1448/303/280
f 1478/234/212 134/233/211 1418/306/283
f 134/233/211 1458/247/224 617/308/285
f 1463/264/241 653/1043/995 1433/309/286
f 138/211/189 1429/210/188 634/310/287
f 119/265/242 1433/309/286 669/311/288
f 137/208/186 1409/281/258 597/317/294
f 427/275/252 1388/206/184 127/205/183
f 466/318/295 1379/277/254 125/276/253
f 635/319/296 1428/335/311 133/320/253
f 1423/321/297 133/320/253 1434/322/298
f 1470/328/304 703/1085/1039 1438/329/305
f 466/318/295 30/251/228 126/295/272
f 480/204/182 1384/334/310 126/295/272
f 1434/322/298 133/320/253 1428/335/311
f 135/225/203 1424/224/202 651/337/313
f 1394/293/270 118/292/269 1475/339/315
f 118/292/269 1438/329/305 686/341/317
f 1550/342/318 145/411/319 36/343/319
f 1501/345/321 757/521/477 55/346/322
f 141/348/319 1495/402/372 763/349/324
f 39/354/319 142/384/319 1515/355/328
f 737/357/330 1501/345/321 158/347/323
f 748/359/332 1546/503/459 154/360/333
f 762/362/335 50/424/390 161/363/336
f 38/350/319 140/368/319 1490/365/338
f 1505/367/340 753/499/456 39/354/319
f 1521/371/343 157/437/402 54/372/344
f 1516/374/346 169/431/397 61/375/347
f 1536/381/353 165/391/362 53/382/354
f 142/384/319 37/495/319 772/385/356
f 804/390/361 60/444/409 165/391/362
f 143/392/319 40/492/450 782/393/363
f 809/397/367 1551/395/365 156/396/366
f 815/399/369 1561/407/377 162/400/370
f 36/343/319 747/530/486 1495/402/372
f 1566/403/373 809/397/367 52/398/368
f 820/405/375 1566/403/373 164/404/374
f 1561/407/377 825/2107/1101 1650/408/378
f 41/409/319 814/469/430 1545/410/379
f 169/431/397 1595/433/399 847/432/398
f 54/372/344 877/438/403 1595/433/399
f 157/437/402 1600/439/404 877/438/403
f 53/382/354 887/443/408 1600/439/404
f 165/391/362 1615/445/410 887/443/408
f 60/444/409 910/526/482 1615/445/410
f 154/360/333 48/401/371 919/451/414
f 48/401/371 162/400/370 1640/457/419
f 162/400/370 1650/408/378 931/458/420
f 1496/460/422 748/359/332 49/361/334
f 1556/461/423 820/405/375 56/406/376
f 159/462/424 56/406/376 924/459/421
f 763/349/324 1505/367/340 140/368/319
f 146/468/319 1560/485/443 814/469/430
f 738/344/320 36/343/319 141/348/319
f 773/373/345 54/372/344 169/431/397
f 1531/474/433 787/1119/1073 1654/475/434
f 163/476/435 1654/475/434 892/477/436
f 743/376/348 61/375/347 168/430/396
f 762/362/335 1496/460/422 155/428/394
f 61/375/347 847/432/398 1570/483/441
f 1555/484/442 826/1158/1110 1560/485/443
f 819/486/444 1555/484/442 146/468/319
f 40/492/450 144/508/464 1535/493/451
f 1510/494/452 768/500/457 37/495/319
f 753/499/456 1510/494/452 142/384/319
f 768/500/457 1525/524/480 143/392/319
f 1546/503/459 815/399/369 48/401/371
f 1716/504/460 175/598/461 62/505/461
f 144/508/464 1530/511/467 805/509/465
f 1540/510/466 788/1128/1082 1530/511/467
f 1556/461/423 159/462/424 1651/516/472
f 810/518/474 41/409/319 145/411/319
f 159/462/424 1635/463/425 929/519/475
f 783/383/355 53/382/354 157/437/402
f 1565/487/445 146/468/319 41/409/319
f 37/495/319 143/392/319 1520/394/364
f 1491/480/439 168/430/396 55/346/322
f 1531/474/433 163/476/435 60/444/409
f 1525/524/480 778/531/487 40/492/450
f 163/476/435 1610/478/437 910/526/482
f 1500/470/431 141/348/319 38/350/319
f 140/368/319 39/354/319 742/356/329
f 145/411/319 1545/410/379 747/530/486
f 778/531/487 1540/510/466 144/508/464
f 1667/532/488 966/705/645 81/533/489
f 171/535/461 1661/589/540 972/536/491
f 961/538/492 85/604/552 196/539/493
f 65/541/461 172/571/461 1681/542/495
f 946/544/497 1667/532/488 188/534/490
f 957/546/499 1712/690/630 184/547/500
f 971/549/502 76/611/559 191/550/503
f 64/537/461 170/555/461 1656/552/505
f 1671/554/507 962/686/627 65/541/461
f 1677/540/494 196/539/493 83/556/508
f 1687/558/510 187/624/572 80/559/511
f 1682/561/513 199/618/566 87/562/514
f 976/557/509 83/556/508 190/564/516
f 1692/565/517 190/564/516 84/566/518
f 1702/568/520 195/578/529 79/569/521
f 172/571/461 63/682/623 981/572/523
f 986/567/519 84/566/518 197/573/524
f 1707/574/525 197/573/524 1819/575/526
f 1013/577/528 86/631/579 195/578/529
f 173/579/530 66/679/620 991/580/531
f 1717/582/533 946/544/497 77/545/498
f 1018/584/535 1717/582/533 186/583/534
f 1024/586/537 1727/594/545 192/587/538
f 62/505/461 956/714/654 1661/589/540
f 1732/590/541 1018/584/535 78/585/536
f 1029/592/543 1732/590/541 194/591/542
f 1727/594/545 1034/1224/1181 1816/595/546
f 67/596/461 1023/656/600 1711/597/547
f 188/534/490 81/533/489 1071/599/548
f 71/601/550 1056/711/651 1762/602/551
f 85/604/552 1066/653/598 1756/605/553
f 1080/606/554 69/623/571 180/607/555
f 186/583/534 77/545/498 1051/609/557
f 76/611/559 185/615/563 1741/612/560
f 76/611/559 1076/613/561 1751/614/562
f 185/615/563 75/548/501 1060/616/564
f 198/617/565 1736/670/611 1071/599/548
f 199/618/566 1761/620/568 1055/619/567
f 80/559/511 1085/625/573 1761/620/568
f 83/556/508 1081/683/624 1771/621/569
f 1757/622/570 179/603/550 69/623/571
f 187/624/572 1766/626/574 1085/625/573
f 79/569/521 1095/630/578 1766/626/574
f 84/566/518 1091/709/649 1786/627/575
f 1772/608/556 180/607/555 72/628/576
f 195/578/529 1781/632/580 1095/630/578
f 86/631/579 1118/710/650 1781/632/580
f 197/573/524 1786/627/575 1101/633/581
f 1050/634/582 1747/668/610 178/635/550
f 75/548/501 184/547/500 1791/637/583
f 184/547/500 74/588/539 1127/638/584
f 194/591/542 78/585/536 1123/639/585
f 182/641/550 73/660/550 1122/642/587
f 74/588/539 192/587/538 1806/644/589
f 192/587/538 1816/595/546 1139/645/590
f 82/593/544 194/591/542 1811/640/586
f 1662/647/592 957/546/499 75/548/501
f 1722/648/593 1029/592/543 82/593/544
f 189/649/594 82/593/544 1132/646/591
f 68/636/550 178/635/550 1742/651/596
f 972/536/491 1671/554/507 170/555/461
f 1672/551/504 191/550/503 85/604/552
f 191/550/503 1751/614/562 1066/653/598
f 178/635/550 70/669/550 1075/654/599
f 176/655/461 1726/672/613 1023/656/600
f 947/506/462 62/505/461 171/535/461
f 77/545/498 188/534/490 1746/600/549
f 1128/658/602 1807/677/618 183/659/550
f 982/560/512 80/559/511 199/618/566
f 1697/661/603 996/2099/2075 1820/662/604
f 193/663/605 1820/662/604 1100/664/606
f 179/603/550 1762/602/551 1086/666/608
f 952/563/515 87/562/514 198/617/565
f 971/549/502 1662/647/592 185/615/563
f 1747/668/610 1070/713/653 70/669/550
f 87/562/514 1055/619/567 1736/670/611
f 1721/671/612 1035/1232/1191 1726/672/613
f 1028/673/614 1721/671/612 176/655/461
f 183/659/550 1802/678/619 1133/675/616
f 1807/677/618 1138/1261/1221 1802/678/619
f 66/679/620 174/692/632 1701/680/621
f 1676/681/622 977/687/628 63/682/623
f 196/539/493 1756/605/553 1081/683/624
f 72/628/576 1096/704/644 1782/684/625
f 962/686/627 1676/681/622 172/571/461
f 977/687/628 1691/708/648 173/579/530
f 177/688/550 1752/689/629 1075/654/599
f 71/601/550 1065/706/646 1752/689/629
f 1712/690/630 1024/586/537 74/588/539
f 68/636/550 182/641/550 1797/643/588
f 1792/691/631 1128/658/602 73/660/550
f 174/692/632 1696/695/635 1014/693/633
f 1706/694/634 997/1957/1162 1696/695/635
f 1787/696/636 181/685/626 1777/697/637
f 181/685/626 1782/684/625 1117/699/639
f 1722/648/593 189/649/594 1817/700/640
f 1019/702/642 67/596/461 175/598/461
f 78/585/536 186/583/534 1796/610/558
f 189/649/594 1801/650/595 1137/703/643
f 992/570/522 79/569/521 187/624/572
f 1731/674/615 176/655/461 67/596/461
f 73/660/550 183/659/550 1812/676/617
f 180/607/555 1767/707/647 1096/704/644
f 63/682/623 173/579/530 1686/581/532
f 1657/667/609 198/617/565 81/533/489
f 1065/706/646 71/601/550 179/603/550
f 69/623/571 1086/666/608 1767/707/647
f 1697/661/603 193/663/605 86/631/579
f 1691/708/648 987/715/655 66/679/620
f 190/564/516 1771/621/569 1091/709/649
f 193/663/605 1776/665/607 1118/710/650
f 1666/657/601 171/535/461 64/537/461
f 170/555/461 65/541/461 951/543/496
f 1056/711/651 71/601/550 177/688/550
f 1737/712/652 177/688/550 70/669/550
f 175/598/461 1711/597/547 956/714/654
f 987/715/655 1706/694/634 174/692/632
f 1090/629/577 72/628/576 181/685/626
f 1061/652/597 1792/691/631 182/641/550
f 251/716/656 254/719/659 256/717/657
f 254/719/659 255/730/668 257/720/660
f 256/717/657 257/720/660 258/722/662
f 259/723/663 262/729/667 261/724/664
f 260/726/666 263/736/669 262/727/667
f 262/729/667 257/720/660 255/730/668
f 263/731/669 258/722/662 257/720/660
f 253/48/43 264/1506/672 266/732/670
f 265/733/671 266/732/670 263/736/674
f 266/732/670 267/735/2076 258/737/676
f 288/176/156 291/740/679 293/738/677
f 291/740/679 298/1504/2077 294/741/680
f 292/739/678 293/738/677 305/742/681
f 293/738/677 294/741/680 295/744/683
f 289/745/684 296/748/687 299/746/685
f 296/748/687 297/754/1369 300/749/688
f 299/746/685 300/749/688 295/744/690
f 301/750/691 304/753/694 303/751/692
f 302/743/682 305/742/681 304/753/694
f 304/753/694 300/749/696 297/754/695
f 305/742/681 295/744/683 300/749/696
f 356/136/119 359/1509/699 361/755/697
f 360/760/698 361/759/697 372/761/701
f 361/759/697 362/758/700 363/763/703
f 357/105/93 364/766/706 366/764/704
f 364/766/706 365/771/714 367/767/707
f 366/764/704 367/767/707 363/763/709
f 368/768/711 371/770/713 370/769/712
f 369/762/702 372/761/715 371/770/713
f 371/770/713 367/767/707 365/771/714
f 372/761/715 363/763/709 367/767/707
f 393/178/158 396/774/718 398/772/716
f 396/774/718 397/783/728 399/775/719
f 398/772/716 399/775/719 400/777/721
f 401/778/723 404/782/727 403/779/724
f 402/781/726 405/784/729 404/782/727
f 404/782/727 399/775/730 397/783/728
f 405/784/729 400/777/735 399/775/730
f 395/117/102 406/1502/733 408/785/731
f 407/786/732 408/785/731 405/784/729
f 408/785/731 409/776/734 400/777/735
f 413/788/736 416/791/739 415/789/737
f 416/791/739 417/2108/746 422/792/740
f 418/793/741 421/797/745 420/794/742
f 419/796/744 417/2109/746 421/797/745
f 421/797/745 416/799/739 414/790/738
f 422/792/740 417/2108/746 424/800/747
f 424/800/747 417/2109/746 419/796/744
f 431/810/756 432/809/759 429/811/757
f 432/809/759 433/2110/2078 430/813/760
f 451/832/783 1824/836/776 450/838/775
f 458/839/784 460/842/2079 459/840/785
f 459/840/788 460/842/2080 464/843/789
f 463/848/794 1825/844/1539 464/843/795
f 468/850/797 478/853/800 470/851/798
f 472/857/804 471/2111/803 474/858/805
f 475/862/808 478/864/800 477/863/809
f 478/864/800 471/2111/803 472/857/804
f 491/876/822 494/879/825 493/877/823
f 497/884/829 495/882/827 492/878/824
f 499/888/831 502/890/833 501/889/832
f 500/881/826 494/880/825 502/890/833
f 502/890/833 494/880/825 495/882/827
f 506/892/834 512/895/2081 507/893/835
f 506/892/837 1822/901/2082 508/894/838
f 515/904/847 518/907/850 517/905/848
f 516/906/849 519/909/852 518/907/850
f 518/907/850 529/910/853 526/908/851
f 514/250/227 520/1537/856 523/911/854
f 520/913/856 521/922/1497 524/914/857
f 522/912/855 523/911/854 519/916/858
f 523/911/860 524/2112/2083 529/918/861
f 525/919/863 528/921/865 527/920/864
f 526/908/851 529/910/867 528/921/865
f 528/921/865 524/914/868 521/922/866
f 545/928/873 548/931/876 547/929/874
f 546/930/875 549/939/884 548/931/876
f 548/931/876 560/934/879 557/932/877
f 548/931/876 549/939/884 550/933/878
f 551/935/880 554/938/883 553/936/881
f 552/937/882 555/943/888 554/938/883
f 554/938/883 549/939/884 546/930/875
f 554/938/883 555/943/888 550/933/878
f 556/940/885 559/942/887 558/941/886
f 557/932/877 560/934/879 559/942/887
f 559/942/887 555/943/888 552/937/882
f 559/942/887 560/934/879 550/933/878
f 564/944/889 567/947/892 566/945/890
f 565/946/891 568/949/2084 567/947/892
f 567/947/892 569/950/895 576/948/893
f 562/298/275 570/1517/898 573/951/896
f 570/953/898 571/961/1481 574/954/899
f 572/956/897 573/955/896 568/949/900
f 573/955/896 574/954/899 569/957/902
f 575/958/903 578/960/905 577/959/904
f 576/948/893 569/950/895 578/960/905
f 578/960/905 574/954/2085 571/961/906
f 579/962/908 582/1645/911 584/963/909
f 583/964/910 584/963/909 596/967/913
f 584/963/909 585/966/912 586/969/915
f 580/307/284 587/972/918 590/970/916
f 587/972/918 588/978/928 591/973/919
f 589/971/920 590/970/2086 585/966/921
f 590/970/916 591/973/919 586/969/923
f 592/974/925 595/977/927 594/975/926
f 593/968/914 596/967/929 595/977/927
f 595/977/927 591/973/930 588/978/928
f 596/967/929 586/969/2087 591/973/930
f 600/979/931 603/982/934 602/980/932
f 601/981/933 604/992/936 603/982/934
f 603/982/934 614/985/937 611/983/935
f 605/986/938 608/990/941 607/987/939
f 606/989/940 609/991/942 608/990/941
f 608/990/941 604/992/936 601/981/933
f 610/993/943 613/995/945 612/994/944
f 611/983/935 614/985/937 613/995/945
f 613/995/945 609/991/942 606/989/940
f 614/985/937 604/984/936 609/991/942
f 615/316/293 618/998/948 621/996/946
f 618/998/948 619/1008/958 622/999/949
f 620/997/950 621/996/946 632/1000/951
f 621/996/946 622/999/949 623/1002/953
f 624/1003/954 627/1007/957 626/1004/955
f 625/1006/956 628/1009/959 627/1007/957
f 627/1007/957 622/999/949 619/1008/958
f 628/1009/959 623/1002/953 622/999/949
f 617/308/285 629/1627/962 631/1010/960
f 630/1011/961 631/1010/960 628/1009/959
f 631/1010/960 632/1000/963 623/1002/953
f 636/1012/964 639/1016/968 638/1013/965
f 637/1015/967 640/1018/970 639/1016/968
f 639/1016/968 650/1019/971 647/1017/969
f 641/1020/972 644/1023/975 643/1021/973
f 642/1022/974 645/1024/976 644/1023/975
f 644/1023/975 640/1018/970 637/1015/967
f 645/1024/976 650/1029/971 640/1018/970
f 646/1025/977 649/1028/979 648/1026/978
f 647/1017/969 650/1019/971 649/1028/979
f 649/1028/979 645/1024/976 642/1022/974
f 651/337/313 654/1032/982 657/1030/980
f 654/1032/982 655/1042/994 658/1033/983
f 657/1030/984 667/1036/988 665/1034/985
f 657/1030/984 658/1033/2088 659/1035/987
f 660/1037/989 663/1041/993 662/1038/990
f 661/1040/991 658/1047/1001 663/1041/992
f 663/1041/993 658/1033/983 655/1042/994
f 653/1043/995 664/1046/1595 667/1044/996
f 666/1045/997 667/1044/2089 658/1047/1001
f 668/1048/1003 671/1051/1597 673/1049/1004
f 671/1051/1006 678/1635/1599 674/1052/1007
f 672/1050/1005 673/1049/1004 685/1053/1008
f 673/1049/1004 674/1052/1007 675/1055/1010
f 669/311/288 676/1058/1013 679/1056/1011
f 676/1058/1013 677/1064/1019 680/1059/1014
f 679/1056/1011 680/1059/1014 675/1055/1010
f 681/1060/1016 684/1063/1018 683/1061/1017
f 682/1054/1009 685/1053/1008 684/1063/1018
f 684/1063/1018 680/1059/1014 677/1064/1019
f 685/1053/1008 675/1055/1010 680/1059/1014
f 686/341/317 689/1067/1022 691/1065/1020
f 689/1067/1022 690/1076/1030 692/1068/1023
f 691/1065/1020 692/1068/1023 693/1070/1025
f 694/1071/1026 697/1075/1029 696/1072/1027
f 695/1074/1028 698/1078/1031 697/1075/1029
f 697/1075/1029 692/1068/1023 690/1076/1030
f 698/1078/1031 693/1070/1025 692/1068/1023
f 688/1079/1032 699/1641/1035 701/1080/1033
f 700/1081/1034 701/1080/1033 698/1078/1031
f 701/1080/1033 702/1069/1036 693/1070/1025
f 706/1083/1037 709/1087/1041 708/1084/1038
f 707/1086/1040 710/1089/1043 709/1087/1041
f 709/1087/1041 720/1090/1044 717/1088/1042
f 710/1089/1043 715/1095/1049 720/1090/1044
f 711/1091/1045 714/1094/1048 713/1092/1046
f 712/1093/1047 715/1100/1049 714/1094/1048
f 714/1094/1048 710/1089/1043 707/1086/1040
f 716/1096/1050 719/1099/1052 718/1097/1051
f 717/1088/1042 720/1090/1044 719/1099/1052
f 719/1099/1052 715/1100/1049 712/1093/1047
f 721/1101/1053 724/1104/1056 727/1102/1054
f 726/1103/1055 727/1102/1054 732/1106/1058
f 722/302/279 729/1112/1065 727/1110/1063
f 729/1112/1065 730/1118/1072 732/1113/1066
f 733/1114/1068 736/1117/1071 735/1115/1069
f 734/1107/1059 732/1106/1058 736/1117/1070
f 736/1117/1071 732/1113/1066 730/1118/1072
f 787/1119/1073 790/1122/1076 792/1120/1074
f 790/1122/1076 791/1132/1085 793/1123/1077
f 792/1120/1074 793/1123/1077 794/1125/1079
f 795/1126/1080 798/1130/1084 797/1127/1081
f 796/1129/1083 799/1140/1086 798/1130/1084
f 798/1131/1084 793/1123/1077 791/1132/1085
f 799/1134/1086 794/1125/1079 793/1123/1077
f 789/1135/360 800/2113/1089 802/1136/1087
f 801/1137/1088 802/1136/1087 799/1140/1091
f 802/1136/1087 803/1139/2090 794/1141/1093
f 824/517/473 827/1873/1096 829/1142/1094
f 827/1144/1096 834/2114/2091 830/1145/1097
f 828/1143/1095 829/1142/1094 841/1147/1098
f 829/1146/1094 830/1145/1097 831/1149/1100
f 825/1151/1101 832/1154/1104 835/1152/1102
f 832/1154/1104 833/1161/1742 836/1155/1105
f 835/1152/1102 836/1155/1105 831/1149/1107
f 837/1156/1108 840/1160/1111 839/1157/1109
f 838/1159/1099 841/1150/1098 840/1160/1111
f 840/1160/1111 836/1155/1113 833/1161/1112
f 841/1150/1098 831/1149/1100 836/1155/1113
f 892/477/436 901/1878/1116 896/1162/1114
f 895/1163/1115 896/1162/1114 908/1166/1118
f 896/1162/1114 897/1165/2092 898/1168/1120
f 893/446/411 899/1171/1123 902/1169/1121
f 899/1171/1123 900/1176/1130 903/1172/1124
f 902/1169/1121 903/1172/1124 898/1168/1126
f 904/1173/1127 907/1175/1129 906/1174/1128
f 905/1167/1119 908/1166/1131 907/1175/1129
f 907/1175/1129 903/1172/1124 900/1176/1130
f 908/1166/1131 898/1168/1126 903/1172/1124
f 929/519/475 932/1179/1134 934/1177/1132
f 932/1179/1134 933/1188/1144 935/1180/1135
f 934/1177/1132 935/1180/1135 936/1182/1137
f 937/1183/1139 940/1187/1143 939/1184/1140
f 938/1186/1142 941/1189/1145 940/1187/1143
f 940/1187/1143 935/1180/1146 933/1188/1144
f 941/1189/1145 936/1182/1151 935/1180/1146
f 931/458/420 942/1869/1149 944/1190/1147
f 943/1191/1148 944/1190/1147 941/1189/1145
f 944/1190/1147 945/1181/1150 936/1182/1151
f 996/1193/1152 999/1196/1155 1001/1194/1153
f 999/1196/1155 1000/1208/1165 1002/1197/1156
f 1001/1199/1153 1002/1211/1156 1003/1201/1158
f 1004/1202/1160 1007/1206/1164 1006/1203/1161
f 1005/1205/1163 1008/1210/1166 1007/1206/1164
f 1007/1207/1164 1002/1197/1156 1000/1208/1165
f 1008/1210/1166 1003/1201/1158 1002/1211/1156
f 998/576/527 1009/2097/1169 1011/1212/1167
f 1010/1213/1168 1011/1212/1167 1008/1210/1171
f 1011/1212/1167 1012/1200/1170 1003/1201/1173
f 1033/1215/641 1036/2115/1176 1038/1216/1174
f 1037/1217/1175 1038/1216/1174 1049/1221/1178
f 1038/1216/1174 1039/2116/1177 1040/1223/1180
f 1034/1224/1181 1041/1227/1184 1043/1225/1182
f 1041/1227/1184 1042/1235/1961 1044/1228/1185
f 1043/1225/1182 1044/1228/1185 1040/1229/1187
f 1045/1230/1189 1048/1233/1192 1047/1231/1190
f 1046/1222/1179 1049/1221/1178 1048/1233/1192
f 1048/1234/1192 1044/1228/1194 1042/1235/1193
f 1049/1221/1178 1040/1223/1180 1044/1237/1194
f 1100/664/606 1109/2100/1197 1104/1238/1195
f 1103/1239/1196 1104/1238/1195 1116/1242/1199
f 1104/1238/1195 1105/1241/2093 1106/1244/1201
f 1101/633/581 1107/1247/1204 1110/1245/1202
f 1107/1247/1204 1108/1252/1211 1111/1248/1205
f 1110/1245/1202 1111/1248/1205 1106/1244/1207
f 1112/1249/1208 1115/1251/1210 1114/1250/1209
f 1113/1243/1200 1116/1242/1212 1115/1251/1210
f 1115/1251/1210 1111/1248/1205 1108/1252/1211
f 1116/1242/1212 1106/1244/1207 1111/1248/1205
f 1137/703/643 1140/1255/1215 1143/1253/1213
f 1140/1255/1215 1141/1264/1224 1144/1256/1216
f 1143/1253/1213 1144/1256/1216 1145/1258/1218
f 1146/1259/1219 1149/1263/1223 1148/1260/1220
f 1147/1262/1222 1150/1265/1225 1149/1263/1223
f 1149/1263/1223 1144/1256/1226 1141/1264/1224
f 1150/1265/1225 1145/1258/1231 1144/1256/1226
f 1139/645/590 1142/2094/1229 1152/1266/1227
f 1151/1267/1228 1152/1266/1227 1150/1265/1225
f 1152/1266/1227 1153/1257/2094 1145/1258/1231
f 1155/1271/1234 1158/1270/1233 1157/1273/1236
f 1156/1269/1232 1159/1274/1237 1158/1270/1233
f 1158/1270/1233 1169/1275/1238 1166/1272/1235
f 1154/1276/1239 1160/1279/1242 1163/1277/1240
f 1160/1279/1242 1161/1284/2095 1164/1280/1243
f 1162/1278/1241 1163/1277/1240 1159/1274/1244
f 1163/1277/1246 1164/1280/2096 1169/1281/1247
f 1165/1283/1251 1168/1282/1250 1167/1285/1253
f 1166/1272/1249 1169/1275/1254 1168/1282/1250
f 1168/1282/1250 1164/1280/1255 1161/1284/1252
f 222/25/22 1170/24/21 1172/1286/1256
f 225/1287/1257 1172/1286/1256 1173/1288/1258
f 224/1289/1260 1173/1288/1265 1174/1290/1261
f 1174/1290/1261 1171/1296/122 221/1292/160
f 1170/24/21 206/15/12 208/1293/1263
f 1172/1286/1256 208/1293/1263 209/1294/1264
f 1173/1288/1265 209/1294/1303 210/1295/1266
f 210/1295/1266 207/1335/31 1171/1296/122
f 1175/1297/55 1177/1300/1268 230/1298/1267
f 1177/1300/1268 1178/1302/1274 229/1301/1269
f 1178/1302/1270 1179/1307/1276 228/1303/1271
f 228/1303/1271 1179/1307/1276 1176/119/104
f 211/1304/169 213/1305/1273 1177/1300/1268
f 213/1305/1273 214/1306/1342 1178/1302/1274
f 214/1306/1275 215/1376/1344 1179/1307/1276
f 1179/1307/1276 215/1376/1344 212/18/15
f 1180/129/114 1182/1309/1278 205/1308/1277
f 1182/1309/1278 1183/1311/1283 204/1310/1279
f 1183/1311/1280 1184/1315/1284 203/1312/1281
f 203/1312/1281 1184/1315/1284 1181/1313/4
f 222/25/22 225/1287/1257 1182/1309/1278
f 225/1287/1257 224/1289/1259 1183/1311/1283
f 224/1289/1260 223/1291/1262 1184/1315/1284
f 1184/1315/1284 223/1291/1262 221/1292/160
f 217/1316/138 1185/1323/23 1187/1317/1285
f 220/1318/1286 1187/1317/1285 1188/1319/1287
f 219/1320/1289 1188/1319/1292 1189/1321/1290
f 1189/1321/1290 1186/23/20 216/10/8
f 1185/1323/23 227/1299/7 230/1298/1267
f 1187/1317/1285 230/1298/1267 229/1301/1269
f 1188/1319/1292 229/1301/1272 228/1303/1271
f 228/1303/1271 226/21/18 1186/23/20
f 232/1324/139 1190/1331/134 1192/1325/1293
f 235/1326/1294 1192/1325/1293 1193/1327/1295
f 234/1328/1297 1193/1327/1300 1194/1329/1298
f 1194/1329/1298 1191/12/10 231/29/25
f 1190/1331/134 217/1316/138 220/1318/1286
f 1192/1325/1293 220/1318/1286 219/1320/1288
f 1193/1327/1300 219/1320/1289 218/1322/1291
f 218/1322/1291 216/10/8 1191/12/10
f 206/15/12 1195/14/11 1197/1332/1301
f 208/1293/1263 1197/1332/1301 1198/1333/1302
f 209/1294/1303 1198/1333/1307 1199/1334/1304
f 1199/1334/1304 1196/1339/29 207/1335/31
f 1195/14/11 236/44/39 238/1336/1305
f 1197/1332/1301 238/1336/1305 239/1337/1306
f 1198/1333/1307 239/1337/1311 240/1338/1308
f 240/1338/1308 237/1343/28 1196/1339/29
f 236/44/39 1200/53/47 1202/1340/1309
f 238/1336/1305 1202/1340/1309 1203/1341/1310
f 239/1337/1311 1203/1341/1315 1204/1342/1312
f 1204/1342/1312 1201/1347/26 237/1343/28
f 1200/53/47 246/52/46 248/1344/1313
f 1202/1340/1309 248/1344/1313 249/1345/1314
f 1203/1341/1315 249/1345/1333 250/1346/1316
f 250/1346/1316 247/1367/38 1201/1347/26
f 242/1348/170 1205/1355/163 1207/1349/1317
f 245/1350/1318 1207/1349/1317 1208/1351/1319
f 244/1352/1321 1208/1351/1324 1209/1353/1322
f 1209/1353/1322 1206/37/33 241/39/35
f 1205/1355/163 232/1324/139 235/1326/1294
f 1207/1349/1317 235/1326/1294 234/1328/1296
f 1208/1351/1324 234/1328/1297 233/1330/1299
f 233/1330/1299 231/29/25 1206/37/33
f 1210/170/150 1212/1357/1326 272/1356/1325
f 1212/1357/1326 1213/1359/1328 271/1358/1327
f 1213/1359/1328 1214/1361/1330 270/1360/1329
f 1214/1361/1330 1211/133/116 268/1362/44
f 252/725/665 261/724/664 1212/1357/1326
f 261/724/664 255/730/668 1213/1359/1328
f 255/730/668 254/719/659 1214/1361/1330
f 254/719/659 251/716/656 1211/133/116
f 246/52/46 1215/152/133 1217/1363/1331
f 248/1344/1313 1217/1363/1335 1218/1364/1332
f 249/1345/1333 1218/1364/1336 1219/1365/1334
f 250/1346/1316 1219/1365/1334 1216/1366/36
f 1215/152/133 269/168/148 272/1356/1325
f 1217/1363/1335 272/1356/1325 271/1358/1327
f 1218/1364/1336 271/1358/1327 270/1360/1329
f 270/1360/1329 268/1362/44 1216/1366/36
f 252/1368/665 1220/1372/149 1222/1369/1337
f 259/728/663 1222/1369/1337 1223/1370/1338
f 260/726/675 1223/1370/1340 1224/1371/1339
f 265/733/671 1224/1371/1339 1221/46/41
f 1220/1372/149 242/1348/170 245/1350/1318
f 1222/1369/1337 245/1350/1318 244/1352/1320
f 1223/1370/1340 244/1352/1321 243/1354/1323
f 1224/1371/1339 243/1354/1323 241/39/35
f 1225/1373/62 1227/1374/1341 213/1305/1273
f 1227/1374/1341 1228/1375/1346 214/1306/1342
f 1228/1375/1343 1229/1380/1348 215/1376/1344
f 215/1376/1344 1229/1380/1348 1226/162/142
f 278/128/113 280/1396/1345 1227/1377/1341
f 280/1378/1345 281/1379/1364 1228/1375/1346
f 281/1379/1347 282/1399/1366 1229/1380/1348
f 1229/1380/1348 282/1399/1366 279/58/52
f 1230/1/1 1232/1382/1350 277/1381/1349
f 1232/1382/1350 1233/1384/1355 276/1383/1351
f 1233/1384/1352 1234/1387/1356 275/1385/1353
f 275/1386/1353 1234/1388/1356 1231/54/48
f 202/3/3 205/1308/1277 1232/1382/1350
f 205/1308/1277 204/1310/1279 1233/1384/1355
f 204/1310/1282 203/1312/1281 1234/1387/1356
f 1234/1388/1356 203/2117/1281 201/16/13
f 290/752/693 1235/1392/125 1237/1389/1357
f 301/750/691 1237/1389/1357 1238/1390/1358
f 302/743/682 1238/1390/1358 1239/1391/1359
f 292/739/678 1239/1391/1359 1236/120/105
f 1235/1392/125 283/2118/127 285/1393/1360
f 1237/1389/1357 285/1393/1360 286/1394/1361
f 1238/1390/1358 286/1394/1361 287/1395/1362
f 1239/1391/1359 287/1395/1362 284/64/58
f 1240/144/126 1242/1402/1363 280/1396/1345
f 1242/1397/1363 1243/1398/1368 281/1379/1364
f 1243/1398/1365 1244/1400/1367 282/1399/1366
f 1244/1400/1367 1241/66/60 279/58/52
f 290/1401/693 303/2119/692 1242/1402/1363
f 303/751/692 297/754/695 1243/1398/1368
f 297/754/1369 296/748/687 1244/1400/1367
f 296/748/687 289/745/684 1241/66/60
f 1245/146/128 1247/1404/1370 285/1403/1360
f 1247/1404/1370 1248/1406/1372 286/1405/1361
f 1248/1406/1371 1249/1408/1373 287/1407/1362
f 287/1395/1362 1249/1409/1373 1246/62/56
f 274/177/157 277/1381/1349 1247/1404/1370
f 277/1381/1349 276/1383/1351 1248/1406/1372
f 276/1383/1354 275/1385/1353 1249/1408/1373
f 275/1386/1353 273/56/50 1246/62/56
f 1250/142/124 1252/1411/1375 330/1410/1374
f 1252/1411/1375 1253/1413/1377 329/1412/1376
f 1253/1413/1377 1254/1415/1379 328/1414/1378
f 1254/1415/1379 1251/189/167 326/190/168
f 311/91/81 313/1416/1380 1252/1411/1375
f 313/1416/1380 314/1417/1381 1253/1413/1377
f 314/1417/1381 315/1418/1382 1254/1415/1379
f 315/1418/1382 312/188/166 1251/189/167
f 332/85/75 1255/84/74 1257/1419/1383
f 335/1420/1384 1257/1419/1383 1258/1421/1385
f 334/1422/1386 1258/1421/1385 1259/1423/1387
f 333/1424/1388 1259/1423/1387 1256/123/108
f 1255/84/74 316/88/78 318/1425/1389
f 1257/1419/1383 318/1425/1389 319/1426/1390
f 1258/1421/1385 319/1426/1390 320/1427/1391
f 1259/1423/1387 320/1427/1391 317/124/109
f 307/81/71 1260/72/64 1262/1428/1392
f 310/1429/1393 1262/1428/1392 1263/1430/1394
f 309/1431/1395 1263/1430/1394 1264/1432/1396
f 308/1433/1397 1264/1432/1396 1261/140/123
f 1260/72/64 327/71/63 330/1410/1374
f 1262/1428/1392 330/1410/1374 329/1412/1376
f 1263/1430/1394 329/1412/1376 328/1414/1378
f 1264/1432/1396 328/1414/1378 326/190/168
f 1265/86/76 1267/1435/1399 325/1434/1398
f 1267/1435/1399 1268/1437/1401 324/1436/1400
f 1268/1437/1401 1269/1439/1403 323/1438/1402
f 1269/1439/1403 1266/161/141 321/181/161
f 332/85/75 335/1420/1384 1267/1435/1399
f 335/1420/1384 334/1422/1386 1268/1437/1401
f 334/1422/1386 333/1424/1388 1269/1439/1403
f 1270/77/68 1272/1441/1405 340/1440/1404
f 1272/1441/1405 1273/1443/1407 339/1442/1406
f 322/125/110 325/1434/1398 1272/1441/1405
f 325/1434/1398 324/1436/1400 1273/1443/1407
f 324/1436/1400 323/1438/1402 1274/1445/1409
f 323/1438/1402 321/181/161 1271/94/84
f 1275/92/82 1277/1446/1410 313/1416/1380
f 1277/1446/1410 1278/1447/1411 314/1417/1381
f 1279/1448/1412 1276/74/66 312/188/166
f 341/97/86 343/1449/1413 1277/1446/1410
f 343/1449/1413 344/1450/1414 1278/1447/1411
f 344/1450/1414 345/1451/1415 1279/1448/1412
f 345/1451/1415 342/138/121 1276/74/66
f 1280/98/87 1282/1452/1416 343/1449/1413
f 1282/1452/1416 1283/1453/1417 344/1450/1414
f 1283/1453/1417 1284/1454/1418 345/1451/1415
f 1284/1454/1418 1281/182/162 342/138/121
f 351/102/90 353/1455/1419 1282/1452/1416
f 353/1455/1419 354/1456/1420 1283/1453/1417
f 354/1456/1420 355/1457/1421 1284/1454/1418
f 1285/93/83 1287/1459/1423 350/1458/1422
f 1287/1459/1423 1288/1461/1425 349/1460/1424
f 1288/1461/1425 1289/1463/1427 348/1462/1426
f 1289/1463/1427 1286/80/70 346/101/89
f 337/155/135 340/1440/1404 1287/1459/1423
f 340/1440/1404 339/1442/1406 1288/1461/1425
f 339/1442/1406 338/1444/1408 1289/1463/1427
f 338/1444/1408 336/78/69 1286/80/70
f 374/187/165 1290/2106/120 1292/1464/1428
f 377/1465/1429 1292/1464/1428 1293/1466/1430
f 376/1467/1431 1293/1466/1430 1294/1468/1432
f 375/1469/1433 1294/1468/1432 1291/172/152
f 1290/137/120 356/136/119 360/756/698
f 1292/1464/1428 360/760/698 369/762/702
f 1293/1466/1430 369/762/702 368/768/711
f 1294/1468/1432 368/768/711 358/173/153
f 1295/104/92 1297/1471/1434 353/1455/1419
f 1297/1471/1434 1298/1472/1435 354/1456/1420
f 1298/1472/1435 1299/1473/1436 355/1457/1421
f 1299/1473/1436 1296/156/136 352/179/159
f 374/187/165 377/1465/1429 1297/1471/1434
f 377/1465/1429 376/1467/1431 1298/1472/1435
f 376/1467/1431 375/1469/1433 1299/1473/1436
f 375/1469/1433 373/174/154 1296/156/136
f 1300/99/88 1302/1474/1437 364/766/706
f 1302/1474/1437 1303/1475/1438 365/771/714
f 1304/1476/1439 1301/171/151 358/173/153
f 347/185/164 350/1458/1422 1302/1474/1437
f 350/1458/1422 349/1460/1424 1303/1475/1438
f 349/1460/1424 348/1462/1426 1304/1476/1439
f 348/1462/1426 346/101/89 1301/171/151
f 316/88/78 1305/109/95 1307/1477/1440
f 318/1425/1389 1307/1477/1440 1308/1478/1441
f 319/1426/1390 1308/1478/1441 1309/1479/1442
f 1305/109/95 383/110/96 385/1480/1443
f 1308/1478/1441 386/1481/1444 387/1482/1445
f 379/111/97 1310/82/72 1312/1483/1446
f 382/1484/1447 1312/1483/1446 1313/1485/1448
f 381/1486/1449 1313/1485/1448 1314/1487/1450
f 380/1488/1451 1314/1487/1450 1311/115/100
f 1310/82/72 307/81/71 310/1429/1393
f 1312/1483/1446 310/1429/1393 309/1431/1395
f 1313/1485/1448 309/1431/1395 308/1433/1397
f 1314/1487/1450 308/1433/1397 306/106/94
f 1315/122/107 1317/1489/1452 396/774/718
f 1317/1489/1452 1318/1490/1453 397/783/728
f 1318/1490/1453 1319/1491/1454 403/779/724
f 1319/1491/1454 1316/150/132 394/780/725
f 388/118/103 390/1492/1455 1317/1489/1452
f 390/1492/1455 391/1493/1456 1318/1490/1453
f 391/1493/1456 392/1494/1457 1319/1491/1454
f 392/1494/1457 389/147/129 1316/150/132
f 383/110/96 1320/116/101 1322/1495/1458
f 385/1480/1443 1322/1495/1458 1323/1496/1459
f 386/1481/1444 1323/1496/1459 1324/1497/1460
f 387/1482/1445 1324/1497/1460 1321/149/131
f 1320/116/101 395/117/102 407/786/732
f 1322/1495/1458 407/786/732 402/781/726
f 1323/1496/1459 402/781/726 401/778/723
f 1324/1497/1460 401/778/723 394/780/725
f 388/118/103 1325/112/98 1327/1498/1461
f 390/1492/1455 1327/1498/1461 1328/1499/1462
f 391/1493/1456 1328/1499/1462 1329/1500/1463
f 392/1494/1457 1329/1500/1463 1326/148/130
f 1325/112/98 379/111/97 382/1484/1447
f 1327/1498/1461 382/1484/1447 381/1486/1449
f 1328/1499/1462 381/1486/1449 380/1488/1451
f 395/117/102 1330/67/61 1332/1501/1464
f 406/773/1465 1332/1505/1469 1331/175/155
f 1330/67/61 289/745/684 298/747/1466
f 1332/1505/1469 291/740/679 288/176/156
f 1333/47/42 1335/1508/1472 264/1506/1470
f 1335/1507/1471 1334/134/117 251/716/656
f 357/105/93 359/765/705 1335/1508/1472
f 359/1509/699 356/136/119 1334/134/117
f 1336/258/235 542/274/251 547/929/874
f 1341/252/229 1343/1514/1477 551/935/880
f 1343/1514/1477 1344/1516/1479 552/937/882
f 552/937/882 1344/1516/1479 1345/1515/1478
f 561/230/208 566/945/890 1343/1514/1477
f 566/945/890 576/948/893 1344/1516/1479
f 1344/1516/1479 576/948/893 575/958/903
f 1345/1515/1478 575/958/903 563/267/244
f 1348/1518/1480 1349/1523/1485 571/1519/1481
f 1346/287/264 531/288/265 538/1521/1483
f 1349/1520/1482 533/924/869 530/242/219
f 200/297/274 1350/294/271 1352/1526/1487
f 525/919/863 1352/1526/1487 1353/1527/1488
f 1353/1527/1488 1354/1528/1489 517/905/848
f 1350/294/271 543/253/230 553/936/881
f 1352/1526/1487 553/936/881 546/930/875
f 546/930/875 545/928/873 1354/1528/1489
f 545/928/873 542/274/251 1351/273/250
f 1355/248/225 1357/1530/1491 536/1529/1490
f 1357/1530/1491 1358/1535/1495 537/1531/1492
f 1355/248/225 514/250/227 522/912/855
f 1357/1530/1491 522/912/855 516/917/859
f 1359/249/226 1361/1540/1496 520/1537/856
f 1361/1538/1496 1362/1541/1500 521/922/1497
f 1362/1539/1498 1360/229/207 200/297/1499
f 1359/249/226 562/298/275 572/952/897
f 1361/1538/1496 572/956/897 565/946/901
f 1362/1539/1498 564/944/889 561/230/208
f 436/207/185 1363/163/143 1365/1542/1501
f 439/1543/1502 1365/1542/1501 1366/1544/1503
f 441/1547/1507 1367/1546/1506 1364/245/222
f 410/165/145 415/789/737 1365/1542/1501
f 415/789/737 422/792/740 1366/1544/1503
f 422/792/740 423/801/748 1367/1546/1506
f 1368/257/234 412/243/220 423/802/748
f 1371/1550/1511 419/796/744 418/793/741
f 1373/313/290 1375/1553/1513 441/1552/1507
f 1375/1553/1513 1376/1554/1515 442/824/1514
f 1376/1554/1515 1377/1555/1517 444/819/1516
f 1377/1555/1517 1374/246/223 438/232/210
f 1376/1554/1515 452/835/1518 451/834/778
f 1377/1555/1517 451/834/778 446/831/777
f 465/296/273 1378/217/195 1380/1557/1519
f 468/850/797 1380/1557/1519 1381/1558/1520
f 469/861/799 1381/1558/1520 1382/1559/1521
f 473/860/806 1382/1559/1521 1379/277/254
f 425/219/197 429/804/750 1380/1557/1519
f 429/804/750 433/807/1522 1381/1558/1520
f 433/807/1522 434/1560/1523 1382/1559/1521
f 434/1560/1523 427/275/252 1379/277/254
f 479/270/247 1383/271/248 1385/1561/1524
f 487/867/1525 1385/1561/1524 1386/1562/1526
f 1826/1563/1527 1386/1562/1526 1387/1564/1528
f 485/1565/1529 1387/1564/1528 1384/334/310
f 467/261/238 477/863/809 1385/1561/1524
f 477/863/809 472/857/804 1386/1562/1526
f 472/857/804 473/859/806 1387/1564/1528
f 473/859/806 466/318/295 1384/334/310
f 1388/206/184 1390/1567/1530 485/1566/1529
f 1390/1567/1530 1391/1568/1532 484/875/1531
f 1391/1568/1532 1392/1569/1534 487/873/1533
f 1392/1569/1534 1389/263/240 481/268/245
f 1388/206/184 427/275/252 434/1570/1523
f 1390/1567/1530 434/1570/1523 433/1571/1535
f 1391/1568/1532 433/1571/1535 432/1572/754
f 1392/1569/1534 432/1572/754 426/808/753
f 1393/255/232 1395/1574/1537 462/1573/1536
f 463/2120/794 462/1573/1536 1825/844/1539
f 462/1573/1536 1395/1574/1537 1825/844/1539
f 1397/1576/1540 1394/293/270 455/340/316
f 1393/255/232 489/278/255 496/886/1541
f 1395/1574/1537 496/886/1541 492/887/824
f 1396/1575/1538 492/887/824 491/876/822
f 1397/1576/1540 491/876/822 488/291/268
f 1400/1577/1542 1401/1578/1543 497/891/829
f 1398/324/300 504/325/301 509/1580/1545
f 1403/338/314 1405/1583/1548 509/1582/1545
f 1406/1584/1550 1407/1585/1551 512/899/842
f 1407/1585/1551 1404/284/261 505/290/267
f 1405/1583/1548 462/1586/1536 463/848/1552
f 1406/1584/1550 463/848/1552 460/849/792
f 1407/1585/1551 460/849/792 456/845/791
f 581/976/307 1408/1590/306 1410/1587/1553
f 592/974/925 1410/1587/1553 1411/1588/1554
f 593/968/914 1411/1588/1554 1412/1589/1555
f 583/964/910 1412/1589/1555 1409/281/258
f 1408/1590/306 598/988/308 607/987/939
f 1410/1587/1553 607/987/939 601/981/933
f 1411/1588/1554 601/981/933 600/979/931
f 600/979/931 597/317/294 1409/281/258
f 1413/305/282 1415/1591/1556 618/998/948
f 1417/1593/1558 1414/1594/198 616/1005/200
f 1418/306/283 1420/1595/1559 587/972/918
f 1420/1595/1559 1421/1596/1560 588/978/928
f 1421/1596/1560 1422/1597/1561 594/975/926
f 1422/1597/1561 1419/1598/199 581/976/307
f 1418/306/283 617/308/285 630/1011/961
f 1420/1595/1559 630/1011/961 625/1006/956
f 1421/1596/1560 625/1006/956 624/1003/954
f 1422/1597/1561 624/1003/954 616/1005/200
f 1423/1599/297 1425/1600/1562 646/1025/977
f 1425/1600/1562 1426/1601/1563 647/1017/969
f 1426/1601/1563 1427/1602/1564 638/1013/965
f 1427/1602/1564 1424/224/202 633/1014/966
f 652/1039/299 662/1038/990 1425/1600/1562
f 662/1038/990 655/1042/994 1426/1601/1563
f 655/1042/994 654/1032/982 1427/1602/1564
f 654/1032/982 651/337/313 1424/224/202
f 670/1062/312 1428/1606/311 1430/1603/1565
f 681/1060/1016 1430/1603/1565 1431/1604/1566
f 682/1054/1009 1431/1604/1566 1432/1605/1567
f 672/1050/1005 1432/1605/1567 1429/210/188
f 1428/1606/311 635/1027/296 648/1026/978
f 1430/1603/1565 648/1026/978 642/1022/974
f 1431/1604/1566 642/1022/974 641/1020/972
f 1432/1605/1567 641/1020/972 634/310/287
f 1433/309/286 1435/1607/1568 676/1058/1013
f 1435/1607/1568 1436/1608/1569 677/1064/1019
f 1436/1608/1569 1437/1609/1570 683/1061/1017
f 1437/1609/1570 1434/1610/298 670/1062/312
f 1433/309/286 653/1043/995 666/1045/997
f 1435/1607/1568 666/1045/997 661/1040/991
f 1436/1608/1569 661/1040/991 660/1037/989
f 1437/1609/1570 660/1037/989 652/1039/299
f 1438/329/305 1440/1611/1571 689/1067/1022
f 1440/1611/1571 1441/1612/1572 690/1076/1030
f 1441/1612/1572 1442/1613/1573 696/1077/1027
f 1442/1613/1573 1439/1614/181 687/1073/191
f 703/1085/1039 708/1084/1038 1440/1611/1571
f 708/1084/1038 717/1088/1042 1441/1612/1572
f 717/1088/1042 716/1096/1050 1442/1613/1573
f 716/1096/1050 705/1098/179 1439/1614/181
f 711/1091/1045 1445/1615/1574 1446/1616/1575
f 1443/200/178 721/1101/1053 726/1103/1055
f 1446/1616/1575 734/1107/1059 733/1114/1068
f 1447/1617/1576 733/1114/1068 723/1116/303
f 1448/303/280 1450/1619/1577 729/1112/1065
f 1450/1619/1577 1451/1620/1578 730/1118/1072
f 1451/1620/1578 1452/1621/1579 735/1115/1069
f 1452/1621/1579 1449/1622/190 723/1116/303
f 1448/303/280 688/1079/1032 700/1081/1034
f 1450/1619/1577 700/1081/1034 695/1074/1028
f 1451/1620/1578 695/1074/1028 694/1071/1026
f 1452/1621/1579 694/1071/1026 687/1073/191
f 1453/164/144 1455/1623/1580 413/788/736
f 1455/1623/1580 1456/1624/1582 414/790/1581
f 1456/1624/1582 1457/1625/1583 420/794/742
f 1457/1625/1583 1454/236/214 411/795/743
f 597/317/294 602/980/932 1455/1623/1580
f 602/980/932 611/983/935 1456/1624/1582
f 611/983/935 610/993/943 1457/1625/1583
f 610/993/943 599/304/281 1454/236/214
f 617/308/285 1458/247/224 1460/1626/1584
f 629/1001/952 1460/1629/1585 1461/1628/1585
f 620/997/947 1461/1628/1587 1459/314/291
f 1458/247/224 446/831/777 453/833/779
f 1460/1629/1585 453/827/1586 448/825/1586
f 1461/1628/1587 448/825/770 445/315/292
f 1462/218/196 1464/1631/1591 428/803/749
f 431/810/755 1464/1630/1593 1463/264/241
f 1462/218/196 651/337/313 656/1031/981
f 664/1046/1595 653/1043/995 1463/264/241
f 668/1048/1003 1465/209/187 1467/1633/1596
f 671/1051/1006 1467/1633/1601 1468/1634/1598
f 1468/1636/1600 1466/269/246 669/311/288
f 1465/209/187 479/270/247 482/866/811
f 1467/1633/1601 482/866/1602 486/871/1602
f 486/872/817 481/268/245 1466/269/246
f 490/283/260 1469/282/259 1471/1637/1603
f 1471/1637/1603 1472/1638/1605 500/881/1604
f 1472/1638/1605 1473/1639/1606 493/877/823
f 1473/1639/1606 1470/328/304 488/291/268
f 1469/282/259 704/301/278 713/1092/1046
f 1471/1637/1603 713/1092/1046 707/1086/1040
f 707/1086/1040 706/1083/1037 1473/1639/1606
f 706/1083/1037 703/1085/1039 1470/328/304
f 688/1079/1032 1474/285/262 1476/1640/1607
f 1476/1642/1608 1475/339/315 686/341/317
f 1474/285/262 456/845/791 461/847/793
f 458/839/1610 455/340/316 1475/339/315
f 579/962/908 1477/280/257 1479/1644/1611
f 1480/1647/1613 1478/234/212 580/307/284
f 1477/280/257 436/207/185 443/815/1614
f 443/818/1615 438/232/210 1478/234/212
f 1481/262/239 1483/1648/1616 475/862/808
f 1483/1648/1616 1484/1650/1619 476/855/1617
f 476/855/1617 1484/1650/1619 1485/1649/1618
f 1485/1649/1618 1482/223/201 465/296/273
f 634/310/287 643/1021/973 1483/1648/1616
f 1483/1648/1616 643/1021/973 637/1015/967
f 1484/1650/1619 637/1015/967 636/1012/964
f 636/1012/964 633/1014/966 1482/223/201
f 1486/289/266 1488/1652/1625 511/898/841
f 511/897/1620 1488/1653/1628 1489/1651/1621
f 1489/1651/1623 1487/199/177 503/196/174
f 722/302/279 731/1111/1064 1488/1652/1625
f 725/1105/1627 724/1104/2097 1489/1651/1621
f 1489/1651/1623 724/1104/1056 721/1101/1053
f 758/366/339 1490/365/338 1492/1654/1629
f 761/1656/1630 1492/1662/1629 1493/1657/1631
f 760/1658/1633 1493/1657/1638 1494/1659/1634
f 1494/1659/1634 1491/480/439 757/521/477
f 1490/365/338 742/356/329 744/1661/1636
f 1492/1662/1629 744/1700/1636 745/1663/1637
f 1493/1657/1638 745/1663/1676 746/1664/1639
f 746/1664/1639 743/376/348 1491/480/439
f 1495/402/372 1497/1666/1641 766/1665/1640
f 1497/1666/1641 1498/1668/1647 765/1667/1642
f 1498/1668/1643 1499/1673/1649 764/1669/1644
f 764/1670/1644 1499/1674/1649 1496/460/422
f 747/530/486 749/1671/1646 1497/1666/1641
f 749/1671/1646 750/1672/1715 1498/1668/1647
f 750/1672/1648 751/1744/1717 1499/1673/1649
f 1499/1674/1649 751/1745/1717 748/359/332
f 1500/470/431 1502/1681/1651 741/1675/1650
f 1502/1676/1651 1503/1679/1656 740/1677/1652
f 1503/1679/1653 1504/1682/1657 739/1680/1654
f 739/1680/1654 1504/1682/1657 1501/345/321
f 758/366/339 761/1655/1630 1502/1681/1651
f 761/1656/1630 760/1658/1632 1503/1679/1656
f 760/1658/1633 759/1660/1635 1504/1682/1657
f 1504/1682/1657 759/1660/1635 757/521/477
f 753/499/456 1505/367/340 1507/1683/1658
f 756/1684/1659 1507/1683/1658 1508/1685/1660
f 755/1686/1662 1508/1685/1665 1509/1687/1663
f 1509/1689/1663 1506/364/337 752/351/325
f 1505/367/340 763/349/324 766/1665/1640
f 1507/1683/1658 766/1665/1640 765/1667/1642
f 1508/1685/1665 765/1667/1645 764/1669/1644
f 764/1670/1644 762/362/335 1506/364/337
f 768/500/457 1510/494/452 1512/1691/1666
f 771/1692/1667 1512/1691/1666 1513/1693/1668
f 770/1694/1670 1513/1693/1673 1514/1695/1671
f 1514/1697/1671 1511/353/327 767/370/342
f 1510/494/452 753/499/456 756/1684/1659
f 1512/1691/1666 756/1684/1659 755/1686/1661
f 1513/1693/1673 755/1686/1662 754/1688/1664
f 754/1690/1664 752/351/325 1511/353/327
f 742/356/329 1515/355/328 1517/1699/1674
f 744/1700/1636 1517/1704/1674 1518/1701/1675
f 745/1663/1676 1518/1701/1680 1519/1702/1677
f 1519/1702/1677 1516/374/346 743/376/348
f 1515/355/328 772/385/356 774/1703/1678
f 1517/1704/1674 774/1709/1678 775/1705/1679
f 1518/1701/1680 775/1705/1684 776/1706/1681
f 776/1706/1681 773/373/345 1516/374/346
f 772/1707/356 1520/1712/364 1522/1708/1682
f 774/1709/1678 1522/1708/1682 1523/1710/1683
f 775/1705/1684 1523/1710/1688 1524/1711/1685
f 1524/1711/1685 1521/371/343 773/373/345
f 1520/1712/364 782/1733/363 784/1713/1686
f 1522/1708/1682 784/1713/1686 785/1714/1687
f 1523/1710/1688 785/1714/1706 786/1715/1689
f 786/1715/1689 783/383/355 1521/371/343
f 778/531/487 1525/524/480 1527/1716/1690
f 781/1717/1691 1527/1716/1690 1528/1718/1692
f 780/1719/1694 1528/1718/1697 1529/1720/1695
f 1529/1720/1695 1526/1723/350 777/1722/352
f 1525/524/480 768/500/457 771/1692/1667
f 1527/1716/1690 771/1692/1667 770/1694/1669
f 1528/1718/1697 770/1694/1670 769/1696/1672
f 769/1696/1672 767/2121/342 1526/1723/350
f 1530/1724/467 1532/1727/1699 808/1725/1698
f 1532/1727/1699 1533/1729/1701 807/1728/1700
f 1533/1729/1701 1534/1731/1703 806/1730/1702
f 1534/1731/1703 1531/474/433 804/390/361
f 788/1732/1082 797/1133/1081 1532/1727/1699
f 797/1133/1081 791/1132/1085 1533/1729/1701
f 791/1132/1085 790/1122/1076 1534/1731/1703
f 790/1122/1076 787/1119/1073 1531/474/433
f 782/1733/363 1535/1737/451 1537/1734/1704
f 784/1713/1686 1537/1734/1708 1538/1735/1705
f 785/1714/1706 1538/1735/1709 1539/1736/1707
f 786/1715/1689 1539/1736/1707 1536/381/353
f 1535/1737/451 805/1726/465 808/1725/1698
f 1537/1734/1708 808/1725/1698 807/1728/1700
f 1538/1735/1709 807/1728/1700 806/1730/1702
f 806/1730/1702 804/390/361 1536/381/353
f 788/1128/1082 1540/510/466 1542/1738/1710
f 795/1126/1080 1542/1738/1710 1543/1739/1711
f 796/1129/1092 1543/1739/1713 1544/1740/1712
f 801/1137/1088 1544/1740/1712 1541/1741/358
f 1540/510/466 778/531/487 781/1717/1691
f 1542/1738/1710 781/1717/1691 780/1719/1693
f 1543/1739/1713 780/1719/1694 779/1721/1696
f 1544/1740/1712 779/1721/1696 777/1722/352
f 1545/410/379 1547/1742/1714 749/1671/1646
f 1547/1742/1714 1548/1743/1719 750/1672/1715
f 1548/1743/1716 1549/1748/1721 751/1744/1717
f 751/1745/1717 1549/1749/1721 1546/503/459
f 814/469/430 816/1746/1718 1547/1742/1714
f 816/1746/1718 817/1747/1737 1548/1743/1719
f 817/1747/1720 818/1768/1739 1549/1748/1721
f 1549/1749/1721 818/1770/1739 815/399/369
f 1550/342/318 1552/1756/1723 813/1750/1722
f 1552/1751/1723 1553/1754/1728 812/1752/1724
f 1553/1754/1725 1554/1757/1729 811/1755/1726
f 811/1755/1726 1554/1757/1729 1551/395/365
f 738/344/320 741/1675/1650 1552/1756/1723
f 741/1678/1650 740/1677/1652 1553/1754/1728
f 740/1677/1655 739/1680/1654 1554/1757/1729
f 1554/1757/1729 739/1680/1654 737/357/330
f 826/1158/1110 1555/484/442 1557/1758/1730
f 837/1759/1108 1557/1763/1730 1558/1760/1731
f 838/1148/1099 1558/1760/1731 1559/1761/1732
f 828/1143/1095 1559/1761/1732 1556/461/423
f 1555/484/442 819/486/444 821/1762/1733
f 1557/1763/1730 821/1774/1733 822/1764/1734
f 1558/1760/1731 822/1764/1734 823/1765/1735
f 1559/1761/1732 823/1765/1735 820/405/375
f 1560/485/443 1562/1766/1736 816/1746/1718
f 1562/1766/1736 1563/1767/1741 817/1747/1737
f 1563/1767/1738 1564/1771/1740 818/1768/1739
f 1564/1769/1740 1561/407/377 815/399/369
f 826/1158/1110 839/1157/1109 1562/1766/1736
f 839/1157/1109 833/1161/1112 1563/1767/1741
f 833/1161/1742 832/1154/1104 1564/1771/1740
f 832/1772/1104 825/2107/1101 1561/407/377
f 1565/487/445 1567/1776/1743 821/1762/1733
f 1567/1773/1743 1568/1775/1745 822/1764/1734
f 1568/1775/1744 1569/1777/1746 823/1765/1735
f 823/1765/1735 1569/1777/1746 1566/403/373
f 810/518/474 813/1750/1722 1567/1776/1743
f 813/1753/1722 812/1752/1724 1568/1775/1745
f 812/1752/1727 811/1755/1726 1569/1777/1746
f 811/1755/1726 809/397/367 1566/403/373
f 1570/483/441 1572/1779/1748 866/1778/1747
f 1572/1779/1748 1573/1781/1750 865/1780/1749
f 1573/1781/1750 1574/1783/1752 864/1782/1751
f 1574/1783/1752 1571/528/484 862/529/485
f 847/432/398 849/1784/1753 1572/1779/1748
f 849/1784/1753 850/1785/1754 1573/1781/1750
f 850/1785/1754 851/1786/1755 1574/1783/1752
f 851/1786/1755 848/527/483 1571/528/484
f 868/426/392 1575/425/391 1577/1787/1756
f 871/1788/1757 1577/1787/1756 1578/1789/1758
f 870/1790/1759 1578/1789/1758 1579/1791/1760
f 869/1792/1761 1579/1791/1760 1576/464/426
f 1575/425/391 852/429/395 854/1793/1762
f 1577/1787/1756 854/1793/1762 855/1794/1763
f 1578/1789/1758 855/1794/1763 856/1795/1764
f 1579/1791/1760 856/1795/1764 853/465/427
f 843/422/388 1580/413/381 1582/1796/1765
f 846/1797/1766 1582/1796/1765 1583/1798/1767
f 844/1801/1770 1584/1800/1769 1581/481/440
f 1580/413/381 863/412/380 866/1778/1747
f 1582/1796/1765 866/1778/1747 865/1780/1749
f 1583/1798/1767 865/1780/1749 864/1782/1751
f 1584/1800/1769 864/1782/1751 862/529/485
f 1585/427/393 1587/1803/1772 861/1802/1771
f 1587/1803/1772 1588/1805/1774 860/1804/1773
f 1588/1805/1774 1589/1807/1776 859/1806/1775
f 1589/1807/1776 1586/502/458 857/522/478
f 868/426/392 871/1788/1757 1587/1803/1772
f 871/1788/1757 870/1790/1759 1588/1805/1774
f 870/1790/1759 869/1792/1761 1589/1807/1776
f 1590/418/385 1592/1809/1778 876/1808/1777
f 1592/1809/1778 1593/1811/1780 875/1810/1779
f 1593/1811/1780 1594/1813/1782 874/1812/1781
f 1594/1813/1782 1591/435/401 872/419/386
f 861/1802/1771 860/1804/1773 1593/1811/1780
f 860/1804/1773 859/1806/1775 1594/1813/1782
f 859/1806/1775 857/522/478 1591/435/401
f 1595/433/399 1597/1814/1783 849/1784/1753
f 1597/1814/1783 1598/1815/1784 850/1785/1754
f 1598/1815/1784 1599/1816/1785 851/1786/1755
f 877/438/403 879/1817/1786 1597/1814/1783
f 879/1817/1786 880/1818/1787 1598/1815/1784
f 880/1818/1787 881/1819/1788 1599/1816/1785
f 881/1819/1788 878/479/438 1596/415/383
f 1600/439/404 1602/1820/1789 879/1817/1786
f 1602/1820/1789 1603/1821/1790 880/1818/1787
f 1603/1821/1790 1604/1822/1791 881/1819/1788
f 1604/1822/1791 1601/523/479 878/479/438
f 887/443/408 889/1823/1792 1602/1820/1789
f 889/1823/1792 890/1824/1793 1603/1821/1790
f 890/1824/1793 891/1825/1794 1604/1822/1791
f 891/1825/1794 888/520/476 1601/523/479
f 1605/434/400 1607/1827/1796 886/1826/1795
f 1607/1827/1796 1608/1829/1798 885/1828/1797
f 1608/1829/1798 1609/1831/1800 884/1830/1799
f 1609/1831/1800 1606/421/387 882/442/407
f 873/496/453 876/1808/1777 1607/1827/1796
f 875/1810/1779 874/1812/1781 1609/1831/1800
f 874/1812/1781 872/419/386 1606/421/387
f 910/526/482 1610/478/437 1612/1832/1801
f 913/1833/1802 1612/1832/1801 1613/1834/1803
f 912/1835/1804 1613/1834/1803 1614/1836/1805
f 911/1837/1806 1614/1836/1805 1611/513/469
f 1610/478/437 892/477/436 895/1163/1115
f 1612/1832/1801 895/1163/1115 905/1167/1119
f 1613/1834/1803 905/1167/1119 904/1173/1127
f 1614/1836/1805 904/1173/1127 894/514/470
f 1615/445/410 1617/1838/1807 889/1823/1792
f 1617/1838/1807 1618/1839/1808 890/1824/1793
f 1618/1839/1808 1619/1840/1809 891/1825/1794
f 1619/1840/1809 1616/497/454 888/520/476
f 910/526/482 913/1833/1802 1617/1838/1807
f 913/1833/1802 912/1835/1804 1618/1839/1808
f 912/1835/1804 911/1837/1806 1619/1840/1809
f 911/1837/1806 909/515/471 1616/497/454
f 1622/1841/1810 1623/1842/1811 900/1176/1130
f 1623/1842/1811 1624/1843/1812 906/1174/1128
f 883/525/481 886/1826/1795 1622/1841/1810
f 886/1826/1795 885/1828/1797 1623/1842/1811
f 885/1828/1797 884/1830/1799 1624/1843/1812
f 884/1830/1799 882/442/407 1621/512/468
f 852/429/395 1625/450/413 1627/1844/1813
f 854/1793/1762 1627/1844/1813 1628/1845/1814
f 855/1794/1763 1628/1845/1814 1629/1846/1815
f 856/1795/1764 1629/1846/1815 1626/507/463
f 1625/450/413 919/451/414 921/1847/1816
f 1629/1846/1815 923/1849/1818 920/471/432
f 915/452/415 1630/423/389 1632/1850/1819
f 918/1851/1820 1632/1850/1819 1633/1852/1821
f 917/1853/1822 1633/1852/1821 1634/1854/1823
f 1630/423/389 843/422/388 846/1797/1766
f 1632/1850/1819 846/1797/1766 845/1799/1768
f 1633/1852/1821 845/1799/1768 844/1801/1770
f 1634/1854/1823 844/1801/1770 842/447/412
f 1635/463/425 1637/1856/1825 932/1179/1134
f 1637/1856/1825 1638/1857/1826 933/1188/1144
f 1638/1857/1826 1639/1858/1827 939/1184/1140
f 1639/1858/1827 1636/491/449 930/1185/1141
f 924/459/421 926/1859/1828 1637/1856/1825
f 926/1859/1828 927/1860/1829 1638/1857/1826
f 927/1860/1829 928/1861/1830 1639/1858/1827
f 928/1861/1830 925/488/446 1636/491/449
f 919/451/414 1640/457/419 1642/1862/1831
f 921/1847/1816 1642/1862/1831 1643/1863/1832
f 922/1848/1817 1643/1863/1832 1644/1864/1833
f 923/1849/1818 1644/1864/1833 1641/490/448
f 1640/457/419 931/458/420 943/1191/1148
f 1642/1862/1831 943/1191/1148 938/1186/1142
f 1643/1863/1832 938/1186/1142 937/1183/1139
f 1644/1864/1833 937/1183/1139 930/1185/1141
f 924/459/421 1645/453/416 1647/1865/1834
f 926/1859/1828 1647/1865/1834 1648/1866/1835
f 927/1860/1829 1648/1866/1835 1649/1867/1836
f 928/1861/1830 1649/1867/1836 1646/489/447
f 1645/453/416 915/452/415 918/1851/1820
f 1647/1865/1834 918/1851/1820 917/1853/1822
f 1648/1866/1835 917/1853/1822 916/1855/1824
f 1649/1867/1836 916/1855/1824 914/455/417
f 931/458/420 1650/408/378 1652/1868/1837
f 942/1178/1838 1652/1874/1842 1651/516/472
f 1650/408/378 825/2107/1101 834/1870/1839
f 1652/1874/1842 827/1873/1096 824/517/473
f 1653/388/359 1655/1877/1846 800/1875/1843
f 1655/1876/1844 1654/475/434 787/1119/1073
f 1653/388/359 893/446/411 901/1170/1122
f 901/1878/1847 892/477/2098 1654/475/434
f 967/553/506 1656/552/505 1658/1879/1848
f 970/1880/1849 1658/1879/1848 1659/1881/1850
f 969/1882/1852 1659/1881/1857 1660/1883/1853
f 1660/1883/1853 1657/2122/609 966/1885/645
f 1656/552/505 951/543/496 953/1886/1855
f 1658/1879/1848 953/1886/1855 954/1887/1856
f 1659/1881/1857 954/1887/1895 955/1888/1858
f 955/1889/1858 952/563/515 1657/667/609
f 1661/1891/540 1663/1894/1860 975/1892/1859
f 1663/1894/1860 1664/1896/1866 974/1895/1861
f 1664/1896/1862 1665/1901/1868 973/1897/1863
f 973/1897/1863 1665/1901/1868 1662/647/592
f 956/1898/654 958/1899/1865 1663/1894/1860
f 958/1899/1865 959/1900/1934 1664/1896/1866
f 959/1900/1867 960/1971/1936 1665/1901/1868
f 1665/1901/1868 960/1971/1936 957/546/499
f 1666/657/601 1668/1903/1870 950/1902/1869
f 1668/1903/1870 1669/1905/1875 949/1904/1871
f 1669/1905/1872 1670/1909/1876 948/1906/1873
f 948/1906/1873 1670/1909/1876 1667/1907/488
f 967/553/506 970/1880/1849 1668/1903/1870
f 970/1880/1849 969/1882/1851 1669/1905/1875
f 969/1882/1852 968/1884/1854 1670/1909/1876
f 1670/1909/1876 968/1884/1854 966/1885/645
f 962/1910/627 1671/1917/507 1673/1911/1877
f 965/1912/1878 1673/1911/1877 1674/1913/1879
f 964/1914/1881 1674/1913/1884 1675/1915/1882
f 1675/1915/1882 1672/551/504 961/538/492
f 1671/1917/507 972/1893/491 975/1892/1859
f 1673/1911/1877 975/1892/1859 974/1895/1861
f 1674/1913/1884 974/1895/1864 973/1897/1863
f 973/1897/1863 971/549/502 1672/551/504
f 977/1918/628 1676/1925/622 1678/1919/1885
f 980/1920/1886 1678/1919/1885 1679/1921/1887
f 979/1922/1889 1679/1921/1892 1680/1923/1890
f 1680/1923/1890 1677/540/494 976/557/509
f 1676/1925/622 962/1910/627 965/1912/1878
f 1678/1919/1885 965/1912/1878 964/1914/1880
f 1679/1921/1892 964/1914/1881 963/1916/1883
f 963/1916/1883 961/538/492 1677/540/494
f 951/543/496 1681/542/495 1683/1926/1893
f 953/1886/1855 1683/1926/1893 1684/1927/1894
f 954/1887/1895 1684/1927/1899 1685/1928/1896
f 1685/1929/1896 1682/561/513 952/563/515
f 1681/542/495 981/572/523 983/1930/1897
f 1683/1926/1893 983/1930/1897 984/1931/1898
f 1684/1927/1899 984/1931/1903 985/1932/1900
f 985/1933/1900 982/560/512 1682/561/513
f 981/572/523 1686/581/532 1688/1934/1901
f 983/1930/1897 1688/1934/1901 1689/1935/1902
f 984/1931/1903 1689/1935/1907 1690/1936/1904
f 1690/1937/1904 1687/558/510 982/560/512
f 1686/581/532 991/580/531 993/1938/1905
f 1688/1934/1901 993/1938/1905 994/1939/1906
f 1689/1935/1907 994/1939/1925 995/1940/1908
f 995/1941/1908 992/570/522 1687/558/510
f 987/1942/655 1691/1949/648 1693/1943/1909
f 990/1944/1910 1693/1943/1909 1694/1945/1911
f 989/1946/1913 1694/1945/1916 1695/1947/1914
f 1695/1947/1914 1692/565/517 986/567/519
f 1691/1949/648 977/1918/628 980/1920/1886
f 1693/1943/1909 980/1920/1886 979/1922/1888
f 1694/1945/1916 979/1922/1889 978/1924/1891
f 978/1924/1891 976/557/509 1692/565/517
f 1696/695/635 1698/1951/1918 1017/1950/1917
f 1698/1951/1918 1699/1953/1920 1016/1952/1919
f 1699/1953/1920 1700/1958/1922 1015/1954/1921
f 1700/1955/1922 1697/661/603 1013/577/528
f 997/1957/1162 1006/1209/1161 1698/1951/1918
f 1006/1209/1161 1000/1208/1165 1699/1953/1920
f 1000/1208/1165 999/1196/1155 1700/1958/1922
f 999/1959/1155 996/2099/2075 1697/661/603
f 991/580/531 1701/680/621 1703/1960/1923
f 993/1938/1905 1703/1960/1927 1704/1961/1924
f 994/1939/1925 1704/1961/1928 1705/1962/1926
f 995/1941/1908 1705/1963/1926 1702/568/520
f 1701/680/621 1014/693/633 1017/1950/1917
f 1703/1960/1927 1017/1950/1917 1016/1952/1919
f 1704/1961/1928 1016/1952/1919 1015/1954/1921
f 1015/1956/1921 1013/577/528 1702/568/520
f 997/1204/1162 1706/1967/634 1708/1964/1929
f 1004/1202/1160 1708/1964/1929 1709/1965/1930
f 1005/1205/1172 1709/1965/1932 1710/1966/1931
f 1010/1213/1168 1710/1966/1931 1707/574/525
f 1706/1967/634 987/1942/655 990/1944/1910
f 1708/1964/1929 990/1944/1910 989/1946/1912
f 1709/1965/1932 989/1946/1913 988/1948/1915
f 1710/1966/1931 988/1948/1915 986/567/519
f 1711/1968/547 1713/1969/1933 958/1899/1865
f 1713/1969/1933 1714/1970/1938 959/1900/1934
f 1714/1970/1935 1715/1975/1940 960/1971/1936
f 960/1971/1936 1715/1975/1940 1712/690/630
f 1023/1972/600 1025/1973/1937 1713/1969/1933
f 1025/1973/1937 1026/1974/1956 1714/1970/1938
f 1026/1974/1939 1027/1995/1958 1715/1975/1940
f 1715/1975/1940 1027/1995/1958 1024/586/537
f 1716/504/460 1718/1977/1942 1022/1976/1941
f 1718/1977/1942 1719/1979/1947 1021/1978/1943
f 1719/1979/1944 1720/1983/1948 1020/1980/1945
f 1020/1980/1945 1720/1983/1948 1717/1981/533
f 947/506/462 950/1902/1869 1718/1977/1942
f 950/1902/1869 949/1904/1871 1719/1979/1947
f 949/1904/1874 948/1906/1873 1720/1983/1948
f 1720/1983/1948 948/1906/1873 946/1908/497
f 1035/1232/1191 1721/671/612 1723/1984/1949
f 1045/1230/1189 1723/1984/1949 1724/1985/1950
f 1046/1222/1179 1724/1985/1950 1725/1986/1951
f 1037/1987/1175 1725/1991/1951 1722/648/593
f 1721/671/612 1028/673/614 1030/1988/1952
f 1723/1984/1949 1030/1988/1952 1031/1989/1953
f 1724/1985/1950 1031/1989/1953 1032/1990/1954
f 1725/1991/1951 1032/2123/1954 1029/592/543
f 1726/1992/613 1728/1993/1955 1025/1973/1937
f 1728/1993/1955 1729/1994/1960 1026/1974/1956
f 1729/1994/1957 1730/1996/1959 1027/1995/1958
f 1730/1996/1959 1727/594/545 1024/586/537
f 1035/1997/1191 1047/1236/1190 1728/1993/1955
f 1047/1236/1190 1042/1235/1193 1729/1994/1960
f 1042/1235/1961 1041/1227/1184 1730/1996/1959
f 1041/1227/1184 1034/1224/1181 1727/594/545
f 1731/674/615 1733/1998/1962 1030/1988/1952
f 1733/1998/1962 1734/1999/1964 1031/1989/1953
f 1734/1999/1963 1735/2002/1965 1032/1990/1954
f 1032/1990/1954 1735/2002/1965 1732/2000/541
f 1019/702/642 1022/1976/1941 1733/1998/1962
f 1022/1976/1941 1021/1978/1943 1734/1999/1964
f 1021/1978/1946 1020/1980/1945 1735/2002/1965
f 1020/1980/1945 1018/1982/535 1732/2000/541
f 1736/670/611 1738/2004/1967 1074/2003/1966
f 1738/2004/1967 1739/2006/1969 1073/2005/1968
f 1739/2006/1969 1740/2008/1971 1072/2007/1970
f 1740/2008/1971 1737/712/652 1070/713/653
f 1055/619/567 1057/2009/1972 1738/2004/1967
f 1057/2009/1972 1058/2010/1973 1739/2006/1969
f 1058/2010/1973 1059/2011/1974 1740/2008/1971
f 1059/2011/1974 1056/711/651 1737/712/652
f 1076/613/561 1741/612/560 1743/2012/1975
f 1079/2013/1976 1743/2012/1975 1744/2014/1977
f 1078/2015/1978 1744/2014/1977 1745/2016/1979
f 1077/2017/1980 1745/2016/1979 1742/651/596
f 1741/612/560 1060/616/564 1062/2018/1981
f 1743/2012/1975 1062/2018/1981 1063/2019/1982
f 1744/2014/1977 1063/2019/1982 1064/2020/1983
f 1745/2016/1979 1064/2020/1983 1061/652/597
f 1051/609/557 1746/600/549 1748/2021/1984
f 1054/2022/1985 1748/2021/1984 1749/2023/1986
f 1053/2024/1987 1749/2023/1986 1750/2025/1988
f 1052/2026/1989 1750/2025/1988 1747/668/610
f 1746/600/549 1071/599/548 1074/2003/1966
f 1748/2021/1984 1074/2003/1966 1073/2005/1968
f 1749/2023/1986 1073/2005/1968 1072/2007/1970
f 1750/2025/1988 1072/2007/1970 1070/713/653
f 1751/614/562 1753/2028/1991 1069/2027/1990
f 1753/2028/1991 1754/2030/1993 1068/2029/1992
f 1754/2030/1993 1755/2032/1995 1067/2031/1994
f 1755/2032/1995 1752/689/629 1065/706/646
f 1076/613/561 1079/2013/1976 1753/2028/1991
f 1079/2013/1976 1078/2015/1978 1754/2030/1993
f 1078/2015/1978 1077/2017/1980 1755/2032/1995
f 1077/2017/1980 1075/654/599 1752/689/629
f 1756/605/553 1758/2034/1997 1084/2033/1996
f 1758/2034/1997 1759/2036/1999 1083/2035/1998
f 1759/2036/1999 1760/2038/2001 1082/2037/2000
f 1760/2038/2001 1757/622/570 1080/606/554
f 1066/653/598 1069/2027/1990 1758/2034/1997
f 1069/2027/1990 1068/2029/1992 1759/2036/1999
f 1068/2029/1992 1067/2031/1994 1760/2038/2001
f 1067/2031/1994 1065/706/646 1757/622/570
f 1761/620/568 1763/2039/2002 1057/2009/1972
f 1763/2039/2002 1764/2040/2003 1058/2010/1973
f 1764/2040/2003 1765/2041/2004 1059/2011/1974
f 1765/2041/2004 1762/602/551 1056/711/651
f 1085/625/573 1087/2042/2005 1763/2039/2002
f 1087/2042/2005 1088/2043/2006 1764/2040/2003
f 1088/2043/2006 1089/2044/2007 1765/2041/2004
f 1089/2044/2007 1086/666/608 1762/602/551
f 1766/626/574 1768/2045/2008 1087/2042/2005
f 1768/2045/2008 1769/2046/2009 1088/2043/2006
f 1769/2046/2009 1770/2047/2010 1089/2044/2007
f 1770/2047/2010 1767/707/647 1086/666/608
f 1095/630/578 1097/2048/2011 1768/2045/2008
f 1097/2048/2011 1098/2049/2012 1769/2046/2009
f 1098/2049/2012 1099/2050/2013 1770/2047/2010
f 1099/2050/2013 1096/704/644 1767/707/647
f 1771/621/569 1773/2052/2015 1094/2051/2014
f 1773/2052/2015 1774/2054/2017 1093/2053/2016
f 1774/2054/2017 1775/2056/2019 1092/2055/2018
f 1775/2056/2019 1772/608/556 1090/629/577
f 1081/683/624 1084/2033/1996 1773/2052/2015
f 1084/2033/1996 1083/2035/1998 1774/2054/2017
f 1083/2035/1998 1082/2037/2000 1775/2056/2019
f 1082/2037/2000 1080/606/554 1772/608/556
f 1118/710/650 1776/665/607 1778/2057/2020
f 1121/2058/2021 1778/2057/2020 1779/2059/2022
f 1120/2060/2023 1779/2059/2022 1780/2061/2024
f 1119/2062/2025 1780/2061/2024 1777/697/637
f 1776/665/607 1100/664/606 1103/1239/1196
f 1778/2057/2020 1103/1239/1196 1113/1243/1200
f 1779/2059/2022 1113/1243/1200 1112/1249/1208
f 1780/2061/2024 1112/1249/1208 1102/698/638
f 1781/632/580 1783/2063/2026 1097/2048/2011
f 1783/2063/2026 1784/2064/2027 1098/2049/2012
f 1784/2064/2027 1785/2065/2028 1099/2050/2013
f 1785/2065/2028 1782/684/625 1096/704/644
f 1118/710/650 1121/2058/2021 1783/2063/2026
f 1121/2058/2021 1120/2060/2023 1784/2064/2027
f 1120/2060/2023 1119/2062/2025 1785/2065/2028
f 1119/2062/2025 1117/699/639 1782/684/625
f 1786/627/575 1788/2066/2029 1107/1247/1204
f 1788/2066/2029 1789/2067/2030 1108/1252/1211
f 1789/2067/2030 1790/2068/2031 1114/1250/1209
f 1790/2068/2031 1787/696/636 1102/698/638
f 1091/709/649 1094/2051/2014 1788/2066/2029
f 1094/2051/2014 1093/2053/2016 1789/2067/2030
f 1093/2053/2016 1092/2055/2018 1790/2068/2031
f 1092/2055/2018 1090/629/577 1787/696/636
f 1060/616/564 1791/637/583 1793/2069/2032
f 1062/2018/1981 1793/2069/2032 1794/2070/2033
f 1063/2019/1982 1794/2070/2033 1795/2071/2034
f 1064/2020/1983 1795/2071/2034 1792/691/631
f 1791/637/583 1127/638/584 1129/2072/2035
f 1793/2069/2032 1129/2072/2035 1130/2073/2036
f 1794/2070/2033 1130/2073/2036 1131/2074/2037
f 1795/2071/2034 1131/2074/2037 1128/658/602
f 1123/639/585 1796/610/558 1798/2075/2038
f 1126/2076/2039 1798/2075/2038 1799/2077/2040
f 1125/2078/2041 1799/2077/2040 1800/2079/2042
f 1124/2080/2043 1800/2079/2042 1797/643/588
f 1796/610/558 1051/609/557 1054/2022/1985
f 1798/2075/2038 1054/2022/1985 1053/2024/1987
f 1799/2077/2040 1053/2024/1987 1052/2026/1989
f 1800/2079/2042 1052/2026/1989 1050/634/582
f 1801/650/595 1803/2081/2044 1140/1255/1215
f 1803/2081/2044 1804/2082/2045 1141/1264/1224
f 1804/2082/2045 1805/2083/2046 1148/1260/1220
f 1805/2083/2046 1802/678/619 1138/1261/1221
f 1132/646/591 1134/2084/2047 1803/2081/2044
f 1134/2084/2047 1135/2085/2048 1804/2082/2045
f 1135/2085/2048 1136/2086/2049 1805/2083/2046
f 1136/2086/2049 1133/675/616 1802/678/619
f 1127/638/584 1806/644/589 1808/2087/2050
f 1129/2072/2035 1808/2087/2050 1809/2088/2051
f 1130/2073/2036 1809/2088/2051 1810/2089/2052
f 1131/2074/2037 1810/2089/2052 1807/677/618
f 1806/644/589 1139/645/590 1151/1267/1228
f 1808/2087/2050 1151/1267/1228 1147/1262/1222
f 1809/2088/2051 1147/1262/1222 1146/1259/1219
f 1810/2089/2052 1146/1259/1219 1138/1261/1221
f 1132/646/591 1811/640/586 1813/2090/2053
f 1134/2084/2047 1813/2090/2053 1814/2091/2054
f 1135/2085/2048 1814/2091/2054 1815/2092/2055
f 1136/2086/2049 1815/2092/2055 1812/676/617
f 1811/640/586 1123/639/585 1126/2076/2039
f 1813/2090/2053 1126/2076/2039 1125/2078/2041
f 1814/2091/2054 1125/2078/2041 1124/2080/2043
f 1815/2092/2055 1124/2080/2043 1122/642/587
f 1139/645/590 1816/595/546 1818/2093/2056
f 1142/1254/1214 1818/2095/2058 1817/700/640
f 1816/595/546 1034/1224/1181 1036/1226/2057
f 1818/2095/2058 1036/2124/1176 1033/701/641
f 998/576/527 1819/575/526 1821/2096/2059
f 1821/2098/2060 1820/662/2064 996/2099/2061
f 1819/575/526 1101/633/581 1109/1246/1203
f 1109/2100/2063 1100/664/2099 1820/662/2064
f 444/822/768 439/821/762 440/817/2068
