# Blender 5.2.2 LTS
# www.blender.org
o Holocron_Esquina_02
v -3.886436 -3.032302 4.975234
v -2.658939 -4.184692 4.946270
v -3.511051 -3.475036 4.964338
v -3.090118 -3.865561 4.954509
v -2.141270 -4.469448 4.942435
v -4.244652 -2.474141 4.988687
v -3.882145 -3.031135 5.086972
v -2.654648 -4.183525 5.058007
v -3.506760 -3.473868 5.076074
v -3.085827 -3.864392 5.066247
v -2.136978 -4.468280 5.054170
v -4.240360 -2.472973 5.100425
v -4.111702 -2.261984 5.049030
v -3.728790 -2.889166 5.033949
v -3.353653 -3.332131 5.023046
v -4.039795 -3.174269 5.028257
v -4.373314 -2.685130 5.040082
v -2.355721 -4.586628 4.992326
v -2.812366 -4.326725 4.999290
v -3.664158 -3.616773 5.017363
v -2.501217 -4.041492 5.004985
v -1.922527 -4.351099 5.004279
v -2.932480 -3.722436 5.013223
v -1.854332 -4.812575 4.986022
v -3.243465 -4.007521 5.007532
v -0.488708 -5.031031 5.092613
v -4.916500 -5.021580 5.075713
v -4.934052 -0.609618 5.153005
v -5.159164 -5.017056 4.835950
v -5.176517 -4.920013 0.451926
v -5.168640 -0.596775 4.933408
v -4.920097 -5.255614 4.830544
v -0.517162 -5.266018 4.832137
v -4.934521 -5.162772 0.429469
v -2.856060 -5.092714 3.832607
v -4.036591 -5.077602 2.631887
v -3.307392 -5.089038 3.467460
v -3.707569 -5.083806 3.055605
v -4.332951 -5.069305 2.129752
v -2.289795 -5.094716 4.173854
v -2.851353 -5.204247 3.826002
v -4.031879 -5.189134 2.625283
v -3.302685 -5.200569 3.460857
v -3.702862 -5.195336 3.049001
v -4.328247 -5.180836 2.123147
v -2.285088 -5.206246 4.167250
v -2.078793 -5.145464 4.039124
v -2.714737 -5.143549 3.670645
v -3.166294 -5.139877 3.305754
v -2.992676 -5.153413 3.987964
v -2.496090 -5.155497 4.301980
v -4.443649 -5.130913 2.336804
v -4.173267 -5.138302 2.787319
v -3.443787 -5.149726 3.622563
v -1.927155 -5.156360 4.593653
v -3.895203 -5.128431 2.469852
v -4.217548 -5.119228 1.916095
v -3.566254 -5.134641 2.893652
v -4.681103 -5.122179 1.840800
v -3.844177 -5.144504 3.210954
v -5.064159 -3.985676 2.769855
v -5.041367 -2.820744 3.985593
v -5.064922 -3.633703 3.231550
v -5.056709 -3.234009 3.643820
v -5.023922 -2.322915 4.300254
v -5.051407 -4.311023 2.194447
v -5.174179 -3.969969 2.757432
v -5.151386 -2.805037 3.973170
v -5.174942 -3.617996 3.219128
v -5.166725 -3.218300 3.631398
v -5.133942 -2.307208 4.287831
v -5.161427 -4.295317 2.182023
v -5.075764 -4.167273 1.984702
v -5.091576 -3.816570 2.630430
v -5.092381 -3.464859 3.092339
v -5.146763 -4.139075 2.896858
v -5.137066 -4.439067 2.391767
v -5.101051 -2.533016 4.406514
v -5.123981 -2.974219 4.112657
v -5.147480 -3.786844 3.358339
v -5.119087 -4.715043 1.815334
v -5.068771 -2.651564 3.846105
v -5.056808 -2.097108 4.181570
v -5.084126 -3.064910 3.504402
v -5.139309 -3.387396 3.770816
v -3.303753 -3.678421 4.959247
v -3.705772 -3.258813 4.969685
v -2.875755 -4.033844 4.950196
v -2.428307 -4.323745 4.943056
v -1.764725 -4.637480 4.945888
v -4.057785 -2.787387 4.981174
v -4.468140 -2.052971 4.998711
v -3.299461 -3.677252 5.070983
v -3.701481 -3.257645 5.081423
v -2.871464 -4.032675 5.061931
v -2.424015 -4.322578 5.054793
v -1.760429 -4.636312 5.057625
v -4.053493 -2.786219 5.092911
v -4.463844 -2.051802 5.110450
v -3.903164 -2.635568 5.040094
v -3.548279 -3.115821 5.028397
v -4.208118 -2.938040 5.033991
v -2.589363 -4.462671 4.995685
v -3.858974 -3.400637 5.022711
v -4.712166 -1.566862 5.066107
v -2.262959 -4.183650 5.002163
v -3.146263 -3.535434 5.017958
v -4.387836 -1.694306 5.062511
v -1.332626 -4.819074 5.007642
v -4.544147 -2.410467 5.046652
v -2.108845 -4.701849 4.989132
v -2.718044 -3.890653 5.008911
v -1.416309 -4.571943 5.014382
v -3.456947 -3.820240 5.012272
v -3.029175 -4.175867 5.003216
v -2.837322 -5.205846 4.587196
v -5.118565 -2.887088 2.822125
v -4.679283 -2.946632 5.072227
v -3.462696 -3.510374 3.394108
v -2.702602 -5.026305 5.084162
v -4.925274 -2.815598 5.114360
v -2.711380 -2.820324 5.122809
v -5.167839 -4.968535 2.643939
v -5.163902 -2.806916 4.884678
v -5.172581 -2.758394 2.692666
v -2.718632 -5.260817 4.831340
v -4.927307 -5.209192 2.630008
v -2.725842 -5.214395 2.630802
v -3.454842 -5.128492 3.365269
v -3.449703 -3.556504 5.012119
v -5.065022 -3.515769 3.406222
v -2.827812 -2.948120 5.075438
v -5.117496 -4.730168 2.772914
v -4.685608 -5.162654 2.754891
v -2.822697 -4.782704 5.036411
v -5.112701 -2.930313 4.650512
v -2.841724 -5.165801 2.750408
v -3.515530 -5.086576 3.264884
v -3.086708 -5.091085 3.657174
v -3.880768 -5.080821 2.845170
v -4.180901 -5.073973 2.405632
v -4.509056 -5.063115 1.775922
v -2.607235 -5.093935 3.997794
v -1.863716 -5.095062 4.378919
v -3.510822 -5.198107 3.258278
v -3.082001 -5.202616 3.650570
v -3.876060 -5.192352 2.838567
v -4.176189 -5.185505 2.399027
v -4.504349 -5.174647 1.769318
v -2.602528 -5.205465 3.991192
v -1.859009 -5.206594 4.372313
v -2.457146 -5.144755 3.839174
v -2.945526 -5.141924 3.495372
v -2.752617 -5.154645 4.149812
v -4.314331 -5.134788 2.567517
v -3.223186 -5.151778 3.812373
v -1.370480 -5.150938 4.598810
v -4.042759 -5.124690 2.237144
v -3.374352 -5.137417 3.103086
v -1.504803 -5.145639 4.302237
v -4.697975 -5.111793 1.372338
v -2.217922 -5.156018 4.448995
v -4.564533 -5.126656 2.092670
v -3.739388 -5.131653 2.683146
v -4.448868 -5.111107 1.452569
v -3.652004 -5.147268 3.420078
v -4.017437 -5.141523 3.000592
v -5.061825 -3.437388 3.445594
v -5.065678 -3.816916 3.005430
v -5.049908 -3.029007 3.823314
v -5.031628 -2.598573 4.137185
v -5.021015 -1.963123 4.493397
v -5.060093 -4.143794 2.516509
v -5.036591 -4.504405 1.763193
v -5.171844 -3.421679 3.433171
v -5.175694 -3.801209 2.993007
v -5.159924 -3.013300 3.810891
v -5.141644 -2.582866 4.124762
v -5.131035 -1.947419 4.480974
v -5.170113 -4.128087 2.504086
v -5.146610 -4.488698 1.750769
v -5.087112 -3.977793 2.368240
v -5.093121 -3.647969 2.866138
v -5.143089 -4.294089 2.652355
v -5.113556 -2.759124 4.261648
v -5.148251 -3.970154 3.132300
v -5.073215 -4.706353 1.260568
v -5.059715 -2.422314 4.000297
v -5.089268 -3.268448 3.306305
v -5.054482 -4.414717 1.404175
v -5.076092 -1.545334 4.699108
v -5.128723 -4.578386 2.109787
v -5.086487 -2.293559 4.555450
v -5.077309 -2.859837 3.683836
v -5.065559 -1.616984 4.418926
v -5.144402 -3.590621 3.572459
v -5.132519 -3.182470 3.950372
v -4.058926 -3.190517 4.975910
v -4.057140 -3.188784 4.972110
v -4.059219 -3.190751 4.974438
v -4.058987 -3.190506 4.973199
v -4.058254 -3.189816 4.972382
v -3.260780 -4.022008 4.951387
v -3.262589 -4.023764 4.955201
v -3.261906 -4.023048 4.951660
v -3.262646 -4.023748 4.952480
v -3.262886 -4.023998 4.953722
v -3.715771 -2.875850 4.978359
v -3.713696 -2.874046 4.982365
v -3.714622 -2.874805 4.978682
v -3.713825 -2.874095 4.979557
v -3.713501 -2.873829 4.980850
v -2.917389 -3.707316 4.961641
v -2.919472 -3.709128 4.957633
v -2.917191 -3.707098 4.960124
v -2.917519 -3.707366 4.958831
v -2.918320 -3.708078 4.957956
v -3.683285 -3.633018 4.965022
v -3.681496 -3.631286 4.961217
v -3.683582 -3.633255 4.963547
v -3.683346 -3.633008 4.962307
v -3.682613 -3.632315 4.961489
v -3.338562 -3.317009 4.971463
v -3.340630 -3.318807 4.967456
v -3.338364 -3.316792 4.969947
v -3.338688 -3.317055 4.968654
v -3.339481 -3.317765 4.967780
v -2.486126 -4.026373 4.953407
v -2.488251 -4.028224 4.949395
v -2.485935 -4.026160 4.951890
v -2.486271 -4.026435 4.950594
v -2.487083 -4.027160 4.949717
v -2.829639 -4.341177 4.943144
v -2.831482 -4.342965 4.946977
v -2.830780 -4.342229 4.943418
v -2.831532 -4.342941 4.944244
v -2.831779 -4.343196 4.945493
v -1.907436 -4.335981 4.952705
v -1.910679 -4.337342 4.948630
v -1.907330 -4.335732 4.951181
v -1.907909 -4.335900 4.949872
v -1.909084 -4.336467 4.948975
v -2.371918 -4.601585 4.936239
v -2.374828 -4.602856 4.940042
v -2.373470 -4.602445 4.936492
v -2.374569 -4.602989 4.937304
v -2.375046 -4.603133 4.938551
v -0.800198 -4.810526 4.977455
v -0.814335 -4.805416 4.973086
v -0.799789 -4.808798 4.977589
v -0.803341 -4.809833 4.975827
v -0.807129 -4.808617 4.974425
v -0.798889 -4.810439 4.977750
v -0.801075 -4.809599 4.976092
v -0.803551 -4.808605 4.974768
v -0.801998 -4.808476 4.975238
v -0.810825 -4.805343 4.973536
v -0.806828 -4.805963 4.974552
v -0.810989 -4.807067 4.973463
v -0.806843 -4.807166 4.974071
v -0.803425 -4.807481 4.974823
v -0.802952 -4.807175 4.975974
v -0.800888 -4.808355 4.976161
v -0.799744 -4.809249 4.976256
v -1.873425 -4.828793 4.933776
v -1.874683 -4.825783 4.930317
v -1.873966 -4.828938 4.932298
v -1.874393 -4.828420 4.931123
v -1.874645 -4.827312 4.930426
v -4.392445 -2.701377 4.987733
v -4.391296 -2.698661 4.983959
v -4.392792 -2.701538 4.986264
v -4.392693 -2.701078 4.985030
v -4.392170 -2.700069 4.984222
v -4.098099 -2.249756 4.993413
v -4.096607 -2.246864 4.997448
v -4.097176 -2.248295 4.993746
v -4.096565 -2.247233 4.994630
v -4.096367 -2.246732 4.995930
v -4.737946 -2.134867 5.001445
v -4.735310 -2.139596 4.997311
v -4.735989 -2.143059 5.001066
v -4.738209 -2.135899 4.999882
v -4.737801 -2.137161 4.998548
v -4.737816 -2.136827 5.001498
v -4.737965 -2.137769 4.999927
v -4.737885 -2.138645 4.998683
v -4.737720 -2.139647 4.999024
v -4.736267 -2.140852 4.997576
v -4.736732 -2.141954 4.998383
v -4.736786 -2.138459 4.997646
v -4.737194 -2.139714 4.998046
v -4.737415 -2.140726 4.998609
v -4.736755 -2.141263 5.001294
v -4.737396 -2.139073 5.001447
v -4.736633 -2.142728 4.999608
v -4.737202 -2.141074 4.999793
v -4.690392 -0.999889 5.027159
v -4.688354 -0.999331 5.027038
v -4.685501 -1.011531 5.022782
v -4.690239 -0.998557 5.027393
v -4.689747 -1.002524 5.025528
v -4.689430 -1.000360 5.025716
v -4.689011 -0.999076 5.025814
v -4.688290 -1.000988 5.024809
v -4.686874 -1.001859 5.025458
v -4.685814 -1.005067 5.024092
v -4.689137 -0.998254 5.027327
v -4.688080 -1.000044 5.025680
v -4.687298 -1.002150 5.024369
v -4.687099 -1.008824 5.023158
v -4.688591 -1.005663 5.024122
v -4.685329 -1.008464 5.023154
v -4.687084 -1.005148 5.023683
v -4.688477 -1.002401 5.024383
v -4.016060 -3.153894 5.084520
v -4.020664 -3.158022 5.080605
v -4.017387 -3.155106 5.084204
v -4.018730 -3.156317 5.083349
v -4.019882 -3.157339 5.082085
v -3.224342 -3.991276 5.059865
v -3.219696 -3.987115 5.063797
v -3.223553 -3.990592 5.061351
v -3.222397 -3.989559 5.062620
v -3.221043 -3.988340 5.063478
v -3.743881 -2.904286 5.085534
v -3.748268 -2.908410 5.089422
v -3.744572 -2.904955 5.087040
v -3.745644 -2.905974 5.088308
v -3.746944 -2.907187 5.089144
v -2.951969 -3.741687 5.068696
v -2.947571 -3.737556 5.064807
v -2.950642 -3.740458 5.068420
v -2.949337 -3.739245 5.067583
v -2.948257 -3.738224 5.066315
v -3.640415 -3.596392 5.073627
v -3.645027 -3.600525 5.069707
v -3.641747 -3.597604 5.073310
v -3.643093 -3.598816 5.072455
v -3.644245 -3.599844 5.071189
v -3.373127 -3.351364 5.078520
v -3.368748 -3.347252 5.074633
v -3.371803 -3.350147 5.078243
v -3.370506 -3.348935 5.077406
v -3.369434 -3.347920 5.076138
v -2.520752 -4.060783 5.060458
v -2.516308 -4.056612 5.056565
v -2.519405 -4.059542 5.060179
v -2.518089 -4.058313 5.059343
v -2.516998 -4.057284 5.058073
v -2.793251 -4.310487 5.051606
v -2.788555 -4.306283 5.055556
v -2.792458 -4.309797 5.053099
v -2.791286 -4.308755 5.054374
v -2.789917 -4.307520 5.055237
v -1.943462 -4.369763 5.059679
v -1.937618 -4.366217 5.055855
v -1.941578 -4.368762 5.059428
v -1.939808 -4.367735 5.058613
v -1.938416 -4.366845 5.057359
v -2.336613 -4.570399 5.044615
v -2.330566 -4.566834 5.048663
v -2.335712 -4.569754 5.046122
v -2.334248 -4.568850 5.047423
v -2.332439 -4.567824 5.048314
v -0.830383 -4.840507 5.080706
v -0.829967 -4.839035 5.080738
v -0.850227 -4.836524 5.084020
v -0.828537 -4.840237 5.081065
v -0.834862 -4.840435 5.082044
v -0.832516 -4.840342 5.082186
v -0.831104 -4.840098 5.082263
v -0.834232 -4.839644 5.082929
v -0.834614 -4.838048 5.082134
v -0.840092 -4.837224 5.083248
v -0.832394 -4.839223 5.082227
v -0.836124 -4.838800 5.083208
v -0.845604 -4.838277 5.083837
v -0.840206 -4.839651 5.083144
v -0.845577 -4.836689 5.083910
v -0.840504 -4.838505 5.083605
v -0.836178 -4.839828 5.083165
v -1.833664 -4.790915 5.042825
v -1.835239 -4.796355 5.038276
v -1.833824 -4.792619 5.042296
v -1.834179 -4.794253 5.041244
v -1.834675 -4.795567 5.039834
v -4.350376 -2.663528 5.096375
v -4.354183 -2.668881 5.092431
v -4.351402 -2.665211 5.096048
v -4.352486 -2.666817 5.095183
v -4.353462 -2.668106 5.093913
v -4.126793 -2.277104 5.100612
v -4.130444 -2.282590 5.104470
v -4.127426 -2.277876 5.102116
v -4.128342 -2.279189 5.103378
v -4.129402 -2.280846 5.104204
v -4.700104 -2.102506 5.105789
v -4.697727 -2.110561 5.105764
v -4.694302 -2.104606 5.109724
v -4.699837 -2.104437 5.105912
v -4.699291 -2.106648 5.105949
v -4.699196 -2.103011 5.107303
v -4.698875 -2.104647 5.107298
v -4.698563 -2.106218 5.107278
v -4.697933 -2.105934 5.108073
v -4.697247 -2.109391 5.107256
v -4.696430 -2.107849 5.108532
v -4.698551 -2.108799 5.105898
v -4.697933 -2.107745 5.107274
v -4.697308 -2.106740 5.108394
v -4.696056 -2.104148 5.109432
v -4.697777 -2.103587 5.108584
v -4.695396 -2.106167 5.109399
v -4.696712 -2.105482 5.108978
v -4.697895 -2.104882 5.108416
v -4.720215 -1.030039 5.130084
v -4.716816 -1.046569 5.133786
v -4.718536 -1.029568 5.130200
v -4.720276 -1.033867 5.131562
v -4.719646 -1.038352 5.132783
v -4.720104 -1.031681 5.131673
v -4.719696 -1.034779 5.132725
v -4.719440 -1.033044 5.132448
v -4.716820 -1.042594 5.133572
v -4.717148 -1.037965 5.132818
v -4.718433 -1.042812 5.133563
v -4.718494 -1.038386 5.133222
v -4.718636 -1.034615 5.132742
v -4.719276 -1.028473 5.130422
v -4.717751 -1.033394 5.131633
v -4.718922 -1.031455 5.131707
v -4.719799 -1.030363 5.131729
v -4.669804 -4.782279 5.076707
v -4.674095 -4.778010 5.076761
v -4.678432 -4.786695 5.080847
v -4.671436 -4.781952 5.076705
v -4.672825 -4.781025 5.076714
v -4.671764 -4.782644 5.078320
v -4.673512 -4.781744 5.078230
v -4.674084 -4.782328 5.079134
v -4.674412 -4.779963 5.078353
v -4.675350 -4.782300 5.079690
v -4.673759 -4.779640 5.076733
v -4.674095 -4.783610 5.079674
v -4.676762 -4.784665 5.080566
v -4.675411 -4.783662 5.080119
v -5.169769 -4.687264 0.964945
v -5.169895 -4.684128 0.963644
v -5.174088 -4.691597 0.952231
v -5.170155 -4.686996 0.963595
v -5.170319 -4.686304 0.962874
v -5.171593 -4.687020 0.961694
v -5.172352 -4.687760 0.960459
v -5.170227 -4.685297 0.962891
v -5.172810 -4.688470 0.958840
v -5.173756 -4.690727 0.954969
v -5.173279 -4.689131 0.957621
v -0.943787 -4.789608 5.098255
v -0.927696 -4.794788 5.102340
v -0.942108 -4.786399 5.098533
v -0.940365 -4.790126 5.099878
v -0.936104 -4.791292 5.101224
v -0.942455 -4.789316 5.097757
v -0.937256 -4.790347 5.100583
v -0.930592 -4.793587 5.102100
v -0.934345 -4.791573 5.101291
v -0.931656 -4.792929 5.102089
v -0.941547 -4.787583 5.097907
v -0.941669 -4.788606 5.097635
v -0.938393 -4.789047 5.100039
v -0.939167 -4.789529 5.099487
v -4.698181 -1.117171 5.144310
v -4.694992 -1.115996 5.144201
v -4.703938 -1.104234 5.148401
v -4.697868 -1.115771 5.144138
v -4.697155 -1.115058 5.144058
v -4.699139 -1.114129 5.145864
v -4.699520 -1.112270 5.146572
v -4.696144 -1.115135 5.144081
v -4.698265 -1.113378 5.145687
v -4.702251 -1.107125 5.148080
v -4.700573 -1.110613 5.147219
v -4.701263 -1.109440 5.147605
v -0.997738 -5.255715 4.581689
v -0.996502 -5.255654 4.578679
v -0.984440 -5.260100 4.586339
v -0.996334 -5.255712 4.581456
v -0.994923 -5.257360 4.582012
v -0.992725 -5.258189 4.582237
v -0.990204 -5.258785 4.583626
v -0.995667 -5.255678 4.579830
v -0.993732 -5.257291 4.581392
v -0.987724 -5.259732 4.584527
v -0.991398 -5.258790 4.582975
v -0.987007 -5.259751 4.585410
v -5.155144 -4.773232 4.597146
v -5.159382 -4.777761 4.605684
v -5.155136 -4.769074 4.601531
v -5.156769 -4.773606 4.599101
v -5.158142 -4.774599 4.601409
v -5.155144 -4.772946 4.598787
v -5.156708 -4.773307 4.600117
v -5.157581 -4.773335 4.601433
v -5.159061 -4.775710 4.604060
v -5.158142 -4.773339 4.602701
v -5.158592 -4.774678 4.602730
v -5.155136 -4.770696 4.601159
v -5.155140 -4.772055 4.600195
v -5.156761 -4.771008 4.601814
v -5.156708 -4.772020 4.601461
v -5.164822 -1.091579 4.708282
v -5.169025 -1.077698 4.713523
v -5.164806 -1.090293 4.705307
v -5.166435 -1.088318 4.708963
v -5.167801 -1.084537 4.710199
v -5.164738 -1.090173 4.708080
v -5.168705 -1.080917 4.712269
v -5.168243 -1.083439 4.710781
v -5.167610 -1.085699 4.709642
v -5.164730 -1.089480 4.706468
v -5.166424 -1.087731 4.707824
v -4.676987 -5.246195 4.590690
v -4.685825 -5.250541 4.595201
v -4.681255 -5.246092 4.586442
v -4.678917 -5.247828 4.591008
v -4.681274 -5.249230 4.591976
v -4.678616 -5.246186 4.590371
v -4.679951 -5.247763 4.590692
v -4.681290 -5.248640 4.590687
v -4.682590 -5.249197 4.590666
v -4.683701 -5.250182 4.593448
v -4.682655 -5.249680 4.592038
v -4.680927 -5.246132 4.588071
v -4.680000 -5.246164 4.589450
v -4.681602 -5.247765 4.588336
v -4.681282 -5.247730 4.589370
v -4.690041 -5.168527 0.921348
v -4.694576 -5.172511 0.907974
v -4.687023 -5.168507 0.920088
v -4.690392 -5.170095 0.918377
v -4.689816 -5.168497 0.919947
v -4.690578 -5.170871 0.916289
v -4.693600 -5.172240 0.910686
v -4.691822 -5.171383 0.913940
v -4.688183 -5.168487 0.919264
v -4.689709 -5.170018 0.917367
v -5.163998 -0.115357 5.157608
v -5.164791 -0.113134 5.154108
v -5.168259 -0.115831 5.153301
v -5.163433 -0.114330 5.157339
v -5.163383 -0.113547 5.156581
v -5.165623 -0.115479 5.157257
v -5.165359 -0.113587 5.156881
v -5.165276 -0.112359 5.156284
v -5.166119 -0.113120 5.153184
v -5.167244 -0.113627 5.152706
v -5.163864 -0.113127 5.155445
v -5.165604 -0.112464 5.154947
v -5.166931 -0.112393 5.154626
v -5.167923 -0.115732 5.154926
v -5.167000 -0.115611 5.156317
v -5.167995 -0.114575 5.152748
v -5.167534 -0.113711 5.154691
v -5.166821 -0.113246 5.156166
v -0.049931 -5.271935 5.077909
v -0.047802 -5.268473 5.079253
v -0.049759 -5.267256 5.082885
v -0.049030 -5.271659 5.077428
v -0.048309 -5.270905 5.077514
v -0.049896 -5.271608 5.079748
v -0.048122 -5.271198 5.079551
v -0.046993 -5.270585 5.079545
v -0.047836 -5.267441 5.080612
v -0.048222 -5.266849 5.081778
v -0.047878 -5.269785 5.078155
v -0.047138 -5.269224 5.079979
v -0.046951 -5.268847 5.081374
v -0.049801 -5.269076 5.082438
v -0.049850 -5.270606 5.081336
v -0.048897 -5.266783 5.082577
v -0.048058 -5.268870 5.082010
v -0.047653 -5.270446 5.081174
v -5.154453 -5.256355 5.070583
v -5.158951 -5.256279 5.066147
v -5.154373 -5.260688 5.065893
v -5.156174 -5.256350 5.070237
v -5.157635 -5.256332 5.069273
v -5.154438 -5.258046 5.070199
v -5.156101 -5.257977 5.069701
v -5.157433 -5.257921 5.069042
v -5.157024 -5.258867 5.068609
v -5.158604 -5.257967 5.066078
v -5.157616 -5.259397 5.066005
v -5.158607 -5.256308 5.067837
v -5.158104 -5.257938 5.067722
v -5.157425 -5.259243 5.067630
v -5.154396 -5.260390 5.067663
v -5.154419 -5.259463 5.069172
v -5.156128 -5.260354 5.065941
v -5.156078 -5.259901 5.067635
v -5.156048 -5.259274 5.068995
v -5.178944 -5.148404 -0.048321
v -5.175510 -5.149514 -0.051052
v -5.174412 -5.153034 -0.048926
v -5.178692 -5.147871 -0.049468
v -5.177952 -5.147895 -0.050390
v -5.178600 -5.150179 -0.048474
v -5.174492 -5.150850 -0.051032
v -5.173923 -5.151991 -0.050621
v -5.176834 -5.148471 -0.050947
v -5.176147 -5.152686 -0.048801
v -5.177620 -5.151683 -0.048642
v -5.173897 -5.152757 -0.049882
v -1.008400 -4.778766 4.980953
v -1.006920 -4.775485 4.980811
v -1.016151 -4.774117 4.976830
v -1.006485 -4.778664 4.980900
v -1.005531 -4.778005 4.980855
v -1.010017 -4.778141 4.979377
v -1.007305 -4.777462 4.979331
v -1.008804 -4.776946 4.978496
v -1.008652 -4.775109 4.979247
v -1.011013 -4.774718 4.977941
v -1.005684 -4.776888 4.980824
v -1.009506 -4.776143 4.978159
v -1.014214 -4.775624 4.977147
v -1.012058 -4.777039 4.978040
v -1.013649 -4.774370 4.977093
v -1.011559 -4.775933 4.977474
v -1.009926 -4.777073 4.978199
v -4.670010 -4.780163 4.989707
v -4.670013 -4.775802 4.985550
v -4.674267 -4.775908 4.989818
v -4.670013 -4.779799 4.988085
v -4.670017 -4.778844 4.986725
v -4.671642 -4.779841 4.989719
v -4.671684 -4.779409 4.988057
v -4.671600 -4.778635 4.986950
v -4.671646 -4.775811 4.985878
v -4.673027 -4.775834 4.986805
v -4.670017 -4.777440 4.985835
v -4.671688 -4.777490 4.986229
v -4.672810 -4.777425 4.986984
v -4.673943 -4.777535 4.989779
v -4.673023 -4.778917 4.989744
v -4.673946 -4.775867 4.988189
v -4.673557 -4.777536 4.988107
v -4.672810 -4.778663 4.988162
v -4.670589 -1.115440 5.078022
v -4.664700 -1.121358 5.073933
v -4.667519 -1.114318 5.078194
v -4.669456 -1.116302 5.076469
v -4.667938 -1.117726 5.075148
v -4.670536 -1.113608 5.078100
v -4.669331 -1.114499 5.076513
v -4.668083 -1.115770 5.075433
v -4.665092 -1.119074 5.074324
v -4.665768 -1.116933 5.075270
v -4.666267 -1.119504 5.074259
v -4.666737 -1.117099 5.074714
v -4.668873 -1.112999 5.078194
v -4.669933 -1.112751 5.078161
v -4.666618 -1.115264 5.076630
v -4.667976 -1.114005 5.076588
v -5.068146 -4.773355 4.596937
v -5.068130 -4.769197 4.601299
v -5.063877 -4.769100 4.597028
v -5.068138 -4.773069 4.598572
v -5.068134 -4.772177 4.599977
v -5.066513 -4.773032 4.596940
v -5.066467 -4.772680 4.598619
v -5.066551 -4.771956 4.599762
v -5.066498 -4.769188 4.600971
v -5.065121 -4.769168 4.600044
v -5.068130 -4.770816 4.600934
v -5.066460 -4.770852 4.600538
v -5.065338 -4.770751 4.599788
v -5.064205 -4.770729 4.596989
v -5.065132 -4.772110 4.596958
v -5.064198 -4.769138 4.598658
v -5.064590 -4.770809 4.598659
v -5.065342 -4.771931 4.598549
v -5.076923 -4.686834 0.933109
v -5.072647 -4.682691 0.937513
v -5.076805 -4.683705 0.931732
v -5.075291 -4.686538 0.934102
v -5.073902 -4.685647 0.935288
v -5.077255 -4.686566 0.931740
v -5.075493 -4.686133 0.932298
v -5.074116 -4.685466 0.933007
v -5.074547 -4.685095 0.932034
v -5.072964 -4.682341 0.935628
v -5.073868 -4.682414 0.933869
v -5.072975 -4.684299 0.936486
v -5.073441 -4.684115 0.934172
v -5.074100 -4.684086 0.932402
v -5.077190 -4.684870 0.930995
v -5.077351 -4.685876 0.930998
v -5.075214 -4.682890 0.932500
v -5.075455 -4.684403 0.931538
v -5.075596 -4.685571 0.931160
v -5.062721 -1.091404 4.690939
v -5.062756 -1.090109 4.687946
v -5.058540 -1.097345 4.685819
v -5.062649 -1.089998 4.690729
v -5.061115 -1.092778 4.690307
v -5.061142 -1.091077 4.689997
v -5.061169 -1.089985 4.689523
v -5.060295 -1.091139 4.688868
v -5.061142 -1.091241 4.686951
v -5.059772 -1.093013 4.686199
v -5.062668 -1.089298 4.689111
v -5.061153 -1.090348 4.688402
v -5.059933 -1.091612 4.687849
v -5.058853 -1.095996 4.687538
v -5.059757 -1.094392 4.689113
v -5.058857 -1.095156 4.685802
v -5.059319 -1.093567 4.687635
v -5.059929 -1.092198 4.689094
v -0.997658 -5.162261 4.583757
v -1.003716 -5.157901 4.579606
v -0.996422 -5.162193 4.580747
v -0.999046 -5.160625 4.583473
v -1.000687 -5.159219 4.582582
v -0.996258 -5.162257 4.583524
v -0.997353 -5.160674 4.583112
v -0.998497 -5.159396 4.582469
v -0.997452 -5.159772 4.582137
v -1.001583 -5.158225 4.579419
v -0.999447 -5.159152 4.579570
v -1.002327 -5.158263 4.581226
v -0.999920 -5.158734 4.581147
v -0.997967 -5.159370 4.581182
v -0.995590 -5.162221 4.581896
v -0.997635 -5.160546 4.580037
v -0.996681 -5.160638 4.581481
v -0.996273 -5.160702 4.582600
v -4.676907 -5.159216 4.592643
v -4.681179 -5.159120 4.588394
v -4.676914 -5.154863 4.588479
v -4.678539 -5.159208 4.592323
v -4.679924 -5.159186 4.591403
v -4.676907 -5.157580 4.592355
v -4.678577 -5.157529 4.591968
v -4.679707 -5.157597 4.591220
v -4.680851 -5.157488 4.588428
v -4.679928 -5.156108 4.588458
v -4.680851 -5.159155 4.590022
v -4.680458 -5.157485 4.590101
v -4.679707 -5.156358 4.590040
v -4.676910 -5.155223 4.590102
v -4.676907 -5.156178 4.591462
v -4.678543 -5.155185 4.588476
v -4.678581 -5.155613 4.590137
v -4.678493 -5.156387 4.591244
v -4.689960 -5.076872 0.923384
v -4.686947 -5.076846 0.922123
v -4.685684 -5.072751 0.929467
v -4.689926 -5.076831 0.921524
v -4.689342 -5.076812 0.920631
v -4.689445 -5.075263 0.924333
v -4.689354 -5.075182 0.922505
v -4.688423 -5.074402 0.922879
v -4.686657 -5.075241 0.923169
v -4.686317 -5.073898 0.924932
v -4.688293 -5.076818 0.920841
v -4.688026 -5.075172 0.921951
v -4.687126 -5.073035 0.927625
v -4.688450 -5.073916 0.925823
v -4.685974 -5.073023 0.927143
v -4.687469 -5.073370 0.925179
v -4.688530 -5.074087 0.923828
v -3.010174 -5.102035 4.008512
v -3.008598 -5.098127 4.006756
v -3.010448 -5.100571 4.008846
v -3.010246 -5.099314 4.008628
v -3.009598 -5.098456 4.007894
v -3.860081 -5.089220 3.229728
v -3.861671 -5.093127 3.231501
v -3.861088 -5.089549 3.230872
v -3.861744 -5.090407 3.231612
v -3.861946 -5.091663 3.231833
v -2.703537 -5.087302 3.658472
v -2.701656 -5.091206 3.656279
v -2.702511 -5.087567 3.657296
v -2.701794 -5.088404 3.656468
v -2.701492 -5.089681 3.656111
v -3.553169 -5.082298 2.879288
v -3.555058 -5.078394 2.881486
v -3.553009 -5.080773 2.879118
v -3.553307 -5.079495 2.879477
v -3.554028 -5.078661 2.880308
v -3.461285 -5.098346 3.643111
v -3.459709 -5.094443 3.641355
v -3.461559 -5.096883 3.643444
v -3.461357 -5.095627 3.643227
v -3.460709 -5.094772 3.642494
v -3.153214 -5.087535 3.291389
v -3.155087 -5.083632 3.293572
v -3.153046 -5.086010 3.291219
v -3.153347 -5.084733 3.291574
v -3.154060 -5.083898 3.292399
v -3.882118 -5.076095 2.455489
v -3.884037 -5.072187 2.457722
v -3.881958 -5.074569 2.455322
v -3.882267 -5.073290 2.455688
v -3.882996 -5.072454 2.456531
v -4.189137 -5.083016 2.806052
v -4.190762 -5.086939 2.807860
v -4.190159 -5.083345 2.807214
v -4.190823 -5.084207 2.807965
v -4.191036 -5.085468 2.808192
v -4.204472 -5.066896 1.901733
v -4.205902 -5.062997 1.904946
v -4.204269 -5.065368 1.901640
v -4.204472 -5.064091 1.902218
v -4.205048 -5.063258 1.903379
v -4.459999 -5.075610 2.354559
v -4.461132 -5.079572 2.357337
v -4.460835 -5.075947 2.356093
v -4.461342 -5.076821 2.357161
v -4.461445 -5.078093 2.357596
v -4.701775 -5.049201 0.893955
v -4.696487 -5.045423 0.906582
v -4.699894 -5.049149 0.893389
v -4.701057 -5.047725 0.896823
v -4.699802 -5.046487 0.900230
v -4.701694 -5.049430 0.892625
v -4.700855 -5.047842 0.894597
v -4.699844 -5.046609 0.896821
v -4.699718 -5.046978 0.895328
v -4.696461 -5.045654 0.903310
v -4.697094 -5.046443 0.899655
v -4.698200 -5.045679 0.903658
v -4.698349 -5.046036 0.899763
v -4.698696 -5.046590 0.896575
v -4.700680 -5.049401 0.892318
v -4.698299 -5.047670 0.896170
v -4.699558 -5.047814 0.894287
v -4.700508 -5.047903 0.893275
v -4.698574 -5.070869 1.861320
v -4.695633 -5.066946 1.862551
v -4.698753 -5.069383 1.861889
v -4.698257 -5.068114 1.862322
v -4.697163 -5.067260 1.862555
v -2.513580 -5.104131 4.322523
v -2.510914 -5.100216 4.321401
v -2.513779 -5.102664 4.322905
v -2.513340 -5.101403 4.322827
v -2.512337 -5.100543 4.322299
v -2.068756 -5.089216 4.026363
v -2.065712 -5.093123 4.024761
v -2.067284 -5.089483 4.025412
v -2.066189 -5.090319 4.024774
v -2.065636 -5.091598 4.024544
v -1.945339 -5.101078 4.611447
v -1.944637 -5.105022 4.614186
v -1.945473 -5.101407 4.612966
v -1.945385 -5.102273 4.614021
v -1.945095 -5.103542 4.614448
v -0.805122 -5.093236 4.589710
v -0.804649 -5.093176 4.587885
v -0.818630 -5.089269 4.584690
v -0.803795 -5.093442 4.589600
v -0.808174 -5.091725 4.589044
v -0.805927 -5.091851 4.588789
v -0.804596 -5.091913 4.588419
v -0.806778 -5.090973 4.587671
v -0.807652 -5.091648 4.586324
v -0.811359 -5.090370 4.585170
v -0.803539 -5.093410 4.588613
v -0.805676 -5.091814 4.587514
v -0.808121 -5.090566 4.586682
v -0.815487 -5.089578 4.586327
v -0.811817 -5.090441 4.587857
v -0.815216 -5.089534 4.584594
v -0.811447 -5.089977 4.586396
v -0.808315 -5.090598 4.587820
v -2.971008 -5.208492 3.962613
v -2.975182 -5.204793 3.967417
v -2.972206 -5.208243 3.963986
v -2.973423 -5.207453 3.965379
v -2.974464 -5.206243 3.966584
v -3.826679 -5.195883 3.190407
v -3.822495 -5.199584 3.185585
v -3.825966 -5.197330 3.189574
v -3.824917 -5.198541 3.188365
v -3.823700 -5.199335 3.186965
v -2.727821 -5.195894 3.685009
v -2.731709 -5.199999 3.689407
v -2.728424 -5.197434 3.685682
v -2.729374 -5.198755 3.686754
v -2.730530 -5.199656 3.688061
v -3.583229 -5.191093 2.912420
v -3.579338 -5.186981 2.908017
v -3.582047 -5.190747 2.911072
v -3.580891 -5.189844 2.909762
v -3.579941 -5.188521 2.908690
v -3.422119 -5.204807 3.597214
v -3.426289 -5.201110 3.602012
v -3.423321 -5.204557 3.598584
v -3.424534 -5.203769 3.599977
v -3.425575 -5.202558 3.601181
v -3.183258 -5.196332 3.324506
v -3.179379 -5.192223 3.320119
v -3.182079 -5.195987 3.323164
v -3.180931 -5.195086 3.321859
v -3.179981 -5.193763 3.320791
v -3.912209 -5.184884 2.488654
v -3.908283 -5.180769 2.484215
v -3.911015 -5.184538 2.487293
v -3.909847 -5.183634 2.485971
v -3.908890 -5.182310 2.484890
v -4.155777 -5.189669 2.766777
v -4.151550 -5.193380 2.761909
v -4.155056 -5.191121 2.765939
v -4.153999 -5.192338 2.764719
v -4.152771 -5.193130 2.763304
v -4.233940 -5.175700 1.936131
v -4.230629 -5.171557 1.930456
v -4.232979 -5.175346 1.934297
v -4.232014 -5.174435 1.932575
v -4.231190 -5.173104 1.931226
v -4.426163 -5.182259 2.316270
v -4.422554 -5.185970 2.310166
v -4.425488 -5.183718 2.315336
v -4.424564 -5.184935 2.313848
v -4.423534 -5.185726 2.312032
v -4.727600 -5.153813 0.922630
v -4.726051 -5.153804 0.922110
v -4.723076 -5.158180 0.940738
v -4.727364 -5.154115 0.920751
v -4.727386 -5.155435 0.926741
v -4.727348 -5.155445 0.924474
v -4.727135 -5.155435 0.923097
v -4.726589 -5.156256 0.925977
v -4.724964 -5.155410 0.926277
v -4.724018 -5.156808 0.931281
v -4.726215 -5.155434 0.924251
v -4.725693 -5.156602 0.927673
v -4.724937 -5.157798 0.936541
v -4.726452 -5.156835 0.931624
v -4.723354 -5.157780 0.936358
v -4.725288 -5.157253 0.931756
v -4.726723 -5.156613 0.927821
v -4.658058 -5.177311 1.818463
v -4.663628 -5.173499 1.820275
v -4.659786 -5.177038 1.818683
v -4.661449 -5.176217 1.819104
v -4.662800 -5.174974 1.819663
v -2.473053 -5.210580 4.277421
v -2.478600 -5.206865 4.281435
v -2.474777 -5.210329 4.278490
v -2.476437 -5.209533 4.279628
v -2.477776 -5.208317 4.280662
v -2.091873 -5.197805 4.053489
v -2.097229 -5.201913 4.057141
v -2.092590 -5.199346 4.054105
v -2.093861 -5.200668 4.055014
v -2.095490 -5.201571 4.056080
v -1.909672 -5.207710 4.573118
v -1.907734 -5.211441 4.567348
v -1.909122 -5.209169 4.572208
v -1.908562 -5.210391 4.570793
v -1.908073 -5.211188 4.569086
v -0.831257 -5.197880 4.618132
v -0.850010 -5.201966 4.614188
v -0.830814 -5.197855 4.616614
v -0.835506 -5.199447 4.618060
v -0.840561 -5.200774 4.617283
v -0.829937 -5.198082 4.618137
v -0.833195 -5.199466 4.617958
v -0.836655 -5.200594 4.617445
v -0.834770 -5.200252 4.617257
v -0.845535 -5.201622 4.614333
v -0.840317 -5.200720 4.614846
v -0.845654 -5.201659 4.615923
v -0.840744 -5.201174 4.616133
v -0.836548 -5.200572 4.616413
v -0.835148 -5.199395 4.615647
v -0.833019 -5.199442 4.616827
v -0.831799 -5.199459 4.617706
v -5.098579 -4.164148 2.917314
v -5.094448 -4.162676 2.916080
v -5.097176 -4.164604 2.917684
v -5.095894 -4.164484 2.917580
v -5.094936 -4.163807 2.917016
v -5.086994 -3.410990 3.790032
v -5.091122 -3.412473 3.791275
v -5.087482 -3.412125 3.790971
v -5.088440 -3.412807 3.791537
v -5.089714 -3.412927 3.791643
v -5.033875 -3.808699 2.623650
v -5.037441 -3.806148 2.621562
v -5.033974 -3.807480 2.622643
v -5.034683 -3.806564 2.621893
v -5.035904 -3.806098 2.621514
v -5.029991 -3.054487 3.495535
v -5.026428 -3.057049 3.497632
v -5.028454 -3.054438 3.495487
v -5.027237 -3.054908 3.495868
v -5.026524 -3.055826 3.496621
v -5.099293 -3.811918 3.378798
v -5.095169 -3.810451 3.377566
v -5.097889 -3.812375 3.379167
v -5.096611 -3.812257 3.379062
v -5.095654 -3.811581 3.378500
v -5.038250 -3.454434 3.083472
v -5.034683 -3.456979 3.085554
v -5.036709 -3.454384 3.083423
v -5.035492 -3.454852 3.083802
v -5.034779 -3.455761 3.084550
v -5.014641 -2.641140 3.837238
v -5.011082 -2.643744 3.839369
v -5.013100 -2.641094 3.837192
v -5.011883 -2.641574 3.837581
v -5.011173 -2.642503 3.838346
v -5.071663 -2.997789 4.131851
v -5.075798 -2.999294 4.133116
v -5.072155 -2.998933 4.132799
v -5.073112 -2.999620 4.133372
v -5.074390 -2.999747 4.133483
v -5.002682 -2.086687 4.172704
v -4.999004 -2.090247 4.174383
v -5.001129 -2.086712 4.172623
v -4.999886 -2.087397 4.172915
v -4.999142 -2.088638 4.173533
v -5.048855 -2.555728 4.426202
v -5.052868 -2.558090 4.426970
v -5.049297 -2.557201 4.426960
v -5.050217 -2.558165 4.427372
v -5.051472 -2.558479 4.427376
v -5.027317 -1.038170 4.682006
v -5.022869 -1.049770 4.677634
v -5.027164 -1.037684 4.679962
v -5.025681 -1.040804 4.681555
v -5.024261 -1.043934 4.680566
v -5.025803 -1.038705 4.681216
v -5.024464 -1.040784 4.680424
v -5.024857 -1.039395 4.680184
v -5.023190 -1.046776 4.677426
v -5.024120 -1.043429 4.677796
v -5.023273 -1.047082 4.679188
v -5.023746 -1.043504 4.679116
v -5.024403 -1.040568 4.679250
v -5.027496 -1.036276 4.681361
v -5.025517 -1.040237 4.678686
v -5.025723 -1.038435 4.679867
v -5.025856 -1.037467 4.680781
v -5.023022 -2.066519 4.727619
v -5.022835 -2.075153 4.725760
v -5.019474 -2.072390 4.725237
v -5.023136 -2.068567 4.727487
v -5.023144 -2.070928 4.727088
v -5.021534 -2.067820 4.727966
v -5.021637 -2.069827 4.727727
v -5.021679 -2.071642 4.727495
v -5.021458 -2.075050 4.726468
v -5.020336 -2.074488 4.726619
v -5.023037 -2.073242 4.726482
v -5.021595 -2.073322 4.727001
v -5.020470 -2.073185 4.727276
v -5.019615 -2.071000 4.726674
v -5.020340 -2.069394 4.727632
v -5.019638 -2.073554 4.726186
v -5.019958 -2.072236 4.727073
v -5.020473 -2.070974 4.727718
v -5.088902 -4.464132 2.412216
v -5.084724 -4.463267 2.409876
v -5.087486 -4.464636 2.412503
v -5.086197 -4.464650 2.412160
v -5.085228 -4.464168 2.411237
v -5.018101 -4.158843 1.979105
v -5.021633 -4.156851 1.975836
v -5.018181 -4.157837 1.977646
v -5.018883 -4.157104 1.976512
v -5.020096 -4.156758 1.975877
v -5.066864 -4.737704 1.836848
v -5.070946 -4.740096 1.835773
v -5.067322 -4.739195 1.836905
v -5.068256 -4.740172 1.836721
v -5.069530 -4.740489 1.836324
v -4.973606 -4.687458 0.701319
v -4.973370 -4.685635 0.700908
v -4.970261 -4.683122 0.715227
v -4.973705 -4.687299 0.699983
v -4.972279 -4.686994 0.704494
v -4.972218 -4.686675 0.702247
v -4.972153 -4.686267 0.700928
v -4.971321 -4.685652 0.703193
v -4.971951 -4.684280 0.704056
v -4.970860 -4.683328 0.707881
v -4.973576 -4.686313 0.699761
v -4.972061 -4.685401 0.702039
v -4.970940 -4.684734 0.704592
v -4.970467 -4.684650 0.712021
v -4.971176 -4.686009 0.708250
v -4.970268 -4.682922 0.711804
v -4.970573 -4.684582 0.707960
v -4.971069 -4.685872 0.704750
v -5.197937 -4.108819 2.872139
v -5.194946 -4.114000 2.876402
v -5.197884 -4.110232 2.873307
v -5.197296 -4.111715 2.874527
v -5.196266 -4.113039 2.875613
v -5.187500 -3.362320 3.750356
v -5.190483 -3.357135 3.746093
v -5.188816 -3.361358 3.749570
v -5.189846 -3.360036 3.748483
v -5.190434 -3.358554 3.747263
v -5.145706 -3.826992 2.639297
v -5.150421 -3.831142 2.642746
v -5.147335 -3.827553 2.639767
v -5.148804 -3.828538 2.640588
v -5.149887 -3.829798 2.641634
v -5.142975 -3.079492 3.516726
v -5.138260 -3.075334 3.513270
v -5.142441 -3.078145 3.515611
v -5.141354 -3.076881 3.514562
v -5.139885 -3.075893 3.513740
v -5.198658 -3.756593 3.333627
v -5.195671 -3.761766 3.337880
v -5.198605 -3.758007 3.334791
v -5.198017 -3.759485 3.336009
v -5.196987 -3.760806 3.337093
v -5.151230 -3.479423 3.104648
v -5.146519 -3.475281 3.101207
v -5.150696 -3.478081 3.103539
v -5.149612 -3.476824 3.102496
v -5.148144 -3.475840 3.101677
v -5.127625 -2.666188 3.858463
v -5.122902 -2.661986 3.854972
v -5.127087 -2.664826 3.857335
v -5.125999 -2.663548 3.856276
v -5.124531 -2.662551 3.855446
v -5.172169 -2.949141 4.092201
v -5.175152 -2.943931 4.087914
v -5.173489 -2.948177 4.091411
v -5.174519 -2.946850 4.090320
v -5.175102 -2.945357 4.089092
v -5.115520 -2.112924 4.193352
v -5.110939 -2.107530 4.190438
v -5.115036 -2.111103 4.192445
v -5.113995 -2.109440 4.191571
v -5.112556 -2.108184 4.190868
v -5.149235 -2.507943 4.386058
v -5.152374 -2.501661 4.382394
v -5.150566 -2.506895 4.385316
v -5.151630 -2.505335 4.384359
v -5.152264 -2.503498 4.383333
v -5.135406 -1.058980 4.699455
v -5.135426 -1.058529 4.697696
v -5.139244 -1.074421 4.695658
v -5.135593 -1.057654 4.699366
v -5.136948 -1.062544 4.699343
v -5.137001 -1.060391 4.699139
v -5.137016 -1.059098 4.698810
v -5.137802 -1.061628 4.698378
v -5.136929 -1.062088 4.696750
v -5.138180 -1.066355 4.696031
v -5.136990 -1.060169 4.697922
v -5.138107 -1.063117 4.697533
v -5.139023 -1.070902 4.697288
v -5.138214 -1.066733 4.698582
v -5.138992 -1.070686 4.695647
v -5.138638 -1.066692 4.697358
v -5.138123 -1.063277 4.698614
v -5.118671 -2.016802 4.687331
v -5.123119 -2.018443 4.681381
v -5.119198 -2.025009 4.684849
v -5.120201 -2.017193 4.686353
v -5.121586 -2.017641 4.684879
v -5.118935 -2.018752 4.687014
v -5.120304 -2.018809 4.686010
v -5.121445 -2.018917 4.684987
v -5.121159 -2.020003 4.685023
v -5.122692 -2.020071 4.682438
v -5.121796 -2.021892 4.683468
v -5.122612 -2.018081 4.683131
v -5.122120 -2.019451 4.683781
v -5.121536 -2.020775 4.684375
v -5.119221 -2.023194 4.685672
v -5.119125 -2.020996 4.686432
v -5.120567 -2.023626 4.684315
v -5.120483 -2.021937 4.685023
v -5.120380 -2.020384 4.685672
v -5.188210 -4.409562 2.365655
v -5.185238 -4.414001 2.371315
v -5.188168 -4.410690 2.367357
v -5.187592 -4.411931 2.369030
v -5.186562 -4.413094 2.370420
v -5.129890 -4.177694 1.993570
v -5.134655 -4.181138 1.998502
v -5.131523 -4.178201 1.994153
v -5.133003 -4.179033 1.995296
v -5.134102 -4.180066 1.996822
v -5.167240 -4.689986 1.794890
v -5.170353 -4.683887 1.792892
v -5.168579 -4.688951 1.794271
v -5.169640 -4.687426 1.793674
v -5.170265 -4.685649 1.793189
v -5.081802 -4.707999 0.719032
v -5.086929 -4.704218 0.737567
v -5.081623 -4.706478 0.718640
v -5.083668 -4.707908 0.723163
v -5.085297 -4.707159 0.728132
v -5.083508 -4.707745 0.720856
v -5.084843 -4.707232 0.724243
v -5.084351 -4.707024 0.722396
v -5.086273 -4.704278 0.733126
v -5.085033 -4.704725 0.727971
v -5.086441 -4.705862 0.733192
v -5.085617 -4.705985 0.728322
v -5.084732 -4.706202 0.724172
v -5.081909 -4.707647 0.717159
v -5.083401 -4.705499 0.722884
v -5.083382 -4.706617 0.720721
v -5.083378 -4.707460 0.719474
v -5.168438 -0.046669 5.153488
v -5.165016 -0.049113 5.154520
v -5.163834 -0.046773 5.158035
v -5.168198 -0.047711 5.152942
v -5.167465 -0.048544 5.152946
v -5.168098 -0.046703 5.155235
v -5.167709 -0.048606 5.154964
v -5.167107 -0.049841 5.154894
v -5.166534 -0.049802 5.156065
v -5.163967 -0.049063 5.155851
v -5.163372 -0.048600 5.156986
v -5.166348 -0.049037 5.153500
v -5.165752 -0.049738 5.155269
v -5.165356 -0.049865 5.156623
v -5.165604 -0.046761 5.157697
v -5.167103 -0.046734 5.156712
v -5.163322 -0.047795 5.157754
v -5.165386 -0.048648 5.157257
v -3.474277 -3.834743 4.956127
v -3.476074 -3.836487 4.959935
v -3.475399 -3.835778 4.956398
v -3.476135 -3.836474 4.957218
v -3.476372 -3.836721 4.958459
v -3.535255 -3.102496 4.972807
v -3.533188 -3.100700 4.976812
v -3.534111 -3.101456 4.973130
v -3.533314 -3.100746 4.974005
v -3.532990 -3.100483 4.975297
v -3.876316 -3.415153 4.966565
v -3.878101 -3.416885 4.970365
v -3.877434 -3.416183 4.966835
v -3.878162 -3.416873 4.967655
v -3.878399 -3.417120 4.968894
v -3.133247 -3.522116 4.962368
v -3.131172 -3.520313 4.966375
v -3.132099 -3.521071 4.962691
v -3.131302 -3.520362 4.963566
v -3.130978 -3.520094 4.964859
v -2.705055 -3.877362 4.953319
v -2.702953 -3.875532 4.957330
v -2.703896 -3.876307 4.953642
v -2.703091 -3.875589 4.954520
v -2.702759 -3.875316 4.955813
v -3.046467 -4.190339 4.947071
v -3.048294 -4.192106 4.950894
v -3.047604 -4.191385 4.947343
v -3.048347 -4.192089 4.948165
v -3.048592 -4.192342 4.949413
v -2.606487 -4.477174 4.939547
v -2.608479 -4.478904 4.943387
v -2.607685 -4.478209 4.939821
v -2.608482 -4.478899 4.940646
v -2.608761 -4.479146 4.941898
v -2.250149 -4.170333 4.946563
v -2.247868 -4.168532 4.950587
v -2.248920 -4.169288 4.946889
v -2.248058 -4.168581 4.947769
v -2.247688 -4.168314 4.949068
v -1.344376 -4.815590 4.951642
v -1.334614 -4.819617 4.955881
v -1.340691 -4.817144 4.952005
v -1.337540 -4.818455 4.952938
v -1.335403 -4.819323 4.954298
v -2.122822 -4.717821 4.933161
v -2.127945 -4.718071 4.936866
v -2.125225 -4.718291 4.933371
v -2.127041 -4.718503 4.934149
v -2.127998 -4.718425 4.935377
v -1.406822 -4.557183 4.958609
v -1.401218 -4.556828 4.962806
v -1.404324 -4.556690 4.959002
v -1.402382 -4.556449 4.959939
v -1.401291 -4.556498 4.961275
v -3.890068 -2.622392 4.984499
v -3.888069 -2.620447 4.988510
v -3.888950 -2.621292 4.984824
v -3.888176 -2.620538 4.985700
v -3.887871 -2.620242 4.986995
v -4.225552 -2.952427 4.977848
v -4.227249 -2.954289 4.981643
v -4.226631 -2.953506 4.978117
v -4.227333 -2.954238 4.978934
v -4.227551 -2.954511 4.980171
v -4.710388 -1.575183 5.010054
v -4.714149 -1.567401 5.014498
v -4.711876 -1.572219 5.010449
v -4.713116 -1.569697 5.011431
v -4.713913 -1.568008 5.012853
v -4.373196 -1.684259 5.006841
v -4.372746 -1.679186 5.010929
v -4.372669 -1.681964 5.007194
v -4.372398 -1.680194 5.008096
v -4.372429 -1.679217 5.009406
v -4.563225 -2.422235 4.990571
v -4.563278 -2.426718 4.994302
v -4.563675 -2.424316 4.990816
v -4.563843 -2.425900 4.991611
v -4.563702 -2.426741 4.992835
v -3.437820 -3.803995 5.064613
v -3.433197 -3.799850 5.068536
v -3.437035 -3.803312 5.066096
v -3.435883 -3.802285 5.067362
v -3.434532 -3.801066 5.068219
v -3.563374 -3.130941 5.079984
v -3.567753 -3.135056 5.083871
v -3.564060 -3.131609 5.081490
v -3.565132 -3.132624 5.082757
v -3.566429 -3.133835 5.083593
v -3.839844 -3.384389 5.075058
v -3.835236 -3.380257 5.078975
v -3.839062 -3.383708 5.076539
v -3.837910 -3.382683 5.077803
v -3.836567 -3.381474 5.078659
v -3.161358 -3.550554 5.069544
v -3.165745 -3.554674 5.073431
v -3.162045 -3.551223 5.071049
v -3.163120 -3.552240 5.072318
v -3.164421 -3.553452 5.073155
v -2.733135 -3.905773 5.060493
v -2.737553 -3.909921 5.064383
v -2.733826 -3.906442 5.062001
v -2.734909 -3.907465 5.063269
v -2.736217 -3.908689 5.064106
v -3.010052 -4.159627 5.055542
v -3.005386 -4.155445 5.059480
v -3.009262 -4.158939 5.057030
v -3.008099 -4.157903 5.058302
v -3.006737 -4.156676 5.059163
v -2.570251 -4.446438 5.047988
v -2.565369 -4.442299 5.051960
v -2.569443 -4.445751 5.049488
v -2.568230 -4.444725 5.050769
v -2.566799 -4.443511 5.051636
v -2.278049 -4.198771 5.053740
v -2.282681 -4.202870 5.057626
v -2.278755 -4.199438 5.055250
v -2.279884 -4.200451 5.056516
v -2.281261 -4.201657 5.057352
v -1.330639 -4.818535 5.059385
v -1.341751 -4.813715 5.063357
v -1.331436 -4.818154 5.060952
v -1.333832 -4.817103 5.062256
v -1.337452 -4.815545 5.063100
v -2.089745 -4.685624 5.041405
v -2.080933 -4.683322 5.045615
v -2.088631 -4.685074 5.042931
v -2.086563 -4.684443 5.044266
v -2.083862 -4.683828 5.045209
v -1.431400 -4.587061 5.065957
v -1.440201 -4.589345 5.069627
v -1.432423 -4.587590 5.067448
v -1.434456 -4.588210 5.068671
v -1.437187 -4.588825 5.069436
v -3.918255 -2.650688 5.091677
v -3.922543 -2.654986 5.095562
v -3.918938 -2.651369 5.093183
v -3.919991 -2.652426 5.094450
v -3.921257 -2.653695 5.095286
v -4.188988 -2.921790 5.086341
v -4.184494 -2.917502 5.090260
v -4.188213 -2.921096 5.087821
v -4.187088 -2.920036 5.089086
v -4.185780 -2.918775 5.089943
v -4.710182 -1.566321 5.117717
v -4.705570 -1.575050 5.121766
v -4.709782 -1.566974 5.119331
v -4.708763 -1.568859 5.120668
v -4.707283 -1.571699 5.121523
v -4.402931 -1.709427 5.114093
v -4.405312 -1.717574 5.117888
v -4.403465 -1.710400 5.115593
v -4.404106 -1.712293 5.116841
v -4.404755 -1.714810 5.117646
v -4.525017 -2.394219 5.099001
v -4.522511 -2.386762 5.102996
v -4.524391 -2.393283 5.100487
v -4.523697 -2.391538 5.101768
v -4.523037 -2.389247 5.102649
v -4.716858 -2.126812 5.053415
v -4.719025 -2.118688 5.053602
v -4.717705 -2.125073 5.053456
v -4.718414 -2.122919 5.053506
v -4.718876 -2.120677 5.053559
v -4.703445 -1.014450 5.078620
v -4.705303 -1.014965 5.078613
v -4.704140 -1.013298 5.078647
v -4.705147 -1.013576 5.078644
v -0.814880 -4.823918 5.029164
v -0.815292 -4.825521 5.029080
v -0.813358 -4.825072 5.029178
v -2.601864 -5.261819 5.076731
v -2.602158 -5.266311 5.071918
v -2.601284 -5.263569 5.076320
v -2.601135 -5.265038 5.075261
v -2.601440 -5.266001 5.073716
v -5.168945 -5.202350 2.508796
v -5.164406 -5.206863 2.508551
v -5.168606 -5.204064 2.507987
v -5.167625 -5.205523 2.507654
v -5.166149 -5.206505 2.507854
v -2.611652 -5.208993 2.514107
v -2.612141 -5.212487 2.514585
v -2.611156 -5.210319 2.513593
v -2.611423 -5.212209 2.513854
v -5.163605 -2.685848 5.109730
v -5.159229 -2.685923 5.114094
v -5.163269 -2.685135 5.111398
v -5.162319 -2.684899 5.112814
v -5.160904 -2.685176 5.113760
v -2.606297 -2.690805 5.116680
v -2.606598 -2.691649 5.120241
v -2.605782 -2.690357 5.118028
v -2.605946 -2.690814 5.119955
v -5.170151 -2.631321 2.551530
v -5.173599 -2.632042 2.552597
v -5.171478 -2.630829 2.551085
v -5.172600 -2.630792 2.551132
v -5.173344 -2.631219 2.551663
v -2.806648 -4.785923 5.087480
v -2.803371 -4.790730 5.091597
v -2.805988 -4.786370 5.089099
v -2.805134 -4.787441 5.090452
v -2.804214 -4.788971 5.091327
v -4.691189 -2.945346 5.114627
v -4.686195 -2.947589 5.110440
v -4.689510 -2.946236 5.114310
v -4.687973 -2.946976 5.113404
v -4.686810 -2.947450 5.112044
v -2.816212 -2.949060 5.125379
v -2.819023 -2.951224 5.121189
v -2.817039 -2.949975 5.125075
v -2.817863 -2.950709 5.124172
v -2.818562 -2.951147 5.122809
v -5.162457 -4.730245 2.780905
v -5.166737 -4.734674 2.779106
v -5.164085 -4.730584 2.781000
v -5.165474 -4.731544 2.780691
v -5.166405 -4.732982 2.780026
v -5.159966 -2.930325 4.654876
v -5.164204 -2.927998 4.659596
v -5.161591 -2.930149 4.655356
v -5.162968 -2.929644 4.656421
v -5.163883 -2.928891 4.657910
v -5.171558 -2.884751 2.832739
v -5.167343 -2.887240 2.834454
v -5.171230 -2.885707 2.833719
v -5.170315 -2.886516 2.834390
v -5.168949 -2.887055 2.834648
v -2.835110 -5.255321 4.590754
v -2.837360 -5.250957 4.586191
v -2.835972 -5.254957 4.588979
v -2.836704 -5.254000 4.587488
v -2.837193 -5.252594 4.586508
v -4.690189 -5.211525 2.751476
v -4.685646 -5.207311 2.753896
v -4.688454 -5.211216 2.752373
v -4.686981 -5.210308 2.753147
v -4.685993 -5.208936 2.753681
v -2.839565 -5.216304 2.747040
v -2.841763 -5.212081 2.749383
v -2.840408 -5.215995 2.747907
v -2.841122 -5.215082 2.748657
v -2.841599 -5.213710 2.749177
v -2.842205 -4.774958 4.981189
v -2.838745 -4.779485 4.985329
v -2.841290 -4.776611 4.981471
v -2.840313 -4.778050 4.982356
v -2.839420 -4.779058 4.983712
v -4.672371 -2.945675 5.034016
v -4.667355 -2.947701 5.029764
v -4.671757 -2.945797 5.032408
v -4.670589 -2.946225 5.031034
v -4.669044 -2.946894 5.030106
v -2.836601 -2.945012 5.029679
v -2.840424 -2.947734 5.025381
v -2.837139 -2.945129 5.028054
v -2.838055 -2.945689 5.026667
v -2.839211 -2.946604 5.025728
v -5.068264 -4.725876 2.766393
v -5.072533 -4.730092 2.764924
v -5.068592 -4.727486 2.765599
v -5.069519 -4.728852 2.765041
v -5.070904 -4.729767 2.764804
v -5.061207 -2.932335 4.641445
v -5.065437 -2.930299 4.646147
v -5.061523 -2.931555 4.643125
v -5.062439 -2.930895 4.644608
v -5.063812 -2.930456 4.645668
v -5.069790 -2.886936 2.809799
v -5.065594 -2.890011 2.811674
v -5.068184 -2.887167 2.809617
v -5.066822 -2.887832 2.809909
v -5.065914 -2.888829 2.810631
v -2.837284 -5.160739 4.588199
v -2.839428 -5.156384 4.584040
v -2.837444 -5.159098 4.587911
v -2.837910 -5.157698 4.587020
v -2.838608 -5.156744 4.585660
v -4.685570 -5.117996 2.755888
v -4.681301 -5.113788 2.758096
v -4.685246 -5.116370 2.756085
v -4.684319 -5.114999 2.756574
v -4.682934 -5.114092 2.757279
v -2.841686 -5.119520 2.751436
v -2.844692 -5.115328 2.754544
v -2.841915 -5.117895 2.751701
v -2.842564 -5.116528 2.752384
v -2.843544 -5.115626 2.753383
v -4.669907 -4.781219 5.033207
v -4.674179 -4.776960 5.033290
v -4.671539 -4.780895 5.033211
v -4.672924 -4.779973 5.033228
v -4.673851 -4.778588 5.033255
v -4.681252 -1.115158 5.111195
v -4.684387 -1.116305 5.111166
v -4.682457 -1.114290 5.111212
v -4.684151 -1.114915 5.111195
v -5.123344 -4.687051 0.949026
v -5.123352 -4.683914 0.947688
v -5.123348 -4.686779 0.947546
v -5.123352 -4.686088 0.946772
v -5.123352 -4.685082 0.946821
v -5.113770 -1.091489 4.699610
v -5.113781 -1.090201 4.696626
v -5.113773 -1.090087 4.699419
v -5.113777 -1.089388 4.697803
v -4.681217 -5.202607 4.587417
v -4.676949 -5.202706 4.591667
v -4.680889 -5.202643 4.589048
v -4.679962 -5.202675 4.590427
v -4.678577 -5.202695 4.591347
v -0.996464 -5.208924 4.579714
v -0.997696 -5.208988 4.582723
v -0.995628 -5.208952 4.580863
v -0.996296 -5.208986 4.582491
v -0.976089 -4.784187 5.039612
v -0.974510 -4.780943 5.039686
v -0.974476 -4.783941 5.039621
v -0.973610 -4.783237 5.039637
v -0.973621 -4.782184 5.039659
v -5.111633 -4.769135 4.601414
v -5.111645 -4.773294 4.597041
v -5.111633 -4.770757 4.601045
v -5.111633 -4.772119 4.600087
v -5.111641 -4.773009 4.598679
v -4.686985 -5.122677 0.921106
v -4.690002 -5.122698 0.922366
v -4.688145 -5.122658 0.920282
v -4.689774 -5.122670 0.920964
v -3.667919 -5.091984 3.438863
v -3.669498 -5.095890 3.440625
v -3.668922 -5.092315 3.440004
v -3.669575 -5.093174 3.440738
v -3.669777 -5.094429 3.440957
v -2.934319 -5.085678 3.483191
v -2.932442 -5.089581 3.481006
v -2.933292 -5.085943 3.482018
v -2.932579 -5.086780 3.481190
v -2.932278 -5.088058 3.480836
v -3.239109 -5.096493 3.831167
v -3.240685 -5.100399 3.832923
v -3.240108 -5.096824 3.832306
v -3.240757 -5.097681 3.833039
v -3.240959 -5.098938 3.833255
v -3.363148 -5.081169 3.090909
v -3.361267 -5.085072 3.088719
v -3.362122 -5.081435 3.089733
v -3.361404 -5.082269 3.088906
v -3.361103 -5.083547 3.088549
v -3.728207 -5.075408 2.670995
v -3.726307 -5.079314 2.668781
v -3.727173 -5.075673 2.669811
v -3.726448 -5.076509 2.668973
v -3.726143 -5.077789 2.668612
v -4.033325 -5.086239 3.019346
v -4.034931 -5.090152 3.021137
v -4.034340 -5.086568 3.020499
v -4.035000 -5.087424 3.021244
v -4.035206 -5.088685 3.021467
v -4.330250 -5.079499 2.586112
v -4.331818 -5.083436 2.588053
v -4.331249 -5.079831 2.587324
v -4.331898 -5.080695 2.588120
v -4.332100 -5.081963 2.588376
v -4.031544 -5.068450 2.225147
v -4.029678 -5.072359 2.222781
v -4.030525 -5.068712 2.223904
v -4.029808 -5.069549 2.223018
v -4.029514 -5.070828 2.222623
v -4.696060 -5.056185 1.384572
v -4.700157 -5.060157 1.375395
v -4.697681 -5.056440 1.381135
v -4.699028 -5.057283 1.378185
v -4.699898 -5.058589 1.376169
v -4.581909 -5.071313 2.108295
v -4.582012 -5.075328 2.113198
v -4.582352 -5.071666 2.110643
v -4.582527 -5.072556 2.112400
v -4.582405 -5.073840 2.113297
v -4.436192 -5.054917 1.443531
v -4.435791 -5.058777 1.438208
v -4.435730 -5.055162 1.441155
v -4.435490 -5.055981 1.439311
v -4.435513 -5.057252 1.438275
v -2.446095 -5.088511 3.826925
v -2.444065 -5.092414 3.824807
v -2.445011 -5.088774 3.825777
v -2.444244 -5.089612 3.824972
v -2.443913 -5.090889 3.824631
v -2.768394 -5.099361 4.168686
v -2.770111 -5.103272 4.170357
v -2.769447 -5.099691 4.169793
v -2.770145 -5.100551 4.170499
v -2.770378 -5.101810 4.170698
v -1.381741 -5.095170 4.598063
v -1.372658 -5.099317 4.601866
v -1.378319 -5.095484 4.599594
v -1.375389 -5.096385 4.600854
v -1.373402 -5.097729 4.601652
v -1.497208 -5.089392 4.288375
v -1.491718 -5.093299 4.287873
v -1.494801 -5.089657 4.287845
v -1.492912 -5.090494 4.287565
v -1.491833 -5.091773 4.287573
v -2.230576 -5.100740 4.469549
v -2.235413 -5.104664 4.469533
v -2.232826 -5.101069 4.470012
v -2.234535 -5.101928 4.470172
v -2.235443 -5.103192 4.470004
v -3.634506 -5.198652 3.399527
v -3.630333 -5.202349 3.394720
v -3.633789 -5.200099 3.398697
v -3.632748 -5.201310 3.397490
v -3.631531 -5.202100 3.396095
v -2.958607 -5.194269 3.509736
v -2.962490 -5.198374 3.514125
v -2.959209 -5.195809 3.510409
v -2.960159 -5.197130 3.511477
v -2.961311 -5.198031 3.512782
v -3.205688 -5.203161 3.791825
v -3.201523 -5.206858 3.787027
v -3.204975 -5.204607 3.790992
v -3.203934 -5.205820 3.789789
v -3.202721 -5.206609 3.788396
v -3.387432 -5.189757 3.117450
v -3.391319 -5.193867 3.121840
v -3.388035 -5.191299 3.118121
v -3.388985 -5.192619 3.119191
v -3.390141 -5.193523 3.120498
v -3.752468 -5.183992 2.697509
v -3.756378 -5.188106 2.701926
v -3.753075 -5.185533 2.698182
v -3.754028 -5.186857 2.699259
v -3.755188 -5.187761 2.700573
v -3.999943 -5.192896 2.980046
v -3.995739 -5.196602 2.975204
v -3.999226 -5.194346 2.979210
v -3.998177 -5.195559 2.977996
v -3.996952 -5.196351 2.976590
v -4.296841 -5.186145 2.546978
v -4.292679 -5.189863 2.541939
v -4.296124 -5.187599 2.546124
v -4.295082 -5.188817 2.544868
v -4.293873 -5.189612 2.543398
v -4.055840 -5.177024 2.251507
v -4.059700 -5.181148 2.256110
v -4.056438 -5.178569 2.252194
v -4.057384 -5.179895 2.253311
v -4.058529 -5.180800 2.254686
v -4.695797 -5.163410 1.369281
v -4.690567 -5.167745 1.379615
v -4.695347 -5.165010 1.369991
v -4.694195 -5.166399 1.372204
v -4.692516 -5.167358 1.375584
v -4.547050 -5.177986 2.072140
v -4.544743 -5.181663 2.063333
v -4.546474 -5.179447 2.070999
v -4.545834 -5.180658 2.068923
v -4.545227 -5.181435 2.066232
v -4.461948 -5.163436 1.466930
v -4.463947 -5.167629 1.475278
v -4.462406 -5.164986 1.467903
v -4.462952 -5.166329 1.469831
v -4.463490 -5.167255 1.472421
v -2.470230 -5.197099 3.853538
v -2.474304 -5.201207 3.857836
v -2.470848 -5.198641 3.854203
v -2.471836 -5.199962 3.855253
v -2.473053 -5.200864 3.856528
v -2.735123 -5.206021 4.129266
v -2.730770 -5.209726 4.124567
v -2.734394 -5.207469 4.128442
v -2.733311 -5.208683 4.127260
v -2.732037 -5.209476 4.125899
v -1.368301 -5.202542 4.595753
v -1.378513 -5.206700 4.590785
v -1.369026 -5.204134 4.595299
v -1.371220 -5.205484 4.594197
v -1.374554 -5.206383 4.592611
v -1.517883 -5.197979 4.316601
v -1.526268 -5.202088 4.318886
v -1.518829 -5.199522 4.317112
v -1.520756 -5.200843 4.317726
v -1.523365 -5.201746 4.318349
v -2.200432 -5.207379 4.428456
v -2.192230 -5.211106 4.425820
v -2.199409 -5.208834 4.427786
v -2.197495 -5.210054 4.427050
v -2.194973 -5.210852 4.426360
v -0.817734 -5.145515 4.602251
v -0.818192 -5.145558 4.603925
v -0.816811 -5.145543 4.603811
v -4.712971 -5.101474 0.907750
v -4.714691 -5.101505 0.908296
v -4.714607 -5.101473 0.906899
v -5.092087 -3.614224 3.591683
v -5.096210 -3.615697 3.592919
v -5.092575 -3.615354 3.592618
v -5.093529 -3.616032 3.593181
v -5.094807 -3.616152 3.593287
v -5.035419 -3.640093 2.859353
v -5.038986 -3.637549 2.857270
v -5.035515 -3.638876 2.858348
v -5.036228 -3.637964 2.857600
v -5.037445 -3.637498 2.857221
v -5.095940 -3.993761 3.151526
v -5.100067 -3.995229 3.152758
v -5.096428 -3.994889 3.152461
v -5.097382 -3.995567 3.153023
v -5.098660 -3.995685 3.153127
v -5.031570 -3.260574 3.299526
v -5.035137 -3.258025 3.297439
v -5.031666 -3.259354 3.298520
v -5.032375 -3.258443 3.297770
v -5.033596 -3.257976 3.297390
v -5.019615 -2.851995 3.677080
v -5.023178 -2.849415 3.674968
v -5.019711 -2.850762 3.676064
v -5.020420 -2.849841 3.675306
v -5.021637 -2.849367 3.674922
v -5.080200 -3.206053 3.969578
v -5.084332 -3.207546 3.970830
v -5.080692 -3.207193 3.970520
v -5.081650 -3.207875 3.971089
v -5.082928 -3.207999 3.971198
v -5.061253 -2.782571 4.280901
v -5.065372 -2.784197 4.282106
v -5.061737 -2.783760 4.281825
v -5.062691 -2.784488 4.282379
v -5.063969 -2.784643 4.282477
v -5.002014 -2.414630 3.993514
v -5.005585 -2.411892 3.991430
v -5.002110 -2.413338 3.992509
v -5.002823 -2.412363 3.991760
v -5.004044 -2.411855 3.991380
v -5.021080 -1.560757 4.701408
v -5.025322 -1.552584 4.704840
v -5.021404 -1.557814 4.702869
v -5.022324 -1.555225 4.704035
v -5.023701 -1.553392 4.704726
v -5.034523 -2.314732 4.576066
v -5.038307 -2.318631 4.575905
v -5.034878 -2.316793 4.576468
v -5.035721 -2.318257 4.576579
v -5.036926 -2.318903 4.576381
v -5.007526 -1.612018 4.410852
v -5.011433 -1.606562 4.410060
v -5.007751 -1.609686 4.410341
v -5.008572 -1.607832 4.410011
v -5.009865 -1.606733 4.409911
v -5.029419 -3.969849 2.361612
v -5.032986 -3.967372 2.359373
v -5.029514 -3.968655 2.360546
v -5.030224 -3.967767 2.359747
v -5.031445 -3.967314 2.359335
v -5.090771 -4.317768 2.671432
v -5.094913 -4.319158 2.672808
v -5.091263 -4.318869 2.672423
v -5.092220 -4.319520 2.673033
v -5.093506 -4.319622 2.673168
v -5.018539 -4.710400 1.275786
v -5.022293 -4.713623 1.266319
v -5.018723 -4.711812 1.272305
v -5.019501 -4.712921 1.269284
v -5.020752 -4.713557 1.267182
v -4.996910 -4.405254 1.401047
v -5.000351 -4.404296 1.395309
v -4.996956 -4.404643 1.398643
v -4.997627 -4.404246 1.396708
v -4.998817 -4.404124 1.395537
v -5.076313 -4.603654 2.125698
v -5.080563 -4.603445 2.130233
v -5.076839 -4.604146 2.127901
v -5.077835 -4.604280 2.129536
v -5.079144 -4.604033 2.130355
v -5.192589 -3.565542 3.552000
v -5.195576 -3.560367 3.547744
v -5.193909 -3.564581 3.551213
v -5.194939 -3.563261 3.550128
v -5.195522 -3.561780 3.548910
v -5.147255 -3.658396 2.875006
v -5.151966 -3.662538 2.878447
v -5.148880 -3.658954 2.875475
v -5.150349 -3.659939 2.876294
v -5.151432 -3.661196 2.877338
v -5.196442 -3.945078 3.111842
v -5.199429 -3.939903 3.107587
v -5.197758 -3.944116 3.111056
v -5.198788 -3.942794 3.109970
v -5.199375 -3.941316 3.108752
v -5.143402 -3.278870 3.315173
v -5.148117 -3.283018 3.318619
v -5.145031 -3.279432 3.315644
v -5.146500 -3.280417 3.316464
v -5.147583 -3.281677 3.317508
v -5.131443 -2.870258 3.692703
v -5.136162 -2.874438 3.696174
v -5.133072 -2.870820 3.693175
v -5.134541 -2.871813 3.694000
v -5.135624 -2.873083 3.695053
v -5.180710 -3.157394 3.929912
v -5.183693 -3.152199 3.925638
v -5.182026 -3.156432 3.929124
v -5.183056 -3.155106 3.928035
v -5.183640 -3.153619 3.926810
v -5.161743 -2.734050 4.241192
v -5.164745 -2.728689 4.236981
v -5.163063 -2.733074 4.240409
v -5.164097 -2.731712 4.239332
v -5.164688 -2.730172 4.238129
v -5.113846 -2.432735 4.009164
v -5.118553 -2.437103 4.012590
v -5.115475 -2.433312 4.009632
v -5.116940 -2.434345 4.010448
v -5.118023 -2.435676 4.011487
v -5.126858 -1.538087 4.693375
v -5.131100 -1.545967 4.688510
v -5.128479 -1.538500 4.692858
v -5.129856 -1.540145 4.691753
v -5.130775 -1.542765 4.690225
v -5.134670 -2.268484 4.534993
v -5.138092 -2.260364 4.532450
v -5.136021 -2.267297 4.534336
v -5.137146 -2.265340 4.533623
v -5.137875 -2.262904 4.532960
v -5.119690 -1.627406 4.427794
v -5.123989 -1.635126 4.429611
v -5.121288 -1.628240 4.428139
v -5.122665 -1.629999 4.428606
v -5.123615 -1.632418 4.429123
v -5.141247 -3.988216 2.377107
v -5.145966 -3.992274 2.380745
v -5.142876 -3.988769 2.377593
v -5.144344 -3.989735 2.378454
v -5.145432 -3.990965 2.379562
v -5.191269 -4.269019 2.631900
v -5.194260 -4.263931 2.627453
v -5.192589 -4.268062 2.631098
v -5.193623 -4.266760 2.629971
v -5.194206 -4.265309 2.628691
v -5.124123 -4.699086 1.254820
v -5.128613 -4.694059 1.264863
v -5.125721 -4.698527 1.255439
v -5.127136 -4.697373 1.257566
v -5.128151 -4.695806 1.260876
v -5.108608 -4.425139 1.413041
v -5.113487 -4.427300 1.421038
v -5.110249 -4.425548 1.413860
v -5.111752 -4.426102 1.415666
v -5.112892 -4.426716 1.418187
v -5.176884 -4.553322 2.089339
v -5.179779 -4.550186 2.080991
v -5.178204 -4.552512 2.088238
v -5.179214 -4.551631 2.086264
v -5.179771 -4.550816 2.083720
v -5.027496 -4.696057 0.709774
v -5.027702 -4.697733 0.710178
v -5.027576 -4.697585 0.708806
v -5.081295 -1.048105 4.688830
v -5.081356 -1.048576 4.690734
v -5.081329 -1.046959 4.689535
v -5.081364 -1.047214 4.690566
v -5.071014 -2.050083 4.705303
v -5.070835 -2.041663 4.707474
v -5.070930 -2.048319 4.706159
v -5.070866 -2.046101 4.706873
v -5.070831 -2.043764 4.707334
v -4.700085 -1.111467 5.146999
v -4.691048 -5.171274 0.915365
vn -0.8531 -0.4650 -0.2369
vn -0.8528 -0.4652 -0.2373
vn -0.8525 -0.4656 -0.2375
vn -0.0824 -0.0320 -0.9961
vn -0.0024 0.0226 -0.9997
vn -0.0801 -0.0360 -0.9961
vn -0.7123 -0.6131 0.3417
vn -0.6460 -0.6297 0.4315
vn -0.6822 -0.5897 0.4323
vn 0.0656 0.0875 -0.9940
vn 0.6145 0.7346 0.2878
vn 0.5546 0.7406 0.3794
vn 0.5729 0.7683 0.2854
vn -0.0601 -0.0561 -0.9966
vn -0.0643 -0.0524 -0.9966
vn -0.7463 -0.5718 0.3407
vn -0.7148 -0.5500 0.4319
vn 0.7738 0.5660 0.2842
vn 0.7921 0.4829 0.3733
vn 0.7482 0.5449 0.3786
vn 0.6950 0.6588 0.2879
vn 0.6326 0.6734 0.3825
vn 0.6542 0.6993 0.2881
vn -0.0681 -0.0485 -0.9965
vn -0.0725 -0.0446 -0.9964
vn 0.0618 0.0916 -0.9939
vn 0.5063 0.7762 0.3757
vn 0.5228 0.8048 0.2811
vn -0.4656 -0.8251 0.3201
vn -0.4913 -0.7647 0.4169
vn -0.5126 -0.7944 0.3260
vn -0.5570 -0.7611 0.3323
vn -0.5724 -0.7003 0.4265
vn -0.5978 -0.7282 0.3352
vn 0.4442 0.8163 0.3693
vn 0.4585 0.8448 0.2760
vn 0.3883 0.8475 0.3620
vn 0.4013 0.8753 0.2699
vn -0.3879 -0.8671 0.3125
vn -0.4038 -0.8215 0.4025
vn -0.4205 -0.8508 0.3151
vn -0.0559 -0.0606 -0.9966
vn 0.3604 0.8614 0.3579
vn 0.3730 0.8881 0.2688
vn 0.4618 0.8066 0.3690
vn 0.5721 0.7384 0.3569
vn -0.1831 -0.9501 0.2525
vn -0.3731 -0.8387 0.3967
vn 0.0026 0.0220 -0.9998
vn -0.0390 -0.0582 -0.9975
vn -0.0504 -0.0639 -0.9967
vn -0.7729 -0.5358 0.3398
vn -0.7406 -0.5158 0.4307
vn -0.7888 -0.5114 0.3410
vn -0.7568 -0.4927 0.4295
vn 0.8558 0.4389 0.2737
vn 0.8451 0.3930 0.3625
vn 0.8284 0.4235 0.3665
vn 0.0696 0.0835 -0.9941
vn -0.7974 -0.4990 0.3392
vn -0.7648 -0.4809 0.4288
vn -0.8199 -0.4577 0.3439
vn -0.7899 -0.4416 0.4256
vn 0.8720 0.4074 0.2713
vn 0.8252 0.4290 0.3675
vn -0.0023 0.0226 -0.9997
vn 0.0775 0.0728 -0.9943
vn -0.6177 -0.6043 0.5031
vn -0.6521 -0.5659 0.5045
vn 0.0024 -0.0226 0.9997
vn -0.0462 -0.0887 0.9950
vn 0.5945 0.7078 0.3814
vn 0.5336 0.7106 0.4586
vn 0.0466 0.0477 0.9978
vn -0.0042 -0.0234 0.9997
vn 0.0349 0.0546 0.9979
vn -0.6835 -0.5282 0.5038
vn -0.7083 -0.4956 0.5027
vn 0.6719 0.6342 0.3825
vn 0.6830 0.5668 0.4607
vn 0.6460 0.6075 0.4622
vn 0.6083 0.6453 0.4621
vn 0.7101 0.5919 0.3813
vn 0.7194 0.5214 0.4589
vn -0.6089 -0.6669 0.4295
vn -0.5338 -0.7325 0.4224
vn -0.5475 -0.6719 0.4988
vn -0.5107 -0.7029 0.4950
vn 0.4271 0.7858 0.4474
vn 0.0515 0.0435 0.9977
vn 0.0018 -0.0224 0.9997
vn -0.4465 -0.7953 0.4100
vn -0.4705 -0.7344 0.4892
vn -0.4281 -0.7642 0.4824
vn 0.3455 0.8320 0.4341
vn -0.0163 -0.0308 0.9994
vn 0.0170 0.0577 0.9982
vn -0.3880 -0.7904 0.4740
vn -0.1885 -0.9180 0.3489
vn -0.3597 -0.8092 0.4646
vn 0.4170 0.7532 0.5088
vn -0.0632 -0.0719 0.9954
vn 0.7623 0.4619 0.4533
vn 0.7987 0.4053 0.4448
vn -0.7240 -0.4739 0.5013
vn -0.7317 -0.4625 0.5008
vn -0.0670 -0.0662 0.9956
vn -0.0653 -0.0684 0.9955
vn 0.8161 0.3768 0.4382
vn 0.7811 0.3946 0.4839
vn -0.7552 -0.4328 0.4923
vn 0.7346 0.6148 0.2870
vn -0.9977 0.0295 -0.0605
vn -0.9383 -0.0287 0.3447
vn -0.9993 -0.0031 0.0385
vn -0.9061 -0.0468 0.4206
vn -0.9905 -0.0219 0.1355
vn 0.0647 0.0303 0.9974
vn 0.0681 0.0264 0.9973
vn 0.5721 0.6789 0.4602
vn 0.0613 0.0339 0.9975
vn -0.0022 0.0226 -0.9997
vn 0.0834 0.0682 -0.9942
vn -0.0762 -0.0400 -0.9963
vn 0.0770 0.0173 0.9969
vn 0.0022 -0.0226 0.9997
vn 0.0023 -0.0226 0.9997
vn 0.0071 -0.9957 -0.0928
vn 0.1233 -0.9631 -0.2393
vn -0.0276 -0.9996 0.0116
vn 0.0786 -0.9963 -0.0353
vn -0.0486 -0.9926 0.1117
vn -0.0426 -0.0923 0.9948
vn -0.6359 -0.6935 0.3386
vn -0.0599 -0.0753 0.9954
vn -0.5822 -0.6398 0.5018
vn -0.1012 0.0269 -0.9945
vn 0.0882 0.0661 -0.9939
vn -0.1549 -0.0106 -0.9879
vn -0.0857 -0.0287 -0.9959
vn -0.0955 -0.0495 0.9942
vn -0.0687 -0.0658 0.9955
vn 0.0812 0.0155 0.9966
vn -0.0947 -0.0246 0.9952
vn 0.0141 0.0266 -0.9995
vn -0.0233 -0.0369 -0.9990
vn 0.0542 0.0984 -0.9937
vn -0.0018 0.0223 -0.9997
vn 0.4872 0.7455 0.4548
vn -0.0589 -0.1456 0.9876
vn -0.0319 -0.0508 0.9982
vn 0.0581 0.0951 -0.9938
vn 0.0505 0.1008 -0.9936
vn 0.0580 0.0373 0.9976
vn 0.8187 0.5016 0.2796
vn 0.0709 0.9840 0.1635
vn 0.0007 0.9981 0.0618
vn 0.0988 0.9945 0.0344
vn 0.0715 0.0210 0.9972
vn 0.0291 0.0415 -0.9987
vn 0.0084 -0.0116 -0.9999
vn 0.0717 0.1215 -0.9900
vn 0.0395 -0.0461 -0.9982
vn 0.0015 0.0481 0.9988
vn -0.0460 -0.1545 0.9869
vn -0.0124 -0.0578 0.9982
vn -0.0645 -0.1963 0.9784
vn -0.9656 0.0772 -0.2481
vn -0.8993 0.1351 -0.4160
vn -0.0849 -0.0298 -0.9959
vn -0.9586 0.2772 0.0647
vn -0.0462 -0.1141 0.9924
vn -0.6746 -0.6549 0.3406
vn 0.0547 0.0404 0.9977
vn -0.0413 -0.0982 0.9943
vn 0.0520 0.1017 -0.9935
vn 0.3723 0.8175 0.4394
vn -0.1942 -0.8876 0.4178
vn -0.0498 -0.0857 0.9951
vn -0.0532 -0.0826 0.9952
vn -0.0566 -0.0791 0.9953
vn 0.0729 0.0785 -0.9942
vn 0.0610 0.1071 -0.9924
vn -0.0150 -0.9997 -0.0217
vn -0.0036 -0.9998 -0.0200
vn -0.0019 -0.9998 -0.0210
vn 0.9947 -0.1025 -0.0046
vn 0.9969 -0.0026 0.0791
vn 1.0000 -0.0008 -0.0024
vn 0.9870 -0.1606 0.0101
vn 0.9951 -0.0984 -0.0046
vn 0.0959 -0.9882 -0.1195
vn -0.0009 -0.9997 -0.0224
vn -0.0011 -0.9927 -0.1202
vn -0.9999 -0.0125 0.0015
vn -1.0000 -0.0031 0.0045
vn -0.9927 -0.0860 0.0846
vn 0.0008 0.9866 0.1630
vn -0.0745 0.9894 0.1247
vn -0.0919 0.0265 -0.9954
vn -0.3070 -0.0712 -0.9490
vn -0.1869 0.0247 -0.9821
vn -0.0719 -0.9962 0.0492
vn -0.0754 -0.9958 -0.0524
vn 0.0048 -0.0185 0.9998
vn 0.0181 0.0052 0.9998
vn -0.0003 -0.0089 1.0000
vn -0.0224 0.9971 0.0728
vn 0.0025 0.9997 0.0236
vn 0.0304 0.9943 0.1019
vn 0.0950 -0.0242 0.9952
vn -0.0653 -0.0917 0.9936
vn 0.0017 -0.1062 0.9943
vn -0.0960 0.9927 -0.0735
vn -0.0962 0.9951 0.0237
vn 0.0108 -0.0148 0.9998
vn 0.1088 0.0942 0.9896
vn -1.0000 -0.0011 0.0050
vn -0.9951 0.0721 -0.0679
vn -0.9901 -0.0528 -0.1299
vn -1.0000 -0.0014 0.0040
vn -0.6950 -0.7102 0.1122
vn -0.7236 -0.6266 0.2894
vn -0.6848 -0.6425 0.3438
vn 0.9633 0.0003 0.2683
vn 0.9948 0.1015 0.0011
vn 0.9840 -0.0011 0.1780
vn -0.0008 -0.9997 -0.0224
vn -0.0968 -0.9951 -0.0206
vn 0.0010 -0.9998 -0.0211
vn 0.0858 -0.9903 -0.1091
vn 0.1728 -0.9844 0.0330
vn 0.0156 0.0025 0.9999
vn -0.0040 -0.0334 0.9994
vn -0.0051 0.0542 0.9985
vn -0.6398 -0.7491 -0.1716
vn -0.7009 -0.7101 0.0673
vn 0.6068 0.6097 -0.5101
vn 0.5161 0.6152 -0.5959
vn 0.4716 0.7486 -0.4661
vn -1.0000 0.0005 0.0015
vn -0.9952 -0.0977 0.0019
vn -0.9897 -0.1038 0.0988
vn -0.0025 -0.9998 -0.0216
vn -0.0028 -0.9939 -0.1102
vn -0.0111 -0.0180 0.9998
vn 0.0808 -0.0175 0.9966
vn -0.0030 -0.1336 0.9910
vn 0.2104 -0.0788 0.9744
vn -0.0025 -0.9972 0.0752
vn -0.1300 0.0990 -0.9866
vn -0.0028 0.1244 -0.9922
vn 0.2176 -0.6668 0.7127
vn 0.1888 -0.7093 0.6791
vn 0.1541 -0.7133 0.6837
vn -0.0022 -0.9998 -0.0193
vn -0.0491 -0.9849 -0.1659
vn 0.1085 -0.7703 0.6284
vn -0.0020 -0.7563 0.6542
vn -0.1874 0.0275 -0.9819
vn -0.1668 -0.0532 -0.9845
vn -0.0055 -0.0214 0.9998
vn -0.1073 -0.0173 0.9941
vn -0.1007 -0.1201 0.9876
vn -0.9998 -0.0014 0.0175
vn -1.0000 0.0024 0.0040
vn -0.9937 0.1116 0.0065
vn 0.0223 -0.9989 -0.0423
vn -0.0498 0.1372 0.9893
vn -0.0545 0.9483 0.3128
vn 0.0002 0.9881 0.1539
vn 0.9885 -0.1308 -0.0764
vn 0.9950 0.0014 -0.1003
vn -0.7038 -0.0536 0.7084
vn -0.7592 -0.0138 0.6507
vn -0.7041 -0.0152 0.7099
vn 0.6065 0.5286 -0.5939
vn 0.7360 0.4830 -0.4743
vn -0.6659 -0.0769 0.7421
vn -0.6439 -0.0164 0.7650
vn 0.0681 -0.1096 -0.9916
vn -0.0024 0.0223 -0.9997
vn -0.0027 -0.0846 -0.9964
vn -0.9948 -0.0037 0.1014
vn -1.0000 -0.0024 0.0026
vn -0.0600 0.9979 0.0239
vn 0.0012 0.9972 -0.0742
vn -0.9894 0.1295 0.0655
vn 0.4651 0.4833 -0.7417
vn 0.5806 0.5845 -0.5668
vn -0.0934 -0.9931 0.0712
vn 0.9903 -0.0953 -0.1015
vn -0.6998 -0.1266 0.7030
vn -0.6847 -0.1676 0.7093
vn -0.7653 -0.1719 0.6203
vn 0.9911 0.0905 0.0981
vn 0.9630 -0.0065 0.2696
vn -0.6670 -0.5824 0.4648
vn -0.6975 -0.7138 -0.0627
vn -0.6944 -0.7005 0.1648
vn 0.2365 -0.6436 0.7279
vn 0.0897 -0.7195 0.6887
vn -0.0992 0.1217 -0.9876
vn -0.0539 -0.7853 0.6168
vn -0.0002 -0.0128 0.9999
vn -0.0774 -0.0920 0.9928
vn 0.8957 -0.0460 0.4422
vn 0.9211 -0.0834 0.3803
vn 0.8652 -0.0372 0.5001
vn 0.0964 0.9867 0.1309
vn -0.9995 0.0249 -0.0187
vn -0.9906 0.1012 -0.0923
vn -1.0000 0.0014 0.0024
vn -0.9949 0.1004 0.0047
vn -0.9949 -0.0709 0.0715
vn -0.9958 0.0298 0.0867
vn 0.0905 -0.9957 -0.0213
vn 0.0029 -1.0000 -0.0061
vn 0.0970 -0.9950 -0.0226
vn 0.0340 -0.9983 0.0472
vn 0.0955 0.0223 -0.9952
vn -0.0025 -0.0757 -0.9971
vn 0.0023 0.0728 0.9973
vn -0.0543 0.0310 0.9980
vn 0.0992 0.0726 0.9924
vn 0.0024 -0.0242 0.9997
vn -0.9946 0.0006 -0.1038
vn -0.9956 0.0037 -0.0932
vn -0.9971 -0.0720 -0.0244
vn -0.1321 0.9798 0.1502
vn -0.0962 -0.9927 0.0733
vn -0.0832 0.0221 -0.9963
vn -0.0571 -0.1116 -0.9921
vn -0.1059 -0.1368 -0.9849
vn -0.0622 0.9925 0.1054
vn -0.0099 0.9997 0.0224
vn -0.0665 0.9926 0.1014
vn -0.5853 -0.3751 0.7188
vn -0.6003 -0.4647 0.6508
vn -0.5595 -0.4649 0.6861
vn 0.0535 0.9975 -0.0471
vn 0.7298 -0.2488 -0.6368
vn 0.7397 -0.3437 -0.5786
vn 0.7637 -0.2489 -0.5956
vn -0.0869 0.9929 0.0814
vn -0.0832 0.9928 0.0857
vn -0.5416 -0.3754 0.7521
vn -0.5181 -0.4638 0.7186
vn 0.5572 -0.2500 -0.7918
vn 0.4765 -0.3414 -0.8101
vn 0.5396 -0.3456 -0.7677
vn 0.6516 -0.2531 -0.7151
vn 0.6709 -0.3475 -0.6551
vn 0.6932 -0.2517 -0.6754
vn -0.0798 0.9927 0.0902
vn -0.0754 0.9928 0.0935
vn 0.0579 0.9974 -0.0434
vn 0.7748 -0.3400 -0.5331
vn 0.7997 -0.2452 -0.5480
vn -0.8029 -0.3576 0.4769
vn -0.7393 -0.4515 0.4996
vn -0.7716 -0.3614 0.5235
vn -0.7373 -0.3672 0.5671
vn -0.6727 -0.4606 0.5790
vn -0.7030 -0.3709 0.6069
vn 0.8098 -0.3347 -0.4819
vn 0.8346 -0.2432 -0.4943
vn 0.8348 -0.3297 -0.4410
vn 0.8598 -0.2380 -0.4517
vn -0.8482 -0.3460 0.4011
vn -0.7985 -0.4373 0.4136
vn -0.8308 -0.3495 0.4331
vn -0.0908 0.9929 0.0772
vn 0.8457 -0.3271 -0.4217
vn 0.8705 -0.2360 -0.4319
vn 0.6716 -0.3504 -0.6528
vn 0.8353 -0.0726 -0.5449
vn -0.9389 -0.2837 0.1948
vn -0.8166 -0.4314 0.3834
vn -0.1002 0.9926 0.0686
vn -0.0955 0.9928 0.0728
vn -0.4974 -0.3735 0.7830
vn -0.4758 -0.4615 0.7488
vn -0.4553 -0.3711 0.8093
vn -0.4354 -0.4582 0.7749
vn 0.4278 -0.2427 -0.8707
vn 0.3852 -0.3325 -0.8608
vn 0.4161 -0.3359 -0.8450
vn 0.0494 0.9975 -0.0507
vn -0.4252 -0.3698 0.8261
vn -0.4069 -0.4553 0.7919
vn -0.1980 -0.3223 0.9257
vn -0.2022 -0.3874 0.8995
vn 0.3957 -0.2409 -0.8862
vn 0.6167 -0.3508 -0.7047
vn 0.0381 0.9976 -0.0579
vn -0.5729 -0.5358 0.6202
vn -0.5342 -0.5356 0.6541
vn 0.0099 -0.9997 -0.0224
vn -0.0552 -0.9981 0.0280
vn 0.7061 -0.3461 -0.6178
vn 0.7125 -0.4248 -0.5585
vn 0.0787 -0.9945 -0.0694
vn 0.0830 -0.9944 -0.0661
vn -0.4950 -0.5339 0.6855
vn -0.4546 -0.5321 0.7143
vn 0.6308 -0.3480 -0.6935
vn 0.5657 -0.4287 -0.7045
vn 0.6072 -0.4289 -0.6688
vn 0.6454 -0.4299 -0.6314
vn 0.5876 -0.3474 -0.7308
vn 0.5196 -0.4267 -0.7402
vn -0.6384 -0.4632 0.6147
vn -0.7060 -0.4569 0.5412
vn -0.6423 -0.5322 0.5516
vn -0.6747 -0.5277 0.5160
vn 0.7817 -0.4142 -0.4662
vn 0.0752 -0.9945 -0.0732
vn -0.7711 -0.4448 0.4556
vn -0.7069 -0.5227 0.4765
vn -0.7378 -0.5165 0.4347
vn 0.8180 -0.4044 -0.4091
vn 0.0100 -0.9997 -0.0224
vn 0.0862 -0.9943 -0.0628
vn -0.7652 -0.5080 0.3955
vn -0.9136 -0.3539 0.2003
vn -0.7839 -0.5006 0.3673
vn 0.7340 -0.4714 -0.4889
vn -0.0374 -0.9983 0.0438
vn 0.4591 -0.4217 -0.7819
vn 0.4010 -0.4156 -0.8164
vn -0.4166 -0.5286 0.7396
vn -0.3898 -0.5242 0.7572
vn -0.0304 -0.9982 0.0510
vn -0.0338 -0.9983 0.0474
vn 0.3721 -0.4095 -0.8330
vn 0.5676 -0.5174 -0.6404
vn -0.2066 -0.4526 0.8674
vn 0.6070 -0.2516 -0.7538
vn 0.0068 0.0422 0.9991
vn -0.0197 -0.0979 0.9950
vn -0.0353 -0.2009 0.9790
vn 0.0612 -0.9945 -0.0856
vn 0.0572 -0.9944 -0.0889
vn 0.6800 -0.4269 -0.5961
vn 0.0651 -0.9944 -0.0827
vn 0.0339 0.9973 -0.0646
vn -0.0712 0.9926 0.0983
vn 0.0479 -0.9941 -0.0976
vn -0.9981 0.0585 0.0196
vn -0.9732 0.2295 -0.0158
vn -0.9958 -0.0786 0.0464
vn -0.9985 0.0226 -0.0501
vn -0.9812 -0.1829 0.0618
vn -0.0586 -0.9980 0.0240
vn -0.6673 -0.3743 0.6439
vn -0.0411 -0.9983 0.0408
vn -0.6097 -0.5338 0.5859
vn -0.0076 0.9930 0.1178
vn 0.0315 0.9971 -0.0688
vn -0.0365 0.9909 0.1294
vn -0.0560 0.9920 0.1132
vn -0.0144 -0.9976 0.0684
vn -0.0286 -0.9981 0.0543
vn 0.0460 -0.9937 -0.1018
vn 0.0057 -0.9973 0.0732
vn -0.0100 0.9997 0.0224
vn -0.1046 0.9923 0.0668
vn 0.0650 0.9972 -0.0362
vn 0.7469 -0.4208 -0.5149
vn -0.0708 -0.9974 0.0154
vn 0.0100 -0.9997 -0.0225
vn 0.0619 0.9973 -0.0403
vn 0.0692 0.9971 -0.0323
vn 0.0687 -0.9945 -0.0794
vn 0.4910 -0.2469 -0.8354
vn 0.9740 -0.1860 0.1291
vn 0.9914 -0.1033 0.0804
vn 0.9742 -0.1820 0.1336
vn 0.0518 -0.9944 -0.0924
vn -0.0100 0.9997 0.0225
vn -0.1187 0.9917 0.0502
vn 0.0807 0.9965 -0.0225
vn -0.1061 0.9941 0.0225
vn 0.0897 -0.9940 -0.0619
vn -0.0795 -0.9967 -0.0158
vn -0.0063 -0.9985 -0.0546
vn -0.0840 -0.9965 0.0032
vn 0.0408 0.2481 0.9679
vn 0.1039 0.4269 0.8983
vn -0.0576 0.9924 0.1091
vn -0.0018 0.0955 0.9954
vn -0.0669 -0.9976 0.0172
vn -0.6279 -0.3749 0.6820
vn 0.0724 -0.9944 -0.0768
vn -0.0627 -0.9978 0.0206
vn 0.0725 0.9970 -0.0269
vn 0.8062 -0.4096 -0.4270
vn -0.8837 -0.4209 0.2048
vn -0.0517 -0.9982 0.0311
vn -0.0483 -0.9982 0.0342
vn -0.0450 -0.9983 0.0377
vn 0.0445 0.9975 -0.0545
vn 0.0781 0.9967 -0.0243
vn -0.4727 -0.7009 0.5342
vn -0.5573 -0.6264 0.5450
vn -0.5573 -0.6605 0.5032
vn 0.9993 -0.0320 0.0190
vn -0.1451 0.6737 -0.7246
vn -0.2418 0.6232 -0.7437
vn -0.1436 0.6324 -0.7612
vn 0.9741 -0.1640 0.1554
vn 0.9742 -0.1676 0.1509
vn -0.4718 -0.7331 0.4899
vn -0.5557 -0.6919 0.4610
vn -0.1451 0.8236 -0.5483
vn -0.2407 0.8470 -0.4739
vn -0.2435 0.8067 -0.5385
vn -0.1464 0.7498 -0.6452
vn -0.2446 0.6980 -0.6730
vn -0.1462 0.7110 -0.6879
vn 0.9739 -0.1729 0.1471
vn 0.9740 -0.1761 0.1426
vn 0.9992 -0.0358 0.0149
vn -0.2390 0.5760 -0.7818
vn -0.1413 0.5834 -0.7998
vn -0.4536 -0.4780 0.7522
vn -0.5427 -0.4815 0.6882
vn -0.4585 -0.5132 0.7255
vn -0.4644 -0.5542 0.6908
vn -0.5529 -0.5570 0.6197
vn -0.4680 -0.5927 0.6555
vn -0.2340 0.5125 -0.8262
vn -0.1373 0.5196 -0.8433
vn -0.2283 0.4520 -0.8623
vn -0.1333 0.4591 -0.8783
vn -0.4523 -0.4480 0.7712
vn -0.5330 -0.4293 0.7291
vn -0.4514 -0.4577 0.7660
vn 0.9744 -0.1588 0.1592
vn -0.2250 0.4206 -0.8789
vn -0.1320 0.4291 -0.8936
vn -0.2275 0.4602 -0.8582
vn 0.0210 0.6141 -0.7890
vn -0.4533 -0.4093 0.7918
vn -0.5314 -0.4216 0.7348
vn 0.9924 -0.0917 0.0815
vn 0.9819 -0.1342 0.1333
vn 0.9754 -0.1541 0.1577
vn -0.4692 -0.7628 0.4449
vn -0.5526 -0.7210 0.4180
vn -0.4662 -0.7877 0.4027
vn -0.5485 -0.7463 0.3772
vn -0.1414 0.8981 -0.4165
vn -0.2346 0.8945 -0.3807
vn -0.2369 0.8797 -0.4122
vn 0.9993 -0.0303 0.0232
vn -0.4647 -0.8038 0.3715
vn -0.5448 -0.7628 0.3484
vn -0.4080 -0.9013 0.1455
vn -0.4989 -0.8553 0.1398
vn -0.1414 0.9120 -0.3850
vn -0.2481 0.7457 -0.6183
vn 0.9991 -0.0228 0.0346
vn -0.6232 -0.5896 0.5138
vn -0.6232 -0.6222 0.4738
vn -0.9914 0.1033 -0.0804
vn -0.9986 0.0509 -0.0162
vn -0.2436 0.6616 -0.7092
vn -0.3255 0.6097 -0.7227
vn -0.9777 0.1486 -0.1486
vn -0.9931 0.0872 -0.0780
vn -0.9789 0.1273 -0.1601
vn -0.6213 -0.6525 0.4339
vn -0.6182 -0.6810 0.3925
vn -0.2451 0.7353 -0.6319
vn -0.3283 0.7516 -0.5721
vn -0.3295 0.7160 -0.6154
vn -0.3292 0.6806 -0.6546
vn -0.2448 0.7712 -0.5876
vn -0.3273 0.7860 -0.5245
vn -0.5558 -0.5914 0.5842
vn -0.5486 -0.5204 0.6543
vn -0.6188 -0.5236 0.5855
vn -0.6147 -0.4889 0.6190
vn -0.3162 0.5009 -0.8057
vn -0.9775 0.1551 -0.1433
vn -0.9916 0.1016 -0.0806
vn -0.5368 -0.4484 0.7147
vn -0.6090 -0.4518 0.6519
vn -0.6029 -0.4206 0.6780
vn -0.3060 0.4087 -0.8599
vn -0.9966 0.0556 -0.0601
vn -0.9832 0.0872 -0.1603
vn -0.5975 -0.4031 0.6932
vn -0.5234 -0.3878 0.7587
vn -0.5918 -0.3973 0.7013
vn -0.4326 0.6273 -0.6475
vn -0.9987 0.0369 -0.0349
vn -0.3249 0.8246 -0.4631
vn -0.3190 0.8574 -0.4039
vn -0.6139 -0.7051 0.3549
vn -0.6095 -0.7220 0.3275
vn -0.9987 0.0285 -0.0421
vn -0.9987 0.0329 -0.0386
vn -0.3147 0.8725 -0.3738
vn -0.3813 0.8018 -0.4602
vn -0.5670 -0.8120 0.1384
vn -0.1465 0.7870 -0.5993
vn -0.0362 -0.9987 -0.0351
vn -0.1401 -0.9901 -0.0118
vn -0.2387 -0.9711 -0.0024
vn -0.9775 0.1666 -0.1292
vn -0.9774 0.1706 -0.1249
vn -0.3274 0.6460 -0.6896
vn -0.9774 0.1643 -0.1329
vn 0.9991 -0.0159 0.0395
vn 0.9739 -0.1803 0.1382
vn -0.9771 0.1789 -0.1155
vn -0.0089 0.0314 0.9995
vn 0.1405 0.0768 0.9871
vn -0.1121 0.0015 0.9937
vn -0.0242 0.0426 0.9988
vn -0.2076 -0.0163 0.9781
vn -0.9984 0.0549 -0.0132
vn -0.4712 -0.6289 0.6185
vn -0.9988 0.0366 -0.0311
vn -0.6216 -0.5562 0.5516
vn 0.9773 -0.1981 0.0745
vn 0.9991 -0.0100 0.0415
vn 0.9720 -0.2113 0.1031
vn 0.9733 -0.1940 0.1227
vn -0.9982 0.0109 -0.0586
vn -0.9987 0.0254 -0.0441
vn -0.9764 0.1836 -0.1135
vn -0.9968 0.0071 -0.0790
vn 0.9956 -0.0628 0.0702
vn 0.9922 -0.0966 0.0786
vn 0.9991 -0.0428 0.0072
vn 0.9915 -0.1020 0.0809
vn -0.3228 0.5635 -0.7604
vn -0.9964 -0.0074 0.0840
vn -0.9997 0.0163 -0.0175
vn 0.9992 -0.0391 0.0110
vn 0.9990 -0.0442 0.0060
vn -0.9774 0.1611 -0.1367
vn -0.1443 0.8649 -0.4808
vn -0.9777 0.1731 -0.1192
vn 0.9991 -0.0240 0.0362
vn 0.9957 -0.0387 0.0842
vn 0.9993 0.0277 -0.0251
vn 0.9932 0.0041 0.1161
vn -0.9900 0.0485 -0.1324
vn -0.9946 -0.0113 0.1033
vn -0.9997 0.0234 -0.0091
vn -0.9834 -0.0324 0.1785
vn 0.1720 -0.9836 -0.0543
vn 0.3614 -0.9269 -0.1013
vn 0.9737 -0.1907 0.1248
vn -0.0451 -0.9930 -0.1094
vn -0.9992 0.0318 0.0254
vn -0.4733 -0.6650 0.5777
vn -0.9773 0.1588 -0.1399
vn -0.9987 0.0503 -0.0047
vn -0.3915 -0.0164 0.9201
vn -0.3017 0.0044 0.9534
vn 0.9994 -0.0338 0.0108
vn -0.3090 0.4400 -0.8431
vn -0.4585 -0.0338 0.8881
vn -0.9986 0.0486 -0.0208
vn -0.9987 0.0455 -0.0235
vn -0.9988 0.0417 -0.0271
vn 0.9993 -0.0243 0.0278
vn 1.0000 -0.0039 0.0048
vn 0.1263 -0.8843 -0.4495
vn 0.2058 -0.6323 -0.7469
vn 0.1682 -0.8893 -0.4253
vn 0.0838 -0.7757 -0.6255
vn 0.1919 -0.3317 -0.9236
vn 0.2565 -0.6278 -0.7349
vn 0.2882 -0.3422 -0.8944
vn 0.2188 0.3477 -0.9117
vn 0.0922 -0.2111 -0.9731
vn 0.0833 0.0451 -0.9955
vn 0.2637 0.3859 -0.8841
vn 0.1926 0.0515 -0.9799
vn 0.0774 -0.4984 -0.8635
vn 0.2462 0.0581 -0.9675
vn 0.7598 0.4818 -0.4365
vn 0.5506 0.7092 -0.4403
vn 0.4365 0.8904 -0.1294
vn 0.5771 0.7663 0.2824
vn 0.5772 0.7662 0.2824
vn 0.4440 0.7855 -0.4311
vn 0.3800 0.8801 -0.2848
vn 0.5261 0.4900 -0.6951
vn -0.9976 -0.0264 -0.0644
vn -0.9503 -0.1263 0.2845
vn -0.9673 -0.0063 0.2534
vn -0.8563 0.0035 -0.5164
vn -0.9895 -0.1310 0.0611
vn -0.9248 -0.2334 0.3005
vn -0.9236 -0.0931 -0.3720
vn -0.9686 -0.2261 -0.1036
vn -0.6635 -0.1239 -0.7379
vn -0.4512 -0.0272 -0.8920
vn -0.4404 -0.1368 -0.8873
vn -0.7407 -0.1933 -0.6434
vn -0.8777 -0.3436 0.3341
vn -0.8950 -0.4456 0.0210
vn -0.9354 -0.3304 0.1257
vn -0.8942 -0.4278 -0.1322
vn -0.9173 -0.3947 0.0521
vn -0.6737 0.2194 -0.7057
vn -0.7936 0.0926 -0.6013
vn -0.8862 0.1923 -0.4216
vn -0.6559 0.2716 -0.7043
vn -0.3904 0.1979 -0.8991
vn -0.5379 0.0784 -0.8393
vn -0.3995 0.2985 -0.8668
vn 0.8420 0.5268 0.1166
vn 0.6744 0.5992 -0.4314
vn 0.7762 0.6087 -0.1641
vn 0.8639 0.4820 -0.1463
vn 0.7265 0.4996 -0.4718
vn -0.0532 0.8754 -0.4805
vn 0.4984 0.7454 -0.4427
vn -0.2590 0.8394 -0.4779
vn 0.3878 0.5773 -0.7185
vn -0.2589 0.0866 -0.9620
vn 0.2965 0.2219 -0.9289
vn 0.0009 0.0721 -0.9974
vn -0.0171 0.1924 -0.9812
vn 0.3202 0.2713 -0.9077
vn -0.0158 0.2507 -0.9679
vn 0.0621 -0.8709 0.4874
vn -0.0210 -0.9776 0.2096
vn 0.1668 -0.9823 -0.0847
vn 0.1355 -0.9078 0.3969
vn -0.0184 -0.8741 0.4854
vn -0.0351 -0.7096 0.7037
vn 0.1432 -0.5338 0.8334
vn 0.3064 0.5537 0.7743
vn 0.4880 0.7098 0.5080
vn 0.2977 0.6955 0.6539
vn 0.1884 0.2878 0.9390
vn 0.3518 0.5469 0.7597
vn 0.2511 0.2722 0.9289
vn -0.0156 -0.3546 0.9349
vn 0.0904 0.1829 0.9790
vn 0.0685 -0.0738 0.9949
vn 0.1879 0.4457 0.8753
vn 0.0957 -0.0773 0.9924
vn -0.8775 -0.1528 0.4546
vn -0.7794 -0.0786 0.6216
vn -0.8452 -0.2511 0.4717
vn -0.7820 -0.1498 0.6051
vn -0.5807 -0.0538 0.8123
vn -0.6681 -0.2103 0.7138
vn -0.6281 -0.1231 0.7683
vn -0.6582 -0.3573 0.6626
vn -0.8012 -0.3421 0.4909
vn -0.4833 -0.2850 0.8278
vn -0.7121 -0.3086 0.6306
vn -0.5675 -0.2567 0.7823
vn -0.7737 -0.2360 0.5880
vn -0.3193 -0.0598 0.9458
vn -0.2764 -0.1566 0.9482
vn -0.4418 -0.1536 0.8839
vn -0.8730 0.1355 0.4684
vn -0.8775 0.4779 0.0404
vn -0.9786 0.0109 0.2053
vn -0.8697 0.0261 0.4928
vn -0.9709 0.2314 -0.0615
vn -0.5484 0.1951 0.8131
vn -0.6447 0.1155 0.7556
vn 0.2067 0.1209 0.9709
vn -0.3302 0.0172 0.9437
vn -0.0162 0.0136 0.9998
vn 0.4501 0.2178 0.8660
vn -0.0583 0.1023 0.9930
vn -0.7052 0.0021 0.7090
vn 0.2824 0.2258 0.9323
vn -0.0719 0.1301 0.9889
vn 0.5308 0.3429 0.7750
vn 0.6796 0.3298 0.6553
vn 0.7457 0.4297 0.5093
vn 0.4784 0.3716 0.7956
vn 0.2492 0.2928 0.9231
vn 0.3512 0.9019 0.2514
vn 0.1544 0.8197 0.5516
vn 0.5936 0.5894 0.5479
vn 0.5292 0.5198 0.6707
vn 0.0424 0.6054 0.7948
vn 0.7285 0.2702 0.6295
vn 0.5064 0.4771 0.7183
vn 0.4020 0.2707 0.8747
vn 0.8393 0.1410 0.5250
vn 0.9048 0.3548 0.2354
vn 0.9894 0.1003 0.1054
vn 0.5992 0.0370 0.7998
vn 0.2983 0.7047 0.6438
vn 0.2950 0.3735 0.8795
vn 0.1869 0.1794 0.9659
vn 0.2356 0.1713 0.9566
vn -0.2338 0.9383 0.2550
vn -0.1326 0.9873 0.0876
vn -0.7334 0.4002 0.5496
vn -0.7264 0.2204 0.6510
vn -0.7284 0.2400 0.6417
vn 0.4155 -0.8716 0.2602
vn 0.1594 -0.6733 0.7220
vn 0.0393 -0.5449 0.8376
vn -0.6923 0.0479 0.7200
vn 0.2327 0.8224 -0.5192
vn 0.2327 0.8225 -0.5190
vn 0.2326 0.8225 -0.5190
vn -0.0469 0.9703 0.2373
vn -0.0907 0.7739 0.6267
vn -0.3149 0.8507 0.4209
vn -0.4746 0.6838 0.5543
vn -0.1690 0.4432 0.8804
vn -0.1374 0.7205 0.6796
vn 0.2352 0.3695 -0.8990
vn 0.4957 0.7946 -0.3506
vn 0.2135 0.3345 -0.9179
vn -0.0023 0.1983 0.9801
vn 0.0626 0.5854 0.8083
vn 0.0078 0.5084 0.8611
vn -0.6867 -0.5677 0.4540
vn -0.5890 -0.6026 0.5384
vn -0.7574 -0.0750 0.6487
vn -0.5648 -0.0587 0.8231
vn -0.5444 -0.0887 0.8341
vn 0.0477 0.5041 0.8623
vn -0.5832 -0.1677 0.7948
vn -0.5907 -0.1762 0.7874
vn 0.7639 -0.2122 0.6095
vn 0.6180 -0.1646 0.7687
vn 0.1961 -0.6133 0.7651
vn -0.5410 -0.4831 0.6884
vn 0.4098 -0.1864 0.8929
vn 0.3721 -0.2154 0.9029
vn -0.6596 -0.7464 -0.0887
vn -0.6588 -0.6881 0.3042
vn -0.5952 -0.8026 -0.0391
vn 0.7078 0.2103 0.6743
vn 0.7079 0.2102 0.6744
vn 0.7078 0.2101 0.6744
vn 0.4203 -0.3710 0.8281
vn -0.0722 -0.7175 0.6928
vn -0.1581 -0.2448 -0.9566
vn -0.0181 -0.5041 -0.8635
vn -0.3346 -0.9304 -0.1499
vn -0.7380 -0.0702 0.6711
vn -0.6407 -0.4483 0.6233
vn -0.7872 -0.2433 0.5666
vn 0.4710 -0.1722 -0.8652
vn -0.5435 -0.7440 -0.3887
vn -0.3517 -0.7927 -0.4979
vn -0.6757 -0.6771 -0.2914
vn -0.2222 -0.7944 -0.5654
vn 0.1439 -0.5940 -0.7915
vn 0.4099 0.8560 -0.3149
vn 0.2177 0.9633 -0.1570
vn 0.1771 0.9764 -0.1238
vn -0.4978 0.8632 -0.0839
vn -0.2407 0.9152 -0.3232
vn -0.1255 0.9910 -0.0469
vn -0.8332 0.5313 -0.1531
vn -0.6403 0.6691 -0.3773
vn -0.5289 0.6160 -0.5838
vn -0.7993 0.4316 -0.4182
vn -0.8482 0.1839 -0.4968
vn -0.9479 0.2066 -0.2425
vn -0.9809 0.1310 -0.1435
vn -0.2419 0.3722 -0.8961
vn -0.5013 0.1327 -0.8551
vn -0.6397 0.4082 -0.6512
vn -0.2795 -0.0213 -0.9599
vn -0.5934 0.0126 -0.8048
vn -0.3856 -0.1068 -0.9165
vn -0.5519 -0.4372 0.7101
vn -0.1805 0.4035 -0.8970
vn 0.2116 0.5239 -0.8251
vn 0.2243 0.5265 -0.8200
vn -0.1756 -0.8009 0.5724
vn -0.3822 -0.6716 0.6347
vn -0.7813 -0.5663 -0.2624
vn -0.8425 -0.4797 -0.2450
vn -0.7858 -0.5665 -0.2483
vn -0.6874 0.2252 -0.6905
vn -0.6875 0.2253 -0.6904
vn -0.8436 -0.4740 -0.2524
vn -0.9129 -0.3591 -0.1939
vn 0.1002 -0.4916 -0.8650
vn 0.3426 -0.2246 -0.9122
vn 0.1813 -0.8514 -0.4922
vn 0.3840 -0.6333 -0.6719
vn 0.5951 -0.5227 -0.6105
vn 0.4243 -0.7876 -0.4468
vn 0.1859 -0.9616 -0.2017
vn 0.5291 -0.8251 -0.1980
vn 0.1781 -0.9523 -0.2478
vn 0.9049 -0.2382 -0.3527
vn 0.8510 -0.5117 -0.1179
vn 0.6552 -0.6395 -0.4022
vn 0.9904 -0.1290 0.0487
vn 0.7754 -0.6315 -0.0013
vn 0.9524 -0.2666 0.1480
vn -0.6078 -0.6452 0.4630
vn -0.3556 -0.8558 0.3758
vn -0.3103 -0.8808 0.3576
vn -0.5648 -0.2482 0.7870
vn -0.6250 -0.4565 0.6332
vn 0.3477 -0.7713 0.5331
vn 0.4459 -0.8190 0.3611
vn 0.4983 -0.8283 0.2560
vn 0.8661 -0.2053 -0.4557
vn 0.8661 -0.2052 -0.4557
vn 0.7315 -0.6804 -0.0440
vn 0.7645 -0.6362 -0.1035
vn -0.2038 0.3519 0.9136
vn -0.4009 0.1074 0.9098
vn 0.2747 0.6093 0.7438
vn 0.2420 0.4695 0.8491
vn -0.7123 0.0791 0.6974
vn -0.0962 0.4394 0.8931
vn -0.3871 0.2183 0.8958
vn 0.3115 0.8974 -0.3125
vn 0.5813 0.7919 -0.1871
vn 0.1557 0.8033 -0.5749
vn 0.0448 0.9028 -0.4277
vn 0.4383 0.8950 -0.0826
vn 0.6555 0.7552 0.0046
vn -0.3019 0.9104 0.2829
vn -0.3017 0.9105 0.2828
vn -0.5003 0.8641 0.0549
vn -0.9218 0.1093 0.3720
vn -0.8887 0.4167 -0.1913
vn -0.9276 0.3227 0.1883
vn -0.7958 0.5570 -0.2374
vn -0.9038 0.2220 0.3660
vn -0.9027 0.4198 0.0944
vn 0.3929 -0.9175 -0.0611
vn 0.1291 -0.9295 0.3456
vn 0.6628 -0.7302 -0.1659
vn 0.3687 -0.9168 0.1533
vn 0.0887 -0.7269 0.6810
vn 0.4753 -0.8769 0.0717
vn 0.2278 -0.9067 0.3551
vn 0.8656 0.3540 -0.3543
vn 0.7733 0.2461 -0.5844
vn 0.7740 0.5860 -0.2399
vn 0.8727 0.4621 -0.1576
vn 0.8712 0.1571 -0.4652
vn 0.7365 -0.0596 -0.6738
vn 0.9578 -0.2152 0.1905
vn 0.9577 -0.2180 0.1877
vn 0.9259 -0.0182 0.3773
vn 0.1396 -0.4050 0.9036
vn 0.4376 0.0271 0.8988
vn 0.3901 -0.2012 0.8985
vn 0.7012 0.1361 0.6998
vn 0.2337 -0.4078 0.8826
vn 0.4973 -0.1139 0.8601
vn -0.3863 -0.1480 0.9104
vn -0.1264 -0.4168 0.9001
vn -0.6990 -0.1298 0.7033
vn -0.3584 -0.3923 0.8472
vn -0.1075 -0.7290 0.6761
vn -0.5674 -0.6033 0.5604
vn -0.3195 -0.6933 0.6460
vn -0.9086 -0.4005 0.1187
vn -0.9105 -0.1396 0.3893
vn -0.6918 -0.7162 0.0919
vn -0.8513 -0.3840 0.3574
vn -0.6617 -0.3540 0.6610
vn -0.1222 -0.9267 0.3554
vn -0.3756 -0.9211 0.1019
vn -0.3508 -0.8746 0.3347
vn -0.6569 -0.6873 0.3099
vn -0.1836 0.7558 0.6285
vn -0.0734 0.8410 0.5360
vn -0.2451 0.8648 0.4382
vn -0.4810 0.7328 0.4814
vn -0.1847 0.5013 0.8453
vn -0.0262 0.6413 0.7668
vn -0.3886 0.2270 0.8930
vn -0.6068 -0.3117 0.7312
vn -0.7365 -0.3538 0.5766
vn -0.5862 -0.4703 0.6596
vn -0.4296 -0.1286 0.8938
vn -0.8007 -0.0918 0.5920
vn -0.0452 0.3176 0.9472
vn -0.2169 -0.1365 0.9666
vn -0.2040 0.1429 0.9685
vn -0.4097 -0.3614 0.8376
vn 0.1033 0.9084 0.4050
vn 0.3783 0.9180 0.1188
vn 0.0961 0.6844 0.7228
vn 0.3736 0.8402 0.3931
vn 0.7047 0.7014 0.1072
vn 0.3560 0.6452 0.6760
vn 0.6630 0.6511 0.3695
vn 0.3803 0.0745 0.9219
vn 0.0994 0.3545 0.9297
vn 0.7059 0.0742 0.7044
vn 0.3756 0.3524 0.8572
vn 0.6629 0.3385 0.6678
vn 0.9216 0.3739 0.1044
vn 0.9215 0.0878 0.3784
vn 0.8503 0.3641 0.3801
vn 0.7204 -0.1145 0.6840
vn 0.7993 -0.3212 0.5078
vn 0.7189 -0.0433 0.6938
vn 0.5671 -0.0750 0.8202
vn 0.7013 -0.5258 0.4814
vn -0.2356 -0.3347 0.9124
vn 0.2333 -0.0967 0.9676
vn -0.4827 -0.6165 0.6220
vn -0.3226 -0.5910 0.7394
vn 0.3268 -0.1164 0.9379
vn 0.5206 -0.0590 0.8517
vn -0.6869 -0.7246 0.0554
vn -0.6096 -0.7072 0.3582
vn -0.0566 -0.7383 0.6721
vn 0.1373 -0.6695 0.7300
vn 0.2044 -0.6664 0.7171
vn -0.3625 -0.6029 0.7108
vn 0.1543 -0.5476 0.8224
vn -0.0972 0.9293 -0.3564
vn -0.3782 0.9227 -0.0747
vn -0.0927 0.7207 -0.6870
vn -0.3736 0.8579 -0.3527
vn -0.7043 0.7062 -0.0733
vn -0.3554 0.6766 -0.6449
vn -0.6622 0.6691 -0.3374
vn -0.3807 0.1201 -0.9168
vn -0.0988 0.4008 -0.9108
vn -0.7056 0.1097 -0.7001
vn -0.3751 0.3947 -0.8388
vn -0.6621 0.3718 -0.6507
vn -0.9200 0.3825 -0.0856
vn -0.9211 0.1077 -0.3741
vn -0.8498 0.3833 -0.3619
vn -0.4523 0.8209 0.3486
vn -0.0528 0.8808 0.4704
vn -0.4079 0.9062 0.1114
vn -0.5751 0.7645 0.2912
vn -0.4363 0.7630 0.4770
vn 0.0093 0.7334 0.6797
vn -0.5964 0.6588 0.4586
vn -0.9311 -0.1829 0.3156
vn -0.9384 0.3294 0.1047
vn -0.6996 -0.4488 0.5559
vn -0.9516 0.1193 0.2833
vn -0.7514 0.6536 0.0902
vn -0.9197 0.0783 0.3848
vn -0.9181 0.2453 0.3113
vn 0.0647 -0.6215 0.7808
vn -0.3427 -0.3478 0.8727
vn -0.2578 -0.6182 0.7426
vn 0.0891 -0.2935 0.9518
vn -0.3214 -0.1926 0.9271
vn -0.4830 -0.3772 0.7902
vn -0.5444 -0.1244 0.8296
vn -0.6372 -0.2339 -0.7343
vn -0.5370 -0.0516 -0.8420
vn -0.3704 -0.1671 -0.9137
vn -0.6793 -0.3080 -0.6661
vn -0.8608 -0.2201 -0.4589
vn -0.8105 -0.0443 -0.5840
vn -0.8324 -0.3516 -0.4283
vn -0.5089 -0.7817 0.3605
vn -0.0437 -0.8185 0.5728
vn -0.3407 -0.7332 0.5885
vn -0.6031 -0.6983 0.3855
vn -0.2390 -0.9326 -0.2706
vn -0.5121 -0.8566 0.0627
vn -0.1500 -0.9081 -0.3910
vn -0.7096 -0.6940 0.1217
vn -0.9531 -0.0743 -0.2934
vn -0.9401 -0.2968 0.1679
vn -0.9645 -0.2444 -0.1002
vn -0.7367 -0.5335 0.4155
vn -0.9461 -0.3180 -0.0605
vn -0.2843 -0.5301 -0.7989
vn -0.2103 -0.1987 -0.9572
vn -0.0834 -0.4034 -0.9112
vn -0.2562 -0.8178 -0.5154
vn -0.3621 -0.5787 -0.7308
vn -0.5493 -0.7999 -0.2417
vn -0.2870 -0.9473 0.1425
vn -0.0897 -0.9364 -0.3394
vn -0.4986 -0.7748 0.3887
vn -0.2541 -0.9589 -0.1258
vn -0.0695 -0.7514 -0.6561
vn -0.5322 -0.8321 0.1561
vn -0.7553 -0.5552 0.3483
vn -0.6934 -0.4355 0.5741
vn -0.9478 -0.1775 -0.2650
vn -0.8527 -0.5191 0.0587
vn 0.3761 -0.0773 -0.9233
vn 0.0948 -0.3581 -0.9288
vn 0.0945 -0.0749 -0.9927
vn 0.7023 -0.0769 -0.7077
vn 0.3707 -0.3550 -0.8582
vn 0.0896 -0.6884 -0.7198
vn 0.6593 -0.3387 -0.6712
vn 0.3527 -0.6460 -0.6769
vn 0.9207 -0.3751 -0.1078
vn 0.9198 -0.0895 -0.3821
vn 0.7037 -0.7021 -0.1089
vn 0.8485 -0.3643 -0.3837
vn 0.6596 -0.6535 -0.3712
vn 0.0954 -0.9119 -0.3991
vn 0.3771 -0.9186 -0.1186
vn 0.3714 -0.8412 -0.3929
vn 0.8725 -0.4840 0.0669
vn 0.8879 -0.4600 0.0066
vn 0.7188 -0.5213 0.4599
vn 0.7189 -0.5214 0.4596
vn 0.7188 -0.5213 0.4600
vn 0.7108 -0.6991 0.0780
vn 0.6753 -0.7374 0.0145
vn 0.5324 -0.7825 0.3229
vn -0.6423 -0.3442 0.6848
vn -0.6832 -0.1521 0.7143
vn -0.5538 -0.5386 0.6351
vn -0.3515 -0.7892 0.5035
vn -0.0161 -0.7843 0.6201
vn 0.0041 -0.6291 0.7773
vn -0.1694 -0.5327 0.8292
vn -0.6129 -0.7182 0.3294
vn 0.2794 -0.7017 0.6554
vn 0.3247 -0.9447 0.0450
vn -0.1767 -0.9514 0.2522
vn 0.4459 -0.8928 0.0634
vn -0.2638 -0.8178 0.5114
vn -0.4009 -0.7477 0.5294
vn -0.9054 0.4160 -0.0848
vn -0.6768 0.7190 -0.1581
vn -0.9029 0.4077 -0.1366
vn -0.8025 0.5959 -0.0307
vn -0.3921 0.9095 -0.1378
vn -0.6720 0.7105 -0.2089
vn -0.4028 0.8838 -0.2381
vn 0.2886 0.9402 -0.1807
vn -0.2617 0.9647 -0.0294
vn -0.0051 0.9997 -0.0245
vn 0.3184 0.9194 -0.2309
vn -0.0152 0.9900 -0.1404
vn -0.5407 0.8411 -0.0156
vn -0.0135 0.9796 -0.2004
vn 0.6727 0.4653 -0.5753
vn 0.8567 0.1792 -0.4836
vn -0.0518 0.5404 -0.8398
vn 0.5166 0.4739 -0.7131
vn 0.7246 0.4973 -0.4770
vn 0.8485 0.3334 -0.4109
vn 0.3962 0.7443 -0.5376
vn 0.1692 0.7240 0.6688
vn 0.0545 0.6032 0.7957
vn 0.1520 0.4189 0.8952
vn 0.2174 0.7176 0.6616
vn 0.1473 0.9095 0.3888
vn 0.0364 0.8404 0.5407
vn 0.2438 0.8823 0.4027
vn 0.5015 -0.0802 -0.8614
vn 0.5424 0.4629 -0.7011
vn 0.5666 0.2039 -0.7984
vn 0.4498 0.1738 -0.8761
vn 0.4463 0.4883 -0.7499
vn 0.8153 0.5784 0.0285
vn 0.6757 0.4764 -0.5626
vn 0.7833 0.5809 0.2215
vn 0.5141 0.7517 -0.4130
vn 0.0450 0.9624 0.2680
vn 0.1787 0.9412 -0.2866
vn 0.0347 0.9993 0.0159
vn 0.1462 0.9891 0.0187
vn 0.2251 0.9213 -0.3171
vn 0.2011 0.9794 0.0183
vn -0.8623 -0.5010 -0.0734
vn -0.9719 -0.2331 0.0337
vn -0.9887 0.0579 -0.1386
vn -0.8977 -0.4168 -0.1432
vn -0.8628 -0.5055 0.0064
vn -0.6824 -0.7310 0.0054
vn -0.5202 -0.8328 -0.1894
vn 0.5481 -0.7441 -0.3820
vn 0.6811 -0.4739 -0.5581
vn 0.6881 -0.6247 -0.3692
vn 0.3041 -0.9155 -0.2633
vn 0.5342 -0.7308 -0.4249
vn 0.2807 -0.9028 -0.3257
vn -0.3115 -0.9494 -0.0395
vn 0.2178 -0.9621 -0.1642
vn -0.0362 -0.9901 -0.1356
vn 0.4610 -0.8475 -0.2632
vn -0.0455 -0.9860 -0.1604
vn 0.0887 -0.5027 0.8599
vn 0.0385 0.1006 0.9942
vn -0.0072 -0.2268 0.9739
vn 0.0118 -0.5076 0.8615
vn 0.1532 -0.5317 0.8330
vn 0.1939 -0.8409 0.5053
vn 0.1426 -0.9615 -0.2348
vn 0.0362 -0.9528 0.3013
vn 0.0418 -0.9991 -0.0079
vn 0.2328 -0.8466 -0.4785
vn 0.1225 -0.9922 0.0211
vn 0.0056 -0.7313 0.6820
vn 0.2379 -0.9162 -0.3225
vn 0.1492 -0.9884 0.0273
vn 0.3653 -0.7408 -0.5638
vn 0.3319 -0.6264 -0.7054
vn 0.6888 -0.5096 -0.5157
vn 0.5126 -0.4660 -0.7212
vn 0.2993 -0.9049 -0.3025
vn 0.3098 0.2222 0.9245
vn 0.6427 0.2337 0.7296
vn 0.2786 0.3309 0.9016
vn 0.5222 0.0883 0.8482
vn 0.8763 0.1934 0.4413
vn 0.5894 0.2910 0.7536
vn 0.8476 0.3014 0.4367
vn 0.9455 0.2091 -0.2497
vn 0.9477 0.0752 0.3102
vn 0.9974 0.0575 0.0436
vn 0.7192 0.3596 -0.5946
vn 0.9811 0.1844 0.0589
vn 0.7998 0.0703 0.5961
vn 0.9684 0.2456 0.0439
vn 0.4919 0.5903 -0.6400
vn 0.2581 0.4755 -0.8410
vn 0.2957 0.6948 -0.6556
vn 0.2542 0.6781 -0.6897
vn 0.5488 0.4798 -0.6846
vn 0.7509 0.5518 -0.3628
vn -0.3501 -0.1032 0.9310
vn 0.0263 -0.0171 0.9995
vn -0.4015 -0.1932 0.8953
vn -0.1267 -0.0975 0.9871
vn 0.1390 -0.0207 0.9901
vn -0.1809 -0.2147 0.9598
vn 0.0009 -0.2060 0.9786
vn -0.1288 -0.4338 0.8917
vn -0.4339 -0.3042 0.8480
vn 0.0242 -0.4196 0.9074
vn -0.2385 -0.3191 0.9172
vn -0.0357 -0.2527 0.9669
vn 0.8830 -0.1112 0.4559
vn 0.9151 -0.1614 0.3695
vn 0.9271 -0.0358 0.3730
vn 0.7711 -0.0247 0.6362
vn 0.7269 -0.2505 0.6395
vn 0.7713 -0.3198 0.5503
vn 0.1952 -0.1260 0.9726
vn 0.6791 -0.7210 -0.1380
vn 0.5404 -0.8406 -0.0357
vn 0.3572 -0.9219 -0.1499
vn 0.6785 -0.7101 -0.1881
vn 0.8849 -0.4562 -0.0943
vn 0.7960 -0.6053 0.0065
vn 0.8642 -0.4649 -0.1923
vn 0.0278 0.8770 -0.4798
vn 0.5533 0.6782 -0.4837
vn 0.3138 0.7895 -0.5274
vn 0.2747 0.8704 -0.4085
vn 0.5752 0.7214 -0.3856
vn 0.6344 -0.0514 -0.7713
vn 0.5678 0.5405 -0.6209
vn 0.6198 -0.2436 -0.7460
vn 0.8136 0.3743 -0.4449
vn 0.9384 -0.3451 0.0154
vn 0.9716 0.2136 -0.1021
vn 0.9946 -0.0977 0.0360
vn 0.9925 -0.0955 -0.0760
vn 0.9586 0.2426 -0.1489
vn 0.9874 -0.0881 -0.1315
vn -0.5543 0.1263 0.8227
vn -0.3135 0.0212 0.9494
vn -0.0374 0.0927 0.9950
vn -0.5834 0.1938 0.7887
vn -0.5777 0.0454 0.8150
vn -0.7517 0.0125 0.6593
vn -0.8299 0.2199 0.5127
vn -0.6965 0.4277 -0.5762
vn -0.4096 0.7669 -0.4940
vn -0.5637 0.3696 -0.7387
vn -0.9056 0.2639 -0.3320
vn -0.3214 0.6036 -0.7296
vn -0.8947 0.3386 -0.2914
vn -0.8416 0.3291 -0.4283
vn -0.9541 0.0288 0.2980
vn -0.9583 0.1424 -0.2477
vn -0.9923 0.1217 0.0236
vn -0.8238 0.2519 -0.5078
vn -0.9871 0.1524 0.0494
vn -0.6312 -0.0608 0.7732
vn -0.5043 -0.1269 0.8541
vn -0.7921 -0.0384 0.6092
vn -0.6309 -0.1213 0.7663
vn -0.5341 -0.2151 0.8176
vn -0.7268 -0.1700 0.6655
vn -0.6290 -0.1970 0.7520
vn -0.9251 -0.1299 0.3567
vn -0.9139 -0.0493 0.4029
vn -0.7863 -0.2093 0.5813
vn -0.8621 -0.1252 0.4909
vn -0.7630 -0.0941 0.6395
vn -0.5642 -0.2929 0.7719
vn -0.7040 -0.2986 0.6443
vn -0.5765 -0.3726 0.7272
vn -0.6727 -0.2579 0.6935
vn -0.8276 -0.2337 0.5103
vn -0.5541 -0.8178 -0.1554
vn 0.0108 -0.9817 -0.1902
vn -0.3030 -0.9521 -0.0400
vn -0.5714 -0.8173 -0.0752
vn -0.4546 -0.8632 -0.2195
vn -0.8611 -0.4314 -0.2692
vn -0.8046 -0.5637 -0.1870
vn -0.9277 0.3133 -0.2031
vn -0.9685 -0.2219 -0.1132
vn -0.9897 0.0888 -0.1122
vn -0.7873 0.5507 -0.2773
vn -0.9791 0.0634 -0.1931
vn -0.7801 -0.6206 -0.0790
vn -0.8669 0.4041 -0.2919
vn -0.9735 0.0634 -0.2199
vn -0.6680 0.6390 -0.3813
vn -0.5426 0.7619 -0.3536
vn -0.3768 0.7588 -0.5313
vn -0.6504 0.6296 -0.4249
vn -0.8517 0.3876 -0.3525
vn -0.8669 -0.4432 -0.2281
vn -0.9197 -0.1251 0.3722
vn -0.9881 -0.1413 0.0610
vn -0.4909 -0.7141 -0.4992
vn -0.8993 -0.3606 0.2474
vn -0.6978 -0.1349 0.7035
vn -0.8108 -0.4185 0.4093
vn -0.6630 -0.3453 0.6642
vn 0.4670 -0.7403 -0.4836
vn 0.2302 -0.9418 -0.2451
vn 0.1575 -0.7829 -0.6019
vn 0.5830 -0.7833 -0.2158
vn 0.3135 -0.9429 -0.1128
vn 0.0922 -0.9407 -0.3264
vn -0.4911 -0.7138 -0.4993
vn 0.0336 -0.9982 -0.0488
vn -0.3669 -0.1405 0.9196
vn 0.2375 -0.4813 0.8438
vn -0.0541 -0.1751 0.9831
vn -0.2417 -0.3790 0.8933
vn 0.5140 -0.7659 0.3864
vn -0.4043 -0.4304 0.8070
vn -0.2958 -0.2963 -0.9081
vn -0.3146 -0.2788 -0.9073
vn -0.4379 -0.4514 -0.7775
vn -0.4648 -0.4256 -0.7764
vn -0.6994 -0.6636 -0.2655
vn -0.6807 -0.7325 -0.0103
vn -0.7222 -0.6916 -0.0096
vn -0.2784 -0.3128 -0.9081
vn -0.4124 -0.4751 -0.7773
vn -0.6590 -0.7037 -0.2655
vn -0.6394 -0.7688 -0.0131
vn 0.2984 0.3081 -0.9033
vn 0.3150 0.2892 -0.9039
vn 0.4488 0.4493 -0.7725
vn 0.7224 0.6195 -0.3073
vn 0.7199 0.6915 -0.0607
vn 0.6838 0.6625 -0.3058
vn 0.3322 0.2685 -0.9042
vn 0.4746 0.4205 -0.7733
vn 0.7603 0.5717 -0.3084
vn 0.7612 0.6456 -0.0619
vn -0.3485 -0.2407 -0.9059
vn -0.3330 -0.2602 -0.9063
vn -0.5147 -0.3706 -0.7732
vn -0.7385 -0.6201 -0.2647
vn -0.7980 -0.6026 -0.0064
vn -0.7739 -0.5769 -0.2614
vn -0.4919 -0.3991 -0.7738
vn -0.7623 -0.6471 -0.0081
vn 0.2811 0.3261 -0.9026
vn 0.2645 0.3416 -0.9019
vn 0.4223 0.4767 -0.7710
vn 0.3965 0.5000 -0.7699
vn 0.6042 0.7360 -0.3054
vn 0.6772 0.7333 -0.0606
vn 0.6357 0.7696 -0.0600
vn 0.6432 0.7016 -0.3066
vn 0.2471 0.3567 -0.9010
vn 0.2269 0.3709 -0.9005
vn 0.3700 0.5232 -0.7677
vn 0.3384 0.5473 -0.7655
vn 0.5148 0.8017 -0.3038
vn 0.5918 0.8037 -0.0617
vn 0.5393 0.8398 -0.0629
vn 0.5629 0.7675 -0.3067
vn -0.2602 -0.3295 -0.9076
vn -0.3858 -0.4990 -0.7760
vn -0.6183 -0.7388 -0.2681
vn -0.5956 -0.8031 -0.0153
vn -0.2404 -0.3466 -0.9067
vn -0.3565 -0.5224 -0.7746
vn -0.5753 -0.7722 -0.2698
vn -0.5472 -0.8368 -0.0187
vn -0.2193 -0.3632 -0.9055
vn -0.3266 -0.5462 -0.7714
vn -0.5280 -0.8055 -0.2692
vn -0.4965 -0.8678 -0.0223
vn -0.1940 -0.3699 -0.9086
vn -0.2953 -0.5594 -0.7745
vn -0.4777 -0.8356 -0.2711
vn -0.4483 -0.8936 -0.0213
vn 0.2088 0.3852 -0.8989
vn 0.2010 0.4033 -0.8927
vn 0.3051 0.5737 -0.7601
vn 0.2834 0.5984 -0.7494
vn 0.4092 0.8641 -0.2931
vn 0.4742 0.8781 -0.0642
vn 0.4188 0.9061 -0.0597
vn 0.4571 0.8365 -0.3023
vn -0.0754 -0.3502 -0.9337
vn 0.0444 -0.3248 -0.9447
vn -0.1655 -0.7858 -0.5959
vn 0.0423 -0.6750 -0.7366
vn -0.1874 -0.9776 -0.0954
vn 0.0324 -0.9177 -0.3960
vn -0.0644 -0.1135 -0.9914
vn -0.2690 -0.5635 -0.7811
vn -0.4289 -0.8638 -0.2644
vn -0.4131 -0.9105 -0.0172
vn -0.2641 -0.5769 -0.7729
vn -0.3956 -0.8831 -0.2521
vn 0.2018 0.4234 -0.8832
vn 0.2783 0.6175 -0.7357
vn 0.3925 0.9183 -0.0520
vn 0.3849 0.8787 -0.2823
vn 0.3521 0.2415 -0.9043
vn 0.5020 0.3891 -0.7724
vn 0.8038 0.5092 -0.3076
vn 0.8015 0.5946 -0.0641
vn 0.3755 0.2192 -0.9005
vn 0.5344 0.3464 -0.7710
vn 0.8401 0.4507 -0.3017
vn 0.8478 0.5262 -0.0657
vn -0.3703 -0.2135 -0.9041
vn -0.3614 -0.2244 -0.9050
vn -0.5467 -0.3322 -0.7686
vn -0.8009 -0.5398 -0.2591
vn -0.8428 -0.5381 -0.0042
vn -0.8185 -0.5138 -0.2572
vn -0.5345 -0.3476 -0.7704
vn -0.8257 -0.5640 -0.0070
vn -0.3895 0.0379 -0.9202
vn -0.7202 0.0469 -0.6921
vn -0.9347 0.0479 -0.3522
vn 0.3923 0.2090 -0.8958
vn 0.5689 0.3087 -0.7623
vn 0.8593 0.4191 -0.2932
vn 0.8853 0.4608 -0.0631
vn 0.9017 0.4286 -0.0571
vn 0.5882 0.2940 -0.7534
vn 0.8590 0.4128 -0.3028
vn -0.3756 -0.2090 -0.9029
vn -0.5980 -0.2942 -0.7455
vn -0.8283 -0.5018 -0.2491
vn -0.8514 -0.5245 -0.0028
vn -0.5551 -0.3252 -0.7656
vn -0.5225 -0.5174 0.6777
vn -0.4925 -0.5476 0.6765
vn -0.3772 -0.3823 0.8436
vn -0.3556 -0.4044 0.8427
vn -0.2088 -0.2238 0.9520
vn -0.1965 -0.2359 0.9517
vn -0.4630 -0.5748 0.6747
vn -0.3347 -0.4248 0.8412
vn -0.1852 -0.2476 0.9510
vn 0.5845 0.4787 0.6551
vn 0.5530 0.5135 0.6562
vn 0.4242 0.3387 0.8398
vn 0.4016 0.3640 0.8404
vn 0.2335 0.1743 0.9566
vn 0.2208 0.1878 0.9571
vn 0.6159 0.4400 0.6534
vn 0.4475 0.3111 0.8384
vn 0.2460 0.1592 0.9561
vn -0.5517 -0.4850 0.6785
vn -0.5787 -0.4532 0.6780
vn -0.3987 -0.3592 0.8438
vn -0.4187 -0.3363 0.8436
vn -0.2209 -0.2109 0.9522
vn -0.2321 -0.1982 0.9523
vn 0.4901 0.5748 0.6553
vn 0.5208 0.5459 0.6564
vn 0.3564 0.4085 0.8403
vn 0.3787 0.3876 0.8404
vn 0.1967 0.2127 0.9571
vn 0.2088 0.2012 0.9570
vn 0.4182 0.6339 0.6506
vn 0.4577 0.6027 0.6536
vn 0.3048 0.4529 0.8378
vn 0.3333 0.4290 0.8395
vn 0.1683 0.2377 0.9566
vn 0.1840 0.2237 0.9571
vn -0.4325 -0.6021 0.6711
vn -0.3128 -0.4451 0.8391
vn -0.1728 -0.2589 0.9503
vn -0.3991 -0.6299 0.6663
vn -0.2891 -0.4661 0.8362
vn -0.1598 -0.2712 0.9492
vn -0.3643 -0.6574 0.6596
vn -0.2649 -0.4882 0.8316
vn -0.1472 -0.2853 0.9471
vn -0.3325 -0.6845 0.6488
vn -0.2457 -0.5165 0.8203
vn -0.1412 -0.3112 0.9398
vn 0.3174 0.7050 0.6342
vn 0.3660 0.6724 0.6434
vn 0.2275 0.5143 0.8269
vn 0.2657 0.4851 0.8331
vn 0.1167 0.2769 0.9538
vn 0.1439 0.2588 0.9552
vn -0.0577 -0.9189 0.3902
vn -0.1815 -0.7821 0.5962
vn -0.0618 -0.7162 0.6951
vn -0.1509 -0.6171 0.7723
vn -0.0575 -0.4263 0.9027
vn -0.1110 -0.4181 0.9016
vn -0.3121 -0.7089 0.6326
vn -0.2378 -0.5503 0.8004
vn -0.1465 -0.3522 0.9244
vn 0.2932 0.7196 0.6294
vn 0.2067 0.5264 0.8247
vn 0.0993 0.2806 0.9547
vn 0.6535 0.3898 0.6488
vn 0.4760 0.2757 0.8351
vn 0.2615 0.1402 0.9550
vn 0.6887 0.3433 0.6386
vn 0.5051 0.2439 0.8279
vn 0.2793 0.1241 0.9522
vn -0.6000 -0.4259 0.6772
vn -0.6142 -0.4080 0.6755
vn -0.4348 -0.3170 0.8429
vn -0.4460 -0.3044 0.8417
vn -0.2411 -0.1873 0.9523
vn -0.2475 -0.1801 0.9520
vn -0.9104 -0.0273 0.4127
vn -0.6911 -0.0304 0.7221
vn -0.3742 -0.0288 0.9269
vn 0.7073 0.3206 0.6300
vn 0.5224 0.2289 0.8214
vn 0.2918 0.1168 0.9493
vn -0.6214 -0.3987 0.6745
vn -0.4519 -0.2983 0.8407
vn -0.2517 -0.1773 0.9514
vn -0.8396 -0.3503 0.4152
vn -0.8840 -0.2448 0.3982
vn -0.9167 -0.1362 0.3756
vn 0.7999 0.4701 0.3730
vn -0.2619 0.9440 0.2007
vn -0.2611 0.9442 0.2006
vn -0.2623 0.9440 0.2002
vn 0.7940 0.4807 0.3722
vn -0.2463 0.9472 0.2051
vn -0.9637 0.1183 -0.2391
vn 0.7934 0.4815 0.3724
vn 0.2304 -0.9503 -0.2092
vn 0.5602 0.7386 0.3750
vn -0.0031 -0.4166 0.9091
vn -0.0032 -0.7305 0.6829
vn -0.0029 -0.9341 0.3569
vn -0.9229 -0.3849 -0.0045
vn -0.3801 -0.9248 -0.0180
vn -0.9251 -0.3604 -0.1195
vn -0.7053 -0.7088 -0.0122
vn -0.3961 -0.9075 -0.1396
vn 0.5792 0.2254 -0.7834
vn 0.6916 -0.1944 -0.6956
vn 0.6635 -0.1050 -0.7408
vn 0.5789 0.2255 -0.7836
vn 0.6915 -0.1950 -0.6955
vn 0.5831 -0.5525 -0.5956
vn 0.1747 -0.9646 -0.1977
vn 0.0430 -0.9103 -0.4118
vn 0.6296 0.4706 -0.6182
vn 0.6044 -0.5048 -0.6164
vn -0.9224 -0.0082 0.3862
vn -0.7069 -0.0133 0.7072
vn -0.3876 -0.0163 0.9217
vn 0.6937 0.6854 0.2214
vn 0.7411 0.6684 0.0631
vn 0.6937 0.6854 0.2215
vn 0.6263 0.6148 0.4793
vn 0.1952 0.1801 0.9641
vn 0.6303 0.6323 -0.4505
vn 0.5675 0.5546 0.6086
vn 0.2278 0.6991 -0.6778
vn -0.0682 0.7629 -0.6430
vn -0.6771 0.5275 -0.5131
vn -0.9791 0.1471 -0.1406
vn 0.1747 0.6010 -0.7799
vn -0.0187 0.6779 -0.7349
vn -0.0056 0.7172 -0.6969
vn -0.8777 0.2271 -0.4220
vn -0.6775 0.5272 -0.5128
vn -0.0008 0.8927 0.4507
vn -0.0029 0.6667 0.7453
vn -0.0047 0.3314 0.9435
vn 0.1385 0.0982 0.9855
vn -0.0002 -0.1217 0.9926
vn 0.3457 -0.0159 0.9382
vn 0.4738 -0.0129 0.8806
vn 0.6400 -0.0098 0.7683
vn 0.8552 -0.0038 0.5182
vn -0.1811 -0.1972 0.9635
vn -0.3067 -0.3253 0.8945
vn -0.4378 -0.4575 0.7740
vn -0.5143 -0.5349 0.6703
vn -0.6493 -0.6687 0.3623
vn -0.2927 -0.3103 0.9044
vn -0.3910 0.9201 0.0234
vn -0.7496 0.6616 0.0187
vn -0.9347 0.3553 0.0121
vn -0.6928 0.7209 0.0200
vn -0.8684 0.4957 0.0152
vn -0.9936 0.0472 0.1030
vn -0.4512 0.0247 -0.8921
vn -0.7399 0.0176 -0.6725
vn -0.8662 0.0125 -0.4995
vn -0.8845 0.0113 -0.4665
vn -0.9291 0.0084 -0.3697
vn -0.9948 -0.0919 -0.0441
vn -0.8872 -0.3317 0.3208
vn -0.7570 -0.4715 0.4524
vn -0.6067 -0.5733 0.5506
vn -0.1833 -0.7101 0.6799
vn -0.7187 -0.5011 0.4821
vn -0.5050 -0.6204 0.6000
vn -0.0032 -0.9682 -0.2501
vn -0.0033 -0.9286 -0.3712
vn -0.0035 -0.7205 -0.6934
vn -0.0035 -0.8179 -0.5753
vn -0.0012 -0.3902 -0.9207
vn 0.1189 -0.9800 -0.1593
vn 0.3586 -0.9327 -0.0387
vn 0.6814 -0.7317 -0.0171
vn 0.9163 -0.4004 -0.0107
vn 0.0809 -0.9926 0.0901
vn 0.5250 -0.8509 -0.0193
vn -0.3419 -0.8823 0.3235
vn -0.4919 -0.7266 0.4797
vn -0.5530 -0.6323 0.5426
vn -0.6743 -0.3047 0.6727
vn -0.2264 -0.9521 0.2055
vn -0.5011 -0.7149 0.4876
vn 0.0021 0.3564 0.9343
vn 0.0014 0.6783 0.7348
vn 0.0006 0.9013 0.4331
vn 0.8592 -0.0134 0.5114
vn 0.6424 -0.0194 0.7661
vn 0.3529 -0.0231 0.9354
vn -0.6279 -0.6393 0.4439
vn -0.4721 -0.4912 0.7320
vn -0.2561 -0.2805 0.9251
vn -0.9225 0.3859 0.0113
vn -0.7056 0.7084 0.0184
vn -0.3821 0.9239 0.0227
vn -0.9309 0.0102 -0.3651
vn -0.7394 0.0174 -0.6731
vn -0.4513 0.0223 -0.8921
vn -0.2300 -0.7017 0.6743
vn -0.6362 -0.5557 0.5352
vn -0.9118 -0.2952 0.2855
vn -0.0026 -0.3623 -0.9321
vn -0.0023 -0.6916 -0.7223
vn -0.0017 -0.9151 -0.4031
vn 0.9236 -0.3831 -0.0108
vn 0.7059 -0.7081 -0.0175
vn 0.3818 -0.9240 -0.0216
vn -0.6462 -0.4125 0.6421
vn -0.4986 -0.7178 0.4860
vn -0.2740 -0.9274 0.2546
vn 0.3832 0.9234 0.0215
vn 0.7042 0.7099 0.0156
vn 0.7075 0.7065 0.0156
vn 0.9235 0.3835 0.0074
vn -0.6852 -0.7052 -0.1822
vn 0.3375 -0.9364 0.0965
vn -0.2091 -0.9699 -0.1244
vn -0.2213 -0.9667 -0.1287
vn 0.9129 -0.1604 0.3755
vn -0.5664 -0.7824 -0.2589
vn -0.0669 -0.9973 -0.0309
vn 0.3386 -0.9351 0.1047
vn 0.6970 -0.6633 0.2725
vn 0.2193 0.7283 0.6492
vn 0.2191 0.7282 0.6494
vn 0.3241 -0.0461 0.9449
vn 0.3243 -0.0455 0.9448
vn 0.0572 0.9821 0.1795
vn 0.2191 0.7289 0.6485
vn 0.1518 -0.0228 0.9881
vn 0.3241 -0.0462 0.9449
vn 0.2678 -0.5749 0.7731
vn -0.1658 -0.1324 -0.9772
vn -0.0656 -0.9161 -0.3955
vn -0.0656 -0.9161 -0.3954
vn -0.0655 -0.9165 -0.3946
vn 0.0976 -0.8190 0.5655
vn 0.9229 0.0078 -0.3849
vn 0.7053 0.0153 -0.7087
vn 0.7054 0.0153 -0.7087
vn 0.3804 0.0204 -0.9246
vn -0.8014 -0.1600 0.5764
vn -0.9253 0.0091 -0.3791
vn -0.9210 -0.0883 -0.3795
vn -0.8094 -0.0124 0.5872
vn -0.9251 0.0093 -0.3795
vn -0.9251 0.0092 -0.3796
vn -0.1634 0.0220 -0.9863
vn -0.5869 0.7122 0.3850
vn -0.8781 -0.0186 0.4781
vn -0.1494 0.9738 0.1712
vn -0.5870 0.7113 0.3865
vn -0.7707 -0.0798 0.6322
vn -0.8780 -0.0184 0.4783
vn -0.7553 -0.5450 0.3641
vn -0.0018 0.4065 -0.9136
vn -0.0007 0.7251 -0.6886
vn -0.0007 0.7243 -0.6895
vn 0.0004 0.9330 -0.3600
vn 0.3824 -0.0090 0.9239
vn 0.3859 -0.0208 0.9223
vn 0.9870 -0.0043 0.1605
vn -0.5808 -0.0175 0.8139
vn -0.1834 -0.0123 0.9830
vn 0.3858 -0.0089 0.9225
vn 0.8371 -0.0039 0.5471
vn 0.9702 -0.0912 0.2247
vn -0.3193 0.8914 0.3216
vn -0.3015 0.8909 0.3397
vn -0.4659 0.7537 0.4635
vn -0.4409 0.7511 0.4913
vn -0.6551 0.2331 0.7186
vn -0.7168 -0.0265 0.6968
vn -0.6748 -0.0265 0.7375
vn -0.3356 0.8917 0.3037
vn -0.4906 0.7529 0.4387
vn -0.6963 0.2317 0.6793
vn -0.7539 -0.0249 0.6565
vn 0.2722 0.9183 -0.2874
vn 0.2533 0.9184 -0.3038
vn 0.4149 0.7938 -0.4446
vn 0.5925 0.3418 -0.7295
vn 0.6724 0.0966 -0.7339
vn 0.6363 0.3409 -0.6921
vn 0.2312 0.9189 -0.3197
vn 0.3858 0.7941 -0.4696
vn 0.5435 0.3417 -0.7667
vn 0.6258 0.0979 -0.7738
vn -0.2616 0.8903 0.3727
vn -0.2815 0.8907 0.3571
vn -0.3829 0.7506 0.5385
vn -0.6112 0.2309 0.7570
vn -0.5829 -0.0286 0.8120
vn -0.5661 0.2289 0.7919
vn -0.4113 0.7521 0.5150
vn -0.6295 -0.0271 0.7765
vn 0.2903 0.9181 -0.2699
vn 0.3065 0.9173 -0.2542
vn 0.4418 0.7942 -0.4172
vn 0.4671 0.7919 -0.3934
vn 0.7128 0.3369 -0.6151
vn 0.7150 0.0973 -0.6924
vn 0.7526 0.0978 -0.6512
vn 0.6767 0.3402 -0.6529
vn 0.3219 0.9167 -0.2368
vn 0.3378 0.9159 -0.2169
vn 0.4891 0.7919 -0.3655
vn 0.5136 0.7902 -0.3344
vn 0.7803 0.3353 -0.5280
vn 0.7877 0.0964 -0.6084
vn 0.8241 0.0968 -0.5581
vn 0.7453 0.3387 -0.5743
vn -0.3514 0.8918 0.2849
vn -0.5129 0.7535 0.4114
vn -0.7330 0.2304 0.6401
vn -0.7895 -0.0222 0.6134
vn -0.3696 0.8902 0.2663
vn -0.5383 0.7505 0.3833
vn -0.7673 0.2328 0.5975
vn -0.8242 -0.0176 0.5660
vn -0.3878 0.8883 0.2460
vn -0.5629 0.7470 0.3539
vn -0.8008 0.2350 0.5509
vn -0.8564 -0.0177 0.5159
vn -0.4057 0.8854 0.2267
vn -0.5852 0.7419 0.3274
vn -0.8328 0.2341 0.5017
vn -0.8834 -0.0165 0.4684
vn 0.3564 0.9136 -0.1958
vn 0.3742 0.9096 -0.1807
vn 0.5450 0.7816 -0.3032
vn 0.5657 0.7765 -0.2774
vn 0.8375 0.3309 -0.4349
vn 0.8595 0.0966 -0.5020
vn 0.8840 0.0955 -0.4576
vn 0.8128 0.3364 -0.4756
vn -0.4539 0.8807 0.1356
vn -0.3884 0.9213 0.0212
vn -0.8228 0.5284 0.2093
vn -0.7174 0.6965 0.0169
vn -0.9753 0.0509 0.2149
vn -0.9339 0.3573 0.0103
vn -0.1917 0.9752 0.1106
vn -0.6102 0.7289 0.3105
vn -0.8625 0.2241 0.4538
vn -0.9009 -0.0204 0.4335
vn -0.6220 0.7211 0.3050
vn -0.8822 0.2113 0.4208
vn 0.3827 0.9075 -0.1729
vn 0.5759 0.7725 -0.2674
vn 0.8946 0.0914 -0.4375
vn 0.8496 0.3265 -0.4143
vn 0.2040 0.9184 -0.3390
vn 0.3523 0.7944 -0.4948
vn 0.4805 0.3400 -0.8084
vn 0.5736 0.0993 -0.8131
vn 0.1816 0.9142 -0.3623
vn 0.3096 0.7908 -0.5279
vn 0.4215 0.3341 -0.8431
vn 0.5042 0.0993 -0.8579
vn -0.2233 0.8861 0.4061
vn -0.2416 0.8889 0.3893
vn -0.3303 0.7417 0.5838
vn -0.5194 0.2274 0.8237
vn -0.4904 -0.0318 0.8709
vn -0.4732 0.2177 0.8536
vn -0.3539 0.7481 0.5613
vn -0.5356 -0.0290 0.8440
vn -0.0002 0.9162 0.4007
vn 0.0095 0.6862 0.7274
vn 0.0174 0.3412 0.9398
vn -0.1220 0.8781 0.4627
vn -0.2038 0.5130 0.8339
vn -0.2168 0.0173 0.9761
vn 0.1708 0.9095 -0.3789
vn 0.2711 0.7824 -0.5607
vn 0.3899 0.3223 -0.8626
vn 0.4382 0.0949 -0.8939
vn 0.4055 0.0884 -0.9098
vn 0.2563 0.7728 -0.5806
vn 0.3819 0.3284 -0.8639
vn -0.2131 0.8814 0.4215
vn -0.4429 0.1999 0.8740
vn -0.3127 0.7346 0.6022
vn -0.4578 -0.0382 0.8882
vn -0.4830 -0.7046 0.5199
vn -0.5141 -0.7035 0.4908
vn -0.3458 -0.8632 0.3679
vn -0.3683 -0.8625 0.3470
vn -0.1872 -0.9631 0.1934
vn -0.1998 -0.9628 0.1818
vn -0.5415 -0.7028 0.4614
vn -0.3892 -0.8613 0.3267
vn -0.2122 -0.9621 0.1712
vn 0.4860 -0.6279 -0.6079
vn 0.5217 -0.6279 -0.5776
vn 0.3562 -0.8195 -0.4490
vn 0.3821 -0.8195 -0.4271
vn 0.2000 -0.9455 -0.2568
vn 0.2143 -0.9454 -0.2454
vn 0.4469 -0.6264 -0.6387
vn 0.3277 -0.8190 -0.4710
vn 0.1845 -0.9453 -0.2689
vn -0.4496 -0.7052 0.5482
vn -0.4169 -0.7037 0.5753
vn -0.3221 -0.8630 0.3892
vn -0.2980 -0.8627 0.4086
vn -0.1739 -0.9631 0.2052
vn -0.1609 -0.9629 0.2166
vn 0.5848 -0.6257 -0.5163
vn 0.5542 -0.6289 -0.5453
vn 0.4285 -0.8181 -0.3835
vn 0.4062 -0.8194 -0.4045
vn 0.2402 -0.9450 -0.2220
vn 0.2278 -0.9454 -0.2331
vn 0.6437 -0.6206 -0.4478
vn 0.6131 -0.6240 -0.4845
vn 0.4722 -0.8155 -0.3347
vn 0.4497 -0.8170 -0.3609
vn 0.2644 -0.9444 -0.1954
vn 0.2517 -0.9448 -0.2095
vn -0.5705 -0.6983 0.4323
vn -0.4100 -0.8595 0.3051
vn -0.2237 -0.9616 0.1590
vn -0.5987 -0.6943 0.3995
vn -0.4317 -0.8568 0.2821
vn -0.2358 -0.9608 0.1458
vn -0.6262 -0.6892 0.3645
vn -0.4538 -0.8529 0.2579
vn -0.2496 -0.9591 0.1331
vn -0.6521 -0.6813 0.3326
vn -0.4752 -0.8477 0.2356
vn -0.2629 -0.9572 0.1209
vn 0.6997 -0.6082 -0.3749
vn 0.6752 -0.6151 -0.4071
vn 0.5187 -0.8062 -0.2845
vn 0.4971 -0.8119 -0.3062
vn 0.2925 -0.9411 -0.1696
vn 0.2786 -0.9433 -0.1805
vn -0.9015 -0.4291 0.0558
vn -0.7445 -0.6455 0.1706
vn -0.6765 -0.7357 0.0333
vn -0.5450 -0.8298 0.1198
vn -0.3579 -0.9337 0.0059
vn -0.3079 -0.9495 0.0601
vn -0.6718 -0.6727 0.3103
vn -0.4926 -0.8418 0.2206
vn -0.2746 -0.9548 0.1137
vn 0.7122 -0.6022 -0.3606
vn 0.5299 -0.8021 -0.2752
vn 0.3005 -0.9394 -0.1650
vn 0.3958 -0.6222 -0.6754
vn 0.2913 -0.8166 -0.4983
vn 0.1650 -0.9446 -0.2838
vn 0.3481 -0.6131 -0.7092
vn 0.2592 -0.8091 -0.5274
vn 0.1487 -0.9418 -0.3016
vn -0.3831 -0.7019 0.6004
vn -0.3519 -0.6979 0.6238
vn -0.2744 -0.8610 0.4283
vn -0.2528 -0.8578 0.4476
vn -0.1479 -0.9624 0.2281
vn -0.1359 -0.9613 0.2398
vn -0.0344 -0.4387 0.8980
vn -0.0222 -0.7432 0.6687
vn -0.0068 -0.9374 0.3483
vn -0.1745 -0.6712 0.7204
vn -0.1260 -0.8440 0.5213
vn -0.0688 -0.9554 0.2872
vn 0.3247 -0.6049 -0.7270
vn 0.2439 -0.8023 -0.5449
vn 0.1412 -0.9389 -0.3139
vn -0.3306 -0.6921 0.6416
vn -0.2388 -0.8533 0.4636
vn -0.1289 -0.9595 0.2503
vn 0.8074 -0.3396 -0.4824
vn 0.4712 -0.3416 -0.8132
vn 0.9546 -0.1740 0.2418
vn 0.9546 -0.1740 0.2416
vn 0.0775 0.2437 0.9668
vn 0.7896 -0.3386 -0.5117
vn -0.2791 -0.1876 -0.9418
vn -0.2791 -0.1878 -0.9417
vn -0.9728 0.2256 -0.0523
vn 0.4366 -0.3430 -0.8317
vn 0.8371 -0.4013 0.3718
vn 0.8371 -0.4182 0.3527
vn 0.6773 -0.5352 0.5047
vn 0.6763 -0.5609 0.4774
vn 0.1228 -0.7522 0.6474
vn -0.1339 -0.7107 0.6906
vn -0.1361 -0.7498 0.6475
vn 0.8377 -0.3834 0.3889
vn 0.6780 -0.5099 0.5294
vn 0.1243 -0.7123 0.6907
vn -0.1325 -0.6715 0.7291
vn 0.9558 0.2186 -0.1968
vn 0.9561 0.2337 -0.1769
vn 0.8556 0.3883 -0.3423
vn 0.4435 0.7120 -0.5444
vn 0.2059 0.7402 -0.6401
vn 0.4431 0.6763 -0.5884
vn 0.9550 0.2529 -0.1548
vn 0.8550 0.4147 -0.3115
vn 0.4404 0.7496 -0.4941
vn 0.2058 0.7785 -0.5930
vn 0.8368 -0.4497 0.3123
vn 0.8372 -0.4343 0.3324
vn 0.6758 -0.6069 0.4182
vn 0.1215 -0.7898 0.6012
vn -0.1357 -0.8208 0.5548
vn 0.1223 -0.8215 0.5570
vn 0.6782 -0.5829 0.4474
vn -0.1361 -0.7877 0.6008
vn 0.9556 0.2015 -0.2152
vn 0.9549 0.1856 -0.2317
vn 0.8559 0.3605 -0.3707
vn 0.8546 0.3370 -0.3950
vn 0.4403 0.6029 -0.6654
vn 0.2047 0.6998 -0.6844
vn 0.2047 0.6609 -0.7220
vn 0.4411 0.6397 -0.6295
vn 0.9538 0.1703 -0.2473
vn 0.9532 0.1529 -0.2610
vn 0.8520 0.3135 -0.4194
vn 0.8500 0.2843 -0.4434
vn 0.4380 0.5195 -0.7337
vn 0.2056 0.6157 -0.7607
vn 0.2057 0.5676 -0.7972
vn 0.4410 0.5600 -0.7014
vn 0.8367 -0.3665 0.4069
vn 0.6757 -0.4857 0.5546
vn 0.1236 -0.6761 0.7264
vn -0.1295 -0.6296 0.7661
vn 0.8370 -0.3463 0.4237
vn 0.6749 -0.4581 0.5785
vn 0.1264 -0.6340 0.7629
vn -0.1257 -0.5848 0.8014
vn 0.8394 -0.3302 0.4317
vn 0.6758 -0.4348 0.5952
vn 0.1274 -0.5906 0.7969
vn -0.1220 -0.5462 0.8287
vn 0.8571 -0.3093 0.4121
vn 0.6955 -0.4135 0.5877
vn 0.1307 -0.5524 0.8233
vn -0.1186 -0.5267 0.8417
vn 0.9526 0.1448 -0.2677
vn 0.9462 0.1562 -0.2835
vn 0.8458 0.2630 -0.4642
vn 0.8339 0.2594 -0.4871
vn 0.4232 0.4252 -0.8001
vn 0.2056 0.5065 -0.8373
vn 0.1993 0.4538 -0.8685
vn 0.4338 0.4663 -0.7710
vn 0.9188 0.0215 0.3941
vn 0.8102 0.0138 0.5859
vn 0.6700 0.0365 0.7414
vn 0.2984 0.0442 0.9534
vn 0.9806 -0.1424 0.1350
vn 0.7416 -0.3859 0.5487
vn 0.1360 -0.5348 0.8340
vn -0.1163 -0.5176 0.8477
vn 0.7416 -0.3849 0.5494
vn 0.1434 -0.5275 0.8374
vn 0.9321 0.1760 -0.3164
vn 0.6340 0.3496 -0.6898
vn 0.1898 0.4308 -0.8822
vn 0.9551 0.2673 -0.1277
vn 0.8533 0.4416 -0.2774
vn 0.4385 0.7898 -0.4288
vn 0.2049 0.8165 -0.5397
vn 0.9512 0.2903 -0.1043
vn 0.8507 0.4698 -0.2358
vn 0.4303 0.8229 -0.3711
vn 0.2034 0.8596 -0.4687
vn 0.8327 -0.4814 0.2735
vn 0.8356 -0.4654 0.2919
vn 0.6690 -0.6484 0.3634
vn 0.1216 -0.8520 0.5092
vn -0.1362 -0.8778 0.4593
vn 0.1127 -0.8814 0.4587
vn 0.6739 -0.6284 0.3886
vn -0.1348 -0.8519 0.5061
vn 0.8792 -0.4735 0.0528
vn 0.6264 -0.7793 0.0166
vn 0.2672 -0.9634 -0.0226
vn 0.8257 -0.5380 0.1696
vn 0.4292 -0.8775 0.2141
vn -0.0743 -0.9796 0.1868
vn 0.9467 0.3083 -0.0936
vn 0.8428 0.5010 -0.1966
vn 0.4191 0.8426 -0.3381
vn 0.1972 0.8942 -0.4019
vn 0.1893 0.9092 -0.3709
vn 0.8324 0.5237 -0.1813
vn 0.4209 0.8451 -0.3296
vn 0.8261 -0.4991 0.2617
vn 0.0981 -0.8992 0.4264
vn 0.6578 -0.6692 0.3457
vn -0.1422 -0.8939 0.4252
vn -0.7764 -0.4744 0.4148
vn -0.7772 -0.4425 0.4475
vn -0.9120 -0.3070 0.2722
vn -0.9122 -0.2837 0.2955
vn -0.9862 -0.1209 0.1129
vn -0.9862 -0.1081 0.1255
vn -0.7732 -0.4191 0.4760
vn -0.9101 -0.2666 0.3173
vn -0.9857 -0.0972 0.1378
vn -0.5393 0.6705 -0.5095
vn -0.5409 0.6393 -0.5465
vn -0.7528 0.5237 -0.3987
vn -0.7534 0.5012 -0.4255
vn -0.9051 0.3376 -0.2586
vn -0.9052 0.3258 -0.2729
vn -0.5390 0.6994 -0.4695
vn -0.7528 0.5442 -0.3703
vn -0.9049 0.3496 -0.2428
vn -0.7769 -0.5013 0.3809
vn -0.7759 -0.5267 0.3472
vn -0.9120 -0.3274 0.2472
vn -0.9121 -0.3438 0.2231
vn -0.9860 -0.1344 0.0989
vn -0.9866 -0.1393 0.0854
vn -0.5395 0.5785 -0.6118
vn -0.5406 0.6088 -0.5806
vn -0.7530 0.4577 -0.4728
vn -0.7532 0.4795 -0.4504
vn -0.9047 0.3037 -0.2987
vn -0.9051 0.3141 -0.2866
vn -0.5350 0.5098 -0.6738
vn -0.5381 0.5490 -0.6396
vn -0.7498 0.4083 -0.5207
vn -0.7525 0.4360 -0.4937
vn -0.9044 0.2740 -0.3270
vn -0.9051 0.2902 -0.3107
vn -0.7707 -0.3879 0.5056
vn -0.9084 -0.2455 0.3384
vn -0.9848 -0.0870 0.1502
vn -0.7658 -0.3576 0.5345
vn -0.9055 -0.2230 0.3610
vn -0.9839 -0.0735 0.1627
vn -0.7601 -0.3325 0.5582
vn -0.9013 -0.2067 0.3808
vn -0.9818 -0.0681 0.1772
vn -0.7498 -0.3223 0.5778
vn -0.8892 -0.2056 0.4087
vn -0.9742 -0.0759 0.2126
vn -0.5199 0.3942 -0.7579
vn -0.5298 0.4511 -0.7182
vn -0.7454 0.3073 -0.5915
vn -0.7453 0.3620 -0.5599
vn -0.9062 0.1941 -0.3757
vn -0.9030 0.2408 -0.3559
vn -0.4615 -0.0201 0.8869
vn -0.7351 -0.0225 0.6776
vn -0.9212 -0.0216 0.3884
vn -0.7330 -0.3248 0.5977
vn -0.8651 -0.2243 0.4487
vn -0.9551 -0.1114 0.2746
vn -0.5206 0.3617 -0.7734
vn -0.7476 0.2754 -0.6043
vn -0.9118 0.1628 -0.3770
vn -0.5370 0.7330 -0.4175
vn -0.7514 0.5694 -0.3333
vn -0.9051 0.3620 -0.2229
vn -0.5291 0.7643 -0.3688
vn -0.7453 0.5956 -0.2997
vn -0.9018 0.3800 -0.2056
vn -0.7731 -0.5515 0.3132
vn -0.7679 -0.5752 0.2820
vn -0.9101 -0.3636 0.1988
vn -0.9068 -0.3828 0.1766
vn -0.9857 -0.1523 0.0719
vn -0.9845 -0.1647 0.0595
vn -0.5193 -0.8542 -0.0260
vn -0.8201 -0.5697 -0.0543
vn -0.9601 -0.2705 -0.0709
vn -0.7218 -0.6841 0.1048
vn -0.8860 -0.4570 0.0786
vn -0.9772 -0.2122 -0.0083
vn -0.5205 0.7815 -0.3439
vn -0.7354 0.6160 -0.2826
vn -0.8984 0.3921 -0.1977
vn -0.7631 -0.5916 0.2601
vn -0.9012 -0.4018 0.1626
vn -0.9827 -0.1775 0.0527
vn -0.2406 0.5315 -0.8122
vn -0.2406 0.8493 -0.4699
vn -0.1204 -0.2036 -0.9716
vn -0.1204 -0.2032 -0.9717
vn -0.1204 -0.2035 -0.9716
vn 0.1700 -0.9813 -0.0904
vn -0.2431 0.6522 -0.7180
vn -0.1553 0.9601 0.2324
vn -0.1520 0.9607 0.2323
vn -0.1507 0.9608 0.2328
vn 0.1352 0.1242 0.9830
vn -0.2305 0.5085 -0.8297
vn -0.1473 0.9613 0.2330
vn -0.5018 -0.3062 0.8090
vn -0.4720 -0.2105 0.8561
vn -0.4362 -0.1137 0.8927
vn -0.5949 -0.0978 -0.7978
vn -0.5948 -0.0979 -0.7979
vn -0.5949 -0.0978 -0.7979
vn -0.7142 -0.6929 -0.0986
vn -0.8777 0.2271 -0.4219
vn 0.0010 -0.8456 -0.5339
vn 0.7855 0.3834 -0.4858
vn 0.4920 0.5630 -0.6641
vn 0.0688 -0.6439 0.7620
vn 0.5010 0.8037 -0.3210
vn 0.2176 -0.5356 -0.8160
vn 0.4423 0.8292 -0.3418
vn -0.1982 0.3962 -0.8965
vn -0.8720 -0.0915 0.4808
vn 0.2710 -0.7219 0.6367
vn -0.0732 0.8713 0.4853
vn 0.9174 -0.3978 -0.0126
vn -0.1873 -0.7090 0.6798
vn -0.4566 -0.4667 0.7575
vn -0.8598 0.2184 0.4616
vn 0.7620 0.2134 -0.6114
vn -0.2567 0.5392 -0.8021
vn -0.6265 -0.7726 -0.1028
vn 0.2917 -0.8582 -0.4224
vn 0.7342 0.5192 -0.4375
vn -0.8950 -0.4291 -0.1222
vn 0.5140 -0.7658 0.3864
vn 0.1289 -0.4547 0.8813
vn -0.2460 0.9473 0.2052
vn -0.7802 0.2613 -0.5684
vn -0.6506 -0.6700 0.3575
vn -0.8846 0.0114 -0.4662
vn -0.0771 -0.9964 -0.0345
vn -0.1969 -0.0126 0.9803
vt 0.676839 0.644729
vt 0.676839 0.644666
vt 0.676839 0.644607
vt 0.535864 0.437685
vt 0.534050 0.441630
vt 0.532560 0.439158
vt 0.803955 0.514879
vt 0.804019 0.526801
vt 0.801743 0.515356
vt 0.530835 0.443277
vt 0.529196 0.447590
vt 0.527710 0.445119
vt 0.782168 0.554935
vt 0.784441 0.567632
vt 0.781776 0.567695
vt 0.521891 0.449289
vt 0.517816 0.449012
vt 0.520405 0.446815
vt 0.801079 0.504280
vt 0.799023 0.504785
vt 0.779408 0.507397
vt 0.779396 0.496757
vt 0.781396 0.507168
vt 0.781614 0.529796
vt 0.784558 0.542041
vt 0.782114 0.542181
vt 0.523224 0.444674
vt 0.526224 0.442650
vt 0.526195 0.449618
vt 0.524709 0.447146
vt 0.783626 0.580468
vt 0.780874 0.580467
vt 0.809543 0.589383
vt 0.807382 0.576712
vt 0.810193 0.576479
vt 0.810168 0.563794
vt 0.806896 0.551517
vt 0.809506 0.551170
vt 0.782047 0.594302
vt 0.779215 0.594213
vt 0.778835 0.613582
vt 0.775938 0.613418
vt 0.806132 0.616718
vt 0.805224 0.602828
vt 0.808190 0.602730
vt 0.519301 0.451487
vt 0.515433 0.451282
vt 0.773483 0.642113
vt 0.770527 0.641938
vt 0.767278 0.676461
vt 0.764290 0.676328
vt 0.803238 0.631136
vt 0.803105 0.616722
vt 0.514643 0.456224
vt 0.511112 0.456216
vt 0.513215 0.453666
vt 0.797895 0.494560
vt 0.795997 0.495069
vt 0.794520 0.485313
vt 0.792765 0.485805
vt 0.774155 0.484295
vt 0.769908 0.467530
vt 0.775757 0.483961
vt 0.532322 0.445748
vt 0.791031 0.476156
vt 0.789386 0.476647
vt 0.787340 0.467255
vt 0.785809 0.467843
vt 0.768527 0.467807
vt 0.764811 0.451492
vt 0.541756 0.438631
vt 0.539070 0.442599
vt 0.537467 0.440142
vt 0.801669 0.527211
vt 0.799538 0.515804
vt 0.795861 0.553376
vt 0.804391 0.564418
vt 0.796001 0.566045
vt 0.784730 0.554829
vt 0.787114 0.567548
vt 0.786768 0.580408
vt 0.794428 0.592087
vt 0.785311 0.594323
vt 0.796973 0.505258
vt 0.794099 0.495548
vt 0.783923 0.529626
vt 0.785007 0.517720
vt 0.786239 0.529428
vt 0.787008 0.541876
vt 0.782843 0.517947
vt 0.783394 0.506907
vt 0.805748 0.538972
vt 0.807452 0.564088
vt 0.804295 0.551839
vt 0.804746 0.564359
vt 0.784896 0.594378
vt 0.787467 0.567505
vt 0.795570 0.578762
vt 0.806650 0.589550
vt 0.804583 0.576924
vt 0.803768 0.589697
vt 0.776437 0.642284
vt 0.792067 0.608313
vt 0.782141 0.613612
vt 0.802269 0.602910
vt 0.800213 0.630899
vt 0.800102 0.616711
vt 0.770260 0.676592
vt 0.796705 0.505302
vt 0.792309 0.516915
vt 0.790202 0.506241
vt 0.781209 0.496442
vt 0.777365 0.483604
vt 0.791007 0.486272
vt 0.787747 0.477122
vt 0.787640 0.496147
vt 0.790735 0.486269
vt 0.793839 0.495580
vt 0.771284 0.467229
vt 0.765435 0.451605
vt 0.784320 0.468409
vt 0.780684 0.518143
vt 0.775310 0.457232
vt 0.785669 0.467644
vt 0.774539 0.458217
vt 0.784321 0.468386
vt 0.773752 0.459185
vt 0.785292 0.517694
vt 0.783660 0.506879
vt 0.787299 0.554700
vt 0.786552 0.529397
vt 0.547453 0.436937
vt 0.544138 0.440974
vt 0.529347 0.440807
vt 0.777621 0.483627
vt 0.779207 0.472325
vt 0.784056 0.485085
vt 0.505753 0.468183
vt 0.503761 0.474425
vt 0.505111 0.468099
vt 0.786568 0.654751
vt 0.770451 0.676644
vt 0.784079 0.653561
vt 0.804218 0.576985
vt 0.808238 0.538580
vt 0.799252 0.515854
vt 0.794007 0.528458
vt 0.803265 0.539339
vt 0.553879 0.435154
vt 0.551720 0.439004
vt 0.547054 0.433459
vt 0.543175 0.434866
vt 0.784265 0.468493
vt 0.787453 0.477095
vt 0.771608 0.467430
vt 0.773891 0.459643
vt 0.512149 0.459358
vt 0.509082 0.458963
vt 0.520786 0.453962
vt 0.516917 0.453757
vt 0.786394 0.580450
vt 0.799587 0.616961
vt 0.788246 0.629338
vt 0.523377 0.451763
vt 0.518401 0.456232
vt 0.795196 0.540730
vt 0.787337 0.541841
vt 0.777596 0.497040
vt 0.643460 0.553072
vt 0.675450 0.522769
vt 0.644616 0.553378
vt 0.781477 0.496413
vt 0.509163 0.463485
vt 0.507192 0.461678
vt 0.509165 0.468035
vt 0.505855 0.468080
vt 0.776872 0.641972
vt 0.783994 0.652842
vt 0.770757 0.675542
vt 0.797053 0.630613
vt 0.764829 0.451503
vt 0.764649 0.450839
vt 0.539373 0.436286
vt 0.764883 0.452073
vt 0.801840 0.603043
vt 0.806377 0.526364
vt 0.787640 0.554660
vt 0.803387 0.589774
vt 0.789054 0.655918
vt 0.516068 0.458783
vt 0.781738 0.613738
vt 0.797247 0.630656
vt 0.803951 0.551897
vt 0.802939 0.539396
vt 0.801364 0.527265
vt 0.535540 0.444103
vt 0.513172 0.462501
vt 0.689125 0.463210
vt 0.605553 0.460959
vt 0.707104 0.457047
vt 0.586453 0.527941
vt 0.540595 0.507567
vt 0.586818 0.526888
vt 0.542691 0.507429
vt 0.587185 0.525838
vt 0.626673 0.535333
vt 0.615669 0.502067
vt 0.643339 0.502040
vt 0.644881 0.655468
vt 0.564970 0.618630
vt 0.569248 0.614687
vt 0.674892 0.521551
vt 0.714232 0.490585
vt 0.634385 0.601876
vt 0.641207 0.650126
vt 0.633215 0.602116
vt 0.610174 0.485458
vt 0.659990 0.468778
vt 0.676831 0.644978
vt 0.720926 0.574270
vt 0.673916 0.664693
vt 0.530287 0.543748
vt 0.581304 0.549905
vt 0.532645 0.545285
vt 0.667082 0.585662
vt 0.698918 0.566080
vt 0.686706 0.617470
vt 0.622178 0.560312
vt 0.580946 0.550968
vt 0.721253 0.469503
vt 0.726269 0.576057
vt 0.514568 0.530269
vt 0.560135 0.623006
vt 0.499190 0.516335
vt 0.657055 0.670252
vt 0.715645 0.572606
vt 0.714455 0.490667
vt 0.715985 0.487669
vt 0.656007 0.595474
vt 0.644571 0.553551
vt 0.656933 0.595139
vt 0.630452 0.545132
vt 0.577957 0.536834
vt 0.582343 0.532174
vt 0.604007 0.455769
vt 0.726030 0.450761
vt 0.643181 0.553098
vt 0.672866 0.515916
vt 0.674831 0.521346
vt 0.677124 0.642080
vt 0.714150 0.572481
vt 0.677908 0.398121
vt 0.617999 0.403266
vt 0.645166 0.354058
vt 0.628166 0.554336
vt 0.577897 0.537086
vt 0.631906 0.550518
vt 0.664223 0.508171
vt 0.658644 0.506708
vt 0.651933 0.600024
vt 0.655851 0.595599
vt 0.670632 0.510100
vt 0.726356 0.450998
vt 0.670437 0.509930
vt 0.623942 0.558759
vt 0.623106 0.559610
vt 0.530173 0.543998
vt 0.570396 0.613093
vt 0.569469 0.614424
vt 0.518692 0.511588
vt 0.499322 0.515973
vt 0.642547 0.652364
vt 0.644264 0.654784
vt 0.635557 0.601632
vt 0.642770 0.652236
vt 0.637394 0.551718
vt 0.647451 0.604916
vt 0.632120 0.550457
vt 0.529540 0.543436
vt 0.579863 0.543308
vt 0.581651 0.548653
vt 0.628807 0.539486
vt 0.670517 0.685508
vt 0.712921 0.493247
vt 0.676007 0.523991
vt 0.628644 0.539258
vt 0.628309 0.538111
vt 0.607034 0.465935
vt 0.685975 0.464875
vt 0.607443 0.467332
vt 0.650741 0.447329
vt 0.710649 0.442184
vt 0.538126 0.507425
vt 0.540582 0.507334
vt 0.628821 0.539206
vt 0.657575 0.505942
vt 0.658457 0.506638
vt 0.647197 0.604988
vt 0.641154 0.603285
vt 0.581667 0.548844
vt 0.622978 0.559486
vt 0.670148 0.685599
vt 0.590832 0.452474
vt 0.648883 0.416238
vt 0.631959 0.550301
vt 0.627988 0.537004
vt 0.607848 0.468717
vt 0.542679 0.507210
vt 0.683956 0.466022
vt 0.645683 0.553837
vt 0.657856 0.594802
vt 0.713113 0.493337
vt 0.677254 0.640437
vt 0.712666 0.572352
vt 0.532526 0.545507
vt 0.571321 0.611772
vt 0.622302 0.560431
vt 0.641025 0.650239
vt 0.716283 0.486836
vt 0.715982 0.572667
vt 0.676744 0.644145
vt 0.676880 0.642123
vt 0.677039 0.640445
vt 0.645726 0.553672
vt 0.624059 0.558508
vt 0.621327 0.561177
vt 0.596553 0.586486
vt 0.583817 0.561504
vt 0.584184 0.599122
vt 0.546343 0.561830
vt 0.586330 0.528098
vt 0.537303 0.507591
vt 0.593500 0.518727
vt 0.560358 0.502137
vt 0.628479 0.538061
vt 0.656693 0.505250
vt 0.679300 0.534247
vt 0.711130 0.514690
vt 0.647438 0.553823
vt 0.681775 0.561998
vt 0.635760 0.601660
vt 0.621676 0.598813
vt 0.622025 0.636412
vt 0.534638 0.546655
vt 0.606940 0.465616
vt 0.686100 0.465095
vt 0.688398 0.463755
vt 0.684060 0.466206
vt 0.544038 0.449411
vt 0.542370 0.453432
vt 0.540800 0.450989
vt 0.465580 0.545636
vt 0.467732 0.533572
vt 0.467978 0.545578
vt 0.539155 0.455169
vt 0.537520 0.459580
vt 0.535997 0.457058
vt 0.491477 0.509193
vt 0.490231 0.497753
vt 0.492562 0.497857
vt 0.530039 0.461231
vt 0.525924 0.460842
vt 0.528588 0.458695
vt 0.466320 0.557610
vt 0.468719 0.557519
vt 0.491580 0.557422
vt 0.490734 0.570391
vt 0.489245 0.557543
vt 0.490526 0.533177
vt 0.488441 0.521019
vt 0.490776 0.521043
vt 0.531461 0.456581
vt 0.534493 0.454559
vt 0.534428 0.461643
vt 0.532939 0.459100
vt 0.491720 0.486785
vt 0.494044 0.486935
vt 0.470796 0.477221
vt 0.471280 0.487982
vt 0.468884 0.487870
vt 0.467404 0.498687
vt 0.468712 0.509932
vt 0.466318 0.509889
vt 0.493784 0.475472
vt 0.496087 0.475667
vt 0.497130 0.460783
vt 0.499391 0.461002
vt 0.476197 0.455519
vt 0.475613 0.466697
vt 0.473209 0.466491
vt 0.527347 0.463392
vt 0.523445 0.463041
vt 0.501953 0.440459
vt 0.504234 0.440621
vt 0.506639 0.416232
vt 0.509148 0.415864
vt 0.479854 0.444613
vt 0.478611 0.455806
vt 0.522421 0.467980
vt 0.518849 0.467784
vt 0.521104 0.465335
vt 0.467521 0.569546
vt 0.469922 0.569424
vt 0.469226 0.581815
vt 0.471633 0.581662
vt 0.496276 0.587803
vt 0.499762 0.613723
vt 0.493960 0.588049
vt 0.540711 0.457663
vt 0.471472 0.594736
vt 0.473883 0.594557
vt 0.474055 0.608040
vt 0.476467 0.607851
vt 0.502064 0.613451
vt 0.506855 0.643956
vt 0.549946 0.450114
vt 0.547506 0.454227
vt 0.545755 0.451808
vt 0.470121 0.533552
vt 0.470371 0.545521
vt 0.478908 0.509531
vt 0.472502 0.498827
vt 0.479992 0.498256
vt 0.489143 0.509130
vt 0.487890 0.497649
vt 0.489068 0.486647
vt 0.483488 0.476418
vt 0.491154 0.475294
vt 0.471113 0.557427
vt 0.472319 0.569300
vt 0.488190 0.533197
vt 0.486114 0.545470
vt 0.485848 0.533218
vt 0.486097 0.520997
vt 0.488459 0.545403
vt 0.486900 0.557664
vt 0.468007 0.521606
vt 0.469798 0.498763
vt 0.471100 0.509977
vt 0.472185 0.498840
vt 0.491470 0.475271
vt 0.487573 0.497661
vt 0.481478 0.487379
vt 0.473195 0.477374
vt 0.473667 0.488095
vt 0.475585 0.477530
vt 0.499693 0.440294
vt 0.486446 0.463746
vt 0.494547 0.460632
vt 0.478005 0.466904
vt 0.482118 0.445071
vt 0.480990 0.456086
vt 0.504263 0.417171
vt 0.471429 0.557426
vt 0.478200 0.545496
vt 0.478961 0.557545
vt 0.488389 0.570577
vt 0.491636 0.588296
vt 0.474035 0.581506
vt 0.476292 0.594378
vt 0.480307 0.569931
vt 0.474363 0.581576
vt 0.472637 0.569311
vt 0.497455 0.613996
vt 0.504572 0.644146
vt 0.478881 0.607660
vt 0.490794 0.545335
vt 0.561290 0.445655
vt 0.554835 0.444726
vt 0.561345 0.445044
vt 0.555060 0.444086
vt 0.561399 0.444431
vt 0.485798 0.545474
vt 0.486583 0.557666
vt 0.486800 0.509068
vt 0.485532 0.533223
vt 0.555316 0.448199
vt 0.552480 0.452260
vt 0.537623 0.452703
vt 0.491308 0.588227
vt 0.486905 0.604195
vt 0.482814 0.584877
vt 0.490714 0.428801
vt 0.502779 0.415437
vt 0.492414 0.429895
vt 0.504112 0.417106
vt 0.494118 0.430986
vt 0.473985 0.488080
vt 0.465614 0.521592
vt 0.470687 0.545517
vt 0.477941 0.533389
vt 0.470395 0.521619
vt 0.561179 0.445726
vt 0.559642 0.449565
vt 0.554603 0.445432
vt 0.551103 0.446559
vt 0.479177 0.607566
vt 0.476643 0.594571
vt 0.497100 0.613792
vt 0.491674 0.625661
vt 0.519748 0.470899
vt 0.516650 0.470418
vt 0.528778 0.465970
vt 0.524841 0.465605
vt 0.489385 0.486633
vt 0.481355 0.455902
vt 0.490566 0.448249
vt 0.531498 0.463791
vt 0.526243 0.468199
vt 0.478203 0.521315
vt 0.485782 0.521005
vt 0.493067 0.570206
vt 0.549935 0.459504
vt 0.548250 0.463561
vt 0.546652 0.461107
vt 0.488071 0.570568
vt 0.516570 0.474589
vt 0.514648 0.472992
vt 0.516357 0.478780
vt 0.512967 0.478516
vt 0.499359 0.440490
vt 0.494092 0.431474
vt 0.503850 0.417849
vt 0.484597 0.445630
vt 0.567941 0.445433
vt 0.567999 0.446123
vt 0.547447 0.447933
vt 0.567804 0.444787
vt 0.478339 0.466833
vt 0.465333 0.533592
vt 0.486484 0.509078
vt 0.475906 0.477507
vt 0.523736 0.470652
vt 0.494868 0.460558
vt 0.484333 0.445515
vt 0.471416 0.509966
vt 0.470710 0.521612
vt 0.470436 0.533546
vt 0.543968 0.455903
vt 0.520618 0.474026
vt 0.769734 0.550597
vt 0.767754 0.562480
vt 0.767374 0.550670
vt 0.545033 0.465338
vt 0.543468 0.469782
vt 0.541898 0.467290
vt 0.744795 0.587251
vt 0.746437 0.598664
vt 0.744094 0.598646
vt 0.536032 0.471612
vt 0.531896 0.471344
vt 0.534507 0.469111
vt 0.768985 0.538830
vt 0.766620 0.538913
vt 0.743874 0.538988
vt 0.744737 0.526055
vt 0.746205 0.538865
vt 0.745142 0.563234
vt 0.747487 0.575345
vt 0.745153 0.575381
vt 0.537338 0.466915
vt 0.540339 0.464814
vt 0.540429 0.471908
vt 0.538879 0.469404
vt 0.745369 0.609766
vt 0.743011 0.609703
vt 0.766891 0.618138
vt 0.765723 0.607539
vt 0.768089 0.607519
vt 0.769046 0.596814
vt 0.767359 0.585791
vt 0.769718 0.585759
vt 0.743784 0.621412
vt 0.741408 0.621284
vt 0.741207 0.637090
vt 0.738839 0.636894
vt 0.764337 0.640718
vt 0.763202 0.629154
vt 0.765598 0.629099
vt 0.533402 0.473855
vt 0.529479 0.473631
vt 0.737232 0.659544
vt 0.734874 0.659313
vt 0.732561 0.685748
vt 0.730315 0.685360
vt 0.763128 0.652569
vt 0.761928 0.640797
vt 0.528636 0.478618
vt 0.524959 0.478547
vt 0.527198 0.476014
vt 0.767889 0.527064
vt 0.765513 0.527160
vt 0.766377 0.514901
vt 0.763984 0.515027
vt 0.739538 0.508726
vt 0.737246 0.483386
vt 0.741819 0.508543
vt 0.546622 0.467817
vt 0.764296 0.502072
vt 0.761891 0.502243
vt 0.761596 0.488894
vt 0.759295 0.489263
vt 0.734999 0.483520
vt 0.732620 0.453666
vt 0.555944 0.460238
vt 0.553402 0.464348
vt 0.551664 0.461921
vt 0.765401 0.562538
vt 0.765016 0.550742
vt 0.757298 0.586514
vt 0.764016 0.596884
vt 0.756626 0.597759
vt 0.747130 0.587240
vt 0.748786 0.598680
vt 0.748058 0.609796
vt 0.754248 0.619849
vt 0.746498 0.621499
vt 0.764257 0.538998
vt 0.763141 0.527260
vt 0.747479 0.563174
vt 0.749397 0.550897
vt 0.749817 0.563115
vt 0.749827 0.575309
vt 0.747059 0.550983
vt 0.748543 0.538741
vt 0.767732 0.574268
vt 0.766685 0.596838
vt 0.765002 0.585822
vt 0.764327 0.596859
vt 0.746175 0.621539
vt 0.749103 0.598655
vt 0.755635 0.608681
vt 0.764512 0.618168
vt 0.763357 0.607557
vt 0.762128 0.618196
vt 0.739596 0.659776
vt 0.752226 0.633188
vt 0.743912 0.637196
vt 0.760798 0.629206
vt 0.760716 0.652660
vt 0.759514 0.640875
vt 0.734892 0.686035
vt 0.763945 0.538999
vt 0.757270 0.550818
vt 0.756467 0.538870
vt 0.747072 0.525887
vt 0.744101 0.508354
vt 0.761597 0.515156
vt 0.759514 0.502412
vt 0.755178 0.526581
vt 0.761274 0.515084
vt 0.762827 0.527247
vt 0.739477 0.483243
vt 0.735267 0.453992
vt 0.757041 0.489623
vt 0.744727 0.551070
vt 0.749983 0.469387
vt 0.748215 0.470383
vt 0.746441 0.471376
vt 0.749712 0.550890
vt 0.748858 0.538738
vt 0.749470 0.587227
vt 0.750131 0.563104
vt 0.561596 0.458355
vt 0.558482 0.462452
vt 0.543454 0.462874
vt 0.744419 0.508430
vt 0.749199 0.492867
vt 0.752861 0.511784
vt 0.519434 0.489610
vt 0.517642 0.495204
vt 0.518839 0.489577
vt 0.517069 0.494939
vt 0.518243 0.489543
vt 0.763044 0.607588
vt 0.770091 0.574224
vt 0.764706 0.550748
vt 0.757674 0.562822
vt 0.765376 0.574312
vt 0.567945 0.456285
vt 0.566053 0.460026
vt 0.560936 0.455350
vt 0.557172 0.456627
vt 0.756760 0.489712
vt 0.759172 0.502221
vt 0.739805 0.483461
vt 0.746429 0.471856
vt 0.526075 0.481679
vt 0.522745 0.481253
vt 0.534913 0.476385
vt 0.530969 0.476151
vt 0.747737 0.609824
vt 0.759173 0.641064
vt 0.749482 0.650223
vt 0.537562 0.474130
vt 0.532458 0.478690
vt 0.757663 0.574801
vt 0.750141 0.575293
vt 0.742411 0.526220
vt 0.747387 0.525899
vt 0.523039 0.485558
vt 0.520739 0.483934
vt 0.523013 0.489763
vt 0.519524 0.489536
vt 0.739938 0.659575
vt 0.746657 0.669133
vt 0.735295 0.685455
vt 0.757962 0.652868
vt 0.736902 0.452398
vt 0.738382 0.450839
vt 0.553414 0.458015
vt 0.735418 0.453948
vt 0.760473 0.629301
vt 0.770113 0.562421
vt 0.749786 0.587207
vt 0.761812 0.618241
vt 0.520033 0.484074
vt 0.520667 0.483981
vt 0.530054 0.481237
vt 0.743584 0.637287
vt 0.519405 0.484206
vt 0.764692 0.585842
vt 0.765067 0.574327
vt 0.765091 0.562548
vt 0.549858 0.466028
vt 0.527096 0.484798
vt 0.504394 0.474669
vt 0.504416 0.474663
vt 0.504389 0.474685
vt 0.504422 0.474635
vt 0.504442 0.474637
vt 0.504414 0.474680
vt 0.504436 0.474656
vt 0.504506 0.474559
vt 0.504485 0.474552
vt 0.504515 0.474516
vt 0.764206 0.675892
vt 0.764138 0.675906
vt 0.764173 0.675671
vt 0.504471 0.474602
vt 0.504454 0.474595
vt 0.504455 0.474643
vt 0.764219 0.676247
vt 0.764240 0.676121
vt 0.764286 0.676482
vt 0.764200 0.676336
vt 0.764177 0.676090
vt 0.764167 0.676185
vt 0.787140 0.466874
vt 0.787103 0.466970
vt 0.787043 0.466883
vt 0.787232 0.466890
vt 0.787196 0.466959
vt 0.787177 0.467069
vt 0.787270 0.466958
vt 0.787251 0.467034
vt 0.787460 0.466924
vt 0.787344 0.466987
vt 0.787321 0.466898
vt 0.787430 0.467041
vt 0.787345 0.467054
vt 0.787292 0.467015
vt 0.787259 0.467169
vt 0.787377 0.467178
vt 0.787311 0.467108
vt 0.787402 0.467108
vt 0.764449 0.450974
vt 0.764427 0.450910
vt 0.764469 0.451131
vt 0.764384 0.451082
vt 0.764351 0.450982
vt 0.764368 0.450943
vt 0.764337 0.451030
vt 0.764126 0.451268
vt 0.764267 0.451120
vt 0.764336 0.451203
vt 0.764233 0.451080
vt 0.764299 0.451023
vt 0.560696 0.436831
vt 0.560696 0.436854
vt 0.560659 0.436844
vt 0.764304 0.450972
vt 0.764422 0.450920
vt 0.764271 0.451036
vt 0.764242 0.451099
vt 0.770450 0.676497
vt 0.770524 0.676397
vt 0.770301 0.676702
vt 0.770389 0.676554
vt 0.770509 0.676301
vt 0.770617 0.676110
vt 0.770453 0.676389
vt 0.770376 0.676470
vt 0.770279 0.676668
vt 0.770371 0.676334
vt 0.770464 0.676278
vt 0.770704 0.675813
vt 0.770632 0.675770
vt 0.770571 0.676062
vt 0.770499 0.676048
vt 0.784317 0.468403
vt 0.784298 0.468399
vt 0.784317 0.468415
vt 0.784304 0.468414
vt 0.784280 0.468424
vt 0.784301 0.468431
vt 0.784292 0.468430
vt 0.784324 0.468427
vt 0.784319 0.468419
vt 0.784314 0.468448
vt 0.784314 0.468428
vt 0.784304 0.468439
vt 0.784308 0.468423
vt 0.784268 0.468457
vt 0.784293 0.468470
vt 0.784289 0.468449
vt 0.765032 0.451870
vt 0.765086 0.451996
vt 0.764988 0.451835
vt 0.765055 0.451761
vt 0.765140 0.451836
vt 0.765092 0.451773
vt 0.765067 0.451703
vt 0.765055 0.451711
vt 0.765052 0.451692
vt 0.765091 0.451696
vt 0.765064 0.451719
vt 0.765038 0.451741
vt 0.765097 0.451727
vt 0.765197 0.451731
vt 0.765182 0.451667
vt 0.765226 0.451907
vt 0.643436 0.553112
vt 0.643386 0.553087
vt 0.643419 0.553158
vt 0.643371 0.553115
vt 0.643303 0.553103
vt 0.643363 0.553143
vt 0.643327 0.553135
vt 0.643315 0.553120
vt 0.643357 0.553206
vt 0.643412 0.553206
vt 0.643414 0.553252
vt 0.643309 0.553142
vt 0.643357 0.553173
vt 0.643234 0.553106
vt 0.643271 0.553120
vt 0.643232 0.553116
vt 0.643292 0.553152
vt 0.530181 0.543766
vt 0.530035 0.543674
vt 0.530131 0.543812
vt 0.530004 0.543688
vt 0.529867 0.543632
vt 0.529809 0.543590
vt 0.529962 0.543725
vt 0.530119 0.543882
vt 0.529988 0.543710
vt 0.529652 0.543515
vt 0.529754 0.543563
vt 0.529768 0.543588
vt 0.715765 0.487588
vt 0.715950 0.487408
vt 0.715835 0.487592
vt 0.715888 0.487602
vt 0.716053 0.487278
vt 0.715987 0.487414
vt 0.716218 0.486958
vt 0.716187 0.486998
vt 0.716143 0.487086
vt 0.716073 0.487184
vt 0.715935 0.487624
vt 0.716055 0.487396
vt 0.716023 0.487400
vt 0.716095 0.487205
vt 0.716140 0.487121
vt 0.676817 0.644174
vt 0.676794 0.644392
vt 0.676876 0.644168
vt 0.676832 0.644397
vt 0.676864 0.644388
vt 0.676846 0.644534
vt 0.676841 0.644596
vt 0.677008 0.644065
vt 0.676889 0.644396
vt 0.676934 0.644133
vt 0.676910 0.644394
vt 0.676848 0.644690
vt 0.688406 0.463668
vt 0.688575 0.463591
vt 0.688566 0.463513
vt 0.688686 0.463458
vt 0.688722 0.463445
vt 0.688251 0.463540
vt 0.688573 0.463481
vt 0.688343 0.463567
vt 0.688575 0.463463
vt 0.688835 0.463362
vt 0.688745 0.463423
vt 0.688388 0.463609
vt 0.688976 0.463316
vt 0.689002 0.463274
vt 0.623879 0.558604
vt 0.623850 0.558652
vt 0.623809 0.558630
vt 0.623957 0.558595
vt 0.623907 0.558620
vt 0.623929 0.558640
vt 0.623888 0.558682
vt 0.623954 0.558614
vt 0.623993 0.558610
vt 0.623995 0.558573
vt 0.624025 0.558550
vt 0.624018 0.558542
vt 0.623958 0.558576
vt 0.623919 0.558719
vt 0.623966 0.558689
vt 0.623949 0.558662
vt 0.623973 0.558611
vt 0.644498 0.654667
vt 0.644573 0.654957
vt 0.644464 0.654745
vt 0.644595 0.654933
vt 0.644706 0.655191
vt 0.644662 0.655134
vt 0.644696 0.655201
vt 0.644732 0.655243
vt 0.644785 0.655339
vt 0.644359 0.654796
vt 0.644500 0.654992
vt 0.644420 0.654783
vt 0.644526 0.654985
vt 0.644545 0.654965
vt 0.628810 0.539279
vt 0.628782 0.539231
vt 0.628779 0.539353
vt 0.628782 0.539296
vt 0.628754 0.539305
vt 0.628737 0.539250
vt 0.628764 0.539340
vt 0.628786 0.539436
vt 0.628758 0.539359
vt 0.628781 0.539397
vt 0.628797 0.539432
vt 0.628797 0.539363
vt 0.628690 0.539258
vt 0.628692 0.539314
vt 0.628725 0.539313
vt 0.628749 0.539377
vt 0.538122 0.507676
vt 0.537859 0.507592
vt 0.538068 0.507610
vt 0.537617 0.507585
vt 0.537696 0.507584
vt 0.537880 0.507629
vt 0.538067 0.507496
vt 0.537833 0.507525
vt 0.537855 0.507564
vt 0.537838 0.507542
vt 0.537657 0.507583
vt 0.537574 0.507574
vt 0.537731 0.507577
vt 0.670474 0.685660
vt 0.670425 0.685539
vt 0.670637 0.685648
vt 0.670587 0.685564
vt 0.670334 0.685564
vt 0.670487 0.685761
vt 0.670378 0.685704
vt 0.645164 0.354036
vt 0.645192 0.354051
vt 0.645139 0.354056
vt 0.645144 0.354027
vt 0.645183 0.354023
vt 0.645210 0.354046
vt 0.645163 0.354019
vt 0.670242 0.685583
vt 0.670128 0.685703
vt 0.670274 0.685711
vt 0.670159 0.685781
vt 0.670395 0.685765
vt 0.670316 0.685800
vt 0.726034 0.450685
vt 0.726123 0.450810
vt 0.726074 0.450615
vt 0.726184 0.450711
vt 0.726209 0.450862
vt 0.726241 0.450651
vt 0.726286 0.450750
vt 0.710666 0.442187
vt 0.710637 0.442206
vt 0.710663 0.442160
vt 0.710683 0.442170
vt 0.726159 0.450520
vt 0.726345 0.450604
vt 0.726313 0.450697
vt 0.726287 0.450923
vt 0.726438 0.450983
vt 0.726374 0.450826
vt 0.726517 0.450925
vt 0.726419 0.450727
vt 0.632069 0.550483
vt 0.632087 0.550410
vt 0.632017 0.550501
vt 0.632042 0.550438
vt 0.632049 0.550369
vt 0.631995 0.550426
vt 0.632017 0.550404
vt 0.631909 0.550461
vt 0.631964 0.550513
vt 0.631919 0.550407
vt 0.631962 0.550461
vt 0.632004 0.550456
vt 0.632007 0.550333
vt 0.631935 0.550354
vt 0.631982 0.550380
vt 0.631965 0.550419
vt 0.712964 0.493312
vt 0.712898 0.493340
vt 0.713000 0.493228
vt 0.713044 0.493231
vt 0.712933 0.493389
vt 0.712871 0.493434
vt 0.713002 0.493308
vt 0.712968 0.493366
vt 0.713021 0.493340
vt 0.713076 0.493261
vt 0.713033 0.493411
vt 0.712966 0.493407
vt 0.712842 0.493528
vt 0.712886 0.493551
vt 0.714266 0.493697
vt 0.712911 0.493461
vt 0.712957 0.493481
vt 0.645762 0.553697
vt 0.645707 0.553712
vt 0.645794 0.553725
vt 0.645742 0.553733
vt 0.645694 0.553752
vt 0.645767 0.553751
vt 0.645730 0.553761
vt 0.645807 0.553811
vt 0.645821 0.553756
vt 0.643709 0.553388
vt 0.645768 0.553825
vt 0.645786 0.553776
vt 0.645758 0.553788
vt 0.645686 0.553793
vt 0.645727 0.553833
vt 0.645727 0.553792
vt 0.645752 0.553767
vt 0.677125 0.640410
vt 0.677106 0.640487
vt 0.677074 0.640361
vt 0.677140 0.640335
vt 0.677154 0.640423
vt 0.677144 0.640493
vt 0.677178 0.640169
vt 0.677130 0.640174
vt 0.678057 0.640603
vt 0.677199 0.640257
vt 0.677158 0.640263
vt 0.677105 0.640269
vt 0.677181 0.640403
vt 0.677223 0.640345
vt 0.677181 0.640480
vt 0.677174 0.640330
vt 0.622216 0.560337
vt 0.622160 0.560353
vt 0.622248 0.560364
vt 0.622196 0.560373
vt 0.622148 0.560393
vt 0.622206 0.560407
vt 0.622184 0.560402
vt 0.622262 0.560451
vt 0.622276 0.560395
vt 0.622222 0.560465
vt 0.622240 0.560416
vt 0.622212 0.560428
vt 0.622221 0.560391
vt 0.622140 0.560434
vt 0.622181 0.560473
vt 0.623592 0.559000
vt 0.622181 0.560432
vt 0.534640 0.546740
vt 0.534580 0.546695
vt 0.534709 0.546716
vt 0.534681 0.546782
vt 0.534604 0.546766
vt 0.534554 0.546730
vt 0.534645 0.546790
vt 0.534303 0.546804
vt 0.534805 0.546831
vt 0.533636 0.547229
vt 0.534701 0.546890
vt 0.534722 0.546831
vt 0.534761 0.546774
vt 0.534659 0.546826
vt 0.534531 0.546845
vt 0.534603 0.546810
vt 0.534626 0.546876
vt 0.534539 0.546771
vt 0.641119 0.650117
vt 0.641136 0.650050
vt 0.641135 0.650209
vt 0.641097 0.650157
vt 0.641069 0.650067
vt 0.641068 0.649987
vt 0.641065 0.650109
vt 0.641052 0.650157
vt 0.641096 0.650226
vt 0.640987 0.650135
vt 0.641026 0.650091
vt 0.641002 0.649930
vt 0.640943 0.649964
vt 0.640323 0.650780
vt 0.641012 0.650018
vt 0.640962 0.650048
vt 0.683985 0.466176
vt 0.684054 0.466139
vt 0.683968 0.466242
vt 0.683922 0.466199
vt 0.683985 0.466132
vt 0.683937 0.466161
vt 0.683768 0.466232
vt 0.683805 0.466288
vt 0.683980 0.465251
vt 0.683819 0.466165
vt 0.683853 0.466216
vt 0.683885 0.466267
vt 0.683896 0.466158
vt 0.683945 0.466110
vt 0.683877 0.466097
vt 0.684013 0.466066
vt 0.628113 0.536977
vt 0.628126 0.536921
vt 0.628153 0.536956
vt 0.628073 0.536991
vt 0.628091 0.536942
vt 0.628098 0.536890
vt 0.628056 0.536933
vt 0.628072 0.536918
vt 0.627991 0.536960
vt 0.628032 0.537000
vt 0.627998 0.536919
vt 0.628032 0.536959
vt 0.628035 0.536928
vt 0.628063 0.536955
vt 0.628065 0.536864
vt 0.628011 0.536880
vt 0.628550 0.538654
vt 0.628047 0.536900
vt 0.542718 0.507350
vt 0.542768 0.507398
vt 0.542650 0.507362
vt 0.542640 0.507326
vt 0.542784 0.507340
vt 0.542849 0.507372
vt 0.542702 0.507324
vt 0.542753 0.507323
vt 0.542717 0.507296
vt 0.542645 0.507288
vt 0.542768 0.507246
vt 0.542784 0.507306
vt 0.542935 0.507349
vt 0.542936 0.507303
vt 0.542165 0.506525
vt 0.542848 0.507324
vt 0.542851 0.507277
vt 0.511243 0.484253
vt 0.511269 0.484247
vt 0.511239 0.484274
vt 0.511275 0.484217
vt 0.511297 0.484222
vt 0.511268 0.484266
vt 0.511291 0.484242
vt 0.511361 0.484154
vt 0.511342 0.484144
vt 0.511372 0.484116
vt 0.511342 0.484197
vt 0.511327 0.484191
vt 0.511309 0.484180
vt 0.511311 0.484230
vt 0.509198 0.415909
vt 0.509188 0.416005
vt 0.511255 0.484288
vt 0.511287 0.484262
vt 0.511319 0.484246
vt 0.567987 0.446143
vt 0.567958 0.446141
vt 0.568025 0.446129
vt 0.568003 0.446147
vt 0.567955 0.446162
vt 0.567912 0.446159
vt 0.567975 0.446162
vt 0.509152 0.643685
vt 0.509198 0.643630
vt 0.509155 0.643740
vt 0.567971 0.446189
vt 0.567958 0.446177
vt 0.567995 0.446163
vt 0.568025 0.446139
vt 0.567866 0.446177
vt 0.567868 0.446198
vt 0.567828 0.446195
vt 0.567915 0.446178
vt 0.567916 0.446194
vt 0.504100 0.417237
vt 0.504032 0.417309
vt 0.504223 0.417081
vt 0.504149 0.417199
vt 0.504044 0.417378
vt 0.503962 0.417498
vt 0.504091 0.417319
vt 0.504158 0.417263
vt 0.504242 0.417107
vt 0.504155 0.417368
vt 0.504079 0.417397
vt 0.503894 0.417684
vt 0.503943 0.417714
vt 0.503995 0.417532
vt 0.504047 0.417547
vt 0.567783 0.444767
vt 0.567820 0.444786
vt 0.567756 0.444766
vt 0.567743 0.444750
vt 0.567800 0.444767
vt 0.567766 0.444753
vt 0.504209 0.643599
vt 0.504154 0.643634
vt 0.504103 0.643449
vt 0.504331 0.643790
vt 0.504271 0.643809
vt 0.504234 0.643849
vt 0.504377 0.643960
vt 0.504340 0.643986
vt 0.504475 0.644086
vt 0.504458 0.643984
vt 0.504567 0.644226
vt 0.504481 0.644150
vt 0.504403 0.644042
vt 0.518235 0.495431
vt 0.518256 0.495430
vt 0.518231 0.495446
vt 0.518261 0.495406
vt 0.518279 0.495411
vt 0.518254 0.495446
vt 0.518274 0.495427
vt 0.518335 0.495354
vt 0.518316 0.495345
vt 0.518342 0.495320
vt 0.730234 0.685087
vt 0.730177 0.685100
vt 0.730199 0.684945
vt 0.518305 0.495386
vt 0.518288 0.495376
vt 0.518291 0.495419
vt 0.730260 0.685322
vt 0.730270 0.685233
vt 0.730309 0.685443
vt 0.730252 0.685378
vt 0.730216 0.685223
vt 0.730215 0.685290
vt 0.520672 0.483959
vt 0.520687 0.483972
vt 0.520678 0.483933
vt 0.520691 0.483951
vt 0.520703 0.483959
vt 0.520707 0.483932
vt 0.520706 0.483943
vt 0.520715 0.483894
vt 0.520688 0.483907
vt 0.520697 0.483883
vt 0.520723 0.483907
vt 0.520704 0.483914
vt 0.520697 0.483932
vt 0.520715 0.483921
vt 0.520718 0.483932
vt 0.520730 0.483919
vt 0.520720 0.483946
vt 0.575173 0.457181
vt 0.575160 0.457201
vt 0.575132 0.457197
vt 0.575198 0.457186
vt 0.575178 0.457206
vt 0.575128 0.457218
vt 0.575084 0.457214
vt 0.575148 0.457219
vt 0.730277 0.453836
vt 0.730228 0.453885
vt 0.730279 0.453783
vt 0.730235 0.453977
vt 0.730188 0.453995
vt 0.730222 0.453826
vt 0.730278 0.453755
vt 0.730187 0.453924
vt 0.575035 0.457231
vt 0.575037 0.457254
vt 0.574993 0.457248
vt 0.575087 0.457234
vt 0.575088 0.457251
vt 0.575130 0.457232
vt 0.517054 0.494920
vt 0.517060 0.494896
vt 0.517061 0.494960
vt 0.517049 0.494934
vt 0.517046 0.494885
vt 0.517052 0.494846
vt 0.517043 0.494904
vt 0.734979 0.685994
vt 0.734890 0.686092
vt 0.734991 0.685899
vt 0.735064 0.685889
vt 0.517053 0.494960
vt 0.517034 0.494929
vt 0.735044 0.685960
vt 0.734978 0.686053
vt 0.735263 0.685618
vt 0.735201 0.685583
vt 0.517037 0.494844
vt 0.517045 0.494795
vt 0.735155 0.685764
vt 0.735097 0.685741
vt 0.517034 0.494886
vt 0.519386 0.484198
vt 0.519406 0.484184
vt 0.519365 0.484187
vt 0.519387 0.484179
vt 0.519406 0.484158
vt 0.519377 0.484162
vt 0.519389 0.484161
vt 0.758041 0.652841
vt 0.758015 0.652925
vt 0.758135 0.652871
vt 0.758075 0.652898
vt 0.519357 0.484163
vt 0.519344 0.484176
vt 0.519371 0.484173
vt 0.519408 0.484132
vt 0.519389 0.484120
vt 0.519409 0.484109
vt 0.519388 0.484141
vt 0.758203 0.652853
vt 0.758131 0.652810
vt 0.758221 0.652779
vt 0.519371 0.484151
vt 0.735423 0.454075
vt 0.735353 0.453904
vt 0.735484 0.454152
vt 0.735470 0.454219
vt 0.735377 0.454031
vt 0.735427 0.454157
vt 0.735554 0.454566
vt 0.735605 0.454538
vt 0.735642 0.454709
vt 0.735459 0.454389
vt 0.735512 0.454377
vt 0.735546 0.454345
vt 0.735434 0.454236
vt 0.735364 0.454096
vt 0.735362 0.454201
vt 0.735314 0.453891
vt 0.060196 0.436901
vt 0.060324 0.436744
vt 0.060304 0.436867
vt 0.060077 0.436889
vt 0.060164 0.436710
vt 0.060351 0.436627
vt 0.060057 0.436656
vt 0.060178 0.436577
vt 0.059506 0.436381
vt 0.059959 0.436512
vt 0.059900 0.436821
vt 0.060078 0.436223
vt 0.060120 0.436445
vt 0.060101 0.436554
vt 0.060391 0.436514
vt 0.060371 0.436314
vt 0.060441 0.436399
vt 0.060240 0.436457
vt 0.060265 0.436261
vt 0.523214 0.444658
vt 0.526214 0.442633
vt 0.806545 0.526335
vt 0.808360 0.538564
vt 0.806492 0.526343
vt 0.808304 0.538570
vt 0.806439 0.526352
vt 0.520395 0.446799
vt 0.808416 0.538561
vt 0.809633 0.551160
vt 0.809575 0.551163
vt 0.529206 0.447607
vt 0.780519 0.518162
vt 0.781494 0.529803
vt 0.781437 0.529806
vt 0.780572 0.518155
vt 0.781550 0.529800
vt 0.532333 0.445765
vt 0.779257 0.507424
vt 0.779305 0.507413
vt 0.780625 0.518149
vt 0.532550 0.439142
vt 0.804111 0.514840
vt 0.801177 0.504251
vt 0.801222 0.504235
vt 0.804062 0.514853
vt 0.801133 0.504266
vt 0.529337 0.440790
vt 0.804013 0.514865
vt 0.526205 0.449635
vt 0.523387 0.451780
vt 0.781972 0.554924
vt 0.781987 0.542183
vt 0.782035 0.554932
vt 0.782047 0.542183
vt 0.782098 0.554936
vt 0.781927 0.542181
vt 0.780592 0.580404
vt 0.781574 0.567673
vt 0.780666 0.580431
vt 0.781638 0.567686
vt 0.780732 0.580451
vt 0.781703 0.567693
vt 0.780798 0.580463
vt 0.520796 0.453979
vt 0.517806 0.448995
vt 0.809693 0.551162
vt 0.810301 0.563790
vt 0.810240 0.563788
vt 0.515423 0.451265
vt 0.810363 0.563797
vt 0.810331 0.576482
vt 0.810268 0.576476
vt 0.513205 0.453648
vt 0.810394 0.576496
vt 0.809684 0.589395
vt 0.809620 0.589383
vt 0.511105 0.456195
vt 0.809747 0.589418
vt 0.808332 0.602764
vt 0.808269 0.602736
vt 0.775666 0.613242
vt 0.779005 0.594154
vt 0.775733 0.613311
vt 0.779070 0.594185
vt 0.775793 0.613366
vt 0.779137 0.594204
vt 0.775859 0.613403
vt 0.778933 0.594114
vt 0.507173 0.461675
vt 0.505826 0.468120
vt 0.507157 0.461674
vt 0.505799 0.468154
vt 0.507141 0.461676
vt 0.789149 0.655921
vt 0.803321 0.631138
vt 0.505774 0.468177
vt 0.509082 0.458932
vt 0.808391 0.602810
vt 0.806267 0.616796
vt 0.806210 0.616738
vt 0.509081 0.458908
vt 0.764126 0.675488
vt 0.770334 0.641741
vt 0.770387 0.641844
vt 0.770449 0.641912
vt 0.770278 0.641617
vt 0.535550 0.444120
vt 0.777463 0.497080
vt 0.777504 0.497063
vt 0.779353 0.507404
vt 0.539081 0.442616
vt 0.774046 0.484362
vt 0.774078 0.484331
vt 0.777547 0.497050
vt 0.539358 0.436271
vt 0.798024 0.494508
vt 0.794599 0.485273
vt 0.794631 0.485242
vt 0.797984 0.494528
vt 0.794565 0.485296
vt 0.535853 0.437669
vt 0.797944 0.494545
vt 0.553919 0.435143
vt 0.775402 0.457198
vt 0.775345 0.457207
vt 0.547071 0.433443
vt 0.775475 0.457200
vt 0.544154 0.440989
vt 0.768444 0.467901
vt 0.768465 0.467855
vt 0.774112 0.484309
vt 0.768491 0.467823
vt 0.551747 0.439016
vt 0.547040 0.433444
vt 0.791120 0.476051
vt 0.791098 0.476099
vt 0.791071 0.476134
vt 0.543151 0.434855
vt 0.801597 0.527223
vt 0.803188 0.539351
vt 0.801517 0.527238
vt 0.803103 0.539366
vt 0.801437 0.527252
vt 0.803017 0.539382
vt 0.804213 0.551850
vt 0.804123 0.551865
vt 0.804033 0.551881
vt 0.785074 0.517713
vt 0.786313 0.529422
vt 0.785148 0.517706
vt 0.786394 0.529414
vt 0.785223 0.517699
vt 0.786476 0.529405
vt 0.783457 0.506898
vt 0.783526 0.506891
vt 0.783595 0.506884
vt 0.799471 0.515816
vt 0.796910 0.505270
vt 0.799396 0.515830
vt 0.796840 0.505282
vt 0.799321 0.515843
vt 0.796770 0.505293
vt 0.787380 0.554694
vt 0.787086 0.541870
vt 0.787468 0.554684
vt 0.787172 0.541861
vt 0.787558 0.554672
vt 0.787257 0.541850
vt 0.786483 0.580446
vt 0.787198 0.567542
vt 0.786580 0.580436
vt 0.787290 0.567532
vt 0.786678 0.580423
vt 0.787382 0.567519
vt 0.804661 0.564369
vt 0.804568 0.564384
vt 0.804476 0.564401
vt 0.804496 0.576933
vt 0.804401 0.576948
vt 0.804305 0.576967
vt 0.803678 0.589707
vt 0.803578 0.589725
vt 0.803479 0.589749
vt 0.802168 0.602921
vt 0.802057 0.602952
vt 0.801944 0.602995
vt 0.781832 0.613732
vt 0.784994 0.594375
vt 0.781936 0.613705
vt 0.785102 0.594363
vt 0.782041 0.613662
vt 0.785210 0.594344
vt 0.784005 0.653475
vt 0.797197 0.630661
vt 0.783973 0.653314
vt 0.797142 0.630654
vt 0.783973 0.653094
vt 0.797091 0.630637
vt 0.799984 0.616724
vt 0.799851 0.616778
vt 0.799715 0.616862
vt 0.776534 0.642262
vt 0.776645 0.642194
vt 0.776761 0.642092
vt 0.781273 0.496431
vt 0.781342 0.496423
vt 0.781412 0.496417
vt 0.777423 0.483599
vt 0.777489 0.483603
vt 0.777557 0.483613
vt 0.794038 0.495558
vt 0.790945 0.486281
vt 0.793970 0.495568
vt 0.790875 0.486282
vt 0.793902 0.495575
vt 0.790803 0.486278
vt 0.773759 0.459273
vt 0.773788 0.459383
vt 0.773834 0.459508
vt 0.771354 0.467257
vt 0.771436 0.467303
vt 0.771522 0.467362
vt 0.787683 0.477136
vt 0.787609 0.477134
vt 0.787529 0.477118
vt 0.785780 0.467794
vt 0.785743 0.467740
vt 0.785704 0.467688
vt 0.764816 0.451489
vt 0.765334 0.451789
vt 0.764818 0.451493
vt 0.764820 0.451498
vt 0.764290 0.676425
vt 0.503759 0.474442
vt 0.767268 0.676532
vt 0.503106 0.474190
vt 0.670599 0.510040
vt 0.670556 0.509992
vt 0.670501 0.509956
vt 0.577886 0.537016
vt 0.577916 0.536891
vt 0.499213 0.516240
vt 0.577892 0.536951
vt 0.499280 0.516062
vt 0.590845 0.452493
vt 0.603896 0.455401
vt 0.499207 0.515873
vt 0.499088 0.515840
vt 0.603970 0.455648
vt 0.499276 0.515911
vt 0.650742 0.447349
vt 0.603933 0.455523
vt 0.647269 0.604998
vt 0.647335 0.604989
vt 0.647395 0.604962
vt 0.677929 0.398107
vt 0.710670 0.442138
vt 0.726392 0.576101
vt 0.677942 0.398095
vt 0.726517 0.576145
vt 0.617977 0.403255
vt 0.645120 0.354055
vt 0.617963 0.403244
vt 0.645111 0.354055
vt 0.560036 0.623092
vt 0.590816 0.452452
vt 0.590807 0.452431
vt 0.590807 0.452414
vt 0.617959 0.403234
vt 0.674874 0.521502
vt 0.715896 0.487409
vt 0.674860 0.521450
vt 0.674846 0.521398
vt 0.676826 0.644816
vt 0.655888 0.595558
vt 0.655924 0.595523
vt 0.655964 0.595495
vt 0.715897 0.572642
vt 0.715814 0.572625
vt 0.715731 0.572614
vt 0.676843 0.644831
vt 0.581677 0.548798
vt 0.581676 0.548752
vt 0.581667 0.548704
vt 0.529684 0.543508
vt 0.635605 0.601628
vt 0.635655 0.601632
vt 0.635706 0.601644
vt 0.644798 0.655326
vt 0.569313 0.614624
vt 0.569369 0.614561
vt 0.569419 0.614494
vt 0.529948 0.543739
vt 0.658591 0.506696
vt 0.658542 0.506682
vt 0.688774 0.463417
vt 0.658497 0.506664
vt 0.586370 0.528060
vt 0.586404 0.528023
vt 0.586432 0.527983
vt 0.537467 0.507596
vt 0.537440 0.507579
vt 0.606965 0.465699
vt 0.606988 0.465779
vt 0.607011 0.465855
vt 0.676047 0.524138
vt 0.676036 0.524086
vt 0.676023 0.524037
vt 0.676891 0.527041
vt 0.657897 0.594782
vt 0.657937 0.594755
vt 0.657974 0.594723
vt 0.660083 0.593052
vt 0.712585 0.572345
vt 0.712504 0.572335
vt 0.712425 0.572323
vt 0.709965 0.571026
vt 0.581444 0.554243
vt 0.580942 0.551103
vt 0.580935 0.551057
vt 0.580936 0.551012
vt 0.633073 0.602110
vt 0.633122 0.602119
vt 0.633169 0.602121
vt 0.630320 0.601382
vt 0.571368 0.611704
vt 0.571416 0.611638
vt 0.573758 0.609774
vt 0.584148 0.599161
vt 0.656654 0.505225
vt 0.656611 0.505207
vt 0.656563 0.505193
vt 0.653664 0.503985
vt 0.587204 0.525796
vt 0.587231 0.525758
vt 0.587263 0.525721
vt 0.588793 0.523142
vt 0.607870 0.468792
vt 0.607892 0.468868
vt 0.607914 0.468944
vt 0.609142 0.472417
vt 0.644605 0.553421
vt 0.644593 0.553464
vt 0.644582 0.553508
vt 0.677050 0.642098
vt 0.676951 0.642124
vt 0.676999 0.642114
vt 0.532625 0.545360
vt 0.532607 0.545410
vt 0.532577 0.545454
vt 0.642708 0.652279
vt 0.641168 0.650182
vt 0.642616 0.652328
vt 0.642664 0.652304
vt 0.628352 0.538098
vt 0.628394 0.538086
vt 0.628437 0.538073
vt 0.686037 0.464983
vt 0.684039 0.466100
vt 0.686012 0.464939
vt 0.686063 0.465029
vt 0.714310 0.490583
vt 0.714405 0.490615
vt 0.714362 0.490590
vt 0.623074 0.559579
vt 0.623042 0.559548
vt 0.623010 0.559517
vt 0.540586 0.507402
vt 0.538052 0.507553
vt 0.540591 0.507497
vt 0.540588 0.507449
vt 0.531451 0.456565
vt 0.534483 0.454543
vt 0.531443 0.456551
vt 0.534475 0.454529
vt 0.531434 0.456537
vt 0.534466 0.454515
vt 0.465551 0.521590
vt 0.465270 0.533591
vt 0.528578 0.458678
vt 0.528570 0.458664
vt 0.528560 0.458651
vt 0.466255 0.509886
vt 0.537530 0.459598
vt 0.540722 0.457680
vt 0.537539 0.459613
vt 0.540731 0.457695
vt 0.537548 0.459627
vt 0.490591 0.533177
vt 0.543979 0.455920
vt 0.543988 0.455935
vt 0.540740 0.457710
vt 0.490858 0.545333
vt 0.540790 0.450972
vt 0.537613 0.452686
vt 0.540781 0.450958
vt 0.537604 0.452673
vt 0.540773 0.450944
vt 0.537587 0.452642
vt 0.540765 0.450927
vt 0.537596 0.452658
vt 0.534457 0.454498
vt 0.534438 0.461660
vt 0.531508 0.463809
vt 0.534447 0.461675
vt 0.531517 0.463824
vt 0.534457 0.461690
vt 0.531527 0.463838
vt 0.490840 0.521044
vt 0.491541 0.509196
vt 0.528788 0.465988
vt 0.526253 0.468217
vt 0.528797 0.466003
vt 0.526262 0.468232
vt 0.528807 0.466017
vt 0.526273 0.468246
vt 0.492627 0.497862
vt 0.494108 0.486942
vt 0.525914 0.460825
vt 0.525906 0.460810
vt 0.525896 0.460798
vt 0.467341 0.498683
vt 0.523435 0.463023
vt 0.523427 0.463009
vt 0.523416 0.462997
vt 0.468821 0.487864
vt 0.521095 0.465317
vt 0.521087 0.465303
vt 0.521076 0.465290
vt 0.470733 0.477213
vt 0.518843 0.467763
vt 0.518836 0.467745
vt 0.518827 0.467731
vt 0.473146 0.466478
vt 0.523745 0.470670
vt 0.520624 0.474048
vt 0.523753 0.470686
vt 0.520630 0.474066
vt 0.523764 0.470700
vt 0.520639 0.474081
vt 0.496150 0.475677
vt 0.499453 0.461015
vt 0.514630 0.472987
vt 0.512936 0.478550
vt 0.514613 0.472984
vt 0.512906 0.478579
vt 0.514596 0.472982
vt 0.490645 0.428789
vt 0.479790 0.444603
vt 0.512881 0.478597
vt 0.512859 0.478600
vt 0.516651 0.470388
vt 0.516651 0.470364
vt 0.516645 0.470345
vt 0.476137 0.455496
vt 0.516354 0.478810
vt 0.516354 0.478835
vt 0.516358 0.478854
vt 0.504295 0.440641
vt 0.547518 0.454243
vt 0.547528 0.454258
vt 0.543997 0.455950
vt 0.491644 0.557418
vt 0.552497 0.452273
vt 0.552511 0.452286
vt 0.547536 0.454273
vt 0.493131 0.570198
vt 0.547430 0.447919
vt 0.544027 0.449395
vt 0.547417 0.447907
vt 0.544017 0.449382
vt 0.547407 0.447894
vt 0.544002 0.449350
vt 0.547400 0.447876
vt 0.544010 0.449367
vt 0.561220 0.445709
vt 0.561256 0.445691
vt 0.561280 0.445674
vt 0.554603 0.445414
vt 0.554604 0.445398
vt 0.554606 0.445382
vt 0.554607 0.445364
vt 0.559671 0.449573
vt 0.559695 0.449581
vt 0.552522 0.452300
vt 0.502124 0.613427
vt 0.496339 0.587789
vt 0.559712 0.449591
vt 0.509183 0.643535
vt 0.551077 0.446549
vt 0.551055 0.446540
vt 0.551031 0.446512
vt 0.551040 0.446529
vt 0.470196 0.533551
vt 0.470470 0.521619
vt 0.470278 0.533549
vt 0.470552 0.521617
vt 0.470361 0.533548
vt 0.470635 0.521615
vt 0.471175 0.509977
vt 0.471257 0.509974
vt 0.471340 0.509971
vt 0.486039 0.545471
vt 0.485773 0.533219
vt 0.485957 0.545473
vt 0.485691 0.533220
vt 0.485875 0.545473
vt 0.485609 0.533222
vt 0.486825 0.557666
vt 0.486743 0.557667
vt 0.486660 0.557667
vt 0.470446 0.545519
vt 0.471188 0.557425
vt 0.470529 0.545518
vt 0.471270 0.557425
vt 0.470611 0.545517
vt 0.471353 0.557425
vt 0.486725 0.509067
vt 0.486022 0.520997
vt 0.486643 0.509069
vt 0.485941 0.520999
vt 0.486561 0.509073
vt 0.485858 0.521002
vt 0.489310 0.486631
vt 0.487815 0.497648
vt 0.489228 0.486634
vt 0.487733 0.497651
vt 0.489145 0.486640
vt 0.487650 0.497655
vt 0.472260 0.498840
vt 0.472343 0.498837
vt 0.472426 0.498833
vt 0.473742 0.488096
vt 0.473825 0.488093
vt 0.473909 0.488087
vt 0.475661 0.477531
vt 0.475744 0.477527
vt 0.475829 0.477518
vt 0.478082 0.466903
vt 0.478168 0.466888
vt 0.478257 0.466863
vt 0.494794 0.460560
vt 0.491396 0.475269
vt 0.494712 0.460575
vt 0.491314 0.475273
vt 0.494627 0.460601
vt 0.491231 0.475283
vt 0.494153 0.431047
vt 0.484402 0.445533
vt 0.494155 0.431157
vt 0.484472 0.445559
vt 0.494131 0.431306
vt 0.484539 0.445592
vt 0.481069 0.456077
vt 0.481162 0.456038
vt 0.481261 0.455976
vt 0.499619 0.440306
vt 0.499534 0.440348
vt 0.499444 0.440414
vt 0.488314 0.570580
vt 0.488231 0.570579
vt 0.488148 0.570574
vt 0.491560 0.588296
vt 0.491475 0.588282
vt 0.491389 0.588257
vt 0.472394 0.569299
vt 0.474111 0.581509
vt 0.472477 0.569301
vt 0.474196 0.581523
vt 0.472560 0.569305
vt 0.474283 0.581547
vt 0.561391 0.444412
vt 0.567696 0.444746
vt 0.491736 0.625993
vt 0.491713 0.625838
vt 0.555066 0.444066
vt 0.561366 0.444390
vt 0.479034 0.607629
vt 0.479110 0.607599
vt 0.497378 0.613986
vt 0.497287 0.613943
vt 0.497192 0.613874
vt 0.476370 0.594389
vt 0.478956 0.607649
vt 0.476461 0.594430
vt 0.476555 0.594494
vt 0.506865 0.644010
vt 0.504573 0.644200
vt 0.509151 0.643768
vt 0.567958 0.445435
vt 0.509143 0.415805
vt 0.506619 0.416141
vt 0.509130 0.415775
vt 0.510380 0.484006
vt 0.506629 0.416169
vt 0.509513 0.483736
vt 0.510380 0.483984
vt 0.537327 0.466899
vt 0.540328 0.464798
vt 0.537318 0.466885
vt 0.540320 0.464784
vt 0.537309 0.466872
vt 0.540311 0.464770
vt 0.770153 0.574223
vt 0.770175 0.562420
vt 0.534497 0.469095
vt 0.534488 0.469081
vt 0.534478 0.469068
vt 0.769780 0.585759
vt 0.543479 0.469799
vt 0.744549 0.551081
vt 0.745021 0.563236
vt 0.744964 0.563236
vt 0.744606 0.551076
vt 0.745078 0.563236
vt 0.546633 0.467834
vt 0.743698 0.539009
vt 0.743754 0.538999
vt 0.744663 0.551073
vt 0.546642 0.461090
vt 0.543444 0.462858
vt 0.546633 0.461077
vt 0.543435 0.462844
vt 0.546625 0.461062
vt 0.769047 0.538827
vt 0.543427 0.462830
vt 0.769796 0.550595
vt 0.540440 0.471926
vt 0.537573 0.474148
vt 0.744617 0.587236
vt 0.745033 0.575379
vt 0.744674 0.587245
vt 0.745089 0.575381
vt 0.744730 0.587250
vt 0.744975 0.575375
vt 0.534923 0.476402
vt 0.532469 0.478708
vt 0.742835 0.609668
vt 0.743973 0.598635
vt 0.742890 0.609686
vt 0.744030 0.598643
vt 0.742947 0.609698
vt 0.743917 0.598621
vt 0.531886 0.471327
vt 0.531877 0.471314
vt 0.531866 0.471301
vt 0.769108 0.596816
vt 0.529468 0.473614
vt 0.529459 0.473600
vt 0.529449 0.473588
vt 0.768150 0.607521
vt 0.527189 0.475997
vt 0.527180 0.475983
vt 0.527169 0.475971
vt 0.766953 0.618141
vt 0.524952 0.478526
vt 0.524945 0.478510
vt 0.524936 0.478497
vt 0.765660 0.629104
vt 0.530063 0.481255
vt 0.527102 0.484819
vt 0.738671 0.636806
vt 0.741288 0.621258
vt 0.738721 0.636850
vt 0.741344 0.621275
vt 0.738775 0.636880
vt 0.741234 0.621232
vt 0.519499 0.489564
vt 0.519476 0.489589
vt 0.519454 0.489605
vt 0.522743 0.481227
vt 0.522741 0.481207
vt 0.522735 0.481191
vt 0.764398 0.640728
vt 0.523012 0.489791
vt 0.734760 0.659240
vt 0.734811 0.659291
vt 0.734715 0.659166
vt 0.549869 0.466044
vt 0.742237 0.526258
vt 0.742292 0.526240
vt 0.743810 0.538992
vt 0.553414 0.464365
vt 0.739375 0.508801
vt 0.739424 0.508763
vt 0.742347 0.526227
vt 0.553398 0.458001
vt 0.549924 0.459488
vt 0.553384 0.457988
vt 0.549915 0.459474
vt 0.553374 0.457975
vt 0.766440 0.514891
vt 0.549907 0.459460
vt 0.767951 0.527059
vt 0.567990 0.456270
vt 0.568029 0.456255
vt 0.568056 0.456238
vt 0.568068 0.456219
vt 0.560937 0.455331
vt 0.560939 0.455314
vt 0.560944 0.455297
vt 0.750054 0.469379
vt 0.558499 0.462467
vt 0.734850 0.483661
vt 0.734892 0.483588
vt 0.739476 0.508738
vt 0.734939 0.483540
vt 0.566083 0.460036
vt 0.730177 0.454299
vt 0.730206 0.454142
vt 0.557144 0.456617
vt 0.764403 0.502007
vt 0.761660 0.488885
vt 0.761716 0.488893
vt 0.557122 0.456608
vt 0.766490 0.514868
vt 0.764357 0.502053
vt 0.765327 0.562540
vt 0.765303 0.574314
vt 0.765246 0.562543
vt 0.765222 0.574318
vt 0.765165 0.562546
vt 0.765141 0.574322
vt 0.764928 0.585825
vt 0.764847 0.585830
vt 0.764766 0.585836
vt 0.749472 0.550894
vt 0.749891 0.563113
vt 0.749553 0.550893
vt 0.749973 0.563110
vt 0.749635 0.550891
vt 0.750055 0.563107
vt 0.748618 0.538738
vt 0.748699 0.538737
vt 0.748782 0.538737
vt 0.764943 0.550744
vt 0.764183 0.539000
vt 0.764862 0.550746
vt 0.764102 0.539001
vt 0.764780 0.550747
vt 0.764020 0.539000
vt 0.749545 0.587225
vt 0.749901 0.575307
vt 0.749627 0.587221
vt 0.749983 0.575303
vt 0.749709 0.587214
vt 0.750065 0.575298
vt 0.747813 0.609823
vt 0.748861 0.598678
vt 0.747896 0.609816
vt 0.748943 0.598672
vt 0.747980 0.609807
vt 0.749026 0.598664
vt 0.764253 0.596862
vt 0.764172 0.596868
vt 0.764090 0.596876
vt 0.763282 0.607560
vt 0.763201 0.607567
vt 0.763119 0.607577
vt 0.762053 0.618201
vt 0.761971 0.618211
vt 0.761888 0.618226
vt 0.760722 0.629215
vt 0.760637 0.629236
vt 0.760552 0.629267
vt 0.743661 0.637284
vt 0.746251 0.621538
vt 0.743745 0.637265
vt 0.746335 0.621529
vt 0.743832 0.637234
vt 0.746420 0.621516
vt 0.518225 0.489535
vt 0.518209 0.489512
vt 0.518195 0.489478
vt 0.746639 0.669286
vt 0.759436 0.640891
vt 0.759347 0.640933
vt 0.759256 0.640994
vt 0.758301 0.652753
vt 0.739674 0.659766
vt 0.739761 0.659723
vt 0.739851 0.659655
vt 0.747146 0.525885
vt 0.747228 0.525887
vt 0.747310 0.525892
vt 0.744174 0.508356
vt 0.744257 0.508372
vt 0.744340 0.508399
vt 0.763066 0.527261
vt 0.761522 0.515153
vt 0.762984 0.527258
vt 0.761437 0.515137
vt 0.762902 0.527253
vt 0.761352 0.515113
vt 0.746402 0.471434
vt 0.746392 0.471542
vt 0.746404 0.471689
vt 0.756971 0.489638
vt 0.756897 0.489658
vt 0.756824 0.489683
vt 0.739551 0.483258
vt 0.739635 0.483305
vt 0.739722 0.483377
vt 0.759437 0.502401
vt 0.759349 0.502360
vt 0.759257 0.502297
vt 0.732617 0.453604
vt 0.735291 0.453922
vt 0.575256 0.455778
vt 0.575206 0.456485
vt 0.575239 0.455776
vt 0.575223 0.456491
vt 0.730313 0.685414
vt 0.732550 0.685804
vt 0.732548 0.685833
vt 0.517639 0.495220
vt 0.734891 0.686120
vt 0.517064 0.494953
vt 0.520046 0.483999
vt 0.520043 0.484025
vt 0.520038 0.484051
vt 0.520047 0.483977
vt 0.499243 0.516150
vt 0.499086 0.516353
vt 0.688869 0.463366
vt 0.546290 0.561852
vt 0.772621 0.678698
vt 0.501452 0.413759
vt 0.764563 0.451026
vt 0.560742 0.436840
vt 0.770359 0.676695
vt 0.716064 0.487232
vt 0.511243 0.484286
vt 0.568016 0.446125
vt 0.504188 0.417069
vt 0.575190 0.457183
vt 0.781499 0.567651
vt 0.806318 0.616886
vt 0.803391 0.631121
vt 0.503111 0.474174
vt 0.576103 0.607912
vt 0.555073 0.444044
vt 0.509518 0.483715
vt 0.763187 0.652597
s 1
f 484/1/1 483/2/2 1907/3/3
f 1298/4/4 1/5/5 199/6/6
f 1249/7/7 20/8/8 104/9/9
f 87/10/5 224/11/10 3/12/5
f 213/13/11 112/14/12 1259/15/13
f 4/16/5 1263/17/14 203/18/15
f 198/19/16 104/9/9 16/20/17
f 209/21/18 100/22/19 14/23/20
f 223/24/21 107/25/22 1254/26/23
f 3/12/5 1238/27/24 219/28/25
f 1253/29/26 4/16/5 86/30/5
f 1259/15/13 21/31/27 228/32/28
f 1269/33/29 19/34/30 234/35/31
f 1264/36/32 25/37/33 204/38/34
f 228/32/28 106/39/35 1274/40/36
f 1274/40/36 22/41/37 238/42/38
f 1284/43/39 18/44/40 244/45/41
f 88/46/5 233/47/42 1263/17/14
f 238/42/38 113/48/43 1289/49/44
f 1289/49/44 1407/50/45 250/51/46
f 265/52/47 111/53/48 1284/43/39
f 89/54/49 243/55/50 1268/56/51
f 1299/57/52 16/20/17 102/58/53
f 270/59/54 102/58/53 17/60/55
f 276/61/56 108/62/57 13/63/58
f 1/5/5 1243/64/59 87/10/5
f 1314/65/60 17/60/55 110/66/61
f 282/67/62 110/66/61 1398/68/63
f 1309/69/64 1403/70/65 108/62/57
f 6/71/66 1293/72/67 91/73/5
f 104/9/9 337/74/68 1328/75/69
f 10/76/70 1344/77/71 95/78/70
f 23/79/72 1338/80/73 112/14/12
f 346/81/74 96/82/75 1354/83/76
f 102/58/53 317/84/77 1378/85/78
f 15/86/79 1323/87/80 342/88/81
f 15/86/79 1333/89/82 107/25/22
f 101/90/83 326/91/84 1323/87/80
f 114/92/85 337/74/68 20/8/8
f 115/93/86 321/94/87 25/37/33
f 19/34/30 1343/95/88 115/93/86
f 21/31/27 1353/96/89 106/39/35
f 1339/97/90 8/98/91 346/81/74
f 103/99/92 351/100/93 19/34/30
f 18/44/40 1348/101/94 103/99/92
f 22/41/37 1368/102/95 113/48/43
f 1354/83/76 11/103/96 356/104/97
f 111/53/48 361/105/98 18/44/40
f 24/106/99 1363/107/100 111/53/48
f 113/48/43 367/108/101 1407/50/45
f 316/109/102 94/110/70 7/111/70
f 14/23/20 1373/112/103 326/91/84
f 100/22/19 393/113/104 1373/112/103
f 110/66/61 389/114/105 1393/115/106
f 98/116/70 388/117/107 1379/118/108
f 13/63/58 1388/119/109 393/113/104
f 108/62/57 419/120/110 1388/119/109
f 1398/68/63 1393/115/106 399/121/111
f 1244/122/112 14/23/20 101/90/83
f 1304/123/113 1399/124/114 105/125/115
f 105/125/115 398/126/116 1383/127/117
f 7/111/70 1324/128/118 327/129/119
f 224/11/10 86/30/5 3/12/5
f 1254/26/23 23/79/72 213/13/11
f 107/25/22 332/130/120 23/79/72
f 94/110/70 341/131/121 1324/128/118
f 92/132/122 275/133/123 6/71/66
f 199/6/6 87/10/5 1248/134/124
f 16/20/17 1328/75/69 317/84/77
f 394/135/125 99/136/126 12/137/127
f 234/35/31 115/93/86 1264/36/32
f 1279/138/128 1408/139/129 109/140/130
f 109/141/130 366/142/131 1358/143/132
f 95/78/70 352/144/133 8/98/91
f 204/38/34 114/92/85 1239/145/134
f 223/24/21 101/90/83 15/86/79
f 1329/146/135 9/147/70 94/110/70
f 25/37/33 1318/148/136 114/92/85
f 1303/149/137 1308/150/138 92/132/122
f 281/151/139 92/132/122 1313/152/140
f 99/136/126 400/153/141 1394/154/142
f 1389/155/143 1384/156/144 99/136/126
f 5/157/145 1283/158/146 243/55/50
f 1258/159/147 2/160/148 88/46/5
f 112/14/12 347/161/149 21/31/27
f 11/103/96 1364/162/150 97/163/151
f 214/164/152 88/46/5 4/16/5
f 229/165/153 89/54/49 2/160/148
f 93/166/70 341/131/121 9/147/70
f 10/76/70 1334/167/154 93/166/70
f 1294/168/155 13/63/58 100/22/19
f 7/111/70 1379/118/108 316/109/102
f 434/169/156 135/170/157 1528/171/158
f 1374/172/159 12/137/127 98/116/70
f 90/173/160 266/174/161 1283/158/146
f 1288/175/162 1278/176/163 90/173/160
f 1369/177/164 1359/178/165 368/179/166
f 97/163/151 383/180/167 1359/178/165
f 1304/123/113 1404/181/168 298/182/169
f 271/183/170 91/73/5 1298/4/4
f 17/60/55 1378/85/78 389/114/105
f 105/125/115 417/184/171 1404/181/168
f 244/45/41 103/99/92 1269/33/29
f 1313/152/140 6/71/66 271/183/170
f 12/137/127 1394/154/142 388/117/107
f 96/82/75 362/185/172 11/103/96
f 2/160/148 1268/56/51 233/47/42
f 1239/145/134 20/8/8 218/186/173
f 331/187/174 95/78/70 1339/97/90
f 8/98/91 1349/188/175 96/82/75
f 1279/189/128 24/106/99 265/52/47
f 1273/190/176 5/157/145 89/54/49
f 106/39/35 357/191/177 22/41/37
f 109/141/130 384/192/178 24/106/99
f 1248/134/124 3/12/5 219/28/25
f 86/30/5 203/18/15 1238/27/24
f 322/193/179 93/166/70 1319/194/180
f 1319/194/180 9/147/70 336/195/181
f 91/73/5 208/196/182 1/5/5
f 239/197/183 90/173/160 5/157/145
f 356/104/97 97/163/151 1369/177/164
f 327/129/119 98/116/70 7/111/70
f 487/198/184 128/199/185 33/200/186
f 1474/201/187 1566/202/188 134/203/189
f 134/203/189 757/204/190 1518/205/191
f 741/206/192 129/207/193 1514/208/194
f 513/209/195 125/210/196 1463/211/197
f 1438/212/198 1555/213/199 135/170/157
f 136/214/200 703/215/201 1504/216/202
f 1514/208/194 1524/217/203 722/218/204
f 475/219/205 122/220/206 28/221/207
f 448/222/208 133/223/209 1537/224/210
f 1489/225/211 1494/226/212 651/227/213
f 133/223/209 666/228/214 1499/229/215
f 26/230/216 1430/231/217 122/220/206
f 30/232/218 1434/233/219 603/234/220
f 31/235/221 1434/233/219 125/210/196
f 1449/236/222 1556/237/223 461/238/224
f 1444/239/225 1529/240/226 118/241/227
f 32/242/228 1416/243/229 127/244/230
f 33/200/186 1421/245/231 566/246/232
f 436/247/233 120/248/234 1439/249/235
f 1449/236/222 1533/250/236 132/251/237
f 1429/252/238 1433/253/239 549/254/240
f 29/255/241 1415/256/242 585/257/243
f 487/198/184 126/258/244 1468/259/245
f 475/219/205 121/260/246 1443/261/247
f 26/230/216 1410/262/248 568/263/249
f 33/200/186 1411/264/250 126/258/244
f 499/265/251 136/214/200 1560/266/252
f 449/267/253 117/268/254 1464/269/255
f 34/270/256 1421/245/231 128/199/185
f 34/270/256 1416/243/229 605/271/257
f 1464/269/255 1543/272/258 514/273/259
f 1458/274/260 1542/275/261 136/214/200
f 27/276/262 1425/277/263 584/278/264
f 28/221/207 1425/277/263 121/260/246
f 450/279/265 123/280/266 1454/281/267
f 524/282/268 126/258/244 32/242/228
f 28/221/207 1430/231/217 548/283/269
f 135/170/157 615/284/270 1484/285/271
f 525/286/272 134/203/189 1546/287/273
f 1479/288/274 1551/289/275 137/290/276
f 1420/291/277 1429/252/238 567/292/278
f 27/276/262 1410/262/248 120/248/234
f 540/293/279 137/290/276 1565/294/280
f 523/295/281 116/296/282 1469/297/283
f 29/255/241 1424/298/284 124/299/285
f 30/232/218 1415/256/242 123/280/266
f 1453/300/286 1561/301/287 133/223/209
f 31/235/221 1424/298/284 550/302/288
f 604/303/289 119/304/290 1420/291/277
f 32/242/228 1411/264/250 586/305/291
f 1546/287/273 1518/205/191 740/306/292
f 1565/294/280 1523/307/293 758/308/294
f 137/290/276 723/309/295 1523/307/293
f 118/241/227 634/310/296 1488/311/297
f 132/251/237 616/312/298 1556/237/223
f 132/251/237 652/313/299 1493/314/300
f 1538/315/301 1508/316/302 117/268/254
f 1560/266/252 1504/216/202 667/317/303
f 117/268/254 704/318/304 1543/272/258
f 460/319/305 122/220/206 1448/320/306
f 473/321/307 118/241/227 1534/322/308
f 1534/322/308 1488/311/297 650/323/309
f 1528/171/158 1484/285/271 632/324/310
f 450/279/265 125/210/196 30/232/218
f 498/325/311 123/280/266 29/255/241
f 668/326/312 131/327/313 1498/328/314
f 1498/328/314 1509/329/315 685/330/316
f 524/282/268 127/244/230 1473/331/317
f 539/332/318 127/244/230 34/270/256
f 1524/217/203 1519/333/319 759/334/320
f 1547/335/321 1513/336/322 116/296/282
f 436/247/233 121/260/246 27/276/262
f 460/319/305 120/248/234 26/230/216
f 1494/226/212 1483/337/323 617/338/324
f 633/339/325 130/340/326 1489/225/211
f 498/325/311 124/299/285 1459/341/327
f 513/209/195 124/299/285 31/235/221
f 1509/329/315 1503/342/328 705/343/329
f 1537/224/210 1499/229/215 684/344/330
f 539/332/318 128/199/185 1478/345/331
f 1469/297/283 1552/346/332 485/347/333
f 116/296/282 721/348/334 1552/346/332
f 1629/349/335 35/350/336 775/351/337
f 1580/352/338 54/353/339 156/354/340
f 139/355/336 800/356/341 37/357/336
f 789/358/342 164/359/343 1590/360/344
f 38/361/336 1594/362/345 779/363/346
f 774/364/347 156/354/340 50/365/348
f 785/366/349 152/367/350 48/368/351
f 799/369/352 159/370/353 1585/371/354
f 37/357/336 1569/372/355 795/373/356
f 1584/374/357 38/361/336 138/375/336
f 1590/360/344 56/376/358 804/377/359
f 1600/378/360 53/379/361 810/380/362
f 1595/381/363 60/382/364 780/383/365
f 804/377/359 158/384/366 1605/385/367
f 1605/385/367 57/386/368 814/387/369
f 1615/388/370 52/389/371 820/390/372
f 140/391/336 809/392/373 1594/362/345
f 814/387/369 165/393/374 1620/394/375
f 1620/394/375 1732/395/376 826/396/377
f 842/397/378 163/398/379 1615/388/370
f 141/399/336 819/400/380 1599/401/381
f 1630/402/382 50/365/348 154/403/383
f 847/404/384 154/403/383 51/405/385
f 853/406/386 160/407/387 47/408/388
f 35/350/336 1574/409/389 139/355/336
f 1645/410/390 51/405/385 162/411/391
f 858/412/392 162/411/391 55/413/393
f 1640/414/394 1729/415/395 160/407/387
f 40/416/336 1624/417/396 143/418/336
f 156/354/340 901/419/397 1659/420/398
f 44/421/399 1675/422/400 147/423/399
f 58/424/401 1669/425/402 164/359/343
f 910/426/403 148/427/399 1685/428/404
f 154/403/383 881/429/405 1709/430/406
f 49/431/407 1654/432/408 906/433/409
f 49/431/407 1664/434/410 159/370/353
f 153/435/411 890/436/412 1654/432/408
f 166/437/413 901/419/397 54/353/339
f 167/438/414 885/439/415 60/382/364
f 53/379/361 1674/440/416 167/438/414
f 56/376/358 1684/441/417 158/384/366
f 1670/442/418 42/443/399 910/426/403
f 155/444/419 915/445/420 53/379/361
f 52/389/371 1679/446/421 155/444/419
f 57/386/368 1699/447/422 165/393/374
f 1685/428/404 45/448/423 920/449/424
f 163/398/379 925/450/425 52/389/371
f 59/451/426 1694/452/427 163/398/379
f 165/393/374 931/453/428 1732/395/376
f 880/454/429 146/455/399 41/456/399
f 48/368/351 1704/457/430 890/436/412
f 152/367/350 957/458/431 1704/457/430
f 162/411/391 953/459/432 1724/460/433
f 150/461/399 952/462/434 1710/463/435
f 47/408/388 1719/464/436 957/458/431
f 160/407/387 969/465/437 1719/464/436
f 55/413/393 1724/460/433 962/466/438
f 1575/467/439 48/368/351 153/435/411
f 1635/468/440 55/469/393 157/470/441
f 157/470/441 962/471/438 1714/472/442
f 41/456/399 1655/473/443 891/474/444
f 800/356/341 138/375/336 37/357/336
f 1585/371/354 58/424/401 789/358/342
f 159/370/353 896/475/445 58/424/401
f 146/455/399 905/476/446 1655/473/443
f 144/477/336 852/478/447 40/416/336
f 775/351/337 139/355/336 1579/479/448
f 50/365/348 1659/420/398 881/429/405
f 958/480/449 151/481/399 46/482/399
f 810/380/362 167/438/414 1595/381/363
f 1610/483/450 1733/484/451 161/485/452
f 161/485/452 930/486/453 1689/487/454
f 147/423/399 916/488/455 42/443/399
f 780/383/365 166/437/413 1570/489/456
f 799/369/352 153/435/411 49/431/407
f 1660/490/457 43/491/399 146/455/399
f 60/382/364 1649/492/458 166/437/413
f 1634/493/459 1639/494/460 144/477/336
f 857/495/461 144/477/336 1644/496/462
f 151/481/399 963/497/463 1725/498/464
f 1720/499/465 1715/500/466 151/481/399
f 39/501/467 1614/502/468 819/400/380
f 1589/503/469 36/504/336 140/391/336
f 164/359/343 911/505/470 56/376/358
f 45/448/423 1695/506/471 149/507/472
f 790/508/473 140/391/336 38/361/336
f 805/509/474 141/399/336 36/504/336
f 145/510/399 905/476/446 43/491/399
f 44/421/399 1665/511/475 145/510/399
f 1625/512/476 47/408/388 152/367/350
f 41/456/399 1710/463/435 880/454/429
f 1795/513/477 61/514/478 985/515/479
f 1705/516/480 46/482/399 150/461/399
f 142/517/481 843/518/482 1614/502/468
f 1619/519/483 1609/520/484 142/517/481
f 1700/521/485 1690/522/486 932/523/487
f 149/507/472 947/524/488 1690/522/486
f 1635/468/440 1730/525/489 862/526/490
f 848/527/491 143/418/336 1629/349/335
f 51/405/385 1709/430/406 953/459/432
f 157/470/441 967/528/492 1730/525/489
f 820/390/372 155/444/419 1600/378/360
f 1644/496/462 40/416/336 848/527/491
f 46/482/399 1725/498/464 952/462/434
f 148/427/399 926/529/493 45/448/423
f 36/504/336 1599/401/381 809/392/373
f 1570/489/456 54/353/339 794/530/494
f 895/531/495 147/423/399 1670/442/418
f 42/443/399 1680/532/496 148/427/399
f 1610/483/450 59/451/426 842/397/378
f 1604/533/497 39/501/467 141/399/336
f 158/384/366 921/534/498 57/386/368
f 161/485/452 948/535/499 59/451/426
f 1579/479/448 37/357/336 795/373/356
f 138/375/336 779/363/346 1569/372/355
f 886/536/500 145/510/399 1650/537/501
f 1650/537/501 43/491/399 900/538/502
f 143/418/336 784/539/503 35/350/336
f 815/540/504 142/517/481 39/501/467
f 920/449/424 149/507/472 1700/521/485
f 891/474/444 150/461/399 41/456/399
f 1746/541/505 80/542/506 186/543/507
f 169/544/478 1010/545/508 63/546/478
f 999/547/509 194/548/510 1756/549/511
f 64/550/478 1760/551/512 989/552/513
f 984/553/514 186/543/507 76/554/515
f 995/555/516 182/556/517 74/557/518
f 1009/558/519 189/559/520 1751/560/521
f 63/546/478 1735/561/522 1005/562/523
f 1750/563/524 64/550/478 168/564/478
f 1756/549/511 82/565/525 1014/566/526
f 1766/567/527 79/568/528 1020/569/529
f 1761/570/530 85/571/531 990/572/532
f 1014/566/526 188/573/533 1771/574/534
f 1771/574/534 83/575/535 1024/576/536
f 1781/577/537 78/578/538 1030/579/539
f 170/580/478 1019/581/540 1760/551/512
f 1024/576/536 195/582/541 1786/583/542
f 1786/583/542 1898/584/543 1036/585/544
f 1052/586/545 193/587/546 1781/577/537
f 171/588/547 1029/589/548 1765/590/549
f 1796/591/550 76/554/515 184/592/551
f 1069/593/552 184/592/551 77/594/553
f 1075/595/554 190/596/555 73/597/556
f 61/514/478 1740/598/557 169/544/478
f 1811/599/558 77/594/553 192/600/559
f 1080/601/560 192/600/559 81/602/561
f 1806/603/562 1895/604/563 190/596/555
f 66/605/478 1790/606/564 173/607/478
f 186/543/507 1123/608/565 1825/609/566
f 70/610/567 1841/611/568 177/612/567
f 84/613/569 1835/614/570 194/548/510
f 1132/615/571 178/616/572 1851/617/573
f 184/592/551 1103/618/574 1875/619/575
f 75/620/576 1820/621/577 1128/622/578
f 75/620/576 1830/623/579 189/559/520
f 183/624/580 1112/625/581 1820/621/577
f 196/626/582 1123/608/565 80/542/506
f 197/627/583 1107/628/584 85/571/531
f 79/568/528 1840/629/585 197/627/583
f 82/565/525 1850/630/586 188/573/533
f 1836/631/587 68/632/588 1132/615/571
f 185/633/589 1137/634/590 79/568/528
f 78/578/538 1845/635/591 185/633/589
f 83/575/535 1865/636/592 195/582/541
f 1851/617/573 71/637/593 1142/638/594
f 193/587/546 1147/639/595 78/578/538
f 1902/640/596 1860/641/597 193/587/546
f 195/582/541 1153/642/598 1898/584/543
f 1102/643/599 176/644/567 67/645/567
f 74/557/518 1870/646/600 1112/625/581
f 182/556/517 1193/647/601 1870/646/600
f 192/600/559 1189/648/602 1890/649/603
f 180/650/567 1188/651/604 1876/652/605
f 73/597/556 1885/653/606 1193/647/601
f 190/596/555 1205/654/607 1885/653/606
f 81/602/561 1890/649/603 1198/655/608
f 1741/656/609 74/557/518 183/624/580
f 1801/657/610 81/602/561 187/658/611
f 187/658/611 1198/655/608 1880/659/612
f 67/645/567 1821/660/613 1113/661/614
f 1010/545/508 168/564/478 63/546/478
f 1751/560/521 84/613/569 999/547/509
f 189/559/520 1118/662/615 84/613/569
f 176/644/567 1127/663/616 1821/660/613
f 174/664/478 1074/665/617 66/605/478
f 985/515/479 169/544/478 1745/666/618
f 76/554/515 1825/609/566 1103/618/574
f 1194/667/619 181/668/567 72/669/567
f 1020/569/529 197/627/583 1761/570/530
f 1776/670/620 1899/671/621 191/672/622
f 191/672/622 1152/673/623 1855/674/624
f 177/612/567 1138/675/625 68/632/588
f 990/572/532 196/626/582 1736/676/626
f 1009/558/519 183/624/580 75/620/576
f 1826/677/627 69/678/567 176/644/567
f 85/571/531 1815/679/628 196/626/582
f 1800/680/629 1805/681/630 174/664/478
f 1079/682/631 174/664/478 1810/683/632
f 181/668/567 1199/684/633 1891/685/634
f 1886/686/635 1881/687/636 181/668/567
f 65/688/637 1780/689/638 1029/589/548
f 1755/690/639 62/691/640 170/580/478
f 194/548/510 1133/692/641 82/565/525
f 71/637/593 1861/693/642 179/694/643
f 1000/695/644 170/580/478 64/550/478
f 1015/696/645 171/588/547 62/691/640
f 175/697/567 1127/663/616 69/678/567
f 70/610/567 1831/698/646 175/697/567
f 1791/699/647 73/597/556 182/556/517
f 67/645/567 1876/652/605 1102/643/599
f 1871/700/648 72/669/567 180/650/567
f 172/701/649 1053/702/650 1780/689/638
f 1785/703/651 1775/704/652 172/701/649
f 1866/705/653 1856/706/654 1154/707/655
f 179/694/643 1170/708/656 1856/706/654
f 1801/657/610 1896/709/657 1084/710/658
f 1070/711/659 173/607/478 1795/513/477
f 77/594/553 1875/619/575 1189/648/602
f 187/658/611 1203/712/660 1896/709/657
f 1030/579/539 185/633/589 1766/567/527
f 1810/683/632 66/605/478 1070/711/659
f 72/669/567 1891/685/634 1188/651/604
f 178/616/572 1148/713/661 71/637/593
f 62/691/640 1765/590/549 1019/581/540
f 1736/676/626 80/542/506 1004/714/662
f 1117/715/663 177/612/567 1836/631/587
f 68/632/588 1846/716/664 178/616/572
f 1776/670/620 1903/717/665 1051/718/666
f 1770/719/667 65/688/637 171/588/547
f 188/573/533 1143/720/668 83/575/535
f 191/672/622 1169/721/669 1903/717/665
f 1745/666/618 63/546/478 1005/562/523
f 168/564/478 989/552/513 1735/561/522
f 1108/722/670 175/697/567 1816/723/671
f 1816/723/671 69/678/567 1122/724/672
f 173/607/478 994/725/673 61/514/478
f 1025/726/674 172/701/649 65/688/637
f 1142/638/594 179/694/643 1866/705/653
f 1113/661/614 180/650/567 67/645/567
f 248/727/675 254/728/676 253/729/677
f 251/730/678 255/731/679 254/728/676
f 253/729/677 254/728/676 264/732/680
f 254/728/676 256/733/681 264/732/680
f 257/734/682 259/735/683 249/736/684
f 258/737/685 260/738/686 257/739/682
f 260/740/686 252/741/687 259/735/683
f 261/742/688 255/731/679 260/740/686
f 250/51/689 263/743/690 262/744/691
f 253/745/692 264/746/693 263/743/692
f 262/744/691 261/747/694 258/737/695
f 263/743/690 256/748/696 261/747/694
f 283/749/697 285/750/698 280/751/699
f 284/752/700 286/753/701 283/749/697
f 286/753/701 295/754/702 285/750/698
f 286/753/701 287/755/703 288/756/704
f 281/757/139 292/758/705 291/759/706
f 289/760/707 293/761/708 292/758/705
f 291/759/706 287/755/703 284/752/700
f 292/758/705 288/762/704 287/755/703
f 294/763/709 296/764/710 282/67/62
f 295/754/702 297/765/711 294/763/709
f 297/765/711 290/766/712 296/764/710
f 297/765/711 288/762/704 293/761/713
f 298/182/169 303/767/714 302/768/715
f 301/769/716 304/770/717 303/767/714
f 302/768/715 315/771/718 312/772/719
f 303/767/714 305/773/720 315/771/718
f 299/774/721 309/775/722 308/776/723
f 306/777/724 310/778/725 309/775/722
f 308/776/726 304/770/727 301/769/728
f 309/775/722 305/773/729 304/770/727
f 311/779/730 313/780/731 300/781/732
f 312/772/719 314/782/733 311/783/730
f 314/782/733 307/784/734 313/785/731
f 315/771/718 310/778/735 314/782/733
f 366/142/131 371/786/736 370/787/737
f 369/788/738 372/789/739 371/786/736
f 370/787/737 382/790/740 379/791/741
f 371/786/736 373/792/742 382/790/740
f 367/108/101 376/793/743 369/794/744
f 374/795/745 377/796/746 376/793/743
f 369/794/744 376/793/743 372/789/747
f 376/793/743 373/792/748 372/789/747
f 378/797/749 380/798/750 368/179/166
f 379/791/741 381/799/751 378/797/749
f 381/799/751 375/800/752 380/798/750
f 382/790/753 377/796/746 381/799/751
f 401/801/754 403/802/755 398/126/116
f 402/803/756 404/804/757 401/801/754
f 404/804/757 413/805/758 403/802/755
f 404/804/757 406/806/759 416/807/760
f 407/808/761 409/809/762 399/121/111
f 408/810/763 410/811/764 407/808/761
f 410/811/764 402/803/756 409/809/762
f 411/812/765 405/813/766 410/811/764
f 412/814/767 414/815/768 400/153/141
f 413/805/758 415/816/769 412/814/767
f 414/815/768 411/812/765 408/810/763
f 415/816/769 406/806/759 411/812/765
f 417/184/171 422/817/770 430/818/771
f 420/819/772 423/820/773 422/817/770
f 430/818/771 422/817/770 433/821/774
f 422/817/770 424/822/775 433/821/776
f 425/823/777 427/824/778 418/825/779
f 426/826/780 428/827/781 425/823/777
f 428/827/781 421/828/782 427/824/778
f 429/829/783 423/820/784 428/827/781
f 419/120/110 432/830/785 431/831/786
f 430/832/787 433/821/788 432/830/785
f 431/831/786 429/829/783 426/826/780
f 432/830/785 424/822/789 429/829/783
f 437/833/790 439/834/791 434/169/156
f 437/833/790 438/835/792 440/836/793
f 439/834/791 440/836/793 445/837/794
f 440/838/795 441/839/796 445/840/797
f 442/841/798 444/842/799 435/843/800
f 442/841/798 443/844/801 440/845/793
f 444/842/799 440/838/793 438/835/792
f 440/845/802 443/844/803 441/839/796
f 446/846/804 445/840/797 447/847/805
f 446/848/804 447/847/805 443/849/803
f 445/840/797 443/844/803 447/847/805
f 448/222/208 451/850/806 453/851/807
f 451/850/808 452/852/809 453/853/810
f 453/853/811 454/854/811 456/855/811
f 449/267/253 453/856/812 455/857/813
f 455/857/814 453/858/810 452/852/809
f 457/859/815 458/860/816 456/861/817
f 459/862/818 462/863/819 464/864/820
f 462/863/819 470/865/821 464/864/820
f 462/863/819 465/866/822 472/867/823
f 466/868/824 468/869/825 460/319/826
f 468/869/827 467/870/828 463/871/829
f 461/238/224 469/872/830 471/873/831
f 469/872/832 472/867/833 471/874/834
f 471/874/835 463/875/829 467/876/828
f 471/874/834 465/866/836 463/875/837
f 473/321/307 476/877/838 478/878/839
f 476/877/838 477/879/840 478/880/839
f 478/880/841 1907/3/841 483/2/841
f 478/881/839 479/882/842 1907/883/843
f 474/884/844 481/885/845 480/886/846
f 481/887/847 484/888/848 1907/883/849
f 481/885/850 477/879/840 480/886/851
f 485/347/333 488/889/852 489/890/853
f 489/891/854 490/892/854 495/893/854
f 486/894/855 493/895/856 492/896/857
f 493/897/858 491/898/858 495/899/858
f 492/896/859 489/891/860 488/900/861
f 493/895/862 490/892/863 489/891/860
f 494/901/864 496/902/865 487/198/866
f 500/903/867 502/904/868 497/905/869
f 500/903/867 501/906/870 503/907/871
f 502/904/868 503/908/871 509/909/872
f 503/907/871 501/906/870 504/910/873
f 506/911/874 507/912/875 505/913/876
f 505/914/876 507/912/875 501/915/870
f 507/912/875 504/910/873 501/906/870
f 508/916/877 510/917/878 499/265/251
f 509/909/872 511/918/879 508/916/877
f 511/918/879 506/911/874 510/917/878
f 511/918/879 503/908/871 504/919/873
f 512/920/880 515/921/881 517/922/882
f 515/923/883 516/924/883 520/925/883
f 516/926/884 519/927/885 518/928/886
f 514/273/259 521/929/887 522/930/888
f 517/931/889 522/932/890 521/929/891
f 522/932/892 520/925/892 516/926/893
f 522/932/890 515/933/894 520/925/895
f 526/934/896 528/935/897 523/295/281
f 526/934/896 527/936/898 529/937/899
f 528/935/897 529/938/899 535/939/900
f 529/937/899 527/936/898 530/940/901
f 532/941/902 531/942/903 533/943/904
f 532/944/902 533/943/904 527/945/898
f 531/942/903 527/936/898 533/943/904
f 534/946/905 536/947/906 525/286/272
f 535/939/900 537/948/907 534/946/905
f 536/947/906 537/948/907 531/949/903
f 537/948/907 530/940/901 531/942/903
f 538/950/908 541/951/909 542/952/910
f 545/953/911 543/954/912 541/955/913
f 540/293/279 546/956/914 547/957/915
f 546/956/916 541/958/917 547/959/918
f 547/959/919 1908/960/920 545/961/920
f 547/959/918 543/962/921 1908/960/922
f 548/283/269 554/963/923 553/964/924
f 552/965/925 554/963/923 551/966/926
f 554/963/923 562/967/927 553/964/924
f 554/963/923 555/968/928 565/969/929
f 549/254/240 559/970/930 558/971/931
f 556/972/932 560/973/933 559/970/930
f 558/971/931 555/974/934 552/975/935
f 559/970/936 565/976/937 555/974/938
f 561/977/939 563/978/940 550/302/288
f 562/967/927 564/979/941 561/977/939
f 564/979/941 557/980/942 563/978/940
f 564/979/941 565/981/943 560/982/944
f 569/983/945 571/984/946 566/246/232
f 570/985/947 572/986/948 569/983/945
f 572/986/948 580/987/949 571/984/946
f 572/986/948 573/988/950 583/989/951
f 567/292/278 577/990/952 576/991/953
f 574/992/954 578/993/955 577/990/952
f 576/994/953 573/988/956 570/985/957
f 577/995/958 583/996/959 573/988/960
f 579/997/961 581/998/962 568/263/249
f 580/987/949 582/999/963 579/997/961
f 582/999/963 575/1000/964 581/998/962
f 582/999/963 583/996/965 578/1001/966
f 587/1002/967 589/1003/968 584/278/264
f 588/1004/969 590/1005/970 587/1002/967
f 590/1005/970 599/1006/971 589/1003/968
f 590/1005/970 592/1007/972 602/1008/973
f 593/1009/974 595/1010/975 585/257/243
f 594/1011/976 596/1012/977 593/1009/974
f 596/1012/977 588/1004/969 595/1010/975
f 596/1012/977 592/1007/972 591/1013/978
f 598/1014/979 600/1015/980 586/305/291
f 599/1006/971 601/1016/981 598/1014/979
f 601/1016/981 594/1011/976 600/1015/980
f 601/1016/981 592/1007/972 597/1017/982
f 615/284/270 621/1018/983 620/1019/984
f 618/1020/985 619/1021/986 621/1018/983
f 620/1019/984 631/1022/987 628/1023/988
f 621/1024/983 622/1025/989 631/1022/987
f 616/312/298 621/1026/990 625/1027/991
f 623/1028/992 626/1029/993 621/1026/990
f 625/1027/991 621/1024/990 619/1021/994
f 621/1026/990 626/1029/993 622/1025/989
f 627/1030/995 629/1031/996 617/1032/324
f 628/1023/988 630/1033/997 627/1030/995
f 630/1033/997 624/1034/998 629/1031/996
f 631/1022/987 626/1029/993 630/1033/997
f 635/1035/999 637/1036/1000 632/324/310
f 636/1037/1001 638/1038/1002 635/1035/999
f 638/1038/1002 646/1039/1003 637/1036/1000
f 638/1038/1002 639/1040/1004 649/1041/1005
f 640/1042/1006 642/1043/1007 633/1044/325
f 641/1045/1008 643/1046/1009 640/1042/1006
f 643/1046/1009 636/1037/1001 642/1043/1007
f 644/1047/1010 639/1040/1004 643/1046/1009
f 645/1048/1011 647/1049/1012 634/310/296
f 646/1039/1003 648/1050/1013 645/1048/1011
f 648/1050/1013 641/1045/1008 647/1049/1012
f 648/1050/1013 649/1051/1005 644/1047/1010
f 650/323/309 656/1052/1014 655/1053/1015
f 653/1054/1016 657/1055/1017 656/1052/1014
f 655/1053/1015 656/1056/1014 663/1057/1018
f 658/1058/1019 660/1059/1020 651/1060/213
f 659/1061/1021 661/1062/1022 658/1058/1019
f 661/1062/1023 654/1063/1024 660/1059/1020
f 652/313/299 665/1064/1025 664/1065/1026
f 662/1066/1027 656/1056/1028 665/1064/1029
f 664/1065/1026 657/1067/1030 659/1061/1021
f 665/1064/1029 656/1056/1028 657/1067/1031
f 669/1068/1032 671/1069/1033 666/228/214
f 670/1070/1034 672/1071/1035 669/1068/1032
f 672/1071/1035 680/1072/1036 671/1069/1033
f 672/1071/1035 673/1073/1037 683/1074/1038
f 674/1075/1039 676/1076/1040 667/317/303
f 675/1077/1041 677/1078/1042 674/1075/1039
f 677/1078/1042 670/1070/1034 676/1076/1040
f 677/1078/1042 678/1079/1043 673/1080/1037
f 679/1081/1044 681/1082/1045 668/1083/312
f 680/1072/1036 682/1084/1046 679/1081/1044
f 682/1084/1046 675/1077/1041 681/1082/1045
f 683/1074/1038 678/1079/1043 682/1084/1046
f 684/344/330 690/1085/1047 689/1086/1048
f 687/1087/1049 691/1088/1050 690/1085/1047
f 689/1086/1048 702/1089/1051 699/1090/1052
f 690/1085/1047 692/1091/1053 702/1089/1051
f 693/1092/1054 695/1093/1055 685/1094/316
f 694/1095/1056 696/1096/1057 693/1092/1054
f 696/1096/1057 688/1097/1058 695/1093/1055
f 697/1098/1059 691/1088/1060 696/1096/1057
f 686/1099/1061 701/1100/1062 700/1101/1063
f 698/1102/1064 702/1089/1065 701/1100/1062
f 700/1101/1063 697/1098/1066 694/1095/1056
f 701/1100/1062 692/1091/1067 697/1098/1066
f 703/215/201 708/1103/1068 707/1104/1069
f 706/1105/1070 709/1106/1071 708/1103/1068
f 707/1104/1069 720/1107/1072 717/1108/1073
f 708/1103/1068 710/1109/1074 720/1107/1072
f 704/318/304 714/1110/1075 713/1111/1076
f 711/1112/1077 715/1113/1078 714/1110/1075
f 713/1111/1079 709/1106/1080 706/1105/1081
f 714/1110/1075 710/1109/1082 709/1106/1080
f 716/1114/1083 718/1115/1084 705/1116/329
f 717/1108/1073 719/1117/1085 716/1114/1083
f 719/1117/1085 712/1118/1086 718/1115/1084
f 720/1107/1072 715/1113/1087 719/1117/1085
f 721/348/334 727/1119/1088 726/1120/1089
f 724/1121/1090 728/1122/1091 727/1119/1088
f 726/1120/1089 727/1119/1088 738/1123/1092
f 727/1119/1088 729/1124/1093 738/1123/1092
f 730/1125/1094 732/1126/1095 722/1127/204
f 731/1128/1096 733/1129/1097 730/1125/1094
f 733/1129/1097 725/1130/1098 732/1126/1095
f 734/1131/1099 728/1122/1091 733/1129/1097
f 723/309/295 737/1132/1100 736/1133/1101
f 735/1134/1102 738/1123/1103 737/1132/1100
f 736/1133/1101 734/1131/1099 731/1128/1096
f 737/1132/1100 729/1124/1093 734/1131/1099
f 742/1135/1104 744/1136/1105 739/1137/1106
f 743/1138/1107 745/1139/1108 742/1135/1104
f 745/1139/1108 753/1140/1109 744/1136/1105
f 745/1139/1108 746/1141/1110 756/1142/1111
f 747/1143/1112 749/1144/1113 740/306/292
f 748/1145/1114 750/1146/1115 747/1143/1112
f 750/1146/1115 743/1138/1107 749/1144/1113
f 750/1146/1115 751/1147/1116 746/1148/1110
f 752/1149/1117 754/1150/1118 741/1151/192
f 753/1140/1109 755/1152/1119 752/1149/1117
f 755/1152/1119 748/1145/1114 754/1150/1118
f 756/1142/1111 751/1147/1116 755/1152/1119
f 757/204/190 763/1153/1120 762/1154/1121
f 760/1155/1122 761/1156/1123 763/1153/1124
f 762/1154/1121 773/1157/1125 770/1158/1126
f 763/1159/1120 764/1160/1127 773/1157/1125
f 758/308/294 768/1161/1128 767/1162/1129
f 765/1163/1130 773/1164/1131 768/1161/1132
f 768/1161/1132 761/1156/1133 767/1162/1134
f 768/1161/1132 764/1160/1135 763/1159/1136
f 769/1165/1137 771/1166/1138 759/1167/320
f 770/1158/1126 772/1168/1139 769/1165/1137
f 772/1168/1140 766/1169/1141 771/1166/1138
f 824/1170/1142 830/1171/1143 829/1172/1144
f 827/1173/1145 831/1174/1146 830/1171/1143
f 829/1172/1144 830/1171/1143 841/1175/1147
f 830/1171/1143 832/1176/1148 841/1175/1147
f 833/1177/1149 835/1178/1150 825/1179/1151
f 834/1180/1152 836/1181/1153 833/1177/1149
f 836/1181/1153 828/1182/1154 835/1178/1150
f 837/1183/1155 831/1174/1146 836/1181/1153
f 826/396/377 840/1184/1156 839/1185/1157
f 838/1186/1158 841/1175/1159 840/1187/1156
f 839/1188/1157 837/1183/1160 834/1180/1161
f 840/1187/1156 832/1176/1162 837/1183/1160
f 862/526/490 867/1189/1163 866/1190/1164
f 865/1191/1165 868/1192/1166 867/1189/1163
f 866/1190/1164 879/1193/1167 876/1194/1168
f 867/1189/1163 869/1195/1169 879/1193/1167
f 863/1196/1170 873/1197/1171 872/1198/1172
f 870/1199/1173 874/1200/1174 873/1201/1171
f 872/1202/1175 868/1192/1176 865/1191/1177
f 873/1201/1171 869/1195/1178 868/1192/1176
f 875/1203/1179 877/1204/1180 864/1205/1181
f 876/1194/1168 878/1206/1182 875/1203/1179
f 878/1206/1182 871/1207/1183 877/1204/1180
f 879/1193/1167 874/1200/1184 878/1206/1182
f 930/486/453 935/1208/1185 934/1209/1186
f 933/1210/1187 936/1211/1188 935/1208/1185
f 934/1209/1186 946/1212/1189 943/1213/1190
f 935/1208/1185 937/1214/1191 946/1212/1189
f 931/453/428 940/1215/1192 933/1216/1193
f 938/1217/1194 941/1218/1195 940/1215/1192
f 933/1216/1193 940/1215/1192 936/1211/1196
f 940/1215/1192 937/1214/1197 936/1211/1196
f 942/1219/1198 944/1220/1199 932/523/487
f 943/1213/1190 945/1221/1200 942/1219/1198
f 945/1221/1200 939/1222/1201 944/1220/1199
f 946/1212/1202 941/1218/1195 945/1221/1200
f 967/528/492 973/1223/1203 972/1224/1204
f 970/1225/1205 974/1226/1206 973/1223/1203
f 972/1224/1204 973/1223/1203 983/1227/1207
f 973/1223/1203 975/1228/1208 983/1227/1207
f 976/1229/1209 978/1230/1210 968/1231/1211
f 977/1232/1212 979/1233/1213 976/1229/1209
f 979/1233/1213 971/1234/1214 978/1230/1210
f 980/1235/1215 974/1236/1216 979/1233/1213
f 969/465/437 982/1237/1217 981/1238/1218
f 972/1239/1219 983/1240/1220 982/1237/1217
f 981/1238/1218 980/1235/1215 977/1232/1212
f 982/1237/1217 975/1241/1221 980/1235/1215
f 1034/1242/1222 1039/1243/1223 1047/1244/1224
f 1037/1245/1225 1040/1246/1226 1039/1243/1223
f 1047/1244/1224 1039/1243/1223 1050/1247/1227
f 1039/1243/1223 1041/1248/1228 1050/1247/1227
f 1042/1249/1229 1044/1250/1230 1035/1251/1231
f 1043/1252/1232 1045/1253/1233 1042/1254/1229
f 1045/1255/1233 1038/1256/1234 1044/1250/1230
f 1046/1257/1235 1040/1246/1226 1045/1255/1233
f 1036/585/544 1049/1258/1236 1048/1259/1237
f 1047/1260/1238 1050/1261/1239 1049/1258/1236
f 1048/1259/1237 1046/1262/1240 1043/1252/1232
f 1049/1258/1236 1041/1263/1241 1046/1262/1240
f 1054/1264/1242 1056/1265/1243 1051/718/666
f 1055/1266/1244 1057/1267/1245 1054/1264/1242
f 1057/1267/1245 1065/1268/1246 1056/1265/1243
f 1057/1267/1245 1058/1269/1247 1068/1270/1248
f 1059/1271/1249 1061/1272/1250 1052/1273/545
f 1060/1274/1251 1062/1275/1252 1059/1271/1249
f 1061/1272/1250 1058/1276/1247 1055/1266/1244
f 1062/1275/1252 1063/1277/1253 1058/1276/1247
f 1053/702/650 1067/1278/1254 1066/1279/1255
f 1064/1280/1256 1068/1270/1257 1067/1278/1254
f 1066/1279/1255 1063/1277/1258 1060/1274/1259
f 1067/1278/1260 1058/1269/1247 1063/1277/1253
f 1084/1281/658 1089/1282/1261 1088/1283/1262
f 1087/1284/1263 1090/1285/1264 1089/1282/1261
f 1088/1283/1262 1101/1286/1265 1098/1287/1266
f 1089/1282/1261 1091/1288/1267 1101/1286/1265
f 1085/1289/1268 1095/1290/1269 1094/1291/1270
f 1092/1292/1271 1096/1293/1272 1095/1290/1269
f 1094/1291/1273 1090/1294/1274 1087/1295/1275
f 1095/1290/1269 1091/1296/1276 1090/1294/1274
f 1097/1297/1277 1099/1298/1278 1086/1299/1279
f 1098/1287/1266 1100/1300/1280 1097/1297/1277
f 1100/1300/1280 1093/1301/1281 1099/1298/1278
f 1101/1286/1265 1096/1302/1282 1100/1300/1280
f 1152/673/623 1157/1303/1283 1156/1304/1284
f 1155/1305/1285 1158/1306/1286 1157/1303/1283
f 1156/1304/1284 1168/1307/1287 1165/1308/1288
f 1157/1303/1283 1159/1309/1289 1168/1307/1287
f 1153/642/598 1162/1310/1290 1155/1311/1291
f 1160/1312/1292 1163/1313/1293 1162/1310/1290
f 1155/1314/1291 1162/1315/1290 1158/1306/1294
f 1162/1310/1290 1159/1316/1295 1158/1317/1296
f 1164/1318/1297 1166/1319/1298 1154/707/655
f 1165/1308/1288 1167/1320/1299 1164/1321/1297
f 1167/1322/1299 1161/1323/1300 1166/1319/1298
f 1168/1307/1301 1163/1324/1293 1167/1320/1299
f 1172/1325/1302 1174/1326/1303 1169/721/669
f 1173/1327/1304 1175/1328/1305 1172/1325/1302
f 1175/1328/1305 1184/1329/1306 1174/1326/1303
f 1175/1328/1305 1177/1330/1307 1187/1331/1308
f 1178/1332/1309 1180/1333/1310 1170/708/656
f 1178/1332/1309 1182/1334/1311 1181/1335/1312
f 1181/1336/1312 1173/1327/1304 1180/1337/1310
f 1181/1336/1312 1177/1330/1307 1176/1338/1313
f 1183/1339/1314 1185/1340/1315 1171/1341/1316
f 1184/1329/1306 1186/1342/1317 1183/1339/1314
f 1186/1343/1317 1179/1344/1318 1185/1345/1315
f 1187/1331/1308 1182/1346/1311 1186/1342/1317
f 1203/712/660 1208/1347/1319 1216/1348/1320
f 1206/1349/1321 1209/1350/1322 1208/1347/1319
f 1216/1348/1320 1208/1347/1319 1219/1351/1323
f 1208/1347/1319 1210/1352/1324 1219/1351/1325
f 1211/1353/1326 1213/1354/1327 1204/1355/1328
f 1212/1356/1329 1214/1357/1330 1211/1353/1326
f 1214/1357/1330 1207/1358/1331 1213/1354/1327
f 1215/1359/1332 1209/1350/1333 1214/1357/1330
f 1205/654/607 1218/1360/1334 1217/1361/1335
f 1216/1362/1336 1219/1351/1337 1218/1360/1334
f 1217/1361/1335 1215/1359/1332 1212/1356/1329
f 1218/1360/1334 1210/1352/1338 1215/1359/1332
f 1223/1363/1339 1225/1364/1340 1220/1365/1341
f 1224/1366/1342 1226/1367/1343 1223/1363/1339
f 1226/1367/1343 1235/1368/1344 1225/1364/1340
f 1226/1367/1343 1227/1369/1345 1228/1370/1346
f 1221/1371/1347 1232/1372/1348 1231/1373/1349
f 1229/1374/1350 1233/1375/1351 1232/1372/1348
f 1231/1373/1349 1227/1369/1352 1224/1366/1353
f 1232/1372/1348 1228/1376/1354 1227/1369/1352
f 1234/1377/1355 1236/1378/1356 1222/1379/1357
f 1235/1368/1344 1237/1380/1358 1234/1377/1355
f 1237/1380/1358 1230/1381/1359 1236/1378/1356
f 1237/1380/1358 1228/1376/1346 1233/1375/1360
f 219/28/25 1240/1382/1361 222/1383/1362
f 222/1384/1362 1241/1385/1363 221/1386/1364
f 221/1386/1365 1242/1387/1366 220/1388/1367
f 1242/1387/1366 218/186/173 220/1388/1367
f 1238/27/24 205/1389/1368 1240/1382/1361
f 1240/1390/1361 206/1391/1369 1241/1385/1363
f 1241/1385/1370 207/1392/1371 1242/1387/1366
f 207/1392/1371 1239/145/134 1242/1387/1366
f 1243/64/59 227/1393/1372 224/11/10
f 1245/1394/1373 226/1395/1374 227/1396/1372
f 1246/1397/1375 225/1398/1376 226/1395/1377
f 225/1398/1376 1244/122/112 223/24/21
f 208/196/182 1245/1399/1373 1243/64/59
f 210/1400/1378 1246/1397/1379 1245/1394/1373
f 211/1401/1380 1247/1402/1381 1246/1397/1375
f 1247/1402/1381 209/21/18 1244/122/112
f 1248/134/124 202/1403/1382 199/6/6
f 1250/1404/1383 201/1405/1384 202/1406/1382
f 1251/1407/1385 200/1408/1386 201/1405/1387
f 200/1408/1386 1249/7/7 198/19/16
f 219/28/25 1250/1409/1383 1248/134/124
f 222/1384/1362 1251/1407/1388 1250/1404/1383
f 221/1386/1365 1252/1410/1389 1251/1407/1385
f 1252/1410/1389 218/186/173 1249/7/7
f 214/164/152 1255/1411/1390 217/1412/1391
f 217/1413/1391 1256/1414/1392 216/1415/1393
f 216/1415/1394 1257/1416/1395 215/1417/1396
f 1257/1416/1395 213/13/11 215/1417/1396
f 1253/29/26 227/1393/1372 1255/1411/1390
f 1255/1418/1390 226/1395/1374 1256/1414/1392
f 1256/1414/1397 225/1398/1376 1257/1416/1395
f 225/1398/1376 1254/26/23 1257/1416/1395
f 229/1419/153 1260/1420/1398 232/1421/1399
f 232/1421/1399 1261/1422/1400 231/1423/1401
f 231/1423/1402 1262/1424/1403 230/1425/1404
f 1262/1424/1403 228/32/28 230/1425/1404
f 1258/159/147 217/1412/1391 1260/1426/1398
f 1260/1420/1398 216/1415/1393 1261/1422/1400
f 1261/1422/1405 215/1417/1396 1262/1424/1403
f 215/1417/1396 1259/15/13 1262/1424/1403
f 203/18/15 1265/1427/1406 205/1389/1368
f 205/1428/1368 1266/1429/1407 206/1391/1369
f 206/1391/1408 1267/1430/1409 207/1392/1371
f 1267/1430/1409 204/38/34 207/1392/1371
f 1263/17/14 235/1431/1410 1265/1427/1406
f 1265/1432/1406 236/1433/1411 1266/1429/1407
f 1266/1429/1412 237/1434/1413 1267/1430/1409
f 237/1434/1413 1264/36/32 1267/1430/1409
f 233/47/42 1270/1435/1414 235/1431/1410
f 235/1436/1410 1271/1437/1415 236/1433/1411
f 236/1433/1416 1272/1438/1417 237/1434/1413
f 1272/1438/1417 234/35/31 237/1434/1413
f 1268/56/51 245/1439/1418 1270/1435/1414
f 1270/1440/1414 246/1441/1419 1271/1437/1415
f 1271/1437/1420 247/1442/1421 1272/1438/1417
f 247/1442/1421 1269/33/29 1272/1438/1417
f 239/1443/183 1275/1444/1422 242/1445/1423
f 242/1445/1423 1276/1446/1424 241/1447/1425
f 241/1447/1426 1277/1448/1427 240/1449/1428
f 1277/1448/1427 238/42/38 240/1449/1428
f 1273/1450/176 232/1421/1399 1275/1444/1422
f 1275/1444/1422 231/1423/1401 1276/1446/1424
f 1276/1446/1429 230/1425/1404 1277/1448/1427
f 230/1425/1404 1274/40/36 1277/1448/1427
f 1278/176/163 269/1451/1430 266/174/161
f 1280/1452/1431 268/1453/1432 269/1451/1430
f 1281/1454/1433 267/1455/1434 268/1453/1432
f 1282/1456/1435 265/52/47 267/1457/1434
f 249/736/684 1280/1452/1431 1278/176/163
f 259/735/683 1281/1454/1433 1280/1452/1431
f 252/741/687 1282/1458/1435 1281/1454/1433
f 251/730/678 1279/138/128 1282/1458/1435
f 243/55/50 1285/1459/1436 245/1439/1418
f 245/1460/1418 1286/1461/1437 246/1441/1419
f 246/1441/1438 1287/1462/1439 247/1442/1421
f 247/1442/1421 1284/43/39 244/45/41
f 1283/158/146 269/1451/1430 1285/1459/1436
f 1285/1459/1440 268/1453/1432 1286/1463/1437
f 1286/1461/1441 267/1457/1434 1287/1462/1439
f 267/1457/1434 1284/43/39 1287/1462/1439
f 249/1464/684 1290/1465/1442 257/739/682
f 257/739/682 1291/1466/1443 258/737/685
f 258/737/695 1292/1467/1444 262/744/691
f 262/744/691 1289/49/44 250/51/46
f 1288/1468/162 242/1445/1423 1290/1465/1442
f 1290/1465/1442 241/1447/1425 1291/1466/1443
f 1291/1466/1445 240/1449/1428 1292/1467/1444
f 1292/1467/1444 238/42/38 1289/49/44
f 1293/72/67 210/1469/1378 208/196/182
f 1295/1470/1446 211/1401/1447 210/1400/1378
f 1296/1471/1448 212/1472/1449 211/1401/1380
f 212/1472/1449 1294/168/155 209/21/18
f 275/133/123 1295/1473/1446 1293/72/67
f 277/1474/1450 1296/1471/1451 1295/1470/1446
f 278/1475/1452 1297/1476/1453 1296/1471/1448
f 1297/1476/1453 276/61/56 1294/168/155
f 1298/4/4 274/1477/1454 271/183/170
f 1300/1478/1455 273/1479/1456 274/1480/1454
f 1301/1481/1457 272/1482/1458 273/1479/1459
f 272/1482/1458 1299/57/52 270/59/54
f 199/6/6 1300/1483/1455 1298/4/4
f 202/1406/1382 1301/1481/1460 1300/1478/1455
f 201/1405/1387 1302/1484/1461 1301/1481/1457
f 1302/1484/1461 198/19/16 1299/57/52
f 300/781/732 1305/1485/1462 311/779/730
f 311/783/730 1306/1486/1463 312/772/719
f 312/772/719 1307/1487/1464 302/768/715
f 302/768/715 1304/123/113 298/182/169
f 1303/149/137 291/1488/706 1305/1485/1462
f 1305/1489/1462 284/752/700 1306/1486/1463
f 1306/1486/1463 283/749/697 1307/1487/1464
f 1307/1487/1464 280/751/699 1304/123/113
f 1308/150/138 277/1490/1450 275/133/123
f 1310/1491/1465 278/1475/1466 277/1474/1450
f 1311/1492/1467 279/1493/1468 278/1475/1452
f 1312/1494/1469 276/61/56 279/1493/1468
f 300/781/732 1310/1495/1465 1308/150/138
f 313/785/731 1311/1492/1470 1310/1491/1465
f 307/784/1471 1312/1494/1469 1311/1492/1467
f 306/777/724 1309/69/64 1312/1494/1469
f 1313/152/140 289/1496/707 281/151/139
f 1315/1497/1472 290/766/1473 289/760/707
f 1316/1498/1474 296/764/710 290/766/712
f 1317/1499/1475 282/67/62 296/764/710
f 271/183/170 1315/1500/1472 1313/152/140
f 274/1480/1454 1316/1498/1476 1315/1497/1472
f 273/1479/1459 1317/1499/1475 1316/1498/1474
f 272/1482/1458 1314/65/60 1317/1499/1475
f 1318/148/136 340/1501/1477 337/74/68
f 1320/1502/1478 339/1503/1479 340/1501/1477
f 1321/1504/1480 338/1505/1481 339/1503/1479
f 1322/1506/1482 336/195/181 338/1505/1481
f 321/94/87 1320/1502/1478 1318/148/136
f 323/1507/1483 1321/1504/1480 1320/1502/1478
f 324/1508/1484 1322/1506/1482 1321/1504/1480
f 325/1509/1485 1319/194/180 1322/1506/1482
f 342/88/81 1325/1510/1486 345/1511/1487
f 345/1511/1487 1326/1512/1488 344/1513/1489
f 344/1513/1489 1327/1514/1490 343/1515/1491
f 343/1515/1491 1324/128/118 341/131/121
f 1323/87/80 328/1516/1492 1325/1510/1486
f 1325/1510/1486 329/1517/1493 1326/1512/1488
f 1326/1512/1488 330/1518/1494 1327/1514/1490
f 1327/1514/1490 327/129/119 1324/128/118
f 317/84/77 1330/1519/1495 320/1520/1496
f 320/1520/1496 1331/1521/1497 319/1522/1498
f 319/1522/1498 1332/1523/1499 318/1524/1500
f 318/1524/1500 1329/146/135 316/109/102
f 1328/75/69 340/1501/1477 1330/1519/1495
f 1330/1519/1495 339/1503/1479 1331/1521/1497
f 1331/1521/1497 338/1505/1481 1332/1523/1499
f 1332/1523/1499 336/195/181 1329/146/135
f 1333/89/82 335/1525/1501 332/130/120
f 1335/1526/1502 334/1527/1503 335/1525/1501
f 1336/1528/1504 333/1529/1505 334/1527/1503
f 1337/1530/1506 331/187/174 333/1529/1505
f 342/88/81 1335/1526/1502 1333/89/82
f 345/1511/1487 1336/1528/1504 1335/1526/1502
f 344/1513/1489 1337/1530/1506 1336/1528/1504
f 343/1515/1491 1334/167/154 1337/1530/1506
f 1338/80/73 350/1531/1507 347/161/149
f 1340/1532/1508 349/1533/1509 350/1531/1507
f 1341/1534/1510 348/1535/1511 349/1533/1509
f 1342/1536/1512 346/81/74 348/1535/1511
f 332/130/120 1340/1532/1508 1338/80/73
f 335/1525/1501 1341/1534/1510 1340/1532/1508
f 334/1527/1503 1342/1536/1512 1341/1534/1510
f 333/1529/1505 1339/97/90 1342/1536/1512
f 1343/95/88 323/1507/1483 321/94/87
f 1345/1537/1513 324/1508/1484 323/1507/1483
f 1346/1538/1514 325/1509/1485 324/1508/1484
f 1347/1539/1515 322/193/179 325/1509/1485
f 351/100/93 1345/1537/1513 1343/95/88
f 353/1540/1516 1346/1538/1514 1345/1537/1513
f 354/1541/1517 1347/1539/1515 1346/1538/1514
f 355/1542/1518 1344/77/71 1347/1539/1515
f 1348/101/94 353/1540/1516 351/100/93
f 1350/1543/1519 354/1541/1517 353/1540/1516
f 1351/1544/1520 355/1542/1518 354/1541/1517
f 1352/1545/1521 352/144/133 355/1542/1518
f 361/105/98 1350/1543/1519 1348/101/94
f 363/1546/1522 1351/1544/1520 1350/1543/1519
f 364/1547/1523 1352/1545/1521 1351/1544/1520
f 365/1548/1524 1349/188/175 1352/1545/1521
f 1353/96/89 360/1549/1525 357/191/177
f 1355/1550/1526 359/1551/1527 360/1549/1525
f 1356/1552/1528 358/1553/1529 359/1551/1527
f 1357/1554/1530 356/104/97 358/1553/1529
f 347/161/149 1355/1550/1526 1353/96/89
f 350/1531/1507 1356/1552/1528 1355/1550/1526
f 349/1533/1509 1357/1554/1530 1356/1552/1528
f 348/1535/1511 1354/83/76 1357/1554/1530
f 384/192/178 1360/1555/1531 387/1556/1532
f 387/1556/1532 1361/1557/1533 386/1558/1534
f 386/1558/1534 1362/1559/1535 385/1560/1536
f 385/1560/1536 1359/178/165 383/180/167
f 1358/143/132 370/787/737 1360/1555/1531
f 1360/1555/1531 379/791/741 1361/1557/1533
f 1361/1557/1533 378/797/749 1362/1559/1535
f 1362/1559/1535 368/179/166 1359/178/165
f 1363/107/100 363/1546/1522 361/105/98
f 1365/1561/1537 364/1547/1523 363/1546/1522
f 1366/1562/1538 365/1548/1524 364/1547/1523
f 1367/1563/1539 362/185/172 365/1548/1524
f 384/192/178 1365/1561/1537 1363/107/100
f 387/1556/1532 1366/1562/1538 1365/1561/1537
f 386/1558/1534 1367/1563/1539 1366/1562/1538
f 385/1560/1536 1364/162/150 1367/1563/1539
f 1368/102/95 374/795/745 367/108/101
f 1370/1564/1540 375/800/752 374/795/745
f 1371/1565/1541 380/798/750 375/800/752
f 1372/1566/1542 368/179/166 380/798/750
f 357/191/177 1370/1564/1540 1368/102/95
f 360/1549/1525 1371/1565/1541 1370/1564/1540
f 359/1551/1527 1372/1566/1542 1371/1565/1541
f 358/1553/1529 1369/177/164 1372/1566/1542
f 326/91/84 1375/1567/1543 328/1516/1492
f 328/1516/1492 1376/1568/1544 329/1517/1493
f 329/1517/1493 1377/1569/1545 330/1518/1494
f 330/1518/1494 1374/172/159 327/129/119
f 1373/112/103 395/1570/1546 1375/1567/1543
f 1375/1567/1543 396/1571/1547 1376/1568/1544
f 1376/1568/1544 397/1572/1548 1377/1569/1545
f 1377/1569/1545 394/135/125 1374/172/159
f 389/114/105 1380/1573/1549 392/1574/1550
f 392/1574/1550 1381/1575/1551 391/1576/1552
f 391/1576/1552 1382/1577/1553 390/1578/1554
f 390/1578/1554 1379/118/108 388/117/107
f 1378/85/78 320/1520/1496 1380/1573/1549
f 1380/1573/1549 319/1522/1498 1381/1575/1551
f 1381/1575/1551 318/1524/1500 1382/1577/1553
f 1382/1577/1553 316/109/102 1379/118/108
f 1383/127/117 420/819/772 417/184/171
f 1385/1579/1555 421/828/782 420/819/772
f 1386/1580/1556 427/824/778 421/828/782
f 1387/1581/1557 418/825/779 427/824/778
f 398/126/116 1385/1579/1555 1383/127/117
f 403/802/755 1386/1580/1556 1385/1579/1555
f 413/805/758 1387/1581/1557 1386/1580/1556
f 412/814/767 1384/156/144 1387/1581/1557
f 393/113/104 1390/1582/1558 395/1570/1546
f 395/1570/1546 1391/1583/1559 396/1571/1547
f 396/1571/1547 1392/1584/1560 397/1572/1548
f 397/1572/1548 1389/155/143 394/135/125
f 1388/119/109 431/831/786 1390/1582/1558
f 1390/1582/1558 426/826/780 1391/1583/1559
f 1391/1583/1559 425/823/777 1392/1584/1560
f 1392/1584/1560 418/825/779 1389/155/143
f 399/121/111 1395/1585/1561 407/808/761
f 407/808/761 1396/1586/1562 408/810/763
f 408/810/763 1397/1587/1563 414/815/768
f 414/815/768 1394/154/142 400/153/141
f 1393/115/106 392/1574/1550 1395/1585/1561
f 1395/1585/1561 391/1576/1552 1396/1586/1562
f 1396/1586/1562 390/1578/1554 1397/1587/1563
f 1397/1587/1563 388/117/107 1394/154/142
f 1398/68/63 294/763/709 282/67/62
f 1400/1588/1564 295/754/702 294/763/709
f 1401/1589/1565 285/750/698 295/754/702
f 1402/1590/1566 280/751/699 285/750/698
f 399/121/111 1400/1588/1564 1398/68/63
f 409/809/762 1401/1589/1565 1400/1588/1564
f 402/803/756 1402/1590/1566 1401/1589/1565
f 401/801/754 1399/124/114 1402/1590/1566
f 419/120/110 1405/1591/1567 430/1592/787
f 430/1592/1568 1405/1591/1569 1406/1593/1570
f 430/818/771 1404/181/168 417/184/171
f 1403/70/65 308/776/1571 1405/1591/1567
f 1405/1591/1569 301/769/1572 1406/1593/1570
f 1406/1594/1573 298/182/169 1404/181/168
f 1407/50/45 253/1595/1574 250/51/46
f 1409/1596/1575 248/727/675 253/729/677
f 367/108/101 1409/1597/1576 1407/50/45
f 369/1598/738 1408/139/129 1409/1596/1575
f 568/263/249 1412/1599/1577 579/997/961
f 579/997/961 1413/1600/1578 580/987/949
f 1413/1600/1578 571/984/946 580/987/949
f 1414/1601/1579 566/246/232 571/984/946
f 1410/262/248 589/1003/968 1412/1599/1577
f 1412/1599/1577 599/1006/971 1413/1600/1578
f 599/1006/971 1414/1601/1579 1413/1600/1578
f 598/1014/979 1411/264/250 1414/1601/1579
f 1415/256/242 593/1009/974 585/257/243
f 1417/1602/1580 594/1011/976 593/1009/974
f 594/1011/976 1419/1603/1581 600/1015/980
f 600/1015/980 1416/243/229 586/305/291
f 603/234/220 1417/1602/1580 1415/256/242
f 608/1604/1582 1418/1605/1583 1417/1602/1580
f 1418/1605/1583 612/1606/1584 1419/1603/1581
f 1419/1603/1581 605/271/257 1416/243/229
f 1420/291/277 609/1607/1585 604/303/289
f 1422/1608/1586 610/1609/1587 609/1610/1588
f 610/1609/1587 1423/1611/1589 614/1612/1590
f 1423/1611/1591 605/271/257 614/1612/1592
f 1420/291/277 576/991/953 1422/1613/1593
f 1422/1608/1586 570/985/957 1423/1614/1589
f 1423/1614/1589 570/985/957 569/983/1594
f 1423/1611/1591 566/246/232 1421/245/231
f 550/302/288 1426/1615/1595 561/977/939
f 561/977/939 1427/1616/1596 562/967/927
f 1427/1616/1596 553/964/924 562/967/927
f 1428/1617/1597 548/283/269 553/964/924
f 1424/298/284 595/1010/975 1426/1615/1595
f 1426/1615/1595 588/1004/969 1427/1616/1596
f 588/1004/969 1428/1617/1597 1427/1616/1596
f 587/1002/967 1425/277/263 1428/1617/1597
f 1429/252/238 574/992/954 567/292/278
f 1431/1618/1598 575/1619/1599 574/992/954
f 575/1000/1599 1432/1620/1600 581/998/1601
f 1432/1620/1602 568/263/249 581/998/962
f 1429/252/238 558/971/931 1431/1618/1603
f 1431/1618/1598 552/975/935 1432/1621/1600
f 1432/1622/1604 552/965/925 551/966/926
f 1432/1620/1602 548/283/269 1430/231/217
f 1433/253/239 556/972/932 549/254/240
f 1435/1623/1605 557/1624/1606 556/972/932
f 1436/1625/1607 563/1626/940 557/1624/942
f 1437/1627/1608 550/302/288 563/978/940
f 1433/253/239 611/1628/1609 1435/1623/1605
f 1435/1623/1605 607/1629/1610 1436/1625/1611
f 1436/1625/1607 606/1630/1612 1437/1631/1613
f 1437/1627/1608 603/234/220 1434/233/219
f 459/862/818 1440/1632/1614 462/1633/819
f 462/1633/819 1441/1634/1615 463/871/829
f 463/871/829 1442/1635/1616 468/869/827
f 468/869/827 1439/249/235 460/319/305
f 434/169/156 1440/1632/1614 1438/212/198
f 439/834/791 1441/1634/1615 1440/1632/1614
f 445/837/794 1442/1635/1616 1441/1634/1615
f 446/846/1617 1439/249/235 1442/1635/1616
f 1443/261/247 482/1636/1618 475/219/205
f 1445/1637/1619 483/2/1620 482/1636/1618
f 1446/1638/1621 478/878/839 483/2/1620
f 1447/1639/1622 473/321/307 478/878/839
f 1443/261/247 446/848/1617 1445/1637/1619
f 1445/1637/1619 443/849/801 1446/1638/1621
f 1446/1638/1621 442/841/798 1447/1639/1622
f 1447/1639/1622 435/843/800 1444/239/225
f 1448/320/306 466/868/1623 460/319/305
f 1450/1640/1624 467/876/1625 466/868/1623
f 1451/1641/1626 471/873/831 467/876/1625
f 1452/1642/1627 461/238/224 471/873/831
f 1448/320/306 482/1643/1618 1450/1640/1624
f 1450/1640/1624 484/888/1628 1451/1641/1626
f 1451/1641/1626 481/887/845 1452/1642/1627
f 1452/1642/1627 474/884/844 1449/236/222
f 497/905/869 1455/1644/1629 500/903/867
f 500/903/867 1456/1645/1630 501/915/870
f 501/915/870 1457/1646/1631 505/914/876
f 505/914/876 1454/281/267 498/325/311
f 448/222/208 1455/1644/1629 1453/300/286
f 453/851/1632 1456/1645/1630 1455/1644/1629
f 456/855/1633 1457/1646/1631 1456/1645/1630
f 457/1647/1634 1454/281/267 1457/1646/1631
f 512/920/880 1460/1648/1635 515/923/881
f 515/923/881 1461/1649/1636 516/924/1637
f 516/924/1638 1462/1650/1639 518/1651/1640
f 518/1651/1640 1459/341/327 513/209/195
f 499/265/251 1460/1648/1635 1458/274/260
f 510/917/878 1461/1649/1636 1460/1648/1635
f 506/911/874 1462/1650/1639 1461/1649/1636
f 505/913/876 1459/341/327 1462/1650/1639
f 1463/211/197 518/928/1640 513/209/195
f 1465/1652/1641 516/926/1642 518/928/1640
f 1466/1653/1643 522/930/888 516/926/1642
f 1467/1654/1644 514/273/259 522/930/888
f 1463/211/197 457/859/1634 1465/1652/1641
f 1465/1652/1641 456/861/1645 1466/1653/1643
f 1466/1653/1643 453/1655/1646 1467/1654/1644
f 1467/1654/1644 449/267/253 1464/269/255
f 1468/259/245 494/901/1647 487/198/184
f 1470/1656/1648 1471/1657/1649 495/1658/1650
f 1471/1657/1649 489/890/853 495/1658/1650
f 1472/1659/1651 485/347/333 489/890/853
f 1468/259/245 532/944/1652 1470/1656/1648
f 1470/1656/1648 527/945/898 1471/1657/1649
f 1471/1657/1649 526/934/896 1472/1659/1651
f 1472/1659/1651 523/295/281 1469/297/283
f 1473/331/317 532/941/1652 524/282/268
f 1475/1660/1653 531/949/903 532/941/1652
f 1476/1661/1654 536/947/906 531/949/903
f 1477/1662/1655 525/286/272 536/947/906
f 1473/331/317 544/1663/1656 1475/1660/1653
f 1475/1660/1653 545/953/1657 1476/1661/1654
f 1476/1661/1654 541/955/909 1477/1662/1655
f 1477/1662/1655 538/950/908 1474/201/187
f 1478/345/331 544/1664/1656 539/332/318
f 1480/1665/1658 545/961/1659 544/1664/1656
f 1481/1666/1660 547/957/915 545/961/1659
f 1482/1667/1661 540/293/279 547/957/915
f 1478/345/331 496/902/1662 1480/1665/1658
f 1480/1665/1658 491/898/1663 1481/1666/1660
f 1481/1666/1660 493/897/856 1482/1667/1661
f 1482/1667/1661 486/894/855 1479/288/274
f 617/1032/324 1485/1668/1664 627/1030/995
f 627/1030/995 1486/1669/1665 628/1023/988
f 628/1023/988 1487/1670/1666 620/1019/984
f 620/1019/984 1484/285/271 615/284/270
f 1483/1671/323 642/1043/1007 1485/1668/1664
f 1485/1668/1664 636/1037/1001 1486/1669/1665
f 1486/1669/1665 635/1035/999 1487/1670/1666
f 1487/1670/1666 632/324/310 1484/285/271
f 1488/311/297 653/1054/1016 650/323/309
f 1490/1672/1667 654/1063/1024 653/1054/1016
f 1491/1673/1668 660/1059/1020 654/1063/1024
f 1492/1674/1669 651/1060/213 660/1059/1020
f 634/310/296 1490/1672/1667 1488/311/297
f 647/1049/1012 1491/1673/1668 1490/1672/1667
f 641/1045/1008 1492/1674/1669 1491/1673/1668
f 640/1042/1006 1489/1675/211 1492/1674/1669
f 1493/314/300 623/1028/992 616/312/298
f 1495/1676/1670 624/1034/998 623/1028/992
f 1496/1677/1671 629/1031/996 624/1034/998
f 1497/1678/1672 617/1032/324 629/1031/996
f 1493/314/300 664/1065/1026 1495/1676/1670
f 1495/1676/1670 659/1061/1021 1496/1677/1671
f 1496/1677/1671 658/1058/1019 1497/1678/1672
f 1497/1678/1672 651/1060/213 1494/1679/212
f 1498/1680/314 679/1081/1044 668/1083/312
f 1500/1681/1673 680/1072/1036 679/1081/1044
f 1501/1682/1674 671/1069/1033 680/1072/1036
f 671/1069/1033 1499/229/215 666/228/214
f 685/1094/316 1500/1681/1673 1498/1680/314
f 695/1093/1055 1501/1682/1674 1500/1681/1673
f 688/1097/1058 1502/1683/1675 1501/1682/1674
f 687/1087/1049 1499/229/215 1502/1683/1675
f 705/1116/329 1505/1684/1676 716/1114/1083
f 716/1114/1083 1506/1685/1677 717/1108/1073
f 717/1108/1073 1507/1686/1678 707/1104/1069
f 707/1104/1069 1504/216/202 703/215/201
f 1503/1687/328 681/1082/1045 1505/1684/1676
f 1505/1684/1676 675/1077/1041 1506/1685/1677
f 1506/1685/1677 674/1075/1039 1507/1686/1678
f 1507/1686/1678 667/317/303 1504/216/202
f 1508/316/302 711/1112/1077 704/318/304
f 1510/1688/1679 712/1118/1086 711/1112/1077
f 1511/1689/1680 718/1115/1084 712/1118/1086
f 1512/1690/1681 705/1116/329 718/1115/1084
f 1508/316/302 700/1101/1063 1510/1688/1679
f 1510/1688/1679 694/1095/1056 1511/1689/1680
f 1511/1689/1680 693/1092/1054 1512/1690/1681
f 1512/1691/1681 685/330/316 1509/329/315
f 1513/336/322 724/1121/1090 721/348/334
f 1515/1692/1682 725/1130/1098 724/1121/1090
f 1516/1693/1683 732/1126/1095 725/1130/1098
f 1517/1694/1684 722/1127/204 732/1126/1095
f 739/1137/1106 1515/1692/1682 1513/336/322
f 744/1136/1105 1516/1693/1683 1515/1692/1682
f 753/1140/1109 1517/1694/1684 1516/1693/1683
f 752/1149/1117 1514/1695/194 1517/1694/1684
f 740/306/292 1520/1696/1685 747/1143/1112
f 747/1143/1112 1521/1697/1686 748/1145/1114
f 748/1145/1114 1522/1698/1687 754/1150/1118
f 754/1150/1118 1519/1699/319 741/1151/192
f 1518/205/191 762/1154/1121 1520/1696/1685
f 1520/1696/1685 770/1158/1126 1521/1697/1686
f 1521/1697/1686 769/1165/1137 1522/1698/1687
f 1522/1698/1687 759/1167/320 1519/1699/319
f 1523/307/293 765/1163/1130 758/308/294
f 1525/1700/1688 766/1169/1141 765/1163/1130
f 1526/1701/1689 771/1166/1138 766/1169/1141
f 1527/1702/1690 759/1167/320 771/1166/1138
f 1523/307/293 736/1133/1101 1525/1700/1688
f 1525/1700/1688 731/1128/1096 1526/1701/1689
f 1526/1701/1689 730/1125/1094 1527/1702/1690
f 1527/1702/1690 722/1127/204 1524/1703/203
f 1528/171/158 437/833/790 434/169/156
f 1530/1704/1691 438/835/1692 437/833/790
f 1531/1705/1693 444/842/799 438/835/1692
f 1532/1706/1694 435/843/800 444/842/799
f 632/324/310 1530/1704/1691 1528/171/158
f 637/1036/1000 1531/1705/1693 1530/1704/1691
f 646/1039/1003 1532/1706/1694 1531/1705/1693
f 645/1048/1011 1529/240/226 1532/1706/1694
f 1533/250/236 662/1066/1695 652/313/299
f 1535/1707/1696 663/1057/1697 662/1066/1698
f 663/1057/1018 1536/1708/1699 655/1053/1015
f 1536/1708/1699 650/323/309 655/1053/1015
f 474/884/844 1535/1707/1700 1533/250/236
f 480/886/1701 1536/1709/1702 1535/1707/1696
f 1536/1709/1703 477/879/1703 476/877/1703
f 476/877/838 1534/322/308 1536/1708/1699
f 1537/224/210 451/850/806 448/222/208
f 1539/1710/1704 452/852/1705 451/850/1705
f 1540/1711/1706 455/857/1707 452/852/1707
f 455/857/813 1538/315/301 449/267/253
f 684/344/330 1539/1710/1708 1537/224/210
f 689/1086/1048 1540/1711/1709 1539/1710/1704
f 699/1090/1710 1541/1712/1711 1540/1711/1706
f 1541/1712/1712 686/1099/1061 1538/315/301
f 703/215/201 1544/1713/1713 706/1714/1070
f 706/1105/1081 1545/1715/1714 713/1111/1079
f 713/1111/1076 1543/272/258 704/318/304
f 1542/275/261 517/922/882 1544/1713/1713
f 1544/1716/1715 521/929/1716 1545/1715/1714
f 1545/1715/1717 514/273/259 1543/272/258
f 525/286/272 1548/1717/1718 534/946/905
f 534/946/905 1549/1718/1719 535/939/1720
f 1549/1718/1719 528/935/897 535/939/1720
f 528/935/897 1547/335/321 523/295/281
f 740/306/292 1548/1717/1718 1546/287/273
f 749/1144/1113 1549/1718/1719 1548/1717/1718
f 743/1138/1107 1550/1719/1721 1549/1718/1719
f 1550/1719/1721 739/1137/1106 1547/335/321
f 1551/289/275 735/1134/1722 723/309/295
f 735/1134/1102 1554/1720/1723 726/1721/1724
f 726/1120/1089 1552/346/332 721/348/334
f 1551/289/275 492/896/857 1553/1722/1725
f 1553/1722/1726 488/900/1727 1554/1720/1723
f 1554/1723/1728 485/347/333 1552/346/332
f 1555/213/199 618/1020/985 615/284/270
f 1557/1724/1729 619/1021/986 618/1020/985
f 619/1021/994 1559/1725/1730 625/1027/991
f 625/1027/991 1556/237/223 616/312/298
f 459/862/818 1557/1724/1731 1555/213/199
f 464/864/820 1558/1726/1732 1557/1724/1729
f 470/865/1733 1559/1725/1730 1558/1726/1734
f 1559/1725/1735 461/238/224 1556/237/223
f 1560/266/252 508/916/877 499/265/251
f 1562/1727/1736 509/909/1737 508/916/877
f 1563/1728/1738 502/904/868 509/909/1737
f 1564/1729/1739 497/905/869 502/904/868
f 667/317/303 1562/1727/1736 1560/266/252
f 676/1076/1040 1563/1728/1738 1562/1727/1736
f 670/1070/1034 1564/1729/1739 1563/1728/1738
f 1564/1729/1739 666/228/214 1561/301/287
f 1565/294/280 546/956/914 540/293/279
f 1567/1730/1740 542/1731/1741 546/956/1741
f 1568/1732/1742 538/950/908 542/952/910
f 758/308/294 1567/1730/1743 1565/294/280
f 1567/1730/1740 761/1156/1744 1568/1733/1745
f 1568/1733/1742 761/1156/1746 760/1155/1747
f 1568/1732/1742 757/204/190 1566/202/188
f 795/373/356 1571/1734/1748 798/1735/1749
f 798/1735/1749 1572/1736/1750 797/1737/1751
f 797/1737/1752 1573/1738/1753 796/1739/1754
f 1573/1740/1753 794/530/494 796/1741/1754
f 1569/372/355 781/1742/1755 1571/1734/1748
f 1571/1734/1748 782/1743/1756 1572/1736/1750
f 1572/1736/1757 783/1744/1758 1573/1738/1753
f 783/1745/1758 1570/489/456 1573/1740/1753
f 1574/409/389 803/1746/1759 800/356/341
f 1576/1747/1760 802/1748/1761 803/1746/1759
f 1577/1749/1762 801/1750/1763 802/1748/1764
f 801/1751/1763 1575/467/439 799/369/352
f 784/539/503 1576/1747/1760 1574/409/389
f 786/1752/1765 1577/1749/1766 1576/1747/1760
f 787/1753/1767 1578/1754/1768 1577/1749/1762
f 1578/1755/1768 785/366/349 1575/467/439
f 1579/479/448 778/1756/1769 775/351/337
f 1581/1757/1770 777/1758/1771 778/1756/1769
f 1582/1759/1772 776/1760/1773 777/1758/1774
f 776/1760/1773 1580/1761/338 774/1762/347
f 795/373/356 1581/1757/1770 1579/479/448
f 798/1735/1749 1582/1759/1775 1581/1757/1770
f 797/1737/1752 1583/1763/1776 1582/1759/1772
f 1583/1763/1776 794/1764/494 1580/1761/338
f 790/508/473 1586/1765/1777 793/1766/1778
f 793/1766/1778 1587/1767/1779 792/1768/1780
f 792/1768/1781 1588/1769/1782 791/1770/1783
f 1588/1771/1782 789/358/342 791/1772/1783
f 1584/374/357 803/1746/1759 1586/1765/1777
f 1586/1765/1777 802/1748/1761 1587/1767/1779
f 1587/1767/1784 801/1750/1763 1588/1769/1782
f 801/1751/1763 1585/371/354 1588/1771/1782
f 805/509/474 1591/1773/1785 808/1774/1786
f 808/1774/1786 1592/1775/1787 807/1776/1788
f 807/1776/1789 1593/1777/1790 806/1778/1791
f 1593/1779/1790 804/377/359 806/1780/1791
f 1589/503/469 793/1766/1778 1591/1773/1785
f 1591/1773/1785 792/1768/1780 1592/1775/1787
f 1592/1775/1792 791/1770/1783 1593/1777/1790
f 791/1772/1783 1590/360/344 1593/1779/1790
f 779/363/346 1596/1781/1793 781/1742/1755
f 781/1742/1755 1597/1782/1794 782/1743/1756
f 782/1743/1795 1598/1783/1796 783/1744/1758
f 1598/1784/1796 780/383/365 783/1745/1758
f 1594/362/345 811/1785/1797 1596/1781/1793
f 1596/1781/1793 812/1786/1798 1597/1782/1794
f 1597/1782/1799 813/1787/1800 1598/1783/1796
f 813/1788/1800 1595/381/363 1598/1784/1796
f 809/392/373 1601/1789/1801 811/1785/1797
f 811/1785/1797 1602/1790/1802 812/1786/1798
f 812/1786/1803 1603/1791/1804 813/1787/1800
f 1603/1792/1804 810/380/362 813/1788/1800
f 1599/401/381 821/1793/1805 1601/1789/1801
f 1601/1789/1801 822/1794/1806 1602/1790/1802
f 1602/1790/1807 823/1795/1808 1603/1791/1804
f 823/1796/1808 1600/378/360 1603/1792/1804
f 815/540/504 1606/1797/1809 818/1798/1810
f 818/1798/1810 1607/1799/1811 817/1800/1812
f 817/1800/1813 1608/1801/1814 816/1802/1815
f 1608/1803/1814 814/387/369 816/1804/1815
f 1604/533/497 808/1774/1786 1606/1797/1809
f 1606/1797/1809 807/1776/1788 1607/1799/1811
f 1607/1799/1816 806/1778/1791 1608/1801/1814
f 806/1780/1791 1605/385/367 1608/1803/1814
f 1609/520/484 846/1805/1817 843/518/482
f 1611/1806/1818 845/1807/1819 846/1805/1817
f 1612/1808/1820 844/1809/1821 845/1807/1819
f 1613/1810/1822 842/397/378 844/1811/1821
f 825/1179/1151 1611/1806/1818 1609/520/484
f 835/1178/1150 1612/1808/1820 1611/1806/1818
f 828/1182/1154 1613/1812/1822 1612/1808/1820
f 827/1173/1145 1610/1813/450 1613/1812/1822
f 819/400/380 1616/1814/1823 821/1793/1805
f 821/1793/1805 1617/1815/1824 822/1794/1806
f 822/1794/1825 1618/1816/1826 823/1795/1808
f 823/1796/1808 1615/388/370 820/390/372
f 1614/502/468 846/1805/1817 1616/1814/1823
f 1616/1814/1827 845/1807/1819 1617/1815/1824
f 1617/1815/1828 844/1809/1821 1618/1816/1826
f 844/1811/1821 1615/388/370 1618/1817/1826
f 825/1179/1151 1621/1818/1829 833/1177/1149
f 833/1177/1149 1622/1819/1830 834/1180/1152
f 834/1180/1161 1623/1820/1831 839/1188/1157
f 839/1185/1157 1620/394/375 826/396/377
f 1619/519/483 818/1798/1810 1621/1818/1829
f 1621/1818/1829 817/1800/1812 1622/1819/1830
f 1622/1819/1832 816/1802/1815 1623/1820/1831
f 1623/1821/1831 814/387/369 1620/394/375
f 1624/417/396 786/1752/1765 784/539/503
f 1626/1822/1833 787/1753/1834 786/1752/1765
f 1627/1823/1835 788/1824/1836 787/1753/1767
f 788/1825/1836 1625/512/476 785/366/349
f 852/478/447 1626/1822/1833 1624/417/396
f 854/1826/1837 1627/1823/1838 1626/1822/1833
f 855/1827/1839 1628/1828/1840 1627/1823/1835
f 1628/1829/1840 853/406/386 1625/512/476
f 1629/349/335 851/1830/1841 848/527/491
f 1631/1831/1842 850/1832/1843 851/1830/1841
f 1632/1833/1844 849/1834/1845 850/1832/1846
f 849/1834/1845 1630/1835/382 847/1836/384
f 775/351/337 1631/1831/1842 1629/349/335
f 778/1756/1769 1632/1833/1847 1631/1831/1842
f 777/1758/1774 1633/1837/1848 1632/1833/1844
f 1633/1837/1848 774/1762/347 1630/1835/382
f 864/1205/1181 1636/1838/1849 875/1203/1179
f 875/1203/1179 1637/1839/1850 876/1194/1168
f 876/1194/1168 1638/1840/1851 866/1190/1164
f 866/1190/1164 1635/468/440 862/526/490
f 1634/493/459 859/1841/1852 1636/1838/1849
f 1636/1838/1849 860/1842/1853 1637/1839/1850
f 1637/1839/1850 861/1843/1854 1638/1840/1851
f 1638/1840/1851 858/1844/392 1635/468/440
f 1639/494/460 854/1826/1837 852/478/447
f 1641/1845/1855 855/1827/1856 854/1826/1837
f 1642/1846/1857 856/1847/1858 855/1827/1839
f 1643/1848/1859 853/406/386 856/1849/1858
f 864/1205/1181 1641/1845/1855 1639/494/460
f 877/1204/1180 1642/1846/1860 1641/1845/1855
f 871/1207/1861 1643/1850/1859 1642/1846/1857
f 870/1851/1173 1640/414/394 1643/1848/1859
f 1644/496/462 859/1841/1852 857/495/461
f 1646/1852/1862 860/1842/1853 859/1841/1852
f 1647/1853/1863 861/1843/1854 860/1842/1853
f 861/1843/1854 1645/1854/390 858/1844/392
f 848/527/491 1646/1852/1862 1644/496/462
f 851/1830/1841 1647/1853/1864 1646/1852/1862
f 850/1832/1846 1648/1855/1865 1647/1853/1863
f 849/1834/1845 1645/1854/390 1648/1855/1865
f 1649/492/458 904/1856/1866 901/419/397
f 1651/1857/1867 903/1858/1868 904/1856/1866
f 1652/1859/1869 902/1860/1870 903/1858/1868
f 1653/1861/1871 900/538/502 902/1860/1870
f 885/439/415 1651/1857/1867 1649/492/458
f 887/1862/1872 1652/1859/1869 1651/1857/1867
f 888/1863/1873 1653/1861/1871 1652/1859/1869
f 889/1864/1874 1650/537/501 1653/1861/1871
f 906/433/409 1656/1865/1875 909/1866/1876
f 909/1866/1876 1657/1867/1877 908/1868/1878
f 908/1868/1878 1658/1869/1879 907/1870/1880
f 907/1870/1880 1655/473/443 905/476/446
f 1654/432/408 892/1871/1881 1656/1865/1875
f 1656/1865/1875 893/1872/1882 1657/1867/1877
f 1657/1867/1877 894/1873/1883 1658/1869/1879
f 1658/1869/1879 891/474/444 1655/473/443
f 881/429/405 1661/1874/1884 884/1875/1885
f 884/1875/1885 1662/1876/1886 883/1877/1887
f 883/1877/1887 1663/1878/1888 882/1879/1889
f 882/1879/1889 1660/490/457 880/454/429
f 1659/420/398 904/1856/1866 1661/1874/1884
f 1661/1874/1884 903/1858/1868 1662/1876/1886
f 1662/1876/1886 902/1860/1870 1663/1878/1888
f 1663/1878/1888 900/538/502 1660/490/457
f 1664/434/410 899/1880/1890 896/475/445
f 1666/1881/1891 898/1882/1892 899/1880/1890
f 1667/1883/1893 897/1884/1894 898/1882/1892
f 1668/1885/1895 895/531/495 897/1884/1894
f 906/433/409 1666/1881/1891 1664/434/410
f 909/1866/1876 1667/1883/1893 1666/1881/1891
f 908/1868/1878 1668/1885/1895 1667/1883/1893
f 907/1870/1880 1665/511/475 1668/1885/1895
f 1669/425/402 914/1886/1896 911/505/470
f 1671/1887/1897 913/1888/1898 914/1886/1896
f 1672/1889/1899 912/1890/1900 913/1888/1898
f 1673/1891/1901 910/426/403 912/1890/1900
f 896/475/445 1671/1887/1897 1669/425/402
f 899/1880/1890 1672/1889/1899 1671/1887/1897
f 898/1882/1892 1673/1891/1901 1672/1889/1899
f 897/1884/1894 1670/442/418 1673/1891/1901
f 1674/440/416 887/1862/1872 885/439/415
f 1676/1892/1902 888/1863/1873 887/1862/1872
f 1677/1893/1903 889/1864/1874 888/1863/1873
f 1678/1894/1904 886/536/500 889/1864/1874
f 915/445/420 1676/1892/1902 1674/440/416
f 917/1895/1905 1677/1893/1903 1676/1892/1902
f 918/1896/1906 1678/1894/1904 1677/1893/1903
f 919/1897/1907 1675/422/400 1678/1894/1904
f 1679/446/421 917/1895/1905 915/445/420
f 1681/1898/1908 918/1896/1906 917/1895/1905
f 1682/1899/1909 919/1897/1907 918/1896/1906
f 1683/1900/1910 916/488/455 919/1897/1907
f 925/450/425 1681/1898/1908 1679/446/421
f 927/1901/1911 1682/1899/1909 1681/1898/1908
f 928/1902/1912 1683/1900/1910 1682/1899/1909
f 929/1903/1913 1680/532/496 1683/1900/1910
f 1684/441/417 924/1904/1914 921/534/498
f 1686/1905/1915 923/1906/1916 924/1904/1914
f 1687/1907/1917 922/1908/1918 923/1906/1916
f 1688/1909/1919 920/449/424 922/1908/1918
f 911/505/470 1686/1905/1915 1684/441/417
f 914/1886/1896 1687/1907/1917 1686/1905/1915
f 913/1888/1898 1688/1909/1919 1687/1907/1917
f 912/1890/1900 1685/428/404 1688/1909/1919
f 948/535/499 1691/1910/1920 951/1911/1921
f 951/1911/1921 1692/1912/1922 950/1913/1923
f 950/1913/1923 1693/1914/1924 949/1915/1925
f 949/1915/1925 1690/522/486 947/524/488
f 1689/487/454 934/1209/1186 1691/1910/1920
f 1691/1910/1920 943/1213/1190 1692/1912/1922
f 1692/1912/1922 942/1219/1198 1693/1914/1924
f 1693/1914/1924 932/523/487 1690/522/486
f 1694/452/427 927/1901/1911 925/450/425
f 1696/1916/1926 928/1902/1912 927/1901/1911
f 1697/1917/1927 929/1903/1913 928/1902/1912
f 1698/1918/1928 926/529/493 929/1903/1913
f 948/535/499 1696/1916/1926 1694/452/427
f 951/1911/1921 1697/1917/1927 1696/1916/1926
f 950/1913/1923 1698/1918/1928 1697/1917/1927
f 949/1915/1925 1695/506/471 1698/1918/1928
f 1699/447/422 938/1217/1194 931/453/428
f 1701/1919/1929 939/1222/1201 938/1217/1194
f 1702/1920/1930 944/1220/1199 939/1222/1201
f 1703/1921/1931 932/523/487 944/1220/1199
f 921/534/498 1701/1919/1929 1699/447/422
f 924/1904/1914 1702/1920/1930 1701/1919/1929
f 923/1906/1916 1703/1921/1931 1702/1920/1930
f 922/1908/1918 1700/521/485 1703/1921/1931
f 890/436/412 1706/1922/1932 892/1871/1881
f 892/1871/1881 1707/1923/1933 893/1872/1882
f 893/1872/1882 1708/1924/1934 894/1873/1883
f 894/1873/1883 1705/516/480 891/474/444
f 1704/457/430 959/1925/1935 1706/1922/1932
f 1706/1922/1932 960/1926/1936 1707/1923/1933
f 1707/1923/1933 961/1927/1937 1708/1924/1934
f 1708/1924/1934 958/480/449 1705/516/480
f 953/459/432 1711/1928/1938 956/1929/1939
f 956/1929/1939 1712/1930/1940 955/1931/1941
f 955/1931/1941 1713/1932/1942 954/1933/1943
f 954/1933/1943 1710/463/435 952/462/434
f 1709/430/406 884/1875/1885 1711/1928/1938
f 1711/1928/1938 883/1877/1887 1712/1930/1940
f 1712/1930/1940 882/1879/1889 1713/1932/1942
f 1713/1932/1942 880/454/429 1710/463/435
f 1714/472/442 970/1225/1205 967/528/492
f 1716/1934/1944 971/1935/1214 970/1225/1205
f 1717/1936/1945 978/1230/1210 971/1234/1214
f 1718/1937/1946 968/1231/1211 978/1230/1210
f 962/471/438 1716/1934/1944 1714/472/442
f 964/1938/1947 1717/1939/1945 1716/1934/1944
f 965/1940/1948 1718/1937/1946 1717/1936/1945
f 966/1941/1949 1715/500/466 1718/1937/1946
f 957/458/431 1721/1942/1950 959/1925/1935
f 959/1925/1935 1722/1943/1951 960/1926/1936
f 960/1926/1936 1723/1944/1952 961/1927/1937
f 961/1927/1937 1720/499/465 958/480/449
f 1719/464/436 981/1238/1218 1721/1942/1950
f 1721/1942/1950 977/1232/1212 1722/1943/1951
f 1722/1943/1951 976/1229/1209 1723/1944/1952
f 1723/1944/1952 968/1231/1211 1720/499/465
f 962/466/438 1726/1945/1953 964/1946/1947
f 964/1946/1947 1727/1947/1954 965/1940/1948
f 965/1940/1948 1728/1948/1955 966/1941/1949
f 966/1941/1949 1725/498/464 963/497/463
f 1724/460/433 956/1929/1939 1726/1945/1953
f 1726/1945/1953 955/1931/1941 1727/1947/1954
f 1727/1947/1954 954/1933/1943 1728/1948/1955
f 1728/1948/1955 952/462/434 1725/498/464
f 969/465/437 1731/1949/1956 972/1950/1219
f 972/1224/1204 1730/525/489 967/528/492
f 1729/415/395 872/1198/1957 1731/1949/1956
f 1731/1949/1958 872/1198/1958 865/1951/1959
f 1731/1952/1960 862/526/490 1730/525/489
f 1732/395/376 838/1953/1961 826/396/377
f 838/1953/1962 1734/1954/1963 829/1955/1962
f 1734/1956/1964 824/1170/1142 829/1172/1144
f 931/453/428 1734/1957/1965 1732/395/376
f 933/1958/1187 1733/1959/451 1734/1956/1964
f 1005/562/523 1737/1960/1966 1008/1961/1967
f 1008/1961/1967 1738/1962/1968 1007/1963/1969
f 1007/1963/1970 1739/1964/1971 1006/1965/1972
f 1739/1966/1971 1004/714/662 1006/1967/1972
f 1735/561/522 991/1968/1973 1737/1960/1966
f 1737/1960/1966 992/1969/1974 1738/1962/1968
f 1738/1962/1975 993/1970/1976 1739/1964/1971
f 993/1971/1976 1736/676/626 1739/1966/1971
f 1740/598/557 1013/1972/1977 1010/545/508
f 1742/1973/1978 1012/1974/1979 1013/1975/1977
f 1743/1976/1980 1011/1977/1981 1012/1974/1982
f 1011/1977/1981 1741/656/609 1009/558/519
f 994/725/673 1742/1978/1978 1740/598/557
f 996/1979/1983 1743/1976/1984 1742/1973/1978
f 997/1980/1985 1744/1981/1986 1743/1976/1980
f 1744/1981/1986 995/555/516 1741/656/609
f 1745/666/618 988/1982/1987 985/515/479
f 1747/1983/1988 987/1984/1989 988/1982/1987
f 1748/1985/1990 986/1986/1991 987/1984/1992
f 986/1987/1991 1746/541/505 984/553/514
f 1005/562/523 1747/1983/1988 1745/666/618
f 1008/1961/1967 1748/1985/1993 1747/1983/1988
f 1007/1963/1970 1749/1988/1994 1748/1985/1990
f 1749/1989/1994 1004/714/662 1746/541/505
f 1000/695/644 1752/1990/1995 1003/1991/1996
f 1003/1992/1996 1753/1993/1997 1002/1994/1998
f 1002/1994/1999 1754/1995/2000 1001/1996/2001
f 1754/1995/2000 999/547/509 1001/1996/2001
f 1750/563/524 1013/1972/1977 1752/1990/1995
f 1752/1997/1995 1012/1974/1979 1753/1993/1997
f 1753/1993/2002 1011/1977/1981 1754/1995/2000
f 1011/1977/1981 1751/560/521 1754/1995/2000
f 1015/696/645 1757/1998/2003 1018/1999/2004
f 1018/2000/2004 1758/2001/2005 1017/2002/2006
f 1017/2002/2007 1759/2003/2008 1016/2004/2009
f 1759/2003/2008 1014/566/526 1016/2004/2009
f 1755/690/639 1003/1991/1996 1757/1998/2003
f 1757/2005/2003 1002/1994/1998 1758/2001/2005
f 1758/2001/2010 1001/1996/2001 1759/2003/2008
f 1001/1996/2001 1756/549/511 1759/2003/2008
f 989/552/513 1762/2006/2011 991/1968/1973
f 991/1968/1973 1763/2007/2012 992/1969/1974
f 992/1969/2013 1764/2008/2014 993/1970/1976
f 1764/2009/2014 990/572/532 993/1971/1976
f 1760/551/512 1021/2010/2015 1762/2006/2011
f 1762/2006/2011 1022/2011/2016 1763/2007/2012
f 1763/2007/2017 1023/2012/2018 1764/2008/2014
f 1023/2013/2018 1761/570/530 1764/2009/2014
f 1019/581/540 1767/2014/2019 1021/2010/2015
f 1021/2010/2015 1768/2015/2020 1022/2011/2016
f 1022/2011/2021 1769/2016/2022 1023/2012/2018
f 1769/2017/2022 1020/569/529 1023/2013/2018
f 1765/590/549 1031/2018/2023 1767/2014/2019
f 1767/2014/2019 1032/2019/2024 1768/2015/2020
f 1768/2015/2025 1033/2020/2026 1769/2016/2022
f 1033/2021/2026 1766/567/527 1769/2017/2022
f 1025/726/674 1772/2022/2027 1028/2023/2028
f 1028/2024/2028 1773/2025/2029 1027/2026/2030
f 1027/2026/2031 1774/2027/2032 1026/2028/2033
f 1026/2028/2033 1771/574/534 1024/576/536
f 1770/719/667 1018/1999/2004 1772/2022/2027
f 1772/2029/2027 1017/2002/2006 1773/2025/2029
f 1773/2025/2034 1016/2004/2009 1774/2027/2032
f 1016/2004/2009 1771/574/534 1774/2027/2032
f 1775/704/652 1064/1280/1256 1053/702/650
f 1777/2030/2035 1065/1268/2036 1064/1280/1256
f 1778/2031/2037 1056/1265/1243 1065/1268/1246
f 1779/2032/2038 1051/718/666 1056/1265/1243
f 1035/1251/1231 1777/2030/2035 1775/704/652
f 1044/1250/1230 1778/2031/2037 1777/2030/2035
f 1038/1256/1234 1779/2032/2038 1778/2031/2037
f 1037/1245/1225 1776/670/620 1779/2032/2038
f 1029/589/548 1782/2033/2039 1031/2018/2023
f 1031/2018/2023 1783/2034/2040 1032/2019/2024
f 1032/2019/2041 1784/2035/2042 1033/2020/2026
f 1033/2021/2026 1781/577/537 1030/579/539
f 1780/689/638 1066/1279/1255 1782/2033/2039
f 1782/2033/2043 1060/1274/1259 1783/2034/2040
f 1783/2034/2044 1059/1271/1249 1784/2035/2042
f 1784/2036/2042 1052/586/545 1781/577/537
f 1035/1251/1231 1787/2037/2045 1042/1249/1229
f 1042/1254/1229 1788/2038/2046 1043/1252/1232
f 1043/1252/1232 1789/2039/2047 1048/1259/1237
f 1048/1259/1237 1786/583/542 1036/585/544
f 1785/703/651 1028/2023/2028 1787/2037/2045
f 1787/2040/2045 1027/2026/2030 1788/2038/2046
f 1788/2038/2046 1026/2028/2033 1789/2039/2047
f 1789/2039/2047 1024/576/536 1786/583/542
f 1790/606/564 996/2041/1983 994/725/673
f 1792/2042/2048 997/1980/2049 996/1979/1983
f 1793/2043/2050 998/2044/2051 997/1980/1985
f 998/2044/2051 1791/699/647 995/555/516
f 1074/665/617 1792/2045/2048 1790/606/564
f 1076/2046/2052 1793/2043/2053 1792/2042/2048
f 1077/2047/2054 1794/2048/2055 1793/2043/2050
f 1794/2048/2055 1075/595/554 1791/699/647
f 1795/513/477 1073/2049/2056 1070/711/659
f 1797/2050/2057 1072/2051/2058 1073/2049/2056
f 1798/2052/2059 1071/2053/2060 1072/2051/2061
f 1071/2054/2060 1796/591/550 1069/593/552
f 985/515/479 1797/2050/2057 1795/513/477
f 988/1982/1987 1798/2052/2062 1797/2050/2057
f 987/1984/1992 1799/2055/2063 1798/2052/2059
f 1799/2056/2063 984/553/514 1796/591/550
f 1086/1299/1279 1802/2057/2064 1097/1297/1277
f 1097/1297/1277 1803/2058/2065 1098/1287/1266
f 1098/1287/1266 1804/2059/2066 1088/1283/1262
f 1088/1283/1262 1801/2060/610 1084/1281/658
f 1800/680/629 1081/2061/2067 1802/2057/2064
f 1802/2057/2064 1082/2062/2068 1803/2058/2065
f 1803/2058/2065 1083/2063/2069 1804/2059/2066
f 1804/2064/2066 1080/601/560 1801/657/610
f 1805/681/630 1076/2065/2052 1074/665/617
f 1807/2066/2070 1077/2047/2071 1076/2046/2052
f 1808/2067/2072 1078/2068/2073 1077/2047/2054
f 1809/2069/2074 1075/595/554 1078/2068/2073
f 1086/1299/1279 1807/2070/2070 1805/681/630
f 1099/2071/1278 1808/2067/2075 1807/2066/2070
f 1093/2072/2076 1809/2069/2074 1808/2067/2072
f 1092/1292/1271 1806/603/562 1809/2069/2074
f 1810/683/632 1081/2061/2067 1079/682/631
f 1812/2073/2077 1082/2062/2068 1081/2061/2067
f 1813/2074/2078 1083/2075/2069 1082/2076/2068
f 1083/2075/2069 1811/599/558 1080/601/560
f 1070/711/659 1812/2073/2077 1810/683/632
f 1073/2049/2056 1813/2077/2079 1812/2073/2077
f 1072/2078/2061 1814/2079/2080 1813/2074/2078
f 1071/2054/2060 1811/599/558 1814/2079/2080
f 1815/679/628 1126/2080/2081 1123/608/565
f 1817/2081/2082 1125/2082/2083 1126/2080/2081
f 1818/2083/2084 1124/2084/2085 1125/2082/2083
f 1819/2085/2086 1122/724/672 1124/2084/2085
f 1107/628/584 1817/2081/2082 1815/679/628
f 1109/2086/2087 1818/2083/2084 1817/2081/2082
f 1110/2087/2088 1819/2085/2086 1818/2083/2084
f 1111/2088/2089 1816/723/671 1819/2085/2086
f 1128/622/578 1822/2089/2090 1131/2090/2091
f 1131/2090/2091 1823/2091/2092 1130/2092/2093
f 1130/2092/2093 1824/2093/2094 1129/2094/2095
f 1129/2094/2095 1821/660/613 1127/663/616
f 1820/621/577 1114/2095/2096 1822/2089/2090
f 1822/2089/2090 1115/2096/2097 1823/2091/2092
f 1823/2091/2092 1116/2097/2098 1824/2093/2094
f 1824/2093/2094 1113/661/614 1821/660/613
f 1103/618/574 1827/2098/2099 1106/2099/2100
f 1106/2099/2100 1828/2100/2101 1105/2101/2102
f 1105/2101/2102 1829/2102/2103 1104/2103/2104
f 1104/2103/2104 1826/677/627 1102/643/599
f 1825/609/566 1126/2080/2081 1827/2098/2099
f 1827/2098/2099 1125/2082/2083 1828/2100/2101
f 1828/2100/2101 1124/2084/2085 1829/2102/2103
f 1829/2102/2103 1122/724/672 1826/677/627
f 1830/623/579 1121/2104/2105 1118/662/615
f 1832/2105/2106 1120/2106/2107 1121/2104/2105
f 1833/2107/2108 1119/2108/2109 1120/2106/2107
f 1834/2109/2110 1117/715/663 1119/2108/2109
f 1128/622/578 1832/2105/2106 1830/623/579
f 1131/2090/2091 1833/2107/2108 1832/2105/2106
f 1130/2092/2093 1834/2109/2110 1833/2107/2108
f 1129/2094/2095 1831/698/646 1834/2109/2110
f 1835/614/570 1136/2110/2111 1133/692/641
f 1837/2111/2112 1135/2112/2113 1136/2110/2111
f 1838/2113/2114 1134/2114/2115 1135/2112/2113
f 1839/2115/2116 1132/615/571 1134/2114/2115
f 1118/662/615 1837/2111/2112 1835/614/570
f 1121/2104/2105 1838/2113/2114 1837/2111/2112
f 1120/2106/2107 1839/2115/2116 1838/2113/2114
f 1119/2108/2109 1836/631/587 1839/2115/2116
f 1840/629/585 1109/2086/2087 1107/628/584
f 1842/2116/2117 1110/2087/2088 1109/2086/2087
f 1843/2117/2118 1111/2088/2089 1110/2087/2088
f 1844/2118/2119 1108/722/670 1111/2088/2089
f 1137/634/590 1842/2116/2117 1840/629/585
f 1139/2119/2120 1843/2117/2118 1842/2116/2117
f 1140/2120/2121 1844/2118/2119 1843/2117/2118
f 1141/2121/2122 1841/611/568 1844/2118/2119
f 1845/635/591 1139/2119/2120 1137/634/590
f 1847/2122/2123 1140/2120/2121 1139/2119/2120
f 1848/2123/2124 1141/2121/2122 1140/2120/2121
f 1849/2124/2125 1138/675/625 1141/2121/2122
f 1147/639/595 1847/2122/2123 1845/635/591
f 1149/2125/2126 1848/2123/2124 1847/2122/2123
f 1150/2126/2127 1849/2124/2125 1848/2123/2124
f 1151/2127/2128 1846/716/664 1849/2124/2125
f 1850/630/586 1146/2128/2129 1143/720/668
f 1852/2129/2130 1145/2130/2131 1146/2128/2129
f 1853/2131/2132 1144/2132/2133 1145/2130/2131
f 1854/2133/2134 1142/638/594 1144/2132/2133
f 1133/692/641 1852/2129/2130 1850/630/586
f 1136/2110/2111 1853/2131/2132 1852/2129/2130
f 1135/2112/2113 1854/2133/2134 1853/2131/2132
f 1134/2114/2115 1851/617/573 1854/2133/2134
f 1169/721/669 1857/2134/2135 1172/1325/1302
f 1172/1325/1302 1858/2135/2136 1173/1327/1304
f 1173/1327/1304 1859/2136/2137 1180/1337/1310
f 1180/1333/1310 1856/706/654 1170/708/656
f 1855/674/624 1156/1304/1284 1857/2134/2135
f 1857/2134/2135 1165/1308/1288 1858/2135/2136
f 1858/2135/2136 1164/1321/1297 1859/2136/2137
f 1859/2137/2137 1154/707/655 1856/706/654
f 1860/641/597 1149/2125/2126 1147/639/595
f 1862/2138/2138 1150/2126/2127 1149/2125/2126
f 1863/2139/2139 1151/2127/2128 1150/2126/2127
f 1864/2140/2140 1148/713/661 1151/2127/2128
f 1171/2141/1316 1862/2138/2138 1860/641/597
f 1185/1345/1315 1863/2139/2139 1862/2138/2138
f 1179/1344/1318 1864/2140/2140 1863/2139/2139
f 1178/1332/1309 1861/693/642 1864/2140/2140
f 1865/636/592 1160/1312/1292 1153/642/598
f 1867/2142/2141 1161/1323/1300 1160/1312/1292
f 1868/2143/2142 1166/1319/1298 1161/1323/1300
f 1869/2144/2143 1154/707/655 1166/1319/1298
f 1143/720/668 1867/2142/2141 1865/636/592
f 1146/2128/2129 1868/2143/2142 1867/2142/2141
f 1145/2130/2131 1869/2144/2143 1868/2143/2142
f 1144/2132/2133 1866/705/653 1869/2144/2143
f 1112/625/581 1872/2145/2144 1114/2095/2096
f 1114/2095/2096 1873/2146/2145 1115/2096/2097
f 1115/2096/2097 1874/2147/2146 1116/2097/2098
f 1116/2097/2098 1871/700/648 1113/661/614
f 1870/646/600 1195/2148/2147 1872/2145/2144
f 1872/2145/2144 1196/2149/2148 1873/2146/2145
f 1873/2146/2145 1197/2150/2149 1874/2147/2146
f 1874/2147/2146 1194/667/619 1871/700/648
f 1189/648/602 1877/2151/2150 1192/2152/2151
f 1192/2152/2151 1878/2153/2152 1191/2154/2153
f 1191/2154/2153 1879/2155/2154 1190/2156/2155
f 1190/2156/2155 1876/652/605 1188/651/604
f 1875/619/575 1106/2099/2100 1877/2151/2150
f 1877/2151/2150 1105/2101/2102 1878/2153/2152
f 1878/2153/2152 1104/2103/2104 1879/2155/2154
f 1879/2155/2154 1102/643/599 1876/652/605
f 1880/659/612 1206/1349/1321 1203/712/660
f 1882/2157/2156 1207/1358/1331 1206/1349/1321
f 1883/2158/2157 1213/1354/1327 1207/1358/1331
f 1884/2159/2158 1204/1355/1328 1213/1354/1327
f 1198/655/608 1882/2157/2156 1880/659/612
f 1200/2160/2159 1883/2158/2157 1882/2157/2156
f 1201/2161/2160 1884/2159/2158 1883/2158/2157
f 1202/2162/2161 1881/687/636 1884/2159/2158
f 1193/647/601 1887/2163/2162 1195/2148/2147
f 1195/2148/2147 1888/2164/2163 1196/2149/2148
f 1196/2149/2148 1889/2165/2164 1197/2150/2149
f 1197/2150/2149 1886/686/635 1194/667/619
f 1885/653/606 1217/1361/1335 1887/2163/2162
f 1887/2163/2162 1212/1356/1329 1888/2164/2163
f 1888/2164/2163 1211/1353/1326 1889/2165/2164
f 1889/2165/2164 1204/1355/1328 1886/686/635
f 1198/655/608 1892/2166/2165 1200/2160/2159
f 1200/2160/2159 1893/2167/2166 1201/2161/2160
f 1201/2161/2160 1894/2168/2167 1202/2162/2161
f 1202/2162/2161 1891/685/634 1199/684/633
f 1890/649/603 1192/2152/2151 1892/2166/2165
f 1892/2166/2165 1191/2154/2153 1893/2167/2166
f 1893/2167/2166 1190/2156/2155 1894/2168/2167
f 1894/2168/2167 1188/651/604 1891/685/634
f 1205/654/607 1897/2169/2168 1216/2170/1336
f 1216/2171/1320 1896/2172/657 1203/2173/660
f 1895/604/563 1094/1291/2169 1897/2169/2168
f 1897/2169/2170 1094/1291/2171 1087/1295/2172
f 1897/2174/2173 1084/1281/658 1896/2172/657
f 1898/584/543 1047/2175/2174 1036/585/544
f 1047/2175/2175 1900/2176/2176 1901/2177/2177
f 1901/2178/2178 1034/1242/1222 1047/1244/1224
f 1153/642/598 1900/2176/2179 1898/584/543
f 1900/2176/2176 1155/2179/2180 1901/2177/2177
f 1155/2180/1285 1899/671/621 1901/2178/2178
f 1171/1341/1316 1904/2181/2181 1183/1339/1314
f 1183/1339/1314 1905/2182/2182 1184/1329/1306
f 1184/1329/1306 1906/2183/2183 1174/1326/1303
f 1174/1326/1303 1903/717/665 1169/721/669
f 1902/2184/596 1061/1272/1250 1904/2181/2181
f 1904/2181/2181 1055/1266/1244 1905/2182/2182
f 1905/2182/2182 1054/1264/1242 1906/2183/2183
f 1906/2183/2183 1051/718/666 1903/717/665
f 481/885/850 479/882/842 478/881/839
f 482/1636/2184 483/2/2185 484/1/2186
f 1249/7/7 218/186/173 20/8/8
f 1274/40/36 106/39/35 22/41/37
f 238/42/38 22/41/37 113/48/43
f 1289/49/44 113/48/43 1407/50/45
f 104/9/9 20/8/8 337/74/68
f 10/76/70 322/193/179 1344/77/71
f 23/79/72 332/130/120 1338/80/73
f 346/81/74 8/98/91 96/82/75
f 102/58/53 16/20/17 317/84/77
f 15/86/79 101/90/83 1323/87/80
f 15/86/79 342/88/81 1333/89/82
f 101/90/83 14/23/20 326/91/84
f 114/92/85 1318/148/136 337/74/68
f 115/93/86 1343/95/88 321/94/87
f 21/31/27 347/161/149 1353/96/89
f 1339/97/90 95/78/70 8/98/91
f 22/41/37 357/191/177 1368/102/95
f 1354/83/76 96/82/75 11/103/96
f 113/48/43 1368/102/95 367/108/101
f 316/109/102 1329/146/135 94/110/70
f 14/23/20 100/22/19 1373/112/103
f 110/66/61 17/60/55 389/114/105
f 98/116/70 12/137/127 388/117/107
f 13/63/58 108/62/57 1388/119/109
f 108/62/57 1403/70/65 419/120/110
f 1398/68/63 110/66/61 1393/115/106
f 7/111/70 94/110/70 1324/128/118
f 107/25/22 1333/89/82 332/130/120
f 94/110/70 9/147/70 341/131/121
f 16/20/17 104/9/9 1328/75/69
f 394/135/125 1389/155/143 99/136/126
f 95/78/70 1344/77/71 352/144/133
f 223/24/21 1244/122/112 101/90/83
f 1329/146/135 336/195/181 9/147/70
f 25/37/33 321/94/87 1318/148/136
f 99/136/126 1384/156/144 400/153/141
f 1389/155/143 418/825/779 1384/156/144
f 112/14/12 1338/80/73 347/161/149
f 11/103/96 362/185/172 1364/162/150
f 93/166/70 1334/167/154 341/131/121
f 10/76/70 331/187/174 1334/167/154
f 7/111/70 98/116/70 1379/118/108
f 434/169/156 1438/212/198 135/170/157
f 1374/172/159 394/135/125 12/137/127
f 1369/177/164 97/163/151 1359/178/165
f 97/163/151 1364/162/150 383/180/167
f 17/60/55 102/58/53 1378/85/78
f 12/137/127 99/136/126 1394/154/142
f 96/82/75 1349/188/175 362/185/172
f 331/187/174 10/76/70 95/78/70
f 8/98/91 352/144/133 1349/188/175
f 106/39/35 1353/96/89 357/191/177
f 322/193/179 10/76/70 93/166/70
f 1319/194/180 93/166/70 9/147/70
f 356/104/97 11/103/96 97/163/151
f 327/129/119 1374/172/159 98/116/70
f 487/198/184 1478/345/331 128/199/185
f 741/206/192 1519/333/319 129/207/193
f 513/209/195 31/235/221 125/210/196
f 1438/212/198 459/862/818 1555/213/199
f 1514/208/194 129/207/193 1524/217/203
f 475/219/205 1448/320/306 122/220/206
f 448/222/208 1453/300/286 133/223/209
f 1489/225/211 130/340/326 1494/226/212
f 133/223/209 1561/301/287 666/228/214
f 26/230/216 568/263/249 1430/231/217
f 30/232/218 125/210/196 1434/233/219
f 31/235/221 550/302/288 1434/233/219
f 1449/236/222 132/251/237 1556/237/223
f 32/242/228 586/305/291 1416/243/229
f 33/200/186 128/199/185 1421/245/231
f 436/247/233 27/276/262 120/248/234
f 1449/236/222 474/884/844 1533/250/236
f 29/255/241 123/280/266 1415/256/242
f 487/198/184 33/200/186 126/258/244
f 475/219/205 28/221/207 121/260/246
f 26/230/216 120/248/234 1410/262/248
f 33/200/186 566/246/232 1411/264/250
f 449/267/253 1538/315/301 117/268/254
f 34/270/256 605/271/257 1421/245/231
f 34/270/256 127/244/230 1416/243/229
f 27/276/262 121/260/246 1425/277/263
f 28/221/207 548/283/269 1425/277/263
f 450/279/265 30/232/218 123/280/266
f 524/282/268 1468/259/245 126/258/244
f 28/221/207 122/220/206 1430/231/217
f 135/170/157 1555/213/199 615/284/270
f 1479/288/274 486/894/855 1551/289/275
f 1420/291/277 119/304/290 1429/252/238
f 27/276/262 584/278/264 1410/262/248
f 540/293/279 1479/288/274 137/290/276
f 29/255/241 585/257/243 1424/298/284
f 30/232/218 603/234/220 1415/256/242
f 1453/300/286 497/905/869 1561/301/287
f 31/235/221 124/299/285 1424/298/284
f 604/303/289 1433/253/239 119/304/290
f 32/242/228 126/258/244 1411/264/250
f 1565/294/280 137/290/276 1523/307/293
f 137/290/276 1551/289/275 723/309/295
f 132/251/237 1493/314/300 616/312/298
f 132/251/237 1533/250/236 652/313/299
f 1538/315/301 686/1099/1061 1508/316/302
f 460/319/305 26/230/216 122/220/206
f 1528/171/158 135/170/157 1484/285/271
f 450/279/265 1463/211/197 125/210/196
f 498/325/311 1454/281/267 123/280/266
f 668/326/312 1503/342/328 131/327/313
f 1498/328/314 131/327/313 1509/329/315
f 524/282/268 32/242/228 127/244/230
f 539/332/318 1473/331/317 127/244/230
f 1524/217/203 129/207/193 1519/333/319
f 436/247/233 1443/261/247 121/260/246
f 460/319/305 1439/249/235 120/248/234
f 1494/226/212 130/340/326 1483/337/323
f 633/339/325 1483/337/323 130/340/326
f 498/325/311 29/255/241 124/299/285
f 513/209/195 1459/341/327 124/299/285
f 1509/329/315 131/327/313 1503/342/328
f 1537/224/210 133/223/209 1499/229/215
f 539/332/318 34/270/256 128/199/185
f 1580/352/338 794/530/494 54/353/339
f 774/364/347 1580/352/338 156/354/340
f 1600/378/360 155/444/419 53/379/361
f 1595/381/363 167/438/414 60/382/364
f 1615/388/370 163/398/379 52/389/371
f 842/397/378 59/451/426 163/398/379
f 1630/402/382 774/364/347 50/365/348
f 847/404/384 1630/402/382 154/403/383
f 858/412/392 1645/410/390 162/411/391
f 156/354/340 54/353/339 901/419/397
f 44/421/399 886/536/500 1675/422/400
f 910/426/403 42/443/399 148/427/399
f 154/403/383 50/365/348 881/429/405
f 166/437/413 1649/492/458 901/419/397
f 167/438/414 1674/440/416 885/439/415
f 53/379/361 915/445/420 1674/440/416
f 1670/442/418 147/423/399 42/443/399
f 155/444/419 1679/446/421 915/445/420
f 52/389/371 925/450/425 1679/446/421
f 1685/428/404 148/427/399 45/448/423
f 163/398/379 1694/452/427 925/450/425
f 59/451/426 948/535/499 1694/452/427
f 880/454/429 1660/490/457 146/455/399
f 162/411/391 51/405/385 953/459/432
f 150/461/399 46/482/399 952/462/434
f 55/413/393 162/411/391 1724/460/433
f 157/470/441 55/469/393 962/471/438
f 41/456/399 146/455/399 1655/473/443
f 146/455/399 43/491/399 905/476/446
f 50/365/348 156/354/340 1659/420/398
f 958/480/449 1720/499/465 151/481/399
f 810/380/362 53/379/361 167/438/414
f 147/423/399 1675/422/400 916/488/455
f 780/383/365 60/382/364 166/437/413
f 1660/490/457 900/538/502 43/491/399
f 60/382/364 885/439/415 1649/492/458
f 151/481/399 1715/500/466 963/497/463
f 1720/499/465 968/1231/1211 1715/500/466
f 45/448/423 926/529/493 1695/506/471
f 145/510/399 1665/511/475 905/476/446
f 44/421/399 895/531/495 1665/511/475
f 41/456/399 150/461/399 1710/463/435
f 1705/516/480 958/480/449 46/482/399
f 1700/521/485 149/507/472 1690/522/486
f 149/507/472 1695/506/471 947/524/488
f 51/405/385 154/403/383 1709/430/406
f 820/390/372 52/389/371 155/444/419
f 46/482/399 151/481/399 1725/498/464
f 148/427/399 1680/532/496 926/529/493
f 1570/489/456 166/437/413 54/353/339
f 895/531/495 44/421/399 147/423/399
f 42/443/399 916/488/455 1680/532/496
f 161/485/452 1689/487/454 948/535/499
f 886/536/500 44/421/399 145/510/399
f 1650/537/501 145/510/399 43/491/399
f 920/449/424 45/448/423 149/507/472
f 891/474/444 1705/516/480 150/461/399
f 995/555/516 1791/699/647 182/556/517
f 1009/558/519 75/620/576 189/559/520
f 1766/567/527 185/633/589 79/568/528
f 1761/570/530 197/627/583 85/571/531
f 1781/577/537 193/587/546 78/578/538
f 1796/591/550 984/553/514 76/554/515
f 1069/593/552 1796/591/550 184/592/551
f 1811/599/558 1069/593/552 77/594/553
f 1080/601/560 1811/599/558 192/600/559
f 70/610/567 1108/722/670 1841/611/568
f 84/613/569 1118/662/615 1835/614/570
f 1132/615/571 68/632/588 178/616/572
f 184/592/551 76/554/515 1103/618/574
f 75/620/576 183/624/580 1820/621/577
f 75/620/576 1128/622/578 1830/623/579
f 183/624/580 74/557/518 1112/625/581
f 196/626/582 1815/679/628 1123/608/565
f 197/627/583 1840/629/585 1107/628/584
f 79/568/528 1137/634/590 1840/629/585
f 1836/631/587 177/612/567 68/632/588
f 185/633/589 1845/635/591 1137/634/590
f 78/578/538 1147/639/595 1845/635/591
f 1851/617/573 178/616/572 71/637/593
f 193/587/546 1860/641/597 1147/639/595
f 1902/640/596 1171/2141/1316 1860/641/597
f 1102/643/599 1826/677/627 176/644/567
f 74/557/518 182/556/517 1870/646/600
f 182/556/517 73/597/556 1193/647/601
f 192/600/559 77/594/553 1189/648/602
f 180/650/567 72/669/567 1188/651/604
f 73/597/556 190/596/555 1885/653/606
f 190/596/555 1895/604/563 1205/654/607
f 81/602/561 192/600/559 1890/649/603
f 67/645/567 176/644/567 1821/660/613
f 1751/560/521 189/559/520 84/613/569
f 189/559/520 1830/623/579 1118/662/615
f 176/644/567 69/678/567 1127/663/616
f 1194/667/619 1886/686/635 181/668/567
f 1020/569/529 79/568/528 197/627/583
f 177/612/567 1841/611/568 1138/675/625
f 990/572/532 85/571/531 196/626/582
f 1826/677/627 1122/724/672 69/678/567
f 85/571/531 1107/628/584 1815/679/628
f 181/668/567 1881/687/636 1199/684/633
f 1886/686/635 1204/1355/1328 1881/687/636
f 194/548/510 1835/614/570 1133/692/641
f 71/637/593 1148/713/661 1861/693/642
f 175/697/567 1831/698/646 1127/663/616
f 70/610/567 1117/715/663 1831/698/646
f 1791/699/647 1075/595/554 73/597/556
f 67/645/567 180/650/567 1876/652/605
f 1871/700/648 1194/667/619 72/669/567
f 1866/705/653 179/694/643 1856/706/654
f 179/694/643 1861/693/642 1170/708/656
f 77/594/553 184/592/551 1875/619/575
f 1030/579/539 78/578/538 185/633/589
f 72/669/567 181/668/567 1891/685/634
f 178/616/572 1846/716/664 1148/713/661
f 1736/676/626 196/626/582 80/542/506
f 1117/715/663 70/610/567 177/612/567
f 68/632/588 1138/675/625 1846/716/664
f 1108/722/670 70/610/567 175/697/567
f 1816/723/671 175/697/567 69/678/567
f 1142/638/594 71/637/593 179/694/643
f 1113/661/614 1871/700/648 180/650/567
f 1318/148/136 1320/1502/1478 340/1501/1477
f 1321/1504/1480 1322/1506/1482 338/1505/1481
f 324/1508/1484 325/1509/1485 1322/1506/1482
f 343/1515/1491 1327/1514/1490 1324/128/118
f 344/1513/1489 343/1515/1491 1337/1530/1506
f 1343/95/88 1345/1537/1513 323/1507/1483
f 1353/96/89 1355/1550/1526 360/1549/1525
f 349/1533/1509 348/1535/1511 1357/1554/1530
f 1370/1564/1540 1371/1565/1541 375/800/752
f 357/191/177 360/1549/1525 1370/1564/1540
f 1377/1569/1545 397/1572/1548 394/135/125
f 1381/1575/1551 319/1522/1498 318/1524/1500
f 393/113/104 1388/119/109 1390/1582/1558
f 1391/1583/1559 426/826/780 425/823/777
f 399/121/111 1393/115/106 1395/1585/1561
f 568/263/249 1410/262/248 1412/1599/1577
f 579/997/961 1412/1599/1577 1413/1600/1578
f 1413/1600/1578 1414/1601/1579 571/984/946
f 1412/1599/1577 589/1003/968 599/1006/971
f 599/1006/971 598/1014/979 1414/1601/1579
f 598/1014/979 586/305/291 1411/264/250
f 1415/256/242 1417/1602/1580 593/1009/974
f 1417/1602/1580 1418/1605/1583 594/1011/976
f 594/1011/976 1418/1605/1583 1419/1603/1581
f 600/1015/980 1419/1603/1581 1416/243/229
f 603/234/220 608/1604/1582 1417/1602/1580
f 608/1604/1582 613/2185/2187 1418/1605/1583
f 1418/1605/1583 613/2185/2187 612/1606/1584
f 1419/1603/1581 612/1606/1584 605/271/257
f 1420/291/277 1422/1613/1593 609/1607/1585
f 1423/1611/1591 1421/245/231 605/271/257
f 1420/291/277 567/292/278 576/991/953
f 1423/1611/1591 569/983/945 566/246/232
f 550/302/288 1424/298/284 1426/1615/1595
f 1427/1616/1596 1428/1617/1597 553/964/924
f 1428/1617/1597 1425/277/263 548/283/269
f 1426/1615/1595 595/1010/975 588/1004/969
f 588/1004/969 587/1002/967 1428/1617/1597
f 587/1002/967 584/278/264 1425/277/263
f 1432/1620/1602 1430/231/217 568/263/249
f 1432/1620/1602 551/966/926 548/283/269
f 1436/1625/1607 1437/1631/1613 563/1626/940
f 1433/253/239 604/303/289 611/1628/1609
f 1437/1627/1608 606/2186/2188 603/234/220
f 459/862/818 1438/212/198 1440/1632/1614
f 462/1633/819 1440/1632/1614 1441/1634/1615
f 463/871/829 1441/1634/1615 1442/1635/1616
f 468/869/827 1442/1635/1616 1439/249/235
f 434/169/156 439/834/791 1440/1632/1614
f 439/834/791 445/837/794 1441/1634/1615
f 445/837/794 446/846/1617 1442/1635/1616
f 446/846/1617 436/247/233 1439/249/235
f 1443/261/247 1445/1637/1619 482/1636/1618
f 1447/1639/1622 1444/239/225 473/321/307
f 1447/1639/1622 442/841/798 435/843/800
f 1450/1640/1624 1451/1641/1626 467/876/1625
f 1451/1641/1626 1452/1642/1627 471/873/831
f 1452/1642/1627 1449/236/222 461/238/224
f 1448/320/306 475/219/205 482/1643/1618
f 1452/1642/1627 481/887/845 474/884/844
f 497/905/869 1453/300/286 1455/1644/1629
f 500/903/867 1455/1644/1629 1456/1645/1630
f 501/915/870 1456/1645/1630 1457/1646/1631
f 505/914/876 1457/1646/1631 1454/281/267
f 448/222/208 453/851/807 1455/1644/1629
f 453/851/1632 456/855/1633 1456/1645/1630
f 456/855/1633 457/1647/1634 1457/1646/1631
f 457/1647/1634 450/279/265 1454/281/267
f 518/1651/1640 1462/1650/1639 1459/341/327
f 1463/211/197 450/279/265 457/859/1634
f 1465/1652/1641 457/859/1634 456/861/1645
f 1466/1653/1643 456/861/1645 453/1655/1646
f 1467/1654/1644 453/1655/812 449/267/253
f 1468/259/245 1470/1656/1648 494/901/1647
f 491/2187/2189 494/901/1647 495/1658/1650
f 494/901/1647 1470/1656/1648 495/1658/1650
f 1471/1657/1649 1472/1659/1651 489/890/853
f 1470/1656/1648 532/944/1652 527/945/898
f 1471/1657/1649 527/945/898 526/934/896
f 1473/331/317 1475/1660/1653 532/941/1652
f 1475/1660/1653 544/1663/1656 545/953/1657
f 1477/1662/1655 541/955/909 538/950/908
f 1478/345/331 1480/1665/1658 544/1664/1656
f 1480/1665/1658 1481/1666/1660 545/961/1659
f 1481/1666/1660 1482/1667/1661 547/957/915
f 1482/1667/1661 1479/288/274 540/293/279
f 1478/345/331 487/198/184 496/902/1662
f 1480/1665/1658 496/902/1662 491/898/1663
f 1481/1666/1660 491/898/1663 493/897/856
f 1482/1667/1661 493/897/856 486/894/855
f 627/1030/995 1485/1668/1664 1486/1669/1665
f 628/1023/988 1486/1669/1665 1487/1670/1666
f 1483/1671/323 633/1044/325 642/1043/1007
f 1485/1668/1664 642/1043/1007 636/1037/1001
f 1486/1669/1665 636/1037/1001 635/1035/999
f 1487/1670/1666 635/1035/999 632/324/310
f 1498/1680/314 1500/1681/1673 679/1081/1044
f 1500/1681/1673 1501/1682/1674 680/1072/1036
f 1501/1682/1674 1502/1683/1675 671/1069/1033
f 671/1069/1033 1502/1683/1675 1499/229/215
f 695/1093/1055 688/1097/1058 1501/1682/1674
f 688/1097/1058 687/1087/1049 1502/1683/1675
f 687/1087/1049 684/344/330 1499/229/215
f 1508/316/302 686/1099/1061 700/1101/1063
f 1510/1688/1679 700/1101/1063 694/1095/1056
f 1511/1689/1680 694/1095/1056 693/1092/1054
f 1512/1691/1681 693/2188/1054 685/330/316
f 1523/307/293 1525/1700/1688 765/1163/1130
f 1525/1700/1688 1526/1701/1689 766/1169/1141
f 1526/1701/1689 1527/1702/1690 771/1166/1138
f 1527/1702/1690 1524/1703/203 759/1167/320
f 1523/307/293 723/309/295 736/1133/1101
f 1525/1700/1688 736/1133/1101 731/1128/1096
f 1526/1701/1689 731/1128/1096 730/1125/1094
f 1527/1702/1690 730/1125/1094 722/1127/204
f 1651/1857/1867 1652/1859/1869 903/1858/1868
f 881/429/405 1659/420/398 1661/1874/1884
f 884/1875/1885 1661/1874/1884 1662/1876/1886
f 883/1877/1887 1662/1876/1886 1663/1878/1888
f 1662/1876/1886 903/1858/1868 902/1860/1870
f 908/1868/1878 907/1870/1880 1668/1885/1895
f 1677/1893/1903 1678/1894/1904 889/1864/1874
f 918/1896/1906 919/1897/1907 1678/1894/1904
f 1681/1898/1908 1682/1899/1909 918/1896/1906
f 928/1902/1912 929/1903/1913 1683/1900/1910
f 1687/1907/1917 1688/1909/1919 922/1908/1918
f 949/1915/1925 1693/1914/1924 1690/522/486
f 1702/1920/1930 1703/1921/1931 944/1220/1199
f 1706/1922/1932 959/1925/1935 960/1926/1936
f 1709/430/406 881/429/405 884/1875/1885
f 959/1925/1935 1721/1942/1950 1722/1943/1951
f 1723/1944/1952 976/1229/1209 968/1231/1211
f 965/1940/1948 1727/1947/1954 1728/1948/1955
f 1726/1945/1953 956/1929/1939 955/1931/1941
f 1832/2105/2106 1833/2107/2108 1120/2106/2107
f 1837/2111/2112 1838/2113/2114 1135/2112/2113
f 1141/2121/2122 1138/675/625 1841/611/568
f 1852/2129/2130 1853/2131/2132 1145/2130/2131
f 1145/2130/2131 1144/2132/2133 1869/2144/2143
f 1114/2095/2096 1872/2145/2144 1873/2146/2145
f 1116/2097/2098 1874/2147/2146 1871/700/648
f 1191/2154/2153 1878/2153/2152 1879/2155/2154
f 1877/2151/2150 1106/2099/2100 1105/2101/2102
f 1878/2153/2152 1105/2101/2102 1104/2103/2104
f 1200/2160/2159 1201/2161/2160 1883/2158/2157
f 1193/647/601 1885/653/606 1887/2163/2162
f 1195/2148/2147 1887/2163/2162 1888/2164/2163
f 1885/653/606 1205/654/607 1217/1361/1335
f 1890/649/603 1189/648/602 1192/2152/2151
f 1893/2167/2166 1191/2154/2153 1190/2156/2155
f 1298/4/4 91/73/5 1/5/5
f 87/10/5 1243/64/59 224/11/10
f 213/13/11 23/79/72 112/14/12
f 4/16/5 88/46/5 1263/17/14
f 198/19/16 1249/7/7 104/9/9
f 209/21/18 1294/168/155 100/22/19
f 223/24/21 15/86/79 107/25/22
f 3/12/5 86/30/5 1238/27/24
f 1253/29/26 214/164/152 4/16/5
f 1259/15/13 112/14/12 21/31/27
f 1269/33/29 103/99/92 19/34/30
f 1264/36/32 115/93/86 25/37/33
f 228/32/28 21/31/27 106/39/35
f 1284/43/39 111/53/48 18/44/40
f 88/46/5 2/160/148 233/47/42
f 265/52/47 24/106/99 111/53/48
f 89/54/49 5/157/145 243/55/50
f 1299/57/52 198/19/16 16/20/17
f 270/59/54 1299/57/52 102/58/53
f 276/61/56 1309/69/64 108/62/57
f 1/5/5 208/196/182 1243/64/59
f 1314/65/60 270/59/54 17/60/55
f 282/67/62 1314/65/60 110/66/61
f 1309/69/64 299/774/721 1403/70/65
f 6/71/66 275/133/123 1293/72/67
f 19/34/30 351/100/93 1343/95/88
f 103/99/92 1348/101/94 351/100/93
f 18/44/40 361/105/98 1348/101/94
f 111/53/48 1363/107/100 361/105/98
f 24/106/99 384/192/178 1363/107/100
f 100/22/19 13/63/58 393/113/104
f 1244/122/112 209/21/18 14/23/20
f 1304/123/113 280/751/699 1399/124/114
f 105/125/115 1399/124/114 398/126/116
f 224/11/10 1253/29/26 86/30/5
f 1254/26/23 107/25/22 23/79/72
f 92/132/122 1308/150/138 275/133/123
f 199/6/6 1/5/5 87/10/5
f 234/35/31 19/34/30 115/93/86
f 1279/138/128 248/727/675 1408/139/129
f 109/141/130 1408/2189/129 366/142/131
f 204/38/34 25/37/33 114/92/85
f 1303/149/137 300/781/732 1308/150/138
f 281/151/139 1303/149/137 92/132/122
f 5/157/145 90/173/160 1283/158/146
f 1258/159/147 229/165/153 2/160/148
f 214/164/152 1258/159/147 88/46/5
f 229/165/153 1273/190/176 89/54/49
f 1294/168/155 276/61/56 13/63/58
f 90/173/160 1278/176/163 266/174/161
f 1288/175/162 249/736/684 1278/176/163
f 1304/123/113 105/125/115 1404/181/168
f 271/183/170 6/71/66 91/73/5
f 105/125/115 1383/127/117 417/184/171
f 244/45/41 18/44/40 103/99/92
f 1313/152/140 92/132/122 6/71/66
f 2/160/148 89/54/49 1268/56/51
f 1239/145/134 114/92/85 20/8/8
f 1279/189/128 109/141/130 24/106/99
f 1273/190/176 239/197/183 5/157/145
f 109/141/130 1358/143/132 384/192/178
f 1248/134/124 87/10/5 3/12/5
f 86/30/5 4/16/5 203/18/15
f 91/73/5 1293/72/67 208/196/182
f 239/197/183 1288/175/162 90/173/160
f 1474/201/187 538/950/908 1566/202/188
f 134/203/189 1566/202/188 757/204/190
f 136/214/200 1542/275/261 703/215/201
f 1444/239/225 435/843/800 1529/240/226
f 1429/252/238 119/304/290 1433/253/239
f 499/265/251 1458/274/260 136/214/200
f 1464/269/255 117/268/254 1543/272/258
f 1458/274/260 512/920/880 1542/275/261
f 525/286/272 1474/201/187 134/203/189
f 523/295/281 1547/335/321 116/296/282
f 1546/287/273 134/203/189 1518/205/191
f 118/241/227 1529/240/226 634/310/296
f 1560/266/252 136/214/200 1504/216/202
f 117/268/254 1508/316/302 704/318/304
f 473/321/307 1444/239/225 118/241/227
f 1534/322/308 118/241/227 1488/311/297
f 1547/335/321 739/1137/1106 1513/336/322
f 1469/297/283 116/296/282 1552/346/332
f 116/296/282 1513/336/322 721/348/334
f 1629/349/335 143/418/336 35/350/336
f 139/355/336 1574/409/389 800/356/341
f 789/358/342 58/424/401 164/359/343
f 38/361/336 140/391/336 1594/362/345
f 785/366/349 1625/512/476 152/367/350
f 799/369/352 49/431/407 159/370/353
f 37/357/336 138/375/336 1569/372/355
f 1584/374/357 790/508/473 38/361/336
f 1590/360/344 164/359/343 56/376/358
f 804/377/359 56/376/358 158/384/366
f 1605/385/367 158/384/366 57/386/368
f 140/391/336 36/504/336 809/392/373
f 814/387/369 57/386/368 165/393/374
f 1620/394/375 165/393/374 1732/395/376
f 141/399/336 39/501/467 819/400/380
f 853/406/386 1640/414/394 160/407/387
f 35/350/336 784/539/503 1574/409/389
f 1645/410/390 847/404/384 51/405/385
f 1640/414/394 863/1196/1170 1729/415/395
f 40/416/336 852/478/447 1624/417/396
f 58/424/401 896/475/445 1669/425/402
f 49/431/407 153/435/411 1654/432/408
f 49/431/407 906/433/409 1664/434/410
f 153/435/411 48/368/351 890/436/412
f 56/376/358 911/505/470 1684/441/417
f 57/386/368 921/534/498 1699/447/422
f 165/393/374 1699/447/422 931/453/428
f 48/368/351 152/367/350 1704/457/430
f 152/367/350 47/408/388 957/458/431
f 47/408/388 160/407/387 1719/464/436
f 160/407/387 1729/415/395 969/465/437
f 1575/467/439 785/366/349 48/368/351
f 1635/468/440 858/1844/392 55/469/393
f 800/356/341 1584/374/357 138/375/336
f 1585/371/354 159/370/353 58/424/401
f 159/370/353 1664/434/410 896/475/445
f 144/477/336 1639/494/460 852/478/447
f 775/351/337 35/350/336 139/355/336
f 1610/483/450 824/2190/1142 1733/484/451
f 161/485/452 1733/484/451 930/486/453
f 799/369/352 1575/467/439 153/435/411
f 1634/493/459 864/1205/1181 1639/494/460
f 857/495/461 1634/493/459 144/477/336
f 39/501/467 142/517/481 1614/502/468
f 1589/503/469 805/509/474 36/504/336
f 164/359/343 1669/425/402 911/505/470
f 790/508/473 1589/503/469 140/391/336
f 805/509/474 1604/533/497 141/399/336
f 1625/512/476 853/406/386 47/408/388
f 1795/513/477 173/607/478 61/514/478
f 142/517/481 1609/520/484 843/518/482
f 1619/519/483 825/1179/1151 1609/520/484
f 1635/468/440 157/470/441 1730/525/489
f 848/527/491 40/416/336 143/418/336
f 157/470/441 1714/472/442 967/528/492
f 1644/496/462 144/477/336 40/416/336
f 36/504/336 141/399/336 1599/401/381
f 1610/483/450 161/485/452 59/451/426
f 1604/533/497 815/540/504 39/501/467
f 158/384/366 1684/441/417 921/534/498
f 1579/479/448 139/355/336 37/357/336
f 138/375/336 38/361/336 779/363/346
f 143/418/336 1624/417/396 784/539/503
f 815/540/504 1619/519/483 142/517/481
f 1746/541/505 1004/714/662 80/542/506
f 169/544/478 1740/598/557 1010/545/508
f 999/547/509 84/613/569 194/548/510
f 64/550/478 170/580/478 1760/551/512
f 984/553/514 1746/541/505 186/543/507
f 63/546/478 168/564/478 1735/561/522
f 1750/563/524 1000/695/644 64/550/478
f 1756/549/511 194/548/510 82/565/525
f 1014/566/526 82/565/525 188/573/533
f 1771/574/534 188/573/533 83/575/535
f 170/580/478 62/691/640 1019/581/540
f 1024/576/536 83/575/535 195/582/541
f 1786/583/542 195/582/541 1898/584/543
f 1052/586/545 1902/640/596 193/587/546
f 171/588/547 65/688/637 1029/589/548
f 1075/595/554 1806/603/562 190/596/555
f 61/514/478 994/725/673 1740/598/557
f 1806/603/562 1085/1289/1268 1895/604/563
f 66/605/478 1074/665/617 1790/606/564
f 186/543/507 80/542/506 1123/608/565
f 82/565/525 1133/692/641 1850/630/586
f 83/575/535 1143/720/668 1865/636/592
f 195/582/541 1865/636/592 1153/642/598
f 1741/656/609 995/555/516 74/557/518
f 1801/657/610 1080/601/560 81/602/561
f 187/658/611 81/602/561 1198/655/608
f 1010/545/508 1750/563/524 168/564/478
f 174/664/478 1805/681/630 1074/665/617
f 985/515/479 61/514/478 169/544/478
f 76/554/515 186/543/507 1825/609/566
f 1776/670/620 1034/1242/1222 1899/671/621
f 191/672/622 1899/671/621 1152/673/623
f 1009/558/519 1741/656/609 183/624/580
f 1800/680/629 1086/1299/1279 1805/681/630
f 1079/682/631 1800/680/629 174/664/478
f 65/688/637 172/701/649 1780/689/638
f 1755/690/639 1015/696/645 62/691/640
f 1000/695/644 1755/690/639 170/580/478
f 1015/696/645 1770/719/667 171/588/547
f 172/701/649 1775/704/652 1053/702/650
f 1785/703/651 1035/1251/1231 1775/704/652
f 1801/657/610 187/658/611 1896/709/657
f 1070/711/659 66/605/478 173/607/478
f 187/658/611 1880/659/612 1203/712/660
f 1810/683/632 174/664/478 66/605/478
f 62/691/640 171/588/547 1765/590/549
f 1776/670/620 191/672/622 1903/717/665
f 1770/719/667 1025/726/674 65/688/637
f 188/573/533 1850/630/586 1143/720/668
f 191/672/622 1855/674/624 1169/721/669
f 1745/666/618 169/544/478 63/546/478
f 168/564/478 64/550/478 989/552/513
f 173/607/478 1790/606/564 994/725/673
f 1025/726/674 1785/703/651 172/701/649
f 248/727/675 251/730/678 254/728/676
f 251/730/678 252/741/687 255/731/679
f 254/728/676 255/731/679 256/733/681
f 257/734/682 260/740/686 259/735/683
f 258/737/685 261/747/688 260/738/686
f 260/740/686 255/731/679 252/741/687
f 261/742/688 256/733/681 255/731/679
f 250/51/689 253/1595/2190 263/743/690
f 262/744/691 263/743/690 261/747/694
f 263/743/690 264/746/2191 256/748/696
f 283/749/697 286/753/701 285/750/698
f 284/752/700 287/755/703 286/753/701
f 286/753/701 288/756/704 295/754/702
f 281/757/139 289/760/707 292/758/705
f 289/760/707 290/766/1473 293/761/708
f 291/759/706 292/758/705 287/755/703
f 292/758/705 293/761/708 288/762/704
f 294/763/709 297/765/711 296/764/710
f 295/754/702 288/756/704 297/765/711
f 297/765/711 293/761/713 290/766/712
f 298/182/169 301/2191/716 303/767/714
f 302/768/715 303/767/714 315/771/718
f 303/767/714 304/770/717 305/773/720
f 299/774/721 306/777/724 309/775/722
f 306/777/724 307/784/1471 310/778/725
f 308/776/726 309/775/722 304/770/727
f 309/775/722 310/778/725 305/773/729
f 311/779/730 314/2192/733 313/780/731
f 312/772/719 315/771/718 314/782/733
f 314/782/733 310/778/735 307/784/734
f 315/771/718 305/773/720 310/778/735
f 366/142/131 369/2193/738 371/786/736
f 370/787/737 371/786/736 382/790/740
f 371/786/736 372/789/2192 373/792/742
f 367/108/101 374/795/745 376/793/743
f 374/795/745 375/800/752 377/796/746
f 376/793/743 377/796/746 373/792/748
f 378/797/749 381/799/751 380/798/750
f 379/791/741 382/790/753 381/799/751
f 381/799/751 377/796/746 375/800/752
f 382/790/753 373/792/748 377/796/746
f 401/801/754 404/804/757 403/802/755
f 402/803/756 405/813/766 404/804/757
f 404/804/757 416/807/760 413/805/758
f 404/804/757 405/813/766 406/806/759
f 407/808/761 410/811/764 409/809/762
f 408/810/763 411/812/765 410/811/764
f 410/811/764 405/813/766 402/803/756
f 411/812/765 406/806/759 405/813/766
f 412/814/767 415/816/769 414/815/768
f 413/805/758 416/807/760 415/816/769
f 414/815/768 415/816/769 411/812/765
f 415/816/769 416/807/760 406/806/759
f 417/184/171 420/819/772 422/817/770
f 420/819/772 421/828/782 423/820/773
f 422/817/770 423/820/773 424/822/775
f 425/823/777 428/827/781 427/824/778
f 426/826/780 429/829/783 428/827/781
f 428/827/781 423/820/784 421/828/782
f 429/829/783 424/822/789 423/820/784
f 419/120/110 430/1592/787 432/830/785
f 431/831/786 432/830/785 429/829/783
f 432/830/785 433/821/788 424/822/789
f 437/833/790 440/836/793 439/834/791
f 442/841/798 440/845/793 444/842/799
f 445/840/797 441/839/796 443/844/803
f 462/863/819 472/867/823 470/865/821
f 462/863/819 463/2194/829 465/866/822
f 466/868/824 467/870/2193 468/869/825
f 469/872/832 470/865/1733 472/867/833
f 471/874/834 472/867/833 465/866/836
f 481/885/850 478/881/839 477/879/840
f 492/896/859 493/895/862 489/891/860
f 493/895/862 495/899/2194 490/892/863
f 494/901/864 491/2187/2195 496/902/865
f 500/903/867 503/907/871 502/904/868
f 506/911/874 504/919/873 507/912/875
f 508/916/877 511/918/879 510/917/878
f 509/909/872 503/908/871 511/918/879
f 511/918/879 504/919/873 506/911/874
f 516/926/884 520/925/2196 519/927/885
f 517/931/889 515/933/894 522/932/890
f 526/934/896 529/937/899 528/935/897
f 531/942/903 530/940/901 527/936/898
f 534/946/905 537/948/907 536/947/906
f 535/939/900 529/938/899 537/948/907
f 537/948/907 529/938/899 530/940/901
f 545/953/911 1908/960/2197 543/954/912
f 546/956/916 542/1731/2198 541/958/917
f 547/959/918 541/958/917 543/962/921
f 548/283/269 551/966/926 554/963/923
f 552/965/925 555/968/928 554/963/923
f 554/963/923 565/969/929 562/967/927
f 549/254/240 556/972/932 559/970/930
f 556/972/932 557/1624/1606 560/973/933
f 558/971/931 559/970/930 555/974/934
f 559/970/936 560/973/2199 565/976/937
f 561/977/939 564/979/941 563/978/940
f 562/967/927 565/969/943 564/979/941
f 564/979/941 560/982/944 557/980/942
f 569/983/945 572/986/948 571/984/946
f 570/985/947 573/988/950 572/986/948
f 572/986/948 583/989/951 580/987/949
f 567/292/278 574/992/954 577/990/952
f 574/992/954 575/1619/1599 578/993/955
f 576/994/953 577/995/952 573/988/956
f 577/995/958 578/1001/2200 583/996/959
f 579/997/961 582/999/963 581/998/962
f 580/987/949 583/989/965 582/999/963
f 582/999/963 578/1001/966 575/1000/964
f 587/1002/967 590/1005/970 589/1003/968
f 588/1004/969 591/1013/978 590/1005/970
f 590/1005/970 602/1008/973 599/1006/971
f 590/1005/970 591/1013/978 592/1007/972
f 593/1009/974 596/1012/977 595/1010/975
f 594/1011/976 597/1017/982 596/1012/977
f 596/1012/977 591/1013/978 588/1004/969
f 596/1012/977 597/1017/982 592/1007/972
f 598/1014/979 601/1016/981 600/1015/980
f 599/1006/971 602/1008/973 601/1016/981
f 601/1016/981 597/1017/982 594/1011/976
f 601/1016/981 602/1008/973 592/1007/972
f 615/284/270 618/1020/985 621/1018/983
f 620/1019/984 621/1018/983 631/1022/987
f 616/312/298 623/1028/992 621/1026/990
f 623/1028/992 624/1034/998 626/1029/993
f 627/1030/995 630/1033/997 629/1031/996
f 628/1023/988 631/1022/987 630/1033/997
f 630/1033/997 626/1029/993 624/1034/998
f 631/1022/987 622/1025/989 626/1029/993
f 635/1035/999 638/1038/1002 637/1036/1000
f 636/1037/1001 639/1040/1004 638/1038/1002
f 638/1038/1002 649/1041/1005 646/1039/1003
f 640/1042/1006 643/1046/1009 642/1043/1007
f 641/1045/1008 644/1047/1010 643/1046/1009
f 643/1046/1009 639/1040/1004 636/1037/1001
f 644/1047/1010 649/1051/1005 639/1040/1004
f 645/1048/1011 648/1050/1013 647/1049/1012
f 646/1039/1003 649/1041/1005 648/1050/1013
f 648/1050/1013 644/1047/1010 641/1045/1008
f 650/323/309 653/1054/1016 656/1052/1014
f 653/1054/1016 654/1063/1024 657/1055/1017
f 658/1058/1019 661/1062/1023 660/1059/1020
f 659/1061/1021 657/1067/1030 661/1062/1022
f 661/1062/1023 657/1055/1017 654/1063/1024
f 652/313/299 662/1066/1695 665/1064/1025
f 662/1066/1027 663/1057/2201 656/1056/1028
f 664/1065/1026 665/1064/2202 657/1067/1030
f 669/1068/1032 672/1071/1035 671/1069/1033
f 670/1070/1034 673/1080/1037 672/1071/1035
f 672/1071/1035 683/1074/1038 680/1072/1036
f 674/1075/1039 677/1078/1042 676/1076/1040
f 675/1077/1041 678/1079/1043 677/1078/1042
f 677/1078/1042 673/1080/1037 670/1070/1034
f 679/1081/1044 682/1084/1046 681/1082/1045
f 680/1072/1036 683/1074/1038 682/1084/1046
f 682/1084/1046 678/1079/1043 675/1077/1041
f 683/1074/1038 673/1073/1037 678/1079/1043
f 684/344/330 687/1087/1049 690/1085/1047
f 687/1087/1049 688/1097/1058 691/1088/1050
f 689/1086/1048 690/1085/1047 702/1089/1051
f 690/1085/1047 691/1088/1050 692/1091/1053
f 693/1092/1054 696/1096/1057 695/1093/1055
f 694/1095/1056 697/1098/1059 696/1096/1057
f 696/1096/1057 691/1088/1060 688/1097/1058
f 697/1098/1059 692/1091/2203 691/1088/1060
f 686/1099/1061 698/1102/1064 701/1100/1062
f 698/1102/1064 699/1090/1710 702/1089/1065
f 700/1101/1063 701/1100/1062 697/1098/1066
f 701/1100/1062 702/1089/1065 692/1091/1067
f 703/215/201 706/1714/1070 708/1103/1068
f 707/1104/1069 708/1103/1068 720/1107/1072
f 708/1103/1068 709/1106/1071 710/1109/1074
f 704/318/304 711/1112/1077 714/1110/1075
f 711/1112/1077 712/1118/1086 715/1113/1078
f 713/1111/1079 714/1110/1075 709/1106/1080
f 714/1110/1075 715/1113/1078 710/1109/1082
f 716/1114/1083 719/1117/1085 718/1115/1084
f 717/1108/1073 720/1107/1072 719/1117/1085
f 719/1117/1085 715/1113/1087 712/1118/1086
f 720/1107/1072 710/1109/1074 715/1113/1087
f 721/348/334 724/1121/1090 727/1119/1088
f 724/1121/1090 725/1130/1098 728/1122/1091
f 727/1119/1088 728/1122/1091 729/1124/1093
f 730/1125/1094 733/1129/1097 732/1126/1095
f 731/1128/1096 734/1131/1099 733/1129/1097
f 733/1129/1097 728/1122/1091 725/1130/1098
f 734/1131/1099 729/1124/1093 728/1122/1091
f 723/309/295 735/1134/1722 737/1132/1100
f 735/1134/1102 726/1721/1724 738/1123/1103
f 736/1133/1101 737/1132/1100 734/1131/1099
f 737/1132/1100 738/1123/1103 729/1124/1093
f 742/1135/1104 745/1139/1108 744/1136/1105
f 743/1138/1107 746/1148/1110 745/1139/1108
f 745/1139/1108 756/1142/1111 753/1140/1109
f 747/1143/1112 750/1146/1115 749/1144/1113
f 748/1145/1114 751/1147/1116 750/1146/1115
f 750/1146/1115 746/1148/1110 743/1138/1107
f 752/1149/1117 755/1152/1119 754/1150/1118
f 753/1140/1109 756/1142/1111 755/1152/1119
f 755/1152/1119 751/1147/1116 748/1145/1114
f 756/1142/1111 746/1141/1110 751/1147/1116
f 757/204/190 760/1155/1747 763/1153/1120
f 762/1154/1121 763/1153/1120 773/1157/1125
f 758/308/294 765/1163/1130 768/1161/1128
f 765/1163/1130 766/1169/1141 773/1164/1131
f 768/1161/1132 763/1159/1136 761/1156/1133
f 768/1161/1132 773/1164/1131 764/1160/1135
f 769/1165/1137 772/1168/1139 771/1166/1138
f 770/1158/1126 773/1157/1125 772/1168/1139
f 772/1168/1140 773/1164/1131 766/1169/1141
f 824/1170/1142 827/1173/1145 830/1171/1143
f 827/1173/1145 828/1182/1154 831/1174/1146
f 830/1171/1143 831/1174/1146 832/1176/1148
f 833/1177/1149 836/1181/1153 835/1178/1150
f 834/1180/1152 837/1183/1155 836/1181/1153
f 836/1181/1153 831/1174/1146 828/1182/1154
f 837/1183/1155 832/1176/1148 831/1174/1146
f 826/396/377 838/1953/2204 840/1184/1156
f 838/1186/1158 829/2195/2205 841/1175/1159
f 839/1188/1157 840/1187/1156 837/1183/1160
f 840/1187/1156 841/1175/1159 832/1176/1162
f 862/526/490 865/2196/1165 867/1189/1163
f 866/1190/1164 867/1189/1163 879/1193/1167
f 867/1189/1163 868/1192/1166 869/1195/1169
f 863/1196/1170 870/1851/1173 873/1197/1171
f 870/1199/1173 871/1207/1861 874/1200/1174
f 872/1202/1175 873/1201/1171 868/1192/1176
f 873/1201/1171 874/1200/1174 869/1195/1178
f 875/1203/1179 878/1206/1182 877/1204/1180
f 876/1194/1168 879/1193/1167 878/1206/1182
f 878/1206/1182 874/1200/1184 871/1207/1183
f 879/1193/1167 869/1195/1169 874/1200/1184
f 930/486/453 933/2197/1187 935/1208/1185
f 934/1209/1186 935/1208/1185 946/1212/1189
f 935/1208/1185 936/1211/2206 937/1214/1191
f 931/453/428 938/1217/1194 940/1215/1192
f 938/1217/1194 939/1222/1201 941/1218/1195
f 940/1215/1192 941/1218/1195 937/1214/1197
f 942/1219/1198 945/1221/1200 944/1220/1199
f 943/1213/1190 946/1212/1202 945/1221/1200
f 945/1221/1200 941/1218/1195 939/1222/1201
f 946/1212/1202 937/1214/1197 941/1218/1195
f 967/528/492 970/1225/1205 973/1223/1203
f 970/1225/1205 971/1935/1214 974/1226/1206
f 973/1223/1203 974/1226/1206 975/1228/1208
f 976/1229/1209 979/1233/1213 978/1230/1210
f 977/1232/1212 980/1235/1215 979/1233/1213
f 979/1233/1213 974/1236/1216 971/1234/1214
f 980/1235/1215 975/1241/1221 974/1236/1216
f 969/465/437 972/1950/1219 982/1237/1217
f 981/1238/1218 982/1237/1217 980/1235/1215
f 982/1237/1217 983/1240/2207 975/1241/1221
f 1034/1242/1222 1037/1245/1225 1039/1243/1223
f 1037/1245/1225 1038/1256/1234 1040/1246/1226
f 1039/1243/1223 1040/1246/1226 1041/1248/1228
f 1042/1249/1229 1045/1255/1233 1044/1250/1230
f 1043/1252/1232 1046/1262/1235 1045/1253/1233
f 1045/1255/1233 1040/1246/1226 1038/1256/1234
f 1046/1257/1235 1041/1248/1228 1040/1246/1226
f 1036/585/544 1047/2175/1238 1049/1258/1236
f 1048/1259/1237 1049/1258/1236 1046/1262/1240
f 1049/1258/1236 1050/1261/2208 1041/1263/1241
f 1054/1264/1242 1057/1267/1245 1056/1265/1243
f 1055/1266/1244 1058/1276/1247 1057/1267/1245
f 1057/1267/1245 1068/1270/1248 1065/1268/1246
f 1059/1271/1249 1062/1275/1252 1061/1272/1250
f 1060/1274/1251 1063/1277/1253 1062/1275/1252
f 1061/1272/1250 1062/1275/1252 1058/1276/1247
f 1053/702/650 1064/1280/1256 1067/1278/1254
f 1064/1280/1256 1065/1268/2036 1068/1270/1257
f 1066/1279/1255 1067/1278/1254 1063/1277/1258
f 1067/1278/1260 1068/1270/1248 1058/1269/1247
f 1084/1281/658 1087/2198/1263 1089/1282/1261
f 1088/1283/1262 1089/1282/1261 1101/1286/1265
f 1089/1282/1261 1090/1285/1264 1091/1288/1267
f 1085/1289/1268 1092/1292/1271 1095/1290/1269
f 1092/1292/1271 1093/2072/2076 1096/1293/1272
f 1094/1291/1273 1095/1290/1269 1090/1294/1274
f 1095/1290/1269 1096/1293/1272 1091/1296/1276
f 1097/1297/1277 1100/1300/1280 1099/1298/1278
f 1098/1287/1266 1101/1286/1265 1100/1300/1280
f 1100/1300/1280 1096/1302/1282 1093/1301/1281
f 1101/1286/1265 1091/1288/1267 1096/1302/1282
f 1152/673/623 1155/2180/1285 1157/1303/1283
f 1156/1304/1284 1157/1303/1283 1168/1307/1287
f 1157/1303/1283 1158/1306/1286 1159/1309/1289
f 1153/642/598 1160/1312/1292 1162/1310/1290
f 1160/1312/1292 1161/1323/1300 1163/1313/1293
f 1162/1310/1290 1163/1313/1293 1159/1316/1295
f 1164/1318/1297 1167/1322/1299 1166/1319/1298
f 1165/1308/1288 1168/1307/1301 1167/1320/1299
f 1167/1322/1299 1163/1313/1293 1161/1323/1300
f 1168/1307/1301 1159/1309/1295 1163/1324/1293
f 1172/1325/1302 1175/1328/1305 1174/1326/1303
f 1173/1327/1304 1176/1338/1313 1175/1328/1305
f 1175/1328/1305 1187/1331/1308 1184/1329/1306
f 1175/1328/1305 1176/1338/1313 1177/1330/1307
f 1178/1332/1309 1181/1335/1312 1180/1333/1310
f 1178/1332/1309 1179/1344/1318 1182/1334/1311
f 1181/1336/1312 1176/1338/1313 1173/1327/1304
f 1181/1336/1312 1182/1346/1311 1177/1330/1307
f 1183/1339/1314 1186/1342/1317 1185/1340/1315
f 1184/1329/1306 1187/1331/1308 1186/1342/1317
f 1186/1343/1317 1182/1334/1311 1179/1344/1318
f 1187/1331/1308 1177/1330/1307 1182/1346/1311
f 1203/712/660 1206/1349/1321 1208/1347/1319
f 1206/1349/1321 1207/1358/1331 1209/1350/1322
f 1208/1347/1319 1209/1350/1322 1210/1352/1324
f 1211/1353/1326 1214/1357/1330 1213/1354/1327
f 1212/1356/1329 1215/1359/1332 1214/1357/1330
f 1214/1357/1330 1209/1350/1333 1207/1358/1331
f 1215/1359/1332 1210/1352/1338 1209/1350/1333
f 1205/654/607 1216/2170/1336 1218/1360/1334
f 1217/1361/1335 1218/1360/1334 1215/1359/1332
f 1218/1360/1334 1219/1351/1337 1210/1352/1338
f 1223/1363/1339 1226/1367/1343 1225/1364/1340
f 1224/1366/1342 1227/1369/2209 1226/1367/1343
f 1226/1367/1343 1228/1370/1346 1235/1368/1344
f 1221/1371/1347 1229/1374/1350 1232/1372/1348
f 1229/1374/1350 1230/1381/2210 1233/1375/1351
f 1231/1373/1349 1232/1372/1348 1227/1369/1352
f 1232/1372/1348 1233/1375/1351 1228/1376/1354
f 1234/1377/1355 1237/1380/1358 1236/1378/1356
f 1235/1368/1344 1228/1370/1346 1237/1380/1358
f 1237/1380/1358 1233/1375/2211 1230/1381/1359
f 219/28/25 1238/27/24 1240/1382/1361
f 222/1384/1362 1240/1390/1361 1241/1385/1363
f 221/1386/1365 1241/1385/1370 1242/1387/1366
f 1242/1387/1366 1239/145/134 218/186/173
f 1238/27/24 203/18/15 205/1389/1368
f 1240/1390/1361 205/1428/1368 206/1391/1369
f 1241/1385/1370 206/1391/1408 207/1392/1371
f 207/1392/1371 204/38/34 1239/145/134
f 1243/64/59 1245/1399/1373 227/1393/1372
f 1245/1394/1373 1246/1397/1379 226/1395/1374
f 1246/1397/1375 1247/1402/1381 225/1398/1376
f 225/1398/1376 1247/1402/1381 1244/122/112
f 208/196/182 210/1469/1378 1245/1399/1373
f 210/1400/1378 211/1401/1447 1246/1397/1379
f 211/1401/1380 212/1472/1449 1247/1402/1381
f 1247/1402/1381 212/1472/1449 209/21/18
f 1248/134/124 1250/1409/1383 202/1403/1382
f 1250/1404/1383 1251/1407/1388 201/1405/1384
f 1251/1407/1385 1252/1410/1389 200/1408/1386
f 200/1408/1386 1252/1410/1389 1249/7/7
f 219/28/25 222/1383/1362 1250/1409/1383
f 222/1384/1362 221/1386/1364 1251/1407/1388
f 221/1386/1365 220/1388/1367 1252/1410/1389
f 1252/1410/1389 220/1388/1367 218/186/173
f 214/164/152 1253/29/26 1255/1411/1390
f 217/1413/1391 1255/1418/1390 1256/1414/1392
f 216/1415/1394 1256/1414/1397 1257/1416/1395
f 1257/1416/1395 1254/26/23 213/13/11
f 1253/29/26 224/11/10 227/1393/1372
f 1255/1418/1390 227/1396/1372 226/1395/1374
f 1256/1414/1397 226/1395/1377 225/1398/1376
f 225/1398/1376 223/24/21 1254/26/23
f 229/1419/153 1258/2199/147 1260/1420/1398
f 232/1421/1399 1260/1420/1398 1261/1422/1400
f 231/1423/1402 1261/1422/1405 1262/1424/1403
f 1262/1424/1403 1259/15/13 228/32/28
f 1258/159/147 214/164/152 217/1412/1391
f 1260/1420/1398 217/1413/1391 216/1415/1393
f 1261/1422/1405 216/1415/1394 215/1417/1396
f 215/1417/1396 213/13/11 1259/15/13
f 203/18/15 1263/17/14 1265/1427/1406
f 205/1428/1368 1265/1432/1406 1266/1429/1407
f 206/1391/1408 1266/1429/1412 1267/1430/1409
f 1267/1430/1409 1264/36/32 204/38/34
f 1263/17/14 233/47/42 235/1431/1410
f 1265/1432/1406 235/1436/1410 236/1433/1411
f 1266/1429/1412 236/1433/1416 237/1434/1413
f 237/1434/1413 234/35/31 1264/36/32
f 233/47/42 1268/56/51 1270/1435/1414
f 235/1436/1410 1270/1440/1414 1271/1437/1415
f 236/1433/1416 1271/1437/1420 1272/1438/1417
f 1272/1438/1417 1269/33/29 234/35/31
f 1268/56/51 243/55/50 245/1439/1418
f 1270/1440/1414 245/1460/1418 246/1441/1419
f 1271/1437/1420 246/1441/1438 247/1442/1421
f 247/1442/1421 244/45/41 1269/33/29
f 239/1443/183 1273/1450/176 1275/1444/1422
f 242/1445/1423 1275/1444/1422 1276/1446/1424
f 241/1447/1426 1276/1446/1429 1277/1448/1427
f 1277/1448/1427 1274/40/36 238/42/38
f 1273/1450/176 229/1419/153 232/1421/1399
f 1275/1444/1422 232/1421/1399 231/1423/1401
f 1276/1446/1429 231/1423/1402 230/1425/1404
f 230/1425/1404 228/32/28 1274/40/36
f 1278/176/163 1280/1452/1431 269/1451/1430
f 1280/1452/1431 1281/1454/1433 268/1453/1432
f 1281/1454/1433 1282/1458/1435 267/1455/1434
f 1282/1456/1435 1279/189/128 265/52/47
f 249/736/684 259/735/683 1280/1452/1431
f 259/735/683 252/741/687 1281/1454/1433
f 252/741/687 251/730/678 1282/1458/1435
f 251/730/678 248/727/675 1279/138/128
f 243/55/50 1283/158/146 1285/1459/1436
f 245/1460/1418 1285/2200/1440 1286/1461/1437
f 246/1441/1438 1286/1461/1441 1287/1462/1439
f 247/1442/1421 1287/1462/1439 1284/43/39
f 1283/158/146 266/174/161 269/1451/1430
f 1285/1459/1440 269/1451/1430 268/1453/1432
f 1286/1461/1441 268/2201/1432 267/1457/1434
f 267/1457/1434 265/52/47 1284/43/39
f 249/1464/684 1288/1468/162 1290/1465/1442
f 257/739/682 1290/1465/1442 1291/1466/1443
f 258/737/695 1291/1466/1445 1292/1467/1444
f 262/744/691 1292/1467/1444 1289/49/44
f 1288/1468/162 239/1443/183 242/1445/1423
f 1290/1465/1442 242/1445/1423 241/1447/1425
f 1291/1466/1445 241/1447/1426 240/1449/1428
f 1292/1467/1444 240/1449/1428 238/42/38
f 1293/72/67 1295/1473/1446 210/1469/1378
f 1295/1470/1446 1296/1471/1451 211/1401/1447
f 1296/1471/1448 1297/1476/1453 212/1472/1449
f 212/1472/1449 1297/1476/1453 1294/168/155
f 275/133/123 277/1490/1450 1295/1473/1446
f 277/1474/1450 278/1475/1466 1296/1471/1451
f 278/1475/1452 279/1493/1468 1297/1476/1453
f 1297/1476/1453 279/1493/1468 276/61/56
f 1298/4/4 1300/1483/1455 274/1477/1454
f 1300/1478/1455 1301/1481/1460 273/1479/1456
f 1301/1481/1457 1302/1484/1461 272/1482/1458
f 272/1482/1458 1302/1484/1461 1299/57/52
f 199/6/6 202/1403/1382 1300/1483/1455
f 202/1406/1382 201/1405/1384 1301/1481/1460
f 201/1405/1387 200/1408/1386 1302/1484/1461
f 1302/1484/1461 200/1408/1386 198/19/16
f 300/781/732 1303/149/137 1305/1485/1462
f 311/783/730 1305/1489/1462 1306/1486/1463
f 312/772/719 1306/1486/1463 1307/1487/1464
f 302/768/715 1307/1487/1464 1304/123/113
f 1303/149/137 281/151/139 291/1488/706
f 1305/1489/1462 291/759/706 284/752/700
f 1306/1486/1463 284/752/700 283/749/697
f 1307/1487/1464 283/749/697 280/751/699
f 1308/150/138 1310/1495/1465 277/1490/1450
f 1310/1491/1465 1311/1492/1470 278/1475/1466
f 1311/1492/1467 1312/1494/1469 279/1493/1468
f 1312/1494/1469 1309/69/64 276/61/56
f 300/781/732 313/780/731 1310/1495/1465
f 313/785/731 307/784/734 1311/1492/1470
f 307/784/1471 306/777/724 1312/1494/1469
f 306/777/724 299/774/721 1309/69/64
f 1313/152/140 1315/1500/1472 289/1496/707
f 1315/1497/1472 1316/1498/1476 290/766/1473
f 1316/1498/1474 1317/1499/1475 296/764/710
f 1317/1499/1475 1314/65/60 282/67/62
f 271/183/170 274/1477/1454 1315/1500/1472
f 274/1480/1454 273/1479/1456 1316/1498/1476
f 273/1479/1459 272/1482/1458 1317/1499/1475
f 272/1482/1458 270/59/54 1314/65/60
f 1320/1502/1478 1321/1504/1480 339/1503/1479
f 1322/1506/1482 1319/194/180 336/195/181
f 321/94/87 323/1507/1483 1320/1502/1478
f 323/1507/1483 324/1508/1484 1321/1504/1480
f 325/1509/1485 322/193/179 1319/194/180
f 342/88/81 1323/87/80 1325/1510/1486
f 345/1511/1487 1325/1510/1486 1326/1512/1488
f 344/1513/1489 1326/1512/1488 1327/1514/1490
f 1323/87/80 326/91/84 328/1516/1492
f 1325/1510/1486 328/1516/1492 329/1517/1493
f 1326/1512/1488 329/1517/1493 330/1518/1494
f 1327/1514/1490 330/1518/1494 327/129/119
f 317/84/77 1328/75/69 1330/1519/1495
f 320/1520/1496 1330/1519/1495 1331/1521/1497
f 319/1522/1498 1331/1521/1497 1332/1523/1499
f 318/1524/1500 1332/1523/1499 1329/146/135
f 1328/75/69 337/74/68 340/1501/1477
f 1330/1519/1495 340/1501/1477 339/1503/1479
f 1331/1521/1497 339/1503/1479 338/1505/1481
f 1332/1523/1499 338/1505/1481 336/195/181
f 1333/89/82 1335/1526/1502 335/1525/1501
f 1335/1526/1502 1336/1528/1504 334/1527/1503
f 1336/1528/1504 1337/1530/1506 333/1529/1505
f 1337/1530/1506 1334/167/154 331/187/174
f 342/88/81 345/1511/1487 1335/1526/1502
f 345/1511/1487 344/1513/1489 1336/1528/1504
f 343/1515/1491 341/131/121 1334/167/154
f 1338/80/73 1340/1532/1508 350/1531/1507
f 1340/1532/1508 1341/1534/1510 349/1533/1509
f 1341/1534/1510 1342/1536/1512 348/1535/1511
f 1342/1536/1512 1339/97/90 346/81/74
f 332/130/120 335/1525/1501 1340/1532/1508
f 335/1525/1501 334/1527/1503 1341/1534/1510
f 334/1527/1503 333/1529/1505 1342/1536/1512
f 333/1529/1505 331/187/174 1339/97/90
f 1345/1537/1513 1346/1538/1514 324/1508/1484
f 1346/1538/1514 1347/1539/1515 325/1509/1485
f 1347/1539/1515 1344/77/71 322/193/179
f 351/100/93 353/1540/1516 1345/1537/1513
f 353/1540/1516 354/1541/1517 1346/1538/1514
f 354/1541/1517 355/1542/1518 1347/1539/1515
f 355/1542/1518 352/144/133 1344/77/71
f 1348/101/94 1350/1543/1519 353/1540/1516
f 1350/1543/1519 1351/1544/1520 354/1541/1517
f 1351/1544/1520 1352/1545/1521 355/1542/1518
f 1352/1545/1521 1349/188/175 352/144/133
f 361/105/98 363/1546/1522 1350/1543/1519
f 363/1546/1522 364/1547/1523 1351/1544/1520
f 364/1547/1523 365/1548/1524 1352/1545/1521
f 365/1548/1524 362/185/172 1349/188/175
f 1355/1550/1526 1356/1552/1528 359/1551/1527
f 1356/1552/1528 1357/1554/1530 358/1553/1529
f 1357/1554/1530 1354/83/76 356/104/97
f 347/161/149 350/1531/1507 1355/1550/1526
f 350/1531/1507 349/1533/1509 1356/1552/1528
f 348/1535/1511 346/81/74 1354/83/76
f 384/192/178 1358/143/132 1360/1555/1531
f 387/1556/1532 1360/1555/1531 1361/1557/1533
f 386/1558/1534 1361/1557/1533 1362/1559/1535
f 385/1560/1536 1362/1559/1535 1359/178/165
f 1358/143/132 366/142/131 370/787/737
f 1360/1555/1531 370/787/737 379/791/741
f 1361/1557/1533 379/791/741 378/797/749
f 1362/1559/1535 378/797/749 368/179/166
f 1363/107/100 1365/1561/1537 363/1546/1522
f 1365/1561/1537 1366/1562/1538 364/1547/1523
f 1366/1562/1538 1367/1563/1539 365/1548/1524
f 1367/1563/1539 1364/162/150 362/185/172
f 384/192/178 387/1556/1532 1365/1561/1537
f 387/1556/1532 386/1558/1534 1366/1562/1538
f 386/1558/1534 385/1560/1536 1367/1563/1539
f 385/1560/1536 383/180/167 1364/162/150
f 1368/102/95 1370/1564/1540 374/795/745
f 1371/1565/1541 1372/1566/1542 380/798/750
f 1372/1566/1542 1369/177/164 368/179/166
f 360/1549/1525 359/1551/1527 1371/1565/1541
f 359/1551/1527 358/1553/1529 1372/1566/1542
f 358/1553/1529 356/104/97 1369/177/164
f 326/91/84 1373/112/103 1375/1567/1543
f 328/1516/1492 1375/1567/1543 1376/1568/1544
f 329/1517/1493 1376/1568/1544 1377/1569/1545
f 330/1518/1494 1377/1569/1545 1374/172/159
f 1373/112/103 393/113/104 395/1570/1546
f 1375/1567/1543 395/1570/1546 396/1571/1547
f 1376/1568/1544 396/1571/1547 397/1572/1548
f 389/114/105 1378/85/78 1380/1573/1549
f 392/1574/1550 1380/1573/1549 1381/1575/1551
f 391/1576/1552 1381/1575/1551 1382/1577/1553
f 390/1578/1554 1382/1577/1553 1379/118/108
f 1378/85/78 317/84/77 320/1520/1496
f 1380/1573/1549 320/1520/1496 319/1522/1498
f 1382/1577/1553 318/1524/1500 316/109/102
f 1383/127/117 1385/1579/1555 420/819/772
f 1385/1579/1555 1386/1580/1556 421/828/782
f 1386/1580/1556 1387/1581/1557 427/824/778
f 1387/1581/1557 1384/156/144 418/825/779
f 398/126/116 403/802/755 1385/1579/1555
f 403/802/755 413/805/758 1386/1580/1556
f 413/805/758 412/814/767 1387/1581/1557
f 412/814/767 400/153/141 1384/156/144
f 395/1570/1546 1390/1582/1558 1391/1583/1559
f 396/1571/1547 1391/1583/1559 1392/1584/1560
f 397/1572/1548 1392/1584/1560 1389/155/143
f 1388/119/109 419/120/110 431/831/786
f 1390/1582/1558 431/831/786 426/826/780
f 1392/1584/1560 425/823/777 418/825/779
f 407/808/761 1395/1585/1561 1396/1586/1562
f 408/810/763 1396/1586/1562 1397/1587/1563
f 414/815/768 1397/1587/1563 1394/154/142
f 1393/115/106 389/114/105 392/1574/1550
f 1395/1585/1561 392/1574/1550 391/1576/1552
f 1396/1586/1562 391/1576/1552 390/1578/1554
f 1397/1587/1563 390/1578/1554 388/117/107
f 1398/68/63 1400/1588/1564 294/763/709
f 1400/1588/1564 1401/1589/1565 295/754/702
f 1401/1589/1565 1402/1590/1566 285/750/698
f 1402/1590/1566 1399/124/114 280/751/699
f 399/121/111 409/809/762 1400/1588/1564
f 409/809/762 402/803/756 1401/1589/1565
f 402/803/756 401/801/754 1402/1590/1566
f 401/801/754 398/126/116 1399/124/114
f 419/120/110 1403/70/65 1405/1591/1567
f 430/818/771 1406/1594/1573 1404/181/168
f 1403/70/65 299/774/721 308/776/1571
f 1405/1591/1569 308/776/2212 301/769/1572
f 1406/1594/1573 301/2191/716 298/182/169
f 1407/50/45 1409/1597/1576 253/1595/1574
f 1409/1596/1575 1408/139/129 248/727/675
f 367/108/101 369/794/744 1409/1597/1576
f 369/1598/738 366/2202/131 1408/139/129
f 1414/1601/1579 1411/264/250 566/246/232
f 1410/262/248 584/278/264 589/1003/968
f 1422/1608/1586 1423/1614/1589 610/1609/1587
f 1422/1608/1586 576/994/953 570/985/957
f 561/977/939 1426/1615/1595 1427/1616/1596
f 1424/298/284 585/257/243 595/1010/975
f 1429/252/238 1431/1618/1603 574/992/954
f 1431/1618/1598 1432/1621/1600 575/1619/1599
f 1429/252/238 549/254/240 558/971/931
f 1431/1618/1598 558/971/931 552/975/935
f 1433/253/239 1435/1623/1605 556/972/932
f 1435/1623/1605 1436/1625/1611 557/1624/1606
f 1437/1627/1608 1434/233/219 550/302/288
f 1435/1623/1605 611/1628/1609 607/1629/1610
f 1436/1625/1607 607/1629/2213 606/1630/1612
f 1445/1637/1619 1446/1638/1621 483/2/1620
f 1446/1638/1621 1447/1639/1622 478/878/839
f 1443/261/247 436/247/233 446/848/1617
f 1445/1637/1619 446/848/1617 443/849/801
f 1446/1638/1621 443/849/801 442/841/798
f 1448/320/306 1450/1640/1624 466/868/1623
f 1450/1640/1624 482/1643/1618 484/888/1628
f 1451/1641/1626 484/888/2214 481/887/845
f 512/920/880 1458/274/260 1460/1648/1635
f 515/923/881 1460/1648/1635 1461/1649/1636
f 516/924/2215 1461/1649/1636 1462/1650/1639
f 499/265/251 510/917/878 1460/1648/1635
f 510/917/878 506/911/874 1461/1649/1636
f 506/911/874 505/913/876 1462/1650/1639
f 505/913/876 498/325/311 1459/341/327
f 1463/211/197 1465/1652/1641 518/928/1640
f 1465/1652/1641 1466/1653/1643 516/926/1642
f 1466/1653/1643 1467/1654/1644 522/930/888
f 1467/1654/1644 1464/269/255 514/273/259
f 1472/1659/1651 1469/297/283 485/347/333
f 1468/259/245 524/282/268 532/944/1652
f 1472/1659/1651 526/934/896 523/295/281
f 1475/1660/1653 1476/1661/1654 531/949/903
f 1476/1661/1654 1477/1662/1655 536/947/906
f 1477/1662/1655 1474/201/187 525/286/272
f 1473/331/317 539/332/318 544/1663/1656
f 1476/1661/1654 545/953/1657 541/955/909
f 617/1032/324 1483/1671/323 1485/1668/1664
f 620/1019/984 1487/1670/1666 1484/285/271
f 1488/311/297 1490/1672/1667 653/1054/1016
f 1490/1672/1667 1491/1673/1668 654/1063/1024
f 1491/1673/1668 1492/1674/1669 660/1059/1020
f 1492/1674/1669 1489/1675/211 651/1060/213
f 634/310/296 647/1049/1012 1490/1672/1667
f 647/1049/1012 641/1045/1008 1491/1673/1668
f 641/1045/1008 640/1042/1006 1492/1674/1669
f 640/1042/1006 633/1044/325 1489/1675/211
f 1493/314/300 1495/1676/1670 623/1028/992
f 1495/1676/1670 1496/1677/1671 624/1034/998
f 1496/1677/1671 1497/1678/1672 629/1031/996
f 1497/1678/1672 1494/1679/212 617/1032/324
f 1493/314/300 652/313/299 664/1065/1026
f 1495/1676/1670 664/1065/1026 659/1061/1021
f 1496/1677/1671 659/1061/1021 658/1058/1019
f 1497/1678/1672 658/1058/1019 651/1060/213
f 685/1094/316 695/1093/1055 1500/1681/1673
f 705/1116/329 1503/1687/328 1505/1684/1676
f 716/1114/1083 1505/1684/1676 1506/1685/1677
f 717/1108/1073 1506/1685/1677 1507/1686/1678
f 707/1104/1069 1507/1686/1678 1504/216/202
f 1503/1687/328 668/1083/312 681/1082/1045
f 1505/1684/1676 681/1082/1045 675/1077/1041
f 1506/1685/1677 675/1077/1041 674/1075/1039
f 1507/1686/1678 674/1075/1039 667/317/303
f 1508/316/302 1510/1688/1679 711/1112/1077
f 1510/1688/1679 1511/1689/1680 712/1118/1086
f 1511/1689/1680 1512/1690/1681 718/1115/1084
f 1512/1690/1681 1509/2203/315 705/1116/329
f 1513/336/322 1515/1692/1682 724/1121/1090
f 1515/1692/1682 1516/1693/1683 725/1130/1098
f 1516/1693/1683 1517/1694/1684 732/1126/1095
f 1517/1694/1684 1514/1695/194 722/1127/204
f 739/1137/1106 744/1136/1105 1515/1692/1682
f 744/1136/1105 753/1140/1109 1516/1693/1683
f 753/1140/1109 752/1149/1117 1517/1694/1684
f 752/1149/1117 741/1151/192 1514/1695/194
f 740/306/292 1518/205/191 1520/1696/1685
f 747/1143/1112 1520/1696/1685 1521/1697/1686
f 748/1145/1114 1521/1697/1686 1522/1698/1687
f 754/1150/1118 1522/1698/1687 1519/1699/319
f 1518/205/191 757/204/190 762/1154/1121
f 1520/1696/1685 762/1154/1121 770/1158/1126
f 1521/1697/1686 770/1158/1126 769/1165/1137
f 1522/1698/1687 769/1165/1137 759/1167/320
f 1528/171/158 1530/1704/1691 437/833/790
f 1530/1704/1691 1531/1705/1693 438/835/1692
f 1531/1705/1693 1532/1706/1694 444/842/799
f 1532/1706/1694 1529/240/226 435/843/800
f 632/324/310 637/1036/1000 1530/1704/1691
f 637/1036/1000 646/1039/1003 1531/1705/1693
f 646/1039/1003 645/1048/1011 1532/1706/1694
f 645/1048/1011 634/310/296 1529/240/226
f 1533/250/236 1535/1707/1700 662/1066/1695
f 1535/1707/1696 1536/1709/1702 663/1057/1697
f 1536/1708/1699 1534/322/308 650/323/309
f 474/884/844 480/886/846 1535/1707/1700
f 480/886/1701 477/879/2216 1536/1709/1702
f 476/877/838 473/321/307 1534/322/308
f 1537/224/210 1539/1710/1708 451/850/806
f 1539/1710/1704 1540/1711/1709 452/852/1705
f 1540/1711/1706 1541/1712/1711 455/857/1707
f 455/857/813 1541/1712/1712 1538/315/301
f 684/344/330 689/1086/1048 1539/1710/1708
f 689/1086/1048 699/1090/1052 1540/1711/1709
f 699/1090/1710 698/1102/1064 1541/1712/1711
f 1541/1712/1712 698/1102/1064 686/1099/1061
f 703/215/201 1542/275/261 1544/1713/1713
f 706/1105/1081 1544/1716/1715 1545/1715/1714
f 713/1111/1076 1545/1715/1717 1543/272/258
f 1542/275/261 512/920/880 517/922/882
f 1544/1716/1715 517/931/1716 521/929/1716
f 1545/1715/1717 521/929/887 514/273/259
f 525/286/272 1546/287/273 1548/1717/1718
f 534/946/905 1548/1717/1718 1549/1718/1719
f 1549/1718/1719 1550/1719/1721 528/935/897
f 528/935/897 1550/1719/1721 1547/335/321
f 740/306/292 749/1144/1113 1548/1717/1718
f 749/1144/1113 743/1138/1107 1549/1718/1719
f 743/1138/1107 742/1135/1104 1550/1719/1721
f 1550/1719/1721 742/1135/1104 739/1137/1106
f 1551/289/275 1553/1722/1725 735/1134/1722
f 735/1134/1102 1553/1722/1726 1554/1720/1723
f 726/1120/1089 1554/1723/1728 1552/346/332
f 1551/289/275 486/894/855 492/896/857
f 1553/1722/1726 492/896/1727 488/900/1727
f 1554/1723/1728 488/889/852 485/347/333
f 1555/213/199 1557/1724/1731 618/1020/985
f 1557/1724/1729 1558/1726/1732 619/1021/986
f 619/1021/994 1558/1726/1734 1559/1725/1730
f 625/1027/991 1559/1725/1735 1556/237/223
f 459/862/818 464/864/820 1557/1724/1731
f 464/864/820 470/865/821 1558/1726/1732
f 470/865/1733 469/872/832 1559/1725/1730
f 1559/1725/1735 469/872/830 461/238/224
f 1560/266/252 1562/1727/1736 508/916/877
f 1562/1727/1736 1563/1728/1738 509/909/1737
f 1563/1728/1738 1564/1729/1739 502/904/868
f 1564/1729/1739 1561/301/287 497/905/869
f 667/317/303 676/1076/1040 1562/1727/1736
f 676/1076/1040 670/1070/1034 1563/1728/1738
f 670/1070/1034 669/1068/1032 1564/1729/1739
f 1564/1729/1739 669/1068/1032 666/228/214
f 1565/294/280 1567/1730/1743 546/956/914
f 1567/1730/1740 1568/1733/1745 542/1731/1741
f 1568/1732/1742 1566/202/188 538/950/908
f 758/308/294 767/1162/1129 1567/1730/1743
f 1567/1730/1740 767/1162/2217 761/1156/1744
f 1568/1732/1742 760/1155/1747 757/204/190
f 795/373/356 1569/372/355 1571/1734/1748
f 798/1735/1749 1571/1734/1748 1572/1736/1750
f 797/1737/1752 1572/1736/1757 1573/1738/1753
f 1573/1740/1753 1570/489/456 794/530/494
f 1569/372/355 779/363/346 781/1742/1755
f 1571/1734/1748 781/1742/1755 782/1743/1756
f 1572/1736/1757 782/1743/1795 783/1744/1758
f 783/1745/1758 780/383/365 1570/489/456
f 1574/409/389 1576/1747/1760 803/1746/1759
f 1576/1747/1760 1577/1749/1766 802/1748/1761
f 1577/1749/1762 1578/1754/1768 801/1750/1763
f 801/1751/1763 1578/1755/1768 1575/467/439
f 784/539/503 786/1752/1765 1576/1747/1760
f 786/1752/1765 787/1753/1834 1577/1749/1766
f 787/1753/1767 788/1824/1836 1578/1754/1768
f 1578/1755/1768 788/1825/1836 785/366/349
f 1579/479/448 1581/1757/1770 778/1756/1769
f 1581/1757/1770 1582/1759/1775 777/1758/1771
f 1582/1759/1772 1583/1763/1776 776/1760/1773
f 776/1760/1773 1583/1763/1776 1580/1761/338
f 795/373/356 798/1735/1749 1581/1757/1770
f 798/1735/1749 797/1737/1751 1582/1759/1775
f 797/1737/1752 796/1739/1754 1583/1763/1776
f 1583/1763/1776 796/1739/1754 794/1764/494
f 790/508/473 1584/374/357 1586/1765/1777
f 793/1766/1778 1586/1765/1777 1587/1767/1779
f 792/1768/1781 1587/1767/1784 1588/1769/1782
f 1588/1771/1782 1585/371/354 789/358/342
f 1584/374/357 800/356/341 803/1746/1759
f 1586/1765/1777 803/1746/1759 802/1748/1761
f 1587/1767/1784 802/1748/1764 801/1750/1763
f 801/1751/1763 799/369/352 1585/371/354
f 805/509/474 1589/503/469 1591/1773/1785
f 808/1774/1786 1591/1773/1785 1592/1775/1787
f 807/1776/1789 1592/1775/1792 1593/1777/1790
f 1593/1779/1790 1590/360/344 804/377/359
f 1589/503/469 790/508/473 793/1766/1778
f 1591/1773/1785 793/1766/1778 792/1768/1780
f 1592/1775/1792 792/1768/1781 791/1770/1783
f 791/1772/1783 789/358/342 1590/360/344
f 779/363/346 1594/362/345 1596/1781/1793
f 781/1742/1755 1596/1781/1793 1597/1782/1794
f 782/1743/1795 1597/1782/1799 1598/1783/1796
f 1598/1784/1796 1595/381/363 780/383/365
f 1594/362/345 809/392/373 811/1785/1797
f 1596/1781/1793 811/1785/1797 812/1786/1798
f 1597/1782/1799 812/1786/1803 813/1787/1800
f 813/1788/1800 810/380/362 1595/381/363
f 809/392/373 1599/401/381 1601/1789/1801
f 811/1785/1797 1601/1789/1801 1602/1790/1802
f 812/1786/1803 1602/1790/1807 1603/1791/1804
f 1603/1792/1804 1600/378/360 810/380/362
f 1599/401/381 819/400/380 821/1793/1805
f 1601/1789/1801 821/1793/1805 822/1794/1806
f 1602/1790/1807 822/1794/1825 823/1795/1808
f 823/1796/1808 820/390/372 1600/378/360
f 815/540/504 1604/533/497 1606/1797/1809
f 818/1798/1810 1606/1797/1809 1607/1799/1811
f 817/1800/1813 1607/1799/1816 1608/1801/1814
f 1608/1803/1814 1605/385/367 814/387/369
f 1604/533/497 805/509/474 808/1774/1786
f 1606/1797/1809 808/1774/1786 807/1776/1788
f 1607/1799/1816 807/1776/1789 806/1778/1791
f 806/1780/1791 804/377/359 1605/385/367
f 1609/520/484 1611/1806/1818 846/1805/1817
f 1611/1806/1818 1612/1808/1820 845/1807/1819
f 1612/1808/1820 1613/1812/1822 844/1809/1821
f 1613/1810/1822 1610/483/450 842/397/378
f 825/1179/1151 835/1178/1150 1611/1806/1818
f 835/1178/1150 828/1182/1154 1612/1808/1820
f 828/1182/1154 827/1173/1145 1613/1812/1822
f 827/1173/1145 824/1170/1142 1610/1813/450
f 819/400/380 1614/502/468 1616/1814/1823
f 821/1793/1805 1616/1814/1827 1617/1815/1824
f 822/1794/1825 1617/1815/1828 1618/1816/1826
f 823/1796/1808 1618/1817/1826 1615/388/370
f 1614/502/468 843/518/482 846/1805/1817
f 1616/1814/1827 846/1805/1817 845/1807/1819
f 1617/1815/1828 845/1807/1819 844/1809/1821
f 844/1811/1821 842/397/378 1615/388/370
f 825/1179/1151 1619/519/483 1621/1818/1829
f 833/1177/1149 1621/1818/1829 1622/1819/1830
f 834/1180/1161 1622/1819/1832 1623/1820/1831
f 839/1185/1157 1623/1821/1831 1620/394/375
f 1619/519/483 815/540/504 818/1798/1810
f 1621/1818/1829 818/1798/1810 817/1800/1812
f 1622/1819/1832 817/1800/1813 816/1802/1815
f 1623/1821/1831 816/1804/1815 814/387/369
f 1624/417/396 1626/1822/1833 786/1752/1765
f 1626/1822/1833 1627/1823/1838 787/1753/1834
f 1627/1823/1835 1628/1828/1840 788/1824/1836
f 788/1825/1836 1628/1829/1840 1625/512/476
f 852/478/447 854/1826/1837 1626/1822/1833
f 854/1826/1837 855/1827/1856 1627/1823/1838
f 855/1827/1839 856/1847/1858 1628/1828/1840
f 1628/1829/1840 856/1849/1858 853/406/386
f 1629/349/335 1631/1831/1842 851/1830/1841
f 1631/1831/1842 1632/1833/1847 850/1832/1843
f 1632/1833/1844 1633/1837/1848 849/1834/1845
f 849/1834/1845 1633/1837/1848 1630/1835/382
f 775/351/337 778/1756/1769 1631/1831/1842
f 778/1756/1769 777/1758/1771 1632/1833/1847
f 777/1758/1774 776/1760/1773 1633/1837/1848
f 1633/1837/1848 776/1760/1773 774/1762/347
f 864/1205/1181 1634/493/459 1636/1838/1849
f 875/1203/1179 1636/1838/1849 1637/1839/1850
f 876/1194/1168 1637/1839/1850 1638/1840/1851
f 866/1190/1164 1638/1840/1851 1635/468/440
f 1634/493/459 857/495/461 859/1841/1852
f 1636/1838/1849 859/1841/1852 860/1842/1853
f 1637/1839/1850 860/1842/1853 861/1843/1854
f 1638/1840/1851 861/1843/1854 858/1844/392
f 1639/494/460 1641/1845/1855 854/1826/1837
f 1641/1845/1855 1642/1846/1860 855/1827/1856
f 1642/1846/1857 1643/1850/1859 856/1847/1858
f 1643/1848/1859 1640/414/394 853/406/386
f 864/1205/1181 877/1204/1180 1641/1845/1855
f 877/1204/1180 871/1207/1183 1642/1846/1860
f 871/1207/1861 870/1199/1173 1643/1850/1859
f 870/1851/1173 863/1196/1170 1640/414/394
f 1644/496/462 1646/1852/1862 859/1841/1852
f 1646/1852/1862 1647/1853/1864 860/1842/1853
f 1647/1853/1863 1648/1855/1865 861/1843/1854
f 861/1843/1854 1648/1855/1865 1645/1854/390
f 848/527/491 851/1830/1841 1646/1852/1862
f 851/1830/1841 850/1832/1843 1647/1853/1864
f 850/1832/1846 849/1834/1845 1648/1855/1865
f 849/1834/1845 847/1836/384 1645/1854/390
f 1649/492/458 1651/1857/1867 904/1856/1866
f 1652/1859/1869 1653/1861/1871 902/1860/1870
f 1653/1861/1871 1650/537/501 900/538/502
f 885/439/415 887/1862/1872 1651/1857/1867
f 887/1862/1872 888/1863/1873 1652/1859/1869
f 888/1863/1873 889/1864/1874 1653/1861/1871
f 889/1864/1874 886/536/500 1650/537/501
f 906/433/409 1654/432/408 1656/1865/1875
f 909/1866/1876 1656/1865/1875 1657/1867/1877
f 908/1868/1878 1657/1867/1877 1658/1869/1879
f 907/1870/1880 1658/1869/1879 1655/473/443
f 1654/432/408 890/436/412 892/1871/1881
f 1656/1865/1875 892/1871/1881 893/1872/1882
f 1657/1867/1877 893/1872/1882 894/1873/1883
f 1658/1869/1879 894/1873/1883 891/474/444
f 882/1879/1889 1663/1878/1888 1660/490/457
f 1659/420/398 901/419/397 904/1856/1866
f 1661/1874/1884 904/1856/1866 903/1858/1868
f 1663/1878/1888 902/1860/1870 900/538/502
f 1664/434/410 1666/1881/1891 899/1880/1890
f 1666/1881/1891 1667/1883/1893 898/1882/1892
f 1667/1883/1893 1668/1885/1895 897/1884/1894
f 1668/1885/1895 1665/511/475 895/531/495
f 906/433/409 909/1866/1876 1666/1881/1891
f 909/1866/1876 908/1868/1878 1667/1883/1893
f 907/1870/1880 905/476/446 1665/511/475
f 1669/425/402 1671/1887/1897 914/1886/1896
f 1671/1887/1897 1672/1889/1899 913/1888/1898
f 1672/1889/1899 1673/1891/1901 912/1890/1900
f 1673/1891/1901 1670/442/418 910/426/403
f 896/475/445 899/1880/1890 1671/1887/1897
f 899/1880/1890 898/1882/1892 1672/1889/1899
f 898/1882/1892 897/1884/1894 1673/1891/1901
f 897/1884/1894 895/531/495 1670/442/418
f 1674/440/416 1676/1892/1902 887/1862/1872
f 1676/1892/1902 1677/1893/1903 888/1863/1873
f 1678/1894/1904 1675/422/400 886/536/500
f 915/445/420 917/1895/1905 1676/1892/1902
f 917/1895/1905 918/1896/1906 1677/1893/1903
f 919/1897/1907 916/488/455 1675/422/400
f 1679/446/421 1681/1898/1908 917/1895/1905
f 1682/1899/1909 1683/1900/1910 919/1897/1907
f 1683/1900/1910 1680/532/496 916/488/455
f 925/450/425 927/1901/1911 1681/1898/1908
f 927/1901/1911 928/1902/1912 1682/1899/1909
f 929/1903/1913 926/529/493 1680/532/496
f 1684/441/417 1686/1905/1915 924/1904/1914
f 1686/1905/1915 1687/1907/1917 923/1906/1916
f 1688/1909/1919 1685/428/404 920/449/424
f 911/505/470 914/1886/1896 1686/1905/1915
f 914/1886/1896 913/1888/1898 1687/1907/1917
f 913/1888/1898 912/1890/1900 1688/1909/1919
f 912/1890/1900 910/426/403 1685/428/404
f 948/535/499 1689/487/454 1691/1910/1920
f 951/1911/1921 1691/1910/1920 1692/1912/1922
f 950/1913/1923 1692/1912/1922 1693/1914/1924
f 1689/487/454 930/486/453 934/1209/1186
f 1691/1910/1920 934/1209/1186 943/1213/1190
f 1692/1912/1922 943/1213/1190 942/1219/1198
f 1693/1914/1924 942/1219/1198 932/523/487
f 1694/452/427 1696/1916/1926 927/1901/1911
f 1696/1916/1926 1697/1917/1927 928/1902/1912
f 1697/1917/1927 1698/1918/1928 929/1903/1913
f 1698/1918/1928 1695/506/471 926/529/493
f 948/535/499 951/1911/1921 1696/1916/1926
f 951/1911/1921 950/1913/1923 1697/1917/1927
f 950/1913/1923 949/1915/1925 1698/1918/1928
f 949/1915/1925 947/524/488 1695/506/471
f 1699/447/422 1701/1919/1929 938/1217/1194
f 1701/1919/1929 1702/1920/1930 939/1222/1201
f 1703/1921/1931 1700/521/485 932/523/487
f 921/534/498 924/1904/1914 1701/1919/1929
f 924/1904/1914 923/1906/1916 1702/1920/1930
f 923/1906/1916 922/1908/1918 1703/1921/1931
f 922/1908/1918 920/449/424 1700/521/485
f 890/436/412 1704/457/430 1706/1922/1932
f 892/1871/1881 1706/1922/1932 1707/1923/1933
f 893/1872/1882 1707/1923/1933 1708/1924/1934
f 894/1873/1883 1708/1924/1934 1705/516/480
f 1704/457/430 957/458/431 959/1925/1935
f 1707/1923/1933 960/1926/1936 961/1927/1937
f 1708/1924/1934 961/1927/1937 958/480/449
f 953/459/432 1709/430/406 1711/1928/1938
f 956/1929/1939 1711/1928/1938 1712/1930/1940
f 955/1931/1941 1712/1930/1940 1713/1932/1942
f 954/1933/1943 1713/1932/1942 1710/463/435
f 1711/1928/1938 884/1875/1885 883/1877/1887
f 1712/1930/1940 883/1877/1887 882/1879/1889
f 1713/1932/1942 882/1879/1889 880/454/429
f 1714/472/442 1716/1934/1944 970/1225/1205
f 1716/1934/1944 1717/1939/1945 971/1935/1214
f 1717/1936/1945 1718/1937/1946 978/1230/1210
f 1718/1937/1946 1715/500/466 968/1231/1211
f 962/471/438 964/1938/1947 1716/1934/1944
f 964/1938/1947 965/2204/1948 1717/1939/1945
f 965/1940/1948 966/1941/1949 1718/1937/1946
f 966/1941/1949 963/497/463 1715/500/466
f 957/458/431 1719/464/436 1721/1942/1950
f 960/1926/1936 1722/1943/1951 1723/1944/1952
f 961/1927/1937 1723/1944/1952 1720/499/465
f 1719/464/436 969/465/437 981/1238/1218
f 1721/1942/1950 981/1238/1218 977/1232/1212
f 1722/1943/1951 977/1232/1212 976/1229/1209
f 962/466/438 1724/460/433 1726/1945/1953
f 964/1946/1947 1726/1945/1953 1727/1947/1954
f 966/1941/1949 1728/1948/1955 1725/498/464
f 1724/460/433 953/459/432 956/1929/1939
f 1727/1947/1954 955/1931/1941 954/1933/1943
f 1728/1948/1955 954/1933/1943 952/462/434
f 969/465/437 1729/415/395 1731/1949/1956
f 972/1224/1204 1731/1952/1960 1730/525/489
f 1729/415/395 863/1196/1170 872/1198/1957
f 1731/1952/1960 865/2196/1165 862/526/490
f 1732/395/376 1734/1957/1965 838/1953/1961
f 1734/1956/1964 1733/1959/451 824/1170/1142
f 931/453/428 933/1216/1193 1734/1957/1965
f 933/1958/1187 930/2205/453 1733/1959/451
f 1005/562/523 1735/561/522 1737/1960/1966
f 1008/1961/1967 1737/1960/1966 1738/1962/1968
f 1007/1963/1970 1738/1962/1975 1739/1964/1971
f 1739/1966/1971 1736/676/626 1004/714/662
f 1735/561/522 989/552/513 991/1968/1973
f 1737/1960/1966 991/1968/1973 992/1969/1974
f 1738/1962/1975 992/1969/2013 993/1970/1976
f 993/1971/1976 990/572/532 1736/676/626
f 1740/598/557 1742/1978/1978 1013/1972/1977
f 1742/1973/1978 1743/1976/1984 1012/1974/1979
f 1743/1976/1980 1744/1981/1986 1011/1977/1981
f 1011/1977/1981 1744/1981/1986 1741/656/609
f 994/725/673 996/2041/1983 1742/1978/1978
f 996/1979/1983 997/1980/2049 1743/1976/1984
f 997/1980/1985 998/2044/2051 1744/1981/1986
f 1744/1981/1986 998/2044/2051 995/555/516
f 1745/666/618 1747/1983/1988 988/1982/1987
f 1747/1983/1988 1748/1985/1993 987/1984/1989
f 1748/1985/1990 1749/1988/1994 986/1986/1991
f 986/1987/1991 1749/1989/1994 1746/541/505
f 1005/562/523 1008/1961/1967 1747/1983/1988
f 1008/1961/1967 1007/1963/1969 1748/1985/1993
f 1007/1963/1970 1006/1965/1972 1749/1988/1994
f 1749/1989/1994 1006/1967/1972 1004/714/662
f 1000/695/644 1750/563/524 1752/1990/1995
f 1003/1992/1996 1752/1997/1995 1753/1993/1997
f 1002/1994/1999 1753/1993/2002 1754/1995/2000
f 1754/1995/2000 1751/560/521 999/547/509
f 1750/563/524 1010/545/508 1013/1972/1977
f 1752/1997/1995 1013/1975/1977 1012/1974/1979
f 1753/1993/2002 1012/1974/1982 1011/1977/1981
f 1011/1977/1981 1009/558/519 1751/560/521
f 1015/696/645 1755/690/639 1757/1998/2003
f 1018/2000/2004 1757/2005/2003 1758/2001/2005
f 1017/2002/2007 1758/2001/2010 1759/2003/2008
f 1759/2003/2008 1756/549/511 1014/566/526
f 1755/690/639 1000/695/644 1003/1991/1996
f 1757/2005/2003 1003/1992/1996 1002/1994/1998
f 1758/2001/2010 1002/1994/1999 1001/1996/2001
f 1001/1996/2001 999/547/509 1756/549/511
f 989/552/513 1760/551/512 1762/2006/2011
f 991/1968/1973 1762/2006/2011 1763/2007/2012
f 992/1969/2013 1763/2007/2017 1764/2008/2014
f 1764/2009/2014 1761/570/530 990/572/532
f 1760/551/512 1019/581/540 1021/2010/2015
f 1762/2006/2011 1021/2010/2015 1022/2011/2016
f 1763/2007/2017 1022/2011/2021 1023/2012/2018
f 1023/2013/2018 1020/569/529 1761/570/530
f 1019/581/540 1765/590/549 1767/2014/2019
f 1021/2010/2015 1767/2014/2019 1768/2015/2020
f 1022/2011/2021 1768/2015/2025 1769/2016/2022
f 1769/2017/2022 1766/567/527 1020/569/529
f 1765/590/549 1029/589/548 1031/2018/2023
f 1767/2014/2019 1031/2018/2023 1032/2019/2024
f 1768/2015/2025 1032/2019/2041 1033/2020/2026
f 1033/2021/2026 1030/579/539 1766/567/527
f 1025/726/674 1770/719/667 1772/2022/2027
f 1028/2024/2028 1772/2029/2027 1773/2025/2029
f 1027/2026/2031 1773/2025/2034 1774/2027/2032
f 1026/2028/2033 1774/2027/2032 1771/574/534
f 1770/719/667 1015/696/645 1018/1999/2004
f 1772/2029/2027 1018/2000/2004 1017/2002/2006
f 1773/2025/2034 1017/2002/2007 1016/2004/2009
f 1016/2004/2009 1014/566/526 1771/574/534
f 1775/704/652 1777/2030/2035 1064/1280/1256
f 1777/2030/2035 1778/2031/2037 1065/1268/2036
f 1778/2031/2037 1779/2032/2038 1056/1265/1243
f 1779/2032/2038 1776/670/620 1051/718/666
f 1035/1251/1231 1044/1250/1230 1777/2030/2035
f 1044/1250/1230 1038/1256/1234 1778/2031/2037
f 1038/1256/1234 1037/1245/1225 1779/2032/2038
f 1037/1245/1225 1034/1242/1222 1776/670/620
f 1029/589/548 1780/689/638 1782/2033/2039
f 1031/2018/2023 1782/2033/2043 1783/2034/2040
f 1032/2019/2041 1783/2034/2044 1784/2035/2042
f 1033/2021/2026 1784/2036/2042 1781/577/537
f 1780/689/638 1053/702/650 1066/1279/1255
f 1782/2033/2043 1066/1279/1255 1060/1274/1259
f 1783/2034/2044 1060/1274/1251 1059/1271/1249
f 1784/2036/2042 1059/2206/1249 1052/586/545
f 1035/1251/1231 1785/703/651 1787/2037/2045
f 1042/1254/1229 1787/2040/2045 1788/2038/2046
f 1043/1252/1232 1788/2038/2046 1789/2039/2047
f 1048/1259/1237 1789/2039/2047 1786/583/542
f 1785/703/651 1025/726/674 1028/2023/2028
f 1787/2040/2045 1028/2024/2028 1027/2026/2030
f 1788/2038/2046 1027/2026/2031 1026/2028/2033
f 1789/2039/2047 1026/2028/2033 1024/576/536
f 1790/606/564 1792/2045/2048 996/2041/1983
f 1792/2042/2048 1793/2043/2053 997/1980/2049
f 1793/2043/2050 1794/2048/2055 998/2044/2051
f 998/2044/2051 1794/2048/2055 1791/699/647
f 1074/665/617 1076/2065/2052 1792/2045/2048
f 1076/2046/2052 1077/2047/2071 1793/2043/2053
f 1077/2047/2054 1078/2068/2073 1794/2048/2055
f 1794/2048/2055 1078/2068/2073 1075/595/554
f 1795/513/477 1797/2050/2057 1073/2049/2056
f 1797/2050/2057 1798/2052/2062 1072/2051/2058
f 1798/2052/2059 1799/2055/2063 1071/2053/2060
f 1071/2054/2060 1799/2056/2063 1796/591/550
f 985/515/479 988/1982/1987 1797/2050/2057
f 988/1982/1987 987/1984/1989 1798/2052/2062
f 987/1984/1992 986/1986/1991 1799/2055/2063
f 1799/2056/2063 986/1987/1991 984/553/514
f 1086/1299/1279 1800/680/629 1802/2057/2064
f 1097/1297/1277 1802/2057/2064 1803/2058/2065
f 1098/1287/1266 1803/2058/2065 1804/2059/2066
f 1088/1283/1262 1804/2059/2066 1801/2060/610
f 1800/680/629 1079/682/631 1081/2061/2067
f 1802/2057/2064 1081/2061/2067 1082/2062/2068
f 1803/2058/2065 1082/2062/2068 1083/2063/2069
f 1804/2064/2066 1083/2075/2069 1080/601/560
f 1805/681/630 1807/2070/2070 1076/2065/2052
f 1807/2066/2070 1808/2067/2075 1077/2047/2071
f 1808/2067/2072 1809/2069/2074 1078/2068/2073
f 1809/2069/2074 1806/603/562 1075/595/554
f 1086/1299/1279 1099/1298/1278 1807/2070/2070
f 1099/2071/1278 1093/2072/1281 1808/2067/2075
f 1093/2072/2076 1092/1292/1271 1809/2069/2074
f 1092/1292/1271 1085/1289/1268 1806/603/562
f 1810/683/632 1812/2073/2077 1081/2061/2067
f 1812/2073/2077 1813/2077/2079 1082/2062/2068
f 1813/2074/2078 1814/2079/2080 1083/2075/2069
f 1083/2075/2069 1814/2079/2080 1811/599/558
f 1070/711/659 1073/2049/2056 1812/2073/2077
f 1073/2049/2056 1072/2051/2058 1813/2077/2079
f 1072/2078/2061 1071/2054/2060 1814/2079/2080
f 1071/2054/2060 1069/593/552 1811/599/558
f 1815/679/628 1817/2081/2082 1126/2080/2081
f 1817/2081/2082 1818/2083/2084 1125/2082/2083
f 1818/2083/2084 1819/2085/2086 1124/2084/2085
f 1819/2085/2086 1816/723/671 1122/724/672
f 1107/628/584 1109/2086/2087 1817/2081/2082
f 1109/2086/2087 1110/2087/2088 1818/2083/2084
f 1110/2087/2088 1111/2088/2089 1819/2085/2086
f 1111/2088/2089 1108/722/670 1816/723/671
f 1128/622/578 1820/621/577 1822/2089/2090
f 1131/2090/2091 1822/2089/2090 1823/2091/2092
f 1130/2092/2093 1823/2091/2092 1824/2093/2094
f 1129/2094/2095 1824/2093/2094 1821/660/613
f 1820/621/577 1112/625/581 1114/2095/2096
f 1822/2089/2090 1114/2095/2096 1115/2096/2097
f 1823/2091/2092 1115/2096/2097 1116/2097/2098
f 1824/2093/2094 1116/2097/2098 1113/661/614
f 1103/618/574 1825/609/566 1827/2098/2099
f 1106/2099/2100 1827/2098/2099 1828/2100/2101
f 1105/2101/2102 1828/2100/2101 1829/2102/2103
f 1104/2103/2104 1829/2102/2103 1826/677/627
f 1825/609/566 1123/608/565 1126/2080/2081
f 1827/2098/2099 1126/2080/2081 1125/2082/2083
f 1828/2100/2101 1125/2082/2083 1124/2084/2085
f 1829/2102/2103 1124/2084/2085 1122/724/672
f 1830/623/579 1832/2105/2106 1121/2104/2105
f 1833/2107/2108 1834/2109/2110 1119/2108/2109
f 1834/2109/2110 1831/698/646 1117/715/663
f 1128/622/578 1131/2090/2091 1832/2105/2106
f 1131/2090/2091 1130/2092/2093 1833/2107/2108
f 1130/2092/2093 1129/2094/2095 1834/2109/2110
f 1129/2094/2095 1127/663/616 1831/698/646
f 1835/614/570 1837/2111/2112 1136/2110/2111
f 1838/2113/2114 1839/2115/2116 1134/2114/2115
f 1839/2115/2116 1836/631/587 1132/615/571
f 1118/662/615 1121/2104/2105 1837/2111/2112
f 1121/2104/2105 1120/2106/2107 1838/2113/2114
f 1120/2106/2107 1119/2108/2109 1839/2115/2116
f 1119/2108/2109 1117/715/663 1836/631/587
f 1840/629/585 1842/2116/2117 1109/2086/2087
f 1842/2116/2117 1843/2117/2118 1110/2087/2088
f 1843/2117/2118 1844/2118/2119 1111/2088/2089
f 1844/2118/2119 1841/611/568 1108/722/670
f 1137/634/590 1139/2119/2120 1842/2116/2117
f 1139/2119/2120 1140/2120/2121 1843/2117/2118
f 1140/2120/2121 1141/2121/2122 1844/2118/2119
f 1845/635/591 1847/2122/2123 1139/2119/2120
f 1847/2122/2123 1848/2123/2124 1140/2120/2121
f 1848/2123/2124 1849/2124/2125 1141/2121/2122
f 1849/2124/2125 1846/716/664 1138/675/625
f 1147/639/595 1149/2125/2126 1847/2122/2123
f 1149/2125/2126 1150/2126/2127 1848/2123/2124
f 1150/2126/2127 1151/2127/2128 1849/2124/2125
f 1151/2127/2128 1148/713/661 1846/716/664
f 1850/630/586 1852/2129/2130 1146/2128/2129
f 1853/2131/2132 1854/2133/2134 1144/2132/2133
f 1854/2133/2134 1851/617/573 1142/638/594
f 1133/692/641 1136/2110/2111 1852/2129/2130
f 1136/2110/2111 1135/2112/2113 1853/2131/2132
f 1135/2112/2113 1134/2114/2115 1854/2133/2134
f 1134/2114/2115 1132/615/571 1851/617/573
f 1169/721/669 1855/674/624 1857/2134/2135
f 1172/1325/1302 1857/2134/2135 1858/2135/2136
f 1173/1327/1304 1858/2135/2136 1859/2136/2137
f 1180/1333/1310 1859/2137/2137 1856/706/654
f 1855/674/624 1152/673/623 1156/1304/1284
f 1857/2134/2135 1156/1304/1284 1165/1308/1288
f 1858/2135/2136 1165/1308/1288 1164/1321/1297
f 1859/2137/2137 1164/1318/1297 1154/707/655
f 1860/641/597 1862/2138/2138 1149/2125/2126
f 1862/2138/2138 1863/2139/2139 1150/2126/2127
f 1863/2139/2139 1864/2140/2140 1151/2127/2128
f 1864/2140/2140 1861/693/642 1148/713/661
f 1171/2141/1316 1185/1345/1315 1862/2138/2138
f 1185/1345/1315 1179/1344/1318 1863/2139/2139
f 1179/1344/1318 1178/1332/1309 1864/2140/2140
f 1178/1332/1309 1170/708/656 1861/693/642
f 1865/636/592 1867/2142/2141 1160/1312/1292
f 1867/2142/2141 1868/2143/2142 1161/1323/1300
f 1868/2143/2142 1869/2144/2143 1166/1319/1298
f 1869/2144/2143 1866/705/653 1154/707/655
f 1143/720/668 1146/2128/2129 1867/2142/2141
f 1146/2128/2129 1145/2130/2131 1868/2143/2142
f 1144/2132/2133 1142/638/594 1866/705/653
f 1112/625/581 1870/646/600 1872/2145/2144
f 1115/2096/2097 1873/2146/2145 1874/2147/2146
f 1870/646/600 1193/647/601 1195/2148/2147
f 1872/2145/2144 1195/2148/2147 1196/2149/2148
f 1873/2146/2145 1196/2149/2148 1197/2150/2149
f 1874/2147/2146 1197/2150/2149 1194/667/619
f 1189/648/602 1875/619/575 1877/2151/2150
f 1192/2152/2151 1877/2151/2150 1878/2153/2152
f 1190/2156/2155 1879/2155/2154 1876/652/605
f 1875/619/575 1103/618/574 1106/2099/2100
f 1879/2155/2154 1104/2103/2104 1102/643/599
f 1880/659/612 1882/2157/2156 1206/1349/1321
f 1882/2157/2156 1883/2158/2157 1207/1358/1331
f 1883/2158/2157 1884/2159/2158 1213/1354/1327
f 1884/2159/2158 1881/687/636 1204/1355/1328
f 1198/655/608 1200/2160/2159 1882/2157/2156
f 1201/2161/2160 1202/2162/2161 1884/2159/2158
f 1202/2162/2161 1199/684/633 1881/687/636
f 1196/2149/2148 1888/2164/2163 1889/2165/2164
f 1197/2150/2149 1889/2165/2164 1886/686/635
f 1887/2163/2162 1217/1361/1335 1212/1356/1329
f 1888/2164/2163 1212/1356/1329 1211/1353/1326
f 1889/2165/2164 1211/1353/1326 1204/1355/1328
f 1198/655/608 1890/649/603 1892/2166/2165
f 1200/2160/2159 1892/2166/2165 1893/2167/2166
f 1201/2161/2160 1893/2167/2166 1894/2168/2167
f 1202/2162/2161 1894/2168/2167 1891/685/634
f 1892/2166/2165 1192/2152/2151 1191/2154/2153
f 1894/2168/2167 1190/2156/2155 1188/651/604
f 1205/654/607 1895/604/563 1897/2169/2168
f 1216/2171/1320 1897/2174/2173 1896/2172/657
f 1895/604/563 1085/1289/1268 1094/1291/2169
f 1897/2174/2173 1087/2198/1263 1084/1281/658
f 1898/584/543 1900/2176/2179 1047/2175/2174
f 1901/2178/2178 1899/671/621 1034/1242/1222
f 1153/642/598 1155/1311/1291 1900/2176/2179
f 1155/2180/1285 1152/673/623 1899/671/621
f 1171/1341/1316 1902/2184/596 1904/2181/2181
f 1183/1339/1314 1904/2181/2181 1905/2182/2182
f 1184/1329/1306 1905/2182/2182 1906/2183/2183
f 1174/1326/1303 1906/2183/2183 1903/717/665
f 1902/2184/596 1052/1273/545 1061/1272/1250
f 1904/2181/2181 1061/1272/1250 1055/1266/1244
f 1905/2182/2182 1055/1266/1244 1054/1264/1242
f 1906/2183/2183 1054/1264/1242 1051/718/666
f 481/885/850 1907/883/843 479/882/842
