# Blender 5.2.2 LTS
# www.blender.org
o Holocron_Esquina_06
v 5.000252 -2.990113 3.784635
v 4.993244 -4.118575 2.534785
v 4.998653 -3.425533 3.400638
v 4.996223 -3.807853 2.972132
v 4.989162 -4.393334 2.020460
v 5.002934 -2.438110 4.151349
v 5.111870 -2.985646 3.779427
v 5.104858 -4.114108 2.529577
v 5.110268 -3.421066 3.395430
v 5.107838 -3.803385 2.966924
v 5.100777 -4.388868 2.015251
v 5.114552 -2.433643 4.146141
v 5.058044 -2.221028 4.024545
v 5.053432 -2.842286 3.629371
v 5.051838 -3.277938 3.245620
v 5.058689 -3.133474 3.934692
v 5.059437 -2.650726 4.272946
v 5.048054 -4.512996 2.223271
v 5.051682 -4.262004 2.684912
v 5.057087 -3.568659 3.550448
v 5.046421 -3.970679 2.379450
v 5.041882 -4.269207 1.812439
v 5.049400 -3.660032 2.816877
v 5.043716 -4.729160 1.717567
v 5.054657 -3.951205 3.122180
v 5.182251 -4.924041 0.393683
v 5.166840 -4.995483 4.774120
v 5.144218 -0.597365 4.858949
v 4.929234 -5.002620 5.018836
v 0.519604 -5.028757 5.069393
v 4.906570 -0.595904 5.108019
v 4.928509 -5.236502 4.775132
v 4.913136 -5.178842 0.374064
v 0.510948 -5.264773 4.824841
v 3.907825 -5.061958 2.723204
v 2.717815 -5.104548 3.913860
v 3.546791 -5.077636 3.177577
v 3.138565 -5.092105 3.581228
v 2.218330 -5.116515 4.214546
v 4.243893 -5.043037 2.154160
v 3.904373 -5.173519 2.716339
v 2.714359 -5.216108 3.906996
v 3.543339 -5.189198 3.170712
v 3.135113 -5.203667 3.574363
v 2.214874 -5.228076 4.207679
v 4.240440 -5.154598 2.147295
v 4.108780 -5.093496 1.943332
v 3.746120 -5.114652 2.582268
v 3.385345 -5.130338 3.036862
v 4.066078 -5.120828 2.857276
v 4.375549 -5.104139 2.358124
v 2.428043 -5.174298 4.322250
v 2.876141 -5.163416 4.047997
v 3.704784 -5.136500 3.311429
v 4.662010 -5.085457 1.786849
v 2.556038 -5.157238 3.772859
v 2.005157 -5.170294 4.099974
v 2.976871 -5.144798 3.440299
v 1.934143 -5.184498 4.563995
v 3.296806 -5.150974 3.715293
v 2.833714 -4.029459 4.961710
v 4.015377 -2.829800 4.951823
v 3.285137 -3.664427 4.965577
v 3.685715 -3.252950 4.961833
v 4.315022 -2.321544 4.942852
v 2.267754 -4.370916 4.947341
v 2.821835 -4.016275 5.072118
v 4.003498 -2.816617 5.062232
v 3.273258 -3.651248 5.075985
v 3.673836 -3.239765 5.072241
v 4.303143 -2.308359 5.053261
v 2.255875 -4.357735 5.057750
v 2.054211 -4.233768 4.976311
v 2.689758 -3.865005 4.993649
v 3.141407 -3.500229 4.997553
v 2.965790 -4.180728 5.040180
v 2.469418 -4.494885 5.028780
v 4.428204 -2.531413 5.013747
v 4.147514 -2.981145 5.030303
v 3.416992 -3.815446 5.044010
v 1.900978 -4.786928 5.010175
v 3.871357 -2.665274 4.983753
v 4.189957 -2.098492 4.982363
v 3.541771 -3.088503 4.993772
v 3.817783 -3.404209 5.040301
v 4.997520 -3.624878 3.189392
v 4.999561 -3.213104 3.599561
v 4.994801 -3.971953 2.754513
v 4.991470 -4.253142 2.302580
v 4.986076 -4.554243 1.659426
v 5.000969 -2.748432 3.960459
v 5.007133 -2.019559 4.377988
v 5.109138 -3.620411 3.184183
v 5.111179 -3.208637 3.594353
v 5.106415 -3.967488 2.749305
v 5.103085 -4.248675 2.297372
v 5.097691 -4.549778 1.654218
v 5.112587 -2.743967 3.955251
v 5.118748 -2.015091 4.372780
v 5.054390 -2.591890 3.808691
v 5.052746 -3.065422 3.444450
v 5.059166 -2.900510 4.107019
v 5.049965 -4.393600 2.459293
v 5.057999 -3.356320 3.749465
v 5.068489 -1.534247 4.624181
v 5.044590 -4.108217 2.140660
v 5.050705 -3.477199 3.034285
v 5.066357 -1.655471 4.311833
v 5.038342 -4.726102 1.248728
v 5.059525 -2.379177 4.438935
v 5.045940 -4.623399 1.974193
v 5.047977 -3.824068 2.599188
v 5.037827 -4.480621 1.339451
v 5.055958 -3.768089 3.339290
v 5.053238 -4.115374 2.904630
v 4.665096 -5.157088 2.690403
v 2.845825 -2.931191 5.034876
v 5.107140 -2.917031 4.570353
v 3.444427 -3.518385 3.367720
v 5.174545 -4.959763 2.583901
v 5.155529 -2.796424 4.816532
v 5.163235 -2.760703 2.626314
v 2.724419 -5.015688 5.044114
v 4.917900 -2.799263 5.063429
v 2.713085 -2.812331 5.088705
v 4.920822 -5.207674 2.574600
v 2.719730 -5.250639 4.799986
v 2.712044 -5.221808 2.599453
v 3.447098 -5.122900 3.325070
v 5.048195 -3.504373 3.337284
v 3.456356 -3.541540 4.966547
v 5.101593 -2.880327 2.736578
v 2.854023 -4.774532 4.999241
v 2.849010 -5.197559 4.560030
v 5.109745 -4.715036 2.703202
v 4.679096 -2.921584 5.013758
v 2.828018 -5.168838 2.711077
v 3.346104 -5.085087 3.387419
v 3.734497 -5.069902 2.955308
v 2.929695 -5.098574 3.756215
v 2.492851 -5.110261 4.060113
v 1.866062 -5.123963 4.393707
v 4.070740 -5.053547 2.473023
v 4.445049 -5.029131 1.726447
v 3.342651 -5.196650 3.380554
v 3.731041 -5.181462 2.948442
v 2.926239 -5.210135 3.749350
v 2.489399 -5.221824 4.053248
v 1.862610 -5.235527 4.386840
v 4.067287 -5.165108 2.466157
v 4.441597 -5.140692 1.719582
v 3.912296 -5.105960 2.323294
v 3.572952 -5.122597 2.814508
v 4.225731 -5.112696 2.615886
v 2.657600 -5.168996 4.190943
v 3.892586 -5.128765 3.089242
v 4.662010 -5.068973 1.230366
v 2.324650 -5.163089 3.922415
v 3.184563 -5.137784 3.246624
v 4.366623 -5.074846 1.367257
v 1.465748 -5.187929 4.585013
v 4.520020 -5.094977 2.078773
v 2.184982 -5.179439 4.445244
v 2.767925 -5.151264 3.615224
v 1.543686 -5.180052 4.335302
v 3.504189 -5.143952 3.521350
v 3.088009 -5.157444 3.890342
v 3.493443 -3.462010 4.964576
v 3.064369 -3.854050 4.964596
v 3.859203 -3.042775 4.957590
v 4.160397 -2.603045 4.945374
v 4.496750 -1.953528 4.948087
v 2.584965 -4.194692 4.956639
v 1.842094 -4.576302 4.932318
v 3.481564 -3.448827 5.074984
v 3.052490 -3.840868 5.075003
v 3.847324 -3.029590 5.067998
v 4.148518 -2.589861 5.055783
v 4.484871 -1.940343 5.058495
v 2.573086 -4.181509 5.067046
v 1.830215 -4.563117 5.042729
v 2.432259 -4.033589 4.988196
v 2.920551 -3.689756 4.996560
v 2.725796 -4.342612 5.035488
v 4.290165 -2.761704 5.022906
v 3.196304 -4.005165 5.043042
v 1.345802 -4.793308 4.969155
v 4.018745 -2.431199 4.978251
v 3.349632 -3.297721 4.996540
v 1.480831 -4.497349 4.955004
v 4.689537 -1.527321 5.013263
v 2.191475 -4.642067 5.020043
v 4.569653 -2.287762 5.002867
v 3.715195 -2.878258 4.989520
v 4.411964 -1.606109 5.003713
v 3.625374 -3.613118 5.043023
v 3.991333 -3.194109 5.036068
v 5.140793 -0.119627 5.111061
v 5.141911 -0.121227 5.110418
v 5.139164 -0.118908 5.111933
v 5.140041 -0.119631 5.110319
v 5.129261 -0.024688 5.114498
v 5.130543 -0.026753 5.110916
v 5.134010 -0.024170 5.110172
v 5.128777 -0.025591 5.114193
v 5.128853 -0.026301 5.113405
v 5.131084 -0.024582 5.114159
v 5.130875 -0.026392 5.113705
v 5.130856 -0.027557 5.113060
v 5.131870 -0.026732 5.109979
v 5.132999 -0.026232 5.109510
v 5.129471 -0.026706 5.112253
v 5.131268 -0.027416 5.111723
v 5.132633 -0.027525 5.111393
v 5.133652 -0.024301 5.111820
v 5.132626 -0.024445 5.113220
v 5.133751 -0.025334 5.109577
v 5.133247 -0.026260 5.111507
v 5.132465 -0.026756 5.112974
v 5.007000 -3.151594 3.953936
v 5.003139 -3.149928 3.952208
v 5.005539 -3.151877 3.954240
v 5.004292 -3.151660 3.954017
v 5.003448 -3.150976 3.953304
v 4.999107 -3.967638 3.139672
v 5.002983 -3.969321 3.141418
v 4.999420 -3.968692 3.140776
v 5.000267 -3.969383 3.141496
v 5.001518 -3.969603 3.141721
v 4.997368 -2.830318 3.617086
v 5.001301 -2.828361 3.615016
v 4.997650 -2.829243 3.615957
v 4.998497 -2.828493 3.615168
v 4.999779 -2.828184 3.614837
v 4.997272 -3.646112 2.802523
v 4.993340 -3.648071 2.804598
v 4.995750 -3.645933 2.802343
v 4.994469 -3.646244 2.802675
v 4.993622 -3.646994 2.803466
v 5.005402 -3.586777 3.569690
v 5.001534 -3.585113 3.567962
v 5.003941 -3.587059 3.569993
v 5.002689 -3.586842 3.569772
v 5.001846 -3.586158 3.569058
v 4.999706 -3.264017 3.231265
v 4.995773 -3.265965 3.233326
v 4.998184 -3.263839 3.231085
v 4.996902 -3.264146 3.231413
v 4.996056 -3.264892 3.232201
v 4.994301 -3.956758 2.365097
v 4.990356 -3.958750 2.367205
v 4.992775 -3.956584 2.364920
v 4.991489 -3.956898 2.365259
v 4.990643 -3.957659 2.366061
v 4.996128 -4.278398 2.702365
v 5.000023 -4.280111 2.704145
v 4.996445 -4.279466 2.703484
v 4.997292 -4.280165 2.704215
v 4.998550 -4.280393 2.704447
v 4.989765 -4.255288 1.798088
v 4.985828 -4.256840 1.801196
v 4.988239 -4.255078 1.797987
v 4.986954 -4.255300 1.798542
v 4.986107 -4.255918 1.799669
v 4.992496 -4.529832 2.239726
v 4.996422 -4.531098 2.242495
v 4.992813 -4.530732 2.241227
v 4.993671 -4.531286 2.242279
v 4.994938 -4.531417 2.242725
v 4.980930 -4.709315 0.769974
v 4.977043 -4.704556 0.782774
v 4.980896 -4.707414 0.769488
v 4.979427 -4.708717 0.772853
v 4.978161 -4.707602 0.776297
v 4.981174 -4.709186 0.768651
v 4.979568 -4.708421 0.770639
v 4.978317 -4.707501 0.772891
v 4.978703 -4.707315 0.771408
v 4.977306 -4.704388 0.779507
v 4.978130 -4.704872 0.775835
v 4.977325 -4.706143 0.779780
v 4.977718 -4.706126 0.775887
v 4.978306 -4.706341 0.772693
v 4.981155 -4.708155 0.768388
v 4.979393 -4.705934 0.772316
v 4.979553 -4.707113 0.770384
v 4.979649 -4.708018 0.769334
v 4.992111 -4.747250 1.736780
v 4.988190 -4.744344 1.738095
v 4.990620 -4.747448 1.737324
v 4.989349 -4.746964 1.737765
v 4.988495 -4.745875 1.738036
v 5.007751 -2.668847 4.292190
v 5.003922 -2.666148 4.291135
v 5.006290 -2.669048 4.292545
v 5.005051 -2.668609 4.292468
v 5.004219 -2.667589 4.291973
v 5.001945 -2.210185 4.011634
v 5.005917 -2.207106 4.010189
v 5.002243 -2.208680 4.010743
v 5.003101 -2.207566 4.010157
v 5.004395 -2.207014 4.009962
v 5.008095 -2.108527 4.624846
v 5.004139 -2.113502 4.622078
v 5.007824 -2.116795 4.622751
v 5.006557 -2.109660 4.625092
v 5.005268 -2.111003 4.624654
v 5.008163 -2.110500 4.624645
v 5.006622 -2.111522 4.624785
v 5.005409 -2.112461 4.624689
v 5.005756 -2.113439 4.624504
v 5.004383 -2.114711 4.623040
v 5.005169 -2.115761 4.623506
v 5.004417 -2.112353 4.623595
v 5.004810 -2.113558 4.623986
v 5.005363 -2.114530 4.624191
v 5.008018 -2.114973 4.623512
v 5.008137 -2.112763 4.624175
v 5.006378 -2.116494 4.623406
v 5.006535 -2.114831 4.623966
v 5.025375 -0.963997 4.628354
v 5.025276 -0.963439 4.626462
v 5.021069 -0.976668 4.622957
v 5.025581 -0.962661 4.628265
v 5.023758 -0.966896 4.627597
v 5.023926 -0.964664 4.627386
v 5.024014 -0.963337 4.627037
v 5.023026 -0.965398 4.626231
v 5.023701 -0.966217 4.624841
v 5.022346 -0.969706 4.623605
v 5.025528 -0.962361 4.627239
v 5.023895 -0.964340 4.626093
v 5.022598 -0.966642 4.625203
v 5.021427 -0.973754 4.624676
v 5.022373 -0.970319 4.626304
v 5.021420 -0.973375 4.622944
v 5.021931 -0.969842 4.624840
v 5.022614 -0.966902 4.626349
v 5.114132 -3.111014 3.910880
v 5.110359 -3.115359 3.915455
v 5.113861 -3.112267 3.912195
v 5.113049 -3.113533 3.913525
v 5.111820 -3.114619 3.914670
v 5.106331 -3.933090 3.102943
v 5.110100 -3.928725 3.098346
v 5.107788 -3.932348 3.102156
v 5.109016 -3.931256 3.101006
v 5.109829 -3.929985 3.099669
v 5.105560 -2.856208 3.643727
v 5.109604 -2.860300 3.647997
v 5.107094 -2.856847 3.644388
v 5.108398 -2.857848 3.645432
v 5.109280 -2.859060 3.646699
v 5.105576 -3.678051 2.835506
v 5.101528 -3.673957 2.831230
v 5.105247 -3.676809 2.834207
v 5.104366 -3.675596 2.832937
v 5.103058 -3.674594 2.831893
v 5.112526 -3.546200 3.526636
v 5.108761 -3.550544 3.531210
v 5.112259 -3.547452 3.527950
v 5.111446 -3.548715 3.529280
v 5.110218 -3.549803 3.530424
v 5.108009 -3.295943 3.264235
v 5.103970 -3.291862 3.259974
v 5.107685 -3.294707 3.262942
v 5.106804 -3.293498 3.261678
v 5.105499 -3.292500 3.260636
v 5.102592 -3.988731 2.398115
v 5.098541 -3.984599 2.393802
v 5.102268 -3.987477 2.396802
v 5.101383 -3.986251 2.395521
v 5.100075 -3.985241 2.394468
v 5.103336 -4.243895 2.665680
v 5.107121 -4.239485 2.661038
v 5.104805 -4.243147 2.664888
v 5.106037 -4.242044 2.663728
v 5.106850 -4.240760 2.662376
v 5.098064 -4.286693 1.832363
v 5.093998 -4.283126 1.826790
v 5.097736 -4.285656 1.830568
v 5.096848 -4.284614 1.828879
v 5.095531 -4.283724 1.827552
v 5.099693 -4.494894 2.204047
v 5.103485 -4.491047 2.198144
v 5.101166 -4.494186 2.203157
v 5.102402 -4.493208 2.201723
v 5.103218 -4.492105 2.199962
v 5.085117 -4.736820 0.798641
v 5.085121 -4.735253 0.798188
v 5.089306 -4.733092 0.816970
v 5.085358 -4.736813 0.797326
v 5.086697 -4.736789 0.802776
v 5.086731 -4.736656 0.800512
v 5.086739 -4.736385 0.799145
v 5.087528 -4.735968 0.802054
v 5.086689 -4.734351 0.802416
v 5.088036 -4.733625 0.807469
v 5.086731 -4.735514 0.800337
v 5.087860 -4.735142 0.803791
v 5.088966 -4.734773 0.812694
v 5.088047 -4.736071 0.807710
v 5.088955 -4.733182 0.812581
v 5.088470 -4.734918 0.807895
v 5.087868 -4.736178 0.803896
v 5.099182 -4.705444 1.696823
v 5.095325 -4.711066 1.698352
v 5.098896 -4.707179 1.696965
v 5.098064 -4.708856 1.697305
v 5.096809 -4.710221 1.697793
v 5.114925 -2.626979 4.249978
v 5.111095 -2.632618 4.253714
v 5.114635 -2.628724 4.250969
v 5.113808 -2.630407 4.252027
v 5.112564 -2.631776 4.252991
v 5.110176 -2.234951 4.038900
v 5.114174 -2.240450 4.042380
v 5.111702 -2.235696 4.039501
v 5.112999 -2.237003 4.040374
v 5.113869 -2.238672 4.041384
v 5.111145 -2.076883 4.586453
v 5.115166 -2.074532 4.580813
v 5.112637 -2.076289 4.585582
v 5.113922 -2.075632 4.584203
v 5.114811 -2.075015 4.582529
v 5.129543 -0.991789 4.656751
v 5.133236 -1.009484 4.652456
v 5.129532 -0.991283 4.655170
v 5.131001 -0.995815 4.656601
v 5.132214 -1.000595 4.655731
v 5.129757 -0.990468 4.656774
v 5.131073 -0.993569 4.656537
v 5.132130 -0.996853 4.655963
v 5.131836 -0.995042 4.655803
v 5.133003 -1.005231 4.652673
v 5.132217 -1.000280 4.653266
v 5.132999 -1.005395 4.654276
v 5.132637 -1.000713 4.654570
v 5.132133 -0.996718 4.654918
v 5.131001 -0.995381 4.654143
v 5.131069 -0.993361 4.655386
v 5.131096 -0.992211 4.656304
v 5.158810 -4.751451 4.532221
v 5.158768 -4.747277 4.536561
v 5.163120 -4.756171 4.540970
v 5.158810 -4.751159 4.533861
v 5.158802 -4.750265 4.535259
v 5.160439 -4.751832 4.534155
v 5.160378 -4.751534 4.535185
v 5.161255 -4.751560 4.536509
v 5.160412 -4.749193 4.536858
v 5.161816 -4.751556 4.537802
v 5.158787 -4.748901 4.536208
v 5.160366 -4.750228 4.536522
v 5.162769 -4.754385 4.538889
v 5.161827 -4.752861 4.536496
v 5.162281 -4.752946 4.537854
v 1.033089 -4.784921 5.064604
v 1.031780 -4.781884 5.064711
v 1.020161 -4.789503 5.068916
v 1.030964 -4.784046 5.064913
v 1.029671 -4.784791 5.066313
v 1.026756 -4.786318 5.067708
v 1.022980 -4.788509 5.068583
v 1.025547 -4.786944 5.068116
v 5.178299 -4.678153 0.873081
v 5.182579 -4.682660 0.859889
v 5.178295 -4.675112 0.871891
v 5.179943 -4.678457 0.870307
v 5.178291 -4.677898 0.871685
v 5.181149 -4.678949 0.867613
v 5.182266 -4.681810 0.862350
v 5.181343 -4.680075 0.865496
v 5.182259 -4.680897 0.863168
v 5.178288 -4.676252 0.871040
v 5.179882 -4.677833 0.869070
v 5.142502 -1.086381 4.603163
v 5.142509 -1.085075 4.600170
v 5.146698 -1.073248 4.607862
v 5.142502 -1.084973 4.602957
v 5.144028 -1.082750 4.603050
v 5.144932 -1.081386 4.603761
v 5.145477 -1.079044 4.605062
v 5.142509 -1.084269 4.601339
v 5.146381 -1.075873 4.606870
v 4.644382 -5.183458 0.834736
v 4.641342 -5.183499 0.833481
v 4.649017 -5.187501 0.821641
v 4.644135 -5.183245 0.833352
v 4.644516 -5.184898 0.831296
v 4.644981 -5.185784 0.829426
v 4.644081 -5.185054 0.830102
v 4.642490 -5.183268 0.832672
v 4.647232 -5.187236 0.824865
v 4.645725 -5.186377 0.828486
v 4.648235 -5.187220 0.823694
v 4.646500 -5.186813 0.826588
v 4.683525 -4.765737 5.021658
v 4.692398 -4.770268 5.025736
v 4.687767 -4.761457 5.021697
v 4.685490 -4.766098 5.023261
v 4.687866 -4.767086 5.024597
v 4.685158 -4.765404 5.021650
v 4.686516 -4.765772 5.023198
v 4.687855 -4.765786 5.024062
v 4.689152 -4.765769 5.024609
v 4.690292 -4.768550 5.025465
v 4.689236 -4.767148 5.025033
v 4.687450 -4.763087 5.021669
v 4.686535 -4.764474 5.021653
v 4.688141 -4.763407 5.023283
v 4.687828 -4.764442 5.023211
v 4.671417 -1.083364 5.096987
v 4.676094 -1.069624 5.101465
v 4.668411 -1.082142 5.097048
v 4.671776 -1.080433 5.098673
v 4.671181 -1.081966 5.097017
v 4.671982 -1.078319 5.099533
v 4.674309 -1.072998 5.101097
v 4.673450 -1.075314 5.100590
v 4.669556 -1.081304 5.097049
v 4.670898 -1.079291 5.098707
v 4.686310 -5.229244 4.534281
v 4.690720 -5.233608 4.542696
v 4.682098 -5.229323 4.538588
v 4.686668 -5.230899 4.536205
v 4.687634 -5.232308 4.538477
v 4.686005 -5.229271 4.535917
v 4.686356 -5.230857 4.537212
v 4.686378 -5.231752 4.538500
v 4.688728 -5.233267 4.541086
v 4.686394 -5.232332 4.539738
v 4.687706 -5.232780 4.539774
v 4.683723 -5.229313 4.538247
v 4.685097 -5.229295 4.537306
v 4.684067 -5.230949 4.538863
v 4.685066 -5.230882 4.538530
v 1.016460 -5.252771 4.579836
v 1.004227 -5.257180 4.583717
v 1.015167 -5.252740 4.576825
v 1.013447 -5.254426 4.580130
v 1.006634 -5.256820 4.582898
v 1.008953 -5.256313 4.581503
v 1.014317 -5.252776 4.578974
v 1.012650 -5.254366 4.579403
v 5.138264 -0.119526 5.111160
v 5.137085 -0.122108 5.114574
v 5.140987 -0.120487 5.109491
v 5.140724 -0.120222 5.109520
v 5.141388 -0.121739 5.111709
v 5.137211 -0.119702 5.112488
v 5.136604 -0.120346 5.113758
v 5.137997 -0.119485 5.113512
v 5.138866 -0.122004 5.114206
v 5.140381 -0.121873 5.113199
v 5.136574 -0.121030 5.114336
v 5.138638 -0.120090 5.113844
v 5.139957 -0.119311 5.112413
v 5.177044 -5.170190 -0.073157
v 5.178406 -5.166668 -0.074424
v 5.181927 -5.165385 -0.072451
v 5.176735 -5.169147 -0.074233
v 5.178905 -5.169813 -0.073002
v 5.179733 -5.165595 -0.074357
v 5.180870 -5.164974 -0.073958
v 5.177361 -5.168008 -0.074461
v 5.181545 -5.167214 -0.072619
v 5.180485 -5.168767 -0.072813
v 5.181641 -5.164901 -0.073289
v 5.170559 -5.234799 5.007273
v 5.166065 -5.234966 5.011936
v 5.166164 -5.239396 5.007437
v 5.170231 -5.234848 5.009043
v 5.169262 -5.234896 5.010553
v 5.170250 -5.236555 5.007304
v 5.169758 -5.236535 5.008994
v 5.169090 -5.236528 5.010351
v 5.168701 -5.237502 5.009945
v 5.166100 -5.236686 5.011569
v 5.166130 -5.238131 5.010584
v 5.167797 -5.234938 5.011567
v 5.167763 -5.236598 5.011044
v 5.167740 -5.237922 5.010363
v 5.167873 -5.239043 5.007391
v 5.169308 -5.238045 5.007346
v 5.166157 -5.239081 5.009134
v 5.167801 -5.238568 5.009039
v 5.169113 -5.237885 5.008968
v 0.019165 -5.267951 5.069869
v 0.016651 -5.268921 5.066425
v 0.018234 -5.272358 5.065690
v 0.018055 -5.267414 5.069626
v 0.017185 -5.267409 5.068886
v 0.018951 -5.269660 5.069521
v 0.017056 -5.269422 5.069155
v 0.015831 -5.269363 5.068570
v 0.016541 -5.270239 5.065526
v 0.016693 -5.267937 5.067764
v 0.015900 -5.269711 5.067259
v 0.015659 -5.271053 5.066935
v 0.018448 -5.272046 5.067261
v 0.018700 -5.271096 5.068607
v 0.017399 -5.272100 5.065130
v 0.016735 -5.271655 5.067011
v 0.016476 -5.270936 5.068446
v 5.030113 -4.678682 0.874295
v 5.030087 -4.675641 0.873104
v 5.025902 -4.674557 0.880421
v 5.030098 -4.678426 0.872898
v 5.028496 -4.678392 0.875695
v 5.028534 -4.678003 0.874007
v 5.028561 -4.677471 0.872937
v 5.027653 -4.677012 0.874127
v 5.028465 -4.674925 0.874336
v 5.027103 -4.674466 0.876159
v 5.030083 -4.676781 0.872254
v 5.028519 -4.676356 0.873361
v 5.027271 -4.676057 0.874658
v 5.026218 -4.676160 0.879010
v 5.027130 -4.677505 0.877350
v 5.026199 -4.674337 0.878296
v 5.026661 -4.676046 0.876608
v 5.027287 -4.677356 0.875166
v 5.071751 -4.751857 4.533206
v 5.067474 -4.747617 4.533331
v 5.071781 -4.747684 4.537544
v 5.070122 -4.751542 4.533228
v 5.068733 -4.750622 4.533262
v 5.071770 -4.751566 4.534840
v 5.070099 -4.751181 4.534910
v 5.069313 -4.750116 4.535723
v 5.067818 -4.747649 4.534956
v 5.068756 -4.747672 4.536329
v 5.067802 -4.749246 4.533297
v 5.068214 -4.749318 4.534964
v 5.071785 -4.749306 4.537188
v 5.071781 -4.750669 4.536238
v 5.070148 -4.747684 4.537237
v 5.070110 -4.749345 4.536814
v 5.055515 -1.086784 4.604143
v 5.051231 -1.092741 4.599823
v 5.055473 -1.085479 4.601152
v 5.053886 -1.088164 4.603811
v 5.052502 -1.089782 4.602875
v 5.055508 -1.085380 4.603939
v 5.053932 -1.086465 4.603487
v 5.052670 -1.087597 4.602808
v 5.053047 -1.086546 4.602501
v 5.051544 -1.090606 4.599684
v 5.052464 -1.088480 4.599886
v 5.051571 -1.091391 4.601473
v 5.052032 -1.088987 4.601450
v 5.052654 -1.087041 4.601530
v 5.055485 -1.084674 4.602321
v 5.053841 -1.086679 4.600401
v 5.053913 -1.085757 4.601869
v 5.053963 -1.085376 4.602999
v 4.682537 -4.764157 4.934685
v 4.686779 -4.759877 4.934717
v 4.682468 -4.759822 4.930502
v 4.684166 -4.763825 4.934673
v 4.685547 -4.762894 4.934675
v 4.682518 -4.763804 4.933060
v 4.684189 -4.763403 4.933009
v 4.685310 -4.762651 4.933093
v 4.686436 -4.759850 4.933090
v 4.685497 -4.759830 4.931717
v 4.686462 -4.761510 4.934687
v 4.686050 -4.761522 4.933020
v 4.685291 -4.761419 4.931906
v 4.682480 -4.761457 4.930796
v 4.682499 -4.762858 4.931696
v 4.684105 -4.759821 4.930808
v 4.684158 -4.761498 4.931170
v 4.684086 -4.762636 4.931899
v 1.017056 -4.783314 4.976013
v 1.022209 -4.778948 4.971772
v 1.015743 -4.780282 4.976053
v 1.018234 -4.782954 4.974375
v 1.019627 -4.781996 4.972994
v 1.015663 -4.783095 4.976210
v 1.016483 -4.782609 4.974537
v 1.017403 -4.781898 4.973219
v 1.016392 -4.781579 4.973647
v 1.020199 -4.778729 4.972122
v 1.018265 -4.778905 4.973057
v 1.021023 -4.780591 4.972081
v 1.018669 -4.780519 4.972577
v 1.016819 -4.780578 4.973246
v 1.014954 -4.781452 4.976233
v 1.016701 -4.779452 4.974436
v 1.015759 -4.780946 4.974567
v 1.015377 -4.782096 4.974635
v 4.670422 -1.081638 5.001636
v 4.667408 -1.080412 5.001694
v 4.666142 -1.087635 4.997314
v 4.670185 -1.080238 5.001665
v 4.670086 -1.082998 4.999985
v 4.669724 -1.081306 5.000078
v 4.669212 -1.080229 5.000143
v 4.668720 -1.081393 4.999210
v 4.666645 -1.081597 5.000049
v 4.666138 -1.083387 4.998640
v 4.668556 -1.079575 5.001695
v 4.668091 -1.080639 5.000108
v 4.667751 -1.081905 4.998829
v 4.667770 -1.086242 4.997646
v 4.669155 -1.084615 4.998583
v 4.665962 -1.085507 4.997679
v 4.667702 -1.083843 4.998161
v 4.669041 -1.082430 4.998804
v 4.643932 -5.073402 0.856831
v 4.639721 -5.069298 0.863712
v 4.640884 -5.073364 0.855585
v 4.643425 -5.071805 0.858068
v 4.642445 -5.070462 0.859810
v 4.643867 -5.073361 0.854958
v 4.643303 -5.071722 0.856233
v 4.642498 -5.070633 0.857763
v 4.642372 -5.070943 0.856749
v 4.639980 -5.069569 0.861315
v 4.640289 -5.070435 0.858928
v 4.641144 -5.069583 0.861791
v 4.641449 -5.069916 0.859258
v 4.642220 -5.073340 0.854283
v 4.643269 -5.073338 0.854063
v 4.640610 -5.071768 0.856916
v 4.641964 -5.071705 0.855685
v 4.685772 -5.142242 4.535917
v 4.681561 -5.142347 4.540223
v 4.681484 -5.138011 4.536044
v 4.685463 -5.142274 4.537549
v 4.684555 -5.142306 4.538942
v 4.685436 -5.140615 4.535948
v 4.685062 -5.140607 4.537626
v 4.684326 -5.140717 4.538759
v 4.681545 -5.140714 4.539930
v 4.681526 -5.139313 4.539032
v 4.683186 -5.142333 4.539881
v 4.683212 -5.140653 4.539522
v 4.683113 -5.139515 4.538794
v 4.683117 -5.138322 4.536020
v 4.684505 -5.139237 4.535985
v 4.681503 -5.138364 4.537668
v 4.683178 -5.138746 4.537682
v 4.684307 -5.139486 4.537570
v 1.015923 -5.165794 4.581469
v 1.014637 -5.165745 4.578470
v 1.021847 -5.161417 4.577223
v 1.014065 -5.165803 4.581453
v 1.013165 -5.165798 4.580877
v 1.016823 -5.164147 4.580978
v 1.014229 -5.164198 4.580446
v 1.015335 -5.163310 4.579985
v 1.015633 -5.164103 4.578204
v 1.017353 -5.162704 4.577874
v 1.013367 -5.165778 4.579828
v 1.020027 -5.161779 4.578679
v 1.018265 -5.162737 4.579997
v 1.019535 -5.161759 4.577528
v 1.017597 -5.162189 4.579035
v 1.016277 -5.162967 4.580093
v 4.085300 -5.069233 2.875615
v 4.083420 -5.065348 2.874132
v 4.085594 -5.067766 2.875919
v 4.085342 -5.066513 2.875743
v 4.084576 -5.065663 2.875116
v 3.314133 -5.095492 3.732134
v 3.316032 -5.099380 3.733630
v 3.315296 -5.095808 3.733123
v 3.316063 -5.096658 3.733754
v 3.316322 -5.097912 3.733934
v 3.732246 -5.058571 2.572289
v 3.730148 -5.062497 2.570348
v 3.731068 -5.058849 2.571266
v 3.730255 -5.059694 2.570539
v 3.729935 -5.060974 2.570216
v 2.960896 -5.092645 3.428380
v 2.963001 -5.088717 3.430326
v 2.960682 -5.091121 3.428249
v 2.961006 -5.089839 3.428572
v 2.961823 -5.088995 3.429302
v 3.724010 -5.084901 3.329768
v 3.722130 -5.081022 3.328286
v 3.724304 -5.083436 3.330071
v 3.724049 -5.082183 3.329896
v 3.723286 -5.081337 3.329269
v 3.369370 -5.078182 3.024942
v 3.371460 -5.074256 3.026875
v 3.369156 -5.076660 3.024809
v 3.369476 -5.075378 3.025131
v 3.370285 -5.074534 3.025856
v 2.540066 -5.105092 3.760940
v 2.542202 -5.101157 3.762916
v 2.539852 -5.103566 3.760811
v 2.540184 -5.102283 3.761141
v 2.541008 -5.101438 3.761880
v 2.893425 -5.107938 4.064802
v 2.895359 -5.111837 4.066329
v 2.894604 -5.108253 4.065804
v 2.895386 -5.109107 4.066448
v 2.895653 -5.110365 4.066632
v 1.989189 -5.118154 4.088057
v 1.992302 -5.114192 4.089543
v 1.989052 -5.116624 4.087889
v 1.989594 -5.115332 4.088113
v 1.990738 -5.114479 4.088693
v 2.444355 -5.118838 4.339548
v 2.447254 -5.122740 4.340576
v 2.445908 -5.119148 4.340362
v 2.447002 -5.119998 4.340844
v 2.447475 -5.121259 4.340918
v 0.985825 -5.139217 4.594076
v 0.998291 -5.134975 4.588762
v 0.985237 -5.139143 4.592202
v 0.988644 -5.137644 4.593366
v 0.992001 -5.136285 4.592107
v 0.984501 -5.139482 4.594005
v 0.986420 -5.137820 4.593179
v 0.988598 -5.136507 4.592174
v 0.987114 -5.136913 4.592056
v 0.995026 -5.135297 4.588753
v 0.991398 -5.136203 4.589406
v 0.995392 -5.135347 4.590492
v 0.991508 -5.135819 4.590665
v 0.988338 -5.136470 4.591029
v 0.984184 -5.139443 4.592991
v 0.987965 -5.137554 4.590617
v 0.986095 -5.137778 4.591889
v 0.985096 -5.137913 4.592843
v 1.953346 -5.132972 4.582309
v 1.954437 -5.128958 4.579437
v 1.953873 -5.131473 4.582514
v 1.954266 -5.130184 4.582040
v 1.954464 -5.129302 4.580960
v 4.394772 -5.052558 2.376457
v 4.393517 -5.048623 2.373878
v 4.395115 -5.051083 2.376679
v 4.394997 -5.049817 2.376267
v 4.394436 -5.048953 2.375283
v 4.094326 -5.037452 1.934524
v 4.092808 -5.041342 1.931413
v 4.093369 -5.037716 1.933054
v 4.092743 -5.038550 1.931946
v 4.092548 -5.039824 1.931370
v 4.678379 -5.030050 1.805976
v 4.681221 -5.033899 1.805175
v 4.679909 -5.030340 1.806090
v 4.680984 -5.031173 1.805977
v 4.681446 -5.032423 1.805656
v 4.646187 -5.000486 0.666364
v 4.644356 -5.000468 0.665908
v 4.641174 -4.996929 0.679989
v 4.646072 -5.000669 0.665033
v 4.645504 -4.999056 0.669453
v 4.645233 -4.999143 0.667202
v 4.644855 -4.999192 0.665875
v 4.644096 -4.998315 0.668080
v 4.642780 -4.999047 0.668950
v 4.641624 -4.997876 0.672694
v 4.645081 -5.000661 0.664786
v 4.643955 -4.999139 0.666963
v 4.643108 -4.997965 0.669440
v 4.642796 -4.997130 0.676826
v 4.644314 -4.997876 0.673126
v 4.641060 -4.997131 0.676571
v 4.642838 -4.997450 0.672779
v 4.644249 -4.997966 0.669625
v 4.042118 -5.176177 2.834734
v 4.046848 -5.172424 2.838938
v 4.043491 -5.175912 2.835927
v 4.044876 -5.175105 2.837144
v 4.046051 -5.173880 2.838202
v 3.277580 -5.202569 3.696954
v 3.272831 -5.206326 3.692735
v 3.276783 -5.204026 3.696216
v 3.275600 -5.205252 3.695155
v 3.274212 -5.206059 3.693933
v 3.762096 -5.166809 2.594187
v 3.766644 -5.170861 2.597957
v 3.762817 -5.168341 2.594754
v 3.763935 -5.169648 2.595670
v 3.765278 -5.170534 2.596794
v 2.997395 -5.201010 3.455992
v 2.992844 -5.196951 3.452218
v 2.996029 -5.200681 3.454829
v 2.994682 -5.199793 3.453701
v 2.993565 -5.198484 3.452785
v 3.680828 -5.191853 3.288888
v 3.685555 -5.188102 3.293087
v 3.682201 -5.191586 3.290079
v 3.683582 -5.190779 3.291296
v 3.684761 -5.189557 3.292351
v 3.405853 -5.186547 3.052542
v 3.401318 -5.182492 3.048782
v 3.404495 -5.186220 3.051383
v 3.403152 -5.185332 3.050261
v 3.402039 -5.184025 3.049348
v 2.576599 -5.213451 3.788584
v 2.572006 -5.209385 3.784776
v 2.575214 -5.213121 3.787408
v 2.573860 -5.212234 3.786270
v 2.572731 -5.210921 3.785346
v 2.856918 -5.214999 4.029662
v 2.852119 -5.218767 4.025404
v 2.856117 -5.216464 4.028921
v 2.854923 -5.217691 4.027851
v 2.853519 -5.218503 4.026616
v 2.026947 -5.226479 4.115071
v 2.021130 -5.222435 4.111891
v 2.025097 -5.226156 4.114134
v 2.023342 -5.225278 4.113203
v 2.021946 -5.223969 4.112415
v 2.408833 -5.225861 4.303921
v 2.402802 -5.229673 4.300290
v 2.407932 -5.227333 4.303225
v 2.406471 -5.228571 4.302290
v 2.404671 -5.229396 4.301260
v 1.017712 -5.243445 4.617576
v 1.017178 -5.243423 4.616033
v 1.035892 -5.247200 4.612817
v 1.015839 -5.243799 4.617356
v 1.021858 -5.244943 4.617299
v 1.019596 -5.245019 4.617280
v 1.018219 -5.245044 4.617076
v 1.021114 -5.245771 4.616494
v 1.021378 -5.244887 4.614880
v 1.026409 -5.246122 4.613863
v 1.019363 -5.244993 4.616148
v 1.022812 -5.246050 4.615572
v 1.031700 -5.246976 4.614723
v 1.026775 -5.246185 4.616296
v 1.031509 -5.246935 4.613139
v 1.026909 -5.246576 4.615124
v 1.022968 -5.246078 4.616602
v 1.913189 -5.239788 4.540050
v 1.914940 -5.236036 4.545677
v 1.913414 -5.239542 4.541782
v 1.913830 -5.238742 4.543458
v 1.914364 -5.237511 4.544826
v 4.352371 -5.159444 2.334203
v 4.356331 -5.155724 2.339787
v 4.353447 -5.159195 2.335922
v 4.354580 -5.158400 2.337587
v 4.355591 -5.157180 2.338944
v 4.124756 -5.145649 1.955251
v 4.128567 -5.149754 1.960491
v 4.125420 -5.147186 1.955931
v 4.126377 -5.148505 1.957165
v 4.127483 -5.149407 1.958766
v 4.642796 -5.137021 1.768520
v 4.637119 -5.140880 1.766560
v 4.641922 -5.138497 1.767951
v 4.640537 -5.139748 1.767379
v 4.638851 -5.140585 1.766891
v 4.677826 -5.104761 0.690174
v 4.674164 -5.109327 0.708876
v 4.676300 -5.104769 0.689745
v 4.677834 -5.106412 0.694391
v 4.677143 -5.107860 0.699425
v 4.677711 -5.106387 0.692080
v 4.677261 -5.107599 0.695522
v 4.677048 -5.107226 0.693648
v 4.674263 -5.108890 0.704409
v 4.674702 -5.107872 0.699205
v 4.675854 -5.108884 0.704512
v 4.676006 -5.108297 0.699610
v 4.676231 -5.107604 0.695426
v 4.676998 -5.104942 0.688618
v 4.675419 -5.106424 0.694056
v 4.676582 -5.106394 0.691918
v 4.677448 -5.106361 0.690688
v 2.986519 -4.204254 4.991339
v 2.985207 -4.202736 4.987247
v 2.986889 -4.204671 4.989920
v 2.986771 -4.204530 4.988644
v 2.986179 -4.203852 4.987706
v 3.837196 -3.426212 4.987367
v 3.838516 -3.427739 4.991453
v 3.838173 -3.427330 4.987825
v 3.838764 -3.428011 4.988763
v 3.838886 -3.428155 4.990036
v 2.682240 -3.856204 4.936177
v 2.680111 -3.853783 4.939811
v 2.681198 -3.855013 4.936306
v 2.680428 -3.854137 4.937042
v 2.680046 -3.853703 4.938272
v 3.532124 -3.077282 4.939933
v 3.534260 -3.079713 4.936301
v 3.532059 -3.077204 4.938394
v 3.532444 -3.077638 4.937164
v 3.533218 -3.078519 4.936428
v 3.437725 -3.838974 4.995162
v 3.436417 -3.837461 4.991078
v 3.438095 -3.839388 4.993745
v 3.437973 -3.839248 4.992471
v 3.437386 -3.838573 4.991535
v 3.131760 -3.489004 4.943715
v 3.133881 -3.491420 4.940079
v 3.131695 -3.488929 4.942176
v 3.132076 -3.489358 4.940944
v 3.132843 -3.490234 4.940210
v 3.861710 -2.654052 4.929916
v 3.863884 -2.656525 4.926287
v 3.861649 -2.653977 4.928376
v 3.862041 -2.654420 4.927147
v 3.862827 -2.655315 4.926412
v 4.166904 -3.003121 4.977366
v 4.168247 -3.004671 4.981459
v 4.167889 -3.004246 4.977826
v 4.168488 -3.004936 4.978766
v 4.168613 -3.005086 4.980041
v 4.180309 -2.087269 4.928528
v 4.182060 -2.090731 4.924745
v 4.180218 -2.087272 4.926976
v 4.180519 -2.087929 4.925713
v 4.181164 -2.089142 4.924929
v 4.448071 -2.552508 4.960968
v 4.448936 -2.554937 4.964906
v 4.448872 -2.553970 4.961369
v 4.449318 -2.554947 4.962257
v 4.449341 -2.555287 4.963500
v 4.655888 -1.011338 4.981550
v 4.651852 -1.023189 4.976762
v 4.653858 -1.010932 4.981442
v 4.655506 -1.013991 4.979831
v 4.654606 -1.017174 4.978318
v 4.655659 -1.010018 4.981738
v 4.655106 -1.011901 4.980017
v 4.654373 -1.014012 4.978624
v 4.654095 -1.012632 4.979066
v 4.651558 -1.020174 4.977185
v 4.651836 -1.016787 4.978224
v 4.653320 -1.020404 4.977238
v 4.653145 -1.016807 4.977834
v 4.653194 -1.013847 4.978584
v 4.654560 -1.009794 4.981681
v 4.652641 -1.013540 4.979718
v 4.653759 -1.011685 4.979965
v 4.654636 -1.010676 4.980118
v 4.734062 -2.054935 4.942804
v 4.732471 -2.063656 4.942372
v 4.731846 -2.060855 4.939162
v 4.733994 -2.056998 4.942858
v 4.733665 -2.059379 4.942796
v 4.734436 -2.056199 4.941278
v 4.734261 -2.058225 4.941320
v 4.734085 -2.060058 4.941310
v 4.733170 -2.063505 4.940997
v 4.733292 -2.062919 4.939904
v 4.733131 -2.061716 4.942625
v 4.733646 -2.061761 4.941181
v 4.733910 -2.061594 4.940067
v 4.733234 -2.059404 4.939307
v 4.734146 -2.057768 4.940050
v 4.732826 -2.061987 4.939259
v 4.733673 -2.060639 4.939596
v 4.734280 -2.059358 4.940131
v 2.490143 -4.518402 4.979954
v 2.487740 -4.517520 4.975817
v 2.490433 -4.518868 4.978528
v 2.490074 -4.518866 4.977241
v 2.489132 -4.518393 4.976289
v 2.047859 -4.224375 4.918876
v 2.044563 -4.222545 4.922475
v 2.046371 -4.223410 4.918991
v 2.045223 -4.222725 4.919714
v 2.044586 -4.222424 4.920938
v 1.922661 -4.807932 4.957330
v 1.921692 -4.810433 4.961375
v 1.922764 -4.809427 4.957758
v 1.922619 -4.810431 4.958679
v 1.922241 -4.810782 4.959947
v 0.785366 -4.788565 4.874650
v 0.784904 -4.786749 4.874451
v 0.799118 -4.783767 4.871274
v 0.784027 -4.788445 4.874762
v 0.788513 -4.787984 4.873303
v 0.786263 -4.787728 4.873267
v 0.784931 -4.787357 4.873224
v 0.787170 -4.786663 4.872383
v 0.787994 -4.785278 4.873032
v 0.791782 -4.784195 4.871931
v 0.783775 -4.787462 4.874655
v 0.786015 -4.786459 4.873140
v 0.788536 -4.785697 4.872008
v 0.795956 -4.785389 4.871476
v 0.792233 -4.786870 4.872187
v 0.795689 -4.783665 4.871313
v 0.791897 -4.785441 4.871619
v 0.788731 -4.786831 4.872116
v 2.940674 -4.152205 5.092151
v 2.945057 -4.157202 5.089022
v 2.941883 -4.153585 5.092061
v 2.943138 -4.155017 5.091434
v 2.944252 -4.156289 5.090369
v 3.797050 -3.380683 5.089149
v 3.792667 -3.375681 5.092272
v 3.796246 -3.379770 5.090493
v 3.795132 -3.378500 5.091557
v 3.793873 -3.377063 5.092182
v 2.699406 -3.876227 5.047489
v 2.703014 -3.880367 5.052089
v 2.699905 -3.876806 5.049100
v 2.700768 -3.877796 5.050541
v 2.701859 -3.879047 5.051590
v 3.555035 -3.103876 5.052213
v 3.551418 -3.099726 5.047611
v 3.553875 -3.102552 5.051714
v 3.552784 -3.101297 5.050664
v 3.551918 -3.100308 5.049223
v 3.391884 -3.786928 5.095982
v 3.396255 -3.791916 5.092859
v 3.393089 -3.788305 5.095892
v 3.394341 -3.789736 5.095267
v 3.395454 -3.791005 5.094201
v 3.154655 -3.515585 5.055994
v 3.151054 -3.511453 5.051394
v 3.153503 -3.514268 5.055495
v 3.152412 -3.513017 5.054447
v 3.151554 -3.512030 5.053006
v 3.884659 -2.680691 5.042200
v 3.881004 -2.676495 5.037589
v 3.883488 -2.679349 5.041698
v 3.882381 -2.678079 5.040645
v 3.881508 -2.677076 5.039202
v 4.126781 -2.957620 5.079149
v 4.122375 -2.952590 5.082271
v 4.125977 -2.956703 5.080492
v 4.124855 -2.955426 5.081558
v 4.123592 -2.953981 5.082182
v 4.202713 -2.115136 5.040618
v 4.199604 -2.109713 5.036199
v 4.201752 -2.113324 5.040190
v 4.200821 -2.111658 5.039201
v 4.200069 -2.110391 5.037800
v 4.407475 -2.507888 5.062589
v 4.403664 -2.501766 5.065914
v 4.406712 -2.506888 5.063950
v 4.405724 -2.505374 5.065059
v 4.404652 -2.503574 5.065749
v 4.674904 -1.033754 5.089070
v 4.673153 -1.033373 5.089115
v 4.671635 -1.049593 5.092436
v 4.674919 -1.037408 5.090490
v 4.674648 -1.035246 5.090612
v 4.674282 -1.033960 5.090674
v 4.673935 -1.036550 5.091381
v 4.672325 -1.037055 5.090513
v 4.671745 -1.041430 5.091635
v 4.673828 -1.032230 5.089312
v 4.673431 -1.035075 5.090624
v 4.673141 -1.038097 5.091651
v 4.673149 -1.045982 5.092312
v 4.674305 -1.041700 5.091628
v 4.671501 -1.045831 5.092310
v 4.673084 -1.041721 5.092067
v 4.674225 -1.038213 5.091647
v 4.693245 -2.008304 5.039709
v 4.687401 -2.010239 5.044233
v 4.691010 -2.016608 5.040052
v 4.692291 -2.008767 5.041240
v 4.690845 -2.009297 5.042639
v 4.692989 -2.010273 5.039925
v 4.692001 -2.010396 5.041304
v 4.690994 -2.010563 5.042456
v 4.691055 -2.011640 5.042139
v 4.688496 -2.011824 5.043726
v 4.689568 -2.013592 5.042753
v 4.689129 -2.009816 5.043689
v 4.689812 -2.011149 5.043143
v 4.690434 -2.012439 5.042507
v 4.691776 -2.014766 5.040111
v 4.692474 -2.012540 5.040066
v 4.690449 -2.015272 5.041463
v 4.691105 -2.013557 5.041414
v 4.691708 -2.011979 5.041343
v 2.442932 -4.467150 5.080715
v 2.448692 -4.471365 5.077611
v 2.444664 -4.468228 5.080637
v 2.446365 -4.469409 5.080020
v 2.447781 -4.470510 5.078957
v 2.063858 -4.244989 5.030145
v 2.068932 -4.248384 5.034799
v 2.064472 -4.245512 5.031765
v 2.065651 -4.246338 5.033216
v 2.067215 -4.247348 5.034282
v 1.880257 -4.763417 5.058986
v 1.878113 -4.757442 5.062237
v 1.879620 -4.762425 5.060352
v 1.878990 -4.760942 5.061448
v 1.878460 -4.759192 5.062109
v 0.804630 -4.810707 4.982261
v 0.823097 -4.806494 4.987307
v 0.804195 -4.809193 4.982116
v 0.808769 -4.810533 4.984092
v 0.813732 -4.809671 4.985693
v 0.803303 -4.810699 4.982378
v 0.806461 -4.810434 4.983956
v 0.809845 -4.809851 4.985273
v 0.807987 -4.809686 4.984799
v 0.818653 -4.806666 4.986686
v 0.813503 -4.807241 4.985481
v 0.818764 -4.808254 4.986823
v 0.813892 -4.808500 4.986036
v 0.809746 -4.808821 4.985183
v 0.808426 -4.808128 4.983877
v 0.806293 -4.809308 4.983855
v 0.805073 -4.810184 4.983843
v 5.000404 -3.784533 3.356796
v 5.004276 -3.786204 3.358531
v 5.000717 -3.785582 3.357895
v 5.001564 -3.786270 3.358610
v 5.002811 -3.786488 3.358834
v 4.996681 -3.053449 3.432157
v 5.000614 -3.051497 3.430095
v 4.996964 -3.052376 3.431031
v 4.997810 -3.051628 3.430244
v 4.999092 -3.051319 3.429915
v 5.002449 -3.372775 3.766982
v 5.006310 -3.374438 3.768708
v 5.002758 -3.373821 3.768078
v 5.003601 -3.374505 3.768791
v 5.004848 -3.374722 3.769012
v 4.994640 -3.465230 3.021997
v 4.998573 -3.463278 3.019931
v 4.994923 -3.464157 3.020870
v 4.995770 -3.463407 3.020081
v 4.997055 -3.463100 3.019752
v 4.991913 -3.812121 2.586924
v 4.995853 -3.810146 2.584835
v 4.992195 -3.811038 2.585788
v 4.993046 -3.810282 2.584991
v 4.994328 -3.809969 2.584657
v 4.997684 -4.131789 2.922105
v 5.001572 -4.133487 2.923866
v 4.997997 -4.132850 2.923216
v 4.998848 -4.133546 2.923941
v 5.000099 -4.133769 2.924170
v 4.994411 -4.410037 2.476608
v 4.998318 -4.411705 2.478521
v 4.994724 -4.411089 2.477780
v 4.995579 -4.411776 2.478555
v 4.996841 -4.411990 2.478815
v 4.988529 -4.096244 2.128551
v 4.992474 -4.094297 2.126308
v 4.988811 -4.095170 2.127355
v 4.989658 -4.094425 2.126508
v 4.990944 -4.094119 2.126141
v 4.982616 -4.724451 1.260438
v 4.986668 -4.728170 1.251139
v 4.982903 -4.725927 1.256937
v 4.983768 -4.727149 1.253941
v 4.985092 -4.727937 1.251905
v 4.990364 -4.641168 1.988477
v 4.994320 -4.641494 1.993412
v 4.990688 -4.641710 1.990808
v 4.991554 -4.641962 1.992565
v 4.992832 -4.641886 1.993478
v 4.981792 -4.467315 1.330360
v 4.985714 -4.466702 1.325101
v 4.982063 -4.466751 1.328008
v 4.982906 -4.466437 1.326183
v 4.984184 -4.466421 1.325161
v 4.998322 -2.580068 3.796324
v 5.002258 -2.577968 3.794336
v 4.998608 -2.578939 3.795226
v 4.999454 -2.578141 3.794462
v 5.000740 -2.577800 3.794150
v 5.003620 -2.916828 4.124624
v 5.007477 -2.918627 4.126262
v 5.003929 -2.917927 4.125687
v 5.004772 -2.918655 4.126371
v 5.006016 -2.918901 4.126573
v 5.012589 -1.544763 4.622517
v 5.016941 -1.536310 4.626586
v 5.012947 -1.541581 4.624136
v 5.013901 -1.538855 4.625477
v 5.015305 -1.537006 4.626336
v 5.010185 -1.646941 4.297769
v 5.014229 -1.641549 4.297478
v 5.010509 -1.644549 4.297322
v 5.011391 -1.642686 4.297108
v 5.012695 -1.641632 4.297164
v 5.004078 -2.392640 4.458307
v 5.007835 -2.397294 4.458179
v 5.004349 -2.394833 4.458693
v 5.005157 -2.396485 4.458804
v 5.006386 -2.397353 4.458623
v 5.107632 -3.749974 3.320052
v 5.111397 -3.745620 3.315470
v 5.109089 -3.749231 3.319267
v 5.110317 -3.748142 3.318121
v 5.111130 -3.746876 3.316788
v 5.104877 -3.079346 3.458805
v 5.108917 -3.083427 3.463067
v 5.106407 -3.079984 3.459466
v 5.107712 -3.080982 3.460508
v 5.108593 -3.082191 3.461773
v 5.109673 -3.338205 3.730227
v 5.113441 -3.333863 3.725656
v 5.111130 -3.337464 3.729442
v 5.112358 -3.336378 3.728298
v 5.113171 -3.335114 3.726969
v 5.102837 -3.491123 3.048640
v 5.106876 -3.495208 3.052905
v 5.104366 -3.491760 3.049302
v 5.105671 -3.492759 3.050344
v 5.106552 -3.493972 3.051610
v 5.100101 -3.837989 2.613541
v 5.104149 -3.842098 2.617833
v 5.101635 -3.838629 2.614206
v 5.102943 -3.839635 2.615254
v 5.103825 -3.840855 2.616528
v 5.104900 -4.097261 2.885396
v 5.108681 -4.092877 2.880779
v 5.106365 -4.096517 2.884607
v 5.107597 -4.095421 2.883452
v 5.108406 -4.094142 2.882108
v 5.101612 -4.375495 2.440064
v 5.105404 -4.371141 2.435249
v 5.103081 -4.374750 2.439259
v 5.104317 -4.373660 2.438061
v 5.105133 -4.372394 2.436653
v 5.096706 -4.122137 2.155011
v 5.100765 -4.126207 2.159491
v 5.098244 -4.122774 2.155689
v 5.099552 -4.123771 2.156779
v 5.100441 -4.124976 2.158114
v 5.090000 -4.724036 1.246317
v 5.094246 -4.719268 1.256909
v 5.091595 -4.723622 1.247065
v 5.092960 -4.722570 1.249339
v 5.093895 -4.721042 1.252795
v 5.097569 -4.605301 1.954973
v 5.101349 -4.602637 1.946313
v 5.099041 -4.604683 1.953872
v 5.100277 -4.603959 1.951840
v 5.101089 -4.603241 1.949185
v 5.089943 -4.494538 1.353801
v 5.094036 -4.496912 1.362101
v 5.091480 -4.495047 1.354770
v 5.092796 -4.495676 1.356687
v 5.093697 -4.496331 1.359261
v 5.106522 -2.605813 3.823046
v 5.110558 -2.610084 3.827211
v 5.108051 -2.606465 3.823699
v 5.109356 -2.607505 3.824721
v 5.110237 -2.608776 3.825954
v 5.110832 -2.882398 4.087785
v 5.114616 -2.877880 4.083322
v 5.112293 -2.881642 4.087008
v 5.113525 -2.880519 4.085886
v 5.114342 -2.879198 4.084593
v 5.120152 -1.532179 4.621770
v 5.124187 -1.541549 4.616665
v 5.121731 -1.532841 4.621321
v 5.123051 -1.534854 4.620195
v 5.123917 -1.537911 4.618560
v 5.118484 -1.669396 4.326186
v 5.122398 -1.677740 4.328246
v 5.120007 -1.670359 4.326680
v 5.121284 -1.672280 4.327245
v 5.122124 -1.674873 4.327796
v 5.111172 -2.361071 4.419707
v 5.115093 -2.353068 4.417395
v 5.112652 -2.360048 4.419091
v 5.113914 -2.358169 4.418436
v 5.114773 -2.355718 4.417840
v 5.059586 -2.090496 4.605823
v 5.059513 -2.098677 4.603509
v 5.063305 -2.093654 4.604264
v 5.059555 -2.092495 4.605602
v 5.059532 -2.094750 4.605084
v 5.059517 -2.096922 4.604347
v 5.077408 -0.977360 4.640816
v 5.077396 -0.977880 4.642541
v 5.077419 -0.976501 4.642452
v 5.033009 -4.721335 0.783838
v 5.033024 -4.723076 0.784311
v 5.033009 -4.722933 0.782919
v 5.176243 -5.200109 2.467437
v 5.171619 -5.204794 2.467185
v 5.175900 -5.201886 2.466728
v 5.174904 -5.203399 2.466434
v 5.173401 -5.204421 2.466594
v 2.592667 -5.251467 5.040902
v 2.592453 -5.255874 5.036561
v 2.591881 -5.253182 5.040553
v 2.591564 -5.254623 5.039605
v 2.591766 -5.255568 5.038204
v 2.597523 -5.217796 2.496006
v 2.597019 -5.219121 2.495468
v 2.597210 -5.221004 2.495528
v 5.151588 -2.678407 5.063257
v 5.156151 -2.678295 5.058628
v 5.153336 -2.677672 5.062905
v 5.154819 -2.677393 5.061899
v 5.155807 -2.677613 5.060398
v 5.158337 -2.643103 2.518362
v 5.161835 -2.643598 2.518726
v 5.159668 -2.642597 2.517862
v 5.161560 -2.642866 2.518061
v 2.577446 -2.694234 5.088793
v 2.578327 -2.694866 5.092222
v 2.576973 -2.693769 5.090126
v 2.576973 -2.693725 5.091246
v 5.168556 -4.714801 2.702650
v 5.172848 -4.719401 2.700373
v 5.170189 -4.715147 2.702465
v 5.171577 -4.716142 2.701967
v 5.172512 -4.717634 2.701233
v 5.154907 -2.914568 4.574406
v 5.150635 -2.916830 4.569861
v 5.154579 -2.915428 4.572653
v 5.153648 -2.916160 4.571173
v 5.152267 -2.916652 4.570193
v 5.164639 -2.877835 2.733927
v 5.160404 -2.880094 2.736029
v 5.164322 -2.878694 2.734720
v 5.163406 -2.879425 2.735397
v 5.162033 -2.879916 2.735855
v 2.858276 -4.775329 5.043133
v 2.856186 -4.779877 5.047328
v 2.858242 -4.775699 5.044756
v 2.857834 -4.776693 5.046125
v 2.857113 -4.778162 5.047026
v 4.679592 -2.922410 5.059342
v 4.684235 -2.920108 5.063597
v 4.679958 -2.922257 5.060972
v 4.680969 -2.921765 5.062353
v 4.682472 -2.921013 5.063275
v 2.847851 -2.929801 5.085188
v 2.850098 -2.932024 5.080870
v 2.848831 -2.930673 5.084841
v 2.849602 -2.931403 5.083895
v 2.850044 -2.931878 5.082503
v 4.669857 -5.210555 2.682081
v 4.665344 -5.206351 2.684514
v 4.668137 -5.210252 2.682857
v 4.666676 -5.209345 2.683590
v 4.665695 -5.207976 2.684172
v 2.847107 -5.245396 4.563218
v 2.849281 -5.241047 4.559214
v 2.847946 -5.245041 4.561659
v 2.848656 -5.244086 4.560354
v 2.849121 -5.242684 4.559493
v 2.826321 -5.222345 2.702896
v 2.828270 -5.218112 2.705184
v 2.827072 -5.222026 2.703615
v 2.827705 -5.221111 2.704304
v 2.828125 -5.219735 2.704855
v 5.046677 -4.711069 2.705998
v 5.050934 -4.715271 2.703751
v 5.047001 -4.712681 2.705149
v 5.047920 -4.714046 2.704426
v 5.049301 -4.714954 2.703936
v 5.063648 -2.917234 4.570843
v 5.059349 -2.919300 4.566593
v 5.062016 -2.917397 4.570534
v 5.060623 -2.917848 4.569618
v 5.059689 -2.918516 4.568234
v 5.042778 -2.880560 2.737129
v 5.038567 -2.883649 2.740122
v 5.041153 -2.880801 2.737370
v 5.039783 -2.881472 2.738024
v 5.038876 -2.882471 2.738989
v 2.851460 -4.769390 4.951148
v 2.849770 -4.773736 4.955349
v 2.850689 -4.771028 4.951452
v 2.850094 -4.772430 4.952356
v 2.849773 -4.773381 4.953724
v 4.674301 -2.922840 4.963925
v 4.678600 -2.920756 4.968176
v 4.675934 -2.922020 4.964247
v 4.677322 -2.921336 4.965166
v 4.678257 -2.920893 4.966545
v 2.841557 -2.930359 4.988880
v 2.844185 -2.933282 4.984543
v 2.841637 -2.930558 4.987250
v 2.842163 -2.931183 4.985852
v 2.843056 -2.932139 4.984902
v 4.664852 -5.107821 2.696295
v 4.660595 -5.103637 2.698990
v 4.664520 -5.106201 2.696656
v 4.663593 -5.104836 2.697294
v 4.662216 -5.103934 2.698115
v 2.848743 -5.154070 4.560848
v 2.850788 -5.149719 4.556643
v 2.848888 -5.152433 4.560551
v 2.849331 -5.151031 4.559649
v 2.849998 -5.150078 4.558278
v 2.827770 -5.119559 2.716971
v 2.830791 -5.115357 2.720459
v 2.827995 -5.117942 2.717391
v 2.828648 -5.116574 2.718204
v 2.829628 -5.115666 2.719280
v 5.115280 -4.751654 4.532713
v 5.115273 -4.747480 4.537052
v 5.115284 -4.751362 4.534353
v 5.115284 -4.750467 4.535751
v 5.115280 -4.749105 4.536699
v 5.098991 -1.085278 4.600662
v 5.099010 -1.086581 4.603653
v 5.098991 -1.084470 4.601831
v 5.098999 -1.085178 4.603449
v 1.025070 -4.784117 5.020308
v 1.023762 -4.781085 5.020380
v 1.023647 -4.783894 5.020327
v 1.022942 -4.782253 5.020369
v 4.670918 -1.082502 5.049310
v 4.667912 -1.081277 5.049371
v 4.670685 -1.081102 5.049341
v 4.669056 -1.080440 5.049371
v 4.681828 -5.185837 4.539404
v 4.686043 -5.185745 4.535098
v 4.683456 -5.185822 4.539064
v 4.684830 -5.185798 4.538123
v 4.685738 -5.185772 4.536730
v 4.641113 -5.128432 0.844533
v 4.644157 -5.128431 0.845783
v 4.642265 -5.128411 0.843683
v 4.643909 -5.128411 0.844360
v 5.104206 -4.678417 0.873688
v 5.104191 -4.675379 0.872497
v 5.104202 -4.678160 0.872291
v 5.104195 -4.676516 0.871647
v 4.687275 -4.760667 4.978205
v 4.683033 -4.764947 4.978174
v 4.686954 -4.762297 4.978177
v 4.686039 -4.763684 4.978161
v 4.684662 -4.764615 4.978159
v 1.014900 -5.209242 4.577648
v 1.016193 -5.209281 4.580655
v 1.014050 -5.209281 4.579794
v 3.521526 -5.088473 3.538201
v 3.523415 -5.092354 3.539688
v 3.522686 -5.088790 3.539186
v 3.523453 -5.089636 3.539816
v 3.523708 -5.090891 3.539993
v 3.559071 -5.066514 2.804523
v 3.556980 -5.070440 2.802588
v 3.557896 -5.066794 2.803504
v 3.557083 -5.067639 2.802778
v 3.556763 -5.068919 2.802456
v 3.909935 -5.073284 3.106102
v 3.911816 -5.077167 3.107583
v 3.911091 -5.073599 3.107085
v 3.911854 -5.074447 3.107710
v 3.912106 -5.075700 3.107885
v 3.170685 -5.081700 3.236642
v 3.168591 -5.085629 3.234705
v 3.169510 -5.081982 3.235621
v 3.168697 -5.082826 3.234895
v 3.168373 -5.084108 3.234572
v 2.754070 -5.095185 3.605263
v 2.751953 -5.099115 3.603305
v 2.752884 -5.095465 3.604234
v 2.752068 -5.096309 3.603501
v 2.751740 -5.097592 3.603174
v 3.105316 -5.101963 3.907168
v 3.107231 -5.105856 3.908678
v 3.106487 -5.102282 3.908162
v 3.107262 -5.103131 3.908799
v 3.107521 -5.104386 3.908981
v 2.674751 -5.113516 4.207800
v 2.676819 -5.117426 4.209275
v 2.675983 -5.113835 4.208784
v 2.676807 -5.114689 4.209409
v 2.677101 -5.115952 4.209582
v 2.310951 -5.107007 3.912421
v 2.308681 -5.110944 3.910498
v 2.309708 -5.107286 3.911405
v 2.308838 -5.108134 3.910682
v 2.308475 -5.109418 3.910363
v 1.476368 -5.131965 4.584099
v 1.467346 -5.136281 4.588191
v 1.472958 -5.132349 4.585742
v 1.470043 -5.133305 4.587098
v 1.468071 -5.134685 4.587958
v 2.199173 -5.124022 4.463587
v 2.204189 -5.127893 4.463565
v 2.201538 -5.124314 4.464001
v 2.203320 -5.125154 4.464142
v 2.204250 -5.126412 4.463990
v 1.532932 -5.123907 4.323821
v 1.527718 -5.127912 4.323386
v 1.530560 -5.124211 4.323373
v 1.528736 -5.125079 4.323133
v 1.527740 -5.126380 4.323138
v 3.898346 -5.049881 2.313465
v 3.896324 -5.053805 2.311375
v 3.897194 -5.050159 2.312386
v 3.896408 -5.051002 2.311610
v 3.896103 -5.052284 2.311255
v 4.243156 -5.057210 2.632599
v 4.244957 -5.061107 2.634223
v 4.244282 -5.057530 2.633637
v 4.245018 -5.058381 2.634310
v 4.245255 -5.059636 2.634516
v 4.659767 -5.013482 1.242736
v 4.663609 -5.017337 1.233544
v 4.661278 -5.013688 1.239296
v 4.662537 -5.014491 1.236341
v 4.663353 -5.015773 1.234321
v 4.351093 -5.018881 1.360900
v 4.350655 -5.022695 1.355338
v 4.350548 -5.019116 1.358492
v 4.350273 -5.019924 1.356589
v 4.350311 -5.021179 1.355482
v 4.539093 -5.039388 2.092346
v 4.539234 -5.043405 2.097102
v 4.539589 -5.039746 2.094584
v 4.539787 -5.040636 2.096276
v 4.539661 -5.041920 2.097158
v 3.484962 -5.195551 3.503009
v 3.480225 -5.199305 3.498803
v 3.484165 -5.197007 3.502272
v 3.482986 -5.198232 3.501216
v 3.481602 -5.199039 3.499996
v 3.588928 -5.174750 2.826428
v 3.593464 -5.178807 2.830190
v 3.589649 -5.176283 2.826994
v 3.590763 -5.177592 2.827909
v 3.592102 -5.178477 2.829031
v 3.873360 -5.180363 3.070901
v 3.868633 -5.184117 3.066704
v 3.872562 -5.181820 3.070166
v 3.871387 -5.183043 3.069110
v 3.870007 -5.183849 3.067894
v 3.200539 -5.189939 3.258544
v 3.205078 -5.193994 3.262308
v 3.201260 -5.191473 3.259110
v 3.202374 -5.192780 3.260025
v 3.203716 -5.193668 3.261147
v 2.783897 -5.203415 3.627143
v 2.788467 -5.207475 3.630931
v 2.784622 -5.204949 3.627712
v 2.785744 -5.206261 3.628630
v 2.787094 -5.207148 3.629761
v 3.068787 -5.209035 3.872005
v 3.064014 -5.212795 3.867769
v 3.067986 -5.210494 3.871267
v 3.066799 -5.211720 3.870201
v 3.065403 -5.212528 3.868974
v 2.638382 -5.220569 4.172614
v 2.633415 -5.224350 4.168420
v 2.637566 -5.222035 4.171875
v 2.636337 -5.223269 4.170820
v 2.634880 -5.224081 4.169607
v 2.340622 -5.215233 3.934333
v 2.345375 -5.219297 3.938071
v 2.341358 -5.216769 3.934898
v 2.342522 -5.218081 3.935806
v 2.343929 -5.218970 3.936919
v 1.464149 -5.239562 4.581835
v 1.474556 -5.243494 4.576433
v 1.464905 -5.241133 4.581345
v 1.467144 -5.242434 4.580146
v 1.470535 -5.243261 4.578421
v 2.165775 -5.230988 4.426921
v 2.157055 -5.234869 4.424614
v 2.164669 -5.232469 4.426325
v 2.162624 -5.233727 4.425678
v 2.159946 -5.234569 4.425076
v 1.559654 -5.232191 4.347217
v 1.568138 -5.236180 4.349064
v 1.560677 -5.233723 4.347640
v 1.562649 -5.235020 4.348138
v 1.565269 -5.235883 4.348638
v 3.928268 -5.158113 2.335214
v 3.932720 -5.162174 2.339171
v 3.928982 -5.159647 2.335794
v 3.930080 -5.160957 2.336751
v 3.931393 -5.161846 2.337936
v 4.206505 -5.164289 2.597548
v 4.201874 -5.168040 2.593164
v 4.205719 -5.165744 2.596798
v 4.204559 -5.166971 2.595701
v 4.203209 -5.167776 2.594425
v 4.660412 -5.120592 1.227190
v 4.655655 -5.125093 1.237360
v 4.660011 -5.122210 1.227885
v 4.658966 -5.123635 1.230062
v 4.657436 -5.124647 1.233389
v 4.382599 -5.126998 1.379176
v 4.385075 -5.131203 1.387456
v 4.383163 -5.128543 1.380087
v 4.383831 -5.129885 1.381980
v 4.384502 -5.130819 1.384568
v 4.500797 -5.146554 2.060439
v 4.498196 -5.150194 2.052189
v 4.500160 -5.148008 2.059394
v 4.499443 -5.149211 2.057459
v 4.498756 -5.149979 2.054929
v 4.660332 -5.052620 0.677826
v 4.662010 -5.052622 0.678272
v 4.661880 -5.052581 0.676893
v 1.001209 -5.191280 4.604119
v 1.001770 -5.191329 4.605832
v 0.999775 -5.191329 4.605412
v 3.644794 -3.635128 4.990091
v 3.646111 -3.636646 4.994174
v 3.645767 -3.636242 4.990549
v 3.646358 -3.636922 4.991484
v 3.646481 -3.637063 4.992758
v 2.913029 -3.680947 4.939085
v 2.910904 -3.678534 4.942720
v 2.911987 -3.679760 4.939214
v 2.911221 -3.678885 4.939950
v 2.910839 -3.678454 4.941182
v 3.215729 -4.027178 4.990112
v 3.217037 -4.028689 4.994198
v 3.216698 -4.028288 4.990570
v 3.217289 -4.028967 4.991507
v 3.217407 -4.029109 4.992781
v 3.342113 -3.288918 4.939067
v 3.339985 -3.286496 4.942701
v 3.341072 -3.287727 4.939195
v 3.340302 -3.286852 4.939930
v 3.339920 -3.286419 4.941162
v 3.707703 -2.869485 4.932051
v 3.705547 -2.867035 4.935682
v 3.706654 -2.868285 4.932178
v 3.705875 -2.867396 4.932913
v 3.705486 -2.866958 4.934143
v 4.010738 -3.216097 4.983135
v 4.012070 -3.217635 4.987222
v 4.011715 -3.217218 4.983593
v 4.012314 -3.217903 4.984532
v 4.012436 -3.218050 4.985805
v 4.309612 -2.783554 4.969989
v 4.310898 -2.785229 4.974064
v 4.310574 -2.784729 4.970442
v 4.311157 -2.785458 4.971375
v 4.311272 -2.785632 4.972646
v 4.011230 -2.422593 4.920769
v 4.009102 -2.419978 4.924415
v 4.010193 -2.421328 4.920902
v 4.009418 -2.420388 4.921641
v 4.009037 -2.419915 4.922875
v 4.691803 -1.541669 4.957875
v 4.695019 -1.533404 4.962322
v 4.693172 -1.538664 4.958268
v 4.694267 -1.536037 4.959254
v 4.694916 -1.534191 4.960676
v 4.590401 -2.307300 4.950379
v 4.590382 -2.311285 4.954028
v 4.590862 -2.309358 4.950667
v 4.591022 -2.310840 4.951463
v 4.590855 -2.311515 4.952643
v 4.403240 -1.600294 4.945799
v 4.402321 -1.594888 4.949878
v 4.402660 -1.597962 4.946098
v 4.402283 -1.596115 4.946977
v 4.402164 -1.595034 4.948304
v 2.424889 -4.024708 4.930728
v 2.422611 -4.022367 4.934359
v 2.423790 -4.023550 4.930854
v 2.422974 -4.022696 4.931590
v 2.422558 -4.022284 4.932821
v 2.745071 -4.364701 4.982550
v 2.746525 -4.366134 4.986654
v 2.746098 -4.365787 4.983012
v 2.746735 -4.366438 4.983952
v 2.746883 -4.366561 4.985232
v 1.360638 -4.795846 4.914282
v 1.351299 -4.799412 4.918049
v 1.357201 -4.797360 4.914466
v 1.354218 -4.798567 4.915247
v 1.352146 -4.799289 4.916506
v 1.476917 -4.486855 4.897663
v 1.471184 -4.486129 4.901171
v 1.474499 -4.486314 4.897742
v 1.472557 -4.485986 4.898435
v 1.471394 -4.485920 4.899641
v 2.207630 -4.665835 4.967010
v 2.212196 -4.665578 4.971227
v 2.209850 -4.666276 4.967509
v 2.211498 -4.666382 4.968485
v 2.212322 -4.666137 4.969792
v 3.604641 -3.589589 5.091872
v 3.600266 -3.584596 5.094994
v 3.603840 -3.588677 5.093215
v 3.602726 -3.587409 5.094279
v 3.601471 -3.585978 5.094904
v 2.930199 -3.700978 5.050398
v 2.933800 -3.705113 5.054998
v 2.930698 -3.701555 5.052010
v 2.931561 -3.702545 5.053450
v 2.932648 -3.703794 5.054499
v 3.175571 -3.981637 5.091890
v 3.171196 -3.976646 5.095015
v 3.174770 -3.980722 5.093233
v 3.173656 -3.979455 5.094299
v 3.172401 -3.978024 5.094924
v 3.359280 -3.308942 5.050380
v 3.362885 -3.313083 5.054981
v 3.359779 -3.309521 5.051994
v 3.360641 -3.310510 5.053434
v 3.361732 -3.311761 5.054482
v 3.724842 -2.889479 5.043359
v 3.728477 -2.893649 5.047964
v 3.725346 -2.890059 5.044972
v 3.726212 -2.891057 5.046414
v 3.727310 -2.892316 5.047465
v 3.970600 -3.170581 5.084917
v 3.966206 -3.165569 5.088040
v 3.969799 -3.169667 5.086259
v 3.968681 -3.168393 5.087325
v 3.967419 -3.166952 5.087949
v 4.269436 -2.738176 5.071750
v 4.265099 -2.732994 5.074900
v 4.268635 -2.737249 5.073096
v 4.267529 -2.735938 5.074168
v 4.266289 -2.734444 5.074800
v 4.028393 -2.442422 5.032089
v 4.031990 -2.446788 5.036677
v 4.028893 -2.443019 5.033700
v 4.029755 -2.444059 5.035138
v 4.030838 -2.445382 5.036183
v 4.684055 -1.521237 5.064200
v 4.679485 -1.529414 5.068260
v 4.683571 -1.521705 5.065817
v 4.682529 -1.523419 5.067158
v 4.681095 -1.526127 5.068014
v 4.548920 -2.264236 5.051708
v 4.546177 -2.256260 5.055382
v 4.548241 -2.263096 5.053095
v 4.547482 -2.261180 5.054281
v 4.546757 -2.258780 5.055084
v 4.421616 -1.617330 5.057552
v 4.423698 -1.625136 5.061602
v 4.421997 -1.618189 5.059123
v 4.422531 -1.619974 5.060445
v 4.423126 -1.622414 5.061314
v 2.441906 -4.044810 5.042033
v 2.445702 -4.048853 5.046642
v 2.442421 -4.045379 5.043646
v 2.443321 -4.046350 5.045089
v 2.444473 -4.047567 5.046140
v 2.705067 -4.319090 5.084325
v 2.700500 -4.314195 5.087455
v 2.704247 -4.318184 5.085672
v 2.703094 -4.316936 5.086738
v 2.701778 -4.315531 5.087366
v 1.340305 -4.787210 5.020240
v 1.350239 -4.781986 5.024746
v 1.340927 -4.786659 5.021845
v 1.343033 -4.785474 5.023266
v 1.346302 -4.783834 5.024285
v 1.490479 -4.508571 5.008838
v 1.498577 -4.510596 5.013607
v 1.491322 -4.508988 5.010464
v 1.493156 -4.509521 5.011943
v 1.495705 -4.510086 5.013047
v 2.170753 -4.618552 5.068864
v 2.162346 -4.615716 5.071893
v 2.169640 -4.617799 5.070208
v 2.167652 -4.616997 5.071255
v 2.165092 -4.616265 5.071847
v 0.794548 -4.797971 4.928284
v 0.795002 -4.799639 4.928456
v 0.793056 -4.799173 4.928272
v 4.663506 -1.022153 5.035279
v 4.665401 -1.022545 5.035301
v 4.664165 -1.020980 5.035344
v 4.665192 -1.021196 5.035358
v 4.711742 -2.040133 4.991212
v 4.713654 -2.031622 4.991246
v 4.712543 -2.038343 4.991161
v 4.713188 -2.036095 4.991150
v 4.713577 -2.033736 4.991178
v 1.010994 -5.255579 4.580530
v 1.027756 -4.785814 5.067437
v 5.145496 -1.079932 4.604530
v 4.672455 -1.077378 5.099968
v 1.010075 -5.255880 4.580969
vn -0.9940 -0.0620 0.0902
vn -0.9999 -0.0060 0.0114
vn -0.9940 -0.0648 0.0878
vn 0.3656 -0.6168 0.6971
vn 0.4551 -0.6296 0.6297
vn 0.4551 -0.5902 0.6667
vn -0.9999 -0.0063 0.0113
vn -0.9966 0.0604 -0.0558
vn 0.2612 0.7548 -0.6017
vn 0.3530 0.7619 -0.5430
vn 0.2583 0.7872 -0.5600
vn -0.9999 -0.0063 0.0112
vn -0.9940 -0.0868 0.0672
vn -0.9942 -0.0805 0.0717
vn 0.3644 -0.5754 0.7322
vn 0.4539 -0.5507 0.7005
vn 0.2608 0.5887 -0.7651
vn 0.3520 0.5067 -0.7870
vn 0.3561 0.5697 -0.7407
vn 0.2629 0.6803 -0.6841
vn 0.3574 0.6964 -0.6223
vn 0.2622 0.7199 -0.6426
vn -0.9940 -0.0785 0.0757
vn -0.9942 -0.0724 0.0796
vn -0.9967 0.0621 -0.0521
vn 0.3489 0.7951 -0.4960
vn 0.2543 0.8211 -0.5109
vn 0.3473 -0.8247 0.4464
vn 0.4430 -0.7619 0.4725
vn 0.3534 -0.7944 0.4940
vn 0.3581 -0.7623 0.5392
vn 0.4515 -0.6988 0.5548
vn 0.3615 -0.7298 0.5803
vn 0.3433 0.8279 -0.4435
vn 0.2493 0.8546 -0.4555
vn 0.3379 0.8512 -0.4016
vn 0.2459 0.8772 -0.4123
vn 0.3390 -0.8657 0.3683
vn 0.4295 -0.8174 0.3840
vn 0.3417 -0.8502 0.4006
vn -0.9938 -0.0910 0.0635
vn 0.3352 0.8613 -0.3819
vn 0.2440 0.8873 -0.3913
vn 0.3603 0.6970 -0.6200
vn 0.0791 0.8582 -0.5073
vn 0.2793 -0.9472 0.1578
vn 0.4238 -0.8341 0.3530
vn -0.9939 -0.0965 0.0542
vn -0.9938 -0.0952 0.0581
vn 0.3628 -0.5356 0.7625
vn 0.4516 -0.5128 0.7302
vn 0.3602 -0.5020 0.7863
vn 0.4489 -0.4805 0.7534
vn 0.2537 0.4591 -0.8514
vn 0.3427 0.4135 -0.8435
vn 0.3463 0.4453 -0.8257
vn -0.9966 0.0574 -0.0597
vn 0.3612 -0.4798 0.7995
vn 0.4469 -0.4597 0.7675
vn 0.3638 -0.4388 0.8217
vn 0.4354 -0.4301 0.7908
vn 0.2517 0.4261 -0.8689
vn 0.3611 0.6446 -0.6739
vn -1.0000 0.0021 0.0087
vn -0.9966 0.0497 -0.0662
vn -0.9999 -0.0038 0.0114
vn 0.5263 -0.6014 0.6011
vn 0.5260 -0.5643 0.6364
vn 0.9999 0.0063 -0.0113
vn 0.9975 -0.0612 0.0364
vn 0.3557 0.7300 -0.5836
vn 0.4333 0.7341 -0.5228
vn 0.9955 0.0772 -0.0554
vn 0.9955 0.0798 -0.0511
vn 0.5243 -0.5265 0.6693
vn 0.5226 -0.4902 0.6976
vn 0.3581 0.6580 -0.6624
vn 0.4383 0.5936 -0.6749
vn 0.4390 0.6330 -0.6376
vn 0.4379 0.6702 -0.5992
vn 0.3578 0.6165 -0.7014
vn 0.4363 0.5483 -0.7134
vn 0.4539 -0.6660 0.5920
vn 0.4480 -0.7304 0.5156
vn 0.5230 -0.6677 0.5298
vn 0.5186 -0.6987 0.4927
vn 0.4226 0.7988 -0.4281
vn 0.9955 0.0734 -0.0592
vn 0.4366 -0.7918 0.4272
vn 0.5139 -0.7293 0.4518
vn 0.5078 -0.7583 0.4087
vn 0.4125 0.8327 -0.3694
vn 0.9951 0.0861 -0.0485
vn 0.5005 -0.7836 0.3681
vn 0.3745 -0.9132 0.1607
vn 0.4939 -0.8008 0.3389
vn 0.5183 0.6382 -0.5692
vn 0.9976 -0.0442 0.0534
vn 0.9999 0.0060 -0.0113
vn 0.4324 0.4873 -0.7587
vn 0.4251 0.4280 -0.7976
vn 0.5189 -0.4601 0.7205
vn 0.5150 -0.4409 0.7351
vn 0.9999 0.0037 -0.0111
vn 0.9968 -0.0437 0.0662
vn 0.9975 -0.0419 0.0575
vn 0.4199 0.3978 -0.8158
vn 0.5248 0.5922 -0.6115
vn 0.4777 -0.2453 0.8436
vn 0.2625 0.6372 -0.7246
vn -0.0517 -0.0162 0.9985
vn 0.3485 -0.0529 0.9358
vn 0.0486 -0.0486 0.9976
vn 0.3845 -0.2590 0.8861
vn 0.9955 0.0604 -0.0726
vn 0.9955 0.0556 -0.0761
vn 0.4361 0.7024 -0.5625
vn 0.9956 0.0630 -0.0690
vn -1.0000 0.0097 0.0015
vn -0.9960 0.0516 -0.0726
vn -0.9941 -0.0697 0.0833
vn 0.9958 0.0361 -0.0846
vn 0.9999 -0.0117 0.0026
vn 1.0000 -0.0029 -0.0070
vn -0.0627 -0.9978 -0.0234
vn -0.2350 -0.9702 -0.0589
vn 0.0405 -0.9991 0.0093
vn -0.0899 -0.9959 -0.0098
vn 0.1411 -0.9896 0.0271
vn 0.9974 -0.0639 0.0324
vn 0.3641 -0.6957 0.6193
vn 0.9976 -0.0479 0.0502
vn 0.9999 0.0062 -0.0113
vn 0.5252 -0.6360 0.5654
vn -0.9953 0.0140 0.0961
vn -0.9950 0.0560 -0.0831
vn -0.9911 -0.0214 0.1311
vn -0.9957 -0.0460 0.0802
vn 0.9927 -0.0443 0.1118
vn 0.9955 -0.0505 0.0804
vn 0.9962 0.0279 -0.0831
vn 0.9946 -0.0230 0.1011
vn -0.9934 -0.1023 0.0514
vn -0.9965 0.0707 -0.0441
vn 0.4299 0.7654 -0.4788
vn 0.9969 -0.0754 0.0229
vn 0.9999 0.0064 -0.0114
vn -0.9965 0.0679 -0.0480
vn -0.9964 0.0745 -0.0400
vn 0.9955 0.0675 -0.0659
vn 0.2579 0.5227 -0.8126
vn 0.1261 0.9907 -0.0504
vn -0.0038 0.9998 0.0200
vn -0.0055 0.9969 -0.0781
vn 0.9956 0.0469 -0.0807
vn -0.9999 -0.0063 0.0114
vn -0.9926 -0.1165 0.0347
vn -0.9959 0.0855 -0.0297
vn -0.9947 -0.1025 0.0073
vn 0.9950 0.0883 -0.0472
vn 0.9961 -0.0874 -0.0084
vn 0.9990 -0.0103 -0.0443
vn 0.9962 -0.0869 0.0104
vn -0.2521 0.0262 0.9673
vn -0.4195 0.0891 0.9033
vn -0.9946 -0.0535 0.0888
vn -0.0926 -0.0173 0.9956
vn 0.9971 -0.0717 0.0248
vn 0.3647 -0.6581 0.6587
vn 0.9955 0.0706 -0.0628
vn 0.9973 -0.0677 0.0285
vn -0.9963 0.0787 -0.0348
vn 0.4167 0.8220 -0.3882
vn 0.4495 -0.8778 0.1654
vn 0.9976 -0.0568 0.0395
vn 0.9975 -0.0564 0.0429
vn 0.9976 -0.0513 0.0464
vn -0.9967 0.0519 -0.0627
vn -0.9959 0.0848 -0.0314
vn 0.0074 -1.0000 0.0016
vn 0.0060 -0.9999 -0.0131
vn 0.0056 -0.9999 -0.0152
vn 0.0956 -0.0623 -0.9935
vn -0.0114 0.0187 -0.9998
vn -0.0107 -0.0743 -0.9972
vn 0.0381 -0.1890 -0.9812
vn -0.0107 -0.0798 -0.9968
vn -0.0914 -0.9893 -0.1140
vn 0.0062 -0.9998 -0.0188
vn -0.0941 -0.9954 -0.0176
vn 0.0073 -0.0291 0.9995
vn 0.0099 -0.0185 0.9998
vn 0.0949 -0.1020 0.9902
vn 0.1035 0.9944 0.0205
vn -0.0027 0.9949 0.1006
vn -0.9999 -0.0047 0.0108
vn -0.9796 -0.1106 0.1678
vn -0.9940 -0.0064 0.1093
vn 0.0753 -0.9960 0.0487
vn -0.0225 -0.9984 0.0514
vn 0.9999 -0.0102 -0.0020
vn 0.9999 0.0107 -0.0013
vn 1.0000 0.0036 0.0024
vn 0.0940 0.9953 0.0226
vn -0.0050 0.9998 0.0186
vn 0.0771 0.9970 0.0009
vn 0.9940 0.0064 -0.1093
vn 0.9961 -0.0667 0.0573
vn 0.9968 -0.0674 -0.0436
vn -0.1006 0.9882 0.1158
vn -0.0039 0.9932 0.1163
vn 1.0000 0.0065 -0.0039
vn 0.9902 0.1041 -0.0930
vn 0.0106 -0.0201 0.9997
vn -0.1369 0.1275 0.9823
vn -0.1681 -0.0229 0.9855
vn 0.0114 -0.0194 0.9997
vn 0.0803 -0.7177 0.6917
vn 0.0085 -0.6617 0.7498
vn 0.0281 -0.6840 0.7290
vn 0.0933 0.0185 -0.9955
vn -0.0118 0.1157 -0.9932
vn -0.0114 0.0181 -0.9998
vn 0.0042 -0.9999 -0.0160
vn 0.0073 -0.9964 0.0844
vn 0.0055 -0.9999 -0.0138
vn 0.1547 -0.9845 -0.0822
vn 0.9992 0.0326 -0.0239
vn 1.0000 0.0049 0.0044
vn 0.9955 0.0948 0.0072
vn -0.0736 -0.7527 0.6543
vn 0.0093 -0.7203 0.6936
vn -0.4218 0.7729 -0.4741
vn -0.5798 0.5816 -0.5706
vn -0.6089 0.6101 -0.5070
vn 0.0108 -0.0195 0.9998
vn 0.0120 -0.1129 0.9935
vn 0.1097 -0.1123 0.9876
vn 0.0060 -0.9999 -0.0128
vn -0.0832 -0.9965 -0.0116
vn 1.0000 0.0049 -0.0050
vn 0.9953 0.0062 -0.0966
vn 0.9960 -0.0898 0.0016
vn 0.9812 -0.0409 -0.1887
vn 0.1038 -0.9945 -0.0131
vn -0.9877 0.0639 0.1430
vn -0.9956 0.0932 0.0130
vn 0.7767 -0.6154 -0.1346
vn 0.7105 -0.6992 -0.0786
vn 0.7125 -0.6999 -0.0496
vn 0.0077 -0.9999 -0.0146
vn -0.1587 -0.9864 0.0439
vn 0.6526 -0.7569 -0.0350
vn 0.6746 -0.7344 0.0750
vn -0.9932 -0.0068 0.1160
vn -0.9964 -0.0847 0.0089
vn 0.9999 0.0118 -0.0035
vn 0.9941 0.0032 0.1086
vn 0.9927 -0.0826 0.0876
vn 0.0232 -0.0153 0.9996
vn 0.0117 -0.0202 0.9997
vn 0.0113 0.0739 0.9972
vn -0.0195 -0.9991 -0.0371
vn 0.9357 0.3521 0.0208
vn 0.1562 0.9802 0.1213
vn 0.0953 0.9953 0.0187
vn -0.0813 -0.1066 -0.9910
vn -0.1085 0.0180 -0.9939
vn 0.7140 -0.1151 0.6906
vn 0.6533 -0.1451 0.7431
vn 0.7159 -0.0793 0.6937
vn -0.6016 0.5345 -0.5936
vn -0.5265 0.6075 -0.5948
vn -0.4918 0.5108 -0.7051
vn 0.7858 -0.0526 0.6162
vn 0.8382 -0.0015 0.5454
vn -0.9894 -0.1318 -0.0613
vn -0.9940 -0.1086 0.0099
vn 0.1084 -0.0194 0.9939
vn 0.0112 -0.0203 0.9997
vn -0.0042 0.9965 0.0829
vn -0.1030 0.9945 0.0192
vn 0.0234 0.1705 0.9851
vn -0.7267 0.4993 -0.4717
vn 0.1177 -0.9883 0.0967
vn -0.1075 -0.0790 -0.9911
vn 0.7077 -0.1752 0.6844
vn 0.7347 -0.2162 0.6431
vn 0.6770 -0.2888 0.6770
vn 0.0867 0.0185 -0.9961
vn 0.1676 -0.6344 0.7546
vn 0.0107 -0.7741 0.6329
vn 0.1077 -0.7165 0.6892
vn 0.7613 -0.6340 -0.1360
vn 0.7117 -0.7022 0.0199
vn -0.9900 0.0888 0.1096
vn 0.6289 -0.7662 0.1320
vn 0.9999 0.0064 0.0101
vn 0.9920 -0.0858 0.0930
vn -0.0382 -0.0336 -0.9987
vn -0.0110 -0.0631 -0.9979
vn 0.1484 -0.0852 -0.9853
vn 0.0914 0.9928 -0.0780
vn -0.0114 0.0014 0.9999
vn -0.0858 0.0783 0.9932
vn 0.0114 -0.0181 0.9998
vn 0.0108 0.0803 0.9967
vn 0.0820 -0.0879 0.9927
vn 0.0902 0.0137 0.9958
vn 0.0050 -0.9927 -0.1202
vn 0.0238 -0.9995 -0.0193
vn 0.0050 -0.9932 -0.1166
vn 0.0794 -0.9956 -0.0504
vn -0.9962 -0.0045 -0.0867
vn -0.9924 -0.1227 0.0091
vn 0.9949 0.1004 -0.0093
vn 0.9974 0.0344 0.0634
vn 0.9890 0.1023 -0.1065
vn 0.9999 0.0046 -0.0113
vn -0.0784 -0.0207 0.9967
vn -0.0869 -0.0185 0.9960
vn -0.0190 -0.0921 0.9956
vn 0.1140 0.9793 0.1672
vn 0.1126 -0.9895 0.0910
vn -0.9957 -0.0210 0.0907
vn -0.9939 -0.0914 0.0610
vn -0.9864 -0.1628 0.0234
vn 0.0779 0.9936 0.0812
vn -0.0062 0.9995 0.0296
vn 0.0734 0.9937 0.0852
vn 0.7344 -0.3658 0.5717
vn 0.6692 -0.4575 0.5855
vn 0.7042 -0.4559 0.5444
vn -0.0759 0.9966 -0.0331
vn -0.6355 -0.2548 -0.7288
vn -0.5751 -0.3456 -0.7415
vn -0.5951 -0.2505 -0.7636
vn 0.0547 0.9928 0.1070
vn 0.0579 0.9931 0.1020
vn 0.7675 -0.3636 0.5280
vn 0.7362 -0.4530 0.5027
vn -0.7894 -0.2621 -0.5551
vn -0.8043 -0.3552 -0.4764
vn -0.7623 -0.3569 -0.5399
vn -0.7135 -0.2608 -0.6504
vn -0.6509 -0.3530 -0.6721
vn -0.6741 -0.2572 -0.6924
vn 0.0624 0.9932 0.0987
vn 0.0659 0.9934 0.0943
vn -0.0732 0.9966 -0.0383
vn -0.5301 -0.3399 -0.7769
vn -0.5479 -0.2455 -0.7997
vn 0.4942 -0.3583 0.7921
vn 0.5189 -0.4514 0.7260
vn 0.5401 -0.3636 0.7590
vn 0.5839 -0.3650 0.7251
vn 0.5980 -0.4569 0.6585
vn 0.6236 -0.3667 0.6904
vn -0.4794 -0.3325 -0.8122
vn -0.4948 -0.2395 -0.8354
vn -0.4389 -0.3258 -0.8374
vn -0.4525 -0.2330 -0.8608
vn 0.4183 -0.3520 0.8373
vn 0.4331 -0.4408 0.7862
vn 0.4503 -0.3531 0.8201
vn 0.0496 0.9927 0.1099
vn -0.4198 -0.3225 -0.8484
vn -0.4328 -0.2308 -0.8715
vn -0.5214 -0.3395 -0.7829
vn -0.5506 -0.0661 -0.8321
vn 0.2114 -0.2975 0.9310
vn 0.4029 -0.4361 0.8046
vn -0.0061 0.9995 0.0296
vn 0.0413 0.9920 0.1195
vn 0.0458 0.9923 0.1153
vn 0.7972 -0.3619 0.4831
vn 0.7659 -0.4490 0.4603
vn 0.8242 -0.3549 0.4413
vn 0.7916 -0.4441 0.4197
vn -0.8671 -0.2595 -0.4253
vn -0.8544 -0.3495 -0.3845
vn -0.8387 -0.3519 -0.4156
vn -0.0801 0.9964 -0.0292
vn 0.8402 -0.3539 0.4109
vn 0.8083 -0.4402 0.3911
vn 0.9362 -0.2996 0.1839
vn 0.9004 -0.3951 0.1822
vn -0.8830 -0.2561 -0.3933
vn -0.6994 -0.3588 -0.6182
vn -0.0874 0.9960 -0.0181
vn 0.6404 -0.5286 0.5572
vn 0.6740 -0.5267 0.5180
vn 0.0062 -0.9995 -0.0296
vn 0.0570 -0.9978 0.0353
vn 0.0061 -0.9995 -0.0296
vn -0.6140 -0.3498 -0.7076
vn -0.5525 -0.4265 -0.7161
vn -0.0417 -0.9944 -0.0975
vn -0.0376 -0.9942 -0.1012
vn 0.7047 -0.5242 0.4781
vn 0.7335 -0.5197 0.4380
vn -0.6889 -0.3554 -0.6317
vn -0.6968 -0.4381 -0.5680
vn -0.6616 -0.4360 -0.6100
vn -0.6251 -0.4333 -0.6493
vn -0.7258 -0.3567 -0.5882
vn -0.7323 -0.4376 -0.5217
vn 0.6334 -0.4578 0.6239
vn 0.5604 -0.4548 0.6922
vn 0.5728 -0.5277 0.6272
vn 0.5367 -0.5266 0.6593
vn -0.4611 -0.4125 -0.7856
vn -0.0452 -0.9945 -0.0941
vn 0.4751 -0.4465 0.7582
vn 0.4979 -0.5218 0.6927
vn 0.4561 -0.5174 0.7241
vn -0.4046 -0.4006 -0.8221
vn -0.0355 -0.9937 -0.1061
vn 0.4167 -0.5114 0.7515
vn 0.2243 -0.3669 0.9028
vn 0.3884 -0.5053 0.7706
vn -0.4797 -0.4718 -0.7398
vn 0.0729 -0.9972 0.0172
vn -0.7730 -0.4363 -0.4606
vn -0.8083 -0.4295 -0.4026
vn 0.7588 -0.5141 0.3999
vn 0.7753 -0.5098 0.3729
vn 0.0798 -0.9968 0.0102
vn 0.0763 -0.9970 0.0136
vn -0.8241 -0.4263 -0.3731
vn -0.7930 -0.4636 -0.3953
vn 0.8650 -0.4669 0.1835
vn -0.7516 -0.2619 -0.6054
vn 0.9974 0.0710 -0.0143
vn 0.9994 -0.0319 0.0143
vn 0.9908 -0.1320 0.0286
vn -0.0583 -0.9950 -0.0807
vn -0.0609 -0.9952 -0.0762
vn -0.5899 -0.4302 -0.6833
vn -0.0546 -0.9950 -0.0840
vn -0.0930 0.9956 -0.0135
vn 0.0699 0.9935 0.0898
vn -0.0697 -0.9953 -0.0669
vn 0.0269 0.0387 0.9989
vn -0.0895 0.1884 0.9780
vn 0.0575 -0.0968 0.9936
vn -0.0409 0.0021 0.9992
vn 0.0759 -0.2005 0.9768
vn 0.0530 -0.9979 0.0382
vn 0.6603 -0.3689 0.6541
vn 0.0704 -0.9973 0.0216
vn 0.6063 -0.5288 0.5939
vn 0.0902 0.9956 0.0263
vn -0.0982 0.9951 -0.0112
vn 0.1017 0.9933 0.0556
vn 0.0852 0.9936 0.0745
vn 0.0970 -0.9953 -0.0061
vn 0.0826 -0.9966 0.0082
vn -0.0738 -0.9952 -0.0649
vn 0.1013 -0.9945 -0.0262
vn 0.0390 0.9916 0.1232
vn -0.0655 0.9968 -0.0450
vn -0.5095 -0.4203 -0.7508
vn 0.0446 -0.9977 0.0504
vn 0.0060 -0.9995 -0.0297
vn -0.0689 0.9968 -0.0411
vn -0.0612 0.9969 -0.0487
vn -0.0511 -0.9949 -0.0871
vn -0.8324 -0.2613 -0.4887
vn 0.1257 -0.1637 -0.9785
vn 0.0744 -0.0815 -0.9939
vn 0.1300 -0.1596 -0.9786
vn -0.0639 -0.9955 -0.0705
vn -0.0060 0.9995 0.0297
vn 0.0230 0.9902 0.1377
vn -0.0520 0.9968 -0.0610
vn -0.0050 0.9921 0.1255
vn -0.0339 -0.9935 -0.1082
vn 0.0138 -0.9978 0.0648
vn -0.0257 -0.9996 -0.0120
vn 0.0322 -0.9976 0.0617
vn 0.9613 0.2717 -0.0462
vn 0.8848 0.4546 -0.1025
vn 0.0815 0.9937 0.0766
vn 0.9637 -0.0630 -0.2596
vn 0.0461 -0.9979 0.0466
vn 0.6985 -0.3661 0.6149
vn -0.0487 -0.9946 -0.0913
vn 0.0498 -0.9978 0.0427
vn -0.0564 0.9970 -0.0530
vn -0.4225 -0.4048 -0.8109
vn 0.2246 -0.4330 0.8730
vn 0.0603 -0.9977 0.0319
vn 0.0632 -0.9976 0.0282
vn 0.0667 -0.9975 0.0249
vn -0.0831 0.9963 -0.0241
vn -0.0531 0.9969 -0.0574
vn 0.5581 -0.6941 0.4547
vn 0.5677 -0.6212 0.5402
vn 0.5268 -0.6565 0.5398
vn 0.0107 -0.0117 -0.9999
vn -0.7427 0.6490 0.1651
vn -0.7590 0.5967 0.2604
vn -0.7771 0.6081 0.1624
vn 0.1507 -0.1402 -0.9786
vn 0.1465 -0.1440 -0.9787
vn 0.5149 -0.7279 0.4528
vn 0.4855 -0.6891 0.5380
vn -0.5702 0.8044 0.1668
vn -0.4958 0.8281 0.2615
vn -0.5591 0.7859 0.2640
vn -0.6653 0.7279 0.1660
vn -0.6905 0.6734 0.2641
vn -0.7065 0.6880 0.1659
vn 0.1431 -0.1480 -0.9786
vn 0.1387 -0.1520 -0.9786
vn 0.0071 -0.0159 -0.9998
vn -0.7961 0.5479 0.2569
vn -0.8147 0.5575 0.1595
vn 0.7699 -0.4651 0.4369
vn 0.7065 -0.4720 0.5272
vn 0.7440 -0.5010 0.4421
vn 0.7108 -0.5432 0.4470
vn 0.6403 -0.5497 0.5365
vn 0.6760 -0.5825 0.4514
vn -0.8402 0.4808 0.2508
vn -0.8584 0.4894 0.1538
vn -0.8762 0.4158 0.2437
vn -0.8929 0.4252 0.1480
vn 0.7873 -0.4346 0.4374
vn 0.7461 -0.4183 0.5181
vn 0.7830 -0.4438 0.4359
vn 0.1548 -0.1362 -0.9785
vn -0.8927 0.3818 0.2395
vn -0.9080 0.3924 0.1470
vn -0.8743 0.4195 0.2441
vn -0.8736 0.4860 0.0235
vn 0.8071 -0.3938 0.4399
vn 0.7516 -0.4101 0.5166
vn 0.0755 -0.0681 -0.9948
vn 0.1260 -0.1085 -0.9861
vn 0.1532 -0.1300 -0.9796
vn 0.4708 -0.7589 0.4498
vn 0.4434 -0.7194 0.5347
vn 0.4287 -0.7853 0.4466
vn 0.4033 -0.7457 0.5303
vn -0.4407 0.8829 0.1620
vn -0.4040 0.8784 0.2555
vn -0.4351 0.8627 0.2578
vn 0.0154 -0.0084 -0.9998
vn 0.3985 -0.8017 0.4456
vn 0.3749 -0.7630 0.5266
vn 0.1749 -0.9046 0.3888
vn 0.1687 -0.8605 0.4806
vn -0.4085 0.8982 0.1623
vn -0.5046 0.8224 0.2628
vn 0.0744 -0.0814 -0.9939
vn 0.0263 -0.0009 -0.9997
vn 0.5362 -0.5868 0.6068
vn 0.4969 -0.6203 0.6068
vn -0.0744 0.0815 0.9939
vn -0.0089 0.0310 0.9995
vn -0.7256 0.6361 0.2626
vn -0.7372 0.5815 0.3440
vn -0.1444 0.1246 0.9816
vn -0.0716 0.0634 0.9954
vn -0.1530 0.0977 0.9834
vn 0.4581 -0.6520 0.6042
vn 0.4177 -0.6809 0.6016
vn -0.6504 0.7119 0.2650
vn -0.5907 0.7278 0.3484
vn -0.6322 0.6920 0.3485
vn -0.6709 0.6550 0.3476
vn -0.6072 0.7491 0.2649
vn -0.5444 0.7632 0.3481
vn 0.6058 -0.5852 0.5390
vn 0.6739 -0.5121 0.5327
vn 0.6058 -0.5184 0.6035
vn 0.6383 -0.4831 0.5994
vn -0.8187 0.4679 0.3329
vn -0.1381 0.1312 0.9817
vn -0.0746 0.0792 0.9941
vn 0.7321 -0.4380 0.5217
vn 0.6698 -0.4448 0.5946
vn 0.6950 -0.4126 0.5889
vn -0.8728 0.3682 0.3204
vn -0.0509 0.0280 0.9983
vn -0.1603 0.0578 0.9854
vn 0.7098 -0.3944 0.5836
vn 0.7744 -0.3755 0.5093
vn 0.7187 -0.3885 0.5767
vn -0.8358 0.3930 0.3835
vn -0.0270 0.0151 0.9995
vn -0.0744 0.0814 0.9939
vn -0.4836 0.8046 0.3445
vn -0.4253 0.8389 0.3396
vn 0.3799 -0.7065 0.5971
vn 0.3535 -0.7241 0.5922
vn -0.0341 0.0080 0.9994
vn -0.0307 0.0116 0.9995
vn -0.3958 0.8551 0.3349
vn -0.5954 0.6702 0.4431
vn 0.1666 -0.8186 0.5496
vn -0.6202 0.7664 0.1670
vn -0.0062 -0.9999 0.0162
vn 0.0178 -0.9926 0.1205
vn 0.0274 -0.9750 0.2206
vn -0.1252 0.1444 0.9816
vn -0.1210 0.1475 0.9816
vn -0.7047 0.6191 0.3464
vn -0.1290 0.1413 0.9815
vn 0.0307 0.0053 -0.9995
vn 0.1346 -0.1561 -0.9785
vn -0.1115 0.1559 0.9815
vn 0.9981 0.0620 0.0010
vn 0.9836 0.1114 -0.1415
vn 0.9942 0.0292 0.1036
vn 0.9297 0.3304 0.1624
vn 0.9801 0.0082 0.1982
vn -0.0052 0.0339 0.9994
vn 0.6403 -0.6198 0.4537
vn -0.0232 0.0182 0.9996
vn 0.5727 -0.5525 0.6056
vn 0.0714 -0.1768 -0.9817
vn 0.0328 0.0103 -0.9994
vn 0.1004 -0.1886 -0.9769
vn 0.1193 -0.1717 -0.9779
vn -0.0499 -0.0120 0.9987
vn -0.0358 0.0047 0.9993
vn -0.1098 0.1602 0.9810
vn -0.0705 -0.0084 0.9975
vn 0.0624 -0.0357 -0.9974
vn 0.0634 -0.0680 -0.9957
vn -0.0001 -0.0231 -0.9997
vn 0.0749 -0.0800 -0.9940
vn -0.7739 0.5344 0.3399
vn 0.1029 -0.0327 0.9942
vn -0.0032 -0.0140 0.9999
vn 0.0034 -0.0195 -0.9998
vn -0.0012 -0.0248 -0.9997
vn -0.1325 0.1380 0.9815
vn -0.5042 0.8478 0.1645
vn -0.1157 0.1509 0.9817
vn 0.0242 0.0065 -0.9997
vn 0.0604 -0.0040 -0.9982
vn -0.0363 0.0570 -0.9977
vn 0.1008 0.0387 -0.9942
vn -0.1232 0.0133 0.9923
vn 0.1197 -0.0398 0.9920
vn 0.0032 -0.0091 1.0000
vn 0.2032 -0.0581 0.9774
vn -0.1028 -0.9784 -0.1795
vn -0.0788 -0.9228 -0.3771
vn 0.1218 -0.1681 -0.9782
vn 0.0049 -0.9994 -0.0355
vn 0.0372 0.0079 0.9993
vn 0.6009 -0.6577 0.4544
vn -0.1357 0.1348 0.9815
vn 0.0038 0.0300 0.9995
vn 0.9231 -0.0003 0.3845
vn 0.9553 0.0256 0.2947
vn 0.0035 -0.0109 -0.9999
vn -0.8558 0.4025 0.3249
vn 0.8927 -0.0206 0.4502
vn -0.0126 0.0278 0.9995
vn -0.0160 0.0249 0.9996
vn -0.0197 0.0216 0.9996
vn 0.0200 -0.0047 -0.9998
vn -0.0022 0.0221 -0.9998
vn -0.0114 -0.2250 0.9743
vn 0.1722 -0.3926 0.9034
vn 0.3633 -0.1444 0.9204
vn -0.1374 -0.6776 0.7225
vn -0.1177 -0.4801 0.8693
vn 0.6792 -0.1090 0.7258
vn 0.0811 -0.4837 0.8715
vn 0.3563 -0.2501 0.9003
vn -0.4702 -0.7332 -0.4914
vn -0.3296 -0.8779 -0.3473
vn -0.5837 -0.7746 -0.2436
vn -0.1672 -0.7807 -0.6021
vn -0.0729 -0.8859 -0.4581
vn -0.4533 -0.8792 -0.1470
vn -0.6593 -0.7476 -0.0798
vn 0.2542 -0.9343 0.2497
vn 0.2505 -0.9344 0.2533
vn 0.4473 -0.8933 0.0431
vn 0.9102 -0.1310 0.3930
vn 0.8823 -0.4221 -0.2084
vn 0.9882 -0.1387 0.0647
vn 0.6792 -0.1091 0.7258
vn 0.9168 -0.3456 0.2000
vn 0.7825 -0.5674 -0.2565
vn 0.8886 -0.2379 0.3923
vn 0.8928 -0.4383 0.1042
vn -0.4175 -0.8999 -0.1260
vn -0.7192 -0.6672 -0.1942
vn -0.4105 -0.8944 -0.1773
vn -0.5997 -0.7971 -0.0706
vn -0.9101 -0.3810 -0.1631
vn -0.7130 -0.6571 -0.2448
vn -0.8807 -0.3933 -0.2641
vn -0.9364 0.3019 -0.1787
vn -0.9657 -0.2547 -0.0505
vn -0.9994 -0.0015 -0.0348
vn -0.9155 0.3321 -0.2270
vn -0.9885 -0.0036 -0.1512
vn -0.8437 -0.5348 -0.0473
vn -0.9776 -0.0030 -0.2104
vn -0.4546 0.6996 -0.5512
vn -0.1704 0.8767 -0.4499
vn -0.5321 -0.0114 -0.8466
vn -0.4641 0.5484 -0.6956
vn -0.4865 0.7482 -0.4511
vn -0.3259 0.8662 -0.3788
vn -0.7341 0.4291 -0.5263
vn -0.0505 -0.0640 0.9967
vn 0.3013 -0.1473 0.9421
vn 0.2702 -0.0418 0.9619
vn -0.5185 -0.0332 0.8544
vn 0.0762 -0.1567 0.9847
vn 0.3161 -0.2426 0.9172
vn 0.0030 -0.1059 0.9944
vn 0.1502 -0.2436 0.9582
vn -0.7464 -0.1434 0.6498
vn -0.9034 -0.0487 0.4260
vn -0.8958 -0.1450 0.4201
vn -0.6497 -0.2093 0.7308
vn -0.6730 -0.1166 0.7304
vn -0.4482 -0.2184 0.8668
vn 0.3503 -0.3367 0.8740
vn 0.0401 -0.4356 0.8992
vn 0.1447 -0.3313 0.9323
vn -0.1140 -0.4248 0.8981
vn 0.0741 -0.3981 0.9143
vn -0.7155 0.1725 0.6770
vn -0.6012 0.0494 0.7976
vn -0.4205 0.1425 0.8960
vn -0.7126 0.2221 0.6654
vn -0.9051 0.1628 0.3927
vn -0.8413 0.0457 0.5386
vn -0.8758 0.2592 0.4072
vn 0.0951 0.5342 -0.8400
vn -0.4500 0.5854 -0.6744
vn -0.1855 0.6030 -0.7759
vn -0.1615 0.4899 -0.8567
vn -0.4782 0.4919 -0.7276
vn -0.5464 0.8348 0.0676
vn -0.4673 0.7182 -0.5155
vn -0.5469 0.7957 0.2602
vn -0.7362 0.5546 -0.3878
vn -0.9633 0.0647 0.2604
vn -0.9314 0.2160 -0.2930
vn -0.9981 0.0614 0.0002
vn -0.9845 0.1746 0.0171
vn -0.9114 0.2618 -0.3174
vn -0.9731 0.2297 0.0188
vn 0.5025 -0.8590 -0.0984
vn 0.2297 -0.9733 -0.0048
vn -0.0872 -0.9949 -0.0506
vn 0.5358 -0.8285 -0.1626
vn 0.5084 -0.8608 -0.0244
vn 0.7263 -0.6872 -0.0157
vn 0.8366 -0.5092 -0.2021
vn 0.7443 0.5567 -0.3690
vn 0.5159 0.5048 -0.6921
vn 0.6315 0.7002 -0.3331
vn 0.9198 0.3101 -0.2405
vn 0.4654 0.7151 -0.5216
vn 0.9089 0.2877 -0.3019
vn 0.8635 0.4096 -0.2943
vn 0.9493 -0.3113 -0.0427
vn 0.9643 0.2217 -0.1447
vn 0.9912 -0.0387 -0.1269
vn 0.8532 0.4660 -0.2344
vn 0.9872 -0.0482 -0.1523
vn 0.5033 0.0652 0.8617
vn -0.0951 0.0254 0.9951
vn 0.2248 -0.0322 0.9739
vn 0.5097 -0.0140 0.8603
vn 0.5346 0.1316 0.8348
vn 0.8354 0.1722 0.5220
vn 0.9691 0.1288 -0.2106
vn 0.9469 0.0055 0.3214
vn 0.9997 0.0173 0.0169
vn 0.8583 0.2332 -0.4571
vn 0.9939 0.1014 0.0438
vn 0.7223 -0.0268 0.6911
vn 0.9258 0.2327 -0.2979
vn 0.9903 0.1287 0.0531
vn 0.7530 0.3805 -0.5368
vn 0.6392 0.3488 -0.6854
vn 0.5161 0.7112 -0.4773
vn 0.4638 0.5501 -0.6945
vn 0.9148 0.2973 -0.2734
vn 0.2396 0.9143 -0.3265
vn 0.5055 0.8584 -0.0871
vn 0.5318 0.6111 -0.5863
vn 0.6451 0.6653 -0.3758
vn 0.8532 0.4968 -0.1590
vn 0.6418 0.4033 -0.6523
vn 0.8019 0.4277 -0.4171
vn 0.5036 0.1240 -0.8550
vn 0.2338 0.3648 -0.9013
vn 0.1200 0.0900 -0.9887
vn 0.8212 0.1755 -0.5430
vn 0.9498 0.2475 -0.1916
vn 0.9804 0.1558 -0.1206
vn 0.3626 0.6414 0.6762
vn 0.4284 -0.8997 -0.0838
vn 0.4286 -0.8996 -0.0839
vn 0.7739 -0.2386 0.5866
vn -0.4466 0.8941 0.0343
vn -0.4347 0.8979 0.0696
vn -0.4344 0.8980 0.0708
vn 0.1301 0.9887 0.0742
vn 0.6008 0.7779 0.1840
vn 0.2579 0.9507 0.1723
vn -0.9603 0.1788 -0.2143
vn -0.8281 0.3660 -0.4247
vn -0.9743 0.1431 -0.1739
vn 0.2326 -0.5861 0.7761
vn 0.4556 -0.6334 0.6255
vn 0.7453 0.3778 0.5495
vn 0.7959 0.5555 0.2408
vn 0.2594 0.8617 -0.4361
vn 0.2594 0.8618 -0.4359
vn 0.2595 0.8617 -0.4361
vn 0.9434 0.3290 0.0428
vn 0.1604 -0.1432 -0.9766
vn 0.0156 -0.0376 -0.9992
vn 0.0256 -0.4898 0.8715
vn 0.0256 -0.4897 0.8715
vn 0.0256 -0.4895 0.8716
vn -0.0791 -0.7546 0.6514
vn 0.1146 -0.8175 0.5644
vn -0.1157 0.5075 -0.8538
vn -0.1158 0.5075 -0.8538
vn 0.8070 -0.5421 -0.2341
vn 0.8071 -0.5421 -0.2337
vn 0.8070 -0.5422 -0.2340
vn -0.9564 -0.2508 0.1499
vn -0.7712 -0.6114 0.1771
vn -0.5528 -0.7943 0.2519
vn -0.4715 -0.8631 0.1811
vn -0.6183 -0.7849 -0.0402
vn 0.6696 -0.2137 0.7113
vn 0.6700 -0.3557 0.6516
vn 0.5863 -0.3431 0.7338
vn -0.3033 -0.9527 0.0179
vn -0.1863 -0.8571 0.4802
vn -0.4578 0.8035 -0.3804
vn -0.3075 0.9174 -0.2526
vn -0.2944 0.9247 -0.2413
vn -0.1044 0.8456 0.5236
vn -0.3463 0.9003 0.2638
vn -0.0743 0.9862 0.1479
vn -0.1635 0.4730 0.8658
vn -0.3852 0.6427 0.6622
vn -0.5948 0.5835 0.5530
vn -0.4170 0.4009 0.8157
vn -0.5391 0.1758 0.8237
vn -0.1864 0.2175 0.9581
vn -0.1093 0.1244 0.9862
vn -0.9053 0.3358 0.2600
vn -0.8496 0.0907 0.5195
vn -0.6535 0.3718 0.6593
vn -0.6406 -0.4347 0.6330
vn -0.8405 -0.2133 0.4981
vn -0.8739 -0.1592 0.4592
vn -0.3494 -0.3243 0.8791
vn -0.3462 -0.2541 0.9031
vn -0.4213 -0.2732 0.8648
vn 0.5686 -0.7762 0.2723
vn 0.6419 -0.6477 0.4105
vn -0.2030 -0.5376 0.8184
vn -0.6880 0.0959 0.7193
vn -0.7248 0.1459 0.6733
vn -0.8604 -0.4996 -0.1009
vn -0.9097 -0.2392 -0.3393
vn -0.5433 -0.8175 -0.1911
vn -0.6637 -0.6343 -0.3965
vn -0.6051 -0.5210 -0.6020
vn -0.4371 -0.7822 -0.4439
vn -0.3992 -0.6276 -0.6684
vn -0.1961 -0.9592 -0.2038
vn -0.1930 -0.8414 -0.5048
vn -0.1912 -0.9489 -0.2511
vn -0.3554 -0.2250 -0.9072
vn -0.1169 -0.4802 -0.8693
vn 0.2857 -0.6478 -0.7062
vn 0.3934 -0.7225 -0.5685
vn 0.3290 -0.6520 -0.6831
vn 0.4417 -0.8164 0.3721
vn 0.4416 -0.8164 0.3721
vn 0.6989 -0.6644 0.2648
vn 0.6989 -0.6644 0.2649
vn 0.3939 -0.7744 -0.4951
vn -0.2387 -0.4753 -0.8468
vn -0.1963 -0.5477 -0.8133
vn -0.2408 -0.4714 -0.8484
vn 0.6685 0.7430 0.0313
vn 0.8775 0.1562 0.4534
vn 0.6885 0.5859 -0.4273
vn 0.2823 0.7739 -0.5669
vn 0.5573 0.6920 0.4589
vn 0.6973 0.1371 0.7035
vn -0.0001 0.9996 -0.0273
vn 0.0220 0.8585 -0.5123
vn -0.5763 0.8083 -0.1205
vn -0.4176 0.8995 0.1287
vn 0.3714 0.1057 0.9224
vn -0.2528 0.4610 0.8506
vn 0.2913 0.4348 0.8521
vn -0.2565 0.5965 0.7605
vn 0.0901 0.5954 0.7983
vn 0.9210 -0.1181 0.3712
vn 0.9235 -0.3656 0.1162
vn 0.7154 -0.1117 0.6897
vn 0.8705 -0.3458 0.3503
vn 0.7287 -0.6795 0.0857
vn 0.5953 -0.5698 0.5665
vn 0.6922 -0.6404 0.3329
vn 0.1406 -0.3949 0.9079
vn 0.4021 -0.1358 0.9055
vn 0.1247 -0.7057 0.6975
vn 0.3816 -0.3650 0.8492
vn 0.6827 -0.3220 0.6559
vn 0.3539 -0.8639 0.3584
vn 0.1528 -0.9175 0.3672
vn 0.3787 -0.9182 0.1164
vn 0.3466 -0.6678 0.6587
vn -0.4672 0.2144 0.8578
vn -0.1079 -0.3565 0.9281
vn -0.5832 0.2768 0.7637
vn -0.3313 -0.1579 0.9302
vn -0.0634 -0.6723 0.7376
vn -0.4319 -0.0668 0.8995
vn -0.2268 -0.3405 0.9125
vn -0.8675 0.3771 -0.3243
vn -0.7769 0.6015 -0.1858
vn -0.7783 0.1519 -0.6092
vn -0.8618 0.0584 -0.5038
vn -0.8723 0.4818 -0.0835
vn -0.7459 0.6659 0.0136
vn -0.9448 -0.1782 0.2751
vn -0.9445 -0.1752 0.2780
vn -0.9228 -0.3817 0.0526
vn -0.3877 -0.8937 0.2259
vn -0.2979 -0.9539 -0.0358
vn -0.0987 -0.9185 0.3830
vn -0.2894 -0.8506 0.4390
vn -0.4886 -0.8480 0.2054
vn 0.5463 0.7850 0.2921
vn 0.4213 0.9020 0.0946
vn 0.2186 0.9496 0.2246
vn 0.5951 0.7140 0.3688
vn 0.8289 0.4975 0.2557
vn 0.7633 0.6420 0.0722
vn 0.8099 0.2209 0.5433
vn 0.5557 -0.3684 0.7453
vn 0.1565 -0.5913 0.7911
vn 0.4320 -0.5921 0.6803
vn 0.8346 -0.1782 0.5212
vn 0.1899 0.2465 0.9503
vn 0.5236 -0.0790 0.8483
vn 0.1025 0.3634 0.9260
vn 0.9430 0.3219 0.0841
vn 0.9477 -0.1632 0.2744
vn 0.9636 0.1051 0.2459
vn 0.7723 -0.4106 0.4848
vn 0.3733 0.9240 -0.0835
vn 0.0892 0.9278 -0.3623
vn 0.6973 0.7082 -0.1104
vn 0.3919 0.8336 -0.3892
vn 0.1054 0.7159 -0.6902
vn 0.9159 0.1077 -0.3867
vn 0.9179 0.3839 -0.1004
vn 0.6939 0.1324 -0.7078
vn 0.8179 0.4119 -0.4017
vn 0.0854 0.3967 -0.9140
vn 0.3679 0.1162 -0.9226
vn 0.0858 0.1160 -0.9895
vn 0.3891 0.4175 -0.8211
vn 0.5399 -0.2660 -0.7986
vn 0.2100 -0.1902 -0.9590
vn 0.4134 -0.0628 -0.9084
vn 0.8242 -0.2428 -0.5116
vn 0.5880 -0.3447 -0.7318
vn 0.8049 -0.5402 -0.2456
vn 0.9473 -0.2848 0.1464
vn 0.9406 -0.0779 -0.3305
vn 0.7728 -0.5037 0.3861
vn 0.9613 -0.2476 -0.1206
vn 0.7589 -0.0524 -0.6491
vn 0.8324 -0.5328 0.1523
vn 0.1698 -0.7786 0.6041
vn 0.5554 -0.7607 0.3359
vn 0.4334 -0.7040 0.5627
vn 0.1836 -0.9411 -0.2839
vn 0.5205 -0.8528 0.0437
vn -0.3822 0.9165 0.1183
vn -0.0975 0.9132 0.3956
vn -0.7062 0.6990 0.1124
vn -0.3732 0.8407 0.3924
vn -0.0876 0.6911 0.7174
vn -0.6602 0.6513 0.3741
vn -0.3510 0.6469 0.6770
vn -0.9167 0.0859 0.3902
vn -0.9214 0.3715 0.1144
vn -0.6970 0.0756 0.7131
vn -0.8459 0.3641 0.3896
vn -0.6553 0.3380 0.6756
vn -0.0886 0.3611 0.9283
vn -0.3686 0.0797 0.9262
vn -0.3657 0.3566 0.8597
vn 0.3111 0.7964 0.5186
vn 0.2251 0.9524 0.2055
vn 0.0865 0.8966 0.4343
vn 0.2461 0.7402 0.6257
vn 0.3898 0.7330 0.5575
vn 0.4260 0.6119 0.6664
vn 0.3160 -0.1856 0.9304
vn 0.1009 0.3064 0.9466
vn 0.5460 -0.4349 0.7161
vn 0.2776 0.0961 0.9559
vn 0.0764 0.6313 0.7718
vn 0.3690 0.0508 0.9281
vn 0.3001 0.2055 0.9315
vn 0.7873 -0.6159 0.0285
vn 0.8100 -0.3688 0.4560
vn 0.7366 -0.5976 0.3167
vn 0.9603 0.2773 0.0293
vn 0.9679 0.0136 0.2510
vn 0.8956 -0.2763 0.3487
vn 0.7434 -0.3762 0.5530
vn 0.7700 -0.1342 0.6237
vn -0.7796 -0.2971 0.5514
vn -0.8971 -0.0935 0.4318
vn -0.4750 -0.8628 0.1731
vn -0.6406 -0.5711 0.5133
vn -0.4872 -0.2721 0.8298
vn -0.6302 -0.0847 0.7718
vn -0.2147 -0.5622 0.7986
vn 0.3684 -0.7626 0.5317
vn 0.5349 -0.8209 0.2003
vn 0.5903 -0.6981 0.4052
vn 0.1849 -0.5458 0.8173
vn 0.2644 -0.7694 0.5814
vn -0.3068 -0.1066 0.9458
vn 0.1750 -0.3034 0.9367
vn -0.0923 -0.2716 0.9580
vn 0.4161 -0.5111 0.7521
vn -0.9068 -0.4201 0.0335
vn -0.9908 -0.1316 0.0327
vn -0.8866 -0.4611 0.0371
vn -0.7386 -0.6732 0.0347
vn -0.4774 -0.7490 0.4594
vn -0.3312 -0.7140 0.6169
vn -0.5397 -0.7687 0.3433
vn -0.3226 -0.7108 0.6251
vn -0.4290 -0.7938 0.4312
vn 0.1724 -0.9559 0.2380
vn -0.3221 -0.9455 0.0488
vn 0.3844 -0.7850 0.4858
vn -0.1071 -0.9517 0.2877
vn -0.6709 -0.7412 0.0248
vn 0.5573 -0.4801 0.6774
vn 0.5253 -0.6246 0.5778
vn 0.4230 -0.3700 0.8271
vn 0.1920 -0.3549 0.9150
vn 0.2691 -0.8284 0.4913
vn 0.8272 -0.5582 0.0638
vn 0.8274 -0.5580 0.0636
vn 0.8274 -0.5579 0.0637
vn -0.9242 -0.0963 -0.3697
vn -0.9193 -0.3822 -0.0943
vn -0.9909 -0.1020 -0.0883
vn -0.7119 -0.0829 -0.6973
vn -0.8511 -0.3720 -0.3704
vn -0.7016 -0.7059 -0.0974
vn -0.6669 -0.3464 -0.6597
vn -0.6613 -0.6584 -0.3595
vn -0.1049 -0.3613 -0.9265
vn -0.3884 -0.0822 -0.9178
vn -0.0954 -0.6911 -0.7164
vn -0.3807 -0.3597 -0.8519
vn -0.3587 -0.6512 -0.6688
vn -0.3742 -0.9208 -0.1103
vn -0.0956 -0.9142 -0.3937
vn -0.3723 -0.8445 -0.3849
vn 0.1939 -0.4924 -0.8485
vn 0.0697 -0.4425 -0.8941
vn 0.2745 -0.2525 -0.9279
vn 0.4637 -0.5060 -0.7273
vn 0.1009 -0.6285 -0.7712
vn 0.0291 -0.7234 -0.6899
vn 0.3286 -0.7255 -0.6047
vn 0.3287 -0.7254 -0.6048
vn 0.3287 -0.7255 -0.6046
vn 0.6929 -0.6019 0.3970
vn 0.8585 -0.2740 0.4335
vn 0.6813 -0.5439 0.4900
vn 0.5876 -0.7685 0.2534
vn 0.8399 -0.5214 0.1507
vn 0.0689 -0.9366 -0.3436
vn 0.2856 -0.9447 0.1613
vn 0.0842 -0.8822 -0.4633
vn 0.5378 -0.8068 0.2445
vn 0.5540 -0.7371 0.3870
vn -0.0884 0.3927 0.9154
vn -0.1720 0.6997 0.6935
vn -0.1388 0.3827 0.9134
vn -0.0402 0.5800 0.8136
vn -0.1591 0.8979 0.4104
vn -0.2228 0.6924 0.6863
vn -0.2595 0.8669 0.4256
vn -0.2104 0.9400 -0.2684
vn -0.0544 0.9580 0.2815
vn -0.0525 0.9983 0.0257
vn -0.2605 0.9186 -0.2973
vn -0.1684 0.9850 0.0366
vn -0.0349 0.8297 0.5571
vn -0.2271 0.9732 0.0361
vn -0.5942 0.4620 -0.6584
vn -0.4966 0.1827 -0.8486
vn -0.8535 0.5166 0.0685
vn -0.7305 0.4625 -0.5024
vn -0.4983 0.4950 -0.7118
vn -0.4282 0.3387 -0.8378
vn -0.5628 0.7348 -0.3786
vn 0.6444 0.7477 -0.1602
vn 0.7796 0.6243 -0.0489
vn 0.7488 0.5470 -0.3744
vn 0.5855 0.7456 -0.3182
vn 0.3619 0.9228 -0.1323
vn 0.5160 0.8562 -0.0246
vn 0.3714 0.8999 -0.2285
vn -0.8635 -0.0886 -0.4965
vn -0.7184 0.4541 -0.5270
vn -0.7647 0.2725 -0.5839
vn -0.8851 0.1546 -0.4390
vn -0.7686 0.4737 -0.4300
vn -0.6929 0.4114 -0.5921
vn -0.4399 0.7489 -0.4956
vn 0.2397 0.9704 -0.0283
vn -0.3156 0.9356 -0.1581
vn -0.0133 0.9998 -0.0153
vn -0.0122 0.9918 -0.1271
vn -0.3458 0.9158 -0.2043
vn -0.0125 0.9832 -0.1819
vn -0.0512 -0.5206 0.8523
vn 0.0494 -0.2519 0.9665
vn -0.1321 0.0343 0.9906
vn -0.1238 -0.4366 0.8911
vn 0.0291 -0.5284 0.8485
vn 0.0324 -0.7434 0.6681
vn -0.1595 -0.8499 0.5023
vn -0.3657 -0.7442 -0.5590
vn -0.5484 -0.4804 -0.6845
vn -0.3574 -0.6209 -0.6977
vn -0.2400 -0.9167 -0.3194
vn -0.4097 -0.7318 -0.5447
vn -0.3003 -0.9076 -0.2935
vn -0.0095 -0.9560 0.2932
vn -0.1386 -0.9622 -0.2343
vn -0.1070 -0.9941 0.0189
vn -0.2430 -0.8457 -0.4751
vn -0.1325 -0.9908 0.0267
vn 0.8747 -0.4672 -0.1289
vn 0.8756 -0.3525 -0.3304
vn 0.9804 -0.1968 -0.0059
vn 0.8790 -0.4760 -0.0293
vn 0.9820 0.0372 -0.1854
vn 0.5273 -0.8225 -0.2134
vn 0.6396 -0.7566 -0.1361
vn -0.2084 -0.9649 -0.1596
vn 0.3262 -0.9436 -0.0576
vn 0.0202 -0.9979 -0.0617
vn -0.4560 -0.8554 -0.2457
vn 0.0485 -0.9886 -0.1424
vn 0.7015 -0.7122 -0.0257
vn -0.2983 -0.9202 -0.2533
vn 0.0515 -0.9841 -0.1699
vn -0.5506 -0.7567 -0.3525
vn -0.6894 -0.6405 -0.3383
vn -0.7686 -0.4749 -0.4285
vn -0.5109 -0.7707 -0.3809
vn -0.2829 -0.9057 -0.3158
vn 0.9323 0.1693 -0.3196
vn 0.7100 0.2596 -0.6546
vn 0.7866 0.4597 -0.4122
vn 0.8401 0.1303 -0.5266
vn 0.4235 0.2319 -0.8757
vn 0.6191 0.4378 -0.6520
vn 0.1980 0.8591 -0.4720
vn 0.4149 0.3395 -0.8441
vn -0.2690 0.2289 -0.9356
vn 0.2961 0.1150 -0.9482
vn 0.0297 0.0901 -0.9955
vn -0.6146 0.3581 -0.7029
vn 0.0387 0.2147 -0.9759
vn 0.5852 0.1135 -0.8029
vn 0.0226 0.2716 -0.9621
vn -0.6741 0.5612 -0.4803
vn -0.8605 0.4501 -0.2387
vn -0.8435 0.5354 0.0437
vn -0.6310 0.6193 -0.4673
vn -0.7101 0.4669 -0.5270
vn -0.3923 0.5572 -0.7319
vn 0.9361 -0.0850 0.3412
vn 0.9993 0.0152 -0.0341
vn 0.9032 -0.1762 0.3915
vn 0.9904 -0.0708 0.1183
vn 0.9895 0.0131 -0.1442
vn 0.9669 -0.1889 0.1718
vn 0.9846 -0.1747 -0.0099
vn 0.9056 -0.4087 0.1137
vn 0.8593 -0.2878 0.4229
vn 0.9206 -0.3885 -0.0388
vn 0.9277 -0.2945 0.2293
vn 0.9750 -0.2207 0.0275
vn 0.4346 -0.0667 -0.8981
vn 0.3511 -0.1214 -0.9284
vn 0.3501 0.0066 -0.9367
vn 0.6195 0.0209 -0.7847
vn 0.6326 -0.2091 -0.7457
vn 0.5404 -0.2799 -0.7935
vn 0.9750 -0.0832 -0.2061
vn -0.1241 -0.7099 -0.6933
vn -0.0169 -0.8303 -0.5570
vn -0.1268 -0.9200 -0.3707
vn -0.1740 -0.7007 -0.6919
vn -0.0892 -0.4417 -0.8927
vn 0.0166 -0.5888 -0.8081
vn -0.1869 -0.4523 -0.8720
vn -0.5031 0.8642 -0.0058
vn -0.5090 0.6723 -0.5374
vn -0.5478 0.7839 -0.2922
vn -0.4356 0.8636 -0.2540
vn -0.4125 0.7188 -0.5596
vn -0.7743 -0.0744 -0.6284
vn -0.6414 0.5321 -0.5527
vn -0.7408 -0.2687 -0.6157
vn -0.4639 0.3661 -0.8067
vn 0.0164 -0.3240 -0.9459
vn -0.1172 0.2300 -0.9661
vn 0.0297 -0.0751 -0.9967
vn -0.0822 -0.0770 -0.9936
vn -0.1643 0.2604 -0.9514
vn -0.1379 -0.0747 -0.9876
vn 0.8249 0.1686 0.5395
vn 0.9510 0.0413 0.3063
vn 0.8393 0.5303 0.1200
vn 0.9621 0.2714 0.0270
vn 0.8193 0.0518 0.5711
vn 0.6671 0.0086 0.7449
vn 0.5148 0.2068 0.8320
vn -0.5949 0.3482 0.7244
vn -0.8045 0.4325 0.4071
vn -0.7481 0.3261 0.5779
vn -0.3328 0.2228 0.9163
vn -0.5462 0.3823 0.7453
vn -0.2967 0.2998 0.9067
vn 0.3089 0.0064 0.9511
vn -0.2506 0.1065 0.9622
vn 0.0306 0.0896 0.9955
vn -0.5044 0.2075 0.8382
vn 0.0565 0.1215 0.9910
vn 0.7824 -0.0548 0.6204
vn 0.8620 -0.1144 0.4938
vn 0.6244 -0.0451 0.7798
vn 0.7767 -0.1149 0.6193
vn 0.8282 -0.2037 0.5221
vn 0.6802 -0.1714 0.7127
vn 0.7647 -0.1902 0.6157
vn 0.3825 -0.1457 0.9124
vn 0.4262 -0.0647 0.9023
vn 0.6002 -0.2139 0.7707
vn 0.5119 -0.1338 0.8485
vn 0.6549 -0.0982 0.7493
vn 0.7856 -0.2831 0.5502
vn 0.6625 -0.2970 0.6877
vn 0.7436 -0.3641 0.5608
vn 0.7095 -0.2526 0.6578
vn 0.5323 -0.2403 0.8117
vn -0.1226 -0.8286 0.5463
vn -0.0380 -0.9983 -0.0445
vn -0.0094 -0.9588 0.2838
vn -0.0457 -0.8313 0.5540
vn -0.1893 -0.8005 0.5687
vn -0.2492 -0.4541 0.8554
vn -0.2038 0.2907 0.9349
vn -0.0980 -0.2450 0.9645
vn -0.1059 0.0661 0.9922
vn -0.2858 0.5270 0.8004
vn -0.1861 0.0373 0.9818
vn -0.0541 -0.6376 0.7685
vn -0.2955 0.3759 0.8783
vn -0.2127 0.0323 0.9766
vn -0.4109 0.6062 0.6809
vn -0.3701 0.7405 0.5609
vn -0.7157 0.5433 0.4389
vn -0.5398 0.7456 0.3907
vn -0.3564 0.3561 0.8638
vn 0.3404 -0.1511 0.9280
vn 0.3469 -0.2586 0.9015
vn 0.3875 -0.3563 0.8503
vn -0.8966 -0.3282 0.2973
vn -0.8973 -0.3079 0.3163
vn -0.7599 -0.4824 0.4358
vn -0.7609 -0.4559 0.4618
vn -0.2401 -0.6845 0.6883
vn 0.0152 -0.7457 0.6661
vn 0.0158 -0.7059 0.7082
vn -0.8971 -0.3419 0.2798
vn -0.7600 -0.5049 0.4093
vn -0.2421 -0.7229 0.6472
vn 0.0139 -0.7813 0.6241
vn -0.9143 0.2880 -0.2848
vn -0.9138 0.2713 -0.3023
vn -0.7882 0.4364 -0.4339
vn -0.3321 0.6242 -0.7072
vn -0.0864 0.7034 -0.7055
vn -0.3310 0.6665 -0.6680
vn -0.9144 0.2493 -0.3188
vn -0.7883 0.4081 -0.4605
vn -0.3319 0.5766 -0.7466
vn -0.0874 0.6585 -0.7475
vn -0.8959 -0.2726 0.3508
vn -0.8964 -0.2918 0.3337
vn -0.7584 -0.4031 0.5122
vn -0.2407 -0.6407 0.7291
vn 0.0166 -0.6175 0.7864
vn -0.2406 -0.5984 0.7642
vn -0.7598 -0.4299 0.4878
vn 0.0171 -0.6619 0.7494
vn -0.9148 0.3024 -0.2678
vn -0.9122 0.3243 -0.2503
vn -0.7889 0.4606 -0.4069
vn -0.7851 0.4890 -0.3801
vn -0.3311 0.7388 -0.5870
vn -0.0861 0.7441 -0.6625
vn -0.0868 0.7800 -0.6197
vn -0.3300 0.7051 -0.6276
vn -0.9132 0.3344 -0.2329
vn -0.9118 0.3514 -0.2126
vn -0.7862 0.5070 -0.3534
vn -0.7826 0.5331 -0.3215
vn -0.3290 0.8015 -0.4994
vn -0.0876 0.8136 -0.5749
vn -0.0891 0.8468 -0.5244
vn -0.3300 0.7704 -0.5455
vn -0.8953 -0.3613 0.2605
vn -0.7581 -0.5283 0.3823
vn -0.2422 -0.7580 0.6056
vn 0.0118 -0.8150 0.5794
vn -0.8942 -0.3774 0.2409
vn -0.7568 -0.5508 0.3521
vn -0.2439 -0.7905 0.5618
vn 0.0093 -0.8476 0.5306
vn -0.8927 -0.3937 0.2193
vn -0.7544 -0.5723 0.3215
vn -0.2435 -0.8226 0.5139
vn 0.0080 -0.8782 0.4782
vn -0.8902 -0.4090 0.2005
vn -0.7465 -0.5965 0.2949
vn -0.2395 -0.8536 0.4626
vn 0.0067 -0.9025 0.4306
vn -0.9100 0.3684 -0.1902
vn -0.9055 0.3870 -0.1741
vn -0.7789 0.5576 -0.2872
vn -0.7713 0.5803 -0.2612
vn -0.3214 0.8574 -0.4019
vn -0.0892 0.8808 -0.4651
vn -0.0870 0.9031 -0.4206
vn -0.3249 0.8350 -0.4441
vn -0.8841 -0.4550 0.1069
vn -0.9233 -0.3840 -0.0051
vn -0.5331 -0.8290 0.1688
vn -0.7000 -0.7139 -0.0210
vn -0.0560 -0.9834 0.1728
vn -0.3614 -0.9318 -0.0332
vn -0.9764 -0.1952 0.0926
vn -0.7377 -0.6165 0.2751
vn -0.2367 -0.8791 0.4136
vn 0.0139 -0.9185 0.3951
vn -0.7295 -0.6287 0.2694
vn -0.2184 -0.8985 0.3807
vn -0.9043 0.3928 -0.1670
vn -0.7677 0.5893 -0.2518
vn -0.0834 0.9132 -0.3990
vn -0.3162 0.8685 -0.3817
vn -0.9139 0.2258 -0.3372
vn -0.7874 0.3779 -0.4870
vn -0.3289 0.5167 -0.7905
vn -0.0882 0.6080 -0.7890
vn -0.9090 0.2089 -0.3608
vn -0.7852 0.3379 -0.5190
vn -0.3211 0.4611 -0.8272
vn -0.0883 0.5399 -0.8371
vn -0.0832 0.4752 -0.8759
vn -0.8971 -0.2352 0.3741
vn -0.8956 -0.2540 0.3652
vn -0.7586 -0.3526 0.5480
vn -0.2388 -0.5565 0.7958
vn 0.0166 -0.5386 0.8424
vn -0.2357 -0.5192 0.8215
vn -0.7585 -0.3734 0.5340
vn 0.0169 -0.5748 0.8181
vn -0.9228 0.0133 0.3851
vn -0.6919 0.0092 0.7220
vn -0.3464 0.0031 0.9381
vn -0.9014 0.2047 -0.3815
vn -0.7745 0.3049 -0.5542
vn -0.3108 0.4296 -0.8478
vn -0.0766 0.4427 -0.8934
vn -0.7626 0.2945 -0.5760
vn -0.3142 0.4248 -0.8490
vn -0.9010 -0.2216 0.3729
vn -0.7497 -0.2974 0.5912
vn -0.2284 -0.4974 0.8369
vn 0.0207 -0.5154 0.8567
vn -0.7619 -0.3345 0.5546
vn 0.6980 -0.5062 0.5065
vn 0.6972 -0.5359 0.4761
vn 0.8576 -0.3645 0.3628
vn 0.8567 -0.3872 0.3407
vn 0.9597 -0.2008 0.1967
vn 0.9593 -0.2142 0.1838
vn 0.6942 -0.5653 0.4457
vn 0.8556 -0.4078 0.3189
vn 0.9592 -0.2241 0.1723
vn 0.6363 0.5086 -0.5801
vn 0.6368 0.5426 -0.5479
vn 0.8258 0.3711 -0.4247
vn 0.8261 0.3956 -0.4013
vn 0.9489 0.2071 -0.2382
vn 0.9492 0.2197 -0.2254
vn 0.6352 0.4689 -0.6137
vn 0.8253 0.3431 -0.4486
vn 0.9489 0.1907 -0.2513
vn 0.6969 -0.4763 0.5361
vn 0.6950 -0.4456 0.5642
vn 0.8570 -0.3427 0.3849
vn 0.8563 -0.3200 0.4053
vn 0.9599 -0.1871 0.2090
vn 0.9594 -0.1759 0.2205
vn 0.6336 0.6034 -0.4843
vn 0.6351 0.5754 -0.5154
vn 0.8243 0.4402 -0.3559
vn 0.8239 0.4225 -0.3777
vn 0.9486 0.2442 -0.2012
vn 0.9486 0.2347 -0.2125
vn 0.6284 0.6586 -0.4140
vn 0.6314 0.6307 -0.4512
vn 0.8208 0.4825 -0.3057
vn 0.8229 0.4608 -0.3324
vn 0.9472 0.2695 -0.1736
vn 0.9485 0.2551 -0.1879
vn 0.6920 -0.5905 0.4153
vn 0.8548 -0.4259 0.2964
vn 0.9588 -0.2348 0.1598
vn 0.6880 -0.6178 0.3808
vn 0.8522 -0.4468 0.2723
vn 0.9580 -0.2467 0.1462
vn 0.6819 -0.6449 0.3451
vn 0.8483 -0.4681 0.2474
vn 0.9567 -0.2592 0.1325
vn 0.6749 -0.6688 0.3119
vn 0.8427 -0.4894 0.2242
vn 0.9547 -0.2724 0.1197
vn 0.6143 0.7127 -0.3387
vn 0.6218 0.6894 -0.3716
vn 0.8123 0.5252 -0.2538
vn 0.8174 0.5053 -0.2766
vn 0.9445 0.2942 -0.1465
vn 0.9469 0.2800 -0.1584
vn 0.4237 -0.9055 0.0221
vn 0.6404 -0.7542 0.1455
vn 0.7320 -0.6812 0.0124
vn 0.8259 -0.5540 0.1052
vn 0.9315 -0.3638 0.0007
vn 0.9482 -0.3127 0.0570
vn 0.6679 -0.6859 0.2891
vn 0.8376 -0.5047 0.2091
vn 0.9529 -0.2819 0.1122
vn 0.6082 0.7250 -0.3232
vn 0.8064 0.5388 -0.2436
vn 0.9427 0.3021 -0.1419
vn 0.6310 0.4179 -0.6536
vn 0.8226 0.3049 -0.4799
vn 0.9483 0.1682 -0.2690
vn 0.6222 0.3676 -0.6912
vn 0.8163 0.2684 -0.5115
vn 0.9464 0.1461 -0.2880
vn 0.6938 -0.4135 0.5896
vn 0.6885 -0.3904 0.6112
vn 0.8547 -0.2985 0.4248
vn 0.8496 -0.2839 0.4445
vn 0.9586 -0.1643 0.2327
vn 0.9558 -0.1581 0.2478
vn 0.1482 -0.0666 0.9867
vn 0.4260 -0.0665 0.9023
vn 0.7276 -0.0577 0.6836
vn 0.9263 -0.0407 0.3746
vn 0.6559 -0.2183 0.7226
vn 0.8256 -0.1669 0.5390
vn 0.9399 -0.1060 0.3245
vn 0.6150 0.3425 -0.7102
vn 0.8121 0.2491 -0.5277
vn 0.9454 0.1332 -0.2976
vn 0.6813 -0.3765 0.6278
vn 0.8412 -0.2778 0.4639
vn 0.9503 -0.1591 0.2676
vn 0.3477 0.8289 -0.4382
vn 0.3513 0.5011 -0.7909
vn 0.1789 0.9462 0.2696
vn 0.1789 0.9462 0.2695
vn 0.1789 0.9462 0.2697
vn -0.2465 0.0656 0.9669
vn 0.3468 0.8098 -0.4733
vn 0.1983 -0.2390 -0.9506
vn -0.2294 -0.9684 -0.0973
vn 0.3536 0.4666 -0.8107
vn 0.9275 -0.3738 -0.0031
vn 0.9193 -0.3665 -0.1437
vn 0.7114 -0.7028 -0.0080
vn 0.7078 -0.6991 -0.1014
vn 0.3922 -0.9076 -0.1500
vn 0.3887 -0.9213 -0.0117
vn 0.0116 -0.3853 0.9227
vn 0.0102 -0.9245 0.3811
vn 0.0096 -0.7032 0.7109
vn -0.6895 0.2266 -0.6879
vn -0.7178 -0.1545 -0.6789
vn -0.5889 0.2900 -0.7544
vn -0.6598 0.0606 -0.7490
vn -0.7044 -0.0477 -0.7082
vn -0.5059 -0.6871 -0.5215
vn -0.3143 -0.7387 -0.5962
vn -0.4001 -0.7124 -0.5765
vn 0.3904 -0.0163 0.9205
vn 0.7124 -0.0101 0.7017
vn 0.9164 -0.0028 0.4002
vn -0.2639 0.6076 -0.7491
vn -0.1581 0.7075 -0.6888
vn 0.0401 0.6877 -0.7249
vn 0.6718 0.5336 -0.5138
vn 0.4734 0.6332 -0.6123
vn 0.9051 0.0744 -0.4187
vn -0.6886 0.6870 -0.2320
vn -0.6551 0.7537 0.0539
vn -0.2779 0.2683 0.9224
vn -0.7092 0.7049 -0.0123
vn 0.4069 0.9132 0.0205
vn 0.7318 0.6813 0.0175
vn 0.9323 0.3614 0.0122
vn 0.9660 0.2583 0.0103
vn 0.7626 0.6466 0.0169
vn 0.9917 -0.1025 -0.0782
vn 0.9295 0.0109 -0.3686
vn 0.7227 0.0157 -0.6910
vn 0.8712 0.0435 -0.4891
vn 0.6937 0.0161 -0.7201
vn 0.3940 0.0184 -0.9189
vn 0.9476 -0.2283 0.2235
vn 0.8766 -0.3418 0.3386
vn 0.6978 -0.5124 0.5005
vn 0.5980 -0.5745 0.5588
vn 0.2980 -0.6864 0.6633
vn 0.7300 -0.4894 0.4771
vn 0.6526 -0.5436 0.5278
vn -0.0003 0.9260 0.3776
vn 0.0054 0.6634 0.7483
vn 0.0094 0.3191 0.9477
vn 0.0052 0.6689 0.7433
vn 0.0079 0.4773 0.8787
vn 0.1071 0.0675 0.9920
vn -0.9930 -0.0506 0.1072
vn -0.9138 -0.0124 0.4059
vn -0.8657 -0.0141 0.5003
vn -0.6971 -0.0178 0.7168
vn -0.5529 -0.0195 0.8330
vn -0.3532 -0.0207 0.9353
vn 0.0122 -0.1328 0.9911
vn 0.3341 -0.3362 0.8806
vn 0.3625 -0.3633 0.8582
vn 0.5518 -0.5477 0.6289
vn 0.6895 -0.6797 0.2502
vn 0.4886 -0.5859 0.6465
vn 0.5966 -0.5910 0.5429
vn -0.2256 -0.9742 -0.0095
vn -0.3516 -0.9361 -0.0076
vn -0.6759 -0.7370 -0.0015
vn -0.9141 -0.4054 0.0072
vn -0.1240 -0.9794 -0.1595
vn 0.0012 -0.9101 -0.4143
vn -0.0039 -0.6771 -0.7359
vn -0.0083 -0.3508 -0.9364
vn 0.1209 -0.9857 -0.1172
vn -0.0004 -0.8584 -0.5130
vn -0.0073 -0.4399 -0.8980
vn 0.3770 -0.8592 0.3459
vn 0.4922 -0.6717 0.5538
vn 0.5866 -0.5879 0.5571
vn 0.6339 -0.4816 0.6052
vn 0.6871 -0.3044 0.6597
vn 0.2593 -0.9372 0.2333
vn 0.4201 -0.8183 0.3923
vn 0.9235 0.3835 -0.0028
vn 0.7046 0.7096 0.0062
vn 0.3794 0.9251 0.0142
vn 0.3716 0.0185 -0.9282
vn 0.6988 0.0161 -0.7151
vn 0.9195 0.0112 -0.3928
vn 0.3918 -0.6644 0.6364
vn 0.7134 -0.5083 0.4825
vn 0.9272 -0.2743 0.2550
vn 0.0086 0.3658 0.9306
vn 0.0045 0.6938 0.7202
vn -0.0003 0.9168 0.3994
vn -0.3722 -0.0185 0.9280
vn -0.6992 -0.0161 0.7147
vn -0.9195 -0.0112 0.3928
vn 0.6736 -0.6671 0.3181
vn 0.5256 -0.5236 0.6705
vn 0.2897 -0.2924 0.9114
vn -0.9216 -0.3878 0.0148
vn -0.7030 -0.7112 -0.0053
vn -0.3810 -0.9245 -0.0129
vn -0.0081 -0.3657 -0.9307
vn -0.0036 -0.6939 -0.7201
vn 0.0014 -0.9166 -0.3997
vn 0.6474 -0.4438 0.6195
vn 0.4926 -0.7378 0.4616
vn 0.2718 -0.9315 0.2417
vn -0.0085 0.9313 -0.3642
vn -0.0112 0.7217 -0.6922
vn -0.0112 0.7206 -0.6932
vn -0.0122 0.3999 -0.9165
vn 0.0102 -0.8229 0.5681
vn 0.1587 -0.8130 0.5602
vn -0.0002 -0.9167 -0.3995
vn 0.0958 -0.9118 -0.3992
vn -0.0002 -0.9166 -0.3998
vn -0.0003 -0.9167 -0.3995
vn -0.0105 -0.1439 -0.9895
vn 0.3698 0.9278 -0.0503
vn 0.9072 0.3940 -0.1475
vn 0.9065 0.3939 -0.1520
vn 0.9065 0.3938 -0.1524
vn 0.9150 -0.3648 -0.1724
vn 0.1550 0.9878 -0.0155
vn 0.9137 0.4011 -0.0661
vn 0.8062 -0.5691 -0.1617
vn -0.9740 -0.1647 0.1554
vn -0.3771 -0.9261 -0.0128
vn -0.3736 -0.9237 0.0845
vn 0.5885 -0.8082 -0.0208
vn -0.9864 -0.1643 0.0074
vn -0.3788 -0.9254 -0.0129
vn -0.3790 -0.9253 -0.0129
vn -0.3927 0.0148 -0.9195
vn -0.7153 0.0087 -0.6987
vn -0.7151 0.0087 -0.6989
vn -0.9282 0.0012 -0.3721
vn 0.5875 -0.1549 0.7943
vn -0.8204 -0.1085 0.5613
vn -0.3771 -0.1743 0.9096
vn -0.8263 -0.1071 0.5530
vn -0.3738 -0.1754 0.9108
vn -0.3735 -0.1840 0.9092
vn -0.3733 -0.1846 0.9092
vn -0.9848 -0.0354 0.1699
vn 0.0062 0.3644 0.9312
vn -0.0020 0.9836 0.1806
vn 0.0063 0.3649 0.9310
vn 0.0087 -0.5987 0.8009
vn -0.9260 0.3772 0.0174
vn -0.7096 0.7043 0.0209
vn -0.7108 0.7031 0.0208
vn -0.3872 0.9217 0.0211
vn 0.9301 -0.0011 0.3672
vn 0.3736 0.0275 -0.9272
vn 0.3731 0.0198 -0.9276
vn 0.9302 0.0066 0.3671
vn 0.9820 0.0153 0.1885
vn 0.5395 0.0319 -0.8414
vn 0.1815 0.0234 -0.9831
vn 0.2980 0.8945 0.3334
vn 0.3156 0.8949 0.3154
vn 0.4453 0.7582 0.4763
vn 0.4708 0.7591 0.4496
vn 0.7189 0.2333 0.6547
vn 0.7038 -0.0214 0.7101
vn 0.7440 -0.0198 0.6679
vn 0.2813 0.8932 0.3509
vn 0.4221 0.7544 0.5027
vn 0.6790 0.2362 0.6951
vn 0.6637 -0.0195 0.7477
vn -0.3153 0.9152 -0.2510
vn -0.3319 0.9144 -0.2319
vn -0.4695 0.7901 -0.3942
vn -0.7443 0.3322 -0.5794
vn -0.7423 0.0888 -0.6641
vn -0.7069 0.3339 -0.6235
vn -0.3477 0.9137 -0.2103
vn -0.4947 0.7888 -0.3648
vn -0.7812 0.3291 -0.5305
vn -0.7819 0.0872 -0.6173
vn 0.3496 0.8953 0.2761
vn 0.3332 0.8953 0.2956
vn 0.5209 0.7576 0.3933
vn 0.7556 0.2406 0.6092
vn 0.8177 -0.0174 0.5754
vn 0.7903 0.2402 0.5637
vn 0.4975 0.7577 0.4223
vn 0.7826 -0.0172 0.6223
vn -0.2986 0.9155 -0.2697
vn -0.2825 0.9158 -0.2855
vn -0.4425 0.7915 -0.4215
vn -0.4198 0.7896 -0.4476
vn -0.6300 0.3378 -0.6993
vn -0.7010 0.0910 -0.7074
vn -0.6606 0.0937 -0.7449
vn -0.6694 0.3308 -0.6651
vn -0.2660 0.9154 -0.3020
vn -0.2464 0.9154 -0.3183
vn -0.3924 0.7901 -0.4709
vn -0.3629 0.7880 -0.4974
vn -0.5439 0.3393 -0.7675
vn -0.6179 0.0959 -0.7804
vn -0.5682 0.0986 -0.8170
vn -0.5908 0.3351 -0.7340
vn 0.2636 0.8915 0.3684
vn 0.3948 0.7534 0.5259
vn 0.6397 0.2361 0.7315
vn 0.6208 -0.0198 0.7837
vn 0.2439 0.8901 0.3849
vn 0.3667 0.7505 0.5498
vn 0.5978 0.2344 0.7666
vn 0.5737 -0.0205 0.8188
vn 0.2239 0.8873 0.4032
vn 0.3370 0.7463 0.5740
vn 0.5513 0.2342 0.8008
vn 0.5238 -0.0180 0.8517
vn 0.2048 0.8836 0.4210
vn 0.3112 0.7397 0.5967
vn 0.5022 0.2320 0.8331
vn 0.4764 -0.0211 0.8790
vn -0.2252 0.9143 -0.3368
vn -0.2096 0.9117 -0.3533
vn -0.3293 0.7846 -0.5253
vn -0.3043 0.7800 -0.5469
vn -0.4514 0.3341 -0.8274
vn -0.5122 0.0997 -0.8531
vn -0.4677 0.1011 -0.8781
vn -0.4927 0.3362 -0.8027
vn 0.1145 0.8751 0.4702
vn -0.0017 0.9137 0.4064
vn 0.2016 0.5162 0.8324
vn 0.0034 0.6838 0.7297
vn 0.2221 0.0368 0.9743
vn 0.0084 0.3382 0.9410
vn 0.0840 0.9743 0.2091
vn 0.2940 0.7273 0.6201
vn 0.4547 0.2213 0.8627
vn 0.4421 -0.0273 0.8965
vn 0.2890 0.7190 0.6321
vn 0.4227 0.2056 0.8826
vn -0.2034 0.9083 -0.3656
vn -0.2957 0.7735 -0.5606
vn -0.4480 0.0967 -0.8888
vn -0.4321 0.3265 -0.8407
vn -0.3674 0.9119 -0.1831
vn -0.5211 0.7860 -0.3327
vn -0.8223 0.3253 -0.4669
vn -0.8208 0.0865 -0.5646
vn -0.3895 0.9070 -0.1601
vn -0.5513 0.7828 -0.2885
vn -0.8570 0.3148 -0.4081
vn -0.8648 0.0846 -0.4949
vn 0.3834 0.8924 0.2379
vn 0.3653 0.8951 0.2558
vn 0.5654 0.7514 0.3403
vn 0.8215 0.2418 0.5164
vn 0.8759 -0.0163 0.4822
vn 0.8514 0.2324 0.4703
vn 0.5414 0.7582 0.3634
vn 0.8493 -0.0161 0.5276
vn 0.3743 0.9272 0.0150
vn 0.7071 0.7071 -0.0020
vn 0.9289 0.3698 -0.0186
vn 0.4398 0.8877 0.1361
vn 0.8208 0.5323 0.2071
vn 0.9771 0.0412 0.2085
vn -0.4065 0.9013 -0.1495
vn -0.5848 0.7715 -0.2505
vn -0.8750 0.3050 -0.3760
vn -0.9001 0.0773 -0.4287
vn -0.9153 0.0740 -0.3960
vn -0.6044 0.7610 -0.2358
vn -0.8772 0.3077 -0.3685
vn 0.3980 0.8889 0.2269
vn 0.8714 0.2190 0.4391
vn 0.5847 0.7444 0.3225
vn 0.8931 -0.0214 0.4494
vn 0.5438 -0.6991 0.4642
vn 0.5150 -0.6994 0.4956
vn 0.3957 -0.8587 0.3256
vn 0.3757 -0.8585 0.3491
vn 0.2229 -0.9605 0.1667
vn 0.2112 -0.9609 0.1793
vn 0.4868 -0.6988 0.5241
vn 0.3544 -0.8591 0.3692
vn 0.2001 -0.9609 0.1912
vn -0.5939 -0.6356 -0.4932
vn -0.5639 -0.6342 -0.5290
vn -0.4282 -0.8252 -0.3684
vn -0.4068 -0.8240 -0.3944
vn -0.2318 -0.9483 -0.2167
vn -0.2198 -0.9478 -0.2309
vn -0.6244 -0.6358 -0.4537
vn -0.4506 -0.8255 -0.3400
vn -0.2435 -0.9488 -0.2010
vn 0.5723 -0.6975 0.4312
vn 0.5989 -0.6950 0.3979
vn 0.4164 -0.8577 0.3015
vn 0.4363 -0.8559 0.2779
vn 0.2350 -0.9598 0.1536
vn 0.2454 -0.9593 0.1398
vn -0.5034 -0.6288 -0.5926
vn -0.5330 -0.6316 -0.5631
vn -0.3635 -0.8206 -0.4410
vn -0.3848 -0.8222 -0.4194
vn -0.1970 -0.9461 -0.2572
vn -0.2076 -0.9473 -0.2440
vn -0.4358 -0.6203 -0.6521
vn -0.4723 -0.6249 -0.6217
vn -0.3155 -0.8151 -0.4858
vn -0.3413 -0.8183 -0.4625
vn -0.1708 -0.9443 -0.2813
vn -0.1842 -0.9456 -0.2681
vn 0.4564 -0.6983 0.5514
vn 0.3333 -0.8583 0.3901
vn 0.1884 -0.9608 0.2034
vn 0.4244 -0.6942 0.5813
vn 0.3101 -0.8567 0.4122
vn 0.1755 -0.9606 0.2156
vn 0.3901 -0.6900 0.6097
vn 0.2862 -0.8542 0.4342
vn 0.1625 -0.9598 0.2289
vn 0.3578 -0.6841 0.6356
vn 0.2640 -0.8498 0.4562
vn 0.1506 -0.9583 0.2427
vn -0.3639 -0.6041 -0.7090
vn -0.3954 -0.6133 -0.6837
vn -0.2658 -0.8040 -0.5319
vn -0.2878 -0.8098 -0.5113
vn -0.1451 -0.9398 -0.3094
vn -0.1559 -0.9424 -0.2960
vn 0.0762 -0.4435 0.8930
vn 0.1956 -0.6560 0.7290
vn 0.0602 -0.7498 0.6589
vn 0.1487 -0.8311 0.5359
vn 0.0343 -0.9473 0.3186
vn 0.0906 -0.9502 0.2981
vn 0.3353 -0.6765 0.6557
vn 0.2493 -0.8440 0.4749
vn 0.1433 -0.9563 0.2549
vn -0.3496 -0.5985 -0.7208
vn -0.2568 -0.7989 -0.5439
vn -0.1402 -0.9380 -0.3169
vn -0.6599 -0.6349 -0.4018
vn -0.4776 -0.8245 -0.3034
vn -0.2578 -0.9491 -0.1812
vn -0.6954 -0.6250 -0.3546
vn -0.5068 -0.8183 -0.2711
vn -0.2758 -0.9470 -0.1648
vn 0.6239 -0.6915 0.3640
vn 0.6468 -0.6863 0.3326
vn 0.4543 -0.8541 0.2531
vn 0.4742 -0.8493 0.2319
vn 0.2565 -0.9582 0.1266
vn 0.2684 -0.9564 0.1149
vn 0.9104 -0.4134 0.0181
vn 0.6899 -0.7239 0.0018
vn 0.3752 -0.9268 -0.0147
vn 0.7425 -0.6516 0.1553
vn 0.5471 -0.8305 0.1049
vn 0.3151 -0.9479 0.0474
vn -0.7123 -0.6192 -0.3306
vn -0.5240 -0.8126 -0.2553
vn -0.2883 -0.9446 -0.1571
vn 0.6640 -0.6798 0.3114
vn 0.4902 -0.8439 0.2180
vn 0.2787 -0.9543 0.1076
vn -0.4825 -0.3379 -0.8081
vn 0.8677 0.1550 -0.4724
vn -0.8074 -0.3552 -0.4710
vn 0.2385 -0.1464 -0.9600
vn 0.2378 -0.1470 -0.9601
vn 0.9604 0.2664 -0.0818
vn -0.5039 -0.3365 -0.7955
vn -0.9357 -0.2102 0.2835
vn -0.9356 -0.2103 0.2835
vn -0.2024 0.1569 0.9667
vn -0.6204 -0.3525 -0.7006
vn 0.3751 -0.3727 -0.8488
vn 0.3572 -0.3913 -0.8481
vn 0.5129 -0.5069 -0.6927
vn 0.4865 -0.5331 -0.6921
vn 0.6677 -0.7305 -0.1431
vn 0.7119 -0.6929 0.1144
vn 0.6701 -0.7334 0.1147
vn 0.3926 -0.3561 -0.8480
vn 0.5390 -0.4830 -0.6901
vn 0.7086 -0.6910 -0.1429
vn 0.7493 -0.6525 0.1126
vn -0.2112 0.2312 -0.9497
vn -0.1921 0.2480 -0.9495
vn -0.3601 0.3937 -0.8458
vn -0.5674 0.7067 -0.4226
vn -0.6627 0.7257 -0.1849
vn -0.6113 0.6692 -0.4225
vn -0.1708 0.2643 -0.9492
vn -0.3315 0.4202 -0.8447
vn -0.5183 0.7435 -0.4226
vn -0.6164 0.7656 -0.1843
vn 0.3175 -0.4244 -0.8479
vn 0.3373 -0.4079 -0.8484
vn 0.4293 -0.5818 -0.6908
vn 0.6233 -0.7688 -0.1430
vn 0.5780 -0.8079 0.1148
vn 0.5780 -0.8036 -0.1423
vn 0.4578 -0.5576 -0.6925
vn 0.6245 -0.7724 0.1156
vn -0.2291 0.2142 -0.9495
vn -0.2452 0.1979 -0.9491
vn -0.3879 0.3683 -0.8449
vn -0.4120 0.3431 -0.8441
vn -0.6860 0.5913 -0.4240
vn -0.7059 0.6837 -0.1852
vn -0.7430 0.6430 -0.1856
vn -0.6516 0.6296 -0.4232
vn -0.2604 0.1807 -0.9484
vn -0.2730 0.1630 -0.9481
vn -0.4355 0.3163 -0.8428
vn -0.4586 0.2879 -0.8407
vn -0.7534 0.5040 -0.4224
vn -0.7780 0.5998 -0.1870
vn -0.8151 0.5480 -0.1879
vn -0.7191 0.5509 -0.4236
vn 0.4089 -0.3377 -0.8478
vn 0.5617 -0.4558 -0.6905
vn 0.7448 -0.6513 -0.1452
vn 0.7850 -0.6097 0.1100
vn 0.4264 -0.3193 -0.8463
vn 0.5864 -0.4285 -0.6874
vn 0.7797 -0.6092 -0.1451
vn 0.8189 -0.5640 0.1069
vn 0.4333 -0.3008 -0.8496
vn 0.6009 -0.4026 -0.6906
vn 0.8123 -0.5644 -0.1468
vn 0.8449 -0.5247 0.1044
vn 0.4097 -0.2771 -0.8691
vn 0.5901 -0.3790 -0.7129
vn 0.8372 -0.5267 -0.1474
vn 0.8584 -0.5029 0.1012
vn -0.2787 0.1567 -0.9475
vn -0.2953 0.1719 -0.9398
vn -0.4784 0.2657 -0.8370
vn -0.5016 0.2638 -0.8239
vn -0.8163 0.4094 -0.4075
vn -0.8543 0.4843 -0.1885
vn -0.8840 0.4297 -0.1842
vn -0.7887 0.4518 -0.4169
vn 0.3779 0.0627 -0.9237
vn 0.5657 0.0588 -0.8225
vn 0.7304 0.0806 -0.6782
vn 0.9479 0.0831 -0.3076
vn 0.1181 -0.1117 -0.9867
vn 0.5458 -0.3498 -0.7615
vn 0.8488 -0.5058 -0.1540
vn 0.8636 -0.4945 0.0985
vn 0.5463 -0.3494 -0.7612
vn 0.8515 -0.4982 -0.1638
vn -0.3295 0.1916 -0.9245
vn -0.7065 0.3425 -0.6193
vn -0.8984 0.4037 -0.1726
vn -0.1434 0.2835 -0.9482
vn -0.2989 0.4459 -0.8437
vn -0.4559 0.7861 -0.4173
vn -0.5641 0.8049 -0.1841
vn -0.1212 0.3068 -0.9440
vn -0.2560 0.4781 -0.8402
vn -0.3974 0.8213 -0.4093
vn -0.4948 0.8497 -0.1823
vn 0.2797 -0.4583 -0.8437
vn 0.2975 -0.4403 -0.8471
vn 0.3761 -0.6257 -0.6834
vn 0.5309 -0.8353 -0.1427
vn 0.4855 -0.8667 0.1142
vn 0.4846 -0.8641 -0.1360
vn 0.4002 -0.6035 -0.6897
vn 0.5306 -0.8401 0.1132
vn 0.0584 -0.4549 -0.8886
vn 0.0332 -0.7662 -0.6418
vn 0.0027 -0.9580 -0.2866
vn 0.1775 -0.5143 -0.8390
vn 0.2350 -0.8627 -0.4478
vn 0.2149 -0.9751 0.0551
vn -0.1106 0.3236 -0.9397
vn -0.2183 0.5122 -0.8307
vn -0.3660 0.8409 -0.3988
vn -0.4291 0.8858 -0.1767
vn -0.3970 0.9023 -0.1682
vn -0.2037 0.5315 -0.8222
vn -0.3580 0.8423 -0.4029
vn 0.2687 -0.4729 -0.8392
vn 0.4529 -0.8834 -0.1202
vn 0.3582 -0.6447 -0.6753
vn 0.4523 -0.8835 0.1215
vn 0.4354 -0.4763 0.7639
vn 0.4662 -0.4473 0.7633
vn 0.2891 -0.3162 0.9036
vn 0.3114 -0.2951 0.9033
vn 0.1249 -0.1364 0.9827
vn 0.1375 -0.1247 0.9826
vn 0.4948 -0.4188 0.7614
vn 0.3324 -0.2747 0.9022
vn 0.1492 -0.1134 0.9823
vn -0.5241 0.6431 0.5584
vn -0.5599 0.6129 0.5576
vn -0.4070 0.4957 0.7672
vn -0.4326 0.4736 0.7672
vn -0.2602 0.3123 0.9137
vn -0.2737 0.2996 0.9140
vn -0.4849 0.6739 0.5574
vn -0.3789 0.5182 0.7668
vn -0.2446 0.3241 0.9138
vn 0.4020 -0.5047 0.7639
vn 0.3691 -0.5317 0.7623
vn 0.2650 -0.3370 0.9035
vn 0.2412 -0.3566 0.9026
vn 0.1115 -0.1482 0.9827
vn 0.0984 -0.1595 0.9823
vn -0.6223 0.5510 0.5561
vn -0.5930 0.5812 0.5572
vn -0.4789 0.4298 0.7655
vn -0.4568 0.4509 0.7668
vn -0.2994 0.2762 0.9133
vn -0.2871 0.2877 0.9137
vn -0.6839 0.4786 0.5508
vn -0.6505 0.5192 0.5543
vn -0.5255 0.3768 0.7628
vn -0.4994 0.4070 0.7648
vn -0.3272 0.2461 0.9123
vn -0.3101 0.2636 0.9134
vn 0.5232 -0.3895 0.7580
vn 0.3534 -0.2536 0.9004
vn 0.1614 -0.1019 0.9816
vn 0.5509 -0.3576 0.7541
vn 0.3750 -0.2314 0.8977
vn 0.1739 -0.0894 0.9807
vn 0.5744 -0.3312 0.7486
vn 0.3949 -0.2136 0.8935
vn 0.1885 -0.0815 0.9787
vn 0.5946 -0.3199 0.7377
vn 0.4250 -0.2138 0.8796
vn 0.2277 -0.0938 0.9692
vn -0.7657 0.3525 0.5380
vn -0.7286 0.4172 0.5432
vn -0.5994 0.2672 0.7545
vn -0.5660 0.3264 0.7570
vn -0.3812 0.1588 0.9107
vn -0.3524 0.2066 0.9127
vn 0.8922 -0.0068 0.4515
vn 0.6882 -0.0246 0.7251
vn 0.4047 -0.0393 0.9136
vn 0.6160 -0.3229 0.7185
vn 0.4682 -0.2317 0.8527
vn 0.2954 -0.1281 0.9467
vn -0.7834 0.3182 0.5338
vn -0.6040 0.2288 0.7634
vn -0.3709 0.1207 0.9208
vn -0.4334 0.7103 0.5547
vn -0.3424 0.5454 0.7650
vn -0.2248 0.3384 0.9138
vn -0.3851 0.7432 0.5472
vn -0.3096 0.5736 0.7583
vn -0.2083 0.3561 0.9110
vn 0.3356 -0.5572 0.7595
vn 0.3047 -0.5809 0.7548
vn 0.2173 -0.3762 0.9007
vn 0.1958 -0.3956 0.8973
vn 0.0851 -0.1708 0.9816
vn 0.0732 -0.1825 0.9805
vn 0.0039 -0.8699 0.4933
vn -0.0272 -0.6237 0.7812
vn -0.0545 -0.2922 0.9548
vn 0.1294 -0.6798 0.7219
vn 0.0702 -0.4703 0.8797
vn 0.0066 -0.2325 0.9726
vn -0.3615 0.7610 0.5387
vn -0.2939 0.5908 0.7514
vn -0.2006 0.3685 0.9077
vn 0.2839 -0.5989 0.7488
vn 0.1825 -0.4124 0.8925
vn 0.0666 -0.1936 0.9788
vn -0.6072 0.7485 0.2665
vn -0.4861 0.8338 0.2616
vn -0.9662 -0.2304 0.1159
vn -0.2144 -0.9633 -0.1617
vn 0.1858 0.9681 0.1683
vn 0.1998 0.9657 0.1659
vn 0.2001 0.9657 0.1655
vn 0.1856 0.9681 0.1684
vn 0.9796 0.1503 -0.1336
vn -0.8491 0.4659 0.2489
vn 0.1999 0.9657 0.1660
vn 0.8220 -0.2918 0.4890
vn 0.8656 -0.1962 0.4608
vn 0.8986 -0.1010 0.4269
vn 0.3265 -0.8427 -0.4281
vn 0.5905 -0.0453 -0.8058
vn 0.5905 -0.0452 -0.8058
vn 0.5905 -0.0454 -0.8057
vn 0.5296 -0.7279 0.4356
vn 0.5229 -0.5109 0.6823
vn -0.0043 0.9977 0.0670
vn 0.7085 -0.6953 -0.1212
vn 0.0456 -0.7376 -0.6737
vn 0.0353 -0.8978 0.4391
vn -0.2104 0.7886 -0.5778
vn -0.5327 -0.2175 -0.8179
vn 0.8692 0.2944 -0.3973
vn 0.3897 -0.9016 -0.1879
vn -0.7988 0.3934 -0.4552
vn 0.6691 0.2739 0.6909
vn -0.4698 0.7918 -0.3904
vn -0.5911 -0.4744 0.6523
vn 0.4347 0.0011 0.9006
vn -0.8804 0.0408 0.4725
vn 0.5681 0.5911 -0.5726
vn 0.4298 0.1708 0.8866
vn 0.8266 -0.5628 -0.0067
vn 0.7343 -0.2010 0.6484
vn -0.5064 -0.8050 0.3091
vn 0.3608 -0.8633 0.3529
vn -0.6231 0.2228 -0.7498
vn -0.8133 0.5133 0.2741
vn 0.1980 0.6022 -0.7734
vn -0.0753 -0.7901 0.6083
vn 0.6044 0.1358 0.7850
vn -0.3464 0.4724 0.8104
vn -0.0703 0.4975 -0.8646
vn -0.9865 -0.1636 0.0073
vt 0.448686 0.293482
vt 0.454072 0.294569
vt 0.451449 0.297118
vt 0.523929 0.015985
vt 0.536304 0.017580
vt 0.524099 0.018425
vt 0.457023 0.298085
vt 0.462844 0.298939
vt 0.460166 0.301459
vt 0.562555 0.040464
vt 0.574199 0.038477
vt 0.574241 0.040873
vt 0.466863 0.307618
vt 0.467517 0.312749
vt 0.464161 0.310081
vt 0.511783 0.017259
vt 0.511973 0.019701
vt 0.513048 0.043112
vt 0.499709 0.042817
vt 0.512818 0.040723
vt 0.537893 0.040857
vt 0.550255 0.038049
vt 0.550365 0.040445
vt 0.460796 0.307137
vt 0.457505 0.303962
vt 0.466178 0.302157
vt 0.463477 0.304654
vt 0.585544 0.039277
vt 0.585549 0.041677
vt 0.593867 0.017287
vt 0.582958 0.018503
vt 0.582915 0.016058
vt 0.571816 0.015237
vt 0.560442 0.017247
vt 0.560345 0.014805
vt 0.597336 0.040589
vt 0.597301 0.042988
vt 0.612860 0.042953
vt 0.612793 0.045342
vt 0.616313 0.021052
vt 0.604916 0.021406
vt 0.604933 0.018950
vt 0.470237 0.310307
vt 0.470893 0.315165
vt 0.634705 0.046797
vt 0.634622 0.049184
vt 0.660102 0.051375
vt 0.659872 0.053685
vt 0.627898 0.023424
vt 0.616272 0.023515
vt 0.477200 0.315025
vt 0.477976 0.319424
vt 0.474352 0.317375
vt 0.499660 0.018921
vt 0.499867 0.021369
vt 0.487111 0.020994
vt 0.487340 0.023454
vt 0.482118 0.049087
vt 0.456097 0.052946
vt 0.481784 0.046757
vt 0.459680 0.295543
vt 0.473771 0.023563
vt 0.474048 0.026028
vt 0.460246 0.026685
vt 0.460728 0.029068
vt 0.456386 0.055239
vt 0.425786 0.059150
vt 0.448118 0.285932
vt 0.453798 0.288060
vt 0.451237 0.290779
vt 0.536450 0.020011
vt 0.524269 0.020859
vt 0.561455 0.027624
vt 0.571988 0.020437
vt 0.573039 0.028039
vt 0.562478 0.038069
vt 0.574155 0.036072
vt 0.585503 0.036545
vt 0.595604 0.030132
vt 0.597323 0.037858
vt 0.512164 0.022138
vt 0.500075 0.023814
vt 0.537749 0.038460
vt 0.525055 0.036946
vt 0.537606 0.036059
vt 0.550144 0.035646
vt 0.525236 0.039347
vt 0.512587 0.038325
vt 0.548505 0.017200
vt 0.571886 0.017679
vt 0.560537 0.019683
vt 0.571956 0.020115
vt 0.597371 0.038183
vt 0.574123 0.035749
vt 0.584248 0.028847
vt 0.593880 0.019736
vt 0.582999 0.020941
vt 0.593891 0.022178
vt 0.634788 0.044406
vt 0.608876 0.032187
vt 0.612827 0.040227
vt 0.604896 0.023856
vt 0.627847 0.025896
vt 0.616228 0.025977
vt 0.660159 0.049075
vt 0.512177 0.022460
vt 0.524658 0.028848
vt 0.512372 0.030172
vt 0.499415 0.040424
vt 0.481444 0.044424
vt 0.487570 0.025907
vt 0.474321 0.028476
vt 0.499749 0.032055
vt 0.487512 0.026244
vt 0.500076 0.024139
vt 0.455799 0.050670
vt 0.425969 0.056433
vt 0.461028 0.031425
vt 0.525418 0.041739
vt 0.440686 0.040199
vt 0.460400 0.029212
vt 0.441790 0.042005
vt 0.460595 0.029295
vt 0.525036 0.036622
vt 0.512570 0.038000
vt 0.562400 0.035667
vt 0.537583 0.035735
vt 0.444378 0.279435
vt 0.450246 0.282272
vt 0.454382 0.300611
vt 0.481502 0.044094
vt 0.465121 0.039871
vt 0.484536 0.035152
vt 0.492938 0.323621
vt 0.500085 0.324848
vt 0.492921 0.324421
vt 0.499776 0.325634
vt 0.492902 0.325221
vt 0.583035 0.021264
vt 0.548384 0.014759
vt 0.524287 0.021180
vt 0.537021 0.027978
vt 0.548625 0.019635
vt 0.440269 0.272161
vt 0.445478 0.273557
vt 0.440577 0.281010
vt 0.443248 0.285326
vt 0.461127 0.031719
vt 0.474152 0.028835
vt 0.455994 0.050329
vt 0.443368 0.043829
vt 0.481512 0.317448
vt 0.481808 0.321341
vt 0.472979 0.307855
vt 0.473629 0.312746
vt 0.585539 0.036870
vt 0.616454 0.026338
vt 0.625480 0.035193
vt 0.469585 0.305142
vt 0.476390 0.310318
vt 0.549374 0.027588
vt 0.550119 0.035323
vt 0.500001 0.045199
vt 0.589948 0.193340
vt 0.633707 0.183044
vt 0.590817 0.194208
vt 0.499410 0.040099
vt 0.486919 0.320264
vt 0.485518 0.323041
vt 0.492113 0.319370
vt 0.492804 0.323513
vt 0.634562 0.044053
vt 0.643614 0.038658
vt 0.659455 0.048634
vt 0.627699 0.028666
vt 0.440163 0.272032
vt 0.439062 0.263354
vt 0.439897 0.263176
vt 0.445985 0.289580
vt 0.439358 0.272016
vt 0.438218 0.263557
vt 0.604996 0.024191
vt 0.536158 0.015140
vt 0.562371 0.035344
vt 0.593938 0.022504
vt 0.485763 0.323981
vt 0.485527 0.323131
vt 0.480074 0.312676
vt 0.612927 0.040559
vt 0.485995 0.324833
vt 0.560566 0.020004
vt 0.548651 0.019956
vt 0.536471 0.020332
vt 0.456710 0.292004
vt 0.485069 0.315507
vt 0.676552 0.134225
vt 0.601727 0.092739
vt 0.695698 0.138552
vt 0.519680 0.103003
vt 0.552985 0.142417
vt 0.552184 0.143148
vt 0.523652 0.104804
vt 0.553788 0.141689
vt 0.584668 0.170079
vt 0.591523 0.134208
vt 0.616731 0.148219
vt 0.535285 0.281588
vt 0.489729 0.210577
vt 0.494937 0.209480
vt 0.633433 0.181582
vt 0.683050 0.175694
vt 0.556387 0.231062
vt 0.535241 0.275572
vt 0.555301 0.230654
vt 0.594946 0.116298
vt 0.648763 0.126381
vt 0.571088 0.290181
vt 0.650126 0.252673
vt 0.557384 0.304836
vt 0.495727 0.129052
vt 0.536977 0.159626
vt 0.496941 0.131336
vt 0.592979 0.234507
vt 0.630529 0.234052
vt 0.593485 0.272055
vt 0.567510 0.188905
vt 0.536229 0.160418
vt 0.701368 0.158760
vt 0.654101 0.256774
vt 0.488494 0.110445
vt 0.483910 0.211794
vt 0.481814 0.091853
vt 0.538635 0.300359
vt 0.646291 0.248725
vt 0.683194 0.175907
vt 0.686716 0.173581
vt 0.578958 0.237287
vt 0.590689 0.194338
vt 0.580043 0.237494
vt 0.582522 0.179678
vt 0.540331 0.146498
vt 0.546523 0.144707
vt 0.602618 0.087591
vt 0.715871 0.143211
vt 0.589691 0.193221
vt 0.634693 0.175538
vt 0.633453 0.181379
vt 0.571738 0.289459
vt 0.644882 0.247359
vt 0.476043 0.096570
vt 0.455374 0.146625
vt 0.443365 0.111236
vt 0.575851 0.186678
vt 0.540157 0.146691
vt 0.581154 0.185190
vt 0.631246 0.163670
vt 0.626973 0.159219
vt 0.573080 0.238835
vt 0.578756 0.237314
vt 0.635958 0.168963
vt 0.715982 0.143585
vt 0.635885 0.168707
vt 0.569838 0.188450
vt 0.568677 0.188765
vt 0.495501 0.129204
vt 0.496639 0.208947
vt 0.495258 0.209394
vt 0.500813 0.096992
vt 0.482039 0.091538
vt 0.535090 0.277993
vt 0.535134 0.280725
vt 0.557475 0.231468
vt 0.535347 0.277986
vt 0.585338 0.189045
vt 0.566619 0.240439
vt 0.581377 0.185246
vt 0.495222 0.128407
vt 0.538852 0.153044
vt 0.537799 0.158654
vt 0.583840 0.173830
vt 0.542686 0.320105
vt 0.680040 0.177794
vt 0.633977 0.184494
vt 0.583805 0.173548
vt 0.584062 0.172365
vt 0.600845 0.097694
vt 0.672726 0.134256
vt 0.600420 0.099223
vt 0.445040 0.171652
vt 0.477719 0.156987
vt 0.479394 0.217403
vt 0.519799 0.102776
vt 0.521923 0.103785
vt 0.583989 0.173588
vt 0.626215 0.157948
vt 0.626834 0.159064
vt 0.566364 0.240366
vt 0.561718 0.235774
vt 0.537728 0.158836
vt 0.568629 0.188592
vt 0.542327 0.319928
vt 0.410687 0.125901
vt 0.581309 0.185029
vt 0.584312 0.171226
vt 0.600003 0.100737
vt 0.523743 0.104605
vt 0.670180 0.134319
vt 0.581128 0.237697
vt 0.680158 0.177969
vt 0.573137 0.287267
vt 0.643502 0.246009
vt 0.496724 0.131463
vt 0.498009 0.208506
vt 0.567557 0.189072
vt 0.535025 0.275579
vt 0.687423 0.172928
vt 0.646540 0.248975
vt 0.571497 0.289321
vt 0.572914 0.287121
vt 0.574182 0.285235
vt 0.591654 0.195044
vt 0.570071 0.188290
vt 0.566397 0.189665
vt 0.531152 0.198962
vt 0.533076 0.170164
vt 0.513554 0.203603
vt 0.499786 0.150683
vt 0.552001 0.143226
vt 0.519003 0.102537
vt 0.562887 0.138132
vt 0.541128 0.106216
vt 0.584238 0.172403
vt 0.625595 0.156834
vt 0.630040 0.196486
vt 0.667572 0.196049
vt 0.592472 0.196923
vt 0.617856 0.221688
vt 0.557634 0.231597
vt 0.546851 0.223110
vt 0.527323 0.256523
vt 0.497943 0.133329
vt 0.600923 0.097365
vt 0.672722 0.134495
vt 0.675709 0.134365
vt 0.670182 0.134538
vt 0.477066 0.262927
vt 0.481773 0.265699
vt 0.478478 0.267251
vt 0.504415 0.053371
vt 0.516811 0.053521
vt 0.504867 0.055700
vt 0.483421 0.269956
vt 0.488626 0.272602
vt 0.485313 0.274133
vt 0.545630 0.075713
vt 0.558314 0.073224
vt 0.558421 0.075879
vt 0.489735 0.282041
vt 0.488779 0.287116
vt 0.486411 0.283545
vt 0.493138 0.056115
vt 0.493617 0.058325
vt 0.496280 0.079483
vt 0.484587 0.079596
vt 0.496007 0.077330
vt 0.519957 0.076744
vt 0.532511 0.073506
vt 0.532696 0.076000
vt 0.484128 0.279704
vt 0.482010 0.275658
vt 0.490764 0.276668
vt 0.487443 0.278188
vt 0.571057 0.073826
vt 0.571111 0.076546
vt 0.579658 0.048254
vt 0.567169 0.050372
vt 0.566944 0.047591
vt 0.554347 0.047572
vt 0.542027 0.050795
vt 0.541694 0.048164
vt 0.584591 0.075096
vt 0.584589 0.077871
vt 0.602769 0.077607
vt 0.602739 0.080425
vt 0.606365 0.051612
vt 0.592822 0.052490
vt 0.592727 0.049590
vt 0.492113 0.285630
vt 0.491249 0.290451
vt 0.628800 0.081554
vt 0.628789 0.084409
vt 0.659651 0.085970
vt 0.659657 0.088844
vt 0.620366 0.054513
vt 0.606359 0.054558
vt 0.497302 0.292251
vt 0.496695 0.296690
vt 0.493866 0.293616
vt 0.482565 0.059213
vt 0.483057 0.061302
vt 0.472374 0.062660
vt 0.472871 0.064637
vt 0.470432 0.085460
vt 0.450717 0.089897
vt 0.470076 0.083614
vt 0.486728 0.268412
vt 0.462261 0.066461
vt 0.462782 0.068338
vt 0.452380 0.070704
vt 0.453041 0.072423
vt 0.451003 0.091551
vt 0.430748 0.095368
vt 0.479027 0.255674
vt 0.483628 0.259505
vt 0.480344 0.261221
vt 0.517207 0.055953
vt 0.505297 0.058023
vt 0.543902 0.061921
vt 0.554956 0.053339
vt 0.556605 0.061706
vt 0.545481 0.073132
vt 0.558191 0.070560
vt 0.570942 0.070721
vt 0.582304 0.063051
vt 0.584522 0.071921
vt 0.494072 0.060530
vt 0.483527 0.063389
vt 0.519742 0.074349
vt 0.507257 0.073361
vt 0.519506 0.071948
vt 0.532309 0.071005
vt 0.507522 0.075649
vt 0.495709 0.075169
vt 0.529312 0.051877
vt 0.554630 0.050283
vt 0.542342 0.053418
vt 0.554897 0.052984
vt 0.584584 0.072312
vt 0.558145 0.070202
vt 0.569231 0.062047
vt 0.579820 0.051097
vt 0.567379 0.053141
vt 0.579967 0.053927
vt 0.628807 0.078703
vt 0.597831 0.065053
vt 0.602670 0.074409
vt 0.592903 0.055377
vt 0.620089 0.057439
vt 0.606340 0.057477
vt 0.659645 0.083095
vt 0.494116 0.060822
vt 0.506392 0.065647
vt 0.495012 0.067817
vt 0.484242 0.077577
vt 0.469700 0.081764
vt 0.473348 0.066613
vt 0.463287 0.070206
vt 0.484008 0.070473
vt 0.473339 0.066916
vt 0.483559 0.063673
vt 0.450409 0.088248
vt 0.430868 0.094517
vt 0.453677 0.074101
vt 0.507765 0.077931
vt 0.439377 0.083057
vt 0.440427 0.084137
vt 0.441461 0.085227
vt 0.507227 0.073059
vt 0.495679 0.074879
vt 0.545314 0.070545
vt 0.519470 0.071623
vt 0.477712 0.248428
vt 0.482188 0.252951
vt 0.480123 0.271494
vt 0.469734 0.081477
vt 0.457022 0.079523
vt 0.471659 0.074286
vt 0.642181 0.066621
vt 0.661766 0.080868
vt 0.640960 0.068990
vt 0.659719 0.082891
vt 0.639734 0.071353
vt 0.567441 0.053503
vt 0.528936 0.049336
vt 0.505346 0.058327
vt 0.518457 0.063894
vt 0.529668 0.054411
vt 0.476284 0.240354
vt 0.480549 0.243302
vt 0.473908 0.248697
vt 0.474810 0.253530
vt 0.453739 0.074184
vt 0.463236 0.070560
vt 0.450643 0.087897
vt 0.442023 0.085135
vt 0.500694 0.295889
vt 0.499779 0.299741
vt 0.495468 0.284138
vt 0.494594 0.288987
vt 0.570990 0.071096
vt 0.606567 0.057981
vt 0.617424 0.068153
vt 0.493076 0.280529
vt 0.497961 0.287519
vt 0.531075 0.062649
vt 0.532268 0.070670
vt 0.484908 0.081604
vt 0.459050 0.279989
vt 0.464411 0.281227
vt 0.461703 0.283704
vt 0.484215 0.077281
vt 0.505100 0.300266
vt 0.502891 0.302660
vt 0.510371 0.300743
vt 0.509885 0.304948
vt 0.628516 0.078303
vt 0.639057 0.071461
vt 0.658706 0.082645
vt 0.619783 0.060432
vt 0.430505 0.094978
vt 0.429471 0.094758
vt 0.475855 0.258387
vt 0.431299 0.095121
vt 0.593027 0.055797
vt 0.516395 0.051080
vt 0.545270 0.070200
vt 0.580043 0.054302
vt 0.500760 0.290884
vt 0.602794 0.074789
vt 0.619809 0.060294
vt 0.542400 0.053765
vt 0.529724 0.054744
vt 0.517260 0.056271
vt 0.485077 0.264142
vt 0.504701 0.295087
vt 0.573171 0.364001
vt 0.561093 0.362348
vt 0.573019 0.361617
vt 0.467258 0.284848
vt 0.473074 0.285908
vt 0.470291 0.288341
vt 0.535798 0.339721
vt 0.524382 0.341415
vt 0.524395 0.339066
vt 0.476757 0.294774
vt 0.477202 0.299931
vt 0.473955 0.297127
vt 0.585044 0.362800
vt 0.584862 0.360416
vt 0.583887 0.337663
vt 0.596836 0.338018
vt 0.584097 0.339985
vt 0.559764 0.339675
vt 0.547728 0.342258
vt 0.547654 0.339928
vt 0.470707 0.294051
vt 0.467535 0.290752
vt 0.476297 0.289272
vt 0.473489 0.291669
vt 0.513255 0.340357
vt 0.513323 0.338000
vt 0.504767 0.362039
vt 0.515498 0.360870
vt 0.515521 0.363266
vt 0.526367 0.364195
vt 0.537510 0.362386
vt 0.537572 0.364775
vt 0.501627 0.338696
vt 0.501784 0.336339
vt 0.486101 0.335877
vt 0.486345 0.333569
vt 0.481919 0.359176
vt 0.493644 0.358220
vt 0.493672 0.360651
vt 0.480020 0.297603
vt 0.480479 0.302488
vt 0.464285 0.331672
vt 0.464531 0.329411
vt 0.438971 0.327507
vt 0.439009 0.325076
vt 0.469994 0.357423
vt 0.481915 0.356730
vt 0.486813 0.302610
vt 0.487415 0.307202
vt 0.483853 0.304866
vt 0.596865 0.361154
vt 0.596653 0.358769
vt 0.608999 0.359001
vt 0.608756 0.356615
vt 0.613972 0.331879
vt 0.639655 0.327567
vt 0.614296 0.334176
vt 0.470012 0.282382
vt 0.621753 0.356285
vt 0.621485 0.353898
vt 0.634851 0.353212
vt 0.634569 0.350824
vt 0.639312 0.325283
vt 0.669598 0.319581
vt 0.458709 0.272446
vt 0.464328 0.274678
vt 0.461681 0.277349
vt 0.560973 0.359973
vt 0.572866 0.359240
vt 0.536663 0.352245
vt 0.526264 0.359107
vt 0.525338 0.351655
vt 0.535829 0.342054
vt 0.524374 0.343774
vt 0.513216 0.343050
vt 0.503107 0.349231
vt 0.501503 0.341394
vt 0.584679 0.358039
vt 0.596440 0.356391
vt 0.559880 0.342003
vt 0.572192 0.343576
vt 0.559996 0.344337
vt 0.547803 0.344596
vt 0.572032 0.341242
vt 0.584307 0.342316
vt 0.549172 0.362588
vt 0.526329 0.361805
vt 0.537450 0.360004
vt 0.526291 0.359421
vt 0.501468 0.341072
vt 0.524399 0.344092
vt 0.514338 0.350678
vt 0.504746 0.359629
vt 0.515478 0.358477
vt 0.504728 0.357217
vt 0.464028 0.333919
vt 0.489761 0.347005
vt 0.485932 0.338517
vt 0.493621 0.355787
vt 0.470155 0.355052
vt 0.481910 0.354295
vt 0.439331 0.330111
vt 0.584666 0.357725
vt 0.572532 0.351454
vt 0.584493 0.350226
vt 0.597108 0.340346
vt 0.614622 0.336480
vt 0.608512 0.354234
vt 0.621217 0.351515
vt 0.596767 0.348418
vt 0.608569 0.353906
vt 0.596439 0.356075
vt 0.639998 0.329856
vt 0.669842 0.321861
vt 0.634284 0.348435
vt 0.571872 0.338918
vt 0.451066 0.258912
vt 0.450819 0.267268
vt 0.450283 0.258934
vt 0.449973 0.267072
vt 0.449499 0.258958
vt 0.572208 0.343890
vt 0.584321 0.342631
vt 0.535864 0.344396
vt 0.560015 0.344651
vt 0.455223 0.266028
vt 0.460895 0.268852
vt 0.464528 0.287291
vt 0.614564 0.336808
vt 0.630585 0.340627
vt 0.611539 0.345376
vt 0.452323 0.345371
vt 0.437227 0.331705
vt 0.453218 0.343516
vt 0.439271 0.330257
vt 0.454106 0.341666
vt 0.515446 0.358162
vt 0.549261 0.364975
vt 0.572851 0.358927
vt 0.560489 0.352202
vt 0.549083 0.360208
vt 0.451172 0.259041
vt 0.456259 0.260329
vt 0.451750 0.267468
vt 0.454001 0.271708
vt 0.634176 0.348147
vt 0.621396 0.351159
vt 0.639806 0.330216
vt 0.651768 0.335272
vt 0.491159 0.305236
vt 0.491210 0.309603
vt 0.482860 0.295266
vt 0.483313 0.300181
vt 0.513189 0.342728
vt 0.481730 0.353950
vt 0.473000 0.343864
vt 0.479582 0.292413
vt 0.486166 0.297865
vt 0.548449 0.352447
vt 0.547824 0.344911
vt 0.596566 0.335702
vt 0.597111 0.340663
vt 0.496828 0.308336
vt 0.494998 0.311958
vt 0.502426 0.307095
vt 0.503114 0.311723
vt 0.464221 0.334240
vt 0.454513 0.341625
vt 0.439896 0.330453
vt 0.470212 0.352379
vt 0.449790 0.250598
vt 0.450665 0.250442
vt 0.456495 0.276020
vt 0.448997 0.250860
vt 0.493528 0.355457
vt 0.561213 0.364734
vt 0.535887 0.344712
vt 0.504684 0.356898
vt 0.469824 0.354916
vt 0.469663 0.357262
vt 0.489778 0.300352
vt 0.485848 0.338194
vt 0.469983 0.352597
vt 0.537426 0.359691
vt 0.549062 0.359895
vt 0.560955 0.359661
vt 0.467140 0.278725
vt 0.494892 0.303274
vt 0.029162 0.077983
vt 0.029089 0.077839
vt 0.029205 0.077888
vt 0.029013 0.077958
vt 0.029078 0.077997
vt 0.029253 0.077797
vt 0.029009 0.077786
vt 0.029118 0.077729
vt 0.071645 0.205215
vt 0.071637 0.205191
vt 0.071672 0.205199
vt 0.029128 0.077441
vt 0.029078 0.077602
vt 0.028966 0.077531
vt 0.071654 0.205170
vt 0.071696 0.205187
vt 0.071636 0.205172
vt 0.029310 0.077711
vt 0.029313 0.077545
vt 0.029370 0.077624
vt 0.029189 0.077638
vt 0.029236 0.077492
vt 0.029057 0.077705
vt 0.500343 0.324033
vt 0.500335 0.324007
vt 0.500363 0.324037
vt 0.500300 0.324004
vt 0.500303 0.323979
vt 0.500358 0.324006
vt 0.500326 0.323983
vt 0.500202 0.323916
vt 0.500195 0.323942
vt 0.500152 0.323913
vt 0.500263 0.323927
vt 0.500258 0.323949
vt 0.500249 0.323973
vt 0.500310 0.323961
vt 0.659827 0.053736
vt 0.659731 0.053727
vt 0.659926 0.053682
vt 0.659888 0.053742
vt 0.659717 0.053776
vt 0.659570 0.053757
vt 0.500348 0.323985
vt 0.459928 0.026762
vt 0.459995 0.026805
vt 0.459922 0.026843
vt 0.440531 0.280973
vt 0.440510 0.280982
vt 0.440509 0.280953
vt 0.460002 0.026726
vt 0.460083 0.026762
vt 0.460018 0.026660
vt 0.460071 0.026695
vt 0.440545 0.281013
vt 0.440552 0.280993
vt 0.440562 0.281030
vt 0.440538 0.281029
vt 0.440529 0.280996
vt 0.440528 0.281013
vt 0.460171 0.026720
vt 0.460205 0.026629
vt 0.460136 0.026663
vt 0.460156 0.026591
vt 0.460063 0.026656
vt 0.460102 0.026622
vt 0.439925 0.263186
vt 0.439926 0.263221
vt 0.439897 0.263144
vt 0.439927 0.263163
vt 0.439953 0.263220
vt 0.439957 0.263275
vt 0.439949 0.263196
vt 0.426079 0.061536
vt 0.426128 0.061587
vt 0.426024 0.061536
vt 0.426221 0.061574
vt 0.426239 0.061622
vt 0.426066 0.061594
vt 0.425995 0.061538
vt 0.439947 0.263174
vt 0.439987 0.263330
vt 0.440013 0.263323
vt 0.440015 0.263374
vt 0.439982 0.263266
vt 0.440003 0.263261
vt 0.439970 0.263213
vt 0.499747 0.325657
vt 0.499712 0.325653
vt 0.499805 0.325642
vt 0.499768 0.325660
vt 0.499695 0.325672
vt 0.499637 0.325671
vt 0.499723 0.325672
vt 0.660098 0.048981
vt 0.660214 0.049072
vt 0.659998 0.048969
vt 0.659972 0.048889
vt 0.660161 0.048983
vt 0.660052 0.048912
vt 0.659648 0.048677
vt 0.659613 0.048736
vt 0.499633 0.325690
vt 0.499558 0.325688
vt 0.659821 0.048793
vt 0.659805 0.048852
vt 0.499697 0.325688
vt 0.425914 0.056279
vt 0.426035 0.056271
vt 0.425874 0.056349
vt 0.426107 0.056204
vt 0.426174 0.056217
vt 0.425996 0.056320
vt 0.426116 0.056264
vt 0.426491 0.056111
vt 0.426465 0.056070
vt 0.426623 0.056034
vt 0.407536 0.225281
vt 0.407524 0.225221
vt 0.407731 0.225192
vt 0.426326 0.056168
vt 0.426292 0.056134
vt 0.426193 0.056253
vt 0.426061 0.056330
vt 0.426167 0.056328
vt 0.425864 0.056390
vt 0.426346 0.056221
vt 0.589907 0.193364
vt 0.589877 0.193316
vt 0.589869 0.193395
vt 0.589849 0.193333
vt 0.589795 0.193288
vt 0.589827 0.193354
vt 0.589797 0.193309
vt 0.589790 0.193405
vt 0.589839 0.193434
vt 0.589816 0.193476
vt 0.589761 0.193325
vt 0.589807 0.193376
vt 0.589758 0.193287
vt 0.589734 0.193255
vt 0.589727 0.193263
vt 0.495630 0.129028
vt 0.495538 0.128858
vt 0.495505 0.128856
vt 0.495401 0.128722
vt 0.495370 0.128665
vt 0.495450 0.128872
vt 0.495523 0.129095
vt 0.495344 0.128641
vt 0.495434 0.128882
vt 0.686589 0.173355
vt 0.686856 0.173289
vt 0.686671 0.173387
vt 0.687307 0.173013
vt 0.687250 0.173021
vt 0.686733 0.173488
vt 0.686933 0.173323
vt 0.686881 0.173312
vt 0.686915 0.173318
vt 0.687047 0.173185
vt 0.687148 0.173129
vt 0.571530 0.289410
vt 0.571409 0.289575
vt 0.571432 0.289616
vt 0.571350 0.289770
vt 0.571305 0.289841
vt 0.571467 0.289666
vt 0.571638 0.289476
vt 0.571479 0.289681
vt 0.571282 0.289902
vt 0.571328 0.289809
vt 0.571456 0.289637
vt 0.571575 0.289457
vt 0.675744 0.134297
vt 0.675915 0.134320
vt 0.675755 0.134243
vt 0.675951 0.134239
vt 0.675939 0.134274
vt 0.676085 0.134249
vt 0.676119 0.134260
vt 0.675696 0.134126
vt 0.675980 0.134216
vt 0.675742 0.134190
vt 0.676002 0.134204
vt 0.676260 0.134237
vt 0.676159 0.134247
vt 0.676355 0.134253
vt 0.676418 0.134227
vt 0.569862 0.188283
vt 0.569813 0.188310
vt 0.569789 0.188271
vt 0.569936 0.188315
vt 0.569879 0.188311
vt 0.569888 0.188340
vt 0.569831 0.188355
vt 0.569923 0.188330
vt 0.569960 0.188346
vt 0.569981 0.188314
vt 0.570020 0.188309
vt 0.570017 0.188299
vt 0.569947 0.188298
vt 0.569839 0.188403
vt 0.569895 0.188402
vt 0.569895 0.188369
vt 0.569942 0.188337
vt 0.535341 0.280990
vt 0.535326 0.280790
vt 0.535397 0.280736
vt 0.535288 0.281182
vt 0.535302 0.281011
vt 0.535206 0.280789
vt 0.535231 0.281037
vt 0.535266 0.280806
vt 0.535248 0.281033
vt 0.535286 0.281223
vt 0.535275 0.281308
vt 0.535272 0.281015
vt 0.535282 0.281146
vt 0.583942 0.173648
vt 0.583941 0.173592
vt 0.583880 0.173699
vt 0.583910 0.173649
vt 0.583893 0.173586
vt 0.583872 0.173680
vt 0.583880 0.173644
vt 0.583846 0.173775
vt 0.583858 0.173694
vt 0.583860 0.173738
vt 0.583856 0.173778
vt 0.583890 0.173716
vt 0.583846 0.173571
vt 0.583822 0.173622
vt 0.583851 0.173637
vt 0.583841 0.173705
vt 0.519481 0.102802
vt 0.519662 0.102917
vt 0.519479 0.102835
vt 0.519319 0.102695
vt 0.519332 0.102702
vt 0.519714 0.102814
vt 0.519500 0.102728
vt 0.519674 0.102859
vt 0.519494 0.102775
vt 0.519493 0.102747
vt 0.519248 0.102649
vt 0.542557 0.320196
vt 0.542593 0.320075
vt 0.476090 0.096608
vt 0.476081 0.096604
vt 0.476093 0.096571
vt 0.542447 0.320171
vt 0.542502 0.320038
vt 0.476061 0.096558
vt 0.476062 0.096589
vt 0.542171 0.320163
vt 0.542315 0.320198
vt 0.542273 0.320375
vt 0.476077 0.096562
vt 0.476072 0.096543
vt 0.542415 0.319988
vt 0.542257 0.319979
vt 0.542352 0.320104
vt 0.542222 0.320038
vt 0.542424 0.320229
vt 0.581317 0.185242
vt 0.581370 0.185187
vt 0.581261 0.185231
vt 0.581316 0.185188
vt 0.581357 0.185133
vt 0.581280 0.185153
vt 0.581310 0.185145
vt 0.581186 0.185141
vt 0.581207 0.185214
vt 0.581222 0.185100
vt 0.581232 0.185167
vt 0.581273 0.185184
vt 0.581291 0.185107
vt 0.581262 0.185063
vt 0.581337 0.185081
vt 0.581257 0.185132
vt 0.481716 0.091834
vt 0.481867 0.091766
vt 0.481628 0.091774
vt 0.481773 0.091681
vt 0.481921 0.091688
vt 0.481727 0.091602
vt 0.481829 0.091593
vt 0.481589 0.091384
vt 0.481721 0.091496
vt 0.481519 0.091638
vt 0.481831 0.091266
vt 0.481828 0.091491
vt 0.481789 0.091554
vt 0.481899 0.091529
vt 0.482026 0.091455
vt 0.481978 0.091612
vt 0.680033 0.177874
vt 0.679968 0.177859
vt 0.680125 0.177860
vt 0.680073 0.177894
vt 0.679985 0.177919
vt 0.679908 0.177922
vt 0.680026 0.177923
vt 0.680075 0.177939
vt 0.680144 0.177898
vt 0.680056 0.178006
vt 0.680010 0.177961
vt 0.679854 0.177983
vt 0.679887 0.178041
vt 0.681105 0.178458
vt 0.679939 0.177974
vt 0.679969 0.178027
vt 0.591673 0.195085
vt 0.591616 0.195070
vt 0.591687 0.195126
vt 0.591637 0.195107
vt 0.591584 0.195099
vt 0.591654 0.195210
vt 0.591695 0.195168
vt 0.590260 0.193769
vt 0.591612 0.195201
vt 0.591653 0.195167
vt 0.591555 0.195131
vt 0.591571 0.195188
vt 0.591530 0.195169
vt 0.591593 0.195151
vt 0.574266 0.285227
vt 0.574221 0.285294
vt 0.574250 0.285159
vt 0.574313 0.285176
vt 0.574288 0.285268
vt 0.574317 0.285218
vt 0.574438 0.285073
vt 0.574377 0.285039
vt 0.574996 0.286178
vt 0.574424 0.285158
vt 0.574369 0.285128
vt 0.574314 0.285096
vt 0.574356 0.285201
vt 0.574367 0.285356
vt 0.574335 0.285269
vt 0.574404 0.285249
vt 0.574293 0.285342
vt 0.567530 0.188945
vt 0.567474 0.188931
vt 0.567544 0.188985
vt 0.567495 0.188967
vt 0.567443 0.188959
vt 0.567507 0.188995
vt 0.567470 0.188986
vt 0.567512 0.189068
vt 0.567553 0.189027
vt 0.567471 0.189060
vt 0.567511 0.189026
vt 0.567480 0.189023
vt 0.567416 0.188991
vt 0.567431 0.189046
vt 0.569145 0.188665
vt 0.567452 0.189011
vt 0.567486 0.189001
vt 0.497908 0.133402
vt 0.497874 0.133334
vt 0.497976 0.133419
vt 0.497927 0.133462
vt 0.497864 0.133404
vt 0.497890 0.133449
vt 0.497952 0.133611
vt 0.498011 0.133574
vt 0.497010 0.133239
vt 0.497890 0.133565
vt 0.497940 0.133529
vt 0.497996 0.133498
vt 0.497885 0.133489
vt 0.497758 0.133434
vt 0.497841 0.133443
vt 0.497828 0.133511
vt 0.497802 0.133376
vt 0.535175 0.275522
vt 0.535223 0.275473
vt 0.535178 0.275602
vt 0.535136 0.275546
vt 0.535162 0.275455
vt 0.535201 0.275387
vt 0.535137 0.275488
vt 0.535096 0.275522
vt 0.535094 0.275605
vt 0.535049 0.275470
vt 0.535112 0.275454
vt 0.535178 0.275306
vt 0.535109 0.275303
vt 0.534517 0.275917
vt 0.535140 0.275386
vt 0.535077 0.275383
vt 0.670147 0.134465
vt 0.670226 0.134469
vt 0.670096 0.134514
vt 0.670072 0.134460
vt 0.670163 0.134435
vt 0.670236 0.134430
vt 0.670105 0.134439
vt 0.669908 0.134434
vt 0.669911 0.134482
vt 0.670528 0.133600
vt 0.669998 0.134400
vt 0.670001 0.134449
vt 0.670005 0.134496
vt 0.670145 0.134406
vt 0.670087 0.134362
vt 0.670226 0.134391
vt 0.670069 0.134425
vt 0.584436 0.171262
vt 0.584475 0.171219
vt 0.584481 0.171263
vt 0.584394 0.171256
vt 0.584433 0.171221
vt 0.584464 0.171178
vt 0.584407 0.171196
vt 0.584428 0.171190
vt 0.584335 0.171189
vt 0.584353 0.171244
vt 0.584362 0.171156
vt 0.584373 0.171207
vt 0.584390 0.171182
vt 0.584402 0.171218
vt 0.584449 0.171139
vt 0.584392 0.171127
vt 0.584143 0.172992
vt 0.584414 0.171162
vt 0.523712 0.104747
vt 0.523733 0.104812
vt 0.523646 0.104726
vt 0.523655 0.104689
vt 0.523774 0.104769
vt 0.523817 0.104827
vt 0.523711 0.104716
vt 0.523755 0.104739
vt 0.523737 0.104699
vt 0.523677 0.104659
vt 0.523804 0.104679
vt 0.523790 0.104739
vt 0.523903 0.104848
vt 0.523925 0.104807
vt 0.523517 0.103594
vt 0.523838 0.104785
vt 0.523862 0.104745
vt 0.516899 0.307286
vt 0.516895 0.307253
vt 0.516924 0.307293
vt 0.516856 0.307244
vt 0.516863 0.307218
vt 0.516921 0.307255
vt 0.516888 0.307225
vt 0.516782 0.307137
vt 0.516769 0.307160
vt 0.516735 0.307122
vt 0.516834 0.307162
vt 0.516825 0.307180
vt 0.516811 0.307201
vt 0.516873 0.307201
vt 0.659603 0.088909
vt 0.659484 0.088901
vt 0.659725 0.088837
vt 0.659676 0.088914
vt 0.516892 0.307191
vt 0.516912 0.307229
vt 0.478671 0.231811
vt 0.478686 0.231835
vt 0.478669 0.231867
vt 0.478682 0.231792
vt 0.478698 0.231819
vt 0.478694 0.231879
vt 0.478680 0.231933
vt 0.478703 0.231856
vt 0.430642 0.096466
vt 0.430665 0.096609
vt 0.430362 0.096127
vt 0.478728 0.231869
vt 0.478713 0.231881
vt 0.478711 0.231835
vt 0.478702 0.231792
vt 0.478691 0.231997
vt 0.478718 0.232000
vt 0.478703 0.232050
vt 0.478706 0.231933
vt 0.478728 0.231936
vt 0.659573 0.082903
vt 0.659482 0.082832
vt 0.659772 0.083053
vt 0.659630 0.082964
vt 0.659393 0.082852
vt 0.659219 0.082756
vt 0.659473 0.082905
vt 0.659546 0.082980
vt 0.659730 0.083075
vt 0.659420 0.082990
vt 0.659373 0.082899
vt 0.658951 0.082684
vt 0.658915 0.082757
vt 0.659177 0.082803
vt 0.659165 0.082876
vt 0.431130 0.094932
vt 0.431226 0.094914
vt 0.431112 0.094949
vt 0.431059 0.094871
vt 0.431094 0.094830
vt 0.431056 0.094853
vt 0.431114 0.094816
vt 0.431111 0.094812
vt 0.431149 0.094795
vt 0.431055 0.094826
vt 0.431069 0.094839
vt 0.431079 0.094858
vt 0.431035 0.094837
vt 0.431007 0.094760
vt 0.430974 0.094764
vt 0.431144 0.094765
vt 0.511363 0.311545
vt 0.511351 0.311519
vt 0.511385 0.311543
vt 0.511319 0.311520
vt 0.511319 0.311494
vt 0.511370 0.311515
vt 0.511396 0.311536
vt 0.511342 0.311496
vt 0.511220 0.311440
vt 0.511215 0.311467
vt 0.511172 0.311442
vt 0.511278 0.311445
vt 0.511274 0.311468
vt 0.511267 0.311493
vt 0.511325 0.311476
vt 0.439050 0.325022
vt 0.439138 0.325032
vt 0.511364 0.311497
vt 0.439150 0.324981
vt 0.439283 0.324997
vt 0.469739 0.357299
vt 0.469677 0.357344
vt 0.469828 0.357344
vt 0.469755 0.357381
vt 0.469714 0.357421
vt 0.469822 0.357452
vt 0.469777 0.357447
vt 0.469961 0.357479
vt 0.469918 0.357387
vt 0.469921 0.357514
vt 0.469892 0.357446
vt 0.469825 0.357414
vt 0.469865 0.357487
vt 0.495000 0.311987
vt 0.494980 0.311972
vt 0.495020 0.311980
vt 0.495019 0.312001
vt 0.494984 0.311994
vt 0.494964 0.311982
vt 0.495002 0.312003
vt 0.450691 0.250455
vt 0.450692 0.250490
vt 0.450669 0.250407
vt 0.450693 0.250436
vt 0.450718 0.250490
vt 0.450722 0.250544
vt 0.450714 0.250466
vt 0.450703 0.250418
vt 0.450712 0.250443
vt 0.450683 0.250408
vt 0.450748 0.250464
vt 0.450736 0.250484
vt 0.450751 0.250598
vt 0.450776 0.250592
vt 0.450779 0.250642
vt 0.450745 0.250537
vt 0.450764 0.250533
vt 0.439377 0.330255
vt 0.439440 0.330319
vt 0.439231 0.330153
vt 0.439346 0.330210
vt 0.439496 0.330297
vt 0.439598 0.330372
vt 0.439447 0.330255
vt 0.439403 0.330198
vt 0.439264 0.330132
vt 0.439496 0.330197
vt 0.439513 0.330261
vt 0.439755 0.330422
vt 0.439783 0.330371
vt 0.439626 0.330334
vt 0.439644 0.330284
vt 0.470035 0.352544
vt 0.470058 0.352625
vt 0.470095 0.352487
vt 0.470096 0.352569
vt 0.470146 0.352657
vt 0.470164 0.352552
vt 0.470155 0.352594
vt 0.470237 0.352456
vt 0.470156 0.352430
vt 0.470206 0.352546
vt 0.470182 0.352489
vt 0.470133 0.352521
vt 0.470234 0.352687
vt 0.470290 0.352632
vt 0.470311 0.352711
vt 0.470220 0.352612
vt 0.470264 0.352544
vt 0.448975 0.250890
vt 0.448993 0.250841
vt 0.448978 0.250924
vt 0.448959 0.250942
vt 0.448972 0.250868
vt 0.448960 0.250913
vt 0.669307 0.322240
vt 0.669344 0.322294
vt 0.669160 0.322351
vt 0.669494 0.322112
vt 0.669515 0.322172
vt 0.669556 0.322208
vt 0.669662 0.322062
vt 0.669689 0.322098
vt 0.669785 0.321960
vt 0.669683 0.321980
vt 0.669922 0.321864
vt 0.669849 0.321953
vt 0.669743 0.322033
vt 0.460475 0.029173
vt 0.460562 0.029132
vt 0.460651 0.029095
vt 0.460778 0.307154
vt 0.457488 0.303979
vt 0.460763 0.307168
vt 0.457473 0.303993
vt 0.460749 0.307183
vt 0.457458 0.304007
vt 0.548382 0.014695
vt 0.536155 0.015076
vt 0.464143 0.310097
vt 0.464128 0.310112
vt 0.464114 0.310127
vt 0.560345 0.014741
vt 0.462863 0.298922
vt 0.459698 0.295526
vt 0.462878 0.298907
vt 0.525429 0.041863
vt 0.537896 0.040923
vt 0.537899 0.040981
vt 0.456728 0.291986
vt 0.459714 0.295511
vt 0.513065 0.043235
vt 0.525423 0.041805
vt 0.451431 0.297135
vt 0.454365 0.300628
vt 0.451416 0.297149
vt 0.454350 0.300642
vt 0.451401 0.297162
vt 0.511777 0.017195
vt 0.454335 0.300655
vt 0.523924 0.015921
vt 0.466196 0.302140
vt 0.469603 0.305125
vt 0.466212 0.302125
vt 0.469619 0.305110
vt 0.562551 0.040588
vt 0.550367 0.040511
vt 0.562555 0.040530
vt 0.550366 0.040569
vt 0.472998 0.307838
vt 0.476409 0.310301
vt 0.473014 0.307823
vt 0.476425 0.310286
vt 0.585536 0.041800
vt 0.574240 0.040940
vt 0.585546 0.041743
vt 0.574233 0.040998
vt 0.467499 0.312765
vt 0.467484 0.312780
vt 0.467471 0.312795
vt 0.571816 0.015172
vt 0.470875 0.315182
vt 0.470860 0.315197
vt 0.470848 0.315213
vt 0.582917 0.015994
vt 0.474333 0.317391
vt 0.474317 0.317405
vt 0.474305 0.317422
vt 0.593871 0.017222
vt 0.477952 0.319438
vt 0.477932 0.319450
vt 0.477918 0.319465
vt 0.604941 0.018886
vt 0.480094 0.312659
vt 0.485094 0.315494
vt 0.480111 0.312644
vt 0.485115 0.315482
vt 0.612756 0.045461
vt 0.597296 0.043053
vt 0.612783 0.045407
vt 0.597281 0.043110
vt 0.485518 0.323065
vt 0.492855 0.323542
vt 0.485519 0.323086
vt 0.492899 0.323570
vt 0.485521 0.323108
vt 0.492928 0.323596
vt 0.481772 0.321348
vt 0.481742 0.321355
vt 0.481721 0.321368
vt 0.627894 0.023356
vt 0.616330 0.020989
vt 0.492150 0.319364
vt 0.492181 0.319358
vt 0.634604 0.049248
vt 0.634555 0.049297
vt 0.453815 0.288041
vt 0.456744 0.291972
vt 0.500028 0.045319
vt 0.513056 0.043178
vt 0.450260 0.282248
vt 0.453831 0.288026
vt 0.482164 0.049201
vt 0.500012 0.045263
vt 0.482134 0.049150
vt 0.445972 0.289604
vt 0.448669 0.293500
vt 0.445960 0.289623
vt 0.448655 0.293514
vt 0.445946 0.289638
vt 0.487099 0.020931
vt 0.448639 0.293527
vt 0.499653 0.018857
vt 0.440242 0.272112
vt 0.440215 0.272071
vt 0.440189 0.272042
vt 0.440672 0.040127
vt 0.445484 0.273519
vt 0.450273 0.282227
vt 0.456462 0.055345
vt 0.456410 0.055299
vt 0.445491 0.273487
vt 0.426382 0.061599
vt 0.443242 0.285361
vt 0.440551 0.281048
vt 0.443237 0.285390
vt 0.440540 0.281068
vt 0.473750 0.023501
vt 0.443227 0.285412
vt 0.536454 0.020087
vt 0.548630 0.019712
vt 0.536460 0.020171
vt 0.548636 0.019795
vt 0.536466 0.020255
vt 0.548644 0.019879
vt 0.560542 0.019759
vt 0.560549 0.019843
vt 0.560558 0.019927
vt 0.525050 0.036869
vt 0.537601 0.035982
vt 0.525045 0.036785
vt 0.537595 0.035898
vt 0.525040 0.036701
vt 0.537589 0.035813
vt 0.512581 0.038248
vt 0.512576 0.038164
vt 0.512573 0.038079
vt 0.524274 0.020935
vt 0.512169 0.022215
vt 0.524279 0.021019
vt 0.512173 0.022299
vt 0.524283 0.021103
vt 0.512175 0.022383
vt 0.562396 0.035590
vt 0.550140 0.035569
vt 0.562389 0.035507
vt 0.550134 0.035486
vt 0.562380 0.035422
vt 0.550126 0.035402
vt 0.585535 0.036792
vt 0.574151 0.035996
vt 0.585527 0.036708
vt 0.574144 0.035911
vt 0.585515 0.036624
vt 0.574133 0.035827
vt 0.571960 0.020192
vt 0.571968 0.020276
vt 0.571978 0.020360
vt 0.583003 0.021017
vt 0.583012 0.021102
vt 0.583023 0.021187
vt 0.593895 0.022255
vt 0.593906 0.022341
vt 0.593921 0.022426
vt 0.604904 0.023934
vt 0.604926 0.024021
vt 0.604959 0.024110
vt 0.612921 0.040481
vt 0.597367 0.038106
vt 0.612898 0.040396
vt 0.597357 0.038021
vt 0.612865 0.040309
vt 0.597341 0.037936
vt 0.492889 0.325246
vt 0.486002 0.324860
vt 0.492852 0.325269
vt 0.486006 0.324889
vt 0.492796 0.325292
vt 0.486009 0.324918
vt 0.627735 0.028600
vt 0.643803 0.038692
vt 0.616245 0.026058
vt 0.616294 0.026150
vt 0.616368 0.026247
vt 0.627793 0.028369
vt 0.627785 0.028446
vt 0.627765 0.028525
vt 0.634772 0.044327
vt 0.634723 0.044237
vt 0.634648 0.044143
vt 0.499408 0.040347
vt 0.499406 0.040263
vt 0.499407 0.040178
vt 0.481441 0.044348
vt 0.481452 0.044263
vt 0.484103 0.222718
vt 0.465984 0.222401
vt 0.484124 0.222636
vt 0.466029 0.222327
vt 0.484146 0.222561
vt 0.500080 0.023890
vt 0.487570 0.025985
vt 0.500081 0.023975
vt 0.487559 0.026073
vt 0.500079 0.024061
vt 0.487538 0.026162
vt 0.442904 0.043831
vt 0.442963 0.043870
vt 0.443069 0.043877
vt 0.443210 0.043860
vt 0.461045 0.031498
vt 0.461069 0.031576
vt 0.461097 0.031652
vt 0.455809 0.050594
vt 0.455850 0.050507
vt 0.465944 0.222482
vt 0.439214 0.223442
vt 0.439310 0.223365
vt 0.439130 0.223525
vt 0.407892 0.225112
vt 0.474313 0.028555
vt 0.474278 0.028648
vt 0.474220 0.028744
vt 0.425723 0.059156
vt 0.425897 0.056412
vt 0.438215 0.263536
vt 0.439062 0.263332
vt 0.660186 0.051384
vt 0.659955 0.053684
vt 0.500107 0.324849
vt 0.660158 0.051385
vt 0.499796 0.325639
vt 0.635962 0.168892
vt 0.715961 0.143489
vt 0.635952 0.168826
vt 0.715940 0.143396
vt 0.715911 0.143305
vt 0.635926 0.168765
vt 0.540180 0.146623
vt 0.540266 0.146526
vt 0.540216 0.146568
vt 0.410687 0.125925
vt 0.602687 0.087205
vt 0.481974 0.091373
vt 0.479382 0.217412
vt 0.445035 0.171670
vt 0.715961 0.143128
vt 0.602662 0.087331
vt 0.715901 0.143162
vt 0.566420 0.240410
vt 0.566482 0.240437
vt 0.566548 0.240446
vt 0.479412 0.217397
vt 0.477737 0.156993
vt 0.479430 0.217388
vt 0.477771 0.156995
vt 0.479445 0.217378
vt 0.654194 0.256871
vt 0.716058 0.143605
vt 0.477756 0.156997
vt 0.542701 0.320200
vt 0.476031 0.096547
vt 0.483535 0.211873
vt 0.483786 0.211818
vt 0.410688 0.125873
vt 0.443360 0.111210
vt 0.483659 0.211844
vt 0.633428 0.181534
vt 0.686811 0.173267
vt 0.633432 0.181484
vt 0.687060 0.173163
vt 0.633441 0.181433
vt 0.687155 0.173096
vt 0.571173 0.290019
vt 0.578810 0.237299
vt 0.578860 0.237288
vt 0.578910 0.237283
vt 0.646476 0.248908
vt 0.646414 0.248846
vt 0.646354 0.248786
vt 0.571174 0.290060
vt 0.537756 0.158799
vt 0.537776 0.158756
vt 0.537789 0.158708
vt 0.495308 0.128538
vt 0.557518 0.231490
vt 0.557558 0.231520
vt 0.535287 0.281264
vt 0.557596 0.231556
vt 0.535294 0.281420
vt 0.535277 0.281446
vt 0.495022 0.209461
vt 0.495102 0.209441
vt 0.495178 0.209419
vt 0.495282 0.128532
vt 0.626933 0.159181
vt 0.626896 0.159144
vt 0.676161 0.134269
vt 0.626862 0.159105
vt 0.552055 0.143213
vt 0.552103 0.143197
vt 0.552146 0.143176
vt 0.519142 0.102618
vt 0.519272 0.102673
vt 0.519136 0.102592
vt 0.600906 0.097451
vt 0.600887 0.097533
vt 0.600867 0.097613
vt 0.633968 0.184634
vt 0.633978 0.184586
vt 0.633982 0.184539
vt 0.633170 0.187976
vt 0.581175 0.237701
vt 0.581222 0.237698
vt 0.581271 0.237688
vt 0.584473 0.236845
vt 0.643443 0.245951
vt 0.643385 0.245893
vt 0.643326 0.245835
vt 0.640448 0.243237
vt 0.534682 0.163435
vt 0.536166 0.160539
vt 0.536181 0.160494
vt 0.536202 0.160453
vt 0.555184 0.230570
vt 0.555220 0.230605
vt 0.555260 0.230633
vt 0.552650 0.228981
vt 0.498085 0.208481
vt 0.498160 0.208458
vt 0.498235 0.208435
vt 0.502034 0.207303
vt 0.625568 0.156795
vt 0.625534 0.156758
vt 0.625495 0.156724
vt 0.623754 0.154355
vt 0.553824 0.141662
vt 0.553866 0.141640
vt 0.553912 0.141624
vt 0.556683 0.140019
vt 0.599982 0.100814
vt 0.599962 0.100892
vt 0.599943 0.100969
vt 0.599080 0.104568
vt 0.590786 0.194241
vt 0.590754 0.194273
vt 0.590722 0.194305
vt 0.573072 0.287225
vt 0.573028 0.287196
vt 0.574253 0.285323
vt 0.572982 0.287165
vt 0.495567 0.129044
vt 0.496839 0.131411
vt 0.496792 0.131435
vt 0.496881 0.131381
vt 0.497835 0.133349
vt 0.535269 0.277988
vt 0.535137 0.275610
vt 0.535165 0.277991
vt 0.535216 0.277990
vt 0.584106 0.172374
vt 0.584150 0.172384
vt 0.584194 0.172393
vt 0.672737 0.134374
vt 0.672732 0.134424
vt 0.672736 0.134326
vt 0.680097 0.177830
vt 0.683151 0.175844
vt 0.683093 0.175758
vt 0.686715 0.173429
vt 0.683123 0.175801
vt 0.568665 0.188722
vt 0.568653 0.188679
vt 0.568641 0.188636
vt 0.521854 0.103935
vt 0.521894 0.103847
vt 0.521875 0.103891
vt 0.521825 0.103999
vt 0.484106 0.279715
vt 0.481988 0.275668
vt 0.484087 0.279723
vt 0.481969 0.275677
vt 0.516375 0.050962
vt 0.528927 0.049269
vt 0.516384 0.051016
vt 0.486388 0.283555
vt 0.528921 0.049153
vt 0.541685 0.048035
vt 0.528921 0.049212
vt 0.541687 0.048095
vt 0.488649 0.272591
vt 0.486750 0.268402
vt 0.488668 0.272582
vt 0.507778 0.078049
vt 0.519963 0.076810
vt 0.519967 0.076868
vt 0.485099 0.264131
vt 0.486770 0.268393
vt 0.496298 0.079594
vt 0.507771 0.077994
vt 0.478456 0.267261
vt 0.480100 0.271504
vt 0.478437 0.267270
vt 0.504390 0.053258
vt 0.493124 0.056057
vt 0.493110 0.056009
vt 0.480082 0.271513
vt 0.504402 0.053310
vt 0.490787 0.276657
vt 0.493099 0.280519
vt 0.490806 0.276648
vt 0.493119 0.280509
vt 0.490825 0.276637
vt 0.493137 0.280498
vt 0.532699 0.076069
vt 0.545632 0.075784
vt 0.532702 0.076129
vt 0.495491 0.284128
vt 0.497985 0.287508
vt 0.495510 0.284118
vt 0.498004 0.287498
vt 0.495529 0.284107
vt 0.498022 0.287486
vt 0.558422 0.075952
vt 0.571109 0.076621
vt 0.488756 0.287126
vt 0.541687 0.047976
vt 0.554343 0.047440
vt 0.554341 0.047501
vt 0.491226 0.290461
vt 0.554351 0.047378
vt 0.566947 0.047455
vt 0.566941 0.047517
vt 0.493843 0.293625
vt 0.566961 0.047392
vt 0.579670 0.048116
vt 0.579659 0.048179
vt 0.496668 0.296695
vt 0.579693 0.048054
vt 0.592760 0.049451
vt 0.592734 0.049514
vt 0.500784 0.290875
vt 0.504729 0.295082
vt 0.500804 0.290865
vt 0.504752 0.295076
vt 0.500822 0.290853
vt 0.504772 0.295065
vt 0.584584 0.077947
vt 0.602729 0.080503
vt 0.502883 0.302682
vt 0.509927 0.304987
vt 0.502880 0.302704
vt 0.509962 0.305025
vt 0.502879 0.302726
vt 0.642188 0.066531
vt 0.620371 0.054431
vt 0.509983 0.305057
vt 0.509987 0.305084
vt 0.499741 0.299737
vt 0.592803 0.049392
vt 0.606440 0.051478
vt 0.606384 0.051536
vt 0.606528 0.051428
vt 0.620355 0.054359
vt 0.510408 0.300748
vt 0.510439 0.300750
vt 0.510464 0.300746
vt 0.628769 0.084486
vt 0.483650 0.259493
vt 0.485119 0.264122
vt 0.484934 0.081705
vt 0.496288 0.079543
vt 0.482209 0.252933
vt 0.483670 0.259484
vt 0.470473 0.085550
vt 0.484919 0.081658
vt 0.475835 0.258405
vt 0.477044 0.262939
vt 0.475818 0.258419
vt 0.482532 0.059114
vt 0.472355 0.062609
vt 0.472329 0.062570
vt 0.477026 0.262947
vt 0.482549 0.059159
vt 0.476273 0.240296
vt 0.476262 0.240247
vt 0.476246 0.240211
vt 0.429488 0.094666
vt 0.473884 0.248693
vt 0.473864 0.248687
vt 0.473845 0.248677
vt 0.439357 0.083009
vt 0.480567 0.243268
vt 0.482227 0.252918
vt 0.451061 0.091625
vt 0.470447 0.085510
vt 0.451022 0.091594
vt 0.480583 0.243240
vt 0.430873 0.096538
vt 0.430759 0.096527
vt 0.474793 0.253562
vt 0.462192 0.066386
vt 0.452363 0.070656
vt 0.452360 0.070611
vt 0.474778 0.253588
vt 0.462236 0.066415
vt 0.517219 0.056028
vt 0.529680 0.054490
vt 0.517233 0.056111
vt 0.529694 0.054577
vt 0.517247 0.056194
vt 0.529710 0.054664
vt 0.542353 0.053501
vt 0.542367 0.053591
vt 0.542384 0.053682
vt 0.507249 0.073290
vt 0.519498 0.071870
vt 0.507242 0.073211
vt 0.519489 0.071786
vt 0.507234 0.073132
vt 0.519479 0.071702
vt 0.495700 0.075100
vt 0.495692 0.075025
vt 0.495685 0.074949
vt 0.505309 0.058095
vt 0.494084 0.060599
vt 0.505322 0.058174
vt 0.494095 0.060675
vt 0.505335 0.058254
vt 0.494106 0.060752
vt 0.545307 0.070462
vt 0.532301 0.070926
vt 0.545296 0.070373
vt 0.532291 0.070839
vt 0.545283 0.070283
vt 0.532279 0.070751
vt 0.570985 0.071006
vt 0.558185 0.070474
vt 0.570973 0.070909
vt 0.558173 0.070382
vt 0.570958 0.070812
vt 0.558159 0.070289
vt 0.554907 0.053068
vt 0.554922 0.053161
vt 0.554939 0.053254
vt 0.567389 0.053227
vt 0.567404 0.053322
vt 0.567423 0.053416
vt 0.579977 0.054016
vt 0.579995 0.054114
vt 0.580019 0.054212
vt 0.592914 0.055476
vt 0.592942 0.055584
vt 0.592982 0.055695
vt 0.602784 0.074700
vt 0.584578 0.072219
vt 0.602757 0.074601
vt 0.584564 0.072118
vt 0.602716 0.074502
vt 0.584544 0.072016
vt 0.639650 0.071427
vt 0.619817 0.060330
vt 0.639497 0.071463
vt 0.619814 0.060370
vt 0.639292 0.071470
vt 0.619802 0.060407
vt 0.606350 0.057593
vt 0.606398 0.057722
vt 0.606476 0.057855
vt 0.628783 0.078613
vt 0.628719 0.078510
vt 0.628625 0.078404
vt 0.484231 0.077507
vt 0.484223 0.077431
vt 0.484218 0.077353
vt 0.469696 0.081698
vt 0.469701 0.081625
vt 0.469715 0.081549
vt 0.483538 0.063455
vt 0.473357 0.066682
vt 0.483547 0.063529
vt 0.473358 0.066760
vt 0.483554 0.063604
vt 0.473351 0.066840
vt 0.441560 0.085239
vt 0.441693 0.085224
vt 0.441851 0.085186
vt 0.453686 0.074123
vt 0.453701 0.074147
vt 0.453720 0.074169
vt 0.450439 0.088172
vt 0.450491 0.088084
vt 0.450562 0.087990
vt 0.463302 0.070282
vt 0.463295 0.070372
vt 0.463271 0.070467
vt 0.430678 0.095270
vt 0.431036 0.094642
vt 0.430618 0.095175
vt 0.430036 0.095684
vt 0.429746 0.095231
vt 0.430561 0.095080
vt 0.659754 0.085975
vt 0.659760 0.088833
vt 0.516583 0.308287
vt 0.659720 0.085978
vt 0.516231 0.309313
vt 0.516557 0.308286
vt 0.470689 0.294066
vt 0.467517 0.290768
vt 0.470674 0.294080
vt 0.467502 0.290782
vt 0.470659 0.294094
vt 0.467487 0.290796
vt 0.549263 0.365037
vt 0.561216 0.364796
vt 0.473937 0.297143
vt 0.473921 0.297157
vt 0.473907 0.297171
vt 0.537572 0.364837
vt 0.473093 0.285892
vt 0.470031 0.282365
vt 0.473110 0.285877
vt 0.470047 0.282350
vt 0.473126 0.285863
vt 0.559761 0.339611
vt 0.467159 0.278708
vt 0.467175 0.278693
vt 0.470064 0.282336
vt 0.571867 0.338854
vt 0.461685 0.283720
vt 0.464510 0.287307
vt 0.461670 0.283734
vt 0.464494 0.287321
vt 0.461653 0.283746
vt 0.585050 0.362863
vt 0.464479 0.287334
vt 0.573175 0.364063
vt 0.476316 0.289256
vt 0.479601 0.292397
vt 0.476333 0.289241
vt 0.479618 0.292382
vt 0.476349 0.289226
vt 0.479633 0.292367
vt 0.547653 0.339863
vt 0.535799 0.339657
vt 0.482880 0.295250
vt 0.486185 0.297849
vt 0.482897 0.295235
vt 0.486202 0.297834
vt 0.513340 0.337879
vt 0.524397 0.339001
vt 0.513328 0.337935
vt 0.524405 0.338944
vt 0.477183 0.299947
vt 0.477168 0.299960
vt 0.477154 0.299976
vt 0.526366 0.364258
vt 0.480460 0.302504
vt 0.480444 0.302518
vt 0.480431 0.302533
vt 0.515519 0.363328
vt 0.483833 0.304881
vt 0.483817 0.304895
vt 0.483804 0.304911
vt 0.504764 0.362102
vt 0.487391 0.307214
vt 0.487372 0.307225
vt 0.487357 0.307239
vt 0.493666 0.360713
vt 0.489798 0.300336
vt 0.494918 0.303261
vt 0.489816 0.300322
vt 0.494939 0.303249
vt 0.486390 0.333455
vt 0.501793 0.336275
vt 0.486360 0.333506
vt 0.501811 0.336221
vt 0.503160 0.311747
vt 0.495045 0.311999
vt 0.503201 0.311770
vt 0.495070 0.312018
vt 0.452314 0.345444
vt 0.503230 0.311794
vt 0.503244 0.311818
vt 0.491177 0.309610
vt 0.491151 0.309615
vt 0.491131 0.309624
vt 0.494947 0.311991
vt 0.481906 0.359237
vt 0.502463 0.307087
vt 0.502495 0.307079
vt 0.464553 0.329350
vt 0.464603 0.329301
vt 0.464346 0.274660
vt 0.464362 0.274644
vt 0.467192 0.278680
vt 0.583880 0.337599
vt 0.460909 0.268828
vt 0.460922 0.268808
vt 0.464379 0.274631
vt 0.596556 0.335638
vt 0.456481 0.276043
vt 0.459032 0.280006
vt 0.456469 0.276062
vt 0.459017 0.280020
vt 0.456454 0.276077
vt 0.609011 0.359063
vt 0.459001 0.280033
vt 0.596873 0.361216
vt 0.451144 0.258992
vt 0.451117 0.258949
vt 0.451091 0.258921
vt 0.451727 0.267471
vt 0.451706 0.267472
vt 0.451686 0.267473
vt 0.451663 0.267468
vt 0.456264 0.260291
vt 0.456270 0.260260
vt 0.460937 0.268792
vt 0.639287 0.325223
vt 0.613956 0.331817
vt 0.456281 0.260237
vt 0.669150 0.317253
vt 0.453995 0.271743
vt 0.453988 0.271773
vt 0.634854 0.353277
vt 0.453978 0.271794
vt 0.621774 0.356345
vt 0.560969 0.359899
vt 0.549080 0.360134
vt 0.560964 0.359818
vt 0.549075 0.360052
vt 0.560959 0.359736
vt 0.549069 0.359970
vt 0.537446 0.359930
vt 0.537441 0.359848
vt 0.537433 0.359766
vt 0.572197 0.343650
vt 0.560000 0.344411
vt 0.572201 0.343732
vt 0.560005 0.344493
vt 0.572205 0.343814
vt 0.560010 0.344575
vt 0.584312 0.342391
vt 0.584316 0.342472
vt 0.584319 0.342555
vt 0.572862 0.359166
vt 0.584674 0.357965
vt 0.572858 0.359084
vt 0.584670 0.357883
vt 0.572854 0.359002
vt 0.584667 0.357800
vt 0.535866 0.344471
vt 0.547806 0.344671
vt 0.535872 0.344553
vt 0.547812 0.344753
vt 0.535879 0.344635
vt 0.547818 0.344835
vt 0.513190 0.342804
vt 0.524376 0.343849
vt 0.513196 0.342887
vt 0.524382 0.343932
vt 0.513205 0.342971
vt 0.524390 0.344015
vt 0.526288 0.359346
vt 0.526282 0.359264
vt 0.526273 0.359182
vt 0.515474 0.358402
vt 0.515467 0.358320
vt 0.515456 0.358237
vt 0.504724 0.357141
vt 0.504714 0.357058
vt 0.504699 0.356974
vt 0.493613 0.355710
vt 0.493592 0.355624
vt 0.493562 0.355537
vt 0.485850 0.338269
vt 0.501468 0.341148
vt 0.485867 0.338352
vt 0.501475 0.341231
vt 0.485897 0.338437
vt 0.501488 0.341316
vt 0.454157 0.341620
vt 0.454249 0.341601
vt 0.454373 0.341605
vt 0.481896 0.354217
vt 0.481856 0.354127
vt 0.481798 0.354034
vt 0.464038 0.333992
vt 0.464079 0.334074
vt 0.464144 0.334159
vt 0.597113 0.340421
vt 0.597115 0.340503
vt 0.597114 0.340586
vt 0.614624 0.336555
vt 0.614613 0.336640
vt 0.614592 0.336726
vt 0.596436 0.356316
vt 0.608512 0.354158
vt 0.596435 0.356234
vt 0.608523 0.354073
vt 0.596436 0.356151
vt 0.608543 0.353986
vt 0.449475 0.258971
vt 0.448961 0.251002
vt 0.652097 0.335201
vt 0.651943 0.335228
vt 0.634270 0.348362
vt 0.652213 0.335201
vt 0.634243 0.348286
vt 0.634211 0.348212
vt 0.639991 0.329933
vt 0.639951 0.330024
vt 0.639885 0.330122
vt 0.621226 0.351437
vt 0.621263 0.351345
vt 0.621323 0.351249
vt 0.669653 0.319570
vt 0.669897 0.321859
vt 0.669358 0.317277
vt 0.669386 0.317281
vt 0.449791 0.250576
vt 0.438952 0.325076
vt 0.438910 0.327508
vt 0.438879 0.327513
vt 0.511752 0.312471
vt 0.437182 0.331666
vt 0.435456 0.333205
vt 0.435416 0.333166
vt 0.439238 0.330195
vt 0.470078 0.355031
vt 0.469989 0.354997
vt 0.469900 0.354957
vt 0.535286 0.281334
vt 0.495339 0.128613
vt 0.519218 0.102645
vt 0.476053 0.096531
vt 0.716077 0.143044
vt 0.676269 0.134259
vt 0.438550 0.272004
vt 0.663822 0.078855
vt 0.669302 0.317278
vt 0.071620 0.205223
vt 0.071617 0.205188
vt 0.439895 0.263155
vt 0.407370 0.225296
vt 0.589781 0.193325
vt 0.495395 0.128709
vt 0.591650 0.195136
vt 0.591612 0.195126
vt 0.591622 0.195164
vt 0.478692 0.231785
vt 0.659784 0.082990
vt 0.450665 0.250419
vt 0.571246 0.289923
vt 0.620335 0.054289
vt 0.516206 0.309307
vt 0.535805 0.339600
vt 0.449452 0.259006
vt 0.449947 0.267066
s 1
f 1270/1/1 1/2/2 221/3/3
f 1221/4/4 20/5/5 104/6/6
f 87/7/7 246/8/8 3/9/7
f 235/10/9 112/11/10 1231/12/11
f 4/13/12 1235/14/13 225/15/14
f 220/16/15 104/6/6 16/17/16
f 231/18/17 100/19/18 14/20/19
f 245/21/20 107/22/21 1226/23/22
f 3/9/7 1210/24/23 241/25/24
f 1225/26/25 4/13/12 86/27/7
f 1231/12/11 21/28/26 250/29/27
f 1241/30/28 19/31/29 256/32/30
f 1236/33/31 25/34/32 226/35/33
f 250/29/27 106/36/34 1246/37/35
f 1246/37/35 22/38/36 260/39/37
f 1256/40/38 18/41/39 266/42/40
f 88/43/7 255/44/41 1235/14/13
f 260/39/37 113/45/42 1261/46/43
f 1261/46/43 1379/47/44 272/48/45
f 288/49/46 111/50/47 1256/40/38
f 89/51/7 265/52/48 1240/53/49
f 1271/54/50 16/17/16 102/55/51
f 293/56/52 102/55/51 17/57/53
f 299/58/54 108/59/55 13/60/56
f 1/2/2 1215/61/57 87/7/7
f 1286/62/58 17/57/53 110/63/59
f 305/64/60 110/63/59 1371/65/61
f 1281/66/62 1376/67/63 108/59/55
f 6/68/64 1265/69/65 91/70/66
f 104/6/6 360/71/67 1300/72/68
f 10/73/69 1316/74/70 95/75/69
f 23/76/71 1310/77/72 112/11/10
f 369/78/73 96/79/69 1326/80/74
f 102/55/51 340/81/75 1350/82/76
f 15/83/77 1295/84/78 365/85/79
f 15/83/77 1305/86/80 107/22/21
f 101/87/81 349/88/82 1295/84/78
f 114/89/83 360/71/67 20/5/5
f 115/90/84 344/91/85 25/34/32
f 19/31/29 1315/92/86 115/90/84
f 21/28/26 1325/93/87 106/36/34
f 1311/94/88 8/95/69 369/78/73
f 103/96/89 374/97/90 19/31/29
f 18/41/39 1320/98/91 103/96/89
f 22/38/36 1340/99/92 113/45/42
f 1326/80/74 11/100/69 379/101/93
f 111/50/47 384/102/94 18/41/39
f 24/103/95 1335/104/96 111/50/47
f 113/45/42 390/105/97 1379/47/44
f 339/106/98 94/107/69 7/108/99
f 14/20/19 1345/109/100 349/88/82
f 100/19/18 416/110/101 1345/109/100
f 110/63/59 412/111/102 1365/112/103
f 98/113/104 411/114/105 1351/115/106
f 13/60/56 1360/116/107 416/110/101
f 108/59/55 428/117/108 1360/116/107
f 1371/65/61 1365/112/103 421/118/109
f 1216/119/110 14/20/19 101/87/81
f 1276/120/111 1370/121/112 105/122/113
f 1370/121/112 1372/123/114 421/118/109
f 7/108/99 1296/124/115 350/125/116
f 246/8/8 86/27/7 3/9/7
f 1226/23/22 23/76/71 235/10/9
f 107/22/21 355/126/117 23/76/71
f 94/107/69 364/127/118 1296/124/115
f 92/128/119 298/129/120 6/68/64
f 221/3/3 87/7/7 1220/130/121
f 16/17/16 1300/72/68 340/81/75
f 417/131/122 99/132/123 12/133/124
f 256/32/30 115/90/84 1236/33/31
f 1251/134/125 1380/135/126 109/136/127
f 109/136/127 389/137/128 1330/138/129
f 95/75/69 375/139/130 8/95/69
f 226/35/33 114/89/83 1211/140/131
f 245/21/20 101/87/81 15/83/77
f 1301/141/132 9/142/133 94/107/69
f 25/34/32 1290/143/134 114/89/83
f 1275/144/135 1280/145/136 92/128/119
f 304/146/137 92/128/119 1285/147/138
f 99/132/123 422/148/139 1366/149/140
f 1361/150/141 1356/151/142 99/132/123
f 5/152/7 1255/153/143 265/52/48
f 1230/154/144 2/155/7 88/43/7
f 112/11/10 370/156/145 21/28/26
f 11/100/69 1336/157/146 97/158/147
f 236/159/148 88/43/7 4/13/12
f 251/160/149 89/51/7 2/155/7
f 93/161/69 364/127/118 9/142/133
f 10/73/69 1306/162/150 93/161/69
f 1266/163/151 13/60/56 100/19/18
f 7/108/99 1351/115/106 339/106/98
f 443/164/152 135/165/153 1498/166/154
f 1346/167/155 12/133/124 98/113/104
f 90/168/156 289/169/157 1255/153/143
f 1260/170/158 1250/171/159 90/168/156
f 1341/172/160 1331/173/161 391/174/162
f 97/158/147 406/175/163 1331/173/161
f 1276/176/111 1377/177/164 321/178/165
f 294/179/166 91/70/66 1270/1/1
f 17/57/53 1350/82/76 412/111/102
f 105/180/113 426/181/167 1377/177/164
f 266/42/40 103/96/89 1241/30/28
f 1285/147/138 6/68/64 294/179/166
f 12/133/124 1366/149/140 411/114/105
f 96/79/69 385/182/168 11/100/69
f 2/155/7 1240/53/49 255/44/41
f 1211/140/131 20/5/5 240/183/169
f 354/184/170 95/75/69 1311/94/88
f 8/95/69 1321/185/171 96/79/69
f 1251/134/125 24/186/95 288/187/46
f 1245/188/172 5/152/7 89/51/7
f 106/36/34 380/189/173 22/38/36
f 109/136/127 407/190/174 24/186/95
f 1220/130/121 3/9/7 241/25/24
f 86/27/7 225/15/14 1210/24/23
f 345/191/175 93/161/69 1291/192/176
f 1291/192/176 9/142/133 359/193/177
f 91/70/66 230/194/178 1/2/2
f 261/195/179 90/168/156 5/152/7
f 379/101/93 97/158/147 1341/172/160
f 350/125/116 98/113/104 7/108/99
f 488/196/180 128/197/181 33/198/182
f 538/199/183 134/200/184 1444/201/185
f 134/200/184 747/202/186 1488/203/187
f 731/204/188 129/205/189 1484/206/190
f 514/207/191 125/208/192 1433/209/193
f 1408/210/194 1524/211/195 135/165/153
f 136/212/196 694/213/197 1474/214/198
f 1484/206/190 1494/215/199 713/216/200
f 479/217/201 122/218/202 28/219/203
f 458/220/204 133/221/205 1507/222/206
f 1459/223/207 1464/224/208 641/225/209
f 133/221/205 658/226/210 1469/227/211
f 26/228/212 1401/229/213 122/218/202
f 30/230/214 1405/231/215 589/232/216
f 31/233/217 1405/231/215 125/208/192
f 1419/234/218 1525/235/219 468/236/220
f 1414/237/221 1499/238/222 118/239/223
f 32/240/224 1388/241/225 127/242/189
f 33/198/182 1394/243/226 559/244/227
f 445/245/228 120/246/229 1409/247/230
f 478/248/231 132/249/232 1419/234/218
f 546/250/233 119/251/234 1404/252/235
f 29/253/236 1387/254/237 571/255/238
f 488/196/180 126/256/239 1438/257/240
f 479/217/201 121/258/241 1413/259/242
f 26/228/212 1382/260/243 561/261/244
f 33/198/182 1383/262/245 126/256/239
f 500/263/246 136/212/196 1528/264/247
f 459/265/248 117/266/249 1434/267/250
f 34/268/251 1394/243/226 128/197/181
f 34/268/251 1388/241/225 591/269/252
f 1434/267/250 1512/270/253 515/271/254
f 1428/272/255 1511/273/256 136/212/196
f 27/274/257 1396/275/258 570/276/259
f 28/219/203 1396/275/258 121/258/241
f 460/277/260 123/278/261 1424/279/262
f 524/280/263 126/256/239 32/240/224
f 28/219/203 1401/229/213 199/281/264
f 135/165/153 606/282/265 1454/283/266
f 525/284/267 134/200/184 1515/285/268
f 1449/286/269 1520/287/270 137/288/271
f 1392/289/272 1400/290/273 560/291/274
f 27/274/257 1382/260/243 120/246/229
f 540/292/275 137/288/271 1533/293/276
f 523/294/277 116/295/7 1439/296/278
f 29/253/236 1395/297/279 124/298/280
f 30/230/214 1387/254/237 123/278/261
f 1423/299/281 1529/300/282 133/221/205
f 31/233/217 1395/297/279 547/301/283
f 1404/252/235 1392/289/272 590/302/284
f 32/240/224 1383/262/245 572/303/285
f 1515/285/268 1488/203/187 730/304/286
f 1533/293/276 1493/305/287 748/306/288
f 137/288/271 714/307/289 1493/305/287
f 1499/238/222 1458/308/290 118/239/223
f 132/249/232 607/309/291 1525/235/219
f 1503/310/292 1463/311/293 132/249/232
f 1508/312/294 1478/313/295 117/266/249
f 1528/264/247 1474/214/198 659/314/296
f 117/266/249 695/315/297 1512/270/253
f 467/316/298 122/218/202 1418/317/299
f 477/318/300 118/239/223 1504/319/301
f 118/239/223 640/320/302 1504/319/301
f 1498/166/154 1454/283/266 624/321/303
f 460/277/260 125/208/192 30/230/214
f 499/322/304 123/278/261 29/253/236
f 660/323/305 131/324/306 1468/325/307
f 1468/325/307 1479/326/308 677/327/309
f 524/280/263 127/242/189 1443/328/310
f 539/329/311 127/242/189 34/268/251
f 1494/215/199 1489/330/312 749/331/313
f 1516/332/314 1483/333/315 116/295/7
f 445/245/228 121/258/241 27/274/257
f 467/316/298 120/246/229 26/228/212
f 1464/224/208 1453/334/316 608/335/317
f 625/336/318 130/337/319 1459/223/207
f 499/322/304 124/298/280 1429/338/320
f 514/207/191 124/298/280 31/233/217
f 1479/326/308 1473/339/321 696/340/322
f 1507/222/206 1469/227/211 676/341/323
f 539/329/311 128/197/181 1448/342/324
f 1439/296/278 1521/343/325 486/344/326
f 116/295/7 712/345/327 1521/343/325
f 1596/346/328 35/347/329 764/348/330
f 1547/349/331 54/350/332 156/351/333
f 139/352/329 789/353/334 37/354/329
f 778/355/335 164/356/336 1557/357/337
f 38/358/329 1561/359/338 768/360/339
f 763/361/340 156/351/333 50/362/341
f 774/363/342 152/364/343 48/365/344
f 788/366/345 159/367/346 1552/368/347
f 37/354/329 1536/369/348 784/370/349
f 1551/371/350 38/358/329 138/372/329
f 1557/357/337 56/373/351 793/374/352
f 1567/375/353 53/376/354 799/377/355
f 1562/378/356 60/379/357 769/380/358
f 793/374/352 158/381/359 1572/382/360
f 1572/382/360 57/383/361 803/384/362
f 1582/385/363 52/386/364 809/387/365
f 140/388/329 798/389/366 1561/359/338
f 803/384/362 165/390/367 1587/391/368
f 1587/391/368 1699/392/369 815/393/370
f 831/394/371 163/395/372 1582/385/363
f 141/396/373 808/397/374 1566/398/375
f 1597/399/376 50/362/341 154/400/377
f 836/401/378 154/400/377 51/402/379
f 842/403/380 160/404/381 47/405/382
f 35/347/329 1541/406/383 139/352/329
f 1612/407/384 51/402/379 162/408/385
f 847/409/386 162/408/385 55/410/387
f 1607/411/388 1696/412/389 160/404/381
f 40/413/329 1591/414/390 143/415/329
f 156/351/333 890/416/391 1626/417/392
f 44/418/393 1642/419/394 147/420/395
f 58/421/396 1636/422/397 164/356/336
f 899/423/398 148/424/395 1652/425/399
f 154/400/377 870/426/400 1676/427/401
f 49/428/402 1621/429/403 895/430/404
f 49/428/402 1631/431/405 159/367/346
f 153/432/406 879/433/407 1621/429/403
f 166/434/408 890/416/391 54/350/332
f 167/435/409 874/436/410 60/379/357
f 53/376/354 1641/437/411 167/435/409
f 56/373/351 1651/438/412 158/381/359
f 1637/439/413 42/440/393 899/423/398
f 155/441/414 904/442/415 53/376/354
f 52/386/364 1646/443/416 155/441/414
f 57/383/361 1666/444/417 165/390/367
f 1652/425/399 45/445/395 909/446/418
f 163/395/372 914/447/419 52/386/364
f 59/448/420 1661/449/421 163/395/372
f 165/390/367 920/450/422 1699/392/369
f 869/451/423 146/452/393 41/453/393
f 48/365/344 1671/454/424 879/433/407
f 152/364/343 946/455/425 1671/454/424
f 162/408/385 942/456/426 1691/457/427
f 150/458/393 941/459/428 1677/460/429
f 47/405/382 1686/461/430 946/455/425
f 160/404/381 958/462/431 1686/461/430
f 55/410/387 1691/457/427 951/463/432
f 1542/464/433 48/365/344 153/432/406
f 1602/465/434 55/410/387 157/466/435
f 157/466/435 951/463/432 1681/467/436
f 41/453/393 1622/468/437 880/469/438
f 789/353/334 138/372/329 37/354/329
f 1552/368/347 58/421/396 778/355/335
f 159/367/346 885/470/439 58/421/396
f 146/452/393 894/471/440 1622/468/437
f 144/472/329 841/473/441 40/413/329
f 764/348/330 139/352/329 1546/474/442
f 50/362/341 1626/417/392 870/426/400
f 947/475/443 151/476/393 46/477/393
f 799/377/355 167/435/409 1562/378/356
f 1577/478/444 1700/479/445 161/480/446
f 161/480/446 919/481/447 1656/482/448
f 147/420/395 905/483/449 42/440/393
f 769/380/358 166/434/408 1537/484/450
f 788/366/345 153/432/406 49/428/402
f 1627/485/451 43/486/393 146/452/393
f 60/379/357 1616/487/452 166/434/408
f 1601/488/453 1606/489/454 144/472/329
f 846/490/455 144/472/329 1611/491/456
f 151/476/393 952/492/457 1692/493/458
f 1687/494/459 1682/495/460 151/476/393
f 39/496/373 1581/497/461 808/397/374
f 1556/498/462 36/499/373 140/388/329
f 164/356/336 900/500/463 56/373/351
f 45/445/395 1662/501/464 149/502/465
f 779/503/466 140/388/329 38/358/329
f 794/504/467 141/396/373 36/499/373
f 145/505/393 894/471/440 43/486/393
f 44/418/393 1632/506/468 145/505/393
f 1592/507/469 47/405/382 152/364/343
f 41/453/393 1677/460/429 869/451/423
f 1762/508/470 61/509/471 974/510/472
f 1672/511/473 46/477/393 150/458/393
f 142/512/474 832/513/475 1581/497/461
f 1586/514/476 1576/515/477 142/512/474
f 1667/516/478 1657/517/479 921/518/480
f 149/502/465 936/519/481 1657/517/479
f 1602/465/434 1697/520/482 851/521/483
f 837/522/484 143/415/329 1596/346/328
f 51/402/379 1676/427/401 942/456/426
f 157/466/435 956/523/485 1697/520/482
f 809/387/365 155/441/414 1567/375/353
f 1611/491/456 40/413/329 837/522/484
f 46/477/393 1692/493/458 941/459/428
f 148/424/395 915/524/486 45/445/395
f 36/499/373 1566/398/375 798/389/366
f 1537/484/450 54/350/332 783/525/487
f 884/526/488 147/420/395 1637/439/413
f 42/440/393 1647/527/489 148/424/395
f 1577/478/444 59/448/420 831/394/371
f 1571/528/490 39/496/373 141/396/373
f 158/381/359 910/529/491 57/383/361
f 161/480/446 937/530/492 59/448/420
f 1546/474/442 37/354/329 784/370/349
f 138/372/329 768/360/339 1536/369/348
f 875/531/493 145/505/393 1617/532/494
f 1617/532/494 43/486/393 889/533/495
f 143/415/329 773/534/496 35/347/329
f 804/535/497 142/512/474 39/496/373
f 909/446/418 149/502/465 1667/516/478
f 880/469/438 150/458/393 41/453/393
f 1713/536/498 80/537/499 186/538/500
f 169/539/471 999/540/501 63/541/471
f 988/542/502 194/543/503 1723/544/504
f 64/545/471 1727/546/505 978/547/506
f 973/548/507 186/538/500 76/549/508
f 984/550/509 182/551/510 74/552/511
f 998/553/512 189/554/513 1718/555/514
f 63/541/471 1702/556/515 994/557/516
f 1717/558/517 64/545/471 168/559/471
f 1723/544/504 82/560/518 1003/561/519
f 1733/562/520 79/563/521 1009/564/522
f 1728/565/523 85/566/524 979/567/525
f 1003/561/519 188/568/526 1738/569/527
f 1738/569/527 83/570/528 1013/571/529
f 1748/572/530 78/573/531 1019/574/532
f 170/575/471 1008/576/533 1727/546/505
f 1013/571/529 195/577/534 1753/578/535
f 1753/578/535 1865/579/536 1025/580/537
f 1042/581/538 193/582/539 1748/572/530
f 171/583/540 1018/584/541 1732/585/542
f 1763/586/543 76/549/508 184/587/544
f 1059/588/545 184/587/544 77/589/546
f 1065/590/547 190/591/548 73/592/549
f 61/509/471 1707/593/550 169/539/471
f 1778/594/551 77/589/546 192/595/552
f 1070/596/553 192/595/552 81/597/554
f 1773/598/555 1862/599/556 190/591/548
f 66/600/557 1757/601/558 173/602/557
f 186/538/500 1113/603/559 1792/604/560
f 70/605/561 1808/606/562 177/607/561
f 84/608/563 1802/609/564 194/543/503
f 1122/610/565 178/611/566 1818/612/567
f 184/587/544 1093/613/568 1842/614/569
f 75/615/570 1787/616/571 1118/617/572
f 75/615/570 1797/618/573 189/554/513
f 183/619/574 1102/620/575 1787/616/571
f 196/621/576 1113/603/559 80/537/499
f 197/622/577 1097/623/578 85/566/524
f 79/563/521 1807/624/579 197/622/577
f 82/560/518 1817/625/580 188/568/526
f 1803/626/581 68/627/582 1122/610/565
f 185/628/583 1127/629/584 79/563/521
f 78/573/531 1812/630/585 185/628/583
f 83/570/528 1832/631/586 195/577/534
f 1818/612/567 71/632/587 1132/633/588
f 193/582/539 1137/634/589 78/573/531
f 1869/635/590 1827/636/591 193/582/539
f 195/577/534 1143/637/592 1865/579/536
f 1092/638/593 176/639/594 67/640/561
f 74/552/511 1837/641/595 1102/620/575
f 182/551/510 1183/642/596 1837/641/595
f 192/595/552 1179/643/597 1857/644/598
f 180/645/561 1178/646/599 1843/647/600
f 73/592/549 1852/648/601 1183/642/596
f 190/591/548 1195/649/602 1852/648/601
f 81/597/554 1857/644/598 1188/650/603
f 1708/651/604 74/552/511 183/619/574
f 1768/652/605 81/653/554 187/654/606
f 187/654/606 1188/655/603 1847/656/607
f 67/640/561 1788/657/608 1103/658/609
f 999/540/501 168/559/471 63/541/471
f 1718/555/514 84/608/563 988/542/502
f 189/554/513 1108/659/610 84/608/563
f 176/639/594 1117/660/611 1788/657/608
f 174/661/557 1064/662/612 66/600/557
f 974/510/472 169/539/471 1712/663/613
f 76/549/508 1792/604/560 1093/613/568
f 1184/664/614 181/665/561 72/666/561
f 1009/564/522 197/622/577 1728/565/523
f 1743/667/615 1866/668/616 191/669/617
f 191/669/617 1142/670/618 1822/671/619
f 177/607/561 1128/672/620 68/627/582
f 979/567/525 196/621/576 1703/673/621
f 998/553/512 183/619/574 75/615/570
f 1793/674/622 69/675/561 176/639/594
f 85/566/524 1782/676/623 196/621/576
f 1767/677/624 1772/678/625 174/661/557
f 1069/679/626 174/661/557 1777/680/627
f 181/665/561 1189/681/628 1858/682/629
f 1853/683/630 1848/684/631 181/665/561
f 65/685/632 1747/686/633 1018/584/541
f 1722/687/634 62/688/635 170/575/471
f 194/543/503 1123/689/636 82/560/518
f 71/632/587 1828/690/637 179/691/638
f 989/692/639 170/575/471 64/545/471
f 1004/693/640 171/583/540 62/688/635
f 175/694/594 1117/660/611 69/675/561
f 70/605/561 1798/695/641 175/694/594
f 1758/696/642 73/592/549 182/551/510
f 67/640/561 1843/647/600 1092/638/593
f 1838/697/643 72/666/561 180/645/561
f 172/698/644 1043/699/645 1747/686/633
f 1752/700/646 1742/701/647 172/698/644
f 1833/702/648 1823/703/649 1144/704/650
f 179/691/638 1160/705/651 1823/703/649
f 1768/652/605 1863/706/652 1074/707/653
f 1060/708/654 173/602/557 1762/508/470
f 77/589/546 1842/614/569 1179/643/597
f 187/654/606 1193/709/655 1863/706/652
f 1019/574/532 185/628/583 1733/562/520
f 1777/680/627 66/600/557 1060/708/654
f 72/666/561 1858/682/629 1178/646/599
f 178/611/566 1138/710/656 71/632/587
f 62/688/635 1732/585/542 1008/576/533
f 1703/673/621 80/537/499 993/711/657
f 1107/712/658 177/607/561 1803/626/581
f 68/627/582 1813/713/659 178/611/566
f 1743/667/615 1870/714/660 1041/715/661
f 1737/716/662 65/685/632 171/583/540
f 188/568/526 1133/717/663 83/570/528
f 191/669/617 1159/718/664 1870/714/660
f 1712/663/613 63/541/471 994/557/516
f 168/559/471 978/547/506 1702/556/515
f 1098/719/665 175/694/594 1783/720/666
f 1783/720/666 69/675/561 1112/721/667
f 173/602/557 983/722/668 61/509/471
f 1014/723/669 172/698/644 65/685/632
f 1132/633/588 179/691/638 1833/702/648
f 1103/658/609 180/645/561 67/640/561
f 202/724/670 208/725/671 207/726/672
f 206/727/673 208/725/671 205/728/674
f 208/725/671 216/729/675 207/726/672
f 208/725/671 209/730/676 219/731/677
f 203/732/678 213/733/679 212/734/680
f 210/735/681 214/736/682 213/737/679
f 212/734/680 209/738/683 206/739/684
f 213/733/685 219/740/686 209/738/687
f 215/741/688 217/742/689 204/743/690
f 216/729/691 218/744/692 215/741/688
f 218/744/692 211/745/693 217/742/689
f 218/744/692 219/746/694 214/736/695
f 270/747/696 276/748/697 275/749/698
f 273/750/699 277/751/700 276/748/697
f 275/749/698 276/748/697 287/752/701
f 276/748/697 278/753/702 287/752/701
f 279/754/703 281/755/704 271/756/705
f 280/757/706 282/758/707 279/754/703
f 282/758/707 274/759/708 281/755/704
f 283/760/709 277/751/700 282/758/707
f 272/48/45 286/761/710 285/762/711
f 284/763/712 287/764/713 286/761/710
f 285/762/711 283/765/714 280/766/715
f 286/767/710 278/753/716 283/760/714
f 306/768/717 308/769/718 303/770/719
f 307/771/720 309/772/721 306/773/717
f 309/774/721 318/775/722 308/769/718
f 309/774/721 310/776/723 311/777/724
f 304/146/137 315/778/725 314/779/726
f 312/780/727 316/781/728 315/778/725
f 314/779/726 310/782/729 307/771/720
f 315/778/725 311/783/730 310/782/729
f 317/784/731 319/785/732 305/64/60
f 318/775/722 320/786/733 317/784/731
f 320/786/733 313/787/734 319/785/732
f 320/786/733 311/788/724 316/789/735
f 321/178/165 326/790/736 325/791/737
f 324/792/738 327/793/739 326/790/736
f 325/791/737 338/794/740 335/795/741
f 326/790/736 328/796/742 338/794/740
f 322/797/743 332/798/744 331/799/745
f 329/800/746 333/801/747 332/798/744
f 331/799/748 327/802/749 324/803/750
f 332/804/744 328/796/751 327/793/749
f 334/805/752 336/806/753 323/807/754
f 335/795/741 337/808/755 334/805/752
f 337/808/755 330/809/756 336/806/753
f 338/794/740 333/810/757 337/808/755
f 389/137/128 394/811/758 393/812/759
f 392/813/760 395/814/761 394/811/758
f 393/812/759 405/815/762 402/816/763
f 394/811/758 396/817/764 405/815/762
f 390/105/97 399/818/765 392/819/766
f 397/820/767 400/821/768 399/818/765
f 392/819/766 399/818/765 395/822/769
f 399/818/765 396/823/770 395/822/771
f 401/824/772 403/825/773 391/174/162
f 402/816/763 404/826/774 401/827/772
f 404/828/774 398/829/775 403/825/773
f 405/815/776 400/830/768 404/826/774
f 426/831/167 432/832/777 431/833/778
f 429/834/779 433/835/780 432/832/777
f 431/833/778 432/832/777 442/836/781
f 432/832/777 434/837/782 442/836/781
f 435/838/783 437/839/784 427/840/785
f 436/841/786 438/842/787 435/843/783
f 438/844/787 430/845/788 437/839/784
f 439/846/789 433/835/790 438/844/787
f 428/117/108 441/847/791 440/848/792
f 431/849/793 442/836/794 441/847/791
f 440/848/792 439/846/789 436/850/786
f 441/847/791 434/837/795 439/846/789
f 446/851/796 448/852/797 443/164/152
f 447/853/798 449/854/799 446/851/796
f 449/854/799 456/855/800 448/852/797
f 449/854/799 454/856/801 450/857/802
f 451/858/803 453/859/804 444/860/805
f 452/861/806 454/862/801 451/858/803
f 453/859/804 454/856/801 447/853/798
f 456/855/800 457/863/807 455/864/808
f 457/863/807 452/861/806 455/865/808
f 458/220/809 461/866/809 462/867/809
f 462/868/810 1875/869/811 463/870/811
f 459/265/812 462/871/812 461/872/812
f 465/873/813 1875/869/814 462/874/815
f 466/875/816 469/876/817 470/877/818
f 472/878/819 474/879/820 467/316/821
f 468/236/220 475/880/822 476/881/823
f 475/880/824 469/882/817 476/883/825
f 476/883/826 471/884/827 473/885/828
f 476/883/825 469/882/817 471/884/829
f 477/318/300 480/886/830 481/887/831
f 481/888/832 482/889/833 1876/890/834
f 478/248/231 481/891/835 484/892/836
f 481/893/837 483/894/838 1876/895/838
f 484/892/839 481/896/840 480/897/841
f 486/344/326 489/898/842 490/899/843
f 489/900/842 492/901/844 490/902/843
f 490/902/843 491/903/845 495/904/846
f 487/905/847 492/906/848 493/907/849
f 492/908/844 497/909/850 495/910/846
f 493/907/851 492/901/851 489/900/851
f 492/906/844 495/910/846 491/903/845
f 494/911/852 496/912/853 488/196/854
f 501/913/855 503/914/856 498/915/857
f 501/913/855 502/916/858 504/917/859
f 503/914/856 504/918/859 510/919/860
f 504/917/859 502/916/858 505/920/861
f 506/921/862 508/922/863 507/923/864
f 507/924/864 508/922/863 502/925/858
f 508/922/863 505/920/861 502/916/858
f 509/926/865 511/927/866 500/263/246
f 510/919/860 512/928/867 509/926/865
f 512/928/867 506/921/862 511/927/866
f 512/928/867 504/918/859 505/929/861
f 516/930/868 517/931/869 513/932/870
f 516/930/871 518/933/872 522/934/873
f 515/271/254 521/935/874 522/936/875
f 521/935/876 517/937/876 522/938/876
f 522/938/873 1877/939/877 520/940/878
f 522/941/873 518/942/872 1877/939/877
f 526/943/879 528/944/880 523/294/277
f 526/943/879 527/945/881 529/946/882
f 529/946/882 535/947/883 528/944/880
f 529/946/882 530/948/884 537/949/885
f 531/950/886 532/951/887 533/952/888
f 531/953/886 533/952/888 527/954/881
f 532/951/887 527/945/881 533/952/888
f 534/955/889 536/956/890 525/284/267
f 534/955/889 535/947/883 537/957/885
f 536/956/890 537/957/885 532/958/887
f 537/949/885 530/948/884 532/951/887
f 538/199/891 541/959/892 544/960/893
f 541/961/894 1878/962/895 1874/963/895
f 540/292/896 544/964/897 545/965/896
f 544/966/893 541/967/892 545/968/898
f 1874/963/899 543/969/900 545/968/901
f 199/281/264 198/970/902 550/971/903
f 548/972/904 549/973/905 198/974/902
f 550/971/903 558/975/906 555/976/907
f 546/250/233 200/977/908 201/978/909
f 551/979/910 553/980/911 200/981/908
f 201/978/909 198/982/902 549/973/905
f 200/977/908 558/983/906 198/982/902
f 554/984/912 556/985/913 547/301/283
f 555/976/907 557/986/914 554/984/912
f 557/986/914 552/987/915 556/985/913
f 557/986/914 558/988/906 553/980/916
f 573/989/917 575/990/918 570/276/259
f 574/991/919 576/992/920 573/989/917
f 576/992/920 585/993/921 575/990/918
f 576/992/920 578/994/922 588/995/923
f 579/996/924 581/997/925 571/255/238
f 580/998/926 582/999/927 579/996/924
f 582/999/927 574/991/919 581/997/925
f 582/999/927 578/994/922 577/1000/928
f 572/303/285 587/1001/929 586/1002/930
f 584/1003/931 588/995/923 587/1001/929
f 587/1001/929 580/998/926 586/1002/930
f 587/1001/929 578/994/922 583/1004/932
f 592/1005/933 594/1006/934 589/232/216
f 593/1007/935 595/1008/936 592/1005/933
f 595/1008/936 602/1009/937 594/1006/934
f 595/1008/936 596/1010/938 605/1011/939
f 590/1012/284 599/1013/940 598/1014/941
f 597/1015/942 600/1016/943 599/1013/940
f 598/1014/941 596/1010/944 593/1007/945
f 599/1013/946 605/1017/947 596/1010/948
f 591/269/252 604/1018/949 603/1019/950
f 601/1020/951 605/1011/952 604/1018/949
f 603/1019/950 604/1018/949 600/1016/953
f 604/1018/949 605/1017/952 600/1016/953
f 606/282/265 611/1021/954 610/1022/955
f 609/1023/956 612/1024/957 611/1021/954
f 610/1022/955 623/1025/958 620/1026/959
f 611/1021/954 613/1027/960 623/1025/958
f 607/309/291 617/1028/961 616/1029/962
f 614/1030/963 618/1031/964 617/1028/961
f 616/1029/965 612/1024/966 609/1023/967
f 617/1028/961 613/1027/960 612/1024/966
f 619/1032/968 621/1033/969 608/1034/317
f 620/1026/959 622/1035/970 619/1032/968
f 622/1035/970 615/1036/971 621/1033/969
f 623/1025/958 618/1031/964 622/1035/970
f 627/1037/972 629/1038/973 624/321/303
f 628/1039/974 630/1040/975 627/1037/972
f 630/1040/975 637/1041/976 629/1038/973
f 632/1042/977 634/1043/978 625/1044/318
f 633/1045/979 635/1046/980 632/1042/977
f 635/1046/980 628/1039/974 634/1043/978
f 636/1047/981 638/1048/982 626/1049/983
f 637/1041/976 639/1050/984 636/1047/981
f 639/1050/984 633/1045/979 638/1048/982
f 640/320/302 646/1051/985 645/1052/986
f 643/1053/987 647/1054/988 646/1051/985
f 645/1052/986 646/1051/985 657/1055/989
f 646/1051/985 648/1056/990 657/1055/989
f 649/1057/991 651/1058/992 641/1059/209
f 650/1060/993 652/1061/994 649/1057/991
f 652/1061/994 644/1062/995 651/1058/992
f 653/1063/996 647/1054/988 652/1061/994
f 642/1064/997 656/1065/998 655/1066/999
f 654/1067/1000 657/1055/1001 656/1065/998
f 655/1066/999 653/1063/996 650/1060/993
f 656/1065/998 648/1056/990 653/1063/996
f 661/1068/1002 663/1069/1003 658/226/210
f 662/1070/1004 664/1071/1005 661/1068/1002
f 664/1071/1005 672/1072/1006 663/1069/1003
f 664/1071/1005 665/1073/1007 675/1074/1008
f 666/1075/1009 668/1076/1010 659/314/296
f 667/1077/1011 669/1078/1012 666/1075/1009
f 669/1078/1012 662/1070/1004 668/1076/1010
f 670/1079/1013 665/1073/1007 669/1078/1012
f 671/1080/1014 673/1081/1015 660/1082/305
f 672/1072/1006 674/1083/1016 671/1080/1014
f 674/1083/1016 667/1077/1011 673/1081/1015
f 674/1083/1016 675/1084/1008 670/1079/1013
f 676/341/323 682/1085/1017 681/1086/1018
f 679/1087/1019 683/1088/1020 682/1085/1017
f 681/1086/1018 682/1085/1017 693/1089/1021
f 682/1085/1017 684/1090/1022 693/1089/1021
f 685/1091/1023 687/1092/1024 677/1093/309
f 686/1094/1025 688/1095/1026 685/1091/1023
f 688/1095/1026 680/1096/1027 687/1092/1024
f 689/1097/1028 683/1088/1029 688/1095/1026
f 678/1098/1030 692/1099/1031 691/1100/1032
f 690/1101/1033 693/1089/1034 692/1099/1035
f 691/1100/1032 689/1097/1036 686/1094/1025
f 692/1099/1031 684/1090/1037 689/1097/1036
f 694/213/197 699/1102/1038 698/1103/1039
f 697/1104/1040 700/1105/1041 699/1102/1038
f 698/1103/1039 711/1106/1042 708/1107/1043
f 699/1102/1038 701/1108/1044 711/1106/1042
f 695/315/297 705/1109/1045 704/1110/1046
f 702/1111/1047 706/1112/1048 705/1109/1045
f 704/1110/1046 705/1109/1045 700/1105/1049
f 705/1109/1045 701/1108/1044 700/1105/1049
f 707/1113/1050 709/1114/1051 696/1115/322
f 708/1107/1043 710/1116/1052 707/1113/1050
f 710/1116/1052 703/1117/1053 709/1114/1051
f 711/1106/1042 706/1112/1048 710/1116/1052
f 712/345/327 718/1118/1054 717/1119/1055
f 715/1120/1056 719/1121/1057 718/1118/1054
f 717/1119/1058 728/1122/1059 726/1123/1060
f 718/1118/1061 720/1124/1062 728/1122/1059
f 721/1125/1063 723/1126/1064 713/1127/200
f 722/1128/1065 724/1129/1066 721/1125/1063
f 724/1129/1066 716/1130/1067 723/1126/1064
f 714/307/289 728/1131/1068 727/1132/1069
f 725/1133/1070 726/1123/1071 728/1131/1068
f 727/1132/1069 719/1134/1072 722/1128/1065
f 728/1122/1073 720/1124/1074 719/1134/1075
f 732/1135/1076 734/1136/1077 729/1137/1078
f 733/1138/1079 735/1139/1080 732/1135/1076
f 735/1139/1080 743/1140/1081 734/1136/1077
f 735/1139/1080 736/1141/1082 746/1142/1083
f 737/1143/1084 739/1144/1085 730/304/286
f 738/1145/1086 740/1146/1087 737/1143/1084
f 740/1146/1087 733/1138/1079 739/1144/1085
f 740/1146/1087 741/1147/1088 736/1148/1082
f 742/1149/1089 744/1150/1090 731/1151/188
f 743/1140/1081 745/1152/1091 742/1149/1089
f 745/1152/1091 738/1145/1086 744/1150/1090
f 746/1142/1083 741/1147/1088 745/1152/1091
f 747/202/186 753/1153/1092 752/1154/1093
f 750/1155/1094 751/1156/1095 753/1153/1092
f 752/1154/1093 762/1157/1096 759/1158/1097
f 753/1159/1098 754/1160/1099 762/1157/1100
f 748/306/288 753/1161/1101 757/1162/1102
f 755/1163/1103 762/1164/1104 753/1161/1101
f 757/1162/1102 753/1159/1101 751/1156/1105
f 758/1165/1106 760/1166/1107 749/1167/313
f 759/1158/1097 761/1168/1108 758/1165/1106
f 761/1168/1109 756/1169/1110 760/1166/1107
f 813/1170/1111 819/1171/1112 818/1172/1113
f 816/1173/1114 820/1174/1115 819/1171/1112
f 818/1172/1113 819/1171/1112 830/1175/1116
f 819/1171/1112 821/1176/1117 830/1175/1116
f 822/1177/1118 824/1178/1119 814/1179/1120
f 823/1180/1121 825/1181/1122 822/1177/1118
f 825/1181/1122 817/1182/1123 824/1178/1119
f 826/1183/1124 820/1174/1115 825/1181/1122
f 815/393/370 829/1184/1125 828/1185/1126
f 827/1186/1127 830/1187/1128 829/1184/1125
f 828/1188/1126 826/1183/1129 823/1180/1130
f 829/1189/1125 821/1176/1131 826/1183/1129
f 851/1190/483 856/1191/1132 855/1192/1133
f 854/1193/1134 857/1194/1135 856/1191/1132
f 855/1192/1133 868/1195/1136 865/1196/1137
f 856/1191/1132 858/1197/1138 868/1195/1136
f 852/1198/1139 862/1199/1140 861/1200/1141
f 859/1201/1142 863/1202/1143 862/1203/1140
f 861/1204/1141 862/1203/1140 857/1194/1144
f 862/1203/1140 858/1197/1145 857/1194/1144
f 864/1205/1146 866/1206/1147 853/1207/1148
f 865/1196/1137 867/1208/1149 864/1205/1146
f 867/1208/1149 860/1209/1150 866/1206/1147
f 868/1195/1136 863/1202/1151 867/1208/1149
f 919/481/447 924/1210/1152 923/1211/1153
f 922/1212/1154 925/1213/1155 924/1210/1152
f 923/1211/1153 935/1214/1156 932/1215/1157
f 924/1210/1152 926/1216/1158 935/1214/1156
f 920/450/422 929/1217/1159 922/1218/1160
f 927/1219/1161 930/1220/1162 929/1217/1159
f 922/1218/1160 929/1217/1159 925/1213/1163
f 929/1217/1159 926/1216/1164 925/1213/1163
f 931/1221/1165 933/1222/1166 921/518/480
f 932/1215/1157 934/1223/1167 931/1221/1165
f 934/1223/1167 928/1224/1168 933/1222/1166
f 935/1214/1169 930/1220/1162 934/1223/1167
f 956/523/485 961/1225/1170 969/1226/1171
f 959/1227/1172 962/1228/1173 961/1225/1170
f 969/1226/1171 961/1225/1170 972/1229/1174
f 961/1225/1170 963/1230/1175 972/1229/1176
f 964/1231/1177 966/1232/1178 957/1233/1179
f 965/1234/1180 967/1235/1181 964/1231/1177
f 967/1235/1181 960/1236/1182 966/1232/1178
f 968/1237/1183 962/1228/1184 967/1235/1181
f 958/462/431 971/1238/1185 970/1239/1186
f 969/1240/1187 972/1229/1188 971/1238/1185
f 970/1239/1186 968/1237/1183 965/1234/1180
f 971/1238/1185 963/1230/1189 968/1237/1183
f 1023/1241/1190 1029/1242/1191 1028/1243/1192
f 1026/1244/1193 1030/1245/1194 1029/1242/1191
f 1028/1243/1192 1040/1246/1195 1037/1247/1196
f 1029/1242/1191 1031/1248/1197 1040/1246/1195
f 1032/1249/1198 1034/1250/1199 1024/1251/1200
f 1033/1252/1201 1035/1253/1202 1032/1249/1198
f 1035/1253/1202 1027/1254/1203 1034/1250/1199
f 1036/1255/1204 1030/1245/1194 1035/1253/1202
f 1025/580/537 1039/1256/1205 1038/1257/1206
f 1037/1247/1207 1040/1246/1208 1039/1258/1205
f 1038/1257/1206 1036/1259/1209 1033/1260/1201
f 1039/1258/1205 1031/1248/1210 1036/1255/1209
f 1044/1261/1211 1046/1262/1212 1041/715/661
f 1045/1263/1213 1047/1264/1214 1044/1261/1211
f 1047/1264/1214 1055/1265/1215 1046/1262/1212
f 1047/1264/1214 1048/1266/1216 1058/1267/1217
f 1049/1268/1218 1051/1269/1219 1042/581/538
f 1050/1270/1220 1052/1271/1221 1049/1268/1218
f 1051/1269/1219 1048/1272/1216 1045/1263/1213
f 1052/1271/1221 1053/1273/1222 1048/1272/1216
f 1043/699/645 1057/1274/1223 1056/1275/1224
f 1054/1276/1225 1058/1277/1226 1057/1274/1223
f 1056/1275/1224 1053/1278/1227 1050/1279/1228
f 1057/1274/1229 1048/1280/1216 1053/1278/1222
f 1074/707/653 1079/1281/1230 1078/1282/1231
f 1077/1283/1232 1080/1284/1233 1079/1281/1230
f 1078/1282/1231 1091/1285/1234 1088/1286/1235
f 1079/1281/1230 1081/1287/1236 1091/1285/1234
f 1075/1288/1237 1085/1289/1238 1084/1290/1239
f 1082/1291/1240 1086/1292/1241 1085/1289/1238
f 1084/1290/1242 1080/1284/1243 1077/1283/1244
f 1085/1289/1238 1081/1287/1245 1080/1284/1243
f 1087/1293/1246 1089/1294/1247 1076/1295/1248
f 1088/1286/1235 1090/1296/1249 1087/1293/1246
f 1090/1296/1249 1083/1297/1250 1089/1294/1247
f 1091/1285/1234 1086/1292/1251 1090/1296/1249
f 1142/670/618 1146/1298/1252 1145/1299/1253
f 1151/1300/1254 1147/1301/1255 1146/1298/1252
f 1145/1299/1253 1158/1302/1256 1155/1303/1257
f 1146/1298/1252 1148/1304/1258 1158/1302/1256
f 1143/637/592 1152/1305/1259 1151/1306/1260
f 1149/1307/1261 1153/1308/1262 1152/1305/1259
f 1151/1306/1260 1152/1305/1259 1147/1301/1263
f 1152/1305/1259 1148/1304/1264 1147/1301/1263
f 1154/1309/1265 1156/1310/1266 1144/704/650
f 1155/1303/1257 1157/1311/1267 1154/1309/1265
f 1157/1311/1267 1150/1312/1268 1156/1310/1266
f 1158/1302/1269 1153/1308/1262 1157/1311/1267
f 1162/1313/1270 1164/1314/1271 1159/718/664
f 1163/1315/1272 1165/1316/1273 1162/1313/1270
f 1165/1316/1273 1174/1317/1274 1164/1314/1271
f 1165/1316/1273 1167/1318/1275 1177/1319/1276
f 1168/1320/1277 1170/1321/1278 1160/705/651
f 1168/1320/1277 1172/1322/1279 1171/1323/1280
f 1171/1323/1280 1163/1315/1272 1170/1321/1278
f 1171/1323/1280 1167/1318/1275 1166/1324/1281
f 1173/1325/1282 1175/1326/1283 1161/1327/1284
f 1174/1317/1274 1176/1328/1285 1173/1325/1282
f 1176/1328/1285 1169/1329/1286 1175/1326/1283
f 1177/1319/1276 1172/1322/1279 1176/1328/1285
f 1193/709/655 1199/1330/1287 1198/1331/1288
f 1196/1332/1289 1200/1333/1290 1199/1330/1287
f 1198/1331/1288 1199/1330/1287 1209/1334/1291
f 1199/1330/1287 1201/1335/1292 1209/1334/1291
f 1202/1336/1293 1204/1337/1294 1194/1338/1295
f 1203/1339/1296 1205/1340/1297 1202/1336/1293
f 1205/1340/1297 1197/1341/1298 1204/1337/1294
f 1206/1342/1299 1200/1343/1300 1205/1340/1297
f 1195/649/602 1208/1344/1301 1207/1345/1302
f 1198/1346/1303 1209/1347/1304 1208/1344/1301
f 1207/1345/1302 1206/1342/1299 1203/1339/1296
f 1208/1344/1301 1201/1348/1305 1206/1342/1299
f 1370/121/112 1373/1349/1306 1372/123/114
f 1373/1349/1306 1374/1350/1307 1372/123/114
f 1374/1350/1307 1375/1351/1308 1372/123/114
f 1375/1351/1308 1371/65/61 1372/123/114
f 241/25/24 1212/1352/1309 244/1353/1310
f 244/1353/1310 1213/1354/1311 243/1355/1312
f 243/1355/1313 1214/1356/1314 242/1357/1315
f 1214/1358/1314 240/183/169 242/1359/1315
f 1210/24/23 227/1360/1316 1212/1352/1309
f 1212/1352/1309 228/1361/1317 1213/1354/1311
f 1213/1354/1318 229/1362/1319 1214/1356/1314
f 229/1363/1319 1211/140/131 1214/1358/1314
f 1215/61/57 249/1364/1320 246/8/8
f 1217/1365/1321 248/1366/1322 249/1364/1320
f 1218/1367/1323 247/1368/1324 248/1369/1325
f 247/1368/1324 1216/119/110 245/21/20
f 230/194/178 1217/1365/1321 1215/61/57
f 232/1370/1326 1218/1371/1327 1217/1365/1321
f 233/1372/1328 1219/1373/1329 1218/1367/1323
f 1219/1373/1329 231/18/17 1216/119/110
f 1220/130/121 224/1374/1330 221/3/3
f 1222/1375/1331 223/1376/1332 224/1374/1330
f 1223/1377/1333 222/1378/1334 223/1376/1335
f 222/1379/1334 1221/4/4 220/16/15
f 241/25/24 1222/1375/1331 1220/130/121
f 244/1353/1310 1223/1377/1336 1222/1375/1331
f 243/1355/1313 1224/1380/1337 1223/1377/1333
f 1224/1381/1337 240/183/169 1221/4/4
f 236/159/148 1227/1382/1338 239/1383/1339
f 239/1383/1339 1228/1384/1340 238/1385/1341
f 238/1386/1342 1229/1387/1343 237/1388/1344
f 1229/1387/1343 235/10/9 237/1388/1344
f 1225/26/25 249/1364/1320 1227/1382/1338
f 1227/1382/1338 248/1366/1322 1228/1384/1340
f 1228/1389/1345 247/1368/1324 1229/1387/1343
f 247/1368/1324 1226/23/22 1229/1387/1343
f 251/160/149 1232/1390/1346 254/1391/1347
f 254/1391/1347 1233/1392/1348 253/1393/1349
f 253/1394/1350 1234/1395/1351 252/1396/1352
f 1234/1395/1351 250/29/27 252/1396/1352
f 1230/154/144 239/1383/1339 1232/1390/1346
f 1232/1390/1346 238/1385/1341 1233/1392/1348
f 1233/1397/1353 237/1388/1344 1234/1395/1351
f 237/1388/1344 1231/12/11 1234/1395/1351
f 225/15/14 1237/1398/1354 227/1360/1316
f 227/1360/1316 1238/1399/1355 228/1361/1317
f 228/1361/1356 1239/1400/1357 229/1362/1319
f 1239/1401/1357 226/35/33 229/1363/1319
f 1235/14/13 257/1402/1358 1237/1398/1354
f 1237/1398/1354 258/1403/1359 1238/1399/1355
f 1238/1399/1360 259/1404/1361 1239/1400/1357
f 259/1405/1361 1236/33/31 1239/1401/1357
f 255/44/41 1242/1406/1362 257/1402/1358
f 257/1402/1358 1243/1407/1363 258/1403/1359
f 258/1403/1364 1244/1408/1365 259/1404/1361
f 1244/1409/1365 256/32/30 259/1405/1361
f 1240/53/49 267/1410/1366 1242/1406/1362
f 1242/1406/1362 268/1411/1367 1243/1407/1363
f 1243/1407/1368 269/1412/1369 1244/1408/1365
f 269/1413/1369 1241/30/28 1244/1409/1365
f 261/195/179 1247/1414/1370 264/1415/1371
f 264/1415/1371 1248/1416/1372 263/1417/1373
f 263/1418/1374 1249/1419/1375 262/1420/1376
f 1249/1419/1375 260/39/37 262/1420/1376
f 1245/188/172 254/1391/1347 1247/1414/1370
f 1247/1414/1370 253/1393/1349 1248/1416/1372
f 1248/1421/1377 252/1396/1352 1249/1419/1375
f 252/1396/1352 1246/37/35 1249/1419/1375
f 1250/171/159 292/1422/1378 289/169/157
f 1252/1423/1379 291/1424/1380 292/1422/1378
f 1253/1425/1381 290/1426/1382 291/1424/1380
f 1254/1427/1383 288/187/46 290/1426/1382
f 271/756/705 1252/1423/1379 1250/171/159
f 281/755/704 1253/1425/1381 1252/1423/1379
f 274/759/708 1254/1427/1383 1253/1425/1381
f 273/750/699 1251/134/125 1254/1427/1383
f 265/52/48 1257/1428/1384 267/1410/1366
f 267/1410/1366 1258/1429/1385 268/1411/1367
f 268/1411/1386 1259/1430/1387 269/1412/1369
f 269/1413/1369 1256/40/38 266/42/40
f 1255/153/143 292/1422/1378 1257/1428/1384
f 1257/1428/1388 291/1424/1380 1258/1429/1385
f 1258/1429/1389 290/1426/1382 1259/1430/1387
f 290/1431/1382 1256/40/38 1259/1432/1387
f 271/756/705 1262/1433/1390 279/754/703
f 279/754/703 1263/1434/1391 280/757/706
f 280/766/715 1264/1435/1392 285/762/711
f 285/762/711 1261/46/43 272/48/45
f 1260/170/158 264/1415/1371 1262/1433/1390
f 1262/1433/1390 263/1417/1373 1263/1434/1391
f 1263/1436/1393 262/1420/1376 1264/1435/1392
f 1264/1435/1392 260/39/37 1261/46/43
f 1265/69/65 232/1370/1326 230/194/178
f 1267/1437/1394 233/1438/1395 232/1370/1326
f 1268/1439/1396 234/1440/1397 233/1372/1328
f 234/1440/1397 1266/163/151 231/18/17
f 298/129/120 1267/1437/1394 1265/69/65
f 300/1441/1398 1268/1442/1399 1267/1437/1394
f 301/1443/1400 1269/1444/1401 1268/1439/1396
f 302/1445/1402 1266/163/151 1269/1444/1401
f 1270/1/1 297/1446/1403 294/179/166
f 1272/1447/1404 296/1448/1405 297/1446/1403
f 1273/1449/1406 295/1450/1407 296/1448/1408
f 295/1451/1407 1271/54/50 293/56/52
f 221/3/3 1272/1447/1404 1270/1/1
f 224/1374/1330 1273/1449/1409 1272/1447/1404
f 223/1376/1335 1274/1452/1410 1273/1449/1406
f 1274/1453/1410 220/16/15 1271/54/50
f 323/807/754 1277/1454/1411 334/805/752
f 334/805/752 1278/1455/1412 335/795/741
f 335/795/741 1279/1456/1413 325/791/737
f 325/791/737 1276/176/111 321/178/165
f 1275/144/135 314/779/726 1277/1454/1411
f 1277/1454/1411 307/771/720 1278/1455/1412
f 1278/1455/1412 306/773/717 1279/1456/1413
f 1279/1457/1413 303/770/719 1276/120/111
f 1280/145/136 300/1441/1398 298/129/120
f 1282/1458/1414 301/1459/1415 300/1441/1398
f 1283/1460/1416 302/1445/1402 301/1443/1400
f 1284/1461/1417 299/58/54 302/1445/1402
f 323/807/754 1282/1458/1414 1280/145/136
f 336/806/753 1283/1462/1418 1282/1458/1414
f 330/1463/1419 1284/1461/1417 1283/1460/1416
f 329/800/746 1281/66/62 1284/1461/1417
f 1285/147/138 312/780/727 304/146/137
f 1287/1464/1420 313/1465/1421 312/780/727
f 1288/1466/1422 319/1467/732 313/1465/734
f 1289/1468/1423 305/64/60 319/785/732
f 294/179/166 1287/1464/1420 1285/147/138
f 297/1446/1403 1288/1466/1424 1287/1464/1420
f 296/1448/1408 1289/1469/1423 1288/1466/1422
f 295/1451/1407 1286/62/58 1289/1468/1423
f 1290/143/134 363/1470/1425 360/71/67
f 1292/1471/1426 362/1472/1427 363/1470/1425
f 1293/1473/1428 361/1474/1429 362/1472/1427
f 1294/1475/1430 359/193/177 361/1474/1429
f 344/91/85 1292/1471/1426 1290/143/134
f 346/1476/1431 1293/1473/1428 1292/1471/1426
f 347/1477/1432 1294/1475/1430 1293/1473/1428
f 348/1478/1433 1291/192/176 1294/1475/1430
f 365/85/79 1297/1479/1434 368/1480/1435
f 368/1480/1435 1298/1481/1436 367/1482/1437
f 367/1482/1437 1299/1483/1438 366/1484/1439
f 366/1484/1439 1296/124/115 364/127/118
f 1295/84/78 351/1485/1440 1297/1479/1434
f 1297/1479/1434 352/1486/1441 1298/1481/1436
f 1298/1481/1436 353/1487/1442 1299/1483/1438
f 1299/1483/1438 350/125/116 1296/124/115
f 340/81/75 1302/1488/1443 343/1489/1444
f 343/1489/1444 1303/1490/1445 342/1491/1446
f 342/1491/1446 1304/1492/1447 341/1493/1448
f 341/1493/1448 1301/141/132 339/106/98
f 1300/72/68 363/1470/1425 1302/1488/1443
f 1302/1488/1443 362/1472/1427 1303/1490/1445
f 1303/1490/1445 361/1474/1429 1304/1492/1447
f 1304/1492/1447 359/193/177 1301/141/132
f 1305/86/80 358/1494/1449 355/126/117
f 1307/1495/1450 357/1496/1451 358/1494/1449
f 1308/1497/1452 356/1498/1453 357/1496/1451
f 1309/1499/1454 354/184/170 356/1498/1453
f 365/85/79 1307/1495/1450 1305/86/80
f 368/1480/1435 1308/1497/1452 1307/1495/1450
f 367/1482/1437 1309/1499/1454 1308/1497/1452
f 366/1484/1439 1306/162/150 1309/1499/1454
f 1310/77/72 373/1500/1455 370/156/145
f 1312/1501/1456 372/1502/1457 373/1500/1455
f 1313/1503/1458 371/1504/1459 372/1502/1457
f 1314/1505/1460 369/78/73 371/1504/1459
f 355/126/117 1312/1501/1456 1310/77/72
f 358/1494/1449 1313/1503/1458 1312/1501/1456
f 357/1496/1451 1314/1505/1460 1313/1503/1458
f 356/1498/1453 1311/94/88 1314/1505/1460
f 1315/92/86 346/1476/1431 344/91/85
f 1317/1506/1461 347/1477/1432 346/1476/1431
f 1318/1507/1462 348/1478/1433 347/1477/1432
f 1319/1508/1463 345/191/175 348/1478/1433
f 374/97/90 1317/1506/1461 1315/92/86
f 376/1509/1464 1318/1507/1462 1317/1506/1461
f 377/1510/1465 1319/1508/1463 1318/1507/1462
f 378/1511/1466 1316/74/70 1319/1508/1463
f 1320/98/91 376/1509/1464 374/97/90
f 1322/1512/1467 377/1510/1465 376/1509/1464
f 1323/1513/1468 378/1511/1466 377/1510/1465
f 1324/1514/1469 375/139/130 378/1511/1466
f 384/102/94 1322/1512/1467 1320/98/91
f 386/1515/1470 1323/1513/1468 1322/1512/1467
f 387/1516/1471 1324/1514/1469 1323/1513/1468
f 388/1517/1472 1321/185/171 1324/1514/1469
f 1325/93/87 383/1518/1473 380/189/173
f 1327/1519/1474 382/1520/1475 383/1518/1473
f 1328/1521/1476 381/1522/1477 382/1520/1475
f 1329/1523/1478 379/101/93 381/1522/1477
f 370/156/145 1327/1519/1474 1325/93/87
f 373/1500/1455 1328/1521/1476 1327/1519/1474
f 372/1502/1457 1329/1523/1478 1328/1521/1476
f 371/1504/1459 1326/80/74 1329/1523/1478
f 407/190/174 1332/1524/1479 410/1525/1480
f 410/1525/1480 1333/1526/1481 409/1527/1482
f 409/1527/1482 1334/1528/1483 408/1529/1484
f 408/1530/1484 1331/173/161 406/175/163
f 1330/138/129 393/812/759 1332/1524/1479
f 1332/1524/1479 402/816/763 1333/1526/1481
f 1333/1526/1481 401/827/772 1334/1528/1483
f 1334/1531/1483 391/174/162 1331/173/161
f 1335/104/96 386/1515/1470 384/102/94
f 1337/1532/1485 387/1516/1471 386/1515/1470
f 1338/1533/1486 388/1517/1472 387/1516/1471
f 1339/1534/1487 385/182/168 388/1517/1472
f 407/1535/174 1337/1532/1485 1335/104/96
f 410/1536/1480 1338/1533/1486 1337/1532/1485
f 409/1537/1482 1339/1534/1487 1338/1533/1486
f 408/1530/1484 1336/157/146 1339/1534/1487
f 1340/99/92 397/820/767 390/105/97
f 1342/1538/1488 398/829/775 397/820/767
f 1343/1539/1489 403/825/773 398/829/775
f 1344/1540/1490 391/174/162 403/825/773
f 380/189/173 1342/1538/1488 1340/99/92
f 383/1518/1473 1343/1539/1489 1342/1538/1488
f 382/1520/1475 1344/1540/1490 1343/1539/1489
f 381/1522/1477 1341/172/160 1344/1540/1490
f 349/88/82 1347/1541/1491 351/1485/1440
f 351/1485/1440 1348/1542/1492 352/1486/1441
f 352/1486/1441 1349/1543/1493 353/1487/1442
f 353/1487/1442 1346/167/155 350/125/116
f 1345/109/100 418/1544/1494 1347/1541/1491
f 1347/1541/1491 419/1545/1495 1348/1542/1492
f 1348/1546/1492 420/1547/1496 1349/1548/1493
f 1349/1548/1493 417/1549/122 1346/1550/155
f 412/111/102 1352/1551/1497 415/1552/1498
f 415/1552/1498 1353/1553/1499 414/1554/1500
f 414/1554/1500 1354/1555/1501 413/1556/1502
f 413/1556/1502 1351/115/106 411/114/105
f 1350/82/76 343/1489/1444 1352/1551/1497
f 1352/1551/1497 342/1491/1446 1353/1553/1499
f 1353/1553/1499 341/1493/1448 1354/1555/1501
f 1354/1555/1501 339/106/98 1351/115/106
f 1355/1557/1503 429/834/779 426/831/167
f 1357/1558/1504 430/845/788 429/834/779
f 1358/1559/1505 437/839/784 430/845/788
f 1359/1560/1506 427/840/785 437/839/784
f 421/118/109 1357/1558/1504 1355/1557/1503
f 423/1561/1507 1358/1559/1505 1357/1558/1504
f 424/1562/1508 1359/1560/1506 1358/1559/1505
f 425/1563/1509 1356/151/142 1359/1560/1506
f 416/110/101 1362/1564/1510 418/1544/1494
f 418/1544/1494 1363/1565/1511 419/1545/1495
f 419/1566/1495 1364/1567/1512 420/1547/1496
f 420/1547/1496 1361/1568/141 417/1549/122
f 1360/116/107 440/848/792 1362/1564/1510
f 1362/1564/1510 436/850/786 1363/1565/1511
f 1363/1569/1511 435/843/783 1364/1567/1512
f 1364/1567/1512 427/1570/785 1361/1568/141
f 421/118/109 1367/1571/1513 423/1561/1507
f 423/1561/1507 1368/1572/1514 424/1562/1508
f 424/1562/1508 1369/1573/1515 425/1563/1509
f 425/1563/1509 1366/149/140 422/148/139
f 1365/112/103 415/1552/1498 1367/1571/1513
f 1367/1571/1513 414/1554/1500 1368/1572/1514
f 1368/1572/1514 413/1556/1502 1369/1573/1515
f 1369/1573/1515 411/114/105 1366/149/140
f 1371/65/61 317/784/731 305/64/60
f 1375/1351/1308 318/775/722 317/784/731
f 1374/1350/1307 308/769/718 318/775/722
f 1373/1349/1306 303/770/719 308/769/718
f 428/117/108 1378/1574/1516 431/1575/793
f 431/1576/778 1377/177/164 426/181/167
f 1376/67/63 331/799/1517 1378/1574/1516
f 1378/1574/1518 331/799/1519 324/803/1520
f 1378/1577/1521 321/178/165 1377/177/164
f 1379/47/44 284/763/1522 272/48/45
f 284/763/1523 1381/1578/1523 275/1579/1523
f 1381/1580/1524 270/747/696 275/749/698
f 390/105/97 1381/1581/1525 1379/47/44
f 392/1582/760 1380/135/126 1381/1580/1524
f 561/261/244 1384/1583/1526 567/1584/1527
f 567/1584/1527 1385/1585/1528 568/1586/1529
f 1385/1585/1528 563/1587/1530 568/1586/1529
f 1386/1588/1531 559/244/227 563/1587/1530
f 1382/260/243 575/990/918 1384/1583/1526
f 1384/1583/1526 585/993/921 1385/1585/1528
f 585/993/921 1386/1588/1531 1385/1585/1528
f 584/1003/931 1383/262/245 1386/1588/1531
f 1387/254/237 579/996/924 571/255/238
f 1389/1589/1532 580/998/926 579/996/924
f 580/998/926 1391/1590/1533 586/1002/930
f 586/1002/930 1388/241/225 572/303/285
f 589/232/216 1389/1589/1532 1387/254/237
f 594/1006/934 1390/1591/1534 1389/1589/1532
f 602/1009/937 1391/1590/1533 1390/1591/1534
f 1391/1590/1533 591/269/252 1388/241/225
f 1392/289/272 597/1592/942 590/302/284
f 1393/1593/1535 603/1594/1536 597/1015/942
f 603/1019/950 1394/243/226 591/269/252
f 1392/289/272 566/1595/1537 1393/1596/1535
f 1393/1593/1535 562/1597/1538 1394/1598/1539
f 1394/1598/1540 562/1597/1541 559/1599/1542
f 547/301/283 1397/1600/1543 554/984/912
f 554/984/912 1398/1601/1544 555/976/907
f 1398/1601/1544 550/971/903 555/976/907
f 1399/1602/1545 199/281/264 550/971/903
f 1395/297/279 581/997/925 1397/1600/1543
f 1397/1600/1543 574/991/919 1398/1601/1544
f 574/991/919 1399/1602/1545 1398/1601/1544
f 573/989/917 1396/275/258 1399/1602/1545
f 1400/290/273 564/1603/1546 560/291/274
f 1402/1604/1547 565/1605/1548 564/1603/1546
f 565/1605/1548 1403/1606/1549 569/1607/1550
f 1403/1608/1549 561/261/244 569/1609/1551
f 1400/290/273 201/978/909 1402/1604/1547
f 1402/1604/1547 549/973/905 1403/1610/1549
f 1403/1610/1549 549/973/905 548/972/904
f 548/1611/904 1401/229/213 1403/1608/1549
f 1404/252/235 551/1612/910 546/250/233
f 1406/1613/1552 552/987/1553 551/979/910
f 552/987/915 1407/1614/1554 556/985/913
f 1407/1614/1554 547/301/283 556/985/913
f 1404/252/235 598/1615/941 1406/1616/1552
f 1406/1613/1552 593/1007/945 1407/1617/1555
f 1407/1617/1554 593/1007/935 592/1005/933
f 1407/1614/1554 589/232/216 1405/231/215
f 466/875/816 1410/1618/1556 469/1619/817
f 469/1619/817 1411/1620/1557 471/1621/829
f 1412/1622/1558 474/879/1559 473/1623/1560
f 474/879/1559 1409/247/230 467/316/298
f 443/164/152 1410/1618/1556 1408/210/194
f 448/852/797 1411/1620/1557 1410/1618/1556
f 456/855/800 1412/1622/1558 1411/1620/1557
f 455/864/808 1409/247/230 1412/1622/1558
f 1413/259/242 485/1624/1561 479/217/201
f 1415/1625/1562 1416/1626/1563 1876/890/1564
f 1416/1626/1563 481/887/1565 1876/890/1564
f 1417/1627/1566 477/318/300 481/887/831
f 1413/259/242 455/865/808 1415/1625/1562
f 1415/1625/1562 452/861/806 1416/1626/1563
f 1416/1626/1563 451/858/803 1417/1627/1566
f 1417/1627/1566 444/860/805 1414/237/221
f 1418/317/299 472/878/1567 467/316/298
f 1420/1628/1568 473/885/1569 472/878/1567
f 1421/1629/1570 476/881/823 473/885/1569
f 1422/1630/1571 468/236/220 476/881/823
f 1418/317/299 485/1631/1561 1420/1628/1568
f 1420/1628/1568 483/894/1572 1421/1629/1570
f 1421/1629/1570 481/893/1573 1422/1630/1571
f 1422/1630/1571 478/248/231 1419/234/218
f 498/915/857 1425/1632/1574 501/913/855
f 501/913/855 1426/1633/1575 502/925/858
f 502/925/858 1427/1634/1576 507/924/864
f 507/924/864 1424/279/262 499/322/304
f 458/220/204 1425/1632/1574 1423/299/281
f 462/867/1577 1426/1633/1575 1425/1632/1574
f 463/870/1578 1427/1634/1576 1426/1633/1575
f 464/1635/1579 1424/279/262 1427/1634/1576
f 513/932/1580 1430/1636/1581 516/930/1582
f 516/930/1582 1431/1637/1583 1877/1638/1584
f 1877/1638/1584 1432/1639/1585 519/1640/1586
f 519/1640/1586 1429/338/320 514/207/191
f 500/263/246 1430/1636/1581 1428/272/255
f 511/927/866 1431/1637/1583 1430/1636/1581
f 506/921/862 1432/1639/1585 1431/1637/1583
f 507/923/864 1429/338/320 1432/1639/1585
f 1433/209/193 519/1641/1586 514/207/191
f 1435/1642/1587 520/940/1588 519/1641/1586
f 1436/1643/1589 522/936/875 520/940/1588
f 1437/1644/1590 515/271/254 522/936/875
f 1433/209/193 464/1645/1579 1435/1642/1587
f 1435/1642/1587 465/873/1591 1436/1643/1589
f 1436/1643/1589 462/874/1592 1437/1644/1590
f 1437/1644/1590 459/265/248 1434/267/250
f 1438/257/240 494/911/1593 488/196/180
f 1440/1646/1594 1441/1647/1595 495/1648/846
f 1441/1647/1595 490/899/843 495/1648/846
f 1442/1649/1596 486/344/326 490/899/843
f 1438/257/240 531/953/1597 1440/1646/1594
f 1440/1646/1594 527/954/881 1441/1647/1595
f 1441/1647/1595 526/943/879 1442/1649/1596
f 1442/1649/1596 523/294/277 1439/296/278
f 1443/328/310 531/950/1597 524/280/263
f 1445/1650/1598 532/958/887 531/950/1597
f 1446/1651/1599 536/956/890 532/958/887
f 1447/1652/1600 525/284/267 536/956/890
f 1443/328/310 542/1653/1601 1445/1650/1598
f 1445/1650/1598 1878/1654/1602 1446/1651/1599
f 1446/1651/1599 541/961/1603 1447/1652/1600
f 1447/1652/1600 538/199/183 1444/201/185
f 1448/342/324 542/1655/1601 539/329/311
f 1450/1656/1604 543/969/1605 542/1655/1601
f 1451/1657/1606 545/965/1607 543/969/1605
f 1452/1658/1608 540/292/275 545/965/1607
f 1448/342/324 496/912/1609 1450/1656/1604
f 1450/1656/1604 497/909/1610 1451/1657/1606
f 1451/1657/1606 492/908/848 1452/1658/1608
f 1452/1658/1608 487/905/847 1449/286/269
f 608/1034/317 1455/1659/1611 619/1032/968
f 619/1032/968 1456/1660/1612 620/1026/959
f 620/1026/959 1457/1661/1613 610/1022/955
f 610/1022/955 1454/283/266 606/282/265
f 1453/1662/316 634/1043/978 1455/1659/1611
f 1455/1659/1611 628/1039/974 1456/1660/1612
f 1456/1660/1612 627/1037/972 1457/1661/1613
f 1457/1661/1613 624/321/303 1454/283/266
f 1458/308/290 643/1053/987 640/320/302
f 1460/1663/1614 644/1062/995 643/1053/987
f 1461/1664/1615 651/1058/992 644/1062/995
f 1462/1665/1616 641/1059/209 651/1058/992
f 626/1049/983 1460/1663/1614 1458/308/290
f 638/1048/982 1461/1664/1615 1460/1663/1614
f 633/1045/979 1462/1665/1616 1461/1664/1615
f 632/1042/977 1459/1666/207 1462/1665/1616
f 1463/311/293 614/1030/963 607/309/291
f 1465/1667/1617 615/1036/971 614/1030/963
f 1466/1668/1618 621/1033/969 615/1036/971
f 1467/1669/1619 608/1034/317 621/1033/969
f 1463/311/293 655/1066/999 1465/1667/1617
f 1465/1667/1617 650/1060/993 1466/1668/1618
f 1466/1668/1618 649/1057/991 1467/1669/1619
f 1467/1669/1619 641/1059/209 1464/1670/208
f 1468/1671/307 671/1080/1014 660/1082/305
f 1470/1672/1620 672/1072/1006 671/1080/1014
f 1471/1673/1621 663/1069/1003 672/1072/1006
f 1472/1674/1622 658/226/210 663/1069/1003
f 677/1093/309 1470/1672/1620 1468/1671/307
f 687/1092/1024 1471/1673/1621 1470/1672/1620
f 680/1096/1027 1472/1674/1622 1471/1673/1621
f 679/1087/1019 1469/227/211 1472/1674/1622
f 696/1115/322 1475/1675/1623 707/1113/1050
f 707/1113/1050 1476/1676/1624 708/1107/1043
f 708/1107/1043 1477/1677/1625 698/1103/1039
f 698/1103/1039 1474/214/198 694/213/197
f 1473/1678/321 673/1081/1015 1475/1675/1623
f 1475/1675/1623 667/1077/1011 1476/1676/1624
f 1476/1676/1624 666/1075/1009 1477/1677/1625
f 1477/1677/1625 659/314/296 1474/214/198
f 1478/313/295 702/1111/1047 695/315/297
f 1480/1679/1626 703/1117/1053 702/1111/1047
f 1481/1680/1627 709/1114/1051 703/1117/1053
f 1482/1681/1628 696/1115/322 709/1114/1051
f 1478/313/295 691/1100/1032 1480/1679/1626
f 1480/1679/1626 686/1094/1025 1481/1680/1627
f 1481/1680/1627 685/1091/1023 1482/1681/1628
f 1482/1681/1628 677/1093/309 1479/1682/308
f 1483/333/315 715/1120/1056 712/345/327
f 1485/1683/1629 716/1130/1067 715/1120/1056
f 1486/1684/1630 723/1126/1064 716/1130/1067
f 1487/1685/1631 713/1127/200 723/1126/1064
f 729/1137/1078 1485/1683/1629 1483/333/315
f 734/1136/1077 1486/1684/1630 1485/1683/1629
f 743/1140/1081 1487/1685/1631 1486/1684/1630
f 742/1149/1089 1484/1686/190 1487/1685/1631
f 730/304/286 1490/1687/1632 737/1143/1084
f 737/1143/1084 1491/1688/1633 738/1145/1086
f 738/1145/1086 1492/1689/1634 744/1150/1090
f 744/1150/1090 1489/1690/312 731/1151/188
f 1488/203/187 752/1154/1093 1490/1687/1632
f 1490/1687/1632 759/1158/1097 1491/1688/1633
f 1491/1688/1633 758/1165/1106 1492/1689/1634
f 1492/1689/1634 749/1167/313 1489/1690/312
f 1493/305/287 755/1163/1103 748/306/288
f 1495/1691/1635 756/1169/1110 755/1163/1103
f 1496/1692/1636 760/1166/1107 756/1169/1110
f 1497/1693/1637 749/1167/313 760/1166/1107
f 1493/305/287 727/1132/1069 1495/1691/1635
f 1495/1691/1635 722/1128/1065 1496/1692/1636
f 1496/1692/1636 721/1125/1063 1497/1693/1637
f 1497/1693/1637 713/1127/200 1494/1694/199
f 1498/166/154 446/851/796 443/164/152
f 1500/1695/1638 447/853/1639 446/851/796
f 1501/1696/1640 453/859/804 447/853/1639
f 1502/1697/1641 444/860/805 453/859/804
f 624/321/303 1500/1695/1638 1498/166/154
f 629/1038/973 1501/1696/1640 1500/1695/1638
f 637/1041/976 1502/1697/1641 1501/1696/1640
f 636/1047/981 1499/238/222 1502/1697/1641
f 642/1064/997 1505/1698/1642 654/1067/1643
f 654/1067/1000 1506/1699/1644 645/1700/1645
f 645/1052/986 1504/319/301 640/320/302
f 1503/310/292 484/892/836 1505/1698/1642
f 1505/1698/1646 480/897/1647 1506/1699/1644
f 1506/1701/1648 477/318/300 1504/319/301
f 1507/222/206 461/866/1649 458/220/204
f 461/1702/1650 1509/1703/1651 1510/1704/1652
f 461/872/1653 1508/312/294 459/265/248
f 676/341/323 1509/1705/1654 1507/222/206
f 681/1706/1655 1510/1704/1652 1509/1703/1651
f 1510/1704/1656 678/1098/1030 1508/312/294
f 1511/273/256 697/1104/1657 694/213/197
f 1513/1707/1658 704/1708/1659 697/1104/1040
f 1514/1709/1660 695/315/297 704/1110/1046
f 513/932/1580 1513/1707/1661 1511/273/256
f 1513/1707/1658 517/937/1662 1514/1710/1658
f 1514/1710/1658 517/937/1662 521/935/1663
f 521/935/874 1512/270/253 1514/1709/1660
f 525/284/267 1517/1711/1664 534/955/889
f 534/955/889 1518/1712/1665 535/947/1666
f 535/947/1666 1519/1713/1667 528/944/880
f 528/944/880 1516/332/314 523/294/277
f 1515/285/268 739/1144/1085 1517/1711/1664
f 1517/1711/1664 733/1138/1079 1518/1712/1665
f 1518/1712/1665 732/1135/1076 1519/1713/1667
f 1519/1713/1667 729/1137/1078 1516/332/314
f 1520/287/270 725/1133/1070 714/307/289
f 725/1133/1070 1522/1714/1668 726/1123/1071
f 726/1123/1669 1523/1715/1670 717/1119/1671
f 717/1119/1055 1521/343/325 712/345/327
f 487/905/847 1522/1716/1668 1520/287/270
f 1522/1716/1672 493/907/1673 489/900/1674
f 1522/1714/1672 489/898/1674 1523/1715/1670
f 1523/1715/1675 486/344/326 1521/343/325
f 1524/211/195 609/1717/956 606/282/265
f 609/1023/967 1527/1718/1676 616/1029/965
f 616/1029/962 1525/235/219 607/309/291
f 466/875/816 1526/1719/1677 1524/211/195
f 470/1720/1678 1527/1718/1676 1526/1721/1678
f 1527/1718/1679 468/236/220 1525/235/219
f 1528/264/247 509/926/865 500/263/246
f 1530/1722/1680 510/919/1681 509/926/865
f 1531/1723/1682 503/914/856 510/919/1681
f 1532/1724/1683 498/915/857 503/914/856
f 659/314/296 1530/1722/1680 1528/264/247
f 1530/1722/1680 662/1070/1004 1531/1723/1682
f 662/1070/1004 1532/1724/1683 1531/1723/1682
f 1532/1724/1683 658/226/210 1529/300/282
f 1533/293/276 544/964/1684 540/292/275
f 1535/1725/1685 538/199/183 544/960/1686
f 1533/293/276 757/1162/1102 1535/1726/1687
f 1535/1726/1687 757/1162/1102 751/1156/1688
f 1535/1727/1685 751/1156/1689 750/1155/1094
f 750/1155/1094 1534/1728/1690 1535/1725/1685
f 784/370/349 1538/1729/1691 787/1730/1692
f 787/1730/1692 1539/1731/1693 786/1732/1694
f 786/1733/1695 1540/1734/1696 785/1735/1697
f 1540/1734/1696 783/525/487 785/1735/1697
f 1536/369/348 770/1736/1698 1538/1729/1691
f 1538/1737/1691 771/1738/1699 1539/1739/1693
f 1539/1739/1700 772/1740/1701 1540/1734/1696
f 772/1740/1701 1537/484/450 1540/1734/1696
f 1541/406/383 792/1741/1702 789/353/334
f 1543/1742/1703 791/1743/1704 792/1741/1702
f 1544/1744/1705 790/1745/1706 791/1746/1707
f 790/1745/1706 1542/464/433 788/366/345
f 773/534/496 1543/1742/1703 1541/406/383
f 775/1747/1708 1544/1748/1709 1543/1742/1703
f 776/1749/1710 1545/1750/1711 1544/1744/1705
f 1545/1750/1711 774/363/342 1542/464/433
f 1546/474/442 767/1751/1712 764/348/330
f 1548/1752/1713 766/1753/1714 767/1751/1712
f 1549/1754/1715 765/1755/1716 766/1756/1717
f 765/1755/1716 1547/349/331 763/361/340
f 784/370/349 1548/1752/1713 1546/474/442
f 787/1730/1692 1549/1757/1718 1548/1752/1713
f 786/1733/1695 1550/1758/1719 1549/1754/1715
f 1550/1758/1719 783/525/487 1547/349/331
f 779/503/466 1553/1759/1720 782/1760/1721
f 782/1760/1721 1554/1761/1722 781/1762/1723
f 781/1762/1724 1555/1763/1725 780/1764/1726
f 1555/1765/1725 778/355/335 780/1766/1726
f 1551/371/350 792/1741/1702 1553/1759/1720
f 1553/1759/1720 791/1743/1704 1554/1761/1722
f 1554/1767/1727 790/1745/1706 1555/1765/1725
f 790/1745/1706 1552/368/347 1555/1765/1725
f 794/504/467 1558/1768/1728 797/1769/1729
f 797/1769/1729 1559/1770/1730 796/1771/1731
f 796/1771/1732 1560/1772/1733 795/1773/1734
f 1560/1774/1733 793/374/352 795/1775/1734
f 1556/498/462 782/1760/1721 1558/1768/1728
f 1558/1768/1728 781/1762/1723 1559/1770/1730
f 1559/1770/1735 780/1764/1726 1560/1772/1733
f 780/1766/1726 1557/357/337 1560/1774/1733
f 768/360/339 1563/1776/1736 770/1736/1698
f 770/1777/1698 1564/1778/1737 771/1738/1699
f 771/1738/1738 1565/1779/1739 772/1740/1701
f 1565/1779/1739 769/380/358 772/1740/1701
f 1561/359/338 800/1780/1740 1563/1776/1736
f 1563/1781/1736 801/1782/1741 1564/1778/1737
f 1564/1778/1742 802/1783/1743 1565/1779/1739
f 802/1783/1743 1562/378/356 1565/1779/1739
f 798/389/366 1568/1784/1744 800/1780/1740
f 800/1785/1740 1569/1786/1745 801/1782/1741
f 801/1782/1746 1570/1787/1747 802/1783/1743
f 1570/1787/1747 799/377/355 802/1783/1743
f 1566/398/375 810/1788/1748 1568/1784/1744
f 1568/1789/1744 811/1790/1749 1569/1786/1745
f 1569/1786/1750 812/1791/1751 1570/1787/1747
f 812/1791/1751 1567/375/353 1570/1787/1747
f 804/535/497 1573/1792/1752 807/1793/1753
f 807/1793/1753 1574/1794/1754 806/1795/1755
f 806/1795/1756 1575/1796/1757 805/1797/1758
f 1575/1798/1757 803/384/362 805/1799/1758
f 1571/528/490 797/1769/1729 1573/1792/1752
f 1573/1792/1752 796/1771/1731 1574/1794/1754
f 1574/1794/1759 795/1773/1734 1575/1796/1757
f 795/1775/1734 1572/382/360 1575/1798/1757
f 1576/515/477 835/1800/1760 832/513/475
f 1578/1801/1761 834/1802/1762 835/1800/1760
f 1579/1803/1763 833/1804/1764 834/1802/1762
f 1580/1805/1765 831/394/371 833/1806/1764
f 814/1179/1120 1578/1801/1761 1576/515/477
f 824/1178/1119 1579/1803/1763 1578/1801/1761
f 817/1182/1123 1580/1807/1765 1579/1803/1763
f 816/1173/1114 1577/1808/444 1580/1807/1765
f 808/397/374 1583/1809/1766 810/1788/1748
f 810/1810/1748 1584/1811/1767 811/1790/1749
f 811/1790/1768 1585/1812/1769 812/1791/1751
f 812/1791/1751 1582/385/363 809/387/365
f 1581/497/461 835/1800/1760 1583/1809/1766
f 1583/1813/1770 834/1814/1762 1584/1811/1767
f 1584/1811/1771 833/1806/1764 1585/1812/1769
f 833/1806/1764 1582/385/363 1585/1812/1769
f 814/1179/1120 1588/1815/1772 822/1177/1118
f 822/1177/1118 1589/1816/1773 823/1180/1121
f 823/1180/1130 1590/1817/1774 828/1188/1126
f 828/1185/1126 1587/391/368 815/393/370
f 1586/514/476 807/1793/1753 1588/1815/1772
f 1588/1815/1772 806/1795/1755 1589/1816/1773
f 1589/1816/1775 805/1797/1758 1590/1817/1774
f 1590/1818/1774 803/384/362 1587/391/368
f 1591/414/390 775/1747/1708 773/534/496
f 1593/1819/1776 776/1820/1777 775/1747/1708
f 1594/1821/1778 777/1822/1779 776/1749/1710
f 777/1822/1779 1592/507/469 774/363/342
f 841/473/441 1593/1819/1776 1591/414/390
f 843/1823/1780 1594/1824/1781 1593/1819/1776
f 844/1825/1782 1595/1826/1783 1594/1821/1778
f 1595/1826/1783 842/403/380 1592/507/469
f 1596/346/328 840/1827/1784 837/522/484
f 1598/1828/1785 839/1829/1786 840/1827/1784
f 1599/1830/1787 838/1831/1788 839/1832/1789
f 838/1831/1788 1597/399/376 836/401/378
f 764/348/330 1598/1828/1785 1596/346/328
f 767/1751/1712 1599/1833/1790 1598/1828/1785
f 766/1756/1717 1600/1834/1791 1599/1830/1787
f 1600/1834/1791 763/361/340 1597/399/376
f 853/1207/1148 1603/1835/1792 864/1205/1146
f 864/1205/1146 1604/1836/1793 865/1196/1137
f 865/1196/1137 1605/1837/1794 855/1192/1133
f 855/1838/1133 1602/465/434 851/521/483
f 1601/488/453 848/1839/1795 1603/1835/1792
f 1603/1835/1792 849/1840/1796 1604/1836/1793
f 1604/1836/1793 850/1841/1797 1605/1837/1794
f 1605/1842/1794 847/409/386 1602/465/434
f 1606/489/454 843/1823/1780 841/473/441
f 1608/1843/1798 844/1844/1799 843/1823/1780
f 1609/1845/1800 845/1846/1801 844/1825/1782
f 1610/1847/1802 842/403/380 845/1846/1801
f 853/1207/1148 1608/1843/1798 1606/489/454
f 866/1206/1147 1609/1848/1803 1608/1843/1798
f 860/1849/1804 1610/1847/1802 1609/1845/1800
f 859/1850/1142 1607/411/388 1610/1847/1802
f 1611/491/456 848/1839/1795 846/490/455
f 1613/1851/1805 849/1840/1796 848/1839/1795
f 1614/1852/1806 850/1853/1797 849/1854/1796
f 850/1853/1797 1612/407/384 847/409/386
f 837/522/484 1613/1851/1805 1611/491/456
f 840/1827/1784 1614/1855/1807 1613/1851/1805
f 839/1832/1789 1615/1856/1808 1614/1852/1806
f 838/1831/1788 1612/407/384 1615/1856/1808
f 1616/487/452 893/1857/1809 890/416/391
f 1618/1858/1810 892/1859/1811 893/1857/1809
f 1619/1860/1812 891/1861/1813 892/1859/1811
f 1620/1862/1814 889/533/495 891/1861/1813
f 874/436/410 1618/1858/1810 1616/487/452
f 876/1863/1815 1619/1860/1812 1618/1858/1810
f 877/1864/1816 1620/1862/1814 1619/1860/1812
f 878/1865/1817 1617/532/494 1620/1862/1814
f 895/430/404 1623/1866/1818 898/1867/1819
f 898/1867/1819 1624/1868/1820 897/1869/1821
f 897/1869/1821 1625/1870/1822 896/1871/1823
f 896/1871/1823 1622/468/437 894/471/440
f 1621/429/403 881/1872/1824 1623/1866/1818
f 1623/1866/1818 882/1873/1825 1624/1868/1820
f 1624/1868/1820 883/1874/1826 1625/1870/1822
f 1625/1870/1822 880/469/438 1622/468/437
f 870/426/400 1628/1875/1827 873/1876/1828
f 873/1876/1828 1629/1877/1829 872/1878/1830
f 872/1878/1830 1630/1879/1831 871/1880/1832
f 871/1880/1832 1627/485/451 869/451/423
f 1626/417/392 893/1857/1809 1628/1875/1827
f 1628/1875/1827 892/1859/1811 1629/1877/1829
f 1629/1877/1829 891/1861/1813 1630/1879/1831
f 1630/1879/1831 889/533/495 1627/485/451
f 1631/431/405 888/1881/1833 885/470/439
f 1633/1882/1834 887/1883/1835 888/1881/1833
f 1634/1884/1836 886/1885/1837 887/1883/1835
f 1635/1886/1838 884/526/488 886/1885/1837
f 895/430/404 1633/1882/1834 1631/431/405
f 898/1867/1819 1634/1884/1836 1633/1882/1834
f 897/1869/1821 1635/1886/1838 1634/1884/1836
f 896/1871/1823 1632/506/468 1635/1886/1838
f 1636/422/397 903/1887/1839 900/500/463
f 1638/1888/1840 902/1889/1841 903/1887/1839
f 1639/1890/1842 901/1891/1843 902/1889/1841
f 1640/1892/1844 899/423/398 901/1891/1843
f 885/470/439 1638/1888/1840 1636/422/397
f 888/1881/1833 1639/1890/1842 1638/1888/1840
f 887/1883/1835 1640/1892/1844 1639/1890/1842
f 886/1885/1837 1637/439/413 1640/1892/1844
f 1641/437/411 876/1863/1815 874/436/410
f 1643/1893/1845 877/1864/1816 876/1863/1815
f 1644/1894/1846 878/1865/1817 877/1864/1816
f 1645/1895/1847 875/531/493 878/1865/1817
f 904/442/415 1643/1893/1845 1641/437/411
f 906/1896/1848 1644/1894/1846 1643/1893/1845
f 907/1897/1849 1645/1895/1847 1644/1894/1846
f 908/1898/1850 1642/419/394 1645/1895/1847
f 1646/443/416 906/1896/1848 904/442/415
f 1648/1899/1851 907/1897/1849 906/1896/1848
f 1649/1900/1852 908/1898/1850 907/1897/1849
f 1650/1901/1853 905/483/449 908/1898/1850
f 914/447/419 1648/1899/1851 1646/443/416
f 916/1902/1854 1649/1900/1852 1648/1899/1851
f 917/1903/1855 1650/1901/1853 1649/1900/1852
f 918/1904/1856 1647/527/489 1650/1901/1853
f 1651/438/412 913/1905/1857 910/529/491
f 1653/1906/1858 912/1907/1859 913/1905/1857
f 1654/1908/1860 911/1909/1861 912/1907/1859
f 1655/1910/1862 909/446/418 911/1909/1861
f 900/500/463 1653/1906/1858 1651/438/412
f 903/1887/1839 1654/1908/1860 1653/1906/1858
f 902/1889/1841 1655/1910/1862 1654/1908/1860
f 901/1891/1843 1652/425/399 1655/1910/1862
f 937/530/492 1658/1911/1863 940/1912/1864
f 940/1912/1864 1659/1913/1865 939/1914/1866
f 939/1914/1866 1660/1915/1867 938/1916/1868
f 938/1916/1868 1657/517/479 936/519/481
f 1656/482/448 923/1211/1153 1658/1911/1863
f 1658/1911/1863 932/1215/1157 1659/1913/1865
f 1659/1913/1865 931/1221/1165 1660/1915/1867
f 1660/1915/1867 921/518/480 1657/517/479
f 1661/449/421 916/1902/1854 914/447/419
f 1663/1917/1869 917/1903/1855 916/1902/1854
f 1664/1918/1870 918/1904/1856 917/1903/1855
f 1665/1919/1871 915/524/486 918/1904/1856
f 937/530/492 1663/1917/1869 1661/449/421
f 940/1912/1864 1664/1918/1870 1663/1917/1869
f 939/1914/1866 1665/1919/1871 1664/1918/1870
f 938/1916/1868 1662/501/464 1665/1919/1871
f 1666/444/417 927/1219/1161 920/450/422
f 1668/1920/1872 928/1224/1168 927/1219/1161
f 1669/1921/1873 933/1222/1166 928/1224/1168
f 1670/1922/1874 921/518/480 933/1222/1166
f 910/529/491 1668/1920/1872 1666/444/417
f 913/1905/1857 1669/1921/1873 1668/1920/1872
f 912/1907/1859 1670/1922/1874 1669/1921/1873
f 911/1909/1861 1667/516/478 1670/1922/1874
f 879/433/407 1673/1923/1875 881/1872/1824
f 881/1872/1824 1674/1924/1876 882/1873/1825
f 882/1873/1825 1675/1925/1877 883/1874/1826
f 883/1874/1826 1672/511/473 880/469/438
f 1671/454/424 948/1926/1878 1673/1923/1875
f 1673/1923/1875 949/1927/1879 1674/1924/1876
f 1674/1924/1876 950/1928/1880 1675/1925/1877
f 1675/1925/1877 947/475/443 1672/511/473
f 942/456/426 1678/1929/1881 945/1930/1882
f 945/1930/1882 1679/1931/1883 944/1932/1884
f 944/1932/1884 1680/1933/1885 943/1934/1886
f 943/1934/1886 1677/460/429 941/459/428
f 1676/427/401 873/1876/1828 1678/1929/1881
f 1678/1929/1881 872/1878/1830 1679/1931/1883
f 1679/1931/1883 871/1880/1832 1680/1933/1885
f 1680/1933/1885 869/451/423 1677/460/429
f 1681/467/436 959/1227/1172 956/523/485
f 1683/1935/1887 960/1236/1182 959/1227/1172
f 1684/1936/1888 966/1232/1178 960/1236/1182
f 1685/1937/1889 957/1233/1179 966/1232/1178
f 951/463/432 1683/1935/1887 1681/467/436
f 953/1938/1890 1684/1936/1888 1683/1935/1887
f 954/1939/1891 1685/1937/1889 1684/1936/1888
f 955/1940/1892 1682/495/460 1685/1937/1889
f 946/455/425 1688/1941/1893 948/1926/1878
f 948/1926/1878 1689/1942/1894 949/1927/1879
f 949/1927/1879 1690/1943/1895 950/1928/1880
f 950/1928/1880 1687/494/459 947/475/443
f 1686/461/430 970/1239/1186 1688/1941/1893
f 1688/1941/1893 965/1234/1180 1689/1942/1894
f 1689/1942/1894 964/1231/1177 1690/1943/1895
f 1690/1943/1895 957/1233/1179 1687/494/459
f 951/463/432 1693/1944/1896 953/1938/1890
f 953/1938/1890 1694/1945/1897 954/1939/1891
f 954/1939/1891 1695/1946/1898 955/1940/1892
f 955/1940/1892 1692/493/458 952/492/457
f 1691/457/427 945/1930/1882 1693/1944/1896
f 1693/1944/1896 944/1932/1884 1694/1945/1897
f 1694/1945/1897 943/1934/1886 1695/1946/1898
f 1695/1946/1898 941/459/428 1692/493/458
f 958/462/431 1698/1947/1899 969/1948/1187
f 969/1226/1900 1697/520/482 956/523/485
f 1696/412/389 861/1200/1901 1698/1947/1899
f 1698/1949/1902 861/1950/1903 854/1951/1902
f 1698/1952/1904 851/521/483 1697/520/482
f 1699/392/369 827/1186/1905 815/393/370
f 827/1186/1906 1701/1953/1907 818/1954/1906
f 1701/1955/1908 813/1170/1111 818/1172/1113
f 920/450/422 1701/1956/1909 1699/392/369
f 922/1957/1154 1700/1958/445 1701/1955/1908
f 994/557/516 1704/1959/1910 997/1960/1911
f 997/1960/1911 1705/1961/1912 996/1962/1913
f 996/1962/1914 1706/1963/1915 995/1964/1916
f 1706/1965/1915 993/711/657 995/1966/1916
f 1702/556/515 980/1967/1917 1704/1959/1910
f 1704/1959/1910 981/1968/1918 1705/1961/1912
f 1705/1961/1919 982/1969/1920 1706/1963/1915
f 982/1970/1920 1703/673/621 1706/1965/1915
f 1707/593/550 1002/1971/1921 999/540/501
f 1709/1972/1922 1001/1973/1923 1002/1971/1921
f 1710/1974/1924 1000/1975/1925 1001/1973/1926
f 1000/1976/1925 1708/651/604 998/553/512
f 983/722/668 1709/1972/1922 1707/593/550
f 985/1977/1927 1710/1974/1928 1709/1972/1922
f 986/1978/1929 1711/1979/1930 1710/1974/1924
f 1711/1980/1930 984/550/509 1708/651/604
f 1712/663/613 977/1981/1931 974/510/472
f 1714/1982/1932 976/1983/1933 977/1981/1931
f 1715/1984/1934 975/1985/1935 976/1983/1936
f 975/1986/1935 1713/536/498 973/548/507
f 994/557/516 1714/1982/1932 1712/663/613
f 997/1960/1911 1715/1984/1937 1714/1982/1932
f 996/1962/1914 1716/1987/1938 1715/1984/1934
f 1716/1988/1938 993/711/657 1713/536/498
f 989/692/639 1719/1989/1939 992/1990/1940
f 992/1990/1940 1720/1991/1941 991/1992/1942
f 991/1992/1943 1721/1993/1944 990/1994/1945
f 1721/1995/1944 988/542/502 990/1996/1945
f 1717/558/517 1002/1971/1921 1719/1989/1939
f 1719/1989/1939 1001/1973/1923 1720/1991/1941
f 1720/1991/1946 1000/1975/1925 1721/1993/1944
f 1000/1976/1925 1718/555/514 1721/1995/1944
f 1004/693/640 1724/1997/1947 1007/1998/1948
f 1007/1998/1948 1725/1999/1949 1006/2000/1950
f 1006/2001/1951 1726/2002/1952 1005/2003/1953
f 1726/2002/1952 1003/561/519 1005/2003/1953
f 1722/687/634 992/1990/1940 1724/1997/1947
f 1724/1997/1947 991/1992/1942 1725/1999/1949
f 1725/2004/1954 990/1996/1945 1726/2002/1952
f 990/1996/1945 1723/544/504 1726/2002/1952
f 978/547/506 1729/2005/1955 980/1967/1917
f 980/1967/1917 1730/2006/1956 981/1968/1918
f 981/1968/1957 1731/2007/1958 982/1969/1920
f 1731/2008/1958 979/567/525 982/1970/1920
f 1727/546/505 1010/2009/1959 1729/2005/1955
f 1729/2005/1955 1011/2010/1960 1730/2006/1956
f 1730/2006/1961 1012/2011/1962 1731/2007/1958
f 1012/2012/1962 1728/565/523 1731/2008/1958
f 1008/576/533 1734/2013/1963 1010/2009/1959
f 1010/2009/1959 1735/2014/1964 1011/2010/1960
f 1011/2010/1965 1736/2015/1966 1012/2011/1962
f 1736/2016/1966 1009/564/522 1012/2012/1962
f 1732/585/542 1020/2017/1967 1734/2013/1963
f 1734/2013/1963 1021/2018/1968 1735/2014/1964
f 1735/2014/1969 1022/2019/1970 1736/2015/1966
f 1022/2020/1970 1733/562/520 1736/2016/1966
f 1014/723/669 1739/2021/1971 1017/2022/1972
f 1017/2022/1972 1740/2023/1973 1016/2024/1974
f 1016/2025/1975 1741/2026/1976 1015/2027/1977
f 1015/2027/1977 1738/569/527 1013/571/529
f 1737/716/662 1007/1998/1948 1739/2021/1971
f 1739/2021/1971 1006/2000/1950 1740/2023/1973
f 1740/2028/1978 1005/2003/1953 1741/2026/1976
f 1005/2003/1953 1738/569/527 1741/2026/1976
f 1742/701/647 1054/1276/1225 1043/699/645
f 1744/2029/1979 1055/2030/1980 1054/1276/1225
f 1745/2031/1981 1046/2032/1212 1055/2030/1215
f 1746/2033/1982 1041/715/661 1046/1262/1212
f 1024/1251/1200 1744/2029/1979 1742/701/647
f 1034/1250/1199 1745/2031/1981 1744/2029/1979
f 1027/1254/1203 1746/2034/1982 1745/2031/1981
f 1026/1244/1193 1743/2035/615 1746/2034/1982
f 1018/584/541 1749/2036/1983 1020/2017/1967
f 1020/2017/1967 1750/2037/1984 1021/2018/1968
f 1021/2018/1985 1751/2038/1986 1022/2019/1970
f 1022/2020/1970 1748/572/530 1019/574/532
f 1747/686/633 1056/1275/1224 1749/2036/1983
f 1749/2036/1987 1050/1279/1228 1750/2037/1984
f 1750/2037/1988 1049/2039/1218 1751/2038/1986
f 1751/2040/1986 1042/581/538 1748/572/530
f 1024/1251/1200 1754/2041/1989 1032/1249/1198
f 1032/1249/1198 1755/2042/1990 1033/1252/1201
f 1033/1260/1201 1756/2043/1991 1038/1257/1206
f 1038/1257/1206 1753/578/535 1025/580/537
f 1752/700/646 1017/2022/1972 1754/2041/1989
f 1754/2041/1989 1016/2024/1974 1755/2042/1990
f 1755/2044/1990 1015/2027/1977 1756/2043/1991
f 1756/2043/1991 1013/571/529 1753/578/535
f 1757/601/558 985/1977/1927 983/722/668
f 1759/2045/1992 986/1978/1993 985/1977/1927
f 1760/2046/1994 987/2047/1995 986/1978/1929
f 987/2048/1995 1758/696/642 984/550/509
f 1064/662/612 1759/2045/1992 1757/601/558
f 1066/2049/1996 1760/2046/1997 1759/2045/1992
f 1067/2050/1998 1761/2051/1999 1760/2046/1994
f 1761/2052/1999 1065/590/547 1758/696/642
f 1762/508/470 1063/2053/2000 1060/708/654
f 1764/2054/2001 1062/2055/2002 1063/2053/2000
f 1765/2056/2003 1061/2057/2004 1062/2055/2005
f 1061/2058/2004 1763/586/543 1059/588/545
f 974/510/472 1764/2054/2001 1762/508/470
f 977/1981/1931 1765/2056/2006 1764/2054/2001
f 976/1983/1936 1766/2059/2007 1765/2056/2003
f 1766/2060/2007 973/548/507 1763/586/543
f 1076/1295/1248 1769/2061/2008 1087/1293/1246
f 1087/1293/1246 1770/2062/2009 1088/1286/1235
f 1088/1286/1235 1771/2063/2010 1078/1282/1231
f 1078/1282/1231 1768/652/605 1074/707/653
f 1767/677/624 1071/2064/2011 1769/2061/2008
f 1769/2061/2008 1072/2065/2012 1770/2062/2009
f 1770/2062/2009 1073/2066/2013 1771/2063/2010
f 1771/2063/2010 1070/2067/553 1768/652/605
f 1772/678/625 1066/2049/1996 1064/662/612
f 1774/2068/2014 1067/2050/2015 1066/2049/1996
f 1775/2069/2016 1068/2070/2017 1067/2050/1998
f 1776/2071/2018 1065/590/547 1068/2072/2017
f 1076/1295/1248 1774/2068/2014 1772/678/625
f 1089/1294/1247 1775/2069/2019 1774/2068/2014
f 1083/1297/2020 1776/2073/2018 1775/2069/2016
f 1082/2074/1240 1773/598/555 1776/2071/2018
f 1777/680/627 1071/2064/2011 1069/679/626
f 1779/2075/2021 1072/2065/2012 1071/2064/2011
f 1780/2076/2022 1073/2066/2013 1072/2065/2012
f 1073/2077/2013 1778/594/551 1070/596/553
f 1060/708/654 1779/2075/2021 1777/680/627
f 1063/2053/2000 1780/2076/2023 1779/2075/2021
f 1062/2055/2005 1781/2078/2024 1780/2076/2022
f 1061/2058/2004 1778/594/551 1781/2079/2024
f 1782/676/623 1116/2080/2025 1113/603/559
f 1784/2081/2026 1115/2082/2027 1116/2080/2025
f 1785/2083/2028 1114/2084/2029 1115/2082/2027
f 1786/2085/2030 1112/721/667 1114/2084/2029
f 1097/623/578 1784/2081/2026 1782/676/623
f 1099/2086/2031 1785/2083/2028 1784/2081/2026
f 1100/2087/2032 1786/2085/2030 1785/2083/2028
f 1101/2088/2033 1783/720/666 1786/2085/2030
f 1118/617/572 1789/2089/2034 1121/2090/2035
f 1121/2090/2035 1790/2091/2036 1120/2092/2037
f 1120/2092/2037 1791/2093/2038 1119/2094/2039
f 1119/2094/2039 1788/657/608 1117/660/611
f 1787/616/571 1104/2095/2040 1789/2089/2034
f 1789/2089/2034 1105/2096/2041 1790/2091/2036
f 1790/2091/2036 1106/2097/2042 1791/2093/2038
f 1791/2093/2038 1103/658/609 1788/657/608
f 1093/613/568 1794/2098/2043 1096/2099/2044
f 1096/2099/2044 1795/2100/2045 1095/2101/2046
f 1095/2101/2046 1796/2102/2047 1094/2103/2048
f 1094/2103/2048 1793/674/622 1092/638/593
f 1792/604/560 1116/2080/2025 1794/2098/2043
f 1794/2098/2043 1115/2082/2027 1795/2100/2045
f 1795/2100/2045 1114/2084/2029 1796/2102/2047
f 1796/2102/2047 1112/721/667 1793/674/622
f 1797/618/573 1111/2104/2049 1108/659/610
f 1799/2105/2050 1110/2106/2051 1111/2104/2049
f 1800/2107/2052 1109/2108/2053 1110/2106/2051
f 1801/2109/2054 1107/712/658 1109/2108/2053
f 1118/617/572 1799/2105/2050 1797/618/573
f 1121/2090/2035 1800/2107/2052 1799/2105/2050
f 1120/2092/2037 1801/2109/2054 1800/2107/2052
f 1119/2094/2039 1798/695/641 1801/2109/2054
f 1802/609/564 1126/2110/2055 1123/689/636
f 1804/2111/2056 1125/2112/2057 1126/2110/2055
f 1805/2113/2058 1124/2114/2059 1125/2112/2057
f 1806/2115/2060 1122/610/565 1124/2114/2059
f 1108/659/610 1804/2111/2056 1802/609/564
f 1111/2104/2049 1805/2113/2058 1804/2111/2056
f 1110/2106/2051 1806/2115/2060 1805/2113/2058
f 1109/2108/2053 1803/626/581 1806/2115/2060
f 1807/624/579 1099/2086/2031 1097/623/578
f 1809/2116/2061 1100/2087/2032 1099/2086/2031
f 1810/2117/2062 1101/2088/2033 1100/2087/2032
f 1811/2118/2063 1098/719/665 1101/2088/2033
f 1127/629/584 1809/2116/2061 1807/624/579
f 1129/2119/2064 1810/2117/2062 1809/2116/2061
f 1130/2120/2065 1811/2118/2063 1810/2117/2062
f 1131/2121/2066 1808/606/562 1811/2118/2063
f 1812/630/585 1129/2119/2064 1127/629/584
f 1814/2122/2067 1130/2120/2065 1129/2119/2064
f 1815/2123/2068 1131/2121/2066 1130/2120/2065
f 1816/2124/2069 1128/672/620 1131/2121/2066
f 1137/634/589 1814/2122/2067 1812/630/585
f 1139/2125/2070 1815/2123/2068 1814/2122/2067
f 1140/2126/2071 1816/2124/2069 1815/2123/2068
f 1141/2127/2072 1813/713/659 1816/2124/2069
f 1817/625/580 1136/2128/2073 1133/717/663
f 1819/2129/2074 1135/2130/2075 1136/2128/2073
f 1820/2131/2076 1134/2132/2077 1135/2130/2075
f 1821/2133/2078 1132/633/588 1134/2132/2077
f 1123/689/636 1819/2129/2074 1817/625/580
f 1126/2110/2055 1820/2131/2076 1819/2129/2074
f 1125/2112/2057 1821/2133/2078 1820/2131/2076
f 1124/2114/2059 1818/612/567 1821/2133/2078
f 1159/718/664 1824/2134/2079 1162/1313/1270
f 1162/1313/1270 1825/2135/2080 1163/1315/1272
f 1163/1315/1272 1826/2136/2081 1170/1321/1278
f 1170/1321/1278 1823/703/649 1160/705/651
f 1822/671/619 1145/1299/1253 1824/2134/2079
f 1824/2134/2079 1155/1303/1257 1825/2135/2080
f 1825/2135/2080 1154/1309/1265 1826/2136/2081
f 1826/2136/2081 1144/704/650 1823/703/649
f 1827/636/591 1139/2125/2070 1137/634/589
f 1829/2137/2082 1140/2126/2071 1139/2125/2070
f 1830/2138/2083 1141/2127/2072 1140/2126/2071
f 1831/2139/2084 1138/710/656 1141/2127/2072
f 1161/1327/1284 1829/2137/2082 1827/636/591
f 1175/1326/1283 1830/2138/2083 1829/2137/2082
f 1169/1329/1286 1831/2139/2084 1830/2138/2083
f 1168/1320/1277 1828/690/637 1831/2139/2084
f 1832/631/586 1149/1307/1261 1143/637/592
f 1834/2140/2085 1150/1312/1268 1149/1307/1261
f 1835/2141/2086 1156/1310/1266 1150/1312/1268
f 1836/2142/2087 1144/704/650 1156/1310/1266
f 1133/717/663 1834/2140/2085 1832/631/586
f 1136/2128/2073 1835/2141/2086 1834/2140/2085
f 1135/2130/2075 1836/2142/2087 1835/2141/2086
f 1134/2132/2077 1833/702/648 1836/2142/2087
f 1102/620/575 1839/2143/2088 1104/2095/2040
f 1104/2095/2040 1840/2144/2089 1105/2096/2041
f 1105/2096/2041 1841/2145/2090 1106/2097/2042
f 1106/2097/2042 1838/697/643 1103/658/609
f 1837/641/595 1185/2146/2091 1839/2143/2088
f 1839/2143/2088 1186/2147/2092 1840/2144/2089
f 1840/2144/2089 1187/2148/2093 1841/2145/2090
f 1841/2145/2090 1184/664/614 1838/697/643
f 1179/643/597 1844/2149/2094 1182/2150/2095
f 1182/2150/2095 1845/2151/2096 1181/2152/2097
f 1181/2152/2097 1846/2153/2098 1180/2154/2099
f 1180/2154/2099 1843/647/600 1178/646/599
f 1842/614/569 1096/2099/2044 1844/2149/2094
f 1844/2149/2094 1095/2101/2046 1845/2151/2096
f 1845/2151/2096 1094/2103/2048 1846/2153/2098
f 1846/2153/2098 1092/638/593 1843/647/600
f 1847/656/607 1196/1332/1289 1193/709/655
f 1849/2155/2100 1197/2156/1298 1196/1332/1289
f 1850/2157/2101 1204/1337/1294 1197/1341/1298
f 1851/2158/2102 1194/1338/1295 1204/1337/1294
f 1188/655/603 1849/2155/2100 1847/656/607
f 1190/2159/2103 1850/2157/2101 1849/2160/2100
f 1191/2161/2104 1851/2158/2102 1850/2157/2101
f 1192/2162/2105 1848/684/631 1851/2158/2102
f 1183/642/596 1854/2163/2106 1185/2146/2091
f 1185/2146/2091 1855/2164/2107 1186/2147/2092
f 1186/2147/2092 1856/2165/2108 1187/2148/2093
f 1187/2148/2093 1853/683/630 1184/664/614
f 1852/648/601 1207/1345/1302 1854/2163/2106
f 1854/2163/2106 1203/1339/1296 1855/2164/2107
f 1855/2164/2107 1202/1336/1293 1856/2165/2108
f 1856/2165/2108 1194/1338/1295 1853/683/630
f 1188/650/603 1859/2166/2109 1190/2159/2103
f 1190/2159/2103 1860/2167/2110 1191/2161/2104
f 1191/2161/2104 1861/2168/2111 1192/2162/2105
f 1192/2162/2105 1858/682/629 1189/681/628
f 1857/644/598 1182/2150/2095 1859/2166/2109
f 1859/2166/2109 1181/2152/2097 1860/2167/2110
f 1860/2167/2110 1180/2154/2099 1861/2168/2111
f 1861/2168/2111 1178/646/599 1858/682/629
f 1195/649/602 1864/2169/2112 1198/2170/1303
f 1198/1331/1288 1863/706/652 1193/709/655
f 1862/599/556 1084/2171/2113 1864/2169/2112
f 1864/2169/2114 1084/2171/2114 1077/2172/2114
f 1864/2173/2115 1074/707/653 1863/706/652
f 1865/579/536 1037/2174/1207 1025/580/537
f 1037/2174/2116 1867/2175/2117 1868/2176/2118
f 1037/1247/2116 1868/2177/2118 1028/1243/2119
f 1868/2178/2120 1023/2179/1190 1028/2180/1192
f 1143/637/592 1867/2175/2121 1865/579/536
f 1867/2175/2117 1151/1300/2122 1868/2176/2118
f 1151/2181/1254 1866/668/616 1868/2178/2120
f 1161/1327/1284 1871/2182/2123 1173/1325/1282
f 1173/1325/1282 1872/2183/2124 1174/1317/1274
f 1174/1317/1274 1873/2184/2125 1164/1314/1271
f 1164/1314/1271 1870/714/660 1159/718/664
f 1869/635/590 1051/1269/1219 1871/2182/2123
f 1871/2182/2123 1045/1263/1213 1872/2183/2124
f 1872/2183/2124 1044/1261/1211 1873/2184/2125
f 1873/2184/2125 1041/715/661 1870/714/660
f 545/968/898 541/967/892 1874/963/2126
f 519/1640/2127 520/2185/2128 1877/1638/2129
f 464/1635/1579 463/870/2130 465/2186/1591
f 542/1653/1601 543/2187/1605 1878/1654/2131
f 200/977/908 546/250/233 551/1612/910
f 558/983/906 200/977/908 553/2188/916
f 488/196/180 1448/342/324 128/197/181
f 731/204/188 1489/330/312 129/205/189
f 514/207/191 31/233/217 125/208/192
f 136/212/196 1511/273/256 694/213/197
f 1484/206/190 129/205/189 1494/215/199
f 458/220/204 1423/299/281 133/221/205
f 133/221/205 1529/300/282 658/226/210
f 30/230/214 125/208/192 1405/231/215
f 31/233/217 547/301/283 1405/231/215
f 32/240/224 572/303/285 1388/241/225
f 33/198/182 128/197/181 1394/243/226
f 546/250/233 1400/290/273 119/251/234
f 29/253/236 123/278/261 1387/254/237
f 488/196/180 33/198/182 126/256/239
f 33/198/182 559/244/227 1383/262/245
f 500/263/246 1428/272/255 136/212/196
f 459/265/248 1508/312/294 117/266/249
f 34/268/251 591/269/252 1394/243/226
f 34/268/251 127/242/189 1388/241/225
f 1434/267/250 117/266/249 1512/270/253
f 1428/272/255 513/932/1580 1511/273/256
f 460/277/260 30/230/214 123/278/261
f 524/280/263 1438/257/240 126/256/239
f 523/294/277 1516/332/314 116/295/7
f 29/253/236 571/255/238 1395/297/279
f 30/230/214 589/232/216 1387/254/237
f 1423/299/281 498/915/857 1529/300/282
f 31/233/217 124/298/280 1395/297/279
f 1404/252/235 119/251/234 1392/289/272
f 32/240/224 126/256/239 1383/262/245
f 1508/312/294 678/1098/1030 1478/313/295
f 1528/264/247 136/212/196 1474/214/198
f 117/266/249 1478/313/295 695/315/297
f 460/277/260 1433/209/193 125/208/192
f 499/322/304 1424/279/262 123/278/261
f 660/323/305 1473/339/321 131/324/306
f 1468/325/307 131/324/306 1479/326/308
f 524/280/263 32/240/224 127/242/189
f 539/329/311 1443/328/310 127/242/189
f 1494/215/199 129/205/189 1489/330/312
f 1516/332/314 729/1137/1078 1483/333/315
f 499/322/304 29/253/236 124/298/280
f 514/207/191 1429/338/320 124/298/280
f 1479/326/308 131/324/306 1473/339/321
f 1507/222/206 133/221/205 1469/227/211
f 539/329/311 34/268/251 128/197/181
f 1439/296/278 116/295/7 1521/343/325
f 116/295/7 1483/333/315 712/345/327
f 778/355/335 58/421/396 164/356/336
f 774/363/342 1592/507/469 152/364/343
f 788/366/345 49/428/402 159/367/346
f 1557/357/337 164/356/336 56/373/351
f 793/374/352 56/373/351 158/381/359
f 1572/382/360 158/381/359 57/383/361
f 803/384/362 57/383/361 165/390/367
f 1587/391/368 165/390/367 1699/392/369
f 44/418/393 875/531/493 1642/419/394
f 58/421/396 885/470/439 1636/422/397
f 899/423/398 42/440/393 148/424/395
f 49/428/402 153/432/406 1621/429/403
f 49/428/402 895/430/404 1631/431/405
f 153/432/406 48/365/344 879/433/407
f 167/435/409 1641/437/411 874/436/410
f 56/373/351 900/500/463 1651/438/412
f 1637/439/413 147/420/395 42/440/393
f 57/383/361 910/529/491 1666/444/417
f 1652/425/399 148/424/395 45/445/395
f 163/395/372 1661/449/421 914/447/419
f 59/448/420 937/530/492 1661/449/421
f 165/390/367 1666/444/417 920/450/422
f 869/451/423 1627/485/451 146/452/393
f 48/365/344 152/364/343 1671/454/424
f 152/364/343 47/405/382 946/455/425
f 150/458/393 46/477/393 941/459/428
f 47/405/382 160/404/381 1686/461/430
f 160/404/381 1696/412/389 958/462/431
f 1542/464/433 774/363/342 48/365/344
f 41/453/393 146/452/393 1622/468/437
f 1552/368/347 159/367/346 58/421/396
f 159/367/346 1631/431/405 885/470/439
f 146/452/393 43/486/393 894/471/440
f 947/475/443 1687/494/459 151/476/393
f 147/420/395 1642/419/394 905/483/449
f 788/366/345 1542/464/433 153/432/406
f 1627/485/451 889/533/495 43/486/393
f 151/476/393 1682/495/460 952/492/457
f 1687/494/459 957/1233/1179 1682/495/460
f 164/356/336 1636/422/397 900/500/463
f 45/445/395 915/524/486 1662/501/464
f 145/505/393 1632/506/468 894/471/440
f 44/418/393 884/526/488 1632/506/468
f 1592/507/469 842/403/380 47/405/382
f 41/453/393 150/458/393 1677/460/429
f 1672/511/473 947/475/443 46/477/393
f 1667/516/478 149/502/465 1657/517/479
f 149/502/465 1662/501/464 936/519/481
f 809/387/365 52/386/364 155/441/414
f 46/477/393 151/476/393 1692/493/458
f 148/424/395 1647/527/489 915/524/486
f 884/526/488 44/418/393 147/420/395
f 42/440/393 905/483/449 1647/527/489
f 158/381/359 1651/438/412 910/529/491
f 161/480/446 1656/482/448 937/530/492
f 875/531/493 44/418/393 145/505/393
f 1617/532/494 145/505/393 43/486/393
f 909/446/418 45/445/395 149/502/465
f 880/469/438 1672/511/473 150/458/393
f 988/542/502 84/608/563 194/543/503
f 973/548/507 1713/536/498 186/538/500
f 984/550/509 1758/696/642 182/551/510
f 998/553/512 75/615/570 189/554/513
f 1723/544/504 194/543/503 82/560/518
f 1003/561/519 82/560/518 188/568/526
f 1738/569/527 188/568/526 83/570/528
f 1013/571/529 83/570/528 195/577/534
f 1065/590/547 1773/598/555 190/591/548
f 186/538/500 80/537/499 1113/603/559
f 70/605/561 1098/719/665 1808/606/562
f 84/608/563 1108/659/610 1802/609/564
f 1122/610/565 68/627/582 178/611/566
f 184/587/544 76/549/508 1093/613/568
f 75/615/570 183/619/574 1787/616/571
f 75/615/570 1118/617/572 1797/618/573
f 183/619/574 74/552/511 1102/620/575
f 82/560/518 1123/689/636 1817/625/580
f 1803/626/581 177/607/561 68/627/582
f 83/570/528 1133/717/663 1832/631/586
f 1818/612/567 178/611/566 71/632/587
f 195/577/534 1832/631/586 1143/637/592
f 1092/638/593 1793/674/622 176/639/594
f 74/552/511 182/551/510 1837/641/595
f 182/551/510 73/592/549 1183/642/596
f 192/595/552 77/589/546 1179/643/597
f 180/645/561 72/666/561 1178/646/599
f 73/592/549 190/591/548 1852/648/601
f 190/591/548 1862/599/556 1195/649/602
f 81/597/554 192/595/552 1857/644/598
f 1708/651/604 984/550/509 74/552/511
f 67/640/561 176/639/594 1788/657/608
f 1718/555/514 189/554/513 84/608/563
f 189/554/513 1797/618/573 1108/659/610
f 176/639/594 69/675/561 1117/660/611
f 76/549/508 186/538/500 1792/604/560
f 1184/664/614 1853/683/630 181/665/561
f 177/607/561 1808/606/562 1128/672/620
f 979/567/525 85/566/524 196/621/576
f 998/553/512 1708/651/604 183/619/574
f 1793/674/622 1112/721/667 69/675/561
f 85/566/524 1097/623/578 1782/676/623
f 181/665/561 1848/684/631 1189/681/628
f 1853/683/630 1194/1338/1295 1848/684/631
f 194/543/503 1802/609/564 1123/689/636
f 71/632/587 1138/710/656 1828/690/637
f 175/694/594 1798/695/641 1117/660/611
f 70/605/561 1107/712/658 1798/695/641
f 1758/696/642 1065/590/547 73/592/549
f 67/640/561 180/645/561 1843/647/600
f 1838/697/643 1184/664/614 72/666/561
f 1833/702/648 179/691/638 1823/703/649
f 179/691/638 1828/690/637 1160/705/651
f 77/589/546 184/587/544 1842/614/569
f 72/666/561 181/665/561 1858/682/629
f 178/611/566 1813/713/659 1138/710/656
f 1703/673/621 196/621/576 80/537/499
f 1107/712/658 70/605/561 177/607/561
f 68/627/582 1128/672/620 1813/713/659
f 188/568/526 1817/625/580 1133/717/663
f 1098/719/665 70/605/561 175/694/594
f 1783/720/666 175/694/594 69/675/561
f 1132/633/588 71/632/587 179/691/638
f 1103/658/609 1838/697/643 180/645/561
f 1385/1585/1528 1386/1588/1531 563/1587/1530
f 584/1003/931 572/303/285 1383/262/245
f 1387/254/237 1389/1589/1532 579/996/924
f 580/998/926 1390/1591/1534 1391/1590/1533
f 586/1002/930 1391/1590/1533 1388/241/225
f 594/1006/934 602/1009/937 1390/1591/1534
f 602/1009/937 601/1020/951 1391/1590/1533
f 1391/1590/1533 601/1020/951 591/269/252
f 1393/1593/1535 1394/1598/1539 603/1594/1536
f 1393/1593/1535 566/2189/1537 562/1597/1538
f 554/984/912 1397/1600/1543 1398/1601/1544
f 1399/1602/1545 1396/275/258 199/281/264
f 574/991/919 573/989/917 1399/1602/1545
f 1404/252/235 1406/1616/1552 551/1612/910
f 1406/1613/1552 1407/1617/1555 552/987/1553
f 1407/1614/1554 1405/231/215 547/301/283
f 1404/252/235 590/302/284 598/1615/941
f 1406/1613/1552 598/1014/941 593/1007/945
f 1407/1614/1554 592/1005/933 589/232/216
f 498/915/857 1423/299/281 1425/1632/1574
f 502/925/858 1426/1633/1575 1427/1634/1576
f 458/220/204 462/867/2132 1425/1632/1574
f 463/870/1578 464/1635/1579 1427/1634/1576
f 513/932/1580 1428/272/255 1430/1636/1581
f 516/930/1582 1430/1636/1581 1431/1637/1583
f 1877/1638/1584 1431/1637/1583 1432/1639/1585
f 519/1640/1586 1432/1639/1585 1429/338/320
f 500/263/246 511/927/866 1430/1636/1581
f 506/921/862 507/923/864 1432/1639/1585
f 1436/1643/1589 1437/1644/1590 522/936/875
f 1433/209/193 460/277/260 464/1645/1579
f 1436/1643/1589 465/873/1591 462/874/1592
f 1437/1644/1590 462/874/2133 459/265/248
f 1438/257/240 1440/1646/1594 494/911/1593
f 497/2190/850 494/911/1593 495/1648/846
f 494/911/1593 1440/1646/1594 495/1648/846
f 1441/1647/1595 1442/1649/1596 490/899/843
f 1438/257/240 524/280/263 531/953/1597
f 1441/1647/1595 527/954/881 526/943/879
f 1442/1649/1596 526/943/879 523/294/277
f 1448/342/324 1450/1656/1604 542/1655/1601
f 1452/1658/1608 1449/286/269 540/292/275
f 1470/1672/1620 1471/1673/1621 672/1072/1006
f 1471/1673/1621 1472/1674/1622 663/1069/1003
f 677/1093/309 687/1092/1024 1470/1672/1620
f 679/1087/1019 676/341/323 1469/227/211
f 698/1103/1039 1477/1677/1625 1474/214/198
f 1475/1675/1623 673/1081/1015 667/1077/1011
f 1476/1676/1624 667/1077/1011 666/1075/1009
f 1477/1677/1625 666/1075/1009 659/314/296
f 1483/333/315 1485/1683/1629 715/1120/1056
f 1487/1685/1631 1484/1686/190 713/1127/200
f 734/1136/1077 743/1140/1081 1486/1684/1630
f 743/1140/1081 742/1149/1089 1487/1685/1631
f 742/1149/1089 731/1151/188 1484/1686/190
f 877/1864/1816 878/1865/1817 1620/1862/1814
f 888/1881/1833 887/1883/1835 1639/1890/1842
f 1648/1899/1851 1649/1900/1852 907/1897/1849
f 939/1914/1866 1659/1913/1865 1660/1915/1867
f 1664/1918/1870 1665/1919/1871 918/1904/1856
f 1670/1922/1874 1667/516/478 921/518/480
f 912/1907/1859 911/1909/1861 1670/1922/1874
f 1671/454/424 946/455/425 948/1926/1878
f 1674/1924/1876 949/1927/1879 950/1928/1880
f 944/1932/1884 1679/1931/1883 1680/1933/1885
f 950/1928/1880 1690/1943/1895 1687/494/459
f 1688/1941/1893 970/1239/1186 965/1234/1180
f 1784/2081/2026 1785/2083/2028 1115/2082/2027
f 1787/616/571 1102/620/575 1104/2095/2040
f 1797/618/573 1799/2105/2050 1111/2104/2049
f 1800/2107/2052 1801/2109/2054 1109/2108/2053
f 1120/2092/2037 1119/2094/2039 1801/2109/2054
f 1802/609/564 1804/2111/2056 1126/2110/2055
f 1805/2113/2058 1806/2115/2060 1124/2114/2059
f 1110/2106/2051 1109/2108/2053 1806/2115/2060
f 1821/2133/2078 1818/612/567 1132/633/588
f 1834/2140/2085 1835/2141/2086 1150/1312/1268
f 1835/2141/2086 1836/2142/2087 1156/1310/1266
f 1133/717/663 1136/2128/2073 1834/2140/2085
f 1136/2128/2073 1135/2130/2075 1835/2141/2086
f 1102/620/575 1837/641/595 1839/2143/2088
f 1840/2144/2089 1186/2147/2092 1187/2148/2093
f 1192/2162/2105 1189/681/628 1848/684/631
f 1185/2146/2091 1854/2163/2106 1855/2164/2107
f 1270/1/1 91/70/66 1/2/2
f 1221/4/4 240/183/169 20/5/5
f 87/7/7 1215/61/57 246/8/8
f 235/10/9 23/76/71 112/11/10
f 4/13/12 88/43/7 1235/14/13
f 220/16/15 1221/4/4 104/6/6
f 231/18/17 1266/163/151 100/19/18
f 245/21/20 15/83/77 107/22/21
f 3/9/7 86/27/7 1210/24/23
f 1225/26/25 236/159/148 4/13/12
f 1231/12/11 112/11/10 21/28/26
f 1241/30/28 103/96/89 19/31/29
f 1236/33/31 115/90/84 25/34/32
f 250/29/27 21/28/26 106/36/34
f 1246/37/35 106/36/34 22/38/36
f 1256/40/38 111/50/47 18/41/39
f 88/43/7 2/155/7 255/44/41
f 260/39/37 22/38/36 113/45/42
f 1261/46/43 113/45/42 1379/47/44
f 288/49/46 24/103/95 111/50/47
f 89/51/7 5/152/7 265/52/48
f 1271/54/50 220/16/15 16/17/16
f 293/56/52 1271/54/50 102/55/51
f 299/58/54 1281/66/62 108/59/55
f 1/2/2 230/194/178 1215/61/57
f 1286/62/58 293/56/52 17/57/53
f 305/64/60 1286/62/58 110/63/59
f 1281/66/62 322/797/743 1376/67/63
f 6/68/64 298/129/120 1265/69/65
f 104/6/6 20/5/5 360/71/67
f 10/73/69 345/191/175 1316/74/70
f 23/76/71 355/126/117 1310/77/72
f 369/78/73 8/95/69 96/79/69
f 102/55/51 16/17/16 340/81/75
f 15/83/77 101/87/81 1295/84/78
f 15/83/77 365/85/79 1305/86/80
f 101/87/81 14/20/19 349/88/82
f 114/89/83 1290/143/134 360/71/67
f 115/90/84 1315/92/86 344/91/85
f 19/31/29 374/97/90 1315/92/86
f 21/28/26 370/156/145 1325/93/87
f 1311/94/88 95/75/69 8/95/69
f 103/96/89 1320/98/91 374/97/90
f 18/41/39 384/102/94 1320/98/91
f 22/38/36 380/189/173 1340/99/92
f 1326/80/74 96/79/69 11/100/69
f 111/50/47 1335/104/96 384/102/94
f 24/103/95 407/1535/174 1335/104/96
f 113/45/42 1340/99/92 390/105/97
f 339/106/98 1301/141/132 94/107/69
f 14/20/19 100/19/18 1345/109/100
f 100/19/18 13/60/56 416/110/101
f 110/63/59 17/57/53 412/111/102
f 98/113/104 12/133/124 411/114/105
f 13/60/56 108/59/55 1360/116/107
f 108/59/55 1376/67/63 428/117/108
f 421/118/109 1372/123/114 1371/65/61
f 1371/65/61 110/63/59 1365/112/103
f 1216/119/110 231/18/17 14/20/19
f 1276/120/111 303/770/719 1370/121/112
f 1355/1557/1503 105/122/113 421/118/109
f 105/122/113 1370/121/112 421/118/109
f 7/108/99 94/107/69 1296/124/115
f 246/8/8 1225/26/25 86/27/7
f 1226/23/22 107/22/21 23/76/71
f 107/22/21 1305/86/80 355/126/117
f 94/107/69 9/142/133 364/127/118
f 92/128/119 1280/145/136 298/129/120
f 221/3/3 1/2/2 87/7/7
f 16/17/16 104/6/6 1300/72/68
f 417/131/122 1361/150/141 99/132/123
f 256/32/30 19/31/29 115/90/84
f 1251/134/125 270/747/696 1380/135/126
f 109/136/127 1380/135/126 389/137/128
f 95/75/69 1316/74/70 375/139/130
f 226/35/33 25/34/32 114/89/83
f 245/21/20 1216/119/110 101/87/81
f 1301/141/132 359/193/177 9/142/133
f 25/34/32 344/91/85 1290/143/134
f 1275/144/135 323/807/754 1280/145/136
f 304/146/137 1275/144/135 92/128/119
f 99/132/123 1356/151/142 422/148/139
f 1361/150/141 427/840/785 1356/151/142
f 5/152/7 90/168/156 1255/153/143
f 1230/154/144 251/160/149 2/155/7
f 112/11/10 1310/77/72 370/156/145
f 11/100/69 385/182/168 1336/157/146
f 236/159/148 1230/154/144 88/43/7
f 251/160/149 1245/188/172 89/51/7
f 93/161/69 1306/162/150 364/127/118
f 10/73/69 354/184/170 1306/162/150
f 1266/163/151 299/58/54 13/60/56
f 7/108/99 98/113/104 1351/115/106
f 443/164/152 1408/210/194 135/165/153
f 1346/167/155 417/131/122 12/133/124
f 90/168/156 1250/171/159 289/169/157
f 1260/170/158 271/756/705 1250/171/159
f 1341/172/160 97/158/147 1331/173/161
f 97/158/147 1336/157/146 406/175/163
f 1276/176/111 105/180/113 1377/177/164
f 294/179/166 6/68/64 91/70/66
f 17/57/53 102/55/51 1350/82/76
f 105/180/113 1355/2191/1503 426/181/167
f 266/42/40 18/41/39 103/96/89
f 1285/147/138 92/128/119 6/68/64
f 12/133/124 99/132/123 1366/149/140
f 96/79/69 1321/185/171 385/182/168
f 2/155/7 89/51/7 1240/53/49
f 1211/140/131 114/89/83 20/5/5
f 354/184/170 10/73/69 95/75/69
f 8/95/69 375/139/130 1321/185/171
f 1251/134/125 109/136/127 24/186/95
f 1245/188/172 261/195/179 5/152/7
f 106/36/34 1325/93/87 380/189/173
f 109/136/127 1330/138/129 407/190/174
f 1220/130/121 87/7/7 3/9/7
f 86/27/7 4/13/12 225/15/14
f 345/191/175 10/73/69 93/161/69
f 1291/192/176 93/161/69 9/142/133
f 91/70/66 1265/69/65 230/194/178
f 261/195/179 1260/170/158 90/168/156
f 379/101/93 11/100/69 97/158/147
f 350/125/116 1346/167/155 98/113/104
f 538/199/183 1534/1728/1690 134/200/184
f 134/200/184 1534/1728/1690 747/202/186
f 1408/210/194 466/875/816 1524/211/195
f 479/217/201 1418/317/299 122/218/202
f 1459/223/207 130/337/319 1464/224/208
f 26/228/212 561/261/244 1401/229/213
f 1419/234/218 132/249/232 1525/235/219
f 1414/237/221 444/860/805 1499/238/222
f 445/245/228 27/274/257 120/246/229
f 478/248/231 1503/310/292 132/249/232
f 479/217/201 28/219/203 121/258/241
f 26/228/212 120/246/229 1382/260/243
f 27/274/257 121/258/241 1396/275/258
f 28/219/203 199/281/264 1396/275/258
f 28/219/203 122/218/202 1401/229/213
f 135/165/153 1524/211/195 606/282/265
f 525/284/267 1444/201/185 134/200/184
f 1449/286/269 487/905/847 1520/287/270
f 1392/289/272 119/251/234 1400/290/273
f 27/274/257 570/276/259 1382/260/243
f 540/292/275 1449/286/269 137/288/271
f 1515/285/268 134/200/184 1488/203/187
f 1533/293/276 137/288/271 1493/305/287
f 137/288/271 1520/287/270 714/307/289
f 1499/238/222 626/1049/983 1458/308/290
f 132/249/232 1463/311/293 607/309/291
f 1503/310/292 642/1064/997 1463/311/293
f 467/316/298 26/228/212 122/218/202
f 477/318/300 1414/237/221 118/239/223
f 118/239/223 1458/308/290 640/320/302
f 1498/166/154 135/165/153 1454/283/266
f 445/245/228 1413/259/242 121/258/241
f 467/316/298 1409/247/230 120/246/229
f 1464/224/208 130/337/319 1453/334/316
f 625/336/318 1453/334/316 130/337/319
f 1596/346/328 143/415/329 35/347/329
f 1547/349/331 783/525/487 54/350/332
f 139/352/329 1541/406/383 789/353/334
f 38/358/329 140/388/329 1561/359/338
f 763/361/340 1547/349/331 156/351/333
f 37/354/329 138/372/329 1536/369/348
f 1551/371/350 779/503/466 38/358/329
f 1567/375/353 155/441/414 53/376/354
f 1562/378/356 167/435/409 60/379/357
f 1582/385/363 163/395/372 52/386/364
f 140/388/329 36/499/373 798/389/366
f 831/394/371 59/448/420 163/395/372
f 141/396/373 39/496/373 808/397/374
f 1597/399/376 763/361/340 50/362/341
f 836/401/378 1597/399/376 154/400/377
f 842/403/380 1607/411/388 160/404/381
f 35/347/329 773/534/496 1541/406/383
f 1612/407/384 836/401/378 51/402/379
f 847/409/386 1612/407/384 162/408/385
f 1607/411/388 852/1198/1139 1696/412/389
f 40/413/329 841/473/441 1591/414/390
f 156/351/333 54/350/332 890/416/391
f 154/400/377 50/362/341 870/426/400
f 166/434/408 1616/487/452 890/416/391
f 53/376/354 904/442/415 1641/437/411
f 155/441/414 1646/443/416 904/442/415
f 52/386/364 914/447/419 1646/443/416
f 162/408/385 51/402/379 942/456/426
f 55/410/387 162/408/385 1691/457/427
f 1602/465/434 847/409/386 55/410/387
f 157/466/435 55/410/387 951/463/432
f 789/353/334 1551/371/350 138/372/329
f 144/472/329 1606/489/454 841/473/441
f 764/348/330 35/347/329 139/352/329
f 50/362/341 156/351/333 1626/417/392
f 799/377/355 53/376/354 167/435/409
f 1577/478/444 813/2192/1111 1700/479/445
f 161/480/446 1700/479/445 919/481/447
f 769/380/358 60/379/357 166/434/408
f 60/379/357 874/436/410 1616/487/452
f 1601/488/453 853/1207/1148 1606/489/454
f 846/490/455 1601/488/453 144/472/329
f 39/496/373 142/512/474 1581/497/461
f 1556/498/462 794/504/467 36/499/373
f 779/503/466 1556/498/462 140/388/329
f 794/504/467 1571/528/490 141/396/373
f 1762/508/470 173/602/557 61/509/471
f 142/512/474 1576/515/477 832/513/475
f 1586/514/476 814/1179/1120 1576/515/477
f 1602/465/434 157/466/435 1697/520/482
f 837/522/484 40/413/329 143/415/329
f 51/402/379 154/400/377 1676/427/401
f 157/466/435 1681/467/436 956/523/485
f 1611/491/456 144/472/329 40/413/329
f 36/499/373 141/396/373 1566/398/375
f 1537/484/450 166/434/408 54/350/332
f 1577/478/444 161/480/446 59/448/420
f 1571/528/490 804/535/497 39/496/373
f 1546/474/442 139/352/329 37/354/329
f 138/372/329 38/358/329 768/360/339
f 143/415/329 1591/414/390 773/534/496
f 804/535/497 1586/514/476 142/512/474
f 1713/536/498 993/711/657 80/537/499
f 169/539/471 1707/593/550 999/540/501
f 64/545/471 170/575/471 1727/546/505
f 63/541/471 168/559/471 1702/556/515
f 1717/558/517 989/692/639 64/545/471
f 1733/562/520 185/628/583 79/563/521
f 1728/565/523 197/622/577 85/566/524
f 1748/572/530 193/582/539 78/573/531
f 170/575/471 62/688/635 1008/576/533
f 1753/578/535 195/577/534 1865/579/536
f 1042/581/538 1869/635/590 193/582/539
f 171/583/540 65/685/632 1018/584/541
f 1763/586/543 973/548/507 76/549/508
f 1059/588/545 1763/586/543 184/587/544
f 61/509/471 983/722/668 1707/593/550
f 1778/594/551 1059/588/545 77/589/546
f 1070/596/553 1778/594/551 192/595/552
f 1773/598/555 1075/2193/1237 1862/599/556
f 66/600/557 1064/662/612 1757/601/558
f 196/621/576 1782/676/623 1113/603/559
f 197/622/577 1807/624/579 1097/623/578
f 79/563/521 1127/629/584 1807/624/579
f 185/628/583 1812/630/585 1127/629/584
f 78/573/531 1137/634/589 1812/630/585
f 193/582/539 1827/636/591 1137/634/589
f 1869/635/590 1161/1327/1284 1827/636/591
f 1768/652/605 1070/2067/553 81/653/554
f 187/654/606 81/653/554 1188/655/603
f 999/540/501 1717/558/517 168/559/471
f 174/661/557 1772/678/625 1064/662/612
f 974/510/472 61/509/471 169/539/471
f 1009/564/522 79/563/521 197/622/577
f 1743/667/615 1023/2179/1190 1866/668/616
f 191/669/617 1866/668/616 1142/670/618
f 1767/677/624 1076/1295/1248 1772/678/625
f 1069/679/626 1767/677/624 174/661/557
f 65/685/632 172/698/644 1747/686/633
f 1722/687/634 1004/693/640 62/688/635
f 989/692/639 1722/687/634 170/575/471
f 1004/693/640 1737/716/662 171/583/540
f 172/698/644 1742/701/647 1043/699/645
f 1752/700/646 1024/1251/1200 1742/701/647
f 1768/652/605 187/654/606 1863/706/652
f 1060/708/654 66/600/557 173/602/557
f 187/654/606 1847/656/607 1193/709/655
f 1019/574/532 78/573/531 185/628/583
f 1777/680/627 174/661/557 66/600/557
f 62/688/635 171/583/540 1732/585/542
f 1743/667/615 191/669/617 1870/714/660
f 1737/716/662 1014/723/669 65/685/632
f 191/669/617 1822/671/619 1159/718/664
f 1712/663/613 169/539/471 63/541/471
f 168/559/471 64/545/471 978/547/506
f 173/602/557 1757/601/558 983/722/668
f 1014/723/669 1752/700/646 172/698/644
f 202/724/670 205/728/674 208/725/671
f 206/727/673 209/730/676 208/725/671
f 208/725/671 219/731/677 216/729/675
f 203/732/678 210/2194/681 213/733/679
f 210/735/681 211/745/2134 214/736/682
f 212/734/680 213/733/679 209/738/683
f 213/733/685 214/2195/2135 219/740/686
f 215/741/688 218/744/692 217/742/689
f 216/729/691 219/731/694 218/744/692
f 218/744/692 214/736/695 211/745/693
f 270/747/696 273/750/699 276/748/697
f 273/750/699 274/759/708 277/751/700
f 276/748/697 277/751/700 278/753/702
f 279/754/703 282/758/707 281/755/704
f 280/757/706 283/760/709 282/758/707
f 282/758/707 277/751/700 274/759/708
f 283/760/709 278/753/702 277/751/700
f 272/48/45 284/763/2136 286/761/710
f 284/763/712 275/1579/2137 287/764/713
f 285/762/711 286/761/710 283/765/714
f 286/767/710 287/752/713 278/753/716
f 306/768/717 309/774/721 308/769/718
f 307/771/720 310/782/723 309/772/721
f 309/774/721 311/777/724 318/775/722
f 304/146/137 312/780/727 315/778/725
f 312/780/727 313/1465/1421 316/781/728
f 314/779/726 315/778/725 310/782/729
f 315/778/725 316/781/728 311/783/730
f 317/784/731 320/786/733 319/785/732
f 318/775/722 311/777/724 320/786/733
f 320/786/733 316/789/735 313/787/734
f 321/178/165 324/2196/738 326/790/736
f 325/791/737 326/790/736 338/794/740
f 326/790/736 327/793/739 328/796/742
f 322/797/743 329/800/746 332/798/744
f 329/800/746 330/1463/1419 333/801/747
f 331/799/748 332/798/744 327/802/749
f 332/804/744 333/810/747 328/796/751
f 334/805/752 337/808/755 336/806/753
f 335/795/741 338/794/740 337/808/755
f 337/808/755 333/810/757 330/809/756
f 338/794/740 328/796/742 333/810/757
f 389/137/128 392/1582/760 394/811/758
f 393/812/759 394/811/758 405/815/762
f 394/811/758 395/814/761 396/817/764
f 390/105/97 397/820/767 399/818/765
f 397/820/767 398/829/775 400/821/768
f 399/818/765 400/821/768 396/823/770
f 401/824/772 404/828/774 403/825/773
f 402/816/763 405/815/776 404/826/774
f 404/828/774 400/821/768 398/829/775
f 405/815/776 396/817/770 400/830/768
f 426/831/167 429/834/779 432/832/777
f 429/834/779 430/845/788 433/835/780
f 432/832/777 433/835/780 434/837/782
f 435/838/783 438/844/787 437/839/784
f 436/841/786 439/2197/789 438/842/787
f 438/844/787 433/835/790 430/845/788
f 439/846/789 434/837/795 433/835/790
f 428/117/108 431/1575/793 441/847/791
f 440/848/792 441/847/791 439/846/789
f 441/847/791 442/836/2138 434/837/795
f 446/851/796 449/854/799 448/852/797
f 447/853/798 454/856/801 449/854/799
f 449/854/799 450/857/802 456/855/800
f 451/858/803 454/862/801 453/859/804
f 452/861/806 450/2198/802 454/862/801
f 456/855/800 450/857/802 457/863/807
f 457/863/807 450/2198/802 452/861/806
f 465/873/813 463/2199/2139 1875/869/814
f 472/878/819 473/1623/2140 474/879/820
f 475/880/824 470/1720/2141 469/882/817
f 490/902/843 492/901/844 491/903/845
f 494/911/852 497/2190/2142 496/912/853
f 501/913/855 504/917/859 503/914/856
f 506/921/862 505/929/861 508/922/863
f 509/926/865 512/928/867 511/927/866
f 510/919/860 504/918/859 512/928/867
f 512/928/867 505/929/861 506/921/862
f 516/930/868 522/934/2143 517/931/869
f 516/930/871 1877/939/877 518/933/872
f 526/943/879 529/946/882 528/944/880
f 529/946/882 537/949/885 535/947/883
f 529/946/882 527/945/881 530/948/884
f 532/951/887 530/948/884 527/945/881
f 534/955/889 537/957/885 536/956/890
f 1874/963/899 1878/962/2144 543/969/900
f 199/281/264 548/1611/904 198/970/902
f 550/971/903 198/970/902 558/975/906
f 551/979/910 552/987/1553 553/980/911
f 201/978/909 200/977/908 198/982/902
f 554/984/912 557/986/914 556/985/913
f 555/976/907 558/975/906 557/986/914
f 557/986/914 553/980/916 552/987/915
f 573/989/917 576/992/920 575/990/918
f 574/991/919 577/1000/928 576/992/920
f 576/992/920 588/995/923 585/993/921
f 576/992/920 577/1000/928 578/994/922
f 579/996/924 582/999/927 581/997/925
f 580/998/926 583/1004/932 582/999/927
f 582/999/927 577/1000/928 574/991/919
f 582/999/927 583/1004/932 578/994/922
f 572/303/285 584/1003/931 587/1001/929
f 584/1003/931 585/993/921 588/995/923
f 587/1001/929 583/1004/932 580/998/926
f 587/1001/929 588/995/923 578/994/922
f 592/1005/933 595/1008/936 594/1006/934
f 593/1007/935 596/1010/938 595/1008/936
f 595/1008/936 605/1011/939 602/1009/937
f 590/1012/284 597/1015/942 599/1013/940
f 597/1015/942 603/1594/1536 600/1016/943
f 598/1014/941 599/1013/940 596/1010/944
f 599/1013/946 600/1016/2145 605/1017/947
f 591/269/252 601/1020/951 604/1018/949
f 601/1020/951 602/1009/937 605/1011/952
f 606/282/265 609/1717/956 611/1021/954
f 610/1022/955 611/1021/954 623/1025/958
f 611/1021/954 612/1024/957 613/1027/960
f 607/309/291 614/1030/963 617/1028/961
f 614/1030/963 615/1036/971 618/1031/964
f 616/1029/965 617/1028/961 612/1024/966
f 617/1028/961 618/1031/964 613/1027/960
f 619/1032/968 622/1035/970 621/1033/969
f 620/1026/959 623/1025/958 622/1035/970
f 622/1035/970 618/1031/964 615/1036/971
f 623/1025/958 613/1027/960 618/1031/964
f 627/1037/972 630/1040/975 629/1038/973
f 628/1039/974 631/2200/2146 630/1040/975
f 630/1040/975 631/2201/2146 637/1041/976
f 632/1042/977 635/1046/980 634/1043/978
f 633/1045/979 631/2202/2146 635/1046/980
f 635/1046/980 631/2200/2146 628/1039/974
f 636/1047/981 639/1050/984 638/1048/982
f 637/1041/976 631/2201/2146 639/1050/984
f 639/1050/984 631/2202/2146 633/1045/979
f 640/320/302 643/1053/987 646/1051/985
f 643/1053/987 644/1062/995 647/1054/988
f 646/1051/985 647/1054/988 648/1056/990
f 649/1057/991 652/1061/994 651/1058/992
f 650/1060/993 653/1063/996 652/1061/994
f 652/1061/994 647/1054/988 644/1062/995
f 653/1063/996 648/1056/990 647/1054/988
f 642/1064/997 654/1067/1643 656/1065/998
f 654/1067/1000 645/1700/1645 657/1055/1001
f 655/1066/999 656/1065/998 653/1063/996
f 656/1065/998 657/1055/1001 648/1056/990
f 661/1068/1002 664/1071/1005 663/1069/1003
f 662/1070/1004 665/1073/1007 664/1071/1005
f 664/1071/1005 675/1074/1008 672/1072/1006
f 666/1075/1009 669/1078/1012 668/1076/1010
f 667/1077/1011 670/1079/1013 669/1078/1012
f 669/1078/1012 665/1073/1007 662/1070/1004
f 670/1079/1013 675/1084/1008 665/1073/1007
f 671/1080/1014 674/1083/1016 673/1081/1015
f 672/1072/1006 675/1074/1008 674/1083/1016
f 674/1083/1016 670/1079/1013 667/1077/1011
f 676/341/323 679/1087/1019 682/1085/1017
f 679/1087/1019 680/1096/1027 683/1088/1020
f 682/1085/1017 683/1088/1020 684/1090/1022
f 685/1091/1023 688/1095/1026 687/1092/1024
f 686/1094/1025 689/1097/1028 688/1095/1026
f 688/1095/1026 683/1088/1029 680/1096/1027
f 689/1097/1028 684/1090/2147 683/1088/1029
f 678/1098/1030 690/1101/2148 692/1099/1031
f 690/1101/1033 681/1706/1655 693/1089/1034
f 691/1100/1032 692/1099/1031 689/1097/1036
f 692/1099/1031 693/1089/2149 684/1090/1037
f 694/213/197 697/1104/1657 699/1102/1038
f 697/1104/1040 704/1708/1659 700/1105/1041
f 698/1103/1039 699/1102/1038 711/1106/1042
f 699/1102/1038 700/1105/1041 701/1108/1044
f 695/315/297 702/1111/1047 705/1109/1045
f 702/1111/1047 703/1117/1053 706/1112/1048
f 705/1109/1045 706/1112/1048 701/1108/1044
f 707/1113/1050 710/1116/1052 709/1114/1051
f 708/1107/1043 711/1106/1042 710/1116/1052
f 710/1116/1052 706/1112/1048 703/1117/1053
f 711/1106/1042 701/1108/1044 706/1112/1048
f 712/345/327 715/1120/1056 718/1118/1054
f 715/1120/1056 716/1130/1067 719/1121/1057
f 717/1119/1058 718/1118/1061 728/1122/1059
f 718/1118/1061 719/1121/2150 720/1124/1062
f 721/1125/1063 724/1129/1066 723/1126/1064
f 722/1128/1065 719/1134/1072 724/1129/1066
f 724/1129/1066 719/1121/1057 716/1130/1067
f 714/307/289 725/1133/1070 728/1131/1068
f 727/1132/1069 728/1131/2151 719/1134/1072
f 732/1135/1076 735/1139/1080 734/1136/1077
f 733/1138/1079 736/1148/1082 735/1139/1080
f 735/1139/1080 746/1142/1083 743/1140/1081
f 737/1143/1084 740/1146/1087 739/1144/1085
f 738/1145/1086 741/1147/1088 740/1146/1087
f 740/1146/1087 736/1148/1082 733/1138/1079
f 742/1149/1089 745/1152/1091 744/1150/1090
f 743/1140/1081 746/1142/1083 745/1152/1091
f 745/1152/1091 741/1147/1088 738/1145/1086
f 746/1142/1083 736/1141/1082 741/1147/1088
f 747/202/186 750/1155/1094 753/1153/1092
f 752/1154/1093 753/1153/1092 762/1157/1096
f 748/306/288 755/1163/1103 753/1161/1101
f 755/1163/1103 756/1169/1110 762/1164/1104
f 758/1165/1106 761/1168/1108 760/1166/1107
f 759/1158/1097 762/1157/1096 761/1168/1108
f 761/1168/1109 762/1164/1104 756/1169/1110
f 813/1170/1111 816/1173/1114 819/1171/1112
f 816/1173/1114 817/1182/1123 820/1174/1115
f 819/1171/1112 820/1174/1115 821/1176/1117
f 822/1177/1118 825/1181/1122 824/1178/1119
f 823/1180/1121 826/1183/1124 825/1181/1122
f 825/1181/1122 820/1174/1115 817/1182/1123
f 826/1183/1124 821/1176/1117 820/1174/1115
f 815/393/370 827/1186/2152 829/1184/1125
f 827/1186/1127 818/1954/2153 830/1187/1128
f 828/1188/1126 829/1189/1125 826/1183/1129
f 829/1189/1125 830/1175/1128 821/1176/1131
f 851/1190/483 854/1193/1134 856/1191/1132
f 854/1193/1134 861/2203/2154 857/1194/1135
f 855/1192/1133 856/1191/1132 868/1195/1136
f 856/1191/1132 857/1194/1135 858/1197/1138
f 852/1198/1139 859/1850/1142 862/1199/1140
f 859/1201/1142 860/1209/1804 863/1202/1143
f 862/1203/1140 863/1202/1143 858/1197/1145
f 864/1205/1146 867/1208/1149 866/1206/1147
f 865/1196/1137 868/1195/1136 867/1208/1149
f 867/1208/1149 863/1202/1151 860/1209/1150
f 868/1195/1136 858/1197/1138 863/1202/1151
f 919/481/447 922/2204/1154 924/1210/1152
f 923/1211/1153 924/1210/1152 935/1214/1156
f 924/1210/1152 925/1213/2155 926/1216/1158
f 920/450/422 927/1219/1161 929/1217/1159
f 927/1219/1161 928/1224/1168 930/1220/1162
f 929/1217/1159 930/1220/1162 926/1216/1164
f 931/1221/1165 934/1223/1167 933/1222/1166
f 932/1215/1157 935/1214/1169 934/1223/1167
f 934/1223/1167 930/1220/1162 928/1224/1168
f 935/1214/1169 926/1216/1164 930/1220/1162
f 956/523/485 959/1227/1172 961/1225/1170
f 959/1227/1172 960/1236/1182 962/1228/1173
f 961/1225/1170 962/1228/1173 963/1230/1175
f 964/1231/1177 967/1235/1181 966/1232/1178
f 965/1234/1180 968/1237/1183 967/1235/1181
f 967/1235/1181 962/1228/1184 960/1236/1182
f 968/1237/1183 963/1230/1189 962/1228/1184
f 958/462/431 969/1948/1187 971/1238/1185
f 970/1239/1186 971/1238/1185 968/1237/1183
f 971/1238/1185 972/1229/1188 963/1230/1189
f 1023/1241/1190 1026/1244/1193 1029/1242/1191
f 1026/1244/1193 1027/1254/1203 1030/1245/1194
f 1028/1243/1192 1029/1242/1191 1040/1246/1195
f 1029/1242/1191 1030/1245/1194 1031/1248/1197
f 1032/1249/1198 1035/1253/1202 1034/1250/1199
f 1033/1252/1201 1036/1255/1204 1035/1253/1202
f 1035/1253/1202 1030/1245/1194 1027/1254/1203
f 1036/1255/1204 1031/1248/1197 1030/1245/1194
f 1025/580/537 1037/2174/1207 1039/1256/1205
f 1038/1257/1206 1039/1256/1205 1036/1259/1209
f 1039/1258/1205 1040/1246/1208 1031/1248/1210
f 1044/1261/1211 1047/1264/1214 1046/1262/1212
f 1045/1263/1213 1048/1272/1216 1047/1264/1214
f 1047/1264/1214 1058/1267/1217 1055/1265/1215
f 1049/1268/1218 1052/1271/1221 1051/1269/1219
f 1050/1270/1220 1053/1273/1222 1052/1271/1221
f 1051/1269/1219 1052/1271/1221 1048/1272/1216
f 1043/699/645 1054/1276/1225 1057/1274/1223
f 1054/1276/1225 1055/2030/1980 1058/1277/1226
f 1056/1275/1224 1057/1274/1223 1053/1278/1227
f 1057/1274/1229 1058/1277/1217 1048/1280/1216
f 1074/707/653 1077/2205/1232 1079/1281/1230
f 1078/1282/1231 1079/1281/1230 1091/1285/1234
f 1079/1281/1230 1080/1284/1233 1081/1287/1236
f 1075/1288/1237 1082/1291/1240 1085/1289/1238
f 1082/1291/1240 1083/1297/2020 1086/1292/1241
f 1084/1290/1242 1085/1289/1238 1080/1284/1243
f 1085/1289/1238 1086/1292/1241 1081/1287/1245
f 1087/1293/1246 1090/1296/1249 1089/1294/1247
f 1088/1286/1235 1091/1285/1234 1090/1296/1249
f 1090/1296/1249 1086/1292/1251 1083/1297/1250
f 1091/1285/1234 1081/1287/1236 1086/1292/1251
f 1142/670/618 1151/2181/1254 1146/1298/1252
f 1145/1299/1253 1146/1298/1252 1158/1302/1256
f 1146/1298/1252 1147/1301/2156 1148/1304/1258
f 1143/637/592 1149/1307/1261 1152/1305/1259
f 1149/1307/1261 1150/1312/1268 1153/1308/1262
f 1152/1305/1259 1153/1308/1262 1148/1304/1264
f 1154/1309/1265 1157/1311/1267 1156/1310/1266
f 1155/1303/1257 1158/1302/1269 1157/1311/1267
f 1157/1311/1267 1153/1308/1262 1150/1312/1268
f 1158/1302/1269 1148/1304/1264 1153/1308/1262
f 1162/1313/1270 1165/1316/1273 1164/1314/1271
f 1163/1315/1272 1166/1324/1281 1165/1316/1273
f 1165/1316/1273 1177/1319/1276 1174/1317/1274
f 1165/1316/1273 1166/1324/1281 1167/1318/1275
f 1168/1320/1277 1171/1323/1280 1170/1321/1278
f 1168/1320/1277 1169/1329/1286 1172/1322/1279
f 1171/1323/1280 1166/1324/1281 1163/1315/1272
f 1171/1323/1280 1172/1322/1279 1167/1318/1275
f 1173/1325/1282 1176/1328/1285 1175/1326/1283
f 1174/1317/1274 1177/1319/1276 1176/1328/1285
f 1176/1328/1285 1172/1322/1279 1169/1329/1286
f 1177/1319/1276 1167/1318/1275 1172/1322/1279
f 1193/709/655 1196/1332/1289 1199/1330/1287
f 1196/1332/1289 1197/2156/1298 1200/1333/1290
f 1199/1330/1287 1200/1333/1290 1201/1335/1292
f 1202/1336/1293 1205/1340/1297 1204/1337/1294
f 1203/1339/1296 1206/1342/1299 1205/1340/1297
f 1205/1340/1297 1200/1343/1300 1197/1341/1298
f 1206/1342/1299 1201/1348/1305 1200/1343/1300
f 1195/649/602 1198/2170/1303 1208/1344/1301
f 1207/1345/1302 1208/1344/1301 1206/1342/1299
f 1208/1344/1301 1209/1347/2157 1201/1348/1305
f 241/25/24 1210/24/23 1212/1352/1309
f 244/1353/1310 1212/1352/1309 1213/1354/1311
f 243/1355/1313 1213/1354/1318 1214/1356/1314
f 1214/1358/1314 1211/140/131 240/183/169
f 1210/24/23 225/15/14 227/1360/1316
f 1212/1352/1309 227/1360/1316 228/1361/1317
f 1213/1354/1318 228/1361/1356 229/1362/1319
f 229/1363/1319 226/35/33 1211/140/131
f 1215/61/57 1217/1365/1321 249/1364/1320
f 1217/1365/1321 1218/1371/1327 248/1366/1322
f 1218/1367/1323 1219/1373/1329 247/1368/1324
f 247/1368/1324 1219/1373/1329 1216/119/110
f 230/194/178 232/1370/1326 1217/1365/1321
f 232/1370/1326 233/1438/1395 1218/1371/1327
f 233/1372/1328 234/1440/1397 1219/1373/1329
f 1219/1373/1329 234/1440/1397 231/18/17
f 1220/130/121 1222/1375/1331 224/1374/1330
f 1222/1375/1331 1223/1377/1336 223/1376/1332
f 1223/1377/1333 1224/1380/1337 222/1378/1334
f 222/1379/1334 1224/1381/1337 1221/4/4
f 241/25/24 244/1353/1310 1222/1375/1331
f 244/1353/1310 243/1355/1312 1223/1377/1336
f 243/1355/1313 242/1357/1315 1224/1380/1337
f 1224/1381/1337 242/1359/1315 240/183/169
f 236/159/148 1225/26/25 1227/1382/1338
f 239/1383/1339 1227/1382/1338 1228/1384/1340
f 238/1386/1342 1228/1389/1345 1229/1387/1343
f 1229/1387/1343 1226/23/22 235/10/9
f 1225/26/25 246/8/8 249/1364/1320
f 1227/1382/1338 249/1364/1320 248/1366/1322
f 1228/1389/1345 248/1369/1325 247/1368/1324
f 247/1368/1324 245/21/20 1226/23/22
f 251/160/149 1230/154/144 1232/1390/1346
f 254/1391/1347 1232/1390/1346 1233/1392/1348
f 253/1394/1350 1233/1397/1353 1234/1395/1351
f 1234/1395/1351 1231/12/11 250/29/27
f 1230/154/144 236/159/148 239/1383/1339
f 1232/1390/1346 239/1383/1339 238/1385/1341
f 1233/1397/1353 238/1386/1342 237/1388/1344
f 237/1388/1344 235/10/9 1231/12/11
f 225/15/14 1235/14/13 1237/1398/1354
f 227/1360/1316 1237/1398/1354 1238/1399/1355
f 228/1361/1356 1238/1399/1360 1239/1400/1357
f 1239/1401/1357 1236/33/31 226/35/33
f 1235/14/13 255/44/41 257/1402/1358
f 1237/1398/1354 257/1402/1358 258/1403/1359
f 1238/1399/1360 258/1403/1364 259/1404/1361
f 259/1405/1361 256/32/30 1236/33/31
f 255/44/41 1240/53/49 1242/1406/1362
f 257/1402/1358 1242/1406/1362 1243/1407/1363
f 258/1403/1364 1243/1407/1368 1244/1408/1365
f 1244/1409/1365 1241/30/28 256/32/30
f 1240/53/49 265/52/48 267/1410/1366
f 1242/1406/1362 267/1410/1366 268/1411/1367
f 1243/1407/1368 268/1411/1386 269/1412/1369
f 269/1413/1369 266/42/40 1241/30/28
f 261/195/179 1245/188/172 1247/1414/1370
f 264/1415/1371 1247/1414/1370 1248/1416/1372
f 263/1418/1374 1248/1421/1377 1249/1419/1375
f 1249/1419/1375 1246/37/35 260/39/37
f 1245/188/172 251/160/149 254/1391/1347
f 1247/1414/1370 254/1391/1347 253/1393/1349
f 1248/1421/1377 253/1394/1350 252/1396/1352
f 252/1396/1352 250/29/27 1246/37/35
f 1250/171/159 1252/1423/1379 292/1422/1378
f 1252/1423/1379 1253/1425/1381 291/1424/1380
f 1253/1425/1381 1254/1427/1383 290/1426/1382
f 1254/1427/1383 1251/134/125 288/187/46
f 271/756/705 281/755/704 1252/1423/1379
f 281/755/704 274/759/708 1253/1425/1381
f 274/759/708 273/750/699 1254/1427/1383
f 273/750/699 270/747/696 1251/134/125
f 265/52/48 1255/153/143 1257/1428/1384
f 267/1410/1366 1257/1428/1388 1258/1429/1385
f 268/1411/1386 1258/1429/1389 1259/1430/1387
f 269/1413/1369 1259/1432/1387 1256/40/38
f 1255/153/143 289/169/157 292/1422/1378
f 1257/1428/1388 292/1422/1378 291/1424/1380
f 1258/1429/1389 291/1424/1380 290/1426/1382
f 290/1431/1382 288/49/46 1256/40/38
f 271/756/705 1260/170/158 1262/1433/1390
f 279/754/703 1262/1433/1390 1263/1434/1391
f 280/766/715 1263/1436/1393 1264/1435/1392
f 285/762/711 1264/1435/1392 1261/46/43
f 1260/170/158 261/195/179 264/1415/1371
f 1262/1433/1390 264/1415/1371 263/1417/1373
f 1263/1436/1393 263/1418/1374 262/1420/1376
f 1264/1435/1392 262/1420/1376 260/39/37
f 1265/69/65 1267/1437/1394 232/1370/1326
f 1267/1437/1394 1268/1442/1399 233/1438/1395
f 1268/1439/1396 1269/1444/1401 234/1440/1397
f 234/1440/1397 1269/1444/1401 1266/163/151
f 298/129/120 300/1441/1398 1267/1437/1394
f 300/1441/1398 301/1459/1415 1268/1442/1399
f 301/1443/1400 302/1445/1402 1269/1444/1401
f 302/1445/1402 299/58/54 1266/163/151
f 1270/1/1 1272/1447/1404 297/1446/1403
f 1272/1447/1404 1273/1449/1409 296/1448/1405
f 1273/1449/1406 1274/1452/1410 295/1450/1407
f 295/1451/1407 1274/1453/1410 1271/54/50
f 221/3/3 224/1374/1330 1272/1447/1404
f 224/1374/1330 223/1376/1332 1273/1449/1409
f 223/1376/1335 222/1378/1334 1274/1452/1410
f 1274/1453/1410 222/1379/1334 220/16/15
f 323/807/754 1275/144/135 1277/1454/1411
f 334/805/752 1277/1454/1411 1278/1455/1412
f 335/795/741 1278/1455/1412 1279/1456/1413
f 325/791/737 1279/1456/1413 1276/176/111
f 1275/144/135 304/146/137 314/779/726
f 1277/1454/1411 314/779/726 307/771/720
f 1278/1455/1412 307/771/720 306/773/717
f 1279/1457/1413 306/768/717 303/770/719
f 1280/145/136 1282/1458/1414 300/1441/1398
f 1282/1458/1414 1283/1462/1418 301/1459/1415
f 1283/1460/1416 1284/1461/1417 302/1445/1402
f 1284/1461/1417 1281/66/62 299/58/54
f 323/807/754 336/806/753 1282/1458/1414
f 336/806/753 330/809/756 1283/1462/1418
f 330/1463/1419 329/800/746 1284/1461/1417
f 329/800/746 322/797/743 1281/66/62
f 1285/147/138 1287/1464/1420 312/780/727
f 1287/1464/1420 1288/1466/1424 313/1465/1421
f 1288/1466/1422 1289/1469/1423 319/1467/732
f 1289/1468/1423 1286/62/58 305/64/60
f 294/179/166 297/1446/1403 1287/1464/1420
f 297/1446/1403 296/1448/1405 1288/1466/1424
f 296/1448/1408 295/1450/1407 1289/1469/1423
f 295/1451/1407 293/56/52 1286/62/58
f 1290/143/134 1292/1471/1426 363/1470/1425
f 1292/1471/1426 1293/1473/1428 362/1472/1427
f 1293/1473/1428 1294/1475/1430 361/1474/1429
f 1294/1475/1430 1291/192/176 359/193/177
f 344/91/85 346/1476/1431 1292/1471/1426
f 346/1476/1431 347/1477/1432 1293/1473/1428
f 347/1477/1432 348/1478/1433 1294/1475/1430
f 348/1478/1433 345/191/175 1291/192/176
f 365/85/79 1295/84/78 1297/1479/1434
f 368/1480/1435 1297/1479/1434 1298/1481/1436
f 367/1482/1437 1298/1481/1436 1299/1483/1438
f 366/1484/1439 1299/1483/1438 1296/124/115
f 1295/84/78 349/88/82 351/1485/1440
f 1297/1479/1434 351/1485/1440 352/1486/1441
f 1298/1481/1436 352/1486/1441 353/1487/1442
f 1299/1483/1438 353/1487/1442 350/125/116
f 340/81/75 1300/72/68 1302/1488/1443
f 343/1489/1444 1302/1488/1443 1303/1490/1445
f 342/1491/1446 1303/1490/1445 1304/1492/1447
f 341/1493/1448 1304/1492/1447 1301/141/132
f 1300/72/68 360/71/67 363/1470/1425
f 1302/1488/1443 363/1470/1425 362/1472/1427
f 1303/1490/1445 362/1472/1427 361/1474/1429
f 1304/1492/1447 361/1474/1429 359/193/177
f 1305/86/80 1307/1495/1450 358/1494/1449
f 1307/1495/1450 1308/1497/1452 357/1496/1451
f 1308/1497/1452 1309/1499/1454 356/1498/1453
f 1309/1499/1454 1306/162/150 354/184/170
f 365/85/79 368/1480/1435 1307/1495/1450
f 368/1480/1435 367/1482/1437 1308/1497/1452
f 367/1482/1437 366/1484/1439 1309/1499/1454
f 366/1484/1439 364/127/118 1306/162/150
f 1310/77/72 1312/1501/1456 373/1500/1455
f 1312/1501/1456 1313/1503/1458 372/1502/1457
f 1313/1503/1458 1314/1505/1460 371/1504/1459
f 1314/1505/1460 1311/94/88 369/78/73
f 355/126/117 358/1494/1449 1312/1501/1456
f 358/1494/1449 357/1496/1451 1313/1503/1458
f 357/1496/1451 356/1498/1453 1314/1505/1460
f 356/1498/1453 354/184/170 1311/94/88
f 1315/92/86 1317/1506/1461 346/1476/1431
f 1317/1506/1461 1318/1507/1462 347/1477/1432
f 1318/1507/1462 1319/1508/1463 348/1478/1433
f 1319/1508/1463 1316/74/70 345/191/175
f 374/97/90 376/1509/1464 1317/1506/1461
f 376/1509/1464 377/1510/1465 1318/1507/1462
f 377/1510/1465 378/1511/1466 1319/1508/1463
f 378/1511/1466 375/139/130 1316/74/70
f 1320/98/91 1322/1512/1467 376/1509/1464
f 1322/1512/1467 1323/1513/1468 377/1510/1465
f 1323/1513/1468 1324/1514/1469 378/1511/1466
f 1324/1514/1469 1321/185/171 375/139/130
f 384/102/94 386/1515/1470 1322/1512/1467
f 386/1515/1470 387/1516/1471 1323/1513/1468
f 387/1516/1471 388/1517/1472 1324/1514/1469
f 388/1517/1472 385/182/168 1321/185/171
f 1325/93/87 1327/1519/1474 383/1518/1473
f 1327/1519/1474 1328/1521/1476 382/1520/1475
f 1328/1521/1476 1329/1523/1478 381/1522/1477
f 1329/1523/1478 1326/80/74 379/101/93
f 370/156/145 373/1500/1455 1327/1519/1474
f 373/1500/1455 372/1502/1457 1328/1521/1476
f 372/1502/1457 371/1504/1459 1329/1523/1478
f 371/1504/1459 369/78/73 1326/80/74
f 407/190/174 1330/138/129 1332/1524/1479
f 410/1525/1480 1332/1524/1479 1333/1526/1481
f 409/1527/1482 1333/1526/1481 1334/1528/1483
f 408/1530/1484 1334/1531/1483 1331/173/161
f 1330/138/129 389/137/128 393/812/759
f 1332/1524/1479 393/812/759 402/816/763
f 1333/1526/1481 402/816/763 401/827/772
f 1334/1531/1483 401/824/772 391/174/162
f 1335/104/96 1337/1532/1485 386/1515/1470
f 1337/1532/1485 1338/1533/1486 387/1516/1471
f 1338/1533/1486 1339/1534/1487 388/1517/1472
f 1339/1534/1487 1336/157/146 385/182/168
f 407/1535/174 410/1536/1480 1337/1532/1485
f 410/1536/1480 409/1537/1482 1338/1533/1486
f 409/1537/1482 408/1530/1484 1339/1534/1487
f 408/1530/1484 406/175/163 1336/157/146
f 1340/99/92 1342/1538/1488 397/820/767
f 1342/1538/1488 1343/1539/1489 398/829/775
f 1343/1539/1489 1344/1540/1490 403/825/773
f 1344/1540/1490 1341/172/160 391/174/162
f 380/189/173 383/1518/1473 1342/1538/1488
f 383/1518/1473 382/1520/1475 1343/1539/1489
f 382/1520/1475 381/1522/1477 1344/1540/1490
f 381/1522/1477 379/101/93 1341/172/160
f 349/88/82 1345/109/100 1347/1541/1491
f 351/1485/1440 1347/1541/1491 1348/1542/1492
f 352/1486/1441 1348/1542/1492 1349/1543/1493
f 353/1487/1442 1349/1543/1493 1346/167/155
f 1345/109/100 416/110/101 418/1544/1494
f 1347/1541/1491 418/1544/1494 419/1545/1495
f 1348/1546/1492 419/1566/1495 420/1547/1496
f 1349/1548/1493 420/1547/1496 417/1549/122
f 412/111/102 1350/82/76 1352/1551/1497
f 415/1552/1498 1352/1551/1497 1353/1553/1499
f 414/1554/1500 1353/1553/1499 1354/1555/1501
f 413/1556/1502 1354/1555/1501 1351/115/106
f 1350/82/76 340/81/75 343/1489/1444
f 1352/1551/1497 343/1489/1444 342/1491/1446
f 1353/1553/1499 342/1491/1446 341/1493/1448
f 1354/1555/1501 341/1493/1448 339/106/98
f 1355/1557/1503 1357/1558/1504 429/834/779
f 1357/1558/1504 1358/1559/1505 430/845/788
f 1358/1559/1505 1359/1560/1506 437/839/784
f 1359/1560/1506 1356/151/142 427/840/785
f 421/118/109 423/1561/1507 1357/1558/1504
f 423/1561/1507 424/1562/1508 1358/1559/1505
f 424/1562/1508 425/1563/1509 1359/1560/1506
f 425/1563/1509 422/148/139 1356/151/142
f 416/110/101 1360/116/107 1362/1564/1510
f 418/1544/1494 1362/1564/1510 1363/1565/1511
f 419/1566/1495 1363/1569/1511 1364/1567/1512
f 420/1547/1496 1364/1567/1512 1361/1568/141
f 1360/116/107 428/117/108 440/848/792
f 1362/1564/1510 440/848/792 436/850/786
f 1363/1569/1511 436/841/786 435/843/783
f 1364/1567/1512 435/843/783 427/1570/785
f 421/118/109 1365/112/103 1367/1571/1513
f 423/1561/1507 1367/1571/1513 1368/1572/1514
f 424/1562/1508 1368/1572/1514 1369/1573/1515
f 425/1563/1509 1369/1573/1515 1366/149/140
f 1365/112/103 412/111/102 415/1552/1498
f 1367/1571/1513 415/1552/1498 414/1554/1500
f 1368/1572/1514 414/1554/1500 413/1556/1502
f 1369/1573/1515 413/1556/1502 411/114/105
f 1371/65/61 1375/1351/1308 317/784/731
f 1375/1351/1308 1374/1350/1307 318/775/722
f 1374/1350/1307 1373/1349/1306 308/769/718
f 1373/1349/1306 1370/121/112 303/770/719
f 428/117/108 1376/67/63 1378/1574/1516
f 431/1576/778 1378/1577/1521 1377/177/164
f 1376/67/63 322/797/743 331/799/1517
f 1378/1577/1521 324/2196/738 321/178/165
f 1379/47/44 1381/1581/1525 284/763/1522
f 1381/1580/1524 1380/135/126 270/747/696
f 390/105/97 392/819/766 1381/1581/1525
f 392/1582/760 389/137/128 1380/135/126
f 561/261/244 1382/260/243 1384/1583/1526
f 567/1584/1527 1384/1583/1526 1385/1585/1528
f 1386/1588/1531 1383/262/245 559/244/227
f 1382/260/243 570/276/259 575/990/918
f 1384/1583/1526 575/990/918 585/993/921
f 585/993/921 584/1003/931 1386/1588/1531
f 1389/1589/1532 1390/1591/1534 580/998/926
f 589/232/216 594/1006/934 1389/1589/1532
f 1392/289/272 1393/1596/1535 597/1592/942
f 1392/289/272 560/291/274 566/1595/1537
f 547/301/283 1395/297/279 1397/1600/1543
f 1398/1601/1544 1399/1602/1545 550/971/903
f 1395/297/279 571/255/238 581/997/925
f 1397/1600/1543 581/997/925 574/991/919
f 573/989/917 570/276/259 1396/275/258
f 1400/290/273 1402/1604/1547 564/1603/1546
f 1402/1604/1547 1403/1610/1549 565/1605/1548
f 1403/1608/1549 1401/229/213 561/261/244
f 1400/290/273 546/250/233 201/978/909
f 1402/1604/1547 201/978/909 549/973/905
f 548/1611/904 199/281/264 1401/229/213
f 466/875/816 1408/210/194 1410/1618/1556
f 469/1619/817 1410/1618/1556 1411/1620/1557
f 473/1623/1560 471/1621/829 1412/1622/1558
f 471/1621/829 1411/1620/1557 1412/1622/1558
f 474/879/1559 1412/1622/1558 1409/247/230
f 443/164/152 448/852/797 1410/1618/1556
f 448/852/797 456/855/800 1411/1620/1557
f 456/855/800 455/864/808 1412/1622/1558
f 455/864/808 445/245/228 1409/247/230
f 1413/259/242 1415/1625/1562 485/1624/1561
f 483/2206/2158 485/1624/1561 1876/890/1564
f 485/1624/1561 1415/1625/1562 1876/890/1564
f 1416/1626/1563 1417/1627/1566 481/887/1565
f 1417/1627/1566 1414/237/221 477/318/300
f 1413/259/242 445/245/228 455/865/808
f 1415/1625/1562 455/865/808 452/861/806
f 1416/1626/1563 452/861/806 451/858/803
f 1417/1627/1566 451/858/803 444/860/805
f 1418/317/299 1420/1628/1568 472/878/1567
f 1420/1628/1568 1421/1629/1570 473/885/1569
f 1421/1629/1570 1422/1630/1571 476/881/823
f 1422/1630/1571 1419/234/218 468/236/220
f 1418/317/299 479/217/201 485/1631/1561
f 1420/1628/1568 485/1631/1561 483/894/1572
f 1421/1629/1570 483/894/1572 481/893/1573
f 1422/1630/1571 481/893/835 478/248/231
f 501/913/855 1425/1632/1574 1426/1633/1575
f 507/924/864 1427/1634/1576 1424/279/262
f 462/867/1577 463/870/1578 1426/1633/1575
f 464/1635/1579 460/277/260 1424/279/262
f 511/927/866 506/921/862 1431/1637/1583
f 507/923/864 499/322/304 1429/338/320
f 1433/209/193 1435/1642/1587 519/1641/1586
f 1435/1642/1587 1436/1643/1589 520/940/1588
f 1437/1644/1590 1434/267/250 515/271/254
f 1435/1642/1587 464/1645/1579 465/873/1591
f 1442/1649/1596 1439/296/278 486/344/326
f 1440/1646/1594 531/953/1597 527/954/881
f 1443/328/310 1445/1650/1598 531/950/1597
f 1445/1650/1598 1446/1651/1599 532/958/887
f 1446/1651/1599 1447/1652/1600 536/956/890
f 1447/1652/1600 1444/201/185 525/284/267
f 1443/328/310 539/329/311 542/1653/1601
f 1445/1650/1598 542/1653/1601 1878/1654/1602
f 1446/1651/1599 1878/1654/1602 541/961/1603
f 1447/1652/1600 541/961/1603 538/199/183
f 1450/1656/1604 1451/1657/1606 543/969/1605
f 1451/1657/1606 1452/1658/1608 545/965/1607
f 1448/342/324 488/196/180 496/912/1609
f 1450/1656/1604 496/912/1609 497/909/1610
f 1451/1657/1606 497/909/1610 492/908/848
f 1452/1658/1608 492/908/848 487/905/847
f 608/1034/317 1453/1662/316 1455/1659/1611
f 619/1032/968 1455/1659/1611 1456/1660/1612
f 620/1026/959 1456/1660/1612 1457/1661/1613
f 610/1022/955 1457/1661/1613 1454/283/266
f 1453/1662/316 625/1044/318 634/1043/978
f 1455/1659/1611 634/1043/978 628/1039/974
f 1456/1660/1612 628/1039/974 627/1037/972
f 1457/1661/1613 627/1037/972 624/321/303
f 1458/308/290 1460/1663/1614 643/1053/987
f 1460/1663/1614 1461/1664/1615 644/1062/995
f 1461/1664/1615 1462/1665/1616 651/1058/992
f 1462/1665/1616 1459/1666/207 641/1059/209
f 626/1049/983 638/1048/982 1460/1663/1614
f 638/1048/982 633/1045/979 1461/1664/1615
f 633/1045/979 632/1042/977 1462/1665/1616
f 632/1042/977 625/1044/318 1459/1666/207
f 1463/311/293 1465/1667/1617 614/1030/963
f 1465/1667/1617 1466/1668/1618 615/1036/971
f 1466/1668/1618 1467/1669/1619 621/1033/969
f 1467/1669/1619 1464/1670/208 608/1034/317
f 1463/311/293 642/1064/997 655/1066/999
f 1465/1667/1617 655/1066/999 650/1060/993
f 1466/1668/1618 650/1060/993 649/1057/991
f 1467/1669/1619 649/1057/991 641/1059/209
f 1468/1671/307 1470/1672/1620 671/1080/1014
f 1472/1674/1622 1469/227/211 658/226/210
f 687/1092/1024 680/1096/1027 1471/1673/1621
f 680/1096/1027 679/1087/1019 1472/1674/1622
f 696/1115/322 1473/1678/321 1475/1675/1623
f 707/1113/1050 1475/1675/1623 1476/1676/1624
f 708/1107/1043 1476/1676/1624 1477/1677/1625
f 1473/1678/321 660/1082/305 673/1081/1015
f 1478/313/295 1480/1679/1626 702/1111/1047
f 1480/1679/1626 1481/1680/1627 703/1117/1053
f 1481/1680/1627 1482/1681/1628 709/1114/1051
f 1482/1681/1628 1479/1682/308 696/1115/322
f 1478/313/295 678/1098/1030 691/1100/1032
f 1480/1679/1626 691/1100/1032 686/1094/1025
f 1481/1680/1627 686/1094/1025 685/1091/1023
f 1482/1681/1628 685/1091/1023 677/1093/309
f 1485/1683/1629 1486/1684/1630 716/1130/1067
f 1486/1684/1630 1487/1685/1631 723/1126/1064
f 729/1137/1078 734/1136/1077 1485/1683/1629
f 730/304/286 1488/203/187 1490/1687/1632
f 737/1143/1084 1490/1687/1632 1491/1688/1633
f 738/1145/1086 1491/1688/1633 1492/1689/1634
f 744/1150/1090 1492/1689/1634 1489/1690/312
f 1488/203/187 747/202/186 752/1154/1093
f 1490/1687/1632 752/1154/1093 759/1158/1097
f 1491/1688/1633 759/1158/1097 758/1165/1106
f 1492/1689/1634 758/1165/1106 749/1167/313
f 1493/305/287 1495/1691/1635 755/1163/1103
f 1495/1691/1635 1496/1692/1636 756/1169/1110
f 1496/1692/1636 1497/1693/1637 760/1166/1107
f 1497/1693/1637 1494/1694/199 749/1167/313
f 1493/305/287 714/307/289 727/1132/1069
f 1495/1691/1635 727/1132/1069 722/1128/1065
f 1496/1692/1636 722/1128/1065 721/1125/1063
f 1497/1693/1637 721/1125/1063 713/1127/200
f 1498/166/154 1500/1695/1638 446/851/796
f 1500/1695/1638 1501/1696/1640 447/853/1639
f 1501/1696/1640 1502/1697/1641 453/859/804
f 1502/1697/1641 1499/238/222 444/860/805
f 624/321/303 629/1038/973 1500/1695/1638
f 629/1038/973 637/1041/976 1501/1696/1640
f 637/1041/976 636/1047/981 1502/1697/1641
f 636/1047/981 626/1049/983 1499/238/222
f 642/1064/997 1503/310/292 1505/1698/1642
f 654/1067/1000 1505/1698/1646 1506/1699/1644
f 645/1052/986 1506/1701/1648 1504/319/301
f 1503/310/292 478/248/231 484/892/836
f 1505/1698/1646 484/892/1647 480/897/1647
f 1506/1701/1648 480/886/830 477/318/300
f 1507/222/206 1509/1705/1654 461/866/1649
f 461/872/1653 1510/1704/1656 1508/312/294
f 676/341/323 681/1086/1018 1509/1705/1654
f 681/1706/1655 690/1101/1033 1510/1704/1652
f 1510/1704/1656 690/1101/2148 678/1098/1030
f 1511/273/256 1513/1707/1661 697/1104/1657
f 1513/1707/1658 1514/1710/1658 704/1708/1659
f 1514/1709/1660 1512/270/253 695/315/297
f 513/932/1580 517/931/2159 1513/1707/1661
f 521/935/874 515/271/254 1512/270/253
f 525/284/267 1515/285/268 1517/1711/1664
f 534/955/889 1517/1711/1664 1518/1712/1665
f 535/947/1666 1518/1712/1665 1519/1713/1667
f 528/944/880 1519/1713/1667 1516/332/314
f 1515/285/268 730/304/286 739/1144/1085
f 1517/1711/1664 739/1144/1085 733/1138/1079
f 1518/1712/1665 733/1138/1079 732/1135/1076
f 1519/1713/1667 732/1135/1076 729/1137/1078
f 1520/287/270 1522/1716/1668 725/1133/1070
f 726/1123/1669 1522/1714/1672 1523/1715/1670
f 717/1119/1055 1523/1715/1675 1521/343/325
f 487/905/847 493/907/849 1522/1716/1668
f 1523/1715/1675 489/898/842 486/344/326
f 1524/211/195 1526/1719/1677 609/1717/956
f 609/1023/967 1526/1721/1678 1527/1718/1676
f 616/1029/962 1527/1718/1679 1525/235/219
f 466/875/816 470/877/818 1526/1719/1677
f 470/1720/1678 475/880/1678 1527/1718/1676
f 1527/1718/1679 475/880/822 468/236/220
f 1528/264/247 1530/1722/1680 509/926/865
f 1530/1722/1680 1531/1723/1682 510/919/1681
f 1531/1723/1682 1532/1724/1683 503/914/856
f 1532/1724/1683 1529/300/282 498/915/857
f 659/314/296 668/1076/1010 1530/1722/1680
f 1530/1722/1680 668/1076/1010 662/1070/1004
f 662/1070/1004 661/1068/1002 1532/1724/1683
f 1532/1724/1683 661/1068/1002 658/226/210
f 1533/293/276 1535/1726/1687 544/964/1684
f 1535/1725/1685 1534/1728/1690 538/199/183
f 1533/293/276 748/306/288 757/1162/1102
f 750/1155/1094 747/202/186 1534/1728/1690
f 784/370/349 1536/369/348 1538/1729/1691
f 787/1730/1692 1538/1729/1691 1539/1731/1693
f 786/1733/1695 1539/1739/1700 1540/1734/1696
f 1540/1734/1696 1537/484/450 783/525/487
f 1536/369/348 768/360/339 770/1736/1698
f 1538/1737/1691 770/1777/1698 771/1738/1699
f 1539/1739/1700 771/1738/1738 772/1740/1701
f 772/1740/1701 769/380/358 1537/484/450
f 1541/406/383 1543/1742/1703 792/1741/1702
f 1543/1742/1703 1544/1748/1709 791/1743/1704
f 1544/1744/1705 1545/1750/1711 790/1745/1706
f 790/1745/1706 1545/1750/1711 1542/464/433
f 773/534/496 775/1747/1708 1543/1742/1703
f 775/1747/1708 776/1820/1777 1544/1748/1709
f 776/1749/1710 777/1822/1779 1545/1750/1711
f 1545/1750/1711 777/1822/1779 774/363/342
f 1546/474/442 1548/1752/1713 767/1751/1712
f 1548/1752/1713 1549/1757/1718 766/1753/1714
f 1549/1754/1715 1550/1758/1719 765/1755/1716
f 765/1755/1716 1550/1758/1719 1547/349/331
f 784/370/349 787/1730/1692 1548/1752/1713
f 787/1730/1692 786/1732/1694 1549/1757/1718
f 786/1733/1695 785/1735/1697 1550/1758/1719
f 1550/1758/1719 785/1735/1697 783/525/487
f 779/503/466 1551/371/350 1553/1759/1720
f 782/1760/1721 1553/1759/1720 1554/1761/1722
f 781/1762/1724 1554/1761/1727 1555/1763/1725
f 1555/1765/1725 1552/368/347 778/355/335
f 1551/371/350 789/353/334 792/1741/1702
f 1553/1759/1720 792/1741/1702 791/1743/1704
f 1554/1767/1727 791/1746/1707 790/1745/1706
f 790/1745/1706 788/366/345 1552/368/347
f 794/504/467 1556/498/462 1558/1768/1728
f 797/1769/1729 1558/1768/1728 1559/1770/1730
f 796/1771/1732 1559/1770/1735 1560/1772/1733
f 1560/1774/1733 1557/357/337 793/374/352
f 1556/498/462 779/503/466 782/1760/1721
f 1558/1768/1728 782/1760/1721 781/1762/1723
f 1559/1770/1735 781/1762/1724 780/1764/1726
f 780/1766/1726 778/355/335 1557/357/337
f 768/360/339 1561/359/338 1563/1776/1736
f 770/1777/1698 1563/1781/1736 1564/1778/1737
f 771/1738/1738 1564/1778/1742 1565/1779/1739
f 1565/1779/1739 1562/378/356 769/380/358
f 1561/359/338 798/389/366 800/1780/1740
f 1563/1781/1736 800/1785/1740 801/1782/1741
f 1564/1778/1742 801/1782/1746 802/1783/1743
f 802/1783/1743 799/377/355 1562/378/356
f 798/389/366 1566/398/375 1568/1784/1744
f 800/1785/1740 1568/1789/1744 1569/1786/1745
f 801/1782/1746 1569/1786/1750 1570/1787/1747
f 1570/1787/1747 1567/375/353 799/377/355
f 1566/398/375 808/397/374 810/1788/1748
f 1568/1789/1744 810/1810/1748 811/1790/1749
f 1569/1786/1750 811/1790/1768 812/1791/1751
f 812/1791/1751 809/387/365 1567/375/353
f 804/535/497 1571/528/490 1573/1792/1752
f 807/1793/1753 1573/1792/1752 1574/1794/1754
f 806/1795/1756 1574/1794/1759 1575/1796/1757
f 1575/1798/1757 1572/382/360 803/384/362
f 1571/528/490 794/504/467 797/1769/1729
f 1573/1792/1752 797/1769/1729 796/1771/1731
f 1574/1794/1759 796/1771/1732 795/1773/1734
f 795/1775/1734 793/374/352 1572/382/360
f 1576/515/477 1578/1801/1761 835/1800/1760
f 1578/1801/1761 1579/1803/1763 834/1802/1762
f 1579/1803/1763 1580/1807/1765 833/1804/1764
f 1580/1805/1765 1577/478/444 831/394/371
f 814/1179/1120 824/1178/1119 1578/1801/1761
f 824/1178/1119 817/1182/1123 1579/1803/1763
f 817/1182/1123 816/1173/1114 1580/1807/1765
f 816/1173/1114 813/1170/1111 1577/1808/444
f 808/397/374 1581/497/461 1583/1809/1766
f 810/1810/1748 1583/1813/1770 1584/1811/1767
f 811/1790/1768 1584/1811/1771 1585/1812/1769
f 812/1791/1751 1585/1812/1769 1582/385/363
f 1581/497/461 832/513/475 835/1800/1760
f 1583/1813/1770 835/2207/1760 834/1814/1762
f 1584/1811/1771 834/1814/1762 833/1806/1764
f 833/1806/1764 831/394/371 1582/385/363
f 814/1179/1120 1586/514/476 1588/1815/1772
f 822/1177/1118 1588/1815/1772 1589/1816/1773
f 823/1180/1130 1589/1816/1775 1590/1817/1774
f 828/1185/1126 1590/1818/1774 1587/391/368
f 1586/514/476 804/535/497 807/1793/1753
f 1588/1815/1772 807/1793/1753 806/1795/1755
f 1589/1816/1775 806/1795/1756 805/1797/1758
f 1590/1818/1774 805/1799/1758 803/384/362
f 1591/414/390 1593/1819/1776 775/1747/1708
f 1593/1819/1776 1594/1824/1781 776/1820/1777
f 1594/1821/1778 1595/1826/1783 777/1822/1779
f 777/1822/1779 1595/1826/1783 1592/507/469
f 841/473/441 843/1823/1780 1593/1819/1776
f 843/1823/1780 844/1844/1799 1594/1824/1781
f 844/1825/1782 845/1846/1801 1595/1826/1783
f 1595/1826/1783 845/1846/1801 842/403/380
f 1596/346/328 1598/1828/1785 840/1827/1784
f 1598/1828/1785 1599/1833/1790 839/1829/1786
f 1599/1830/1787 1600/1834/1791 838/1831/1788
f 838/1831/1788 1600/1834/1791 1597/399/376
f 764/348/330 767/1751/1712 1598/1828/1785
f 767/1751/1712 766/1753/1714 1599/1833/1790
f 766/1756/1717 765/1755/1716 1600/1834/1791
f 1600/1834/1791 765/1755/1716 763/361/340
f 853/1207/1148 1601/488/453 1603/1835/1792
f 864/1205/1146 1603/1835/1792 1604/1836/1793
f 865/1196/1137 1604/1836/1793 1605/1837/1794
f 855/1838/1133 1605/1842/1794 1602/465/434
f 1601/488/453 846/490/455 848/1839/1795
f 1603/1835/1792 848/1839/1795 849/1840/1796
f 1604/1836/1793 849/1840/1796 850/1841/1797
f 1605/1842/1794 850/1853/1797 847/409/386
f 1606/489/454 1608/1843/1798 843/1823/1780
f 1608/1843/1798 1609/1848/1803 844/1844/1799
f 1609/1845/1800 1610/1847/1802 845/1846/1801
f 1610/1847/1802 1607/411/388 842/403/380
f 853/1207/1148 866/1206/1147 1608/1843/1798
f 866/1206/1147 860/1209/1150 1609/1848/1803
f 860/1849/1804 859/1850/1142 1610/1847/1802
f 859/1850/1142 852/1198/1139 1607/411/388
f 1611/491/456 1613/1851/1805 848/1839/1795
f 1613/1851/1805 1614/1855/1807 849/1840/1796
f 1614/1852/1806 1615/1856/1808 850/1853/1797
f 850/1853/1797 1615/1856/1808 1612/407/384
f 837/522/484 840/1827/1784 1613/1851/1805
f 840/1827/1784 839/1829/1786 1614/1855/1807
f 839/1832/1789 838/1831/1788 1615/1856/1808
f 838/1831/1788 836/401/378 1612/407/384
f 1616/487/452 1618/1858/1810 893/1857/1809
f 1618/1858/1810 1619/1860/1812 892/1859/1811
f 1619/1860/1812 1620/1862/1814 891/1861/1813
f 1620/1862/1814 1617/532/494 889/533/495
f 874/436/410 876/1863/1815 1618/1858/1810
f 876/1863/1815 877/1864/1816 1619/1860/1812
f 878/1865/1817 875/531/493 1617/532/494
f 895/430/404 1621/429/403 1623/1866/1818
f 898/1867/1819 1623/1866/1818 1624/1868/1820
f 897/1869/1821 1624/1868/1820 1625/1870/1822
f 896/1871/1823 1625/1870/1822 1622/468/437
f 1621/429/403 879/433/407 881/1872/1824
f 1623/1866/1818 881/1872/1824 882/1873/1825
f 1624/1868/1820 882/1873/1825 883/1874/1826
f 1625/1870/1822 883/1874/1826 880/469/438
f 870/426/400 1626/417/392 1628/1875/1827
f 873/1876/1828 1628/1875/1827 1629/1877/1829
f 872/1878/1830 1629/1877/1829 1630/1879/1831
f 871/1880/1832 1630/1879/1831 1627/485/451
f 1626/417/392 890/416/391 893/1857/1809
f 1628/1875/1827 893/1857/1809 892/1859/1811
f 1629/1877/1829 892/1859/1811 891/1861/1813
f 1630/1879/1831 891/1861/1813 889/533/495
f 1631/431/405 1633/1882/1834 888/1881/1833
f 1633/1882/1834 1634/1884/1836 887/1883/1835
f 1634/1884/1836 1635/1886/1838 886/1885/1837
f 1635/1886/1838 1632/506/468 884/526/488
f 895/430/404 898/1867/1819 1633/1882/1834
f 898/1867/1819 897/1869/1821 1634/1884/1836
f 897/1869/1821 896/1871/1823 1635/1886/1838
f 896/1871/1823 894/471/440 1632/506/468
f 1636/422/397 1638/1888/1840 903/1887/1839
f 1638/1888/1840 1639/1890/1842 902/1889/1841
f 1639/1890/1842 1640/1892/1844 901/1891/1843
f 1640/1892/1844 1637/439/413 899/423/398
f 885/470/439 888/1881/1833 1638/1888/1840
f 887/1883/1835 886/1885/1837 1640/1892/1844
f 886/1885/1837 884/526/488 1637/439/413
f 1641/437/411 1643/1893/1845 876/1863/1815
f 1643/1893/1845 1644/1894/1846 877/1864/1816
f 1644/1894/1846 1645/1895/1847 878/1865/1817
f 1645/1895/1847 1642/419/394 875/531/493
f 904/442/415 906/1896/1848 1643/1893/1845
f 906/1896/1848 907/1897/1849 1644/1894/1846
f 907/1897/1849 908/1898/1850 1645/1895/1847
f 908/1898/1850 905/483/449 1642/419/394
f 1646/443/416 1648/1899/1851 906/1896/1848
f 1649/1900/1852 1650/1901/1853 908/1898/1850
f 1650/1901/1853 1647/527/489 905/483/449
f 914/447/419 916/1902/1854 1648/1899/1851
f 916/1902/1854 917/1903/1855 1649/1900/1852
f 917/1903/1855 918/1904/1856 1650/1901/1853
f 918/1904/1856 915/524/486 1647/527/489
f 1651/438/412 1653/1906/1858 913/1905/1857
f 1653/1906/1858 1654/1908/1860 912/1907/1859
f 1654/1908/1860 1655/1910/1862 911/1909/1861
f 1655/1910/1862 1652/425/399 909/446/418
f 900/500/463 903/1887/1839 1653/1906/1858
f 903/1887/1839 902/1889/1841 1654/1908/1860
f 902/1889/1841 901/1891/1843 1655/1910/1862
f 901/1891/1843 899/423/398 1652/425/399
f 937/530/492 1656/482/448 1658/1911/1863
f 940/1912/1864 1658/1911/1863 1659/1913/1865
f 938/1916/1868 1660/1915/1867 1657/517/479
f 1656/482/448 919/481/447 923/1211/1153
f 1658/1911/1863 923/1211/1153 932/1215/1157
f 1659/1913/1865 932/1215/1157 931/1221/1165
f 1660/1915/1867 931/1221/1165 921/518/480
f 1661/449/421 1663/1917/1869 916/1902/1854
f 1663/1917/1869 1664/1918/1870 917/1903/1855
f 1665/1919/1871 1662/501/464 915/524/486
f 937/530/492 940/1912/1864 1663/1917/1869
f 940/1912/1864 939/1914/1866 1664/1918/1870
f 939/1914/1866 938/1916/1868 1665/1919/1871
f 938/1916/1868 936/519/481 1662/501/464
f 1666/444/417 1668/1920/1872 927/1219/1161
f 1668/1920/1872 1669/1921/1873 928/1224/1168
f 1669/1921/1873 1670/1922/1874 933/1222/1166
f 910/529/491 913/1905/1857 1668/1920/1872
f 913/1905/1857 912/1907/1859 1669/1921/1873
f 911/1909/1861 909/446/418 1667/516/478
f 879/433/407 1671/454/424 1673/1923/1875
f 881/1872/1824 1673/1923/1875 1674/1924/1876
f 882/1873/1825 1674/1924/1876 1675/1925/1877
f 883/1874/1826 1675/1925/1877 1672/511/473
f 1673/1923/1875 948/1926/1878 949/1927/1879
f 1675/1925/1877 950/1928/1880 947/475/443
f 942/456/426 1676/427/401 1678/1929/1881
f 945/1930/1882 1678/1929/1881 1679/1931/1883
f 943/1934/1886 1680/1933/1885 1677/460/429
f 1676/427/401 870/426/400 873/1876/1828
f 1678/1929/1881 873/1876/1828 872/1878/1830
f 1679/1931/1883 872/1878/1830 871/1880/1832
f 1680/1933/1885 871/1880/1832 869/451/423
f 1681/467/436 1683/1935/1887 959/1227/1172
f 1683/1935/1887 1684/1936/1888 960/1236/1182
f 1684/1936/1888 1685/1937/1889 966/1232/1178
f 1685/1937/1889 1682/495/460 957/1233/1179
f 951/463/432 953/1938/1890 1683/1935/1887
f 953/1938/1890 954/1939/1891 1684/1936/1888
f 954/1939/1891 955/1940/1892 1685/1937/1889
f 955/1940/1892 952/492/457 1682/495/460
f 946/455/425 1686/461/430 1688/1941/1893
f 948/1926/1878 1688/1941/1893 1689/1942/1894
f 949/1927/1879 1689/1942/1894 1690/1943/1895
f 1686/461/430 958/462/431 970/1239/1186
f 1689/1942/1894 965/1234/1180 964/1231/1177
f 1690/1943/1895 964/1231/1177 957/1233/1179
f 951/463/432 1691/457/427 1693/1944/1896
f 953/1938/1890 1693/1944/1896 1694/1945/1897
f 954/1939/1891 1694/1945/1897 1695/1946/1898
f 955/1940/1892 1695/1946/1898 1692/493/458
f 1691/457/427 942/456/426 945/1930/1882
f 1693/1944/1896 945/1930/1882 944/1932/1884
f 1694/1945/1897 944/1932/1884 943/1934/1886
f 1695/1946/1898 943/1934/1886 941/459/428
f 958/462/431 1696/412/389 1698/1947/1899
f 969/1226/1900 1698/1952/1904 1697/520/482
f 1696/412/389 852/1198/1139 861/1200/1901
f 1698/1952/1904 854/1951/1134 851/521/483
f 1699/392/369 1701/1956/1909 827/1186/1905
f 1701/1955/1908 1700/1958/445 813/1170/1111
f 920/450/422 922/1218/1160 1701/1956/1909
f 922/1957/1154 919/2208/447 1700/1958/445
f 994/557/516 1702/556/515 1704/1959/1910
f 997/1960/1911 1704/1959/1910 1705/1961/1912
f 996/1962/1914 1705/1961/1919 1706/1963/1915
f 1706/1965/1915 1703/673/621 993/711/657
f 1702/556/515 978/547/506 980/1967/1917
f 1704/1959/1910 980/1967/1917 981/1968/1918
f 1705/1961/1919 981/1968/1957 982/1969/1920
f 982/1970/1920 979/567/525 1703/673/621
f 1707/593/550 1709/1972/1922 1002/1971/1921
f 1709/1972/1922 1710/1974/1928 1001/1973/1923
f 1710/1974/1924 1711/1979/1930 1000/1975/1925
f 1000/1976/1925 1711/1980/1930 1708/651/604
f 983/722/668 985/1977/1927 1709/1972/1922
f 985/1977/1927 986/1978/1993 1710/1974/1928
f 986/1978/1929 987/2047/1995 1711/1979/1930
f 1711/1980/1930 987/2048/1995 984/550/509
f 1712/663/613 1714/1982/1932 977/1981/1931
f 1714/1982/1932 1715/1984/1937 976/1983/1933
f 1715/1984/1934 1716/1987/1938 975/1985/1935
f 975/1986/1935 1716/1988/1938 1713/536/498
f 994/557/516 997/1960/1911 1714/1982/1932
f 997/1960/1911 996/1962/1913 1715/1984/1937
f 996/1962/1914 995/1964/1916 1716/1987/1938
f 1716/1988/1938 995/1966/1916 993/711/657
f 989/692/639 1717/558/517 1719/1989/1939
f 992/1990/1940 1719/1989/1939 1720/1991/1941
f 991/1992/1943 1720/1991/1946 1721/1993/1944
f 1721/1995/1944 1718/555/514 988/542/502
f 1717/558/517 999/540/501 1002/1971/1921
f 1719/1989/1939 1002/1971/1921 1001/1973/1923
f 1720/1991/1946 1001/1973/1926 1000/1975/1925
f 1000/1976/1925 998/553/512 1718/555/514
f 1004/693/640 1722/687/634 1724/1997/1947
f 1007/1998/1948 1724/1997/1947 1725/1999/1949
f 1006/2001/1951 1725/2004/1954 1726/2002/1952
f 1726/2002/1952 1723/544/504 1003/561/519
f 1722/687/634 989/692/639 992/1990/1940
f 1724/1997/1947 992/1990/1940 991/1992/1942
f 1725/2004/1954 991/2209/1943 990/1996/1945
f 990/1996/1945 988/542/502 1723/544/504
f 978/547/506 1727/546/505 1729/2005/1955
f 980/1967/1917 1729/2005/1955 1730/2006/1956
f 981/1968/1957 1730/2006/1961 1731/2007/1958
f 1731/2008/1958 1728/565/523 979/567/525
f 1727/546/505 1008/576/533 1010/2009/1959
f 1729/2005/1955 1010/2009/1959 1011/2010/1960
f 1730/2006/1961 1011/2010/1965 1012/2011/1962
f 1012/2012/1962 1009/564/522 1728/565/523
f 1008/576/533 1732/585/542 1734/2013/1963
f 1010/2009/1959 1734/2013/1963 1735/2014/1964
f 1011/2010/1965 1735/2014/1969 1736/2015/1966
f 1736/2016/1966 1733/562/520 1009/564/522
f 1732/585/542 1018/584/541 1020/2017/1967
f 1734/2013/1963 1020/2017/1967 1021/2018/1968
f 1735/2014/1969 1021/2018/1985 1022/2019/1970
f 1022/2020/1970 1019/574/532 1733/562/520
f 1014/723/669 1737/716/662 1739/2021/1971
f 1017/2022/1972 1739/2021/1971 1740/2023/1973
f 1016/2025/1975 1740/2028/1978 1741/2026/1976
f 1015/2027/1977 1741/2026/1976 1738/569/527
f 1737/716/662 1004/693/640 1007/1998/1948
f 1739/2021/1971 1007/1998/1948 1006/2000/1950
f 1740/2028/1978 1006/2001/1951 1005/2003/1953
f 1005/2003/1953 1003/561/519 1738/569/527
f 1742/701/647 1744/2029/1979 1054/1276/1225
f 1744/2029/1979 1745/2031/1981 1055/2030/1980
f 1745/2031/1981 1746/2034/1982 1046/2032/1212
f 1746/2033/1982 1743/667/615 1041/715/661
f 1024/1251/1200 1034/1250/1199 1744/2029/1979
f 1034/1250/1199 1027/1254/1203 1745/2031/1981
f 1027/1254/1203 1026/1244/1193 1746/2034/1982
f 1026/1244/1193 1023/1241/1190 1743/2035/615
f 1018/584/541 1747/686/633 1749/2036/1983
f 1020/2017/1967 1749/2036/1987 1750/2037/1984
f 1021/2018/1985 1750/2037/1988 1751/2038/1986
f 1022/2020/1970 1751/2040/1986 1748/572/530
f 1747/686/633 1043/699/645 1056/1275/1224
f 1749/2036/1987 1056/1275/1224 1050/1279/1228
f 1750/2037/1988 1050/1279/1220 1049/2039/1218
f 1751/2040/1986 1049/1268/1218 1042/581/538
f 1024/1251/1200 1752/700/646 1754/2041/1989
f 1032/1249/1198 1754/2041/1989 1755/2042/1990
f 1033/1260/1201 1755/2044/1990 1756/2043/1991
f 1038/1257/1206 1756/2043/1991 1753/578/535
f 1752/700/646 1014/723/669 1017/2022/1972
f 1754/2041/1989 1017/2022/1972 1016/2024/1974
f 1755/2044/1990 1016/2025/1975 1015/2027/1977
f 1756/2043/1991 1015/2027/1977 1013/571/529
f 1757/601/558 1759/2045/1992 985/1977/1927
f 1759/2045/1992 1760/2046/1997 986/1978/1993
f 1760/2046/1994 1761/2051/1999 987/2047/1995
f 987/2048/1995 1761/2052/1999 1758/696/642
f 1064/662/612 1066/2049/1996 1759/2045/1992
f 1066/2049/1996 1067/2050/2015 1760/2046/1997
f 1067/2050/1998 1068/2070/2017 1761/2051/1999
f 1761/2052/1999 1068/2072/2017 1065/590/547
f 1762/508/470 1764/2054/2001 1063/2053/2000
f 1764/2054/2001 1765/2056/2006 1062/2055/2002
f 1765/2056/2003 1766/2059/2007 1061/2057/2004
f 1061/2058/2004 1766/2060/2007 1763/586/543
f 974/510/472 977/1981/1931 1764/2054/2001
f 977/1981/1931 976/1983/1933 1765/2056/2006
f 976/1983/1936 975/1985/1935 1766/2059/2007
f 1766/2060/2007 975/1986/1935 973/548/507
f 1076/1295/1248 1767/677/624 1769/2061/2008
f 1087/1293/1246 1769/2061/2008 1770/2062/2009
f 1088/1286/1235 1770/2062/2009 1771/2063/2010
f 1078/1282/1231 1771/2063/2010 1768/652/605
f 1767/677/624 1069/679/626 1071/2064/2011
f 1769/2061/2008 1071/2064/2011 1072/2065/2012
f 1770/2062/2009 1072/2065/2012 1073/2066/2013
f 1771/2063/2010 1073/2066/2013 1070/2067/553
f 1772/678/625 1774/2068/2014 1066/2049/1996
f 1774/2068/2014 1775/2069/2019 1067/2050/2015
f 1775/2069/2016 1776/2073/2018 1068/2070/2017
f 1776/2071/2018 1773/598/555 1065/590/547
f 1076/1295/1248 1089/1294/1247 1774/2068/2014
f 1089/1294/1247 1083/1297/1250 1775/2069/2019
f 1083/1297/2020 1082/1291/1240 1776/2073/2018
f 1082/2074/1240 1075/2193/1237 1773/598/555
f 1777/680/627 1779/2075/2021 1071/2064/2011
f 1779/2075/2021 1780/2076/2023 1072/2065/2012
f 1780/2076/2022 1781/2078/2024 1073/2066/2013
f 1073/2077/2013 1781/2079/2024 1778/594/551
f 1060/708/654 1063/2053/2000 1779/2075/2021
f 1063/2053/2000 1062/2055/2002 1780/2076/2023
f 1062/2055/2005 1061/2057/2004 1781/2078/2024
f 1061/2058/2004 1059/588/545 1778/594/551
f 1782/676/623 1784/2081/2026 1116/2080/2025
f 1785/2083/2028 1786/2085/2030 1114/2084/2029
f 1786/2085/2030 1783/720/666 1112/721/667
f 1097/623/578 1099/2086/2031 1784/2081/2026
f 1099/2086/2031 1100/2087/2032 1785/2083/2028
f 1100/2087/2032 1101/2088/2033 1786/2085/2030
f 1101/2088/2033 1098/719/665 1783/720/666
f 1118/617/572 1787/616/571 1789/2089/2034
f 1121/2090/2035 1789/2089/2034 1790/2091/2036
f 1120/2092/2037 1790/2091/2036 1791/2093/2038
f 1119/2094/2039 1791/2093/2038 1788/657/608
f 1789/2089/2034 1104/2095/2040 1105/2096/2041
f 1790/2091/2036 1105/2096/2041 1106/2097/2042
f 1791/2093/2038 1106/2097/2042 1103/658/609
f 1093/613/568 1792/604/560 1794/2098/2043
f 1096/2099/2044 1794/2098/2043 1795/2100/2045
f 1095/2101/2046 1795/2100/2045 1796/2102/2047
f 1094/2103/2048 1796/2102/2047 1793/674/622
f 1792/604/560 1113/603/559 1116/2080/2025
f 1794/2098/2043 1116/2080/2025 1115/2082/2027
f 1795/2100/2045 1115/2082/2027 1114/2084/2029
f 1796/2102/2047 1114/2084/2029 1112/721/667
f 1799/2105/2050 1800/2107/2052 1110/2106/2051
f 1801/2109/2054 1798/695/641 1107/712/658
f 1118/617/572 1121/2090/2035 1799/2105/2050
f 1121/2090/2035 1120/2092/2037 1800/2107/2052
f 1119/2094/2039 1117/660/611 1798/695/641
f 1804/2111/2056 1805/2113/2058 1125/2112/2057
f 1806/2115/2060 1803/626/581 1122/610/565
f 1108/659/610 1111/2104/2049 1804/2111/2056
f 1111/2104/2049 1110/2106/2051 1805/2113/2058
f 1109/2108/2053 1107/712/658 1803/626/581
f 1807/624/579 1809/2116/2061 1099/2086/2031
f 1809/2116/2061 1810/2117/2062 1100/2087/2032
f 1810/2117/2062 1811/2118/2063 1101/2088/2033
f 1811/2118/2063 1808/606/562 1098/719/665
f 1127/629/584 1129/2119/2064 1809/2116/2061
f 1129/2119/2064 1130/2120/2065 1810/2117/2062
f 1130/2120/2065 1131/2121/2066 1811/2118/2063
f 1131/2121/2066 1128/672/620 1808/606/562
f 1812/630/585 1814/2122/2067 1129/2119/2064
f 1814/2122/2067 1815/2123/2068 1130/2120/2065
f 1815/2123/2068 1816/2124/2069 1131/2121/2066
f 1816/2124/2069 1813/713/659 1128/672/620
f 1137/634/589 1139/2125/2070 1814/2122/2067
f 1139/2125/2070 1140/2126/2071 1815/2123/2068
f 1140/2126/2071 1141/2127/2072 1816/2124/2069
f 1141/2127/2072 1138/710/656 1813/713/659
f 1817/625/580 1819/2129/2074 1136/2128/2073
f 1819/2129/2074 1820/2131/2076 1135/2130/2075
f 1820/2131/2076 1821/2133/2078 1134/2132/2077
f 1123/689/636 1126/2110/2055 1819/2129/2074
f 1126/2110/2055 1125/2112/2057 1820/2131/2076
f 1125/2112/2057 1124/2114/2059 1821/2133/2078
f 1124/2114/2059 1122/610/565 1818/612/567
f 1159/718/664 1822/671/619 1824/2134/2079
f 1162/1313/1270 1824/2134/2079 1825/2135/2080
f 1163/1315/1272 1825/2135/2080 1826/2136/2081
f 1170/1321/1278 1826/2136/2081 1823/703/649
f 1822/671/619 1142/670/618 1145/1299/1253
f 1824/2134/2079 1145/1299/1253 1155/1303/1257
f 1825/2135/2080 1155/1303/1257 1154/1309/1265
f 1826/2136/2081 1154/1309/1265 1144/704/650
f 1827/636/591 1829/2137/2082 1139/2125/2070
f 1829/2137/2082 1830/2138/2083 1140/2126/2071
f 1830/2138/2083 1831/2139/2084 1141/2127/2072
f 1831/2139/2084 1828/690/637 1138/710/656
f 1161/1327/1284 1175/1326/1283 1829/2137/2082
f 1175/1326/1283 1169/1329/1286 1830/2138/2083
f 1169/1329/1286 1168/1320/1277 1831/2139/2084
f 1168/1320/1277 1160/705/651 1828/690/637
f 1832/631/586 1834/2140/2085 1149/1307/1261
f 1836/2142/2087 1833/702/648 1144/704/650
f 1135/2130/2075 1134/2132/2077 1836/2142/2087
f 1134/2132/2077 1132/633/588 1833/702/648
f 1104/2095/2040 1839/2143/2088 1840/2144/2089
f 1105/2096/2041 1840/2144/2089 1841/2145/2090
f 1106/2097/2042 1841/2145/2090 1838/697/643
f 1837/641/595 1183/642/596 1185/2146/2091
f 1839/2143/2088 1185/2146/2091 1186/2147/2092
f 1841/2145/2090 1187/2148/2093 1184/664/614
f 1179/643/597 1842/614/569 1844/2149/2094
f 1182/2150/2095 1844/2149/2094 1845/2151/2096
f 1181/2152/2097 1845/2151/2096 1846/2153/2098
f 1180/2154/2099 1846/2153/2098 1843/647/600
f 1842/614/569 1093/613/568 1096/2099/2044
f 1844/2149/2094 1096/2099/2044 1095/2101/2046
f 1845/2151/2096 1095/2101/2046 1094/2103/2048
f 1846/2153/2098 1094/2103/2048 1092/638/593
f 1847/656/607 1849/2155/2100 1196/1332/1289
f 1849/2155/2100 1850/2210/2101 1197/2156/1298
f 1850/2157/2101 1851/2158/2102 1204/1337/1294
f 1851/2158/2102 1848/684/631 1194/1338/1295
f 1188/655/603 1190/2211/2103 1849/2155/2100
f 1190/2159/2103 1191/2161/2104 1850/2157/2101
f 1191/2161/2104 1192/2162/2105 1851/2158/2102
f 1183/642/596 1852/648/601 1854/2163/2106
f 1186/2147/2092 1855/2164/2107 1856/2165/2108
f 1187/2148/2093 1856/2165/2108 1853/683/630
f 1852/648/601 1195/649/602 1207/1345/1302
f 1854/2163/2106 1207/1345/1302 1203/1339/1296
f 1855/2164/2107 1203/1339/1296 1202/1336/1293
f 1856/2165/2108 1202/1336/1293 1194/1338/1295
f 1188/650/603 1857/644/598 1859/2166/2109
f 1190/2159/2103 1859/2166/2109 1860/2167/2110
f 1191/2161/2104 1860/2167/2110 1861/2168/2111
f 1192/2162/2105 1861/2168/2111 1858/682/629
f 1857/644/598 1179/643/597 1182/2150/2095
f 1859/2166/2109 1182/2150/2095 1181/2152/2097
f 1860/2167/2110 1181/2152/2097 1180/2154/2099
f 1861/2168/2111 1180/2154/2099 1178/646/599
f 1195/649/602 1862/599/556 1864/2169/2112
f 1198/1331/1288 1864/2173/2115 1863/706/652
f 1862/599/556 1075/2193/1237 1084/2171/2113
f 1864/2173/2115 1077/2205/1232 1074/707/653
f 1865/579/536 1867/2175/2121 1037/2174/1207
f 1868/2178/2120 1866/668/616 1023/2179/1190
f 1143/637/592 1151/1306/1260 1867/2175/2121
f 1151/2181/1254 1142/670/618 1866/668/616
f 1161/1327/1284 1869/635/590 1871/2182/2123
f 1173/1325/1282 1871/2182/2123 1872/2183/2124
f 1174/1317/1274 1872/2183/2124 1873/2184/2125
f 1164/1314/1271 1873/2184/2125 1870/714/660
f 1869/635/590 1042/581/538 1051/1269/1219
f 1871/2182/2123 1051/1269/1219 1045/1263/1213
f 1872/2183/2124 1045/1263/1213 1044/1261/1211
f 1873/2184/2125 1044/1261/1211 1041/715/661
