# Blender 5.2.2 LTS
# www.blender.org
o Holocron_Esquina_01
v -5.028530 -2.912414 -3.928236
v -5.032997 -4.086623 -2.721253
v -5.030231 -3.361829 -3.560717
v -5.031746 -3.759835 -3.146738
v -5.034115 -4.380339 -2.217497
v -5.026398 -2.347935 -4.272433
v -5.140209 -2.908376 -3.924155
v -5.144672 -4.082589 -2.717171
v -5.141911 -3.357791 -3.556636
v -5.143425 -3.755801 -3.142656
v -5.145790 -4.376303 -2.213415
v -5.138077 -2.343899 -4.268351
v -5.081467 -2.136567 -4.139990
v -5.083858 -2.770582 -3.768202
v -5.085560 -3.220221 -3.400937
v -5.084881 -3.050208 -4.084188
v -5.083012 -2.555268 -4.400794
v -5.090378 -4.492489 -2.425288
v -5.089348 -4.224485 -2.877279
v -5.086582 -3.499399 -3.716415
v -5.080872 -1.987860 -4.695418
v -5.088322 -3.944727 -2.561145
v -5.089527 -4.264156 -2.005623
v -5.087074 -3.618014 -2.986712
v -5.091286 -4.727326 -1.927963
v -5.088097 -3.897623 -3.302681
v -5.179256 -4.949802 -0.587751
v -5.178699 -4.879885 -4.993523
v -5.169537 -0.471364 -4.911926
v -4.938290 -4.877406 -5.235579
v -0.526882 -4.875406 -5.231859
v -4.929100 -0.460212 -5.153816
v -4.939766 -5.120199 -5.000755
v -4.922867 -5.183432 -0.585179
v -0.543549 -5.104850 -5.032704
v -3.943111 -5.020059 -2.932106
v -2.739429 -5.015779 -4.109700
v -3.576855 -5.018047 -3.382548
v -3.163994 -5.016616 -3.781718
v -2.236500 -5.015493 -4.404833
v -4.285725 -5.023048 -2.366670
v -3.939453 -5.131789 -2.929358
v -2.735771 -5.127512 -4.106951
v -3.573196 -5.129779 -3.379801
v -3.160339 -5.128348 -3.778970
v -2.226265 -5.120067 -4.410895
v -4.282066 -5.134778 -2.363923
v -4.152908 -5.081040 -2.156321
v -3.782902 -5.077623 -2.791369
v -3.416901 -5.075611 -3.242037
v -4.099667 -5.074223 -3.070094
v -4.414883 -5.076787 -2.574272
v -2.438255 -5.065831 -4.522895
v -2.896057 -5.069943 -4.247753
v -3.733154 -5.072216 -3.520313
v -4.707912 -5.079992 -2.006044
v -2.579144 -5.073345 -3.968899
v -2.024509 -5.069728 -4.292834
v -3.003792 -5.074183 -3.640989
v -3.320541 -5.070782 -3.919698
v -2.846024 -3.902654 -5.118081
v -4.030746 -2.706677 -5.077198
v -3.298298 -3.538680 -5.113572
v -3.699928 -3.128468 -5.099140
v -4.328323 -2.211182 -5.047759
v -2.279408 -4.243225 -5.109895
v -2.832916 -3.885343 -5.227777
v -4.017639 -2.689365 -5.186894
v -3.285187 -3.521371 -5.223269
v -3.686817 -3.111156 -5.208837
v -4.315216 -2.193870 -5.157457
v -2.266296 -4.225914 -5.219593
v -2.065895 -4.104642 -5.131275
v -2.702129 -3.736823 -5.142213
v -3.154625 -3.373103 -5.137753
v -2.976810 -4.051173 -5.203644
v -2.479813 -4.364494 -5.198215
v -4.434177 -2.407038 -5.132628
v -4.161598 -2.855270 -5.162776
v -3.428860 -3.686949 -5.199087
v -1.910885 -4.655838 -5.183931
v -3.886787 -2.540774 -5.101315
v -4.209358 -1.998014 -5.072588
v -3.556042 -2.962644 -5.123274
v -4.674278 -1.913719 -5.094268
v -3.830708 -3.276977 -5.184702
v -5.031021 -3.568899 -3.357037
v -5.029400 -3.142140 -3.751594
v -5.032402 -3.931927 -2.935375
v -5.033543 -4.229741 -2.494212
v -5.034760 -4.554576 -1.862691
v -5.027592 -2.664453 -4.094723
v -5.024799 -1.922929 -4.479703
v -5.142696 -3.564865 -3.352956
v -5.141075 -3.138104 -3.747512
v -5.144081 -3.927889 -2.931293
v -5.145222 -4.225707 -2.490130
v -5.146439 -4.550541 -1.858609
v -5.139271 -2.660417 -4.090641
v -5.136475 -1.918893 -4.475622
v -5.082886 -2.513874 -3.938076
v -5.084728 -3.000450 -3.591718
v -5.083977 -2.810998 -4.247290
v -5.089882 -4.364388 -2.656709
v -5.085751 -3.279796 -3.907388
v -5.078793 -1.431193 -4.703396
v -5.088879 -4.091059 -2.327634
v -5.086346 -3.427212 -3.197166
v -5.079308 -1.563951 -4.406072
v -5.091297 -4.741721 -1.459303
v -5.081966 -2.277870 -4.549253
v -5.090839 -4.612086 -2.180484
v -5.087730 -3.790038 -2.775277
v -5.090363 -4.493030 -1.540816
v -5.087368 -3.706549 -3.512826
v -5.088753 -4.069777 -3.091391
v -4.691711 -5.107344 -2.916819
v -2.855980 -2.802492 -5.147910
v -5.126591 -2.810343 -4.711867
v -3.459934 -3.419848 -3.492169
v -5.178978 -4.914844 -2.790637
v -5.174118 -2.675624 -4.952725
v -5.174397 -2.710583 -2.749840
v -2.732586 -4.876406 -5.233720
v -4.933693 -2.668808 -5.194697
v -2.727989 -2.667808 -5.192838
v -4.931316 -5.151816 -2.792968
v -2.741657 -5.112525 -5.016730
v -2.733208 -5.144141 -2.808943
v -3.475365 -5.057576 -3.530462
v -5.080296 -3.443077 -3.500916
v -3.469803 -3.416200 -5.111944
v -5.126831 -2.841945 -2.877935
v -2.859905 -4.645855 -5.183097
v -2.870415 -5.077185 -4.778168
v -5.130733 -4.676636 -2.912959
v -4.693504 -2.797521 -5.148068
v -3.373756 -5.017255 -3.590191
v -3.767113 -5.018986 -3.162327
v -2.953114 -5.016125 -3.954401
v -2.512791 -5.015571 -4.253456
v -1.882187 -5.015524 -4.580068
v -4.108902 -5.021310 -2.683681
v -4.491802 -5.025503 -1.941088
v -3.370102 -5.128988 -3.587443
v -3.763458 -5.130718 -3.159579
v -2.949459 -5.127858 -3.951653
v -2.508312 -5.126407 -4.251810
v -1.857967 -5.104887 -4.604847
v -4.105247 -5.133043 -2.680933
v -4.488148 -5.137234 -1.938340
v -3.952053 -5.078930 -2.534189
v -3.607063 -5.076551 -3.021729
v -4.262096 -5.075423 -2.830428
v -2.675060 -5.069257 -4.389010
v -3.923512 -5.073153 -3.300174
v -4.714333 -5.084250 -1.449372
v -2.346043 -5.072721 -4.116255
v -3.213711 -5.074821 -3.449599
v -4.417385 -5.084399 -1.582966
v -1.459808 -5.050006 -4.795414
v -4.562565 -5.078338 -2.296461
v -2.179832 -5.057730 -4.655647
v -2.792839 -5.073692 -3.813609
v -1.560322 -5.062684 -4.529269
v -3.530148 -5.071424 -3.728034
v -3.109734 -5.070290 -4.092445
v -3.507111 -3.336879 -5.107443
v -3.077072 -3.727746 -5.117098
v -3.873985 -2.918961 -5.089082
v -4.175976 -2.482053 -5.063361
v -4.503613 -1.867922 -5.030730
v -2.596939 -4.067441 -5.116290
v -1.853432 -4.448133 -5.097615
v -3.493999 -3.319566 -5.217139
v -3.063965 -3.710435 -5.226796
v -3.860874 -2.901650 -5.198780
v -4.162865 -2.464742 -5.173059
v -4.490501 -1.850611 -5.140428
v -2.583824 -4.050129 -5.225986
v -1.840321 -4.430821 -5.207311
v -2.444283 -3.904954 -5.140065
v -2.933315 -3.562073 -5.141262
v -2.736481 -4.212616 -5.202210
v -4.303699 -2.636554 -5.148851
v -3.207722 -3.876108 -5.202632
v -1.356201 -4.662577 -5.136767
v -4.035141 -2.310241 -5.087568
v -3.363358 -3.171210 -5.131607
v -1.492134 -4.367633 -5.113173
v -4.686840 -1.472890 -5.067797
v -2.201614 -4.511318 -5.191754
v -4.556355 -2.164214 -5.114091
v -3.730034 -2.753068 -5.113203
v -4.437759 -1.554322 -5.057069
v -3.637753 -3.485235 -5.192976
v -4.004826 -3.067543 -5.174660
v -5.178944 -5.148404 -0.048321
v -5.175510 -5.149514 -0.051052
v -5.174412 -5.153034 -0.048926
v -5.178692 -5.147871 -0.049468
v -5.177952 -5.147895 -0.050390
v -5.178600 -5.150179 -0.048474
v -5.178211 -5.149914 -0.050445
v -5.177612 -5.149853 -0.051732
v -5.174492 -5.150850 -0.051032
v -5.173923 -5.151991 -0.050621
v -5.176834 -5.148471 -0.050947
v -5.176266 -5.150247 -0.051673
v -5.175888 -5.151609 -0.051834
v -5.176147 -5.152686 -0.048801
v -5.177620 -5.151683 -0.048642
v -5.173897 -5.152757 -0.049882
v -5.175926 -5.152246 -0.050648
v -5.177464 -5.151469 -0.050981
v -5.032948 -3.067483 -4.103488
v -5.029091 -3.065874 -4.101653
v -5.031475 -3.067754 -4.103787
v -5.030228 -3.067543 -4.103543
v -5.029388 -3.066885 -4.102793
v -5.032307 -3.913273 -3.320127
v -5.036163 -3.914898 -3.321980
v -5.032604 -3.914288 -3.321275
v -5.033440 -3.914952 -3.322030
v -5.034691 -3.915167 -3.322278
v -5.027969 -2.758963 -3.754833
v -5.031933 -2.757094 -3.752738
v -5.028267 -2.757932 -3.753669
v -5.029125 -2.757214 -3.752861
v -5.030411 -2.756920 -3.752535
v -5.035149 -3.604525 -2.971250
v -5.031185 -3.606400 -2.973350
v -5.033630 -3.604354 -2.971047
v -5.032341 -3.604647 -2.971375
v -5.031483 -3.605368 -2.972184
v -5.034645 -3.516675 -3.735716
v -5.030792 -3.515067 -3.733882
v -5.033176 -3.516945 -3.736014
v -5.031925 -3.516733 -3.735770
v -5.031090 -3.516075 -3.735022
v -5.033634 -3.206735 -3.385473
v -5.029675 -3.208596 -3.387560
v -5.032116 -3.206561 -3.385269
v -5.030827 -3.206853 -3.385594
v -5.029972 -3.207567 -3.386398
v -5.036404 -3.931243 -2.545684
v -5.032433 -3.933148 -2.547819
v -5.034882 -3.931071 -2.545484
v -5.033592 -3.931372 -2.545818
v -5.032734 -3.932102 -2.546639
v -5.033554 -4.240098 -2.894685
v -5.037430 -4.241756 -2.896573
v -5.033852 -4.241128 -2.895848
v -5.034695 -4.241801 -2.896614
v -5.035950 -4.242021 -2.896869
v -5.037617 -4.250672 -1.990164
v -5.033638 -4.252097 -1.993281
v -5.036091 -4.250462 -1.990036
v -5.034798 -4.250661 -1.990584
v -5.033936 -4.251236 -1.991724
v -5.034588 -4.508581 -2.441714
v -5.038483 -4.509751 -2.444574
v -5.034889 -4.509424 -2.443250
v -5.035732 -4.509943 -2.444334
v -5.036995 -4.510057 -2.444799
v -5.039421 -4.742658 -0.979627
v -5.035397 -4.737416 -0.992194
v -5.039391 -4.740776 -0.979070
v -5.037884 -4.741950 -0.982464
v -5.036579 -4.740705 -0.985848
v -5.038052 -4.741736 -0.980242
v -5.036777 -4.740730 -0.982443
v -5.037178 -4.740599 -0.980960
v -5.035698 -4.737370 -0.988928
v -5.036564 -4.737991 -0.985288
v -5.035706 -4.739112 -0.989265
v -5.036148 -4.739244 -0.985379
v -5.036770 -4.739578 -0.982204
v -5.039764 -4.742190 -0.977732
v -5.037861 -4.739188 -0.981826
v -5.038040 -4.740438 -0.979939
v -5.038147 -4.741383 -0.978924
v -5.039421 -4.744579 -1.947237
v -5.035492 -4.741618 -1.948396
v -5.037922 -4.744752 -1.947772
v -5.036652 -4.744250 -1.948179
v -5.035797 -4.743150 -1.948399
v -5.031094 -2.572540 -4.420088
v -5.027218 -2.569843 -4.418894
v -5.029613 -2.572729 -4.420437
v -5.028358 -2.572282 -4.420332
v -5.027515 -2.571268 -4.419790
v -5.025581 -2.126112 -4.126025
v -5.029541 -2.123080 -4.124527
v -5.025879 -2.124635 -4.125089
v -5.026733 -2.123541 -4.124476
v -5.028023 -2.122995 -4.124279
v -5.025093 -2.005783 -4.711873
v -5.028976 -2.005121 -4.714703
v -5.025387 -2.005926 -4.713399
v -5.026230 -2.005850 -4.714473
v -5.027493 -2.005567 -4.714929
v -5.024826 -0.865445 -4.695997
v -5.024807 -0.864962 -4.694175
v -5.020885 -0.878902 -4.690819
v -5.025040 -0.864120 -4.695900
v -5.023312 -0.868488 -4.695283
v -5.023453 -0.866234 -4.695041
v -5.023533 -0.864905 -4.694680
v -5.022594 -0.867075 -4.693899
v -5.023300 -0.867942 -4.692566
v -5.022022 -0.871639 -4.691364
v -5.025032 -0.863856 -4.694914
v -5.023449 -0.865977 -4.693767
v -5.022205 -0.868410 -4.692895
v -5.021179 -0.875767 -4.692479
v -5.022030 -0.872111 -4.694046
v -5.021175 -0.875487 -4.690748
v -5.021603 -0.871731 -4.692578
v -5.022209 -0.868611 -4.694032
v -5.140648 -3.028758 -4.060191
v -5.136818 -3.032930 -4.064888
v -5.140358 -3.029963 -4.061550
v -5.139530 -3.031179 -4.062920
v -5.138287 -3.032221 -4.064092
v -5.140030 -3.880347 -3.283381
v -5.143867 -3.876160 -3.278666
v -5.141502 -3.879636 -3.282584
v -5.142746 -3.878590 -3.281409
v -5.143578 -3.877369 -3.280033
v -5.135784 -2.784070 -3.783666
v -5.139767 -2.788007 -3.788133
v -5.137306 -2.784685 -3.784369
v -5.138596 -2.785650 -3.785464
v -5.139462 -2.786817 -3.786786
v -5.142982 -3.635441 -3.006647
v -5.139000 -3.631500 -3.002176
v -5.142677 -3.634249 -3.005299
v -5.141811 -3.633082 -3.003976
v -5.140518 -3.632115 -3.002879
v -5.142349 -3.477952 -3.692420
v -5.138519 -3.482120 -3.697113
v -5.142063 -3.479157 -3.693779
v -5.141232 -3.480369 -3.695148
v -5.139992 -3.481411 -3.696319
v -5.141472 -3.237637 -3.420857
v -5.137486 -3.233709 -3.416402
v -5.141163 -3.236451 -3.419515
v -5.140301 -3.235288 -3.418197
v -5.139008 -3.234324 -3.417103
v -5.144234 -3.962188 -2.581116
v -5.140240 -3.958213 -2.576606
v -5.143925 -3.960985 -2.579754
v -5.143059 -3.959807 -2.578419
v -5.141766 -3.958832 -2.577314
v -5.141266 -4.207212 -2.857984
v -5.145115 -4.202984 -2.853223
v -5.142742 -4.206495 -2.857182
v -5.143990 -4.205442 -2.855995
v -5.144825 -4.204209 -2.854605
v -5.145435 -4.281006 -2.026832
v -5.141441 -4.277640 -2.021083
v -5.145126 -4.280036 -2.024997
v -5.144260 -4.279055 -2.023260
v -5.142967 -4.278214 -2.021886
v -5.142281 -4.475222 -2.406000
v -5.146149 -4.471603 -2.400000
v -5.143761 -4.474550 -2.405102
v -5.145020 -4.473630 -2.403646
v -5.145855 -4.472593 -2.401854
v -5.143200 -4.769292 -1.010499
v -5.143211 -4.767742 -1.009987
v -5.147186 -4.764893 -1.028722
v -5.143547 -4.769052 -1.008628
v -5.144730 -4.769111 -1.014648
v -5.144794 -4.769063 -1.012381
v -5.144814 -4.768839 -1.011004
v -5.145573 -4.768319 -1.013905
v -5.144733 -4.766688 -1.014193
v -5.146023 -4.765776 -1.019232
v -5.144794 -4.767925 -1.012163
v -5.145885 -4.767430 -1.015612
v -5.146893 -4.766729 -1.024512
v -5.146027 -4.768212 -1.019567
v -5.146885 -4.765145 -1.024332
v -5.146450 -4.767053 -1.019712
v -5.145889 -4.768462 -1.015757
v -5.147049 -4.704516 -1.906988
v -5.143162 -4.710068 -1.908684
v -5.146759 -4.706243 -1.907192
v -5.145916 -4.707905 -1.907587
v -5.144653 -4.709247 -1.908111
v -5.138775 -2.532451 -4.377596
v -5.134933 -2.537995 -4.381498
v -5.138489 -2.534180 -4.378650
v -5.137657 -2.535841 -4.379761
v -5.136410 -2.537180 -4.380761
v -5.133389 -2.150055 -4.155453
v -5.137383 -2.155451 -4.159167
v -5.134911 -2.150781 -4.156099
v -5.136204 -2.152063 -4.157031
v -5.137074 -2.153703 -4.158108
v -5.132774 -1.970593 -4.676130
v -5.136650 -1.968653 -4.670457
v -5.134258 -1.970049 -4.675256
v -5.135513 -1.969491 -4.673871
v -5.136353 -1.969000 -4.672187
v -5.128639 -0.892387 -4.726617
v -5.132698 -0.911144 -4.722665
v -5.128651 -0.891935 -4.725100
v -5.130180 -0.896646 -4.726556
v -5.131493 -0.901704 -4.725784
v -5.130219 -0.894333 -4.726466
v -5.131336 -0.897797 -4.725961
v -5.131008 -0.895910 -4.725775
v -5.132378 -0.906673 -4.722825
v -5.131496 -0.901449 -4.723346
v -5.132378 -0.906797 -4.724416
v -5.131920 -0.901885 -4.724642
v -5.131336 -0.897687 -4.724930
v -5.128929 -0.890517 -4.726349
v -5.130188 -0.896276 -4.724145
v -5.130219 -0.894155 -4.725337
v -5.130226 -0.892936 -4.726221
v -5.173988 -4.645018 -4.742636
v -5.173981 -4.640686 -4.746815
v -5.178257 -4.649349 -4.751530
v -5.173988 -4.644665 -4.744260
v -5.173985 -4.643718 -4.745626
v -5.175621 -4.645321 -4.744593
v -5.175560 -4.644985 -4.745610
v -5.175613 -4.642597 -4.747199
v -5.177002 -4.644914 -4.748229
v -5.173985 -4.642319 -4.746522
v -5.175560 -4.643637 -4.746899
v -5.177929 -4.647668 -4.749406
v -5.177456 -4.646286 -4.748330
v -5.176823 -4.645547 -4.746953
v -1.026630 -4.649982 -5.226430
v -1.025372 -4.646969 -5.226371
v -1.012859 -4.654243 -5.230712
v -1.025230 -4.649757 -5.226426
v -1.023491 -4.650290 -5.228060
v -1.021542 -4.650397 -5.228879
v -1.019371 -4.651419 -5.229452
v -1.024548 -4.648127 -5.226393
v -1.022717 -4.649527 -5.227989
v -1.015919 -4.653175 -5.230389
v -1.018532 -4.651742 -5.229905
v -5.174469 -4.708072 -1.083289
v -5.178741 -4.712761 -1.069631
v -5.174461 -4.705079 -1.081986
v -5.176102 -4.708459 -1.080243
v -5.174469 -4.707865 -1.081884
v -5.178413 -4.711652 -1.072591
v -5.177937 -4.710099 -1.075246
v -5.174465 -4.706245 -1.081179
v -5.176041 -4.707746 -1.079342
v -5.166195 -0.979819 -4.676931
v -5.166191 -0.978627 -4.673892
v -5.170429 -0.965937 -4.681330
v -5.166191 -0.977706 -4.676007
v -5.167820 -0.976837 -4.677229
v -5.168633 -0.974723 -4.677380
v -5.167816 -0.975751 -4.676297
v -5.170113 -0.969326 -4.679610
v -5.169643 -0.971685 -4.678785
v -4.667732 -5.171450 -1.078074
v -4.664688 -5.171281 -1.077015
v -4.670292 -5.175529 -1.065625
v -4.666733 -5.171630 -1.076003
v -4.667374 -5.172974 -1.075355
v -4.667206 -5.173768 -1.073268
v -4.666584 -5.172886 -1.074062
v -4.668312 -5.174256 -1.070861
v -4.668762 -5.175182 -1.068619
v -4.667694 -5.174305 -1.072020
v -4.669617 -5.175184 -1.067898
v -4.693165 -4.640064 -5.226744
v -4.701920 -4.644406 -5.231089
v -4.697414 -4.635795 -5.226662
v -4.695114 -4.640368 -5.228381
v -4.694794 -4.639736 -5.226739
v -4.696133 -4.640044 -5.228318
v -4.697460 -4.640598 -5.229589
v -4.698738 -4.639992 -5.229759
v -4.699852 -4.642715 -5.230733
v -4.698811 -4.641344 -5.230236
v -4.697098 -4.637425 -5.226695
v -4.696175 -4.638810 -5.226721
v -4.697762 -4.637690 -5.228331
v -4.697445 -4.638721 -5.228293
v -4.689583 -0.957589 -5.156450
v -4.694248 -0.943628 -5.160496
v -4.686573 -0.956353 -5.156427
v -4.689934 -0.954580 -5.158028
v -4.689354 -0.956189 -5.156424
v -4.690125 -0.952448 -5.158812
v -4.692459 -0.947024 -5.160218
v -4.691586 -0.949394 -5.159779
v -4.687721 -0.955521 -5.156411
v -4.689240 -0.953577 -5.157952
v -4.700321 -5.121362 -4.757020
v -4.704121 -5.125479 -4.765097
v -4.696102 -5.121284 -4.761363
v -4.700630 -5.122962 -4.759059
v -4.700012 -5.121329 -4.758654
v -4.700302 -5.122885 -4.760007
v -4.700821 -5.124126 -4.761290
v -4.702400 -5.125187 -4.763667
v -4.700275 -5.124287 -4.762455
v -4.701485 -5.124738 -4.762490
v -4.697731 -5.121288 -4.761007
v -4.699100 -5.121303 -4.760054
v -4.698063 -5.122918 -4.761646
v -4.699028 -5.122863 -4.761294
v -1.058834 -5.106012 -4.829113
v -1.047745 -5.108741 -4.835494
v -1.057480 -5.106031 -4.825954
v -1.057365 -5.105995 -4.828886
v -1.055702 -5.107027 -4.830331
v -1.052399 -5.107946 -4.832967
v -1.049934 -5.108548 -4.834075
v -1.056633 -5.106005 -4.827176
v -1.056591 -5.105993 -4.828205
v -5.168640 0.023210 -5.142523
v -5.165154 0.025813 -5.143646
v -5.163963 0.023230 -5.147137
v -5.168373 0.024300 -5.141997
v -5.167618 0.025178 -5.142024
v -5.168285 0.023229 -5.144302
v -5.164101 0.025741 -5.144976
v -5.163506 0.025225 -5.146105
v -5.166489 0.025709 -5.142603
v -5.165752 0.023240 -5.146798
v -5.167271 0.023239 -5.145802
v -5.163456 0.024343 -5.146864
v -5.175133 -5.191322 -0.105318
v -5.176292 -5.187868 -0.103369
v -5.179775 -5.186848 -0.105866
v -5.174637 -5.191069 -0.104464
v -5.174683 -5.190322 -0.103794
v -5.176910 -5.190985 -0.105457
v -5.176693 -5.190606 -0.103695
v -5.176659 -5.190011 -0.102562
v -5.177624 -5.186880 -0.103392
v -5.178753 -5.186339 -0.103875
v -5.175262 -5.189200 -0.103409
v -5.177048 -5.188662 -0.102710
v -5.178406 -5.188306 -0.102602
v -5.179424 -5.188563 -0.105754
v -5.178421 -5.190015 -0.105610
v -5.179508 -5.186328 -0.104744
v -5.179016 -5.188347 -0.103836
v -5.178253 -5.189872 -0.103345
v -5.179146 -5.110415 -5.235511
v -5.174625 -5.110373 -5.240067
v -5.175076 -5.114927 -5.236076
v -5.178802 -5.110392 -5.237256
v -5.177822 -5.110374 -5.238734
v -5.178841 -5.112134 -5.235657
v -5.178345 -5.112052 -5.237303
v -5.177681 -5.111993 -5.238620
v -5.177326 -5.112965 -5.238284
v -5.174732 -5.112085 -5.239787
v -5.174858 -5.113554 -5.238928
v -5.176353 -5.110368 -5.239721
v -5.176373 -5.112028 -5.239292
v -5.176399 -5.113362 -5.238707
v -5.176640 -5.114574 -5.235963
v -5.177959 -5.113595 -5.235816
v -5.174976 -5.114552 -5.237627
v -5.176510 -5.114051 -5.237488
v -5.177742 -5.113382 -5.237363
v -0.040928 -5.096560 -5.233008
v -0.038357 -5.097483 -5.229497
v -0.040154 -5.100967 -5.229603
v -0.039761 -5.096010 -5.232714
v -0.038864 -5.095991 -5.231943
v -0.040722 -5.098235 -5.232759
v -0.038799 -5.097980 -5.232358
v -0.037537 -5.097913 -5.231751
v -0.038136 -5.098827 -5.228818
v -0.038399 -5.099960 -5.228598
v -0.038372 -5.096511 -5.230814
v -0.037563 -5.098271 -5.230485
v -0.037334 -5.099611 -5.230321
v -0.040302 -5.100619 -5.230917
v -0.040501 -5.099660 -5.232025
v -0.039108 -5.100712 -5.228875
v -0.038483 -5.100220 -5.230532
v -0.038235 -5.099477 -5.231785
v -5.087479 -4.708257 -1.083281
v -5.087471 -4.705262 -1.081978
v -5.083206 -4.703903 -1.089215
v -5.087479 -4.708251 -1.081420
v -5.087475 -4.707679 -1.080519
v -5.085846 -4.707730 -1.084189
v -5.085888 -4.707215 -1.081591
v -5.085014 -4.706733 -1.082701
v -5.085838 -4.704964 -1.082985
v -5.084457 -4.704600 -1.084714
v -5.087475 -4.706630 -1.080715
v -5.083534 -4.705373 -1.087400
v -5.084461 -4.706716 -1.085636
v -5.083530 -4.704228 -1.086902
v -5.083927 -4.705751 -1.084966
v -5.084679 -4.706829 -1.083646
v -5.086998 -4.645203 -4.742629
v -5.082726 -4.640953 -4.742547
v -5.086987 -4.640871 -4.746807
v -5.085365 -4.644883 -4.742623
v -5.083981 -4.643962 -4.742605
v -5.086998 -4.644850 -4.744253
v -5.085323 -4.644464 -4.744284
v -5.084198 -4.643718 -4.744188
v -5.083054 -4.640924 -4.744178
v -5.083977 -4.640898 -4.745558
v -5.083054 -4.642583 -4.742577
v -5.083447 -4.642592 -4.744251
v -5.084194 -4.642488 -4.745372
v -5.086990 -4.642506 -4.746515
v -5.086994 -4.643903 -4.745618
v -5.085358 -4.640878 -4.746482
v -5.085320 -4.642557 -4.746124
v -5.085407 -4.643694 -4.745394
v -5.079205 -0.980004 -4.676922
v -5.074955 -0.986108 -4.672775
v -5.079201 -0.978812 -4.673884
v -5.077576 -0.980937 -4.676423
v -5.076195 -0.982423 -4.675461
v -5.079201 -0.978144 -4.676846
v -5.077530 -0.979107 -4.676293
v -5.076408 -0.980428 -4.675501
v -5.076744 -0.979488 -4.675372
v -5.075275 -0.983784 -4.673018
v -5.076195 -0.981580 -4.673312
v -5.075275 -0.984241 -4.674179
v -5.075661 -0.981793 -4.674469
v -5.079197 -0.977499 -4.675203
v -5.079197 -0.977265 -4.676243
v -5.077572 -0.979835 -4.673617
v -5.077530 -0.978583 -4.674957
v -4.693176 -4.641728 -5.139767
v -4.697430 -4.637456 -5.139685
v -4.693169 -4.637550 -5.135427
v -4.694809 -4.641400 -5.139762
v -4.696186 -4.640473 -5.139744
v -4.693176 -4.641435 -5.138132
v -4.694847 -4.641040 -5.138085
v -4.695969 -4.640287 -5.138154
v -4.697105 -4.637489 -5.138056
v -4.696182 -4.637516 -5.136674
v -4.697109 -4.639088 -5.139718
v -4.696716 -4.639162 -5.138049
v -4.695969 -4.639100 -5.136922
v -4.693172 -4.639172 -5.135783
v -4.693176 -4.640537 -5.136732
v -4.694798 -4.637540 -5.135750
v -4.694843 -4.639203 -5.136175
v -4.694763 -4.640312 -5.136944
v -1.026646 -4.651643 -5.139452
v -1.032639 -4.647449 -5.135112
v -1.025383 -4.648630 -5.139394
v -1.027557 -4.651157 -5.137812
v -1.029018 -4.650190 -5.136410
v -1.024784 -4.651609 -5.139452
v -1.025726 -4.651066 -5.137768
v -1.026085 -4.650156 -5.136962
v -1.030319 -4.647734 -5.135441
v -1.028130 -4.648059 -5.136370
v -1.030804 -4.648888 -5.135462
v -1.028362 -4.649222 -5.135861
v -1.026672 -4.649414 -5.136613
v -1.024101 -4.649979 -5.139421
v -1.023891 -4.651024 -5.139441
v -1.026394 -4.648374 -5.137759
v -1.025173 -4.649741 -5.137744
v -4.689598 -0.959250 -5.069474
v -4.686584 -0.958016 -5.069451
v -4.685349 -0.965394 -5.065331
v -4.689365 -0.957850 -5.069449
v -4.689278 -0.960670 -5.067871
v -4.688919 -0.958974 -5.067896
v -4.688408 -0.957894 -5.067917
v -4.687923 -0.959091 -5.067022
v -4.685841 -0.959261 -5.067845
v -4.685341 -0.961099 -5.066496
v -4.687737 -0.957181 -5.069435
v -4.687286 -0.958304 -5.067884
v -4.686958 -0.959615 -5.066649
v -4.686977 -0.963995 -5.065628
v -4.688354 -0.962337 -5.066521
v -4.685169 -0.963254 -5.065615
v -4.686909 -0.961579 -5.066054
v -4.688244 -0.960144 -5.066658
v -4.698765 -5.102161 -1.076773
v -4.696247 -5.098180 -1.082750
v -4.695541 -5.102371 -1.075671
v -4.699108 -5.100649 -1.078133
v -4.698750 -5.099362 -1.079746
v -4.698425 -5.102410 -1.075388
v -4.698669 -5.100846 -1.076453
v -4.698524 -5.099606 -1.077591
v -4.697987 -5.100025 -1.076593
v -4.695763 -5.098527 -1.080795
v -4.695457 -5.099444 -1.078763
v -4.697746 -5.098494 -1.081368
v -4.697399 -5.098985 -1.079055
v -4.697121 -5.099643 -1.077170
v -4.696682 -5.102523 -1.074791
v -4.697697 -5.102539 -1.074691
v -4.695381 -5.100795 -1.076964
v -4.696899 -5.100917 -1.075896
v -4.698078 -5.100973 -1.075411
v -4.700024 -5.034405 -4.755409
v -4.695763 -5.034342 -4.759669
v -4.695747 -5.030162 -4.755330
v -4.699699 -5.034375 -4.757039
v -4.698776 -5.034353 -4.758420
v -4.699696 -5.032777 -4.755377
v -4.699303 -5.032706 -4.757048
v -4.698555 -5.032773 -4.758174
v -4.695759 -5.032718 -4.759312
v -4.695755 -5.031353 -4.758364
v -4.697395 -5.034341 -4.759344
v -4.697430 -5.032677 -4.758921
v -4.697342 -5.031569 -4.758153
v -4.697380 -5.030481 -4.755336
v -4.698765 -5.031396 -4.755353
v -4.695747 -5.030457 -4.756964
v -4.697422 -5.030841 -4.757015
v -4.698551 -5.031586 -4.756943
v -1.031345 -5.047108 -4.762545
v -1.030033 -5.047171 -4.759389
v -1.035831 -5.044346 -4.755095
v -1.029881 -5.047118 -4.762305
v -1.029114 -5.047134 -4.761618
v -1.032372 -5.046028 -4.760998
v -1.030540 -5.046080 -4.760675
v -1.029366 -5.046120 -4.760192
v -1.030254 -5.045519 -4.759045
v -1.030556 -5.046099 -4.757596
v -1.031841 -5.045187 -4.756152
v -1.029167 -5.047151 -4.760596
v -1.034801 -5.044534 -4.756966
v -1.033588 -5.045126 -4.759040
v -1.033695 -5.044572 -4.755271
v -1.032387 -5.044858 -4.757300
v -1.031288 -5.045255 -4.759072
v -4.118813 -5.022020 -3.086722
v -4.116959 -5.018192 -3.085073
v -4.119106 -5.020545 -3.086973
v -4.118855 -5.019298 -3.086749
v -4.118103 -5.018473 -3.086082
v -3.337811 -5.014750 -3.934660
v -3.339687 -5.018573 -3.936327
v -3.338963 -5.015029 -3.935676
v -3.339725 -5.015855 -3.936348
v -3.339977 -5.017098 -3.936578
v -3.769279 -5.021924 -2.779150
v -3.767197 -5.025916 -2.777333
v -3.768116 -5.022239 -2.778126
v -3.767307 -5.023106 -2.777421
v -3.766987 -5.024398 -2.777143
v -2.988091 -5.022476 -3.626954
v -2.990181 -5.018482 -3.628776
v -2.987881 -5.020959 -3.626763
v -2.988205 -5.019666 -3.627042
v -2.989010 -5.018797 -3.627748
v -3.752304 -5.020004 -3.536942
v -3.750446 -5.016184 -3.535293
v -3.752594 -5.018531 -3.537193
v -3.752342 -5.017288 -3.536968
v -3.751591 -5.016464 -3.536301
v -3.401196 -5.023902 -3.227999
v -3.403271 -5.019910 -3.229810
v -3.400986 -5.022384 -3.227808
v -3.401306 -5.021093 -3.228086
v -3.402107 -5.020223 -3.228787
v -2.563442 -5.021646 -3.954867
v -2.565567 -5.017645 -3.956718
v -2.563236 -5.020126 -3.954678
v -2.563564 -5.018831 -3.954962
v -2.564384 -5.017962 -3.955680
v -2.913288 -5.013912 -4.262681
v -2.915199 -5.017742 -4.264380
v -2.914455 -5.014194 -4.263709
v -2.915230 -5.015020 -4.264392
v -2.915489 -5.016267 -4.264629
v -2.008865 -5.021255 -4.276114
v -2.011929 -5.017353 -4.277231
v -2.008717 -5.019773 -4.275790
v -2.009247 -5.018510 -4.275888
v -2.010376 -5.017660 -4.276394
v -2.461075 -5.013631 -4.532438
v -2.463367 -5.017478 -4.533996
v -2.462570 -5.013914 -4.533307
v -2.463531 -5.014743 -4.533908
v -2.463810 -5.015995 -4.534150
v -1.000011 -5.020601 -4.772484
v -1.012211 -5.017444 -4.765366
v -0.999260 -5.020436 -4.770461
v -1.002808 -5.019391 -4.771063
v -1.006107 -5.018366 -4.769212
v -0.998638 -5.020731 -4.772454
v -1.000504 -5.019488 -4.770893
v -1.002640 -5.018510 -4.769313
v -1.001141 -5.018809 -4.769345
v -1.009029 -5.017684 -4.765423
v -1.005455 -5.018334 -4.766411
v -1.009411 -5.017684 -4.767211
v -1.005527 -5.018026 -4.767527
v -0.998230 -5.020641 -4.771360
v -1.002022 -5.019303 -4.768180
v -1.000130 -5.019444 -4.769537
v -1.953754 -5.017571 -4.773099
v -1.969337 -5.017798 -4.769589
v -1.968414 -5.013783 -4.766865
v -1.957455 -5.017562 -4.772828
v -1.961712 -5.017602 -4.772066
v -1.957115 -5.016119 -4.772015
v -1.960785 -5.016177 -4.771641
v -1.963966 -5.016232 -4.771247
v -1.965103 -5.015413 -4.770597
v -1.969460 -5.016251 -4.769678
v -1.969326 -5.014943 -4.769191
v -1.965889 -5.017687 -4.770927
v -1.966778 -5.016243 -4.770489
v -1.967289 -5.015086 -4.769986
v -1.965050 -5.014071 -4.768642
v -1.961082 -5.014891 -4.770450
v -1.968960 -5.014075 -4.768203
v -1.966373 -5.014501 -4.769385
v -1.963692 -5.015059 -4.770546
v -4.434021 -5.024595 -2.590895
v -4.432804 -5.020759 -2.588157
v -4.434364 -5.023116 -2.591065
v -4.434254 -5.021865 -2.590605
v -4.433708 -5.021037 -2.589583
v -4.138699 -5.025333 -2.145267
v -4.137207 -5.029335 -2.142284
v -4.137756 -5.025650 -2.143795
v -4.137146 -5.026522 -2.142713
v -4.136951 -5.027815 -2.142181
v -4.724201 -5.023948 -2.023284
v -4.727043 -5.027829 -2.022660
v -4.725727 -5.024236 -2.023427
v -4.726807 -5.025074 -2.023359
v -4.727268 -5.026336 -2.023088
v -4.705151 -5.036781 -0.883066
v -4.703323 -5.036778 -0.882588
v -4.699993 -5.032710 -0.896490
v -4.704666 -5.037094 -0.881185
v -4.704437 -5.035234 -0.886092
v -4.704193 -5.035405 -0.883843
v -4.703827 -5.035503 -0.882514
v -4.703049 -5.034544 -0.884676
v -4.701717 -5.035240 -0.885557
v -4.700520 -5.033928 -0.889242
v -4.702915 -5.035408 -0.883589
v -4.702045 -5.034141 -0.886010
v -4.701645 -5.033030 -0.893357
v -4.703205 -5.033916 -0.889706
v -4.699913 -5.033037 -0.893082
v -4.701733 -5.033501 -0.889325
v -4.703182 -5.034137 -0.886209
v -4.075832 -5.130326 -3.049356
v -4.080521 -5.126435 -3.053465
v -4.077190 -5.130019 -3.050552
v -4.078560 -5.129172 -3.051753
v -4.079727 -5.127915 -3.052776
v -3.301388 -5.123003 -3.903064
v -3.296696 -5.126885 -3.898952
v -3.300598 -5.124475 -3.902375
v -3.299431 -5.125733 -3.901353
v -3.298058 -5.126578 -3.900151
v -3.798607 -5.129331 -2.805406
v -3.803097 -5.133254 -2.809375
v -3.799313 -5.130844 -2.806036
v -3.800419 -5.132121 -2.807013
v -3.801746 -5.132968 -2.808185
v -3.023987 -5.129811 -3.658993
v -3.019493 -5.125886 -3.655024
v -3.022636 -5.129524 -3.657804
v -3.021309 -5.128677 -3.656631
v -3.020206 -5.127399 -3.655656
v -3.709324 -5.128318 -3.499579
v -3.714005 -5.124434 -3.503680
v -3.710682 -5.128013 -3.500772
v -3.712048 -5.127166 -3.501971
v -3.713215 -5.125910 -3.502991
v -3.437080 -5.131241 -3.260030
v -3.432602 -5.127319 -3.256073
v -3.435738 -5.130953 -3.258845
v -3.434410 -5.130107 -3.257677
v -3.433311 -5.128830 -3.256704
v -2.599373 -5.128974 -3.986932
v -2.594845 -5.125041 -3.982934
v -2.598007 -5.128686 -3.985732
v -2.596672 -5.127837 -3.984550
v -2.595558 -5.126557 -3.983568
v -2.876907 -5.122163 -4.231120
v -2.872181 -5.126047 -4.226979
v -2.876114 -5.123638 -4.230428
v -2.874939 -5.124894 -4.229399
v -2.873558 -5.125741 -4.228188
v -2.045788 -5.122021 -4.313259
v -2.040154 -5.118198 -4.309552
v -2.044018 -5.121743 -4.312249
v -2.042324 -5.120920 -4.311191
v -2.040966 -5.119675 -4.310243
v -2.413116 -5.114227 -4.511785
v -2.406761 -5.118110 -4.508543
v -2.412022 -5.115697 -4.511266
v -2.410431 -5.116953 -4.510471
v -2.408585 -5.117800 -4.509513
v -1.030682 -5.085755 -4.832119
v -1.030087 -5.086092 -4.830477
v -1.046249 -5.089115 -4.830223
v -1.034298 -5.086942 -4.832778
v -1.032185 -5.087040 -4.832659
v -1.030903 -5.087117 -4.832380
v -1.033470 -5.087736 -4.832310
v -1.033741 -5.087296 -4.830265
v -1.038097 -5.088294 -4.830142
v -1.029030 -5.086155 -4.831315
v -1.031918 -5.087209 -4.831481
v -1.034950 -5.088061 -4.831618
v -1.042721 -5.088761 -4.831750
v -1.038525 -5.087998 -4.832649
v -1.042488 -5.088930 -4.830125
v -1.038532 -5.088469 -4.831670
v -1.035133 -5.087936 -4.832679
v -1.847530 -5.076041 -4.804041
v -1.848053 -5.080650 -4.801637
v -1.862213 -5.076776 -4.800373
v -1.847687 -5.077574 -4.804409
v -1.847839 -5.078989 -4.804081
v -1.851028 -5.076174 -4.803727
v -1.850250 -5.077638 -4.803950
v -1.849762 -5.078852 -4.803887
v -1.851788 -5.078572 -4.803423
v -1.851410 -5.080276 -4.801759
v -1.855278 -5.079406 -4.801563
v -1.847969 -5.080070 -4.803108
v -1.850433 -5.079611 -4.802996
v -1.853012 -5.079034 -4.802799
v -1.858978 -5.076572 -4.801741
v -1.855049 -5.076360 -4.802919
v -1.859074 -5.078179 -4.801075
v -1.855789 -5.077929 -4.802346
v -1.852913 -5.077718 -4.803388
v -4.391842 -5.132897 -2.552164
v -4.395741 -5.128982 -2.557647
v -4.392899 -5.132586 -2.553885
v -4.394009 -5.131733 -2.555531
v -4.395008 -5.130469 -2.556851
v -4.168613 -5.132745 -2.170356
v -4.172356 -5.136662 -2.175786
v -4.169266 -5.134257 -2.171099
v -4.170208 -5.135531 -2.172391
v -4.171291 -5.136376 -2.174037
v -4.688782 -5.132168 -1.989426
v -4.683117 -5.136083 -1.987556
v -4.687912 -5.133660 -1.988904
v -4.686531 -5.134928 -1.988365
v -4.684845 -5.135779 -1.987891
v -4.736252 -5.140165 -0.911105
v -4.732365 -5.144021 -0.929915
v -4.734730 -5.140184 -0.910658
v -4.736206 -5.141657 -0.915380
v -4.735455 -5.142914 -0.920453
v -4.736111 -5.141719 -0.913067
v -4.735619 -5.142800 -0.916545
v -4.735428 -5.142494 -0.914657
v -4.732513 -5.143752 -0.925439
v -4.733013 -5.142928 -0.920209
v -4.734104 -5.143744 -0.925559
v -4.734314 -5.143340 -0.920642
v -4.734589 -5.142807 -0.916439
v -4.735977 -5.140472 -0.909240
v -4.733791 -5.141676 -0.915018
v -4.734982 -5.141728 -0.912893
v -4.735863 -5.141741 -0.911673
v -2.998039 -4.076540 -5.155963
v -2.996773 -4.075174 -5.151796
v -2.998425 -4.077013 -5.154562
v -2.998318 -4.076918 -5.153279
v -2.997738 -4.076272 -5.152306
v -3.850655 -3.300959 -5.132849
v -3.851933 -3.302342 -5.137025
v -3.851624 -3.302066 -5.133363
v -3.852211 -3.302717 -5.134338
v -3.852318 -3.302815 -5.135623
v -2.695290 -3.730148 -5.084367
v -2.693127 -3.727594 -5.087886
v -2.694252 -3.728955 -5.084440
v -2.693478 -3.728050 -5.085133
v -2.693081 -3.727573 -5.086343
v -3.547039 -2.953416 -5.068949
v -3.549206 -2.955974 -5.065430
v -3.546993 -2.953395 -5.067407
v -3.547386 -2.953874 -5.066196
v -3.548164 -2.954779 -5.065504
v -3.450089 -3.712317 -5.151402
v -3.448826 -3.710950 -5.147237
v -3.450478 -3.712788 -5.150002
v -3.450371 -3.712694 -5.148719
v -3.449791 -3.712049 -5.147748
v -3.145622 -3.363873 -5.083426
v -3.147774 -3.366419 -5.079907
v -3.145573 -3.363851 -5.081886
v -3.145966 -3.364328 -5.080675
v -3.146740 -3.365229 -5.079980
v -3.877789 -2.531545 -5.046993
v -3.879982 -2.534135 -5.043479
v -3.877747 -2.531526 -5.045452
v -3.878143 -2.532010 -5.044241
v -3.878929 -2.532928 -5.043549
v -4.181511 -2.879214 -5.110916
v -4.182816 -2.880627 -5.115114
v -4.182495 -2.880334 -5.111434
v -4.183090 -2.880996 -5.112413
v -4.183201 -2.881097 -5.113705
v -4.200359 -1.988785 -5.018267
v -4.202099 -1.992292 -5.014742
v -4.200279 -1.988835 -5.016723
v -4.200584 -1.989520 -5.015510
v -4.201221 -1.990732 -5.014816
v -4.454544 -2.430056 -5.080775
v -4.455387 -2.432378 -5.084991
v -4.455353 -2.431529 -5.081292
v -4.455799 -2.432487 -5.082273
v -4.455811 -2.432785 -5.083573
v -4.690426 -1.027189 -4.987221
v -4.685600 -1.039446 -4.983686
v -4.688484 -1.026662 -4.987126
v -4.689865 -1.029974 -4.985832
v -4.688755 -1.033281 -4.984675
v -4.690304 -1.025849 -4.987353
v -4.689621 -1.027836 -4.985838
v -4.688744 -1.030033 -4.984664
v -4.688568 -1.028588 -4.984959
v -4.685520 -1.036279 -4.983784
v -4.686039 -1.032737 -4.984472
v -4.687256 -1.036606 -4.983920
v -4.687332 -1.032876 -4.984133
v -4.687592 -1.029802 -4.984577
v -4.689255 -1.025561 -4.987301
v -4.687080 -1.029360 -4.985646
v -4.688313 -1.027545 -4.985750
v -4.689247 -1.026566 -4.985825
v -4.695469 -1.939042 -5.046668
v -4.692818 -1.940614 -5.043150
v -4.695763 -1.939752 -5.045293
v -4.695358 -1.940299 -5.044141
v -4.694324 -1.940602 -5.043389
v -2.501034 -4.389855 -5.150545
v -2.498676 -4.389124 -5.146347
v -2.501339 -4.390378 -5.149140
v -2.500996 -4.390423 -5.147848
v -2.500065 -4.389982 -5.146867
v -2.060219 -4.097380 -5.073458
v -2.056892 -4.095416 -5.076951
v -2.058735 -4.096410 -5.073518
v -2.057583 -4.095696 -5.074205
v -2.056934 -4.095347 -5.075409
v -1.933109 -4.678838 -5.132157
v -1.932098 -4.681185 -5.136281
v -1.933208 -4.680318 -5.132641
v -1.933052 -4.681286 -5.133597
v -1.932663 -4.681589 -5.134875
v -0.796902 -4.660183 -5.035690
v -0.796444 -4.658372 -5.035415
v -0.810696 -4.655542 -5.032294
v -0.795563 -4.660055 -5.035782
v -0.800064 -4.659660 -5.034356
v -0.797810 -4.659399 -5.034284
v -0.796482 -4.659025 -5.034212
v -0.798733 -4.658365 -5.033370
v -0.799557 -4.656962 -5.033980
v -0.803360 -4.655928 -5.032881
v -0.795315 -4.659075 -5.035635
v -0.797569 -4.658134 -5.034107
v -0.800110 -4.657420 -5.032977
v -0.807529 -4.657148 -5.032519
v -0.803795 -4.658597 -5.033243
v -0.807270 -4.655430 -5.032290
v -0.803471 -4.657184 -5.032616
v -0.800293 -4.658549 -5.033129
v -2.951168 -4.020673 -5.254224
v -2.955582 -4.025804 -5.251330
v -2.952374 -4.022063 -5.254199
v -2.953636 -4.023524 -5.253640
v -2.954765 -4.024839 -5.252633
v -3.809479 -3.251613 -5.232382
v -3.805050 -3.246463 -5.235278
v -3.808659 -3.250644 -5.233687
v -3.807529 -3.249325 -5.234695
v -3.806263 -3.247856 -5.235254
v -2.711132 -3.746054 -5.196538
v -2.714672 -3.750024 -5.201333
v -2.711613 -3.746571 -5.198179
v -2.712452 -3.747508 -5.199665
v -2.713528 -3.748719 -5.200773
v -3.568584 -2.975847 -5.182394
v -3.565041 -2.971875 -5.177600
v -3.567440 -2.974545 -5.181834
v -3.566364 -2.973332 -5.180725
v -3.565521 -2.972392 -5.179238
v -3.403221 -3.656452 -5.249667
v -3.407631 -3.661576 -5.246773
v -3.404427 -3.657837 -5.249642
v -3.405689 -3.659299 -5.249081
v -3.406815 -3.660612 -5.248076
v -3.167156 -3.386294 -5.196870
v -3.163624 -3.382333 -5.192081
v -3.166016 -3.384995 -5.196311
v -3.164944 -3.383786 -5.195204
v -3.164104 -3.382852 -5.193718
v -3.899364 -2.554011 -5.160443
v -3.895790 -2.550003 -5.155638
v -3.898209 -2.552693 -5.159880
v -3.897121 -2.551468 -5.158768
v -3.896275 -2.550523 -5.157279
v -4.140377 -2.829912 -5.210442
v -4.135906 -2.824714 -5.213346
v -4.139553 -2.828939 -5.211751
v -4.138412 -2.827608 -5.212763
v -4.137135 -2.826126 -5.213321
v -4.221352 -2.012402 -5.131702
v -4.218361 -2.007243 -5.126908
v -4.220421 -2.010643 -5.131142
v -4.219521 -2.009046 -5.130036
v -4.218800 -2.007852 -5.128547
v -4.412971 -2.381691 -5.180269
v -4.409069 -2.375322 -5.183209
v -4.412186 -2.380624 -5.181589
v -4.411171 -2.379039 -5.182611
v -4.410072 -2.377178 -5.183180
v -4.708118 -1.045642 -5.095958
v -4.706486 -1.045118 -5.095762
v -4.703438 -1.062380 -5.100676
v -4.708115 -1.044304 -5.096059
v -4.707817 -1.049372 -5.097691
v -4.707745 -1.047176 -5.097582
v -4.707500 -1.045846 -5.097485
v -4.706924 -1.048516 -5.098404
v -4.705326 -1.048921 -5.097481
v -4.704342 -1.053538 -5.099018
v -4.706573 -1.046958 -5.097481
v -4.706009 -1.050103 -5.098768
v -4.705284 -1.058431 -5.100244
v -4.706821 -1.053865 -5.099197
v -4.703678 -1.058263 -5.100140
v -4.705612 -1.053929 -5.099551
v -4.707058 -1.050245 -5.098846
v -4.647240 -1.886144 -5.145730
v -4.653084 -1.888392 -5.141875
v -4.648983 -1.886416 -5.145361
v -4.650707 -1.886938 -5.144499
v -4.652149 -1.887633 -5.143275
v -2.452797 -4.334786 -5.248771
v -2.458588 -4.339132 -5.245890
v -2.454529 -4.335871 -5.248755
v -2.456238 -4.337078 -5.248201
v -2.457664 -4.338224 -5.247196
v -2.074894 -4.113873 -5.185597
v -2.079903 -4.117099 -5.190429
v -2.075485 -4.114334 -5.187237
v -2.076645 -4.115110 -5.188735
v -2.078197 -4.116080 -5.189854
v -1.889668 -4.630483 -5.231589
v -1.887489 -4.624384 -5.234592
v -1.889015 -4.629438 -5.232908
v -1.888374 -4.627913 -5.233942
v -1.887836 -4.626136 -5.234533
v -0.814877 -4.678338 -5.144263
v -0.833286 -4.673980 -5.149362
v -0.814445 -4.676829 -5.144059
v -0.818993 -4.678106 -5.146135
v -0.823936 -4.677197 -5.147761
v -0.816689 -4.678006 -5.145967
v -0.820053 -4.677382 -5.147300
v -0.818203 -4.677232 -5.146800
v -0.828854 -4.674168 -5.148695
v -0.823715 -4.674775 -5.147454
v -0.828957 -4.675749 -5.148895
v -0.824097 -4.676013 -5.148060
v -0.819958 -4.676356 -5.147171
v -0.813309 -4.677509 -5.144253
v -0.818657 -4.675711 -5.145825
v -0.816525 -4.676888 -5.145823
v -0.815300 -4.677760 -5.145830
v -5.031578 -3.722213 -3.530285
v -5.035435 -3.723825 -3.532127
v -5.031876 -3.723223 -3.531428
v -5.032715 -3.723884 -3.532179
v -5.033962 -3.724095 -3.532424
v -5.028839 -2.988824 -3.578342
v -5.032803 -2.986962 -3.576254
v -5.029137 -2.987795 -3.577180
v -5.029995 -2.987080 -3.576376
v -5.031281 -2.986786 -3.576050
v -5.029961 -3.295466 -3.924857
v -5.033813 -3.297073 -3.926689
v -5.030258 -3.296472 -3.925995
v -5.031094 -3.297131 -3.926743
v -5.032341 -3.297340 -3.926987
v -5.030457 -3.415592 -3.183793
v -5.034424 -3.413724 -3.181703
v -5.030758 -3.414561 -3.182631
v -5.031616 -3.413844 -3.181825
v -5.032902 -3.413550 -3.181499
v -5.031841 -3.778440 -2.761931
v -5.035809 -3.776552 -2.759815
v -5.032143 -3.777400 -2.760757
v -5.032997 -3.776676 -2.759944
v -5.034286 -3.776378 -2.759612
v -5.032967 -4.085411 -3.108819
v -5.036827 -4.087050 -3.110687
v -5.033260 -4.086431 -3.109973
v -5.034100 -4.087100 -3.110733
v -5.035355 -4.087317 -3.110984
v -5.034096 -4.380051 -2.673979
v -5.037975 -4.381655 -2.675999
v -5.034393 -4.381060 -2.675193
v -5.035233 -4.381719 -2.676003
v -5.036491 -4.381928 -2.676287
v -5.032993 -4.079428 -2.314441
v -5.036964 -4.077575 -2.312173
v -5.033291 -4.078402 -2.313209
v -5.034153 -4.077688 -2.312345
v -5.035442 -4.077399 -2.311982
v -5.035442 -4.739517 -1.470300
v -5.039593 -4.743590 -1.461193
v -5.035763 -4.741122 -1.466859
v -5.036667 -4.742459 -1.463922
v -5.038010 -4.743325 -1.461932
v -5.035057 -4.629192 -2.194773
v -5.038960 -4.629344 -2.199764
v -5.035355 -4.629649 -2.197129
v -5.036201 -4.629838 -2.198904
v -5.037468 -4.629730 -2.199830
v -5.034466 -4.479952 -1.530590
v -5.038448 -4.479548 -1.525357
v -5.034767 -4.479481 -1.528223
v -5.035629 -4.479236 -1.526398
v -5.036922 -4.479261 -1.525391
v -5.027000 -2.502405 -3.924629
v -5.030964 -2.500388 -3.922612
v -5.027298 -2.501316 -3.923495
v -5.028156 -2.500550 -3.922713
v -5.029442 -2.500224 -3.922403
v -5.028187 -2.826521 -4.264838
v -5.032051 -2.828272 -4.266587
v -5.028484 -2.827585 -4.265946
v -5.029324 -2.828290 -4.266668
v -5.030575 -2.828530 -4.266893
v -5.022987 -1.442095 -4.701341
v -5.027103 -1.433062 -4.705284
v -5.023293 -1.438684 -4.702897
v -5.024178 -1.435769 -4.704193
v -5.025517 -1.433794 -4.705032
v -5.023434 -1.555931 -4.390996
v -5.027386 -1.550465 -4.390609
v -5.023727 -1.553522 -4.390485
v -5.024582 -1.551638 -4.390233
v -5.025867 -1.550564 -4.390276
v -5.026165 -2.290279 -4.568495
v -5.030056 -2.295139 -4.568543
v -5.026466 -2.292533 -4.568955
v -5.027313 -2.294247 -4.569125
v -5.028576 -2.295163 -4.568980
v -5.139309 -3.689273 -3.493525
v -5.143139 -3.685097 -3.488825
v -5.140778 -3.688562 -3.492729
v -5.142021 -3.687519 -3.491557
v -5.142849 -3.686304 -3.490185
v -5.136654 -3.013936 -3.607182
v -5.140636 -3.017866 -3.611640
v -5.138176 -3.014551 -3.607884
v -5.139465 -3.015515 -3.608978
v -5.140331 -3.016678 -3.610296
v -5.137688 -3.262518 -3.888087
v -5.141518 -3.258350 -3.883395
v -5.139156 -3.261809 -3.887292
v -5.140400 -3.260767 -3.886121
v -5.141228 -3.259554 -3.884753
v -5.138271 -3.440700 -3.212630
v -5.142258 -3.444632 -3.217090
v -5.139793 -3.441316 -3.213332
v -5.141087 -3.442279 -3.214426
v -5.141953 -3.443444 -3.215746
v -5.139652 -3.803526 -2.790740
v -5.143639 -3.807480 -2.795228
v -5.141174 -3.804143 -2.791445
v -5.142467 -3.805112 -2.792545
v -5.143333 -3.806283 -2.793874
v -5.140682 -4.052502 -3.072093
v -5.144524 -4.048297 -3.067358
v -5.142155 -4.051789 -3.071294
v -5.143402 -4.050740 -3.070113
v -5.144234 -4.049513 -3.068732
v -5.141796 -4.347119 -2.637417
v -5.145653 -4.342953 -2.632485
v -5.143272 -4.346409 -2.636601
v -5.144527 -4.345367 -2.635378
v -5.145363 -4.344154 -2.633933
v -5.140797 -4.104543 -2.343094
v -5.144791 -4.108453 -2.347769
v -5.142323 -4.105158 -2.343813
v -5.143616 -4.106117 -2.344954
v -5.144485 -4.107274 -2.346343
v -5.142982 -4.739853 -1.457414
v -5.147118 -4.734702 -1.467870
v -5.144569 -4.739416 -1.458163
v -5.145916 -4.738281 -1.460414
v -5.146809 -4.736628 -1.463823
v -5.142731 -4.594823 -2.161200
v -5.146614 -4.592493 -2.152489
v -5.144218 -4.594251 -2.160096
v -5.145477 -4.593605 -2.158052
v -5.146320 -4.592988 -2.155382
v -5.142273 -4.506514 -1.556275
v -5.146263 -4.508584 -1.564704
v -5.143799 -4.506991 -1.557281
v -5.145092 -4.507550 -1.559237
v -5.145958 -4.508110 -1.561842
v -5.134811 -2.527362 -3.953539
v -5.138798 -2.531486 -3.957906
v -5.136333 -2.527993 -3.954234
v -5.137627 -2.528998 -3.955309
v -5.138493 -2.530223 -3.956598
v -5.135906 -2.793721 -4.227991
v -5.139744 -2.789370 -4.223399
v -5.137379 -2.792997 -4.227203
v -5.138626 -2.791918 -4.226054
v -5.139454 -2.790644 -4.224718
v -5.130466 -1.429327 -4.701507
v -5.134674 -1.439540 -4.696577
v -5.132065 -1.430059 -4.701085
v -5.133423 -1.432255 -4.700001
v -5.134338 -1.435586 -4.698417
v -5.131229 -1.577438 -4.421535
v -5.135239 -1.585858 -4.423868
v -5.132755 -1.578395 -4.422075
v -5.134052 -1.580331 -4.422709
v -5.134926 -1.582952 -4.423338
v -5.133881 -2.260601 -4.529960
v -5.137718 -2.252409 -4.527452
v -5.135357 -2.259584 -4.529329
v -5.136604 -2.257669 -4.528630
v -5.137436 -2.255151 -4.527971
v -5.076729 -0.878450 -4.709636
v -5.076733 -0.878918 -4.711311
v -5.076725 -0.877285 -4.710297
v -5.091301 -4.754260 -0.994528
v -5.091309 -4.755981 -0.995066
v -5.091309 -4.755535 -0.993077
v -5.179459 -5.148640 -2.670628
v -5.175110 -5.153128 -2.670501
v -5.179131 -5.150366 -2.669908
v -5.178192 -5.151825 -2.669631
v -5.176777 -5.152796 -2.669840
v -2.607693 -5.103472 -5.236537
v -2.607613 -5.107948 -5.232819
v -2.606945 -5.105160 -5.236270
v -2.606667 -5.106604 -5.235469
v -2.606903 -5.107584 -5.234257
v -2.607327 -5.142676 -2.666433
v -2.607849 -5.146148 -2.667304
v -2.606834 -5.144015 -2.665982
v -2.607117 -5.145896 -2.666455
v -5.169308 -2.543444 -5.193599
v -5.173893 -2.543548 -5.189029
v -5.171062 -2.542704 -5.193247
v -5.172550 -2.542464 -5.192252
v -5.173542 -2.542761 -5.190771
v -5.170723 -2.581029 -2.623507
v -5.174210 -2.581851 -2.624205
v -5.172058 -2.580568 -2.623017
v -5.173943 -2.581014 -2.623396
v -2.601753 -2.535834 -5.186571
v -2.602505 -2.536643 -5.190072
v -2.601276 -2.535346 -5.187893
v -2.601250 -2.535328 -5.189023
v -5.174229 -4.676545 -2.912963
v -5.178497 -4.681045 -2.910649
v -5.175861 -4.676886 -2.912787
v -5.177246 -4.677859 -2.912285
v -5.178169 -4.679320 -2.911534
v -5.174343 -2.807700 -4.716419
v -5.170086 -2.810251 -4.711873
v -5.174023 -2.808674 -4.714679
v -5.173100 -2.809499 -4.713205
v -5.171719 -2.810054 -4.712219
v -5.174583 -2.839315 -2.875473
v -5.170326 -2.841851 -2.877939
v -5.174263 -2.840283 -2.876416
v -5.173340 -2.841104 -2.877216
v -5.171959 -2.841656 -2.877751
v -2.859898 -4.645023 -5.226588
v -2.857491 -4.649320 -5.230900
v -2.859715 -4.645327 -5.228221
v -2.859192 -4.646248 -5.229616
v -2.858414 -4.647651 -5.230556
v -4.693501 -2.796692 -5.191559
v -4.698074 -2.794178 -5.195795
v -4.693848 -2.796474 -5.193186
v -4.694839 -2.795922 -5.194563
v -4.696323 -2.795114 -5.195479
v -2.853477 -2.798973 -5.195603
v -2.855972 -2.801662 -5.191398
v -2.854431 -2.799978 -5.195300
v -2.855244 -2.800841 -5.194394
v -2.855782 -2.801433 -5.193023
v -4.687214 -5.150501 -2.915587
v -4.683990 -5.146301 -2.917545
v -4.685726 -5.150175 -2.916361
v -4.684593 -5.149262 -2.917004
v -4.683983 -5.147902 -2.917419
v -2.875896 -5.117109 -4.800330
v -2.877308 -5.113328 -4.795066
v -2.876659 -5.116842 -4.798868
v -2.877197 -5.116030 -4.797352
v -2.877426 -5.114794 -4.796019
v -2.857811 -5.138025 -2.954293
v -2.858746 -5.142131 -2.950781
v -2.864094 -5.138143 -2.947751
v -2.858662 -5.139583 -2.953820
v -2.859138 -5.140909 -2.952986
v -2.859383 -5.138055 -2.952657
v -2.859684 -5.139550 -2.952651
v -2.859951 -5.140752 -2.952403
v -2.860199 -5.141824 -2.950845
v -2.861729 -5.140960 -2.950289
v -2.859169 -5.141806 -2.951919
v -2.861095 -5.140772 -2.951211
v -2.862522 -5.138113 -2.949387
v -2.860950 -5.138084 -2.951021
v -2.863094 -5.139667 -2.949204
v -2.861858 -5.139589 -2.950388
v -2.860764 -5.139531 -2.951553
v -5.082966 -4.672442 -2.915003
v -5.087238 -4.676730 -2.912955
v -5.083298 -4.674089 -2.914218
v -5.084221 -4.675480 -2.913554
v -5.085606 -4.676409 -2.913110
v -5.083096 -2.810437 -4.711864
v -5.078842 -2.812649 -4.707645
v -5.081467 -2.810608 -4.711543
v -5.080086 -2.811090 -4.710628
v -5.079163 -2.811804 -4.709259
v -5.083336 -2.842038 -2.877932
v -5.079082 -2.845004 -2.880997
v -5.081707 -2.842267 -2.878164
v -5.080326 -2.842909 -2.878828
v -5.079403 -2.843871 -2.879824
v -2.862026 -4.642501 -5.135269
v -2.859909 -4.646688 -5.139611
v -2.861217 -4.644128 -5.135623
v -2.860531 -4.645494 -5.136573
v -2.860073 -4.646391 -5.137973
v -4.689259 -2.800582 -5.100361
v -4.693512 -2.798353 -5.104582
v -4.690887 -2.799753 -5.100670
v -4.692265 -2.799039 -5.101579
v -4.693192 -2.798545 -5.102953
v -2.855984 -2.803323 -5.104421
v -2.859001 -2.806414 -5.100221
v -2.856216 -2.803582 -5.102796
v -2.856869 -2.804261 -5.101427
v -2.857845 -2.805255 -5.100523
v -4.699432 -5.068388 -2.916094
v -4.695999 -5.064186 -2.918154
v -4.699425 -5.066787 -2.916225
v -4.698769 -5.065425 -2.916665
v -4.697567 -5.064513 -2.917341
v -2.863525 -5.041045 -4.761275
v -2.864914 -5.037257 -4.755212
v -2.863407 -5.039572 -4.760260
v -2.863628 -5.038334 -4.758752
v -2.864159 -5.037522 -4.756980
v -2.859718 -5.075292 -2.921215
v -2.866116 -5.075385 -2.914798
v -2.866047 -5.071263 -2.918915
v -2.861317 -5.075316 -2.919611
v -2.862915 -5.075338 -2.918005
v -2.860561 -5.073761 -2.920069
v -2.861969 -5.073835 -2.918788
v -2.863174 -5.073891 -2.917539
v -2.865490 -5.073834 -2.915125
v -2.865257 -5.072506 -2.916023
v -2.864517 -5.075362 -2.916403
v -2.864368 -5.073869 -2.916383
v -2.864220 -5.072670 -2.916688
v -2.863987 -5.071579 -2.918824
v -2.862061 -5.072457 -2.919232
v -2.865456 -5.071603 -2.917354
v -2.864067 -5.072050 -2.917649
v -2.862820 -5.072649 -2.918092
v -5.130493 -4.645112 -4.742633
v -5.130486 -4.640777 -4.746812
v -5.130493 -4.644759 -4.744256
v -5.130489 -4.643812 -4.745619
v -5.130486 -4.642413 -4.746519
v -5.122696 -0.978719 -4.673887
v -5.122700 -0.979911 -4.676926
v -5.122696 -0.977870 -4.675026
v -5.122696 -0.978514 -4.676669
v -1.026638 -4.650815 -5.182942
v -1.025379 -4.647801 -5.182884
v -1.024506 -4.649936 -5.182924
v -4.689590 -0.958419 -5.112963
v -4.686581 -0.957184 -5.112940
v -4.688705 -0.956293 -5.112923
v -4.695934 -5.077815 -4.760515
v -4.700172 -5.077883 -4.756214
v -4.697563 -5.077820 -4.760174
v -4.698940 -5.077836 -4.759239
v -4.699856 -5.077857 -4.757847
v -4.680119 -5.136822 -1.076343
v -4.683247 -5.136805 -1.077424
v -4.681309 -5.136838 -1.075451
v -4.682323 -5.136840 -1.075343
v -5.130974 -4.708165 -1.083285
v -5.130966 -4.705170 -1.081982
v -5.130974 -4.707317 -1.081139
v -4.697422 -4.636624 -5.183175
v -4.693172 -4.640896 -5.183256
v -4.697102 -4.638256 -5.183205
v -4.696182 -4.639640 -5.183233
v -4.694801 -4.640566 -5.183250
v -1.043758 -5.076606 -4.792678
v -1.045090 -5.076557 -4.795825
v -1.042904 -5.076586 -4.793894
v -1.042858 -5.076569 -4.794921
v -1.043625 -5.076560 -4.795599
v -3.547432 -5.015391 -3.743010
v -3.549294 -5.019214 -3.744664
v -3.548580 -5.015669 -3.744020
v -3.549335 -5.016495 -3.744689
v -3.549587 -5.017738 -3.744915
v -3.593433 -5.020850 -3.009505
v -3.591358 -5.024840 -3.007694
v -3.592274 -5.021166 -3.008482
v -3.591469 -5.022034 -3.007779
v -3.591148 -5.023325 -3.007502
v -3.940804 -5.017121 -3.315156
v -3.942657 -5.020944 -3.316803
v -3.941948 -5.017403 -3.316164
v -3.942699 -5.018227 -3.316831
v -3.942951 -5.019474 -3.317055
v -3.200085 -5.019121 -3.437376
v -3.198006 -5.023113 -3.435562
v -3.198921 -5.019435 -3.436352
v -3.198116 -5.020304 -3.435648
v -3.197796 -5.021597 -3.435372
v -2.779243 -5.017992 -3.801409
v -2.777138 -5.021989 -3.799573
v -2.778069 -5.018308 -3.800378
v -2.777256 -5.019177 -3.799667
v -2.776932 -5.020473 -3.799384
v -3.126987 -5.014258 -4.107391
v -3.128880 -5.018085 -4.109071
v -3.128143 -5.014539 -4.108411
v -3.128910 -5.015365 -4.109089
v -3.129169 -5.016610 -4.109321
v -2.692978 -5.013704 -4.403255
v -2.694954 -5.017540 -4.404943
v -2.694191 -5.013984 -4.404266
v -2.694992 -5.014812 -4.404943
v -2.695259 -5.016059 -4.405180
v -2.332603 -5.017437 -4.103656
v -2.330349 -5.021430 -4.101885
v -2.331371 -5.017749 -4.102640
v -2.330509 -5.018620 -4.101945
v -2.330151 -5.019910 -4.101680
v -1.490318 -5.015613 -4.766115
v -1.479214 -5.019063 -4.772873
v -1.486732 -5.015877 -4.767931
v -1.483360 -5.016626 -4.769853
v -1.480721 -5.017745 -4.771590
v -2.214474 -5.013677 -4.653746
v -2.217255 -5.017574 -4.655216
v -2.216660 -5.013961 -4.654294
v -2.217957 -5.014804 -4.654768
v -2.218163 -5.016072 -4.655091
v -1.549881 -5.017371 -4.506387
v -1.544785 -5.020974 -4.506878
v -1.547523 -5.017657 -4.505989
v -1.545727 -5.018445 -4.505943
v -1.544765 -5.019608 -4.506255
v -3.938354 -5.023230 -2.522119
v -3.936352 -5.027223 -2.520153
v -3.937222 -5.023544 -2.521037
v -3.936440 -5.024417 -2.520284
v -3.936134 -5.025707 -2.519973
v -4.279469 -5.019391 -2.845264
v -4.281239 -5.023224 -2.847054
v -4.280579 -5.019671 -2.846327
v -4.281307 -5.020498 -2.847039
v -4.281540 -5.021745 -2.847295
v -4.712090 -5.028330 -1.459641
v -4.716026 -5.032534 -1.450644
v -4.713638 -5.028667 -1.456228
v -4.714931 -5.029582 -1.453320
v -4.715771 -5.030940 -1.451358
v -4.402069 -5.028679 -1.574351
v -4.401684 -5.032695 -1.568931
v -4.401550 -5.029001 -1.571947
v -4.401299 -5.029879 -1.570074
v -4.401344 -5.031175 -1.569015
v -4.581623 -5.022323 -2.308177
v -4.581699 -5.026159 -2.313081
v -4.582088 -5.022598 -2.310433
v -4.582268 -5.023425 -2.312158
v -4.582130 -5.024676 -2.313087
v -3.510998 -5.123642 -3.711401
v -3.506313 -5.127525 -3.707298
v -3.510208 -5.125117 -3.710714
v -3.509041 -5.126374 -3.709692
v -3.507671 -5.127218 -3.708493
v -3.622765 -5.128259 -3.035766
v -3.627247 -5.132180 -3.039726
v -3.623474 -5.129770 -3.036397
v -3.624577 -5.131047 -3.037370
v -3.625900 -5.131893 -3.038540
v -3.904362 -5.125370 -3.283545
v -3.899681 -5.129255 -3.279443
v -3.903572 -5.126846 -3.282856
v -3.902405 -5.128103 -3.281835
v -3.901039 -5.128948 -3.280636
v -3.229412 -5.126527 -3.463634
v -3.233894 -5.130451 -3.467595
v -3.230122 -5.128040 -3.464265
v -3.231224 -5.129316 -3.465240
v -3.232548 -5.130162 -3.466408
v -2.808544 -5.125394 -3.827644
v -2.813049 -5.129322 -3.831625
v -2.809258 -5.126906 -3.828277
v -2.810364 -5.128185 -3.829256
v -2.811695 -5.129031 -3.830431
v -3.090584 -5.122509 -4.075812
v -3.085873 -5.126392 -4.071684
v -3.089790 -5.123984 -4.075121
v -3.088619 -5.125240 -4.074094
v -3.087242 -5.126085 -4.072889
v -2.655159 -5.120998 -4.373070
v -2.650223 -5.124883 -4.369030
v -2.654327 -5.122474 -4.372400
v -2.653099 -5.123728 -4.371397
v -2.651657 -5.124575 -4.370214
v -2.361736 -5.124013 -4.130624
v -2.366413 -5.127934 -4.134594
v -2.362465 -5.125523 -4.131268
v -2.363609 -5.126801 -4.132247
v -2.364994 -5.127646 -4.133416
v -1.440434 -5.080900 -4.817918
v -1.447090 -5.084831 -4.815920
v -1.440269 -5.082273 -4.818547
v -1.441475 -5.083500 -4.818388
v -1.443871 -5.084399 -4.817465
v -2.142273 -5.098038 -4.656082
v -2.132191 -5.101889 -4.654925
v -2.140427 -5.099491 -4.656006
v -2.137859 -5.100733 -4.655759
v -2.134968 -5.101576 -4.655380
v -1.575859 -5.104390 -4.551661
v -1.583820 -5.107884 -4.554785
v -1.576874 -5.105749 -4.552485
v -1.578743 -5.106889 -4.553368
v -1.581184 -5.107639 -4.554177
v -3.967758 -5.130638 -2.548224
v -3.972149 -5.134560 -2.552380
v -3.968460 -5.132149 -2.548871
v -3.969540 -5.133425 -2.549887
v -3.970837 -5.134273 -2.551120
v -4.242950 -5.127626 -2.813801
v -4.238365 -5.131526 -2.809510
v -4.242168 -5.129107 -2.813097
v -4.241020 -5.130367 -2.812034
v -4.239685 -5.131217 -2.810775
v -4.712643 -5.135949 -1.448100
v -4.707756 -5.140055 -1.458375
v -4.712231 -5.137539 -1.448850
v -4.711155 -5.138877 -1.451067
v -4.709587 -5.139762 -1.454411
v -4.433090 -5.136105 -1.597002
v -4.435459 -5.140003 -1.605457
v -4.433640 -5.137614 -1.597976
v -4.434280 -5.138885 -1.599925
v -4.434921 -5.139724 -1.602552
v -4.543427 -5.130523 -2.279839
v -4.540909 -5.134461 -2.271706
v -4.542797 -5.132013 -2.278841
v -4.542099 -5.133284 -2.276945
v -4.541435 -5.134143 -2.274440
v -4.719028 -5.088480 -0.896623
v -4.720703 -5.088472 -0.897088
v -4.720592 -5.088480 -0.895707
v -1.014671 -5.053262 -4.800467
v -1.015343 -5.053164 -4.802293
v -1.013554 -5.053235 -4.801185
v -1.013916 -5.053181 -4.802173
v -1.916080 -5.047112 -4.784877
v -1.900520 -5.046877 -4.788594
v -1.912655 -5.047003 -4.786260
v -1.908489 -5.046921 -4.787451
v -1.904232 -5.046876 -4.788270
v -3.657711 -3.509230 -5.141125
v -3.658981 -3.510603 -5.145294
v -3.658680 -3.510331 -5.141637
v -3.659260 -3.510978 -5.142609
v -3.659367 -3.511074 -5.143893
v -2.926468 -3.555389 -5.083416
v -2.924316 -3.552842 -5.086936
v -2.925434 -3.554198 -5.083490
v -2.924660 -3.553295 -5.084183
v -2.924267 -3.552820 -5.085393
v -3.227688 -3.900112 -5.150785
v -3.228951 -3.901476 -5.154948
v -3.228653 -3.901210 -5.151295
v -3.229233 -3.901853 -5.152265
v -3.229336 -3.901947 -5.153549
v -3.356510 -3.164528 -5.073761
v -3.354355 -3.161979 -5.077281
v -3.355473 -3.163336 -5.073835
v -3.354702 -3.162435 -5.074528
v -3.354309 -3.161956 -5.075739
v -3.723209 -2.746411 -5.055362
v -3.721031 -2.743839 -5.058880
v -3.722164 -2.745209 -5.055433
v -3.721386 -2.744299 -5.056127
v -3.720985 -2.743818 -5.057337
v -4.024757 -3.091508 -5.122803
v -4.026047 -3.092906 -5.126989
v -4.025734 -3.092621 -5.123319
v -4.026321 -3.093277 -5.124295
v -4.026432 -3.093377 -5.125583
v -4.323658 -2.660367 -5.096989
v -4.324913 -2.661903 -5.101202
v -4.324627 -2.661536 -5.097509
v -4.325203 -2.662238 -5.098492
v -4.325306 -2.662368 -5.099788
v -4.028286 -2.303729 -5.029732
v -4.026142 -2.301012 -5.033248
v -4.027252 -2.302472 -5.029803
v -4.026482 -2.301514 -5.030494
v -4.026093 -2.301003 -5.031706
v -4.689209 -1.490075 -5.013343
v -4.692917 -1.480912 -5.016970
v -4.690773 -1.486764 -5.013499
v -4.692028 -1.483859 -5.014242
v -4.692780 -1.481805 -5.015463
v -4.577690 -2.185202 -5.062254
v -4.577553 -2.189549 -5.066471
v -4.578129 -2.187454 -5.062766
v -4.578255 -2.189070 -5.063748
v -4.578053 -2.189806 -5.065049
v -4.429512 -1.550574 -4.999202
v -4.428757 -1.545093 -5.002750
v -4.429012 -1.548260 -4.999283
v -4.428696 -1.546406 -4.999984
v -4.428604 -1.545293 -5.001202
v -2.437592 -3.898201 -5.082223
v -2.435284 -3.895723 -5.085740
v -2.436497 -3.897038 -5.082295
v -2.435677 -3.896156 -5.082987
v -2.435249 -3.895697 -5.084198
v -2.756298 -4.236697 -5.150358
v -2.757706 -4.237981 -5.154533
v -2.757320 -4.237766 -5.150871
v -2.757946 -4.238384 -5.151844
v -2.758080 -4.238459 -5.153131
v -1.371658 -4.667184 -5.082203
v -1.362270 -4.670588 -5.085993
v -1.368214 -4.668684 -5.082405
v -1.365219 -4.669858 -5.083195
v -1.363132 -4.670525 -5.084456
v -1.488899 -4.359271 -5.055437
v -1.483131 -4.358406 -5.058851
v -1.486481 -4.358724 -5.055467
v -1.484535 -4.358366 -5.056127
v -1.483360 -4.358253 -5.057315
v -2.218311 -4.537077 -5.139831
v -2.222836 -4.536675 -5.144091
v -2.220528 -4.537503 -5.140373
v -2.222164 -4.537577 -5.141371
v -2.222977 -4.537285 -5.142679
v -3.616524 -3.459866 -5.240660
v -3.612106 -3.454734 -5.243555
v -3.615707 -3.458901 -5.241965
v -3.614578 -3.457587 -5.242972
v -3.613316 -3.456123 -5.243530
v -2.942318 -3.571302 -5.195589
v -2.945850 -3.575265 -5.200381
v -2.942799 -3.571821 -5.197227
v -2.943638 -3.572755 -5.198713
v -2.944710 -3.573967 -5.199819
v -3.186493 -3.850737 -5.250320
v -3.182083 -3.845612 -5.253212
v -3.185677 -3.849772 -5.251622
v -3.184551 -3.848457 -5.252628
v -3.183289 -3.846998 -5.253187
v -3.372356 -3.180441 -5.185934
v -3.375893 -3.184403 -5.190726
v -3.372837 -3.180958 -5.187572
v -3.373676 -3.181893 -5.189058
v -3.374748 -3.183103 -5.190164
v -3.739037 -2.762295 -5.167527
v -3.742592 -2.766286 -5.172327
v -3.739517 -2.762815 -5.169168
v -3.740364 -2.763757 -5.170655
v -3.741444 -2.764975 -5.171766
v -3.983601 -3.042181 -5.222335
v -3.979153 -3.037010 -5.225233
v -3.982780 -3.041208 -5.223640
v -3.981647 -3.039885 -5.224650
v -3.980370 -3.038411 -5.225209
v -4.282486 -2.611200 -5.196506
v -4.278069 -2.605840 -5.199419
v -4.281666 -2.610212 -5.197819
v -4.280537 -2.608845 -5.198834
v -4.279274 -2.607311 -5.199395
v -4.044144 -2.319470 -5.141890
v -4.047653 -2.323631 -5.146696
v -4.044621 -2.320004 -5.143531
v -4.045456 -2.320982 -5.145021
v -4.046520 -2.322256 -5.146132
v -4.680771 -1.464874 -5.118603
v -4.675327 -1.474328 -5.123111
v -4.680206 -1.465398 -5.120186
v -4.678974 -1.467379 -5.121598
v -4.677261 -1.470516 -5.122626
v -4.535149 -2.138877 -5.161717
v -4.532494 -2.129913 -5.164694
v -4.534458 -2.137608 -5.163043
v -4.533710 -2.135459 -5.164076
v -4.533020 -2.132756 -5.164654
v -4.446758 -1.563551 -5.111387
v -4.448494 -1.571221 -5.116155
v -4.447102 -1.564350 -5.113027
v -4.447552 -1.566089 -5.114507
v -4.448044 -1.568501 -5.115607
v -2.453285 -3.914181 -5.194391
v -2.457016 -3.918053 -5.199190
v -2.453781 -3.914694 -5.196029
v -2.454662 -3.915608 -5.197519
v -2.455799 -3.916788 -5.198627
v -2.715252 -4.187248 -5.249893
v -2.710659 -4.182222 -5.252786
v -2.714420 -4.186290 -5.251194
v -2.713253 -4.184999 -5.252203
v -2.711933 -4.183570 -5.252762
v -1.350136 -4.654566 -5.187522
v -1.360031 -4.649199 -5.191948
v -1.350739 -4.653960 -5.189113
v -1.352829 -4.652727 -5.190514
v -1.356094 -4.651055 -5.191510
v -1.501133 -4.376864 -5.167494
v -1.509167 -4.378723 -5.172428
v -1.501957 -4.377220 -5.169147
v -1.503773 -4.377700 -5.170662
v -1.506302 -4.378228 -5.171815
v -2.180397 -4.485960 -5.239420
v -2.171951 -4.482991 -5.242245
v -2.179268 -4.485156 -5.240722
v -2.177269 -4.484307 -5.241718
v -2.174698 -4.483548 -5.242253
v -0.805443 -4.667603 -5.089737
v -0.805893 -4.669264 -5.089975
v -0.804276 -4.668253 -5.089715
v -4.697487 -1.035890 -5.041444
v -4.699280 -1.036419 -5.041589
v -4.698208 -1.034756 -5.041419
v -4.699181 -1.035042 -5.041497
v -1.053673 -5.107848 -4.831999
v -1.054466 -5.107588 -4.831336
v -5.177544 -4.709463 -1.076578
v -2.865105 -5.106768 -2.931275
v -2.858765 -5.106662 -2.937756
v -2.863518 -5.106740 -2.932894
v -2.861935 -5.106715 -2.934515
v -2.860348 -5.106687 -2.936136
v -1.020691 -4.650781 -5.229273
v -5.169067 -0.973794 -4.677834
v -4.690586 -0.951505 -5.159216
v -5.177242 -4.708971 -1.077561
vn 0.9950 -0.0568 -0.0821
vn 1.0000 -0.0037 0.0001
vn 0.9951 -0.0600 -0.0785
vn -0.3553 -0.5911 -0.7242
vn -0.4463 -0.6066 -0.6579
vn -0.4460 -0.5660 -0.6934
vn 0.9958 0.0599 0.0690
vn -0.2690 0.7311 0.6270
vn -0.3611 0.7405 0.5668
vn -0.2670 0.7652 0.5858
vn 0.9951 -0.0804 -0.0583
vn 0.9950 -0.0777 -0.0631
vn -0.3545 -0.5486 -0.7572
vn -0.4444 -0.5247 -0.7261
vn -0.2711 0.5595 0.7832
vn -0.3625 0.4785 0.7998
vn -0.3660 0.5414 0.7569
vn -0.2725 0.6541 0.7056
vn -0.3662 0.6720 0.6436
vn -0.2713 0.6950 0.6658
vn 0.9952 -0.0717 -0.0667
vn 0.9950 -0.0695 -0.0712
vn 0.9957 0.0652 0.0662
vn -0.3566 0.7754 0.5212
vn -0.2625 0.8009 0.5381
vn -0.3406 -0.8080 -0.4807
vn -0.4356 -0.7447 -0.5056
vn -0.3449 -0.7764 -0.5274
vn -0.3498 -0.7429 -0.5708
vn -0.4434 -0.6786 -0.5856
vn -0.3533 -0.7083 -0.6111
vn -0.3504 0.8101 0.4701
vn -0.2571 0.8359 0.4850
vn -0.3447 0.8349 0.4291
vn -0.2531 0.8607 0.4418
vn -0.3326 -0.8521 -0.4042
vn -0.4230 -0.8034 -0.4191
vn -0.3348 -0.8353 -0.4360
vn 0.9948 -0.0863 -0.0545
vn -0.3417 0.8457 0.4098
vn -0.2508 0.8713 0.4218
vn -0.3556 0.7809 0.5136
vn -0.0469 0.7735 0.6321
vn -0.2745 -0.9414 -0.1961
vn -0.4177 -0.8213 -0.3887
vn 1.0000 -0.0037 -0.0000
vn 0.9943 -0.0955 -0.0466
vn 0.9948 -0.0890 -0.0501
vn -0.3516 -0.5041 -0.7889
vn -0.4416 -0.4826 -0.7564
vn -0.3498 -0.4619 -0.8151
vn -0.4380 -0.4423 -0.7827
vn -0.2647 0.4308 0.8628
vn -0.3541 0.3875 0.8511
vn -0.3573 0.4184 0.8350
vn 0.9958 0.0558 0.0729
vn -0.3488 -0.4318 -0.8318
vn -0.4349 -0.4138 -0.7998
vn -0.2996 -0.2047 -0.9318
vn -0.3958 -0.2051 -0.8952
vn -0.2635 0.3977 0.8788
vn -0.3576 0.4209 0.8336
vn 0.9957 0.0450 0.0806
vn -0.5171 -0.5801 -0.6294
vn -0.5172 -0.5418 -0.6625
vn -1.0000 0.0037 -0.0001
vn -0.9968 -0.0619 -0.0501
vn -0.3642 0.7071 0.6062
vn -0.4411 0.7129 0.5451
vn -0.9963 0.0725 0.0469
vn -1.0000 0.0037 -0.0000
vn -0.9961 0.0768 0.0429
vn -0.5161 -0.5010 -0.6947
vn -0.5127 -0.4623 -0.7235
vn -0.3674 0.6322 0.6822
vn -0.4480 0.5653 0.6926
vn -0.4469 0.6088 0.6554
vn -0.4462 0.6465 0.6188
vn -0.3674 0.5891 0.7197
vn -0.4461 0.5207 0.7279
vn -0.4454 -0.6445 -0.6215
vn -0.4402 -0.7116 -0.5475
vn -0.5147 -0.6489 -0.5604
vn -0.5119 -0.6807 -0.5241
vn -0.4296 0.7815 0.4523
vn -0.9963 0.0692 0.0505
vn -0.4297 -0.7762 -0.4614
vn -0.5076 -0.7126 -0.4843
vn -0.5010 -0.7439 -0.4424
vn -0.4195 0.8172 0.3954
vn -1.0000 0.0038 -0.0000
vn -0.9960 0.0799 0.0401
vn -0.4949 -0.7701 -0.4026
vn -0.3703 -0.9074 -0.1989
vn -0.4874 -0.7889 -0.3743
vn -0.4873 0.7346 0.4722
vn -0.9968 -0.0443 -0.0667
vn -0.4429 0.4604 0.7693
vn -0.4359 0.4027 0.8049
vn -0.5087 -0.4238 -0.7494
vn -0.5045 -0.3971 -0.7667
vn -0.9966 -0.0369 -0.0730
vn -0.9967 -0.0410 -0.0696
vn -0.4302 0.3733 0.8219
vn -0.4996 0.4489 0.7409
vn -0.4685 -0.2078 -0.8587
vn -0.2725 0.6102 0.7439
vn 0.0639 0.0019 -0.9980
vn -0.0376 -0.0294 -0.9989
vn -0.1369 -0.0462 -0.9895
vn -0.9964 0.0564 0.0634
vn -0.9965 0.0513 0.0665
vn -0.4444 0.6799 0.5834
vn -0.9964 0.0596 0.0605
vn 0.9954 0.0405 0.0868
vn 0.9950 -0.0653 -0.0752
vn -0.9963 0.0422 0.0751
vn 0.0650 -0.9978 -0.0130
vn 0.2143 -0.9714 0.1019
vn -0.0379 -0.9982 -0.0469
vn 0.0272 -0.9981 0.0557
vn -0.1379 -0.9883 -0.0655
vn -0.9969 -0.0644 -0.0462
vn -0.3555 -0.6717 -0.6500
vn -0.9968 -0.0481 -0.0635
vn -0.5169 -0.6162 -0.5943
vn 0.9953 -0.0019 -0.0963
vn 0.9951 0.0383 0.0916
vn 0.9937 -0.0308 -0.1075
vn 0.9946 -0.0511 -0.0905
vn -0.9953 -0.0211 -0.0940
vn -0.9965 -0.0351 -0.0761
vn -0.9960 0.0408 0.0794
vn -0.9959 -0.0007 -0.0904
vn 0.9941 -0.0994 -0.0441
vn 0.9957 0.0713 0.0585
vn -0.4363 0.7471 0.5015
vn -0.9964 -0.0766 -0.0372
vn -1.0000 0.0038 0.0001
vn 0.9958 0.0668 0.0622
vn 0.9957 0.0754 0.0541
vn -0.9964 0.0627 0.0566
vn -0.2686 0.4938 0.8270
vn -0.1273 0.9879 0.0882
vn 0.0021 0.9998 0.0172
vn 0.0021 0.9933 0.1154
vn -0.9965 0.0466 0.0699
vn 1.0000 -0.0038 -0.0000
vn 0.9932 -0.1135 -0.0275
vn 0.9949 0.0899 0.0449
vn 0.9950 -0.0995 0.0003
vn -0.9957 0.0834 0.0390
vn -0.9960 -0.0895 -0.0063
vn -0.9994 -0.0114 0.0322
vn -0.9958 -0.0879 -0.0249
vn 0.2061 0.2713 -0.9402
vn 0.4416 0.1042 -0.8911
vn 0.9949 -0.0520 -0.0865
vn 0.0506 0.0754 -0.9959
vn -0.9964 -0.0749 -0.0392
vn -0.3560 -0.6338 -0.6867
vn -0.9964 0.0658 0.0535
vn -0.9968 -0.0682 -0.0426
vn 0.9955 0.0807 0.0493
vn -0.4233 0.8061 0.4136
vn -0.4456 -0.8719 -0.2032
vn -0.9968 -0.0590 -0.0534
vn -0.9969 -0.0547 -0.0565
vn -0.9969 -0.0512 -0.0594
vn 0.9958 0.0498 0.0766
vn 0.9956 0.0810 0.0461
vn 0.0025 -0.9996 -0.0292
vn 0.0019 -0.9999 -0.0158
vn 0.0018 -0.9999 -0.0150
vn -0.0135 -0.6739 0.7387
vn 0.0089 -0.4240 0.9056
vn 0.0158 -0.5050 0.8630
vn -0.0502 -0.6687 0.7418
vn 0.0013 -0.4649 0.8854
vn 0.0934 -0.9928 0.0746
vn -0.0039 -0.9998 -0.0185
vn 0.0960 -0.9952 -0.0184
vn 0.0053 0.0048 -1.0000
vn 0.0014 0.0197 -0.9998
vn -0.0808 -0.0612 -0.9949
vn -0.1008 0.9948 0.0171
vn 0.0041 0.9846 -0.1750
vn 1.0000 -0.0021 0.0001
vn 0.9816 -0.1029 -0.1610
vn 0.9953 -0.0003 -0.0968
vn -0.0725 -0.9935 -0.0874
vn 0.0301 -0.9954 -0.0915
vn -1.0000 -0.0080 0.0041
vn -1.0000 0.0018 -0.0004
vn -1.0000 0.0018 -0.0001
vn -0.0501 0.9932 -0.1055
vn 0.0027 0.9998 0.0191
vn -0.1892 0.9817 0.0207
vn -0.9950 0.0002 0.1000
vn -0.9951 -0.0673 -0.0726
vn -0.9973 -0.0686 0.0277
vn 0.1011 0.9947 0.0191
vn 0.0027 0.9968 -0.0798
vn -1.0000 0.0020 -0.0001
vn -0.9938 0.0770 0.0802
vn 0.0054 0.0173 -0.9998
vn 0.1797 0.1964 -0.9639
vn 0.1383 -0.0151 -0.9903
vn 0.0015 0.0146 -0.9999
vn -0.0664 -0.6925 -0.7184
vn 0.0009 -0.5432 -0.8396
vn -0.0713 -0.6553 -0.7520
vn -0.1055 -0.0188 0.9942
vn 0.0001 0.0792 0.9969
vn -0.0001 -0.0191 0.9998
vn -0.0009 -0.9998 -0.0186
vn 0.0031 -0.9912 -0.1322
vn 0.0038 -0.9998 -0.0188
vn 0.0815 -0.9946 0.0641
vn -0.0361 -0.9885 0.1471
vn -0.9995 0.0222 0.0219
vn -0.9940 0.1092 0.0018
vn -0.0015 -0.7504 -0.6610
vn -0.0014 -0.6940 -0.7200
vn 0.4608 0.7503 0.4741
vn 0.5767 0.5672 0.5880
vn 0.6060 0.5975 0.5251
vn 0.0017 0.0180 -0.9998
vn 0.0013 -0.0716 -0.9974
vn -0.0945 -0.0685 -0.9932
vn -0.0016 -0.9999 -0.0139
vn 0.0998 -0.9949 -0.0146
vn -1.0000 0.0021 0.0002
vn -0.9959 0.0004 0.0907
vn -0.9956 -0.0933 -0.0015
vn -0.9882 -0.0573 0.1418
vn -0.1029 -0.9946 -0.0147
vn 0.9945 -0.0001 -0.1047
vn 0.9954 0.0957 0.0020
vn 0.9893 0.0710 -0.1275
vn -0.7442 -0.6654 -0.0575
vn -0.7100 -0.7041 -0.0135
vn -0.7075 -0.7001 -0.0969
vn 0.0023 -0.9999 -0.0157
vn 0.1534 -0.9831 -0.1002
vn -0.6723 -0.7385 -0.0521
vn -0.5611 -0.8276 -0.0159
vn 0.9899 -0.0525 -0.1316
vn -0.9952 0.0038 -0.0979
vn -0.9920 -0.0826 -0.0957
vn -0.0060 0.0222 -0.9997
vn 0.0005 0.0127 -0.9999
vn 0.0004 0.1079 -0.9942
vn 0.0271 -0.9996 0.0058
vn -0.9866 0.1528 -0.0576
vn -0.2061 0.9780 -0.0312
vn -0.0950 0.9953 0.0171
vn 0.1089 -0.1206 0.9867
vn 0.0886 -0.1822 0.9793
vn -0.6565 -0.0968 -0.7481
vn -0.7065 0.1661 -0.6879
vn -0.7192 0.0707 -0.6912
vn 0.6028 0.5105 0.6132
vn 0.5154 0.5940 0.6177
vn 0.4706 0.4706 0.7464
vn -0.6975 0.2554 -0.6696
vn -0.5334 0.7298 -0.4277
vn -0.4807 0.7856 -0.3896
vn 0.9970 0.0777 -0.0072
vn 0.9957 -0.0045 0.0922
vn 0.9809 0.1944 -0.0014
vn -0.0925 0.0184 -0.9955
vn 0.0053 0.0188 -0.9998
vn 0.0027 0.9966 -0.0823
vn -0.0550 0.1577 -0.9859
vn 0.7270 0.4835 0.4876
vn -0.1257 -0.9814 -0.1450
vn 0.0974 -0.2166 0.9714
vn -0.6763 0.3284 -0.6594
vn -0.5260 0.7163 -0.4585
vn -0.6524 -0.1150 -0.7491
vn -0.7046 0.1346 -0.6968
vn -0.0981 -0.0188 0.9950
vn -0.2005 -0.6439 -0.7384
vn -0.1528 -0.6969 -0.7007
vn -0.1272 -0.6882 -0.7143
vn -0.7116 -0.6806 -0.1746
vn -0.7066 -0.6987 -0.1119
vn 0.9908 0.0961 -0.0953
vn -0.6247 -0.7612 -0.1741
vn -0.9999 0.0034 -0.0121
vn -0.9932 -0.0801 -0.0850
vn -0.0971 -0.1239 0.9875
vn -0.0003 -0.1002 0.9950
vn -0.1606 -0.0349 0.9864
vn -0.0946 0.9889 0.1142
vn 0.0226 0.0392 -0.9990
vn 0.0971 0.1151 -0.9886
vn 0.0001 0.0191 -0.9998
vn 0.0004 0.1168 -0.9932
vn -0.0694 -0.0500 -0.9963
vn -0.0739 0.0492 -0.9960
vn 0.0058 -0.9970 0.0769
vn -0.0052 -1.0000 -0.0074
vn -0.0039 -0.9976 0.0689
vn -0.0625 -0.9980 -0.0128
vn 0.9901 -0.1042 0.0938
vn 0.9952 0.0983 0.0003
vn -0.9950 0.0995 0.0016
vn -0.9969 0.0304 -0.0733
vn -0.9903 0.0972 0.0996
vn -1.0000 0.0021 -0.0001
vn 0.0967 0.0188 -0.9951
vn 0.0982 0.0188 -0.9950
vn 0.0301 -0.0550 -0.9980
vn -0.0128 0.9897 -0.1426
vn -0.1003 -0.9884 -0.1138
vn 0.9398 0.3213 -0.1166
vn 0.8951 0.4062 -0.1840
vn 0.9667 0.2200 -0.1309
vn -0.0787 0.9959 -0.0446
vn 0.0040 1.0000 0.0077
vn -0.0749 0.9960 -0.0489
vn -0.7267 -0.3466 -0.5931
vn -0.6613 -0.4368 -0.6098
vn -0.6967 -0.4367 -0.5691
vn 0.0729 0.9948 0.0710
vn 0.6279 -0.2798 0.7263
vn 0.5675 -0.3718 0.7347
vn 0.5867 -0.2789 0.7602
vn -0.0553 0.9960 -0.0695
vn -0.0595 0.9961 -0.0659
vn -0.7608 -0.3445 -0.5500
vn -0.7293 -0.4355 -0.5277
vn 0.7837 -0.2806 0.5542
vn 0.7997 -0.3710 0.4721
vn 0.7570 -0.3752 0.5350
vn 0.7067 -0.2825 0.6486
vn 0.6440 -0.3764 0.6660
vn 0.6668 -0.2817 0.6899
vn -0.0626 0.9962 -0.0612
vn -0.0671 0.9961 -0.0578
vn 0.0696 0.9947 0.0755
vn 0.5229 -0.3678 0.7690
vn 0.5397 -0.2739 0.7961
vn -0.4843 -0.3288 -0.8108
vn -0.5094 -0.4251 -0.7482
vn -0.5307 -0.3351 -0.7785
vn -0.5748 -0.3391 -0.7447
vn -0.5892 -0.4333 -0.6819
vn -0.6146 -0.3423 -0.7107
vn 0.4717 -0.3806 0.7954
vn 0.4853 -0.2829 0.8273
vn 0.4258 -0.4350 0.7934
vn 0.4360 -0.3379 0.8341
vn -0.4153 -0.2770 -0.8665
vn -0.4261 -0.4048 -0.8091
vn -0.4412 -0.3169 -0.8396
vn -0.0512 0.9959 -0.0742
vn 0.3807 -0.5573 0.7379
vn 0.3909 -0.4753 0.7883
vn 0.3729 -0.6746 0.6371
vn 0.3387 -0.6725 0.6580
vn -0.3851 -0.1705 -0.9070
vn -0.4068 -0.3703 -0.8351
vn -0.0425 0.9957 -0.0828
vn -0.0462 0.9959 -0.0773
vn -0.7913 -0.3436 -0.5057
vn -0.7594 -0.4331 -0.4855
vn -0.8184 -0.3392 -0.4639
vn -0.7856 -0.4298 -0.4451
vn 0.8625 -0.2747 0.4250
vn 0.8508 -0.3618 0.3810
vn 0.8348 -0.3653 0.4119
vn 0.0776 0.9947 0.0675
vn -0.8344 -0.3406 -0.4333
vn -0.8026 -0.4270 -0.4165
vn -0.9338 -0.2926 -0.2060
vn -0.8973 -0.3899 -0.2071
vn 0.8787 -0.2706 0.3933
vn 0.6929 -0.3797 0.6129
vn 0.0847 0.9948 0.0564
vn -0.6328 -0.5086 -0.5839
vn -0.6666 -0.5087 -0.5449
vn -0.0040 -1.0000 -0.0077
vn -0.0540 -0.9959 -0.0730
vn 0.6067 -0.3746 0.7011
vn 0.5456 -0.4508 0.7065
vn 0.0443 -0.9972 0.0597
vn 0.0028 -0.9998 -0.0191
vn 0.0462 -0.9974 0.0556
vn -0.6978 -0.5075 -0.5055
vn -0.7269 -0.5050 -0.4653
vn 0.6825 -0.3772 0.6260
vn 0.6916 -0.4566 0.5596
vn 0.6561 -0.4558 0.6015
vn 0.6189 -0.4556 0.6399
vn 0.7199 -0.3768 0.5829
vn 0.7276 -0.4547 0.5136
vn -0.6251 -0.4356 -0.6478
vn -0.5512 -0.4299 -0.7151
vn -0.5644 -0.5049 -0.6531
vn -0.5278 -0.5026 -0.6847
vn 0.4578 -0.4542 0.7643
vn 0.0473 -0.9972 0.0582
vn -0.0028 -1.0000 -0.0091
vn -0.4652 -0.4190 -0.7797
vn -0.4880 -0.4977 -0.7171
vn -0.4456 -0.4918 -0.7481
vn 0.3705 -0.6246 0.6875
vn 0.0086 -0.9989 -0.0457
vn 0.0455 -0.9984 0.0338
vn -0.4089 -0.4771 -0.7779
vn -0.3899 -0.2467 -0.8872
vn -0.3902 -0.4435 -0.8069
vn 0.3486 -0.7594 0.5493
vn -0.0704 -0.9960 -0.0554
vn 0.7692 -0.4507 0.4530
vn 0.8045 -0.4432 0.3955
vn -0.7526 -0.5008 -0.4275
vn -0.7696 -0.4973 -0.4006
vn -0.0773 -0.9958 -0.0482
vn -0.0738 -0.9959 -0.0518
vn 0.8208 -0.4382 0.3664
vn 0.7409 -0.5034 0.4446
vn -0.8611 -0.4627 -0.2107
vn 0.7453 -0.2824 0.6040
vn -0.9977 0.0677 0.0054
vn -0.9991 -0.0334 -0.0270
vn -0.9900 -0.1338 -0.0449
vn 0.0595 -0.9973 0.0439
vn 0.0623 -0.9973 0.0396
vn 0.5830 -0.4544 0.6735
vn 0.0564 -0.9973 0.0477
vn 0.0904 0.9946 0.0515
vn -0.0714 0.9960 -0.0537
vn 0.0717 -0.9970 0.0307
vn 0.0587 0.7460 -0.6634
vn -0.0089 0.5849 -0.8110
vn -0.0007 0.6436 -0.7654
vn 0.0331 0.6611 -0.7495
vn -0.0201 0.5028 -0.8642
vn -0.0491 -0.9958 -0.0778
vn -0.6521 -0.3449 -0.6752
vn -0.0673 -0.9960 -0.0591
vn -0.5982 -0.5076 -0.6201
vn -0.0922 0.9957 0.0093
vn 0.0951 0.9942 0.0494
vn -0.1036 0.9944 -0.0194
vn -0.0866 0.9955 -0.0381
vn -0.0945 -0.9950 -0.0323
vn -0.0807 -0.9957 -0.0465
vn 0.0760 -0.9967 0.0289
vn -0.0984 -0.9951 -0.0120
vn 0.0039 1.0000 0.0077
vn -0.0400 0.9954 -0.0866
vn 0.0626 0.9946 0.0830
vn 0.5033 -0.4469 0.7396
vn -0.0290 -0.9848 -0.1712
vn 0.0021 -0.9962 -0.0874
vn 0.0661 0.9946 0.0796
vn 0.0581 0.9945 0.0867
vn 0.0534 -0.9972 0.0517
vn 0.8275 -0.2770 0.4884
vn -0.1363 -0.2000 0.9703
vn -0.0856 -0.1186 0.9893
vn -0.1408 -0.1962 0.9704
vn 0.0667 -0.9972 0.0346
vn 0.0039 1.0000 0.0076
vn -0.0177 0.9928 -0.1184
vn 0.0463 0.9945 0.0938
vn 0.0039 0.9979 -0.0647
vn 0.0384 -0.9992 0.0051
vn -0.0136 -0.9789 -0.2041
vn 0.0147 -0.9923 -0.1226
vn -0.0530 -0.9601 -0.2746
vn -0.9615 0.2713 0.0435
vn -0.8746 0.4441 0.1946
vn -0.0828 0.9958 -0.0404
vn -0.9954 0.0542 0.0793
vn -0.0256 -0.9923 -0.1215
vn -0.6902 -0.3454 -0.6359
vn 0.0500 -0.9972 0.0547
vn -0.0383 -0.9951 -0.0909
vn -0.0412 0.4093 -0.9115
vn -0.0316 0.4892 -0.8716
vn 0.0530 0.9945 0.0904
vn 0.4141 -0.5143 0.7510
vn -0.0562 0.3300 -0.9423
vn -0.0574 -0.9959 -0.0697
vn -0.0606 -0.9959 -0.0665
vn -0.0636 -0.9960 -0.0626
vn 0.0808 0.9948 0.0624
vn 0.0496 0.9943 0.0943
vn -0.5512 -0.6781 -0.4862
vn -0.5599 -0.6019 -0.5695
vn -0.5190 -0.6371 -0.5699
vn -0.0223 -0.0491 0.9985
vn 0.7428 0.6563 -0.1320
vn 0.7605 0.6076 -0.2292
vn 0.7773 0.6152 -0.1316
vn -0.1620 -0.1771 0.9708
vn -0.1580 -0.1811 0.9707
vn -0.5079 -0.7116 -0.4854
vn -0.4776 -0.6696 -0.5688
vn 0.5702 0.8113 -0.1293
vn 0.4967 0.8384 -0.2247
vn 0.5601 0.7964 -0.2281
vn 0.6651 0.7349 -0.1327
vn 0.6918 0.6842 -0.2309
vn 0.7066 0.6951 -0.1324
vn -0.1539 -0.1847 0.9707
vn -0.1498 -0.1887 0.9706
vn -0.0180 -0.0527 0.9984
vn 0.7954 0.5619 -0.2272
vn 0.8130 0.5678 -0.1293
vn -0.7712 -0.4388 -0.4613
vn -0.7002 -0.4523 -0.5524
vn -0.7389 -0.4844 -0.4684
vn -0.7041 -0.5277 -0.4752
vn -0.6327 -0.5306 -0.5640
vn -0.6694 -0.5666 -0.4805
vn 0.8303 0.5102 -0.2243
vn 0.8478 0.5147 -0.1280
vn 0.8556 0.4679 -0.2213
vn 0.8724 0.4722 -0.1261
vn -0.8163 -0.3635 -0.4488
vn -0.7609 -0.3680 -0.5345
vn -0.7991 -0.3954 -0.4529
vn -0.1664 -0.1728 0.9708
vn 0.8669 0.4474 -0.2197
vn 0.8831 0.4521 -0.1255
vn 0.8459 0.4848 -0.2225
vn 0.8407 0.5414 0.0144
vn -0.9126 -0.1632 -0.3749
vn -0.7795 -0.3385 -0.5271
vn -0.0864 -0.1131 0.9898
vn -0.1636 -0.1553 0.9742
vn -0.1694 -0.1672 0.9713
vn -0.4639 -0.7430 -0.4825
vn -0.4354 -0.6999 -0.5662
vn -0.4215 -0.7688 -0.4809
vn -0.3953 -0.7263 -0.5624
vn 0.4402 0.8891 -0.1250
vn 0.4046 0.8881 -0.2179
vn 0.4358 0.8726 -0.2205
vn -0.0263 -0.0451 0.9986
vn -0.3914 -0.7856 -0.4792
vn -0.3669 -0.7436 -0.5589
vn -0.1681 -0.8896 -0.4247
vn -0.1610 -0.8424 -0.5142
vn 0.4081 0.9044 -0.1244
vn 0.4380 0.8715 -0.2205
vn -0.0375 -0.0377 0.9986
vn -0.5278 -0.5651 -0.6341
vn -0.4887 -0.5986 -0.6347
vn 0.0856 0.1186 -0.9893
vn 0.0206 0.0684 -0.9974
vn 0.7269 0.6469 -0.2303
vn 0.7399 0.5956 -0.3128
vn 0.1542 0.1637 -0.9744
vn 0.0857 0.1129 -0.9899
vn 0.1616 0.1521 -0.9751
vn -0.4493 -0.6300 -0.6335
vn -0.4091 -0.6588 -0.6313
vn 0.6516 0.7226 -0.2307
vn 0.5927 0.7414 -0.3146
vn 0.6344 0.7057 -0.3155
vn 0.6732 0.6690 -0.3150
vn 0.6083 0.7597 -0.2299
vn 0.5465 0.7771 -0.3122
vn -0.5981 -0.5660 -0.5674
vn -0.6664 -0.4933 -0.5591
vn -0.5975 -0.4969 -0.6294
vn -0.6299 -0.4615 -0.6247
vn 0.8091 0.5013 -0.3067
vn 0.1496 0.1684 -0.9743
vn 0.0858 0.1180 -0.9893
vn -0.7327 -0.4091 -0.5438
vn -0.6631 -0.4228 -0.6177
vn -0.6949 -0.3820 -0.6093
vn 0.8466 0.4388 -0.3013
vn 0.0773 0.0980 -0.9922
vn 0.1651 0.1334 -0.9772
vn -0.7231 -0.3436 -0.5992
vn -0.8705 -0.1590 -0.4658
vn -0.7435 -0.3170 -0.5888
vn 0.6453 0.6447 -0.4097
vn 0.0384 0.0522 -0.9979
vn 0.4853 0.8176 -0.3098
vn 0.4272 0.8521 -0.3024
vn -0.3715 -0.6849 -0.6268
vn -0.3448 -0.7022 -0.6229
vn 0.0457 0.0455 -0.9979
vn 0.0422 0.0492 -0.9979
vn 0.3976 0.8680 -0.2976
vn 0.4181 0.8418 -0.3415
vn -0.1582 -0.7976 -0.5821
vn 0.6202 0.7733 -0.1317
vn 0.0089 -0.9985 -0.0534
vn -0.0139 -0.9874 -0.1575
vn -0.0225 -0.9663 -0.2565
vn 0.1365 0.1816 -0.9738
vn 0.1317 0.1840 -0.9741
vn 0.7073 0.6333 -0.3142
vn 0.1399 0.1780 -0.9740
vn -0.0422 -0.0323 0.9986
vn -0.1451 -0.1924 0.9705
vn 0.1226 0.1928 -0.9736
vn -0.9998 -0.0092 -0.0154
vn -0.9882 0.0188 0.1523
vn -0.9915 -0.0379 -0.1246
vn -0.9998 -0.0139 -0.0157
vn -0.9728 -0.0516 -0.2258
vn 0.0162 0.0715 -0.9973
vn -0.6336 -0.6040 -0.4834
vn 0.0346 0.0554 -0.9979
vn -0.5646 -0.5310 -0.6319
vn -0.0822 -0.2132 0.9735
vn -0.0444 -0.0272 0.9986
vn -0.1109 -0.2246 0.9681
vn -0.1302 -0.2084 0.9693
vn 0.0614 0.0278 -0.9977
vn 0.0474 0.0423 -0.9980
vn 0.1207 0.1971 -0.9729
vn 0.0817 0.0236 -0.9964
vn -0.0817 -0.0997 0.9917
vn -0.1377 -0.1362 0.9811
vn -0.0109 -0.0600 0.9981
vn -0.0858 -0.1179 0.9893
vn 0.7740 0.5516 -0.3108
vn -0.0444 0.0492 -0.9978
vn 0.0510 0.0750 -0.9959
vn -0.0138 -0.0559 0.9983
vn -0.0082 -0.0632 0.9980
vn 0.1437 0.1751 -0.9740
vn 0.5040 0.8544 -0.1267
vn 0.1267 0.1878 -0.9740
vn -0.0635 -0.0805 0.9947
vn -0.1045 -0.0985 0.9896
vn 0.0094 -0.0313 0.9995
vn -0.1481 -0.0662 0.9868
vn 0.1510 0.1135 -0.9820
vn -0.0554 0.0527 -0.9971
vn 0.0415 0.0928 -0.9948
vn -0.1093 0.0355 -0.9934
vn 0.2670 -0.9572 0.1116
vn 0.0793 -0.9367 0.3411
vn -0.1324 -0.2045 0.9699
vn 0.1905 -0.9509 -0.2441
vn -0.0059 0.0678 -0.9977
vn -0.5940 -0.6414 -0.4856
vn 0.1467 0.1717 -0.9742
vn 0.0112 0.0740 -0.9972
vn -0.0077 -0.0594 0.9982
vn 0.8349 0.4595 -0.3031
vn -0.8329 -0.1595 -0.5299
vn 0.0242 0.0654 -0.9976
vn 0.0274 0.0621 -0.9977
vn 0.0311 0.0588 -0.9978
vn -0.0315 -0.0419 0.9986
vn -0.0045 -0.0466 0.9989
vn -0.8777 0.2269 -0.4220
vn -0.9251 -0.3605 -0.1196
vn -0.9901 -0.0532 -0.1299
vn -0.7802 0.2612 -0.5684
vn -0.9281 -0.1745 -0.3289
vn -0.7144 -0.6928 -0.0986
vn -0.9010 -0.0905 -0.4244
vn -0.9058 -0.3605 -0.2226
vn 0.4650 0.4835 -0.7416
vn 0.3148 0.3455 -0.8841
vn 0.1745 0.6013 -0.7798
vn 0.5790 0.2253 -0.7836
vn 0.4382 0.1330 -0.8890
vn 0.0712 0.4637 -0.8831
vn -0.0187 0.6780 -0.7348
vn -0.2935 -0.2363 -0.9263
vn -0.2942 -0.2351 -0.9264
vn -0.0851 -0.4274 -0.9001
vn -0.0491 -0.9849 -0.1662
vn -0.2081 -0.9012 -0.3802
vn 0.0430 -0.9101 -0.4121
vn -0.7143 -0.6929 -0.0987
vn -0.3962 -0.9074 -0.1399
vn 0.1045 -0.7516 -0.6513
vn -0.3973 -0.8863 -0.2381
vn -0.1158 -0.8735 -0.4728
vn 0.4074 -0.8944 0.1848
vn 0.7113 -0.6768 0.1900
vn 0.3530 -0.8939 0.2763
vn 0.6002 -0.7984 0.0478
vn 0.9088 -0.3855 0.1594
vn 0.6485 -0.7224 0.2402
vn 0.8792 -0.3991 0.2603
vn 0.9338 0.2967 0.1999
vn 0.9653 -0.2561 0.0520
vn 0.9989 -0.0010 0.0464
vn 0.9126 0.3235 0.2501
vn 0.9867 -0.0101 0.1623
vn 0.8440 -0.5350 0.0372
vn 0.9750 -0.0059 0.2221
vn 0.4408 0.6714 0.5957
vn 0.1628 0.8606 0.4826
vn 0.2418 0.6620 0.7095
vn 0.1452 0.7179 0.6809
vn 0.4797 0.7312 0.4850
vn 0.3179 0.8530 0.4138
vn 0.7305 0.3991 0.5542
vn 0.7372 0.1719 -0.6534
vn 0.6200 0.0538 -0.7827
vn 0.6726 0.5256 -0.5209
vn 0.7334 0.3295 -0.5946
vn 0.9172 0.1506 -0.3689
vn 0.8523 0.0399 -0.5215
vn 0.8909 0.2456 -0.3820
vn -0.1000 0.5055 0.8570
vn 0.4440 0.5485 0.7085
vn 0.2591 0.6011 0.7560
vn 0.1508 0.4551 0.8776
vn 0.4675 0.4525 0.7594
vn 0.4036 0.6109 0.6811
vn 0.7375 0.5214 0.4291
vn 0.9679 0.0508 -0.2463
vn 0.9329 0.1886 0.3068
vn 0.9991 0.0411 0.0059
vn 0.9882 0.1528 0.0030
vn 0.9127 0.2326 0.3361
vn 0.9785 0.2061 0.0039
vn -0.4942 -0.8668 0.0669
vn -0.2278 -0.9731 -0.0343
vn 0.0601 -0.9874 0.1466
vn -0.4166 -0.8982 0.1403
vn -0.5071 -0.8618 -0.0139
vn -0.7256 -0.6879 -0.0181
vn -0.8364 -0.5200 0.1734
vn -0.7552 0.5463 0.3622
vn -0.4942 0.6803 0.5413
vn -0.6372 0.6861 0.3511
vn -0.9234 0.2985 0.2413
vn -0.7416 0.5346 0.4053
vn -0.9122 0.2777 0.3013
vn -0.9472 -0.3200 0.0201
vn -0.9669 0.2121 0.1418
vn -0.9927 -0.0402 0.1140
vn -0.8557 0.4577 0.2417
vn -0.9890 -0.0492 0.1392
vn -0.4832 0.0864 -0.8713
vn 0.0957 0.1676 -0.9812
vn -0.2055 -0.0132 -0.9786
vn -0.4863 0.0043 -0.8738
vn -0.3808 0.1580 -0.9111
vn -0.8305 0.1881 -0.5243
vn -0.7671 0.1062 -0.6327
vn -0.9674 0.1378 0.2124
vn -0.9461 0.0288 -0.3226
vn -0.9993 0.0356 -0.0152
vn -0.8586 0.2299 0.4581
vn -0.9923 0.1160 -0.0446
vn -0.7160 -0.0022 -0.6981
vn -0.9244 0.2338 0.3013
vn -0.9886 0.1425 -0.0484
vn -0.7607 0.3457 0.5494
vn -0.6436 0.3326 0.6893
vn -0.5007 0.5190 0.6928
vn -0.7444 0.3903 0.5417
vn -0.9130 0.2952 0.2817
vn -0.2417 0.9008 0.3607
vn -0.3267 0.9371 0.1230
vn -0.5344 0.5863 0.6088
vn -0.5822 0.7079 0.4000
vn -0.7754 0.5306 0.3422
vn -0.4683 0.0793 0.8800
vn -0.2427 0.3283 0.9129
vn -0.1305 0.0529 0.9900
vn -0.8692 0.3669 0.3315
vn -0.6444 0.3748 0.6665
vn -0.7389 0.1495 0.6570
vn -0.9641 0.1691 0.2047
vn -0.9561 0.1657 0.2418
vn -0.1558 0.9530 -0.2600
vn -0.0102 0.8302 -0.5574
vn -0.6139 0.2704 -0.7417
vn -0.5505 0.3239 -0.7694
vn -0.4141 0.3929 -0.8211
vn -0.3969 -0.6397 -0.6582
vn -0.2151 0.4472 -0.8682
vn -0.2483 0.3715 -0.8946
vn -0.6159 -0.5870 -0.5254
vn -0.7934 -0.5533 -0.2538
vn 0.3971 0.8849 -0.2436
vn 0.3971 0.8849 -0.2435
vn 0.3970 0.8850 -0.2433
vn -0.3389 0.4442 -0.8294
vn -0.1238 0.9916 -0.0368
vn -0.5033 0.8641 0.0016
vn -0.2723 0.9514 -0.1437
vn -0.8465 -0.3222 -0.4238
vn -0.2396 -0.5521 -0.7986
vn -0.4809 -0.6014 -0.6381
vn -0.7679 0.3387 -0.5436
vn -0.8248 0.4176 -0.3812
vn -0.8443 0.4440 -0.2999
vn -0.4577 0.8452 0.2758
vn -0.4888 0.8328 0.2598
vn -0.4558 0.8460 0.2766
vn -0.6699 -0.2955 0.6811
vn -0.6740 -0.3451 0.6532
vn -0.7491 -0.3944 0.5322
vn -0.9161 -0.3391 0.2141
vn -0.9218 -0.3454 0.1759
vn -0.7192 -0.6364 -0.2790
vn -0.7192 -0.6363 -0.2790
vn -0.7734 0.0041 0.6339
vn -0.6826 0.1362 0.7180
vn -0.8516 -0.1622 0.4985
vn -0.8085 -0.3808 0.4487
vn 0.7358 -0.5445 -0.4026
vn 0.7344 -0.5448 -0.4048
vn 0.7103 -0.5845 -0.3923
vn 0.0983 -0.9267 -0.3628
vn 0.0984 -0.9266 -0.3629
vn -0.1211 -0.8370 -0.5337
vn -0.1211 -0.8370 -0.5336
vn 0.8811 -0.0309 0.4719
vn 0.8811 -0.0311 0.4719
vn 0.6741 -0.6668 -0.3178
vn 0.8347 -0.5499 0.0298
vn 0.3234 0.8644 0.3850
vn 0.1975 0.9514 0.2361
vn 0.1643 0.9665 0.1969
vn 0.1108 0.9450 -0.3077
vn 0.3468 0.9105 -0.2252
vn 0.0736 0.9913 -0.1095
vn 0.3352 0.5530 -0.7628
vn 0.3905 0.7271 -0.5647
vn 0.5996 0.6077 -0.5208
vn 0.3268 0.3914 -0.8602
vn 0.2429 0.1876 -0.9517
vn 0.2042 0.1923 -0.9598
vn 0.9078 0.3473 -0.2350
vn 0.8811 0.1047 -0.4612
vn 0.6619 0.3991 -0.6345
vn 0.6574 0.1731 -0.7334
vn 0.9019 -0.0071 -0.4319
vn 0.9491 -0.1526 -0.2757
vn 0.4299 -0.3588 -0.8286
vn 0.4167 -0.1793 -0.8912
vn 0.4906 -0.1440 -0.8594
vn -0.5655 -0.7840 -0.2560
vn -0.6140 -0.6129 -0.4973
vn 0.3409 -0.5310 -0.7758
vn 0.4923 -0.2569 -0.8316
vn 0.8533 0.2797 -0.4400
vn 0.9560 -0.2888 0.0519
vn 0.9125 -0.2364 0.3338
vn 0.9896 -0.1400 0.0323
vn 0.5824 -0.7447 0.3259
vn 0.7288 -0.5600 0.3941
vn 0.6900 -0.2837 0.6658
vn 0.2574 -0.8373 0.4824
vn 0.3400 -0.9296 0.1426
vn 0.1584 -0.9794 0.1253
vn -0.4033 -0.7087 0.5789
vn -0.4033 -0.7086 0.5790
vn 0.3652 -0.2447 0.8982
vn 0.1352 -0.5310 0.8365
vn 0.4181 -0.6225 0.6615
vn -0.0278 -0.8213 0.5698
vn -0.1365 -0.8330 0.5362
vn -0.6612 -0.0434 -0.7490
vn -0.6613 -0.0463 -0.7486
vn -0.6613 -0.0452 -0.7488
vn -0.2834 -0.9030 0.3231
vn -0.5962 0.6968 -0.3987
vn -0.4350 0.8232 -0.3649
vn -0.7927 -0.6084 -0.0389
vn 0.6067 -0.0817 0.7907
vn 0.5931 -0.1645 0.7881
vn 0.6076 -0.0750 0.7907
vn -0.8642 0.4485 0.2280
vn -0.9180 0.1287 -0.3752
vn -0.3659 0.1341 -0.9209
vn 0.2200 0.4549 -0.8629
vn -0.1853 -0.9106 0.3693
vn -0.3843 -0.9163 0.1126
vn 0.1358 -0.7272 0.6729
vn 0.0725 -0.9072 0.4144
vn -0.7055 -0.7041 0.0808
vn -0.0906 -0.8806 0.4651
vn -0.3746 -0.9016 0.2162
vn 0.3306 0.3366 0.8817
vn 0.5848 0.1895 0.7887
vn 0.1508 0.5832 0.7982
vn 0.0888 0.4464 0.8904
vn 0.4510 0.1433 0.8810
vn 0.6553 -0.2115 0.7252
vn -0.2555 -0.2366 0.9374
vn -0.2517 -0.2407 0.9374
vn -0.4429 -0.0264 0.8962
vn -0.9202 -0.3749 0.1129
vn -0.8691 0.2155 0.4452
vn -0.9204 -0.1874 0.3432
vn -0.5009 0.4812 0.7194
vn -0.8984 -0.3768 0.2254
vn -0.8903 -0.0981 0.4447
vn -0.9174 -0.0981 -0.3858
vn -0.9272 -0.3509 -0.1312
vn -0.7072 -0.0740 -0.7031
vn -0.8734 -0.3108 -0.3749
vn -0.7449 -0.6574 -0.1135
vn -0.6020 -0.5192 -0.6066
vn -0.7073 -0.5994 -0.3746
vn -0.1244 -0.3361 -0.9336
vn -0.3883 -0.0905 -0.9171
vn -0.0997 -0.6406 -0.7614
vn -0.3745 -0.3048 -0.8757
vn -0.6806 -0.2708 -0.6807
vn -0.3891 -0.8298 -0.4001
vn -0.1412 -0.8953 -0.4226
vn -0.4006 -0.9022 -0.1598
vn -0.3681 -0.5956 -0.7140
vn 0.4305 0.2514 -0.8669
vn 0.1212 -0.2855 -0.9507
vn 0.5730 0.3107 -0.7584
vn 0.3394 -0.0925 -0.9361
vn 0.0841 -0.5990 -0.7963
vn 0.4328 0.0032 -0.9015
vn 0.2521 -0.2616 -0.9317
vn 0.8825 0.3544 0.3092
vn 0.7794 0.5968 0.1906
vn 0.7949 0.1773 0.5803
vn 0.8988 0.0955 0.4278
vn 0.8752 0.4795 0.0642
vn 0.7463 0.6653 -0.0186
vn 0.9303 -0.1735 -0.3231
vn 0.9297 -0.1681 -0.3276
vn 0.9081 -0.4080 -0.0945
vn 0.4192 -0.8790 -0.2274
vn 0.4674 -0.8653 0.1813
vn 0.1158 -0.8834 -0.4540
vn 0.3215 -0.8116 -0.4877
vn 0.5999 -0.7559 0.2621
vn 0.4847 -0.8663 -0.1207
vn -0.5079 0.8412 -0.1857
vn -0.4581 0.8868 -0.0615
vn -0.2688 0.9252 -0.2679
vn -0.5214 0.7200 -0.4579
vn -0.6420 0.7611 -0.0924
vn -0.7354 0.6773 -0.0210
vn -0.7387 0.5921 -0.3220
vn -0.7387 0.5922 -0.3220
vn -0.7387 0.5921 -0.3221
vn -0.5987 -0.4041 -0.6915
vn -0.2717 -0.4329 -0.8595
vn -0.5305 -0.4878 -0.6933
vn -0.7679 -0.2642 -0.5836
vn -0.5216 -0.1540 -0.8392
vn -0.9426 0.3283 -0.0616
vn -0.9447 -0.1748 -0.2775
vn -0.8920 0.4456 -0.0767
vn -0.8071 -0.2530 -0.5335
vn -0.7348 -0.3966 -0.5503
vn -0.3761 0.9196 0.1132
vn -0.0951 0.9141 0.3941
vn -0.7034 0.7031 0.1040
vn -0.3720 0.8429 0.3888
vn -0.0908 0.6916 0.7166
vn -0.6597 0.6559 0.3669
vn -0.3539 0.6498 0.6727
vn -0.9202 0.0915 0.3805
vn -0.9197 0.3787 0.1040
vn -0.7041 0.0798 0.7056
vn -0.8489 0.3672 0.3801
vn -0.6604 0.3451 0.6670
vn -0.0968 0.3608 0.9276
vn -0.3785 0.0801 0.9221
vn -0.0970 0.0780 0.9922
vn -0.3733 0.3581 0.8558
vn -0.4827 -0.0948 0.8706
vn -0.1361 -0.0403 0.9899
vn -0.4591 -0.0347 0.8877
vn -0.6959 -0.1067 0.7101
vn -0.5138 -0.4831 0.7090
vn -0.7788 -0.3462 0.5230
vn -0.9461 -0.2668 -0.1838
vn -0.9439 -0.0708 0.3226
vn -0.7334 -0.5379 -0.4156
vn -0.8070 -0.5218 -0.2765
vn -0.8916 -0.0909 0.4437
vn -0.7364 -0.0441 0.6751
vn -0.3296 -0.6765 -0.6585
vn -0.5258 -0.6329 -0.5683
vn -0.6135 -0.7895 -0.0136
vn -0.7725 -0.6344 -0.0297
vn -0.5155 -0.8358 -0.1889
vn -0.7803 -0.5093 -0.3630
vn -0.7080 -0.3281 -0.6253
vn 0.3809 0.9212 -0.0798
vn 0.0998 0.9273 -0.3608
vn 0.0992 0.9920 -0.0776
vn 0.7073 0.7025 -0.0785
vn 0.3758 0.8549 -0.3576
vn 0.0939 0.7169 -0.6908
vn 0.6618 0.6671 -0.3422
vn 0.3572 0.6727 -0.6480
vn 0.9207 0.1029 -0.3765
vn 0.9222 0.3761 -0.0901
vn 0.7043 0.1041 -0.7023
vn 0.8499 0.3791 -0.3661
vn 0.6619 0.3662 -0.6540
vn 0.0981 0.3954 -0.9133
vn 0.3782 0.1143 -0.9187
vn 0.3743 0.3887 -0.8419
vn -0.0295 0.9505 -0.3092
vn -0.2269 0.9716 -0.0664
vn -0.0602 0.8491 -0.5248
vn -0.1789 0.6106 -0.7714
vn -0.0089 0.5688 -0.8224
vn -0.4696 0.7286 -0.4986
vn -0.4697 0.7286 -0.4985
vn -0.4698 0.7285 -0.4986
vn 0.5391 0.6646 -0.5174
vn -0.2782 -0.1637 -0.9465
vn -0.0663 0.3430 -0.9370
vn -0.5027 -0.4384 -0.7450
vn -0.3753 -0.2364 -0.8962
vn -0.1852 0.5765 -0.7958
vn -0.0951 0.6857 -0.7216
vn -0.6669 -0.6097 -0.4284
vn -0.6436 -0.6037 -0.4705
vn -0.7916 0.0148 -0.6108
vn -0.7013 0.1689 -0.6925
vn -0.8417 -0.1610 -0.5154
vn -0.5555 -0.4814 -0.6780
vn -0.6617 0.0445 -0.7484
vn -0.6153 -0.1122 -0.7802
vn 0.7863 -0.2741 -0.5538
vn 0.9020 -0.0746 -0.4253
vn 0.9519 -0.2109 -0.2225
vn 0.7159 -0.3533 -0.6022
vn 0.4970 -0.2396 -0.8340
vn 0.6395 -0.0541 -0.7669
vn 0.2249 -0.5315 -0.8167
vn -0.3601 -0.7444 -0.5623
vn -0.5778 -0.7998 -0.1627
vn -0.5836 -0.6845 -0.4369
vn -0.1743 -0.5157 -0.8388
vn 0.2619 -0.9424 -0.2079
vn -0.0681 -0.8438 -0.5324
vn 0.3797 -0.9170 -0.1220
vn 0.3179 -0.0709 -0.9455
vn -0.1636 -0.2680 -0.9494
vn 0.1042 -0.2351 -0.9664
vn -0.4063 -0.4838 -0.7752
vn 0.8630 -0.3154 -0.3946
vn 0.8656 0.1239 -0.4851
vn 0.9869 -0.1120 -0.1159
vn 0.8459 -0.4449 -0.2942
vn 0.7735 -0.3188 -0.5478
vn 0.6632 -0.1721 -0.7284
vn 0.6092 -0.5987 -0.5201
vn -0.1361 -0.9449 -0.2977
vn 0.3548 -0.9283 -0.1115
vn -0.3319 -0.7967 -0.5051
vn 0.0905 -0.9579 -0.2724
vn 0.4252 -0.8902 -0.1635
vn -0.1616 -0.8488 -0.5033
vn 0.1570 -0.9354 -0.3169
vn -0.5354 -0.3701 -0.7592
vn -0.3234 -0.6241 -0.7113
vn -0.5233 -0.5778 -0.6263
vn -0.1618 -0.5363 -0.8284
vn -0.3670 -0.4743 -0.8002
vn -0.0699 -0.8045 -0.5898
vn 0.9202 -0.1074 0.3764
vn 0.9191 -0.3837 0.0899
vn 0.7037 -0.1073 0.7024
vn 0.8481 -0.3829 0.3662
vn 0.7010 -0.7088 0.0788
vn 0.6600 -0.3691 0.6544
vn 0.6579 -0.6706 0.3428
vn 0.1608 -0.4454 0.8808
vn 0.3780 -0.1163 0.9185
vn 0.1234 -0.7453 0.6552
vn 0.3715 -0.3903 0.8424
vn 0.3523 -0.6746 0.6486
vn 0.3741 -0.9239 0.0802
vn 0.0936 -0.9360 0.3394
vn 0.3695 -0.8578 0.3572
vn -0.1032 -0.7747 0.6239
vn -0.1742 -0.8774 0.4471
vn -0.0459 -0.8625 0.5040
vn -0.4163 -0.7499 0.5141
vn -0.3613 -0.7143 0.5993
vn -0.1120 -0.9333 0.3411
vn -0.0355 -0.9335 0.3569
vn -0.2179 -0.9100 0.3526
vn -0.8764 -0.0217 -0.4811
vn -0.9201 -0.0350 -0.3901
vn -0.9573 -0.0820 -0.2772
vn -0.8324 0.0579 -0.5511
vn -0.9865 -0.1541 -0.0546
vn -0.0565 -0.9858 0.1581
vn -0.3073 -0.9245 -0.2257
vn -0.3029 -0.9518 0.0471
vn -0.4642 -0.8797 -0.1031
vn -0.4173 -0.8620 -0.2877
vn -0.4864 -0.8535 -0.1870
vn 0.3397 0.8839 -0.3214
vn 0.0842 0.7255 -0.6831
vn 0.0298 0.8366 -0.5470
vn 0.0642 0.9149 -0.3986
vn 0.3534 0.9350 -0.0283
vn 0.5146 0.8565 -0.0405
vn 0.0942 0.9888 -0.1158
vn 0.3945 0.9016 0.1777
vn 0.2046 0.9217 0.3297
vn 0.0417 0.9851 -0.1669
vn 0.0423 0.9989 0.0186
vn 0.2974 0.9160 0.2691
vn 0.1976 0.9797 0.0352
vn 0.0255 0.9344 -0.3553
vn 0.3325 0.8256 0.4558
vn 0.3010 0.8507 0.4309
vn 0.5495 -0.2571 0.7950
vn 0.3681 -0.5743 0.7312
vn -0.6329 0.1498 -0.7596
vn -0.6329 0.1497 -0.7596
vn 0.4685 0.8383 -0.2787
vn -0.1254 0.3561 -0.9260
vn -0.0385 0.6557 -0.7540
vn -0.2082 0.1914 -0.9592
vn -0.1071 0.5272 -0.8429
vn -0.0189 0.8171 -0.5762
vn -0.1907 0.3402 -0.9208
vn -0.0754 0.7259 -0.6837
vn -0.2825 0.1846 -0.9413
vn -0.3187 -0.0101 -0.9478
vn -0.3603 0.1332 -0.9233
vn -0.2017 0.5703 -0.7963
vn -0.1755 0.5493 -0.8170
vn -0.0801 0.8581 -0.5072
vn -0.1177 0.9054 -0.4079
vn -0.0247 0.9484 -0.3162
vn -0.2236 0.7715 -0.5957
vn -0.6530 0.7325 0.1925
vn -0.7795 0.6232 0.0634
vn -0.8752 0.3927 0.2826
vn -0.6988 0.6730 0.2421
vn -0.3655 0.9165 0.1629
vn -0.5173 0.8543 0.0503
vn -0.3784 0.8889 0.2583
vn 0.7987 -0.0561 0.5991
vn 0.7061 0.4311 0.5618
vn 0.6957 0.2457 0.6750
vn 0.8790 0.1428 0.4550
vn 0.7605 0.4623 0.4559
vn 0.7494 0.1426 0.6465
vn 0.4327 0.7304 0.5284
vn 0.5123 0.7017 0.4951
vn -0.2423 0.9683 0.0616
vn 0.3106 0.9301 0.1961
vn 0.0101 0.9986 0.0521
vn 0.0086 0.9864 0.1643
vn 0.3404 0.9087 0.2417
vn 0.0084 0.9758 0.2187
vn 0.2655 0.3445 -0.9005
vn 0.1268 0.2485 -0.9603
vn 0.0096 0.2106 -0.9775
vn 0.4543 0.3792 -0.8061
vn 0.2126 0.5104 -0.8333
vn 0.0041 -0.1015 -0.9948
vn -0.0328 0.0094 -0.9994
vn 0.1416 -0.6392 -0.7559
vn 0.2188 -0.7292 -0.6484
vn 0.2297 -0.7408 -0.6312
vn 0.2776 -0.9172 0.2857
vn 0.3600 -0.7994 0.4810
vn 0.3020 -0.8694 0.3910
vn 0.1845 -0.9786 0.0908
vn 0.2954 -0.9250 0.2388
vn 0.2392 -0.9682 0.0730
vn 0.0139 -0.8938 -0.4482
vn 0.1106 -0.9916 0.0673
vn 0.0332 -0.8875 -0.4595
vn 0.0897 -0.9795 -0.1803
vn 0.1751 -0.9584 0.2255
vn 0.1182 -0.9784 -0.1695
vn -0.1782 -0.0217 -0.9837
vn -0.1412 0.1762 -0.9742
vn -0.0972 0.0229 -0.9950
vn -0.1912 -0.4244 -0.8851
vn -0.2543 -0.1749 -0.9512
vn -0.2520 -0.0187 -0.9676
vn -0.2284 -0.3996 -0.8878
vn -0.1784 -0.7525 -0.6340
vn -0.0970 -0.8203 -0.5637
vn -0.1425 -0.8723 -0.4677
vn -0.2599 -0.5892 -0.7650
vn -0.0750 -0.6620 -0.7458
vn -0.3156 -0.1878 -0.9301
vn -0.3246 -0.5082 -0.7977
vn -0.3811 -0.3275 -0.8646
vn -0.2993 -0.3693 -0.8798
vn -0.2634 -0.6963 -0.6677
vn -0.8718 -0.4827 0.0839
vn -0.9810 0.1003 0.1661
vn -0.9809 -0.1943 -0.0131
vn -0.8799 -0.4752 0.0011
vn -0.9157 -0.3701 0.1568
vn -0.5234 -0.8333 0.1780
vn -0.6323 -0.7682 0.1004
vn 0.2088 -0.9698 0.1262
vn -0.3265 -0.9450 0.0188
vn -0.0190 -0.9995 0.0242
vn 0.4558 -0.8628 0.2189
vn -0.0467 -0.9934 0.1047
vn -0.7034 -0.7108 -0.0088
vn 0.2978 -0.9284 0.2222
vn -0.0524 -0.9899 0.1317
vn 0.5459 -0.7675 0.3361
vn 0.6883 -0.6496 0.3229
vn 0.6957 -0.5012 0.5146
vn 0.5368 -0.7538 0.3789
vn 0.2779 -0.9174 0.2848
vn -0.9358 0.0790 0.3437
vn -0.7189 0.1464 0.6796
vn -0.9286 0.1341 0.3460
vn -0.8414 0.0196 0.5400
vn -0.4410 0.1117 0.8906
vn -0.7035 0.1965 0.6830
vn -0.4434 0.2197 0.8690
vn 0.2273 0.1444 0.9630
vn -0.3180 -0.0053 0.9481
vn -0.0652 -0.0161 0.9977
vn 0.2672 0.1986 0.9430
vn -0.0701 0.1067 0.9918
vn -0.5918 -0.0104 0.8060
vn -0.0587 0.1674 0.9841
vn 0.6415 0.5535 0.5311
vn 0.8338 0.4781 0.2761
vn -0.0363 0.8255 0.5633
vn 0.4744 0.6879 0.5492
vn 0.6809 0.4591 0.5706
vn 0.8103 0.3990 0.4292
vn 0.3546 0.5086 0.7846
vn 0.1184 -0.7352 0.6674
vn 0.0129 -0.8505 0.5258
vn 0.1470 -0.8049 0.5750
vn 0.1682 -0.7269 0.6658
vn 0.0804 -0.4738 0.8769
vn -0.0241 -0.6186 0.7853
vn 0.1779 -0.4843 0.8566
vn 0.5013 0.8642 0.0439
vn 0.5016 0.6522 0.5684
vn 0.5454 0.7709 0.3291
vn 0.4304 0.8543 0.2915
vn 0.4034 0.6985 0.5910
vn 0.7679 -0.0887 0.6344
vn 0.6322 0.5155 0.5784
vn 0.7361 -0.2822 0.6152
vn 0.4536 0.3424 0.8228
vn -0.0265 -0.3584 0.9332
vn 0.1055 0.1945 0.9752
vn -0.0409 -0.1117 0.9929
vn 0.0714 -0.1127 0.9911
vn 0.1530 0.2264 0.9619
vn 0.1266 -0.1107 0.9858
vn -0.8094 0.1171 -0.5755
vn -0.9459 -0.0073 -0.3243
vn -0.9995 0.0307 -0.0116
vn -0.7768 0.1848 -0.6020
vn -0.8046 0.0340 -0.5928
vn -0.6297 0.0320 -0.7762
vn -0.4591 0.2462 -0.8536
vn 0.5876 0.4561 -0.6684
vn 0.5018 0.7636 -0.4063
vn 0.7312 0.4106 -0.5448
vn 0.3594 0.3144 -0.8787
vn 0.7254 0.6000 -0.3373
vn 0.3305 0.3813 -0.8634
vn 0.4550 0.3745 -0.8079
vn -0.2570 0.0798 -0.9631
vn 0.2696 0.2072 -0.9404
vn 0.0201 0.1820 -0.9831
vn 0.5142 0.3084 -0.8003
vn 0.0079 0.2090 -0.9779
vn 0.1539 -0.8087 -0.5677
vn 0.3469 -0.8257 -0.4448
vn 0.0156 -0.9475 -0.3193
vn 0.0548 -0.8086 -0.5858
vn 0.1798 -0.9810 -0.0726
vn 0.2600 -0.4220 -0.8685
vn 0.1774 -0.5369 -0.8248
vn 0.2137 0.3261 -0.9209
vn 0.1099 -0.2083 -0.9719
vn 0.1173 0.1042 -0.9876
vn 0.2937 0.5574 -0.7766
vn 0.1975 0.0749 -0.9774
vn 0.0648 -0.6081 -0.7912
vn 0.3048 0.4087 -0.8602
vn 0.2236 0.0690 -0.9722
vn 0.3952 0.6364 -0.6624
vn 0.3746 0.7614 -0.5291
vn 0.4529 0.8163 -0.3586
vn 0.4222 0.5997 -0.6797
vn 0.3661 0.3894 -0.8452
vn -0.7291 -0.0507 -0.6825
vn -0.7046 0.2417 -0.6672
vn -0.6284 -0.4324 -0.6466
vn -0.7154 0.0456 -0.6973
vn -0.7207 0.0808 -0.6886
vn -0.7040 0.2372 -0.6694
vn -0.6632 -0.0090 -0.7484
vn -0.3797 -0.8451 -0.3762
vn -0.3904 -0.8319 -0.3945
vn -0.6472 -0.4835 -0.5894
vn -0.5500 -0.6512 -0.5229
vn -0.5351 -0.6480 -0.5420
vn -0.6974 0.2453 -0.6734
vn -0.7051 -0.1329 -0.6965
vn -0.7240 0.0359 -0.6888
vn -0.7521 -0.0307 -0.6583
vn -0.6871 0.2192 -0.6927
vn -0.6939 -0.1014 -0.7129
vn -0.6909 0.2312 -0.6849
vn -0.6957 0.2112 -0.6866
vn -0.7127 -0.0605 -0.6989
vn -0.7120 -0.2696 -0.6484
vn -0.7094 -0.0051 -0.7048
vn -0.7181 -0.2357 -0.6548
vn -0.7471 -0.1645 -0.6440
vn -0.6966 0.2148 -0.6846
vn -0.5780 -0.6118 -0.5400
vn -0.6995 -0.0477 -0.7130
vn -0.5749 -0.4409 -0.6893
vn -0.2996 -0.9108 -0.2841
vn -0.2661 -0.9149 -0.3036
vn -0.4675 -0.7868 -0.4030
vn -0.4363 -0.7783 -0.4515
vn 0.9010 -0.3140 -0.2993
vn 0.9008 -0.2958 -0.3178
vn 0.7653 -0.4653 -0.4447
vn 0.7667 -0.4366 -0.4708
vn 0.2501 -0.6578 -0.7104
vn -0.0073 -0.7196 -0.6944
vn -0.0070 -0.6793 -0.7338
vn 0.8998 -0.3335 -0.2814
vn 0.7644 -0.4904 -0.4186
vn 0.2493 -0.6991 -0.6702
vn -0.0053 -0.7583 -0.6519
vn 0.9102 0.2793 0.3057
vn 0.9100 0.2600 0.3229
vn 0.7822 0.4213 0.4589
vn 0.3231 0.5972 0.7341
vn 0.0767 0.6770 0.7320
vn 0.3219 0.6413 0.6966
vn 0.9105 0.2368 0.3391
vn 0.7813 0.3928 0.4851
vn 0.3209 0.5510 0.7703
vn 0.0771 0.6304 0.7724
vn 0.9003 -0.2570 -0.3514
vn 0.9004 -0.2778 -0.3348
vn 0.7646 -0.3803 -0.5203
vn 0.2496 -0.6135 -0.7492
vn -0.0068 -0.5879 -0.8089
vn 0.2495 -0.5687 -0.7838
vn 0.7654 -0.4103 -0.4957
vn -0.0065 -0.6331 -0.7740
vn 0.9093 0.2993 0.2891
vn 0.9097 0.3132 0.2727
vn 0.7813 0.4503 0.4322
vn 0.7801 0.4754 0.4066
vn 0.3203 0.7183 0.6176
vn 0.0772 0.7197 0.6900
vn 0.0777 0.7564 0.6494
vn 0.3218 0.6828 0.6559
vn 0.9093 0.3286 0.2554
vn 0.9083 0.3455 0.2359
vn 0.7799 0.4967 0.3807
vn 0.7782 0.5216 0.3499
vn 0.3205 0.7844 0.5311
vn 0.0791 0.7913 0.6063
vn 0.0805 0.8274 0.5559
vn 0.3221 0.7499 0.5778
vn 0.8995 -0.3486 -0.2636
vn 0.7637 -0.5123 -0.3928
vn 0.2510 -0.7356 -0.6292
vn -0.0028 -0.7928 -0.6095
vn 0.8978 -0.3661 -0.2447
vn 0.7607 -0.5369 -0.3648
vn 0.2516 -0.7677 -0.5893
vn -0.0005 -0.8267 -0.5626
vn 0.8970 -0.3817 -0.2230
vn 0.7590 -0.5590 -0.3337
vn 0.2511 -0.8014 -0.5428
vn 0.0003 -0.8592 -0.5116
vn 0.8926 -0.4015 -0.2050
vn 0.7530 -0.5817 -0.3077
vn 0.2494 -0.8345 -0.4914
vn -0.0005 -0.8864 -0.4629
vn 0.9058 0.3654 0.2143
vn 0.9048 0.3764 0.1993
vn 0.7723 0.5508 0.3164
vn 0.7675 0.5708 0.2918
vn 0.3169 0.8407 0.4391
vn 0.0812 0.8626 0.4994
vn 0.0807 0.8868 0.4550
vn 0.3176 0.8187 0.4784
vn 0.8858 -0.4498 -0.1138
vn 0.9229 -0.3852 0.0015
vn 0.5368 -0.8213 -0.1932
vn 0.7026 -0.7116 0.0025
vn 0.0611 -0.9761 -0.2086
vn 0.3632 -0.9317 0.0027
vn 0.9790 -0.1838 -0.0883
vn 0.7430 -0.6034 -0.2895
vn 0.2410 -0.8635 -0.4430
vn -0.0067 -0.9028 -0.4300
vn 0.7352 -0.6154 -0.2843
vn 0.2257 -0.8827 -0.4123
vn 0.8985 0.3950 0.1915
vn 0.7622 0.5828 0.2818
vn 0.0771 0.8969 0.4356
vn 0.3099 0.8533 0.4194
vn 0.9093 0.2116 0.3584
vn 0.7818 0.3579 0.5106
vn 0.3197 0.4844 0.8143
vn 0.0768 0.5786 0.8120
vn 0.9048 0.1886 0.3817
vn 0.7773 0.3182 0.5427
vn 0.3110 0.4279 0.8486
vn 0.0771 0.5092 0.8572
vn 0.8962 -0.2202 -0.3851
vn 0.8990 -0.2387 -0.3671
vn 0.7572 -0.3295 -0.5639
vn 0.2467 -0.5223 -0.8163
vn -0.0087 -0.4940 -0.8694
vn 0.2406 -0.4746 -0.8467
vn 0.7630 -0.3523 -0.5420
vn -0.0064 -0.5400 -0.8417
vn 0.9249 0.0035 -0.3802
vn 0.7026 0.0100 -0.7115
vn 0.3618 0.0148 -0.9321
vn 0.8885 -0.1185 -0.4432
vn 0.5319 -0.2050 -0.8216
vn 0.0408 -0.2210 -0.9744
vn 0.8997 0.1780 0.3986
vn 0.7680 0.2788 0.5765
vn 0.3021 0.3961 0.8671
vn 0.0721 0.4433 0.8935
vn 0.0657 0.4096 0.9099
vn 0.7581 0.2637 0.5964
vn 0.3069 0.3884 0.8689
vn 0.8917 -0.2100 -0.4010
vn 0.2244 -0.4460 -0.8664
vn 0.7482 -0.3134 -0.5848
vn -0.0157 -0.4625 -0.8865
vn -0.6906 -0.4891 -0.5327
vn -0.6897 -0.5210 -0.5029
vn -0.8528 -0.3521 -0.3857
vn -0.8524 -0.3754 -0.3641
vn -0.9571 -0.1949 -0.2146
vn -0.9573 -0.2065 -0.2026
vn -0.6882 -0.5487 -0.4747
vn -0.8511 -0.3969 -0.3437
vn -0.9564 -0.2208 -0.1912
vn -0.6446 0.4837 0.5920
vn -0.6436 0.5209 0.5608
vn -0.8314 0.3537 0.4286
vn -0.8317 0.3786 0.4061
vn -0.9518 0.1973 0.2348
vn -0.9521 0.2094 0.2228
vn -0.6432 0.4462 0.6223
vn -0.8311 0.3252 0.4511
vn -0.9522 0.1800 0.2468
vn -0.6896 -0.4585 -0.5607
vn -0.6890 -0.4227 -0.5887
vn -0.8524 -0.3293 -0.4063
vn -0.8516 -0.3055 -0.4260
vn -0.9570 -0.1816 -0.2264
vn -0.9566 -0.1690 -0.2375
vn -0.6411 0.5832 0.4988
vn -0.6424 0.5541 0.5295
vn -0.8293 0.4255 0.3621
vn -0.8303 0.4035 0.3844
vn -0.9515 0.2347 0.1989
vn -0.9519 0.2228 0.2105
vn -0.6341 0.6425 0.4302
vn -0.6382 0.6119 0.4672
vn -0.8254 0.4694 0.3136
vn -0.8278 0.4463 0.3400
vn -0.9503 0.2588 0.1730
vn -0.9507 0.2472 0.1870
vn -0.6856 -0.5765 -0.4444
vn -0.8505 -0.4156 -0.3224
vn -0.9565 -0.2300 -0.1795
vn -0.6820 -0.6048 -0.4112
vn -0.8476 -0.4385 -0.2988
vn -0.9561 -0.2414 -0.1664
vn -0.6764 -0.6327 -0.3769
vn -0.8440 -0.4610 -0.2742
vn -0.9545 -0.2559 -0.1529
vn -0.6703 -0.6572 -0.3447
vn -0.8392 -0.4819 -0.2520
vn -0.9525 -0.2700 -0.1408
vn -0.6217 0.6964 0.3584
vn -0.6277 0.6739 0.3897
vn -0.8161 0.5144 0.2634
vn -0.8221 0.4925 0.2857
vn -0.9469 0.2860 0.1467
vn -0.9491 0.2727 0.1577
vn -0.4224 -0.9044 -0.0609
vn -0.6378 -0.7486 -0.1811
vn -0.7313 -0.6805 -0.0462
vn -0.8227 -0.5521 -0.1354
vn -0.9317 -0.3624 -0.0250
vn -0.9462 -0.3138 -0.0794
vn -0.6618 -0.6772 -0.3215
vn -0.8326 -0.5007 -0.2370
vn -0.9502 -0.2815 -0.1336
vn -0.6140 0.7109 0.3428
vn -0.8125 0.5245 0.2546
vn -0.9454 0.2932 0.1422
vn -0.6396 0.3953 0.6593
vn -0.8291 0.2881 0.4791
vn -0.9517 0.1605 0.2617
vn -0.6309 0.3485 0.6932
vn -0.8225 0.2566 0.5076
vn -0.9493 0.1443 0.2793
vn -0.6853 -0.3909 -0.6145
vn -0.6811 -0.3607 -0.6371
vn -0.8499 -0.2805 -0.4461
vn -0.8458 -0.2618 -0.4649
vn -0.9562 -0.1549 -0.2485
vn -0.9547 -0.1433 -0.2607
vn -0.4188 -0.0417 -0.9071
vn -0.7305 -0.0303 -0.6822
vn -0.9382 -0.0135 -0.3459
vn -0.6536 -0.1822 -0.7346
vn -0.8249 -0.1343 -0.5491
vn -0.9427 -0.0772 -0.3247
vn -0.6227 0.3248 0.7119
vn -0.8153 0.2420 0.5260
vn -0.9465 0.1368 0.2923
vn -0.6757 -0.3387 -0.6548
vn -0.8412 -0.2468 -0.4812
vn -0.9527 -0.1365 -0.2714
vn -0.3612 0.4622 0.8098
vn -0.3616 0.4661 0.8075
vn -0.1729 0.9523 -0.2516
vn -0.1729 0.9523 -0.2515
vn 0.1196 0.5204 -0.8455
vn -0.3653 0.6891 0.6259
vn 0.1828 -0.9592 0.2159
vn -0.3644 0.7008 0.6133
vn -0.9272 -0.3745 -0.0057
vn -0.7147 -0.6993 -0.0105
vn -0.3930 -0.9194 -0.0137
vn 0.0022 -0.3281 -0.9447
vn 0.0030 -0.8941 -0.4479
vn 0.0028 -0.6438 -0.7652
vn 0.6943 -0.1982 0.6919
vn 0.7678 -0.0604 0.6379
vn 0.5220 -0.6823 0.5119
vn 0.6262 0.4514 0.6357
vn 0.6935 -0.2026 0.6913
vn 0.6128 -0.5082 0.6052
vn 0.1605 -0.9766 0.1435
vn -0.3790 0.0175 -0.9252
vn -0.7057 0.0143 -0.7084
vn -0.7002 0.0986 -0.7071
vn -0.9240 0.0088 -0.3822
vn -0.2393 0.6765 0.6965
vn -0.2361 0.6770 0.6971
vn -0.9755 0.1511 0.1599
vn 0.1795 0.7835 0.5949
vn 0.4522 0.6169 0.6441
vn -0.4311 0.7405 0.5155
vn -0.8642 0.4483 0.2283
vn 0.5807 0.7914 0.1910
vn 0.6867 0.6828 0.2495
vn 0.6605 0.7508 0.0053
vn 0.2441 0.5993 -0.7624
vn 0.3460 0.3607 -0.8661
vn 0.7067 0.7070 0.0266
vn -0.3924 0.9197 0.0158
vn -0.7323 0.6809 0.0117
vn -0.8576 0.5143 0.0088
vn -0.9385 0.3451 0.0059
vn -0.9942 0.0481 -0.0962
vn -0.8886 0.4587 0.0077
vn -0.9840 0.1408 0.1096
vn -0.9931 -0.1168 -0.0082
vn -0.9314 -0.0048 0.3639
vn -0.8263 -0.0091 0.5631
vn -0.7073 -0.0120 0.7068
vn -0.4862 -0.0157 0.8737
vn -0.4074 -0.0034 0.9133
vn -0.7783 -0.0104 0.6278
vn -0.9163 -0.2769 -0.2893
vn -0.7055 -0.5277 -0.4731
vn -0.6878 -0.5030 -0.5234
vn -0.3286 -0.6554 -0.6801
vn -0.8077 -0.4066 -0.4269
vn -0.4490 -0.6196 -0.6438
vn -0.0757 -0.7626 -0.6424
vn 0.0025 0.9274 -0.3741
vn 0.0020 0.7101 -0.7041
vn 0.0014 0.4744 -0.8803
vn 0.0012 0.3872 -0.9220
vn 0.1140 0.1594 -0.9806
vn 0.0016 0.5195 -0.8545
vn -0.0915 0.0913 -0.9916
vn 0.9149 0.0058 -0.4037
vn 0.6852 0.0124 -0.7283
vn 0.5644 0.0146 -0.8254
vn 0.3655 0.0170 -0.9307
vn -0.0007 -0.0984 -0.9952
vn 0.6768 0.0127 -0.7361
vn -0.3076 -0.2878 -0.9069
vn -0.3487 -0.3295 -0.8774
vn -0.5389 -0.5220 -0.6611
vn -0.6692 -0.6574 -0.3465
vn -0.4498 -0.4316 -0.7819
vn 0.2981 -0.9545 0.0068
vn 0.4283 -0.9036 -0.0119
vn 0.6242 -0.7811 -0.0163
vn 0.6877 -0.7254 0.0290
vn 0.9319 -0.3624 -0.0133
vn 0.9812 -0.1926 -0.0116
vn 0.9646 -0.2634 -0.0124
vn 0.9815 -0.1912 -0.0114
vn 0.5715 -0.8204 -0.0162
vn 0.0104 -0.9479 0.3185
vn 0.0146 -0.8178 0.5753
vn 0.0456 -0.6419 0.7654
vn -0.1214 -0.9922 -0.0278
vn 0.0124 -0.8985 0.4388
vn -0.4117 -0.8140 -0.4098
vn -0.6788 -0.3258 -0.6581
vn -0.2392 -0.9392 -0.2464
vn -0.5207 -0.6829 -0.5124
vn -0.6647 -0.3754 -0.6460
vn -0.9228 0.3853 0.0065
vn -0.7054 0.7088 0.0121
vn -0.3799 0.9249 0.0158
vn -0.3830 -0.0169 0.9236
vn -0.7075 -0.0119 0.7067
vn -0.9225 -0.0054 0.3860
vn -0.3835 -0.6165 -0.6876
vn -0.7074 -0.4893 -0.5101
vn -0.9247 -0.2687 -0.2697
vn 0.0012 0.4000 -0.9165
vn 0.0020 0.7205 -0.6934
vn 0.0025 0.9307 -0.3656
vn 0.3832 0.0168 -0.9235
vn 0.7067 0.0120 -0.7074
vn 0.9240 0.0053 -0.3824
vn -0.6561 -0.6431 -0.3949
vn -0.5020 -0.4844 -0.7164
vn -0.2716 -0.2518 -0.9289
vn 0.9747 -0.2237 -0.0043
vn 0.9510 -0.3075 -0.0328
vn 0.7719 -0.6356 -0.0118
vn 0.4072 -0.9132 -0.0169
vn -0.0031 -0.8399 0.5427
vn -0.0037 -0.9524 0.3048
vn -0.0020 -0.6488 0.7609
vn -0.5522 0.6350 -0.5403
vn -0.7047 0.1183 -0.6995
vn -0.7047 0.1184 -0.6995
vn -0.4473 -0.7731 -0.4497
vn 0.0014 0.6944 0.7196
vn 0.0014 0.6939 0.7201
vn 0.0007 0.3654 0.9308
vn 0.0019 0.9169 0.3992
vn -0.0014 -0.8040 -0.5946
vn -0.0864 -0.8376 -0.5394
vn 0.0074 -0.9756 -0.2193
vn 0.0086 -0.5775 0.8164
vn 0.0057 -0.9292 0.3696
vn 0.0081 -0.5656 0.8246
vn -0.0003 -0.1816 0.9834
vn 0.0057 -0.9309 0.3652
vn -0.0117 -0.9310 0.3647
vn -0.9221 0.3865 0.0170
vn -0.9222 0.3863 0.0170
vn -0.8321 -0.5546 -0.0087
vn -0.3823 0.9238 0.0217
vn -0.5442 0.8385 0.0285
vn -0.9264 -0.3765 -0.0032
vn -0.9800 -0.1990 0.0089
vn -0.8510 -0.5165 -0.0949
vn 0.9809 -0.1946 -0.0036
vn 0.3810 -0.9242 -0.0274
vn 0.9228 -0.3852 -0.0072
vn 0.3787 -0.9255 -0.0079
vn -0.3874 -0.9217 -0.0176
vn 0.3908 -0.0191 0.9203
vn 0.7119 -0.0159 0.7021
vn 0.9260 -0.0105 0.3774
vn -0.3591 -0.1402 -0.9227
vn -0.0981 -0.0251 -0.9949
vn -0.1054 -0.0283 -0.9940
vn -0.0977 -0.0248 -0.9949
vn 0.6822 0.3183 -0.6583
vn 0.8432 0.3888 -0.3713
vn -0.4138 -0.1676 -0.8948
vn 0.0062 0.9295 -0.3689
vn 0.0147 0.8439 -0.5363
vn 0.0125 -0.1838 -0.9829
vn 0.0034 -0.3641 -0.9313
vn 0.0107 0.3989 -0.9169
vn 0.9249 0.3801 0.0074
vn 0.7075 0.7066 0.0136
vn 0.7104 0.7037 0.0136
vn 0.3848 0.9228 0.0177
vn -0.5784 0.7138 -0.3950
vn -0.8919 0.4513 -0.0305
vn -0.8895 0.4557 -0.0336
vn -0.8919 0.4512 -0.0303
vn -0.5798 -0.4759 0.6613
vn -0.5873 -0.4707 0.6584
vn -0.5796 -0.4762 0.6612
vn -0.5727 0.7164 -0.3984
vn -0.8887 0.4573 -0.0339
vn -0.8849 0.4642 -0.0393
vn -0.5877 -0.4705 0.6582
vn -0.1071 -0.7219 0.6836
vn -0.2962 0.9057 -0.3032
vn -0.3144 0.9053 -0.2856
vn -0.4435 0.7724 -0.4547
vn -0.4680 0.7738 -0.4269
vn -0.7106 0.2631 -0.6525
vn -0.6955 0.0065 -0.7185
vn -0.7362 0.0058 -0.6767
vn -0.2786 0.9057 -0.3196
vn -0.4167 0.7737 -0.4772
vn -0.6708 0.2641 -0.6931
vn -0.6551 0.0078 -0.7555
vn 0.3104 0.9056 0.2890
vn 0.3270 0.9057 0.2697
vn 0.4641 0.7743 0.4301
vn 0.7369 0.3111 0.6001
vn 0.7343 0.0657 0.6756
vn 0.6989 0.3118 0.6437
vn 0.3429 0.9060 0.2481
vn 0.4882 0.7760 0.3994
vn 0.7742 0.3106 0.5515
vn 0.7745 0.0661 0.6291
vn -0.3485 0.9043 -0.2464
vn -0.3309 0.9056 -0.2653
vn -0.5178 0.7710 -0.3707
vn -0.7502 0.2570 -0.6092
vn -0.8111 0.0027 -0.5849
vn -0.7851 0.2561 -0.5640
vn -0.4915 0.7750 -0.3972
vn -0.7754 0.0011 -0.6314
vn 0.2928 0.9058 0.3062
vn 0.2775 0.9045 0.3238
vn 0.4357 0.7765 0.4552
vn 0.4117 0.7742 0.4808
vn 0.6219 0.3088 0.7197
vn 0.6925 0.0679 0.7182
vn 0.6517 0.0666 0.7555
vn 0.6592 0.3140 0.6833
vn 0.2603 0.9041 0.3388
vn 0.2402 0.9036 0.3546
vn 0.3853 0.7726 0.5045
vn 0.3545 0.7710 0.5291
vn 0.5347 0.3085 0.7868
vn 0.6088 0.0664 0.7905
vn 0.5585 0.0690 0.8266
vn 0.5812 0.3099 0.7525
vn -0.2607 0.9050 -0.3361
vn -0.3901 0.7730 -0.5003
vn -0.6315 0.2636 -0.7292
vn -0.6118 0.0095 -0.7909
vn -0.2409 0.9040 -0.3532
vn -0.3608 0.7719 -0.5235
vn -0.5888 0.2645 -0.7638
vn -0.5642 0.0118 -0.8256
vn -0.2206 0.9024 -0.3702
vn -0.3317 0.7675 -0.5486
vn -0.5421 0.2649 -0.7975
vn -0.5140 0.0136 -0.8577
vn -0.2009 0.8999 -0.3870
vn -0.3028 0.7644 -0.5692
vn -0.4934 0.2629 -0.8291
vn -0.4665 0.0206 -0.8843
vn 0.2196 0.9009 0.3743
vn 0.2058 0.8956 0.3944
vn 0.3229 0.7627 0.5603
vn 0.3007 0.7499 0.5893
vn 0.4486 0.2530 0.8572
vn 0.5025 0.0637 0.8622
vn 0.4590 0.0097 0.8884
vn 0.4832 0.3047 0.8208
vn 0.0040 0.9686 -0.2487
vn 0.0038 0.8932 -0.4497
vn 0.0032 0.7762 -0.6305
vn -0.1874 0.8985 -0.3970
vn -0.2817 0.7612 -0.5842
vn -0.4463 0.2641 -0.8550
vn -0.4313 0.0548 -0.9006
vn -0.3565 0.3575 -0.8632
vn -0.4111 0.2893 -0.8645
vn 0.0881 0.9794 0.1817
vn 0.3008 0.7245 0.6201
vn 0.4324 -0.1036 0.8957
vn 0.4347 -0.1370 0.8901
vn 0.4324 -0.1035 0.8957
vn 0.3028 0.7294 0.6134
vn 0.4386 0.1248 0.8900
vn 0.3625 0.9055 0.2207
vn 0.5130 0.7763 0.3663
vn 0.8164 0.3082 0.4883
vn 0.8140 0.0667 0.5770
vn 0.3850 0.9015 0.1978
vn 0.5468 0.7721 0.3239
vn 0.8486 0.3109 0.4280
vn 0.8589 0.0673 0.5077
vn -0.3823 0.9002 -0.2086
vn -0.3640 0.9035 -0.2262
vn -0.5617 0.7641 -0.3174
vn -0.8168 0.2560 -0.5170
vn -0.8701 0.0031 -0.4928
vn -0.8457 0.2512 -0.4708
vn -0.5401 0.7690 -0.3419
vn -0.8432 0.0021 -0.5376
vn -0.3774 0.9259 0.0152
vn -0.7094 0.7045 0.0202
vn -0.9311 0.3641 0.0215
vn -0.4400 0.8915 -0.1078
vn -0.8198 0.5377 -0.1970
vn -0.9747 0.0487 -0.2181
vn 0.4028 0.8958 0.1879
vn 0.5788 0.7640 0.2850
vn 0.8698 0.2930 0.3971
vn 0.8949 0.0655 0.4415
vn 0.9107 0.0587 0.4089
vn 0.6011 0.7516 0.2716
vn 0.8733 0.2915 0.3903
vn -0.3974 0.8961 -0.1979
vn -0.8671 0.2317 -0.4409
vn -0.5836 0.7538 -0.3018
vn -0.8878 -0.0077 -0.4602
vn -0.5365 -0.6827 -0.4961
vn -0.5074 -0.6818 -0.5270
vn -0.3897 -0.8469 -0.3618
vn -0.3684 -0.8467 -0.3838
vn -0.2189 -0.9539 -0.2053
vn -0.2067 -0.9540 -0.2172
vn -0.4789 -0.6799 -0.5553
vn -0.3482 -0.8453 -0.4052
vn -0.1953 -0.9536 -0.2290
vn 0.5902 -0.6517 0.4764
vn 0.5604 -0.6504 0.5128
vn 0.4265 -0.8371 0.3425
vn 0.4049 -0.8367 0.3687
vn 0.2314 -0.9554 0.1837
vn 0.2196 -0.9553 0.1977
vn 0.6208 -0.6509 0.4369
vn 0.4490 -0.8364 0.3144
vn 0.2441 -0.9550 0.1687
vn -0.5645 -0.6837 -0.4625
vn -0.5923 -0.6812 -0.4302
vn -0.4099 -0.8475 -0.3373
vn -0.4312 -0.8456 -0.3148
vn -0.2303 -0.9541 -0.1915
vn -0.2415 -0.9538 -0.1784
vn 0.4983 -0.6492 0.5747
vn 0.5277 -0.6518 0.5446
vn 0.3609 -0.8351 0.4151
vn 0.3820 -0.8366 0.3926
vn 0.1961 -0.9547 0.2240
vn 0.2080 -0.9549 0.2119
vn 0.4316 -0.6428 0.6329
vn 0.4666 -0.6468 0.6033
vn 0.3141 -0.8316 0.4581
vn 0.3383 -0.8337 0.4364
vn 0.1714 -0.9538 0.2468
vn 0.1844 -0.9541 0.2360
vn -0.4484 -0.6778 -0.5826
vn -0.3265 -0.8441 -0.4253
vn -0.1835 -0.9531 -0.2407
vn -0.4151 -0.6736 -0.6115
vn -0.3024 -0.8413 -0.4480
vn -0.1696 -0.9521 -0.2545
vn -0.3776 -0.6685 -0.6407
vn -0.2726 -0.8378 -0.4730
vn -0.1497 -0.9500 -0.2741
vn -0.3446 -0.6535 -0.6740
vn -0.2469 -0.8230 -0.5115
vn -0.1290 -0.9424 -0.3086
vn 0.3599 -0.6822 0.6365
vn 0.3965 -0.6437 0.6545
vn 0.2692 -0.8462 0.4599
vn 0.2917 -0.8311 0.4736
vn 0.1509 -0.9604 0.2342
vn 0.1630 -0.9534 0.2538
vn -0.0358 -0.0938 -0.9950
vn -0.0770 -0.2167 -0.9732
vn -0.0283 -0.8390 -0.5434
vn -0.0326 0.1660 -0.9856
vn -0.0337 -0.6711 -0.7406
vn -0.3296 -0.6241 -0.7084
vn -0.2404 -0.7943 -0.5580
vn -0.1295 -0.9218 -0.3655
vn 0.3204 -0.7545 0.5728
vn 0.2253 -0.8975 0.3791
vn 0.1363 -0.9714 0.1943
vn 0.6580 -0.6465 0.3862
vn 0.4764 -0.8341 0.2781
vn 0.2588 -0.9544 0.1491
vn 0.6927 -0.6365 0.3391
vn 0.5050 -0.8273 0.2459
vn 0.2769 -0.9517 0.1329
vn -0.6167 -0.6803 -0.3960
vn -0.6422 -0.6735 -0.3661
vn -0.4486 -0.8455 -0.2896
vn -0.4701 -0.8405 -0.2693
vn -0.2526 -0.9534 -0.1652
vn -0.2650 -0.9519 -0.1535
vn -0.9087 -0.4152 -0.0440
vn -0.6886 -0.7242 -0.0368
vn -0.3730 -0.9275 -0.0241
vn -0.7373 -0.6488 -0.1880
vn -0.5431 -0.8275 -0.1421
vn -0.3122 -0.9461 -0.0865
vn 0.7096 -0.6301 0.3153
vn 0.5233 -0.8202 0.2310
vn 0.2894 -0.9489 0.1255
vn -0.6584 -0.6695 -0.3439
vn -0.4850 -0.8366 -0.2546
vn -0.2754 -0.9501 -0.1465
vn 0.4738 -0.3654 0.8013
vn 0.7063 -0.3774 0.5990
vn -0.9607 0.2653 0.0817
vn 0.3733 -0.7166 0.5891
vn 0.9296 -0.1239 -0.3471
vn 0.9320 -0.1319 -0.3375
vn 0.9320 -0.1320 -0.3375
vn 0.0717 0.6493 -0.7571
vn 0.3908 -0.7139 0.5811
vn 0.9306 -0.1152 -0.3475
vn 0.9303 -0.1181 -0.3474
vn -0.3209 -0.0886 -0.9430
vn -0.2324 0.0867 -0.9687
vn -0.1355 0.2582 -0.9565
vn -0.3845 -0.4053 0.8294
vn -0.3659 -0.4229 0.8291
vn -0.5203 -0.5338 0.6666
vn -0.4933 -0.5594 0.6661
vn -0.6672 -0.7369 0.1092
vn -0.7089 -0.6897 -0.1475
vn -0.6668 -0.7300 -0.1498
vn -0.4010 -0.3880 0.8299
vn -0.5447 -0.5088 0.6667
vn -0.7084 -0.6970 0.1108
vn -0.7463 -0.6495 -0.1455
vn 0.2001 0.1965 0.9599
vn 0.1808 0.2131 0.9601
vn 0.3504 0.3638 0.8630
vn 0.5610 0.6923 0.4538
vn 0.6592 0.7197 0.2182
vn 0.6048 0.6545 0.4538
vn 0.1592 0.2292 0.9603
vn 0.3202 0.3887 0.8640
vn 0.5122 0.7291 0.4539
vn 0.6123 0.7597 0.2191
vn -0.3261 -0.4562 0.8280
vn -0.3459 -0.4400 0.8287
vn -0.4356 -0.6079 0.6639
vn -0.6230 -0.7748 0.1076
vn -0.5748 -0.8043 -0.1504
vn -0.5775 -0.8093 0.1076
vn -0.4646 -0.5845 0.6653
vn -0.6212 -0.7689 -0.1511
vn 0.2190 0.1804 0.9589
vn 0.2350 0.1640 0.9581
vn 0.3786 0.3386 0.8614
vn 0.4020 0.3127 0.8606
vn 0.6809 0.5776 0.4503
vn 0.7021 0.6780 0.2178
vn 0.7394 0.6375 0.2165
vn 0.6452 0.6153 0.4529
vn 0.2507 0.1472 0.9568
vn 0.2652 0.1287 0.9556
vn 0.4266 0.2873 0.8576
vn 0.4506 0.2586 0.8544
vn 0.7486 0.4926 0.4437
vn 0.7746 0.5944 0.2160
vn 0.8107 0.5453 0.2132
vn 0.7140 0.5374 0.4488
vn -0.4183 -0.3703 0.8294
vn -0.5686 -0.4825 0.6663
vn -0.7446 -0.6580 0.1121
vn -0.7821 -0.6069 -0.1411
vn -0.4354 -0.3503 0.8293
vn -0.5924 -0.4532 0.6661
vn -0.7796 -0.6157 0.1148
vn -0.8171 -0.5597 -0.1378
vn -0.4521 -0.3294 0.8289
vn -0.6158 -0.4231 0.6646
vn -0.8137 -0.5697 0.1152
vn -0.8498 -0.5103 -0.1319
vn -0.4589 -0.3045 0.8347
vn -0.6305 -0.3924 0.6697
vn -0.8457 -0.5202 0.1194
vn -0.8770 -0.4627 -0.1292
vn 0.2768 0.1165 0.9538
vn 0.2895 0.1174 0.9500
vn 0.4709 0.2341 0.8505
vn 0.4888 0.2253 0.8428
vn 0.8004 0.4139 0.4337
vn 0.8439 0.4931 0.2114
vn 0.8660 0.4544 0.2088
vn 0.7795 0.4464 0.4395
vn -0.4288 -0.1793 0.8854
vn -0.4175 -0.0564 0.9069
vn -0.8349 -0.2394 0.4956
vn -0.7467 -0.0382 0.6640
vn -0.9779 -0.2067 -0.0300
vn -0.9545 -0.0134 0.2979
vn -0.2113 -0.1781 0.9611
vn -0.6318 -0.3655 0.6836
vn -0.8741 -0.4717 0.1158
vn -0.8944 -0.4279 -0.1304
vn -0.6427 -0.3599 0.6763
vn -0.8928 -0.4373 0.1082
vn 0.3060 0.1255 0.9437
vn 0.5047 0.2285 0.8325
vn 0.8759 0.4376 0.2031
vn 0.8115 0.3999 0.4260
vn 0.1320 0.2486 0.9596
vn 0.2880 0.4147 0.8632
vn 0.4492 0.7712 0.4510
vn 0.5601 0.7987 0.2200
vn 0.1098 0.2722 0.9560
vn 0.2453 0.4472 0.8602
vn 0.3905 0.8067 0.4436
vn 0.4907 0.8433 0.2195
vn -0.2879 -0.4897 0.8230
vn -0.3059 -0.4721 0.8268
vn -0.3818 -0.6507 0.6564
vn -0.5306 -0.8412 0.1038
vn -0.4819 -0.8628 -0.1527
vn -0.4838 -0.8697 0.0978
vn -0.4067 -0.6298 0.6618
vn -0.5272 -0.8363 -0.1505
vn -0.0674 -0.4876 0.8705
vn -0.0386 -0.7902 0.6117
vn -0.0035 -0.9683 0.2498
vn -0.1860 -0.5456 0.8171
vn -0.2377 -0.8790 0.4133
vn -0.2119 -0.9728 -0.0938
vn 0.0993 0.2891 0.9521
vn 0.2081 0.4827 0.8507
vn 0.3594 0.8264 0.4335
vn 0.4248 0.8798 0.2134
vn 0.3929 0.8964 0.2054
vn 0.1934 0.5021 0.8429
vn 0.3515 0.8275 0.4379
vn -0.2770 -0.5043 0.8179
vn -0.4520 -0.8882 0.0828
vn -0.3642 -0.6697 0.6472
vn -0.4487 -0.8795 -0.1589
vn -0.4253 -0.4484 -0.7862
vn -0.4566 -0.4198 -0.7844
vn -0.2776 -0.2827 -0.9182
vn -0.3000 -0.2615 -0.9174
vn -0.1132 -0.1002 -0.9885
vn -0.1257 -0.0881 -0.9882
vn -0.4847 -0.3911 -0.7824
vn -0.3210 -0.2415 -0.9158
vn -0.1374 -0.0768 -0.9875
vn 0.5291 0.6648 -0.5274
vn 0.5647 0.6341 -0.5282
vn 0.4148 0.5252 -0.7430
vn 0.4406 0.5031 -0.7435
vn 0.2701 0.3469 -0.8982
vn 0.2838 0.3345 -0.8987
vn 0.4899 0.6957 -0.5254
vn 0.3867 0.5478 -0.7419
vn 0.2543 0.3586 -0.8982
vn -0.3921 -0.4767 -0.7868
vn -0.3590 -0.5038 -0.7857
vn -0.2535 -0.3032 -0.9186
vn -0.2296 -0.3230 -0.9181
vn -0.0999 -0.1117 -0.9887
vn -0.0866 -0.1229 -0.9886
vn 0.6275 0.5729 -0.5272
vn 0.5982 0.6032 -0.5275
vn 0.4867 0.4593 -0.7430
vn 0.4651 0.4809 -0.7433
vn 0.3096 0.3112 -0.8985
vn 0.2975 0.3228 -0.8985
vn 0.6872 0.5040 -0.5232
vn 0.6561 0.5412 -0.5261
vn 0.5322 0.4101 -0.7406
vn 0.5081 0.4367 -0.7424
vn 0.3352 0.2839 -0.8983
vn 0.3213 0.2990 -0.8985
vn -0.5131 -0.3618 -0.7783
vn -0.3422 -0.2204 -0.9134
vn -0.1494 -0.0652 -0.9866
vn -0.5424 -0.3295 -0.7728
vn -0.3641 -0.1974 -0.9102
vn -0.1628 -0.0531 -0.9852
vn -0.5716 -0.2962 -0.7652
vn -0.3877 -0.1745 -0.9051
vn -0.1772 -0.0409 -0.9833
vn -0.6012 -0.2667 -0.7533
vn -0.4183 -0.1577 -0.8945
vn -0.2047 -0.0366 -0.9781
vn 0.7476 0.4211 -0.5137
vn 0.7209 0.4597 -0.5186
vn 0.5844 0.3434 -0.7352
vn 0.5607 0.3761 -0.7377
vn 0.3701 0.2362 -0.8984
vn 0.3548 0.2617 -0.8976
vn -0.8704 -0.0311 -0.4914
vn -0.7118 -0.1290 -0.6904
vn -0.6402 -0.0012 -0.7682
vn -0.5371 -0.0787 -0.8398
vn -0.3347 0.0287 -0.9419
vn -0.3365 -0.0242 -0.9414
vn -0.6287 -0.2493 -0.7366
vn -0.4573 -0.1546 -0.8758
vn -0.2525 -0.0476 -0.9664
vn 0.7583 0.4013 -0.5138
vn 0.5913 0.3244 -0.7383
vn 0.3698 0.2176 -0.9033
vn 0.4381 0.7314 -0.5226
vn 0.3501 0.5747 -0.7397
vn 0.2347 0.3731 -0.8976
vn 0.3899 0.7644 -0.5135
vn 0.3167 0.6020 -0.7330
vn 0.2180 0.3907 -0.8944
vn -0.3256 -0.5293 -0.7835
vn -0.2946 -0.5531 -0.7793
vn -0.2061 -0.3428 -0.9165
vn -0.1843 -0.3619 -0.9138
vn -0.0733 -0.1338 -0.9883
vn -0.0614 -0.1460 -0.9874
vn 0.0039 -0.8513 -0.5246
vn 0.0377 -0.5942 -0.8035
vn 0.0661 -0.2566 -0.9642
vn -0.1194 -0.6523 -0.7485
vn -0.0590 -0.4376 -0.8972
vn 0.0052 -0.1940 -0.9810
vn 0.3658 0.7813 -0.5057
vn 0.3010 0.6190 -0.7255
vn 0.2104 0.4030 -0.8907
vn -0.2736 -0.5710 -0.7740
vn -0.1710 -0.3790 -0.9095
vn -0.0546 -0.1567 -0.9861
vn 0.4766 0.8503 -0.2230
vn 0.4707 -0.8795 0.0705
vn 0.4696 -0.8800 0.0707
vn 0.4844 0.8456 -0.2243
vn 0.9649 -0.2328 -0.1216
vn 0.5207 -0.8518 0.0573
vn 0.8227 0.5577 -0.1106
vn -0.2556 0.9593 -0.1205
vn -0.2711 0.9554 -0.1173
vn -0.2557 0.9592 -0.1206
vn -0.2713 0.9553 -0.1173
vn -0.9869 0.0586 0.1506
vn 0.8175 0.5300 -0.2255
vn -0.2705 0.9556 -0.1165
vn -0.6087 -0.0827 0.7891
vn -0.6085 -0.0827 0.7893
vn -0.6090 -0.6201 -0.4945
vn -0.6787 0.3247 -0.6588
vn -0.6787 0.3252 -0.6585
vn -0.6786 0.3258 -0.6583
vn 0.3938 0.8089 0.4366
vn -0.5007 -0.7842 -0.3665
vn -0.5007 -0.7842 -0.3664
vn -0.8614 0.4207 -0.2845
vn 0.8005 -0.0630 -0.5960
vn 0.8004 -0.0632 -0.5961
vn 0.8005 -0.0631 -0.5961
vn 0.6635 -0.1053 -0.7407
vn -0.4777 -0.0262 -0.8781
vn 0.7065 0.4779 0.5219
vn 0.5839 0.7829 -0.2150
vn -0.7660 -0.6365 0.0898
vn -0.7295 0.2756 -0.6260
vn -0.9069 0.4142 -0.0780
vn -0.6661 0.1568 0.7292
vn 0.8658 -0.4851 0.1225
vn 0.3483 0.8407 0.4146
vn 0.2645 -0.6315 -0.7288
vn 0.5727 -0.2568 0.7785
vn -0.0413 -0.4324 0.9007
vn 0.8523 0.0801 -0.5169
vn -0.6890 -0.6752 0.2635
vn -0.6703 0.2904 -0.6829
vn -0.2819 -0.5943 -0.7532
vn -0.2130 -0.8694 0.4458
vn -0.9685 -0.0835 -0.2346
vn -0.2192 -0.8880 -0.4043
vn 0.1300 -0.6248 -0.7699
vn -0.2466 0.8002 0.5467
vn 0.2402 0.1103 -0.9644
vn 0.1793 0.7834 0.5951
vn 0.7461 0.5494 0.3761
vn 0.0056 -0.9169 -0.3991
vn 0.0065 -0.4007 0.9162
vn 0.8438 0.3852 -0.3737
vn -0.8848 0.4643 -0.0394
vn 0.1036 -0.9857 0.1331
vt 0.804176 0.053784
vt 0.800411 0.059951
vt 0.798445 0.055530
vt 0.864542 0.344510
vt 0.849199 0.342331
vt 0.864366 0.341481
vt 0.794701 0.062003
vt 0.790950 0.068841
vt 0.789065 0.064343
vt 0.817222 0.313404
vt 0.802785 0.315517
vt 0.802807 0.312558
vt 0.778304 0.069754
vt 0.771659 0.068135
vt 0.776534 0.065256
vt 0.879667 0.343082
vt 0.879450 0.340045
vt 0.878326 0.311075
vt 0.894777 0.311562
vt 0.878584 0.314026
vt 0.847657 0.313499
vt 0.832349 0.316700
vt 0.832270 0.313741
vt 0.781744 0.062480
vt 0.787197 0.059887
vt 0.785392 0.071476
vt 0.783563 0.066957
vt 0.788816 0.314143
vt 0.788897 0.311191
vt 0.777678 0.341105
vt 0.791290 0.339988
vt 0.791261 0.343029
vt 0.805036 0.344398
vt 0.819223 0.342214
vt 0.819279 0.345250
vt 0.774383 0.312057
vt 0.774523 0.309129
vt 0.755616 0.308501
vt 0.755788 0.305626
vt 0.749929 0.335273
vt 0.764119 0.335494
vt 0.763970 0.338549
vt 0.773380 0.072651
vt 0.767075 0.071144
vt 0.729669 0.303326
vt 0.729772 0.300436
vt 0.698909 0.298502
vt 0.698335 0.295358
vt 0.735936 0.331148
vt 0.750180 0.332201
vt 0.764219 0.078987
vt 0.758416 0.077814
vt 0.762694 0.074343
vt 0.894747 0.341046
vt 0.894486 0.338007
vt 0.910237 0.338335
vt 0.909929 0.335290
vt 0.916501 0.303788
vt 0.948831 0.298409
vt 0.916909 0.306690
vt 0.796642 0.066479
vt 0.926518 0.334832
vt 0.926164 0.331797
vt 0.943109 0.330810
vt 0.942730 0.327786
vt 0.948415 0.295532
vt 0.986533 0.288819
vt 0.813680 0.056450
vt 0.808629 0.062559
vt 0.806377 0.058151
vt 0.849062 0.339311
vt 0.864190 0.338458
vt 0.818237 0.329314
vt 0.804975 0.337932
vt 0.803901 0.328468
vt 0.817251 0.316364
vt 0.802762 0.318488
vt 0.788765 0.317511
vt 0.776066 0.325060
vt 0.774280 0.315398
vt 0.879231 0.337014
vt 0.894224 0.334974
vt 0.847789 0.316458
vt 0.863431 0.318532
vt 0.847922 0.319424
vt 0.832428 0.319670
vt 0.863240 0.315565
vt 0.878841 0.316990
vt 0.834044 0.342557
vt 0.805020 0.341361
vt 0.819167 0.339186
vt 0.805005 0.338333
vt 0.774237 0.314998
vt 0.802792 0.318889
vt 0.790049 0.327094
vt 0.777761 0.338058
vt 0.791322 0.336958
vt 0.777846 0.335022
vt 0.729561 0.306189
vt 0.759873 0.321902
vt 0.755544 0.311778
vt 0.764270 0.332453
vt 0.736408 0.328257
vt 0.750424 0.329173
vt 0.700195 0.301452
vt 0.879217 0.336614
vt 0.863815 0.328552
vt 0.879039 0.327060
vt 0.895118 0.314518
vt 0.917322 0.309599
vt 0.909618 0.332253
vt 0.925813 0.328768
vt 0.894665 0.324806
vt 0.909690 0.331834
vt 0.894223 0.334570
vt 0.949251 0.301284
vt 0.986647 0.291872
vt 0.942348 0.324763
vt 0.863050 0.312611
vt 0.833409 0.052023
vt 0.823071 0.048878
vt 0.833653 0.051030
vt 0.823601 0.047889
vt 0.833894 0.050035
vt 0.863449 0.318932
vt 0.878858 0.317391
vt 0.817281 0.319335
vt 0.847943 0.319824
vt 0.822972 0.054688
vt 0.817279 0.060612
vt 0.792783 0.057566
vt 0.917249 0.310014
vt 0.937556 0.314855
vt 0.913448 0.320945
vt 0.746065 0.094058
vt 0.741192 0.102187
vt 0.745099 0.093655
vt 0.740312 0.101466
vt 0.744134 0.093246
vt 0.791288 0.336556
vt 0.834140 0.345591
vt 0.864172 0.338059
vt 0.848498 0.329427
vt 0.833948 0.339531
vt 0.833208 0.052111
vt 0.829716 0.058035
vt 0.822512 0.049973
vt 0.816490 0.050924
vt 0.942205 0.324401
vt 0.926039 0.328313
vt 0.949007 0.301733
vt 0.964316 0.308460
vt 0.759147 0.083129
vt 0.754186 0.081602
vt 0.775108 0.077212
vt 0.768749 0.075676
vt 0.788733 0.317109
vt 0.750174 0.328718
vt 0.740046 0.317395
vt 0.780082 0.074294
vt 0.770426 0.080258
vt 0.833197 0.329656
vt 0.832453 0.320070
vt 0.894438 0.308621
vt 0.846891 0.182066
vt 0.860997 0.137109
vt 0.848135 0.181724
vt 0.895122 0.314920
vt 0.753073 0.088409
vt 0.750299 0.085336
vt 0.751745 0.095217
vt 0.746260 0.093946
vt 0.729825 0.306602
vt 0.718607 0.313617
vt 0.701066 0.301942
vt 0.737001 0.325083
vt 0.844467 0.053387
vt 0.844354 0.054533
vt 0.810147 0.052237
vt 0.844482 0.052261
vt 0.764165 0.332033
vt 0.849336 0.345363
vt 0.817309 0.319735
vt 0.777802 0.334616
vt 0.715364 0.318145
vt 0.765736 0.083677
vt 0.755436 0.311375
vt 0.716672 0.315882
vt 0.736867 0.325424
vt 0.819139 0.338787
vt 0.833923 0.339133
vt 0.849041 0.338913
vt 0.802412 0.064406
vt 0.759832 0.088459
vt 0.844007 0.075967
vt 0.757201 0.116539
vt 0.859248 0.060305
vt 0.719197 0.203258
vt 0.778491 0.189522
vt 0.778946 0.190580
vt 0.721480 0.201212
vt 0.778045 0.188468
vt 0.823211 0.174226
vt 0.796273 0.146012
vt 0.824095 0.132786
vt 0.901768 0.277142
vt 0.810185 0.286748
vt 0.811396 0.280772
vt 0.859895 0.136707
vt 0.882655 0.087795
vt 0.864633 0.232894
vt 0.896393 0.274449
vt 0.863748 0.233677
vt 0.782824 0.131925
vt 0.824978 0.091385
vt 0.927669 0.248535
vt 0.932336 0.159132
vt 0.934782 0.268194
vt 0.731066 0.237286
vt 0.785149 0.213970
vt 0.733752 0.237325
vt 0.887188 0.202025
vt 0.907320 0.165753
vt 0.923486 0.222106
vt 0.831079 0.199392
vt 0.785594 0.215103
vt 0.879421 0.064635
vt 0.938617 0.157614
vt 0.708107 0.234720
vt 0.808840 0.293389
vt 0.684650 0.231444
vt 0.921310 0.283157
vt 0.926321 0.160596
vt 0.882907 0.087784
vt 0.882820 0.085291
vt 0.881683 0.214793
vt 0.848186 0.181909
vt 0.882427 0.213887
vt 0.830550 0.181504
vt 0.774730 0.203567
vt 0.776901 0.196800
vt 0.752350 0.111038
vt 0.875473 0.044110
vt 0.846642 0.182239
vt 0.855458 0.132078
vt 0.859728 0.136570
vt 0.926135 0.245459
vt 0.924890 0.160988
vt 0.988743 0.053896
vt 0.941022 0.084511
vt 0.937342 0.050844
vt 0.833175 0.191541
vt 0.774813 0.203847
vt 0.834669 0.185774
vt 0.843371 0.128674
vt 0.837417 0.130160
vt 0.880246 0.221216
vt 0.881610 0.214996
vt 0.850599 0.127131
vt 0.875842 0.044309
vt 0.850332 0.127046
vt 0.865514 0.232109
vt 0.831270 0.199438
vt 0.831582 0.198155
vt 0.731075 0.237574
vt 0.811821 0.278914
vt 0.811474 0.280409
vt 0.701775 0.216861
vt 0.684435 0.231061
vt 0.900872 0.276863
vt 0.898443 0.275680
vt 0.901013 0.276612
vt 0.840479 0.183991
vt 0.878596 0.228195
vt 0.834844 0.185593
vt 0.730107 0.237432
vt 0.779934 0.208564
vt 0.784562 0.212667
vt 0.826106 0.177033
vt 0.941956 0.288813
vt 0.882784 0.089948
vt 0.862096 0.137515
vt 0.824888 0.175996
vt 0.825831 0.176910
vt 0.843373 0.076726
vt 0.763395 0.122046
vt 0.761984 0.121436
vt 0.917162 0.099818
vt 0.968563 0.102870
vt 0.948383 0.151844
vt 0.761634 0.121752
vt 0.721424 0.200919
vt 0.719192 0.202923
vt 0.837208 0.130191
vt 0.825023 0.175855
vt 0.836171 0.129999
vt 0.878401 0.228399
vt 0.871729 0.230374
vt 0.784709 0.212836
vt 0.941659 0.289122
vt 0.885941 0.047792
vt 0.834609 0.185540
vt 0.823984 0.175124
vt 0.763128 0.122350
vt 0.723305 0.199180
vt 0.842212 0.078869
vt 0.764933 0.122576
vt 0.883170 0.212974
vt 0.883021 0.089938
vt 0.925110 0.243539
vt 0.923475 0.161375
vt 0.736043 0.237647
vt 0.812164 0.277434
vt 0.830968 0.200668
vt 0.896293 0.274658
vt 0.882664 0.084401
vt 0.926667 0.160507
vt 0.927123 0.247823
vt 0.925910 0.245580
vt 0.924900 0.243653
vt 0.849334 0.181398
vt 0.831552 0.197848
vt 0.829953 0.201963
vt 0.821460 0.241070
vt 0.794257 0.224821
vt 0.817219 0.260595
vt 0.758596 0.247658
vt 0.778947 0.190800
vt 0.718457 0.203709
vt 0.781920 0.173345
vt 0.740669 0.172466
vt 0.824114 0.174988
vt 0.835133 0.129810
vt 0.871013 0.145644
vt 0.891153 0.109399
vt 0.850854 0.181924
vt 0.888516 0.171138
vt 0.865716 0.232026
vt 0.852908 0.237765
vt 0.875842 0.273532
vt 0.736046 0.237395
vt 0.761447 0.121346
vt 0.843606 0.076918
vt 0.842423 0.079073
vt 0.841350 0.080938
vt 0.793308 0.034341
vt 0.789494 0.040475
vt 0.787548 0.036069
vt 0.871618 0.424528
vt 0.856350 0.422371
vt 0.871447 0.421512
vt 0.783816 0.042518
vt 0.780155 0.049313
vt 0.778238 0.044887
vt 0.824105 0.393727
vt 0.809649 0.396102
vt 0.809611 0.393129
vt 0.767664 0.050468
vt 0.761005 0.049061
vt 0.765781 0.046040
vt 0.886636 0.423159
vt 0.886442 0.420142
vt 0.885561 0.391171
vt 0.902032 0.391844
vt 0.885793 0.394133
vt 0.854714 0.393523
vt 0.839340 0.396848
vt 0.839231 0.393875
vt 0.770920 0.043149
vt 0.776325 0.040473
vt 0.774717 0.052004
vt 0.772817 0.047570
vt 0.795595 0.395052
vt 0.795594 0.392081
vt 0.785105 0.422137
vt 0.798640 0.420786
vt 0.798664 0.423817
vt 0.812420 0.424938
vt 0.826514 0.422510
vt 0.826615 0.425527
vt 0.780968 0.393415
vt 0.780991 0.390443
vt 0.761549 0.390758
vt 0.761596 0.387898
vt 0.757361 0.416829
vt 0.771064 0.416923
vt 0.771420 0.419808
vt 0.762873 0.053488
vt 0.756573 0.052233
vt 0.733952 0.386798
vt 0.734094 0.384129
vt 0.701690 0.382161
vt 0.702300 0.379846
vt 0.743418 0.413607
vt 0.756116 0.414242
vt 0.754061 0.060100
vt 0.748296 0.059194
vt 0.752369 0.055578
vt 0.901610 0.421309
vt 0.901392 0.418286
vt 0.917025 0.418887
vt 0.916770 0.415850
vt 0.923818 0.384564
vt 0.955820 0.380473
vt 0.924144 0.387446
vt 0.785752 0.046938
vt 0.933274 0.415731
vt 0.932957 0.412673
vt 0.949940 0.411715
vt 0.949366 0.408803
vt 0.955543 0.377623
vt 0.993391 0.373247
vt 0.802834 0.037164
vt 0.797623 0.043124
vt 0.795460 0.038728
vt 0.856205 0.419363
vt 0.871275 0.418501
vt 0.825351 0.409659
vt 0.812245 0.418489
vt 0.811008 0.409052
vt 0.824179 0.396699
vt 0.809687 0.399082
vt 0.795640 0.398431
vt 0.783038 0.406314
vt 0.781004 0.396790
vt 0.886248 0.417129
vt 0.901173 0.415268
vt 0.854858 0.396499
vt 0.870569 0.398575
vt 0.855001 0.399479
vt 0.839449 0.399829
vt 0.870386 0.395598
vt 0.886027 0.397105
vt 0.841264 0.422685
vt 0.812351 0.421907
vt 0.826415 0.419498
vt 0.812283 0.418885
vt 0.780946 0.396388
vt 0.809725 0.399482
vt 0.797138 0.407966
vt 0.785079 0.419125
vt 0.798617 0.417765
vt 0.785056 0.416124
vt 0.733811 0.389470
vt 0.766155 0.403866
vt 0.761616 0.394031
vt 0.770713 0.414044
vt 0.740988 0.411403
vt 0.754872 0.411646
vt 0.701241 0.384656
vt 0.886237 0.416731
vt 0.870923 0.408613
vt 0.886135 0.407195
vt 0.902328 0.394800
vt 0.924478 0.390330
vt 0.916513 0.412822
vt 0.932642 0.409651
vt 0.901738 0.405116
vt 0.916592 0.412408
vt 0.901177 0.414867
vt 0.956105 0.383304
vt 0.993099 0.376626
vt 0.948805 0.405951
vt 0.870204 0.392629
vt 0.974213 0.396035
vt 0.972865 0.393832
vt 0.971521 0.391623
vt 0.870587 0.398977
vt 0.886041 0.397506
vt 0.824254 0.399678
vt 0.855024 0.399879
vt 0.812453 0.035656
vt 0.806333 0.041428
vt 0.781887 0.038109
vt 0.924395 0.390738
vt 0.944327 0.396114
vt 0.920463 0.401591
vt 0.733404 0.085179
vt 0.735983 0.076266
vt 0.736845 0.076175
vt 0.732687 0.084554
vt 0.735123 0.076356
vt 0.798576 0.417368
vt 0.841384 0.425702
vt 0.871258 0.418104
vt 0.855610 0.409498
vt 0.841144 0.419673
vt 0.823165 0.034022
vt 0.819138 0.039570
vt 0.812219 0.030617
vt 0.805802 0.031656
vt 0.948680 0.405597
vt 0.932871 0.409208
vt 0.955845 0.383730
vt 0.970910 0.391630
vt 0.749226 0.064419
vt 0.744283 0.063140
vt 0.764731 0.057937
vt 0.758402 0.056649
vt 0.795597 0.398030
vt 0.754509 0.411197
vt 0.744506 0.400557
vt 0.769547 0.054911
vt 0.760224 0.061097
vt 0.840310 0.409824
vt 0.839478 0.400230
vt 0.901741 0.388898
vt 0.783439 0.012334
vt 0.779714 0.018460
vt 0.777745 0.014103
vt 0.902326 0.395201
vt 0.743404 0.070006
vt 0.740480 0.067127
vt 0.742409 0.076786
vt 0.737070 0.076023
vt 0.734428 0.389874
vt 0.720436 0.396759
vt 0.702953 0.384844
vt 0.737927 0.408682
vt 0.995199 0.378630
vt 0.997248 0.380438
vt 0.799348 0.032884
vt 0.993161 0.376815
vt 0.770572 0.413631
vt 0.856497 0.425388
vt 0.824287 0.400079
vt 0.785001 0.415724
vt 0.739234 0.068088
vt 0.740234 0.067348
vt 0.755741 0.064650
vt 0.761502 0.393617
vt 0.738242 0.068842
vt 0.826382 0.419102
vt 0.841116 0.419277
vt 0.856182 0.418967
vt 0.791448 0.044891
vt 0.750113 0.069647
vt 0.872511 0.383383
vt 0.856995 0.381377
vt 0.872303 0.380324
vt 0.774085 0.020531
vt 0.770466 0.027313
vt 0.768547 0.022908
vt 0.823806 0.352719
vt 0.809102 0.355386
vt 0.809012 0.352353
vt 0.758027 0.028447
vt 0.751418 0.027009
vt 0.756177 0.024041
vt 0.887739 0.381837
vt 0.887510 0.378775
vt 0.886287 0.349311
vt 0.902997 0.349788
vt 0.886559 0.352316
vt 0.854958 0.352087
vt 0.839369 0.355674
vt 0.839218 0.352649
vt 0.761279 0.021187
vt 0.766638 0.018528
vt 0.765045 0.029995
vt 0.763159 0.025578
vt 0.794731 0.354563
vt 0.794683 0.351528
vt 0.784792 0.382543
vt 0.798448 0.380731
vt 0.798556 0.383795
vt 0.812482 0.384614
vt 0.826716 0.381947
vt 0.826863 0.385009
vt 0.779844 0.353167
vt 0.779850 0.350141
vt 0.760641 0.350855
vt 0.760686 0.347873
vt 0.756446 0.378609
vt 0.770784 0.377733
vt 0.770849 0.380829
vt 0.753240 0.031427
vt 0.746961 0.030120
vt 0.734390 0.347731
vt 0.734393 0.344772
vt 0.703879 0.345184
vt 0.703438 0.341964
vt 0.741627 0.375917
vt 0.756407 0.375491
vt 0.744399 0.037963
vt 0.738609 0.037038
vt 0.742725 0.033434
vt 0.902925 0.379810
vt 0.902667 0.376740
vt 0.918532 0.377181
vt 0.918229 0.374096
vt 0.924815 0.342156
vt 0.956513 0.338412
vt 0.925169 0.345047
vt 0.776036 0.024922
vt 0.934912 0.373679
vt 0.934532 0.370608
vt 0.951432 0.369174
vt 0.950773 0.366329
vt 0.956411 0.335528
vt 0.991508 0.334423
vt 0.792929 0.015022
vt 0.787818 0.020993
vt 0.785621 0.016660
vt 0.856808 0.378328
vt 0.872095 0.377270
vt 0.825331 0.368913
vt 0.812181 0.378093
vt 0.810736 0.368545
vt 0.823929 0.355747
vt 0.809194 0.358426
vt 0.794830 0.358019
vt 0.782268 0.366394
vt 0.779899 0.356614
vt 0.887281 0.375717
vt 0.902409 0.373676
vt 0.855143 0.355111
vt 0.871140 0.357020
vt 0.855328 0.358138
vt 0.839522 0.358705
vt 0.870916 0.353995
vt 0.886833 0.355331
vt 0.841691 0.381905
vt 0.812354 0.381553
vt 0.826570 0.378890
vt 0.812227 0.378497
vt 0.779835 0.356206
vt 0.809240 0.358834
vt 0.796591 0.367733
vt 0.784705 0.379468
vt 0.798342 0.377671
vt 0.784622 0.376396
vt 0.734374 0.350662
vt 0.765701 0.364294
vt 0.760716 0.354248
vt 0.770724 0.374642
vt 0.741791 0.372859
vt 0.756377 0.372400
vt 0.704724 0.348545
vt 0.887265 0.375313
vt 0.871620 0.367224
vt 0.887054 0.365605
vt 0.903335 0.352767
vt 0.925538 0.347932
vt 0.917925 0.371022
vt 0.934165 0.367578
vt 0.902856 0.363310
vt 0.917999 0.370602
vt 0.902409 0.373269
vt 0.956660 0.341299
vt 0.988495 0.335857
vt 0.950142 0.363542
vt 0.870692 0.350978
vt 0.974156 0.352925
vt 0.972574 0.350897
vt 0.971036 0.348840
vt 0.871163 0.357428
vt 0.886853 0.355738
vt 0.824052 0.358782
vt 0.855357 0.358545
vt 0.802525 0.013423
vt 0.796454 0.019223
vt 0.772146 0.016164
vt 0.925457 0.348337
vt 0.945469 0.353860
vt 0.921699 0.359486
vt 0.720646 0.364437
vt 0.702042 0.350798
vt 0.721730 0.361963
vt 0.704676 0.348740
vt 0.722800 0.359495
vt 0.798289 0.377265
vt 0.841857 0.384965
vt 0.872073 0.376867
vt 0.856077 0.368314
vt 0.841525 0.378849
vt 0.813235 0.011836
vt 0.809204 0.017318
vt 0.802263 0.008353
vt 0.795812 0.009508
vt 0.950010 0.363201
vt 0.934386 0.367129
vt 0.956421 0.341683
vt 0.970499 0.348868
vt 0.739580 0.042208
vt 0.734528 0.040982
vt 0.755067 0.035872
vt 0.748756 0.034549
vt 0.794779 0.357609
vt 0.756092 0.371950
vt 0.745367 0.361372
vt 0.759883 0.032878
vt 0.750554 0.039003
vt 0.840538 0.368855
vt 0.839556 0.359112
vt 0.902669 0.346821
vt 0.903338 0.353172
vt 0.733836 0.047681
vt 0.730615 0.044977
vt 0.733205 0.054328
vt 0.727708 0.053653
vt 0.734658 0.351065
vt 0.723412 0.359445
vt 0.705583 0.348947
vt 0.742058 0.369472
vt 0.991592 0.334679
vt 0.995286 0.332667
vt 0.789412 0.010819
vt 0.988550 0.336027
vt 0.770592 0.374221
vt 0.857182 0.384435
vt 0.824093 0.359189
vt 0.784554 0.375987
vt 0.746071 0.042508
vt 0.760587 0.353841
vt 0.741951 0.369852
vt 0.826530 0.378487
vt 0.841491 0.378446
vt 0.856780 0.377925
vt 0.781699 0.022838
vt 0.740556 0.047377
vt 0.499086 0.516353
vt 0.499213 0.516240
vt 0.499190 0.516335
vt 0.499011 0.516312
vt 0.499090 0.516194
vt 0.499243 0.516150
vt 0.499003 0.516131
vt 0.499120 0.516090
vt 0.590832 0.452474
vt 0.590816 0.452480
vt 0.590816 0.452452
vt 0.499088 0.515840
vt 0.499098 0.515988
vt 0.498995 0.516007
vt 0.590798 0.452465
vt 0.590807 0.452431
vt 0.499068 0.516059
vt 0.499322 0.515973
vt 0.499178 0.516009
vt 0.499276 0.515911
vt 0.499280 0.516062
vt 0.499207 0.515873
vt 0.742135 0.102887
vt 0.742175 0.102885
vt 0.742123 0.102915
vt 0.742193 0.102840
vt 0.742227 0.102854
vt 0.742169 0.102912
vt 0.742212 0.102884
vt 0.742345 0.102759
vt 0.742317 0.102739
vt 0.742372 0.102701
vt 0.742305 0.102825
vt 0.742281 0.102810
vt 0.742256 0.102789
vt 0.742247 0.102870
vt 0.698389 0.295293
vt 0.698511 0.295302
vt 0.742125 0.102934
vt 0.742199 0.102914
vt 0.742256 0.102898
vt 0.844328 0.054562
vt 0.844282 0.054551
vt 0.844382 0.054540
vt 0.844354 0.054572
vt 0.844271 0.054585
vt 0.844200 0.054569
vt 0.844304 0.054590
vt 0.986199 0.285853
vt 0.986129 0.285797
vt 0.986271 0.285849
vt 0.844290 0.054633
vt 0.844272 0.054611
vt 0.844337 0.054597
vt 0.844391 0.054565
vt 0.844120 0.054587
vt 0.844119 0.054621
vt 0.844053 0.054607
vt 0.844200 0.054602
vt 0.844198 0.054628
vt 0.700120 0.301644
vt 0.700285 0.301654
vt 0.700378 0.301736
vt 0.700083 0.301506
vt 0.700235 0.301594
vt 0.700465 0.301718
vt 0.700619 0.301817
vt 0.700389 0.301661
vt 0.700316 0.301580
vt 0.700115 0.301480
vt 0.700447 0.301579
vt 0.700487 0.301673
vt 0.700856 0.301894
vt 0.700892 0.301830
vt 0.700660 0.301773
vt 0.700676 0.301706
vt 0.844450 0.052222
vt 0.844508 0.052263
vt 0.986521 0.292181
vt 0.986422 0.292174
vt 0.986609 0.292064
vt 0.986756 0.291930
vt 0.986643 0.291993
vt 0.986498 0.292096
vt 0.985955 0.292333
vt 0.985999 0.292398
vt 0.985775 0.292467
vt 0.986183 0.292180
vt 0.986207 0.292252
vt 0.986255 0.292295
vt 0.986392 0.292127
vt 0.986560 0.291998
vt 0.986425 0.292020
vt 0.986758 0.291891
vt 0.846890 0.182116
vt 0.846830 0.182118
vt 0.846898 0.182167
vt 0.846830 0.182153
vt 0.846760 0.182179
vt 0.846865 0.182246
vt 0.846917 0.182216
vt 0.846944 0.182258
vt 0.846775 0.182230
vt 0.846847 0.182215
vt 0.846800 0.182195
vt 0.846838 0.182184
vt 0.846697 0.182218
vt 0.846780 0.182188
vt 0.846739 0.182212
vt 0.846700 0.182229
vt 0.731004 0.237365
vt 0.730768 0.237360
vt 0.730987 0.237430
vt 0.730751 0.237395
vt 0.730528 0.237425
vt 0.730458 0.237425
vt 0.730753 0.237428
vt 0.730604 0.237426
vt 0.730540 0.237426
vt 0.730740 0.237458
vt 0.731007 0.237495
vt 0.730744 0.237484
vt 0.730431 0.237435
vt 0.882552 0.085287
vt 0.882645 0.084998
vt 0.882625 0.085228
vt 0.882612 0.085017
vt 0.882666 0.084787
vt 0.882667 0.084804
vt 0.882746 0.085228
vt 0.882724 0.084982
vt 0.882676 0.084997
vt 0.882703 0.084982
vt 0.882675 0.084699
vt 0.927216 0.247836
vt 0.927306 0.248024
vt 0.927349 0.248025
vt 0.927467 0.248181
vt 0.927503 0.248247
vt 0.927354 0.247679
vt 0.927411 0.248013
vt 0.927322 0.247773
vt 0.927430 0.248006
vt 0.927474 0.248199
vt 0.927379 0.248011
vt 0.843584 0.076796
vt 0.843694 0.076630
vt 0.843657 0.076548
vt 0.843733 0.076441
vt 0.843757 0.076413
vt 0.843648 0.076515
vt 0.843483 0.076699
vt 0.843638 0.076498
vt 0.843813 0.076274
vt 0.843766 0.076381
vt 0.843921 0.076161
vt 0.843919 0.076101
vt 0.831435 0.198043
vt 0.831434 0.198105
vt 0.831383 0.198107
vt 0.831504 0.197990
vt 0.831470 0.198043
vt 0.831503 0.198049
vt 0.831487 0.198112
vt 0.831547 0.197984
vt 0.831527 0.197948
vt 0.831543 0.197907
vt 0.831532 0.197904
vt 0.831494 0.197971
vt 0.831538 0.198129
vt 0.831566 0.198075
vt 0.831534 0.198058
vt 0.831528 0.197996
vt 0.901231 0.276844
vt 0.901030 0.276709
vt 0.901229 0.276796
vt 0.901423 0.276963
vt 0.901387 0.276942
vt 0.900968 0.276825
vt 0.901217 0.276924
vt 0.901219 0.276874
vt 0.901223 0.276905
vt 0.901498 0.277015
vt 0.901349 0.276929
vt 0.826001 0.176840
vt 0.825950 0.176806
vt 0.825974 0.176760
vt 0.826012 0.176925
vt 0.825984 0.176869
vt 0.825962 0.176893
vt 0.825916 0.176848
vt 0.825996 0.176963
vt 0.826035 0.176964
vt 0.826061 0.176996
vt 0.826069 0.176990
vt 0.826033 0.176926
vt 0.825875 0.176883
vt 0.825910 0.176935
vt 0.825939 0.176915
vt 0.825995 0.176941
vt 0.718959 0.203333
vt 0.719127 0.203215
vt 0.718974 0.203360
vt 0.718789 0.203461
vt 0.718852 0.203412
vt 0.718951 0.203305
vt 0.719114 0.203152
vt 0.719132 0.203064
vt 0.718913 0.203283
vt 0.718929 0.203290
vt 0.718806 0.203451
vt 0.718706 0.203504
vt 0.942054 0.288833
vt 0.941889 0.288899
vt 0.941743 0.289050
vt 0.941685 0.289219
vt 0.875609 0.044023
vt 0.875570 0.044145
vt 0.948336 0.151845
vt 0.948344 0.151869
vt 0.948321 0.151845
vt 0.875663 0.044190
vt 0.875664 0.043945
vt 0.875722 0.044053
vt 0.948381 0.151865
vt 0.948358 0.151845
vt 0.876014 0.044059
vt 0.875849 0.044014
vt 0.875915 0.043898
vt 0.948360 0.151875
vt 0.948374 0.151881
vt 0.875752 0.044246
vt 0.875918 0.044253
vt 0.875818 0.044124
vt 0.875967 0.044173
vt 0.875745 0.043992
vt 0.834807 0.185646
vt 0.834786 0.185568
vt 0.834767 0.185693
vt 0.834756 0.185618
vt 0.834729 0.185551
vt 0.834704 0.185633
vt 0.834713 0.185600
vt 0.834642 0.185716
vt 0.834721 0.185735
vt 0.834623 0.185660
vt 0.834691 0.185685
vt 0.834728 0.185656
vt 0.834668 0.185597
vt 0.834612 0.185602
vt 0.834671 0.185541
vt 0.834671 0.185643
vt 0.684582 0.231534
vt 0.684581 0.231347
vt 0.684487 0.231598
vt 0.684435 0.231419
vt 0.684525 0.231250
vt 0.684299 0.231456
vt 0.684356 0.231306
vt 0.885918 0.047781
vt 0.885946 0.047770
vt 0.885925 0.047809
vt 0.885899 0.047792
vt 0.684356 0.231661
vt 0.885901 0.047778
vt 0.885915 0.047765
vt 0.684327 0.231192
vt 0.684317 0.231029
vt 0.684477 0.231154
vt 0.684222 0.231054
vt 0.684276 0.231334
vt 0.684223 0.231241
vt 0.882868 0.089978
vt 0.882817 0.090031
vt 0.882857 0.089904
vt 0.882896 0.089894
vt 0.882879 0.090050
vt 0.882843 0.090119
vt 0.882898 0.089962
vt 0.882897 0.090016
vt 0.882928 0.089978
vt 0.882937 0.089901
vt 0.882980 0.090034
vt 0.882915 0.090050
vt 0.882866 0.090213
vt 0.882916 0.090215
vt 0.883814 0.089316
vt 0.882894 0.090119
vt 0.882945 0.090123
vt 0.849381 0.181402
vt 0.849337 0.181446
vt 0.849425 0.181411
vt 0.849382 0.181446
vt 0.849346 0.181490
vt 0.849409 0.181473
vt 0.849386 0.181479
vt 0.848624 0.181451
vt 0.849468 0.181425
vt 0.847397 0.182089
vt 0.849455 0.181518
vt 0.849445 0.181463
vt 0.849426 0.181490
vt 0.849415 0.181450
vt 0.849361 0.181533
vt 0.849422 0.181549
vt 0.849382 0.181576
vt 0.849399 0.181510
vt 0.924958 0.243583
vt 0.924986 0.243653
vt 0.924886 0.243564
vt 0.924930 0.243516
vt 0.924992 0.243582
vt 0.925025 0.243641
vt 0.924963 0.243535
vt 0.924878 0.243354
vt 0.924836 0.243381
vt 0.926037 0.243292
vt 0.924950 0.243418
vt 0.924908 0.243448
vt 0.924864 0.243474
vt 0.925009 0.243553
vt 0.925026 0.243478
vt 0.925057 0.243615
vt 0.924961 0.243497
vt 0.830833 0.200625
vt 0.830789 0.200671
vt 0.830784 0.200623
vt 0.830879 0.200633
vt 0.830835 0.200671
vt 0.830800 0.200716
vt 0.830863 0.200698
vt 0.830840 0.200704
vt 0.830940 0.200708
vt 0.830923 0.200647
vt 0.830911 0.200743
vt 0.830900 0.200687
vt 0.830881 0.200714
vt 0.830869 0.200674
vt 0.830816 0.200759
vt 0.830877 0.200774
vt 0.831190 0.198703
vt 0.830854 0.200735
vt 0.736081 0.237484
vt 0.736002 0.237474
vt 0.736136 0.237428
vt 0.736157 0.237493
vt 0.736064 0.237516
vt 0.735992 0.237516
vt 0.736122 0.237514
vt 0.736332 0.237528
vt 0.736329 0.237476
vt 0.735671 0.238537
vt 0.736236 0.237562
vt 0.736231 0.237508
vt 0.736230 0.237454
vt 0.736082 0.237547
vt 0.736143 0.237601
vt 0.736000 0.237559
vt 0.736159 0.237532
vt 0.896313 0.274487
vt 0.896290 0.274417
vt 0.896378 0.274567
vt 0.896316 0.274536
vt 0.896243 0.274466
vt 0.896197 0.274395
vt 0.896262 0.274507
vt 0.896274 0.274563
vt 0.896352 0.274605
vt 0.896201 0.274582
vt 0.896217 0.274513
vt 0.896109 0.274378
vt 0.896072 0.274442
vt 0.896396 0.275607
vt 0.896165 0.274453
vt 0.896132 0.274511
vt 0.841279 0.080944
vt 0.841315 0.080869
vt 0.841285 0.081018
vt 0.841237 0.080997
vt 0.841261 0.080899
vt 0.841285 0.080831
vt 0.841234 0.080951
vt 0.841099 0.081098
vt 0.841169 0.081135
vt 0.840522 0.079365
vt 0.841105 0.081003
vt 0.841178 0.081042
vt 0.841227 0.081079
vt 0.841191 0.080963
vt 0.841164 0.080777
vt 0.841208 0.080887
vt 0.841121 0.080898
vt 0.841248 0.080802
vt 0.824087 0.175029
vt 0.824069 0.174968
vt 0.824057 0.175064
vt 0.824047 0.175008
vt 0.824026 0.174954
vt 0.824027 0.175035
vt 0.824016 0.174995
vt 0.823962 0.175081
vt 0.824024 0.175095
vt 0.823946 0.175037
vt 0.824001 0.175056
vt 0.823986 0.175025
vt 0.823980 0.174946
vt 0.823936 0.174992
vt 0.825310 0.176847
vt 0.823982 0.174992
vt 0.824010 0.175019
vt 0.723382 0.199397
vt 0.723393 0.199276
vt 0.723471 0.199310
vt 0.723314 0.199297
vt 0.723325 0.199340
vt 0.723442 0.199209
vt 0.723539 0.199216
vt 0.723399 0.199202
vt 0.723364 0.199196
vt 0.723311 0.199255
vt 0.723354 0.199243
vt 0.723592 0.199123
vt 0.723543 0.199057
vt 0.722723 0.198562
vt 0.723493 0.199142
vt 0.723468 0.199097
vt 0.723421 0.199159
vt 0.733444 0.085185
vt 0.733392 0.085205
vt 0.733459 0.085141
vt 0.733495 0.085158
vt 0.733439 0.085214
vt 0.733392 0.085220
vt 0.733481 0.085186
vt 0.733618 0.085068
vt 0.733587 0.085047
vt 0.733642 0.085008
vt 0.733572 0.085130
vt 0.733551 0.085118
vt 0.733523 0.085094
vt 0.733514 0.085174
vt 0.702365 0.379794
vt 0.702487 0.379794
vt 0.702200 0.379858
vt 0.702286 0.379800
vt 0.733467 0.085207
vt 0.740263 0.067281
vt 0.740291 0.067299
vt 0.740300 0.067202
vt 0.740321 0.067232
vt 0.740356 0.067239
vt 0.740348 0.067173
vt 0.740371 0.067188
vt 0.740383 0.067054
vt 0.740378 0.067120
vt 0.740340 0.067122
vt 0.740412 0.067072
vt 0.740406 0.067123
vt 0.740377 0.067159
vt 0.740415 0.067147
vt 0.740457 0.067107
vt 0.740421 0.067178
vt 0.740435 0.067089
vt 0.834371 0.037435
vt 0.834344 0.037464
vt 0.834299 0.037449
vt 0.834410 0.037449
vt 0.834372 0.037476
vt 0.834286 0.037482
vt 0.834215 0.037462
vt 0.834319 0.037489
vt 0.993068 0.370278
vt 0.993004 0.370218
vt 0.993136 0.370278
vt 0.992887 0.370231
vt 0.992863 0.370171
vt 0.993079 0.370206
vt 0.992953 0.370168
vt 0.834130 0.037474
vt 0.834126 0.037509
vt 0.834060 0.037488
vt 0.834213 0.037496
vt 0.834209 0.037524
vt 0.834286 0.037506
vt 0.732024 0.083896
vt 0.732010 0.083860
vt 0.732025 0.083823
vt 0.732003 0.083928
vt 0.732000 0.083883
vt 0.732012 0.083802
vt 0.732034 0.083742
vt 0.732002 0.083833
vt 0.701287 0.384774
vt 0.701168 0.384658
vt 0.731958 0.083822
vt 0.731992 0.083801
vt 0.731981 0.083865
vt 0.731989 0.083926
vt 0.732046 0.083655
vt 0.732013 0.083646
vt 0.732046 0.083577
vt 0.732014 0.083733
vt 0.731981 0.083733
vt 0.738233 0.068781
vt 0.738266 0.068777
vt 0.738214 0.068828
vt 0.738206 0.068780
vt 0.738253 0.068729
vt 0.738296 0.068700
vt 0.738227 0.068743
vt 0.738137 0.068782
vt 0.738193 0.068756
vt 0.738164 0.068799
vt 0.738063 0.408795
vt 0.738091 0.408911
vt 0.737979 0.408828
vt 0.738189 0.068814
vt 0.738355 0.409135
vt 0.738395 0.409052
vt 0.738537 0.409169
vt 0.738274 0.068670
vt 0.738328 0.068623
vt 0.738213 0.409014
vt 0.738228 0.408923
vt 0.738228 0.068713
vt 0.993001 0.376827
vt 0.993214 0.376730
vt 0.992905 0.376909
vt 0.992819 0.376893
vt 0.993053 0.376767
vt 0.992897 0.376836
vt 0.992383 0.377017
vt 0.992421 0.377080
vt 0.992205 0.377134
vt 0.992603 0.376887
vt 0.992620 0.376954
vt 0.992662 0.376996
vt 0.992797 0.376849
vt 0.992971 0.376754
vt 0.992837 0.376755
vt 0.993229 0.376681
vt 0.724716 0.062395
vt 0.724751 0.062379
vt 0.724720 0.062426
vt 0.724750 0.062329
vt 0.724788 0.062335
vt 0.724756 0.062405
vt 0.724783 0.062367
vt 0.724893 0.062233
vt 0.724863 0.062215
vt 0.724913 0.062173
vt 0.724862 0.062300
vt 0.724836 0.062287
vt 0.724808 0.062269
vt 0.724811 0.062348
vt 0.724774 0.062430
vt 0.724781 0.062396
vt 0.724825 0.062373
vt 0.724746 0.062442
vt 0.824352 0.015274
vt 0.824319 0.015291
vt 0.824279 0.015264
vt 0.824383 0.015305
vt 0.824338 0.015308
vt 0.824260 0.015295
vt 0.824190 0.015269
vt 0.824289 0.015309
vt 0.995125 0.332415
vt 0.995084 0.332346
vt 0.995220 0.332468
vt 0.824269 0.015341
vt 0.824256 0.015319
vt 0.824316 0.015323
vt 0.824373 0.015317
vt 0.824104 0.015281
vt 0.824100 0.015316
vt 0.824034 0.015295
vt 0.824187 0.015304
vt 0.824182 0.015332
vt 0.704819 0.348732
vt 0.704913 0.348803
vt 0.704602 0.348618
vt 0.704768 0.348679
vt 0.704990 0.348775
vt 0.705143 0.348861
vt 0.704916 0.348727
vt 0.704844 0.348655
vt 0.704639 0.348583
vt 0.704970 0.348642
vt 0.705010 0.348728
vt 0.705374 0.348916
vt 0.705407 0.348848
vt 0.705180 0.348812
vt 0.705194 0.348745
vt 0.988406 0.336040
vt 0.988577 0.335957
vt 0.988324 0.336112
vt 0.988249 0.336100
vt 0.988451 0.335986
vt 0.988314 0.336049
vt 0.987881 0.336211
vt 0.987914 0.336264
vt 0.987733 0.336313
vt 0.988064 0.336098
vt 0.988080 0.336155
vt 0.988117 0.336190
vt 0.988229 0.336062
vt 0.988378 0.335974
vt 0.988262 0.335978
vt 0.988580 0.335924
vt 0.761586 0.121667
vt 0.761700 0.121660
vt 0.761544 0.121570
vt 0.761641 0.121594
vt 0.761707 0.121527
vt 0.761786 0.121574
vt 0.761598 0.121524
vt 0.761593 0.121453
vt 0.761502 0.121464
vt 0.761594 0.121374
vt 0.761733 0.121391
vt 0.761680 0.121445
vt 0.761658 0.121496
vt 0.761884 0.121500
vt 0.761864 0.121410
vt 0.761782 0.121465
vt 0.764690 0.122838
vt 0.764724 0.122921
vt 0.764620 0.122929
vt 0.764764 0.122748
vt 0.764781 0.122845
vt 0.764828 0.122898
vt 0.764875 0.122796
vt 0.764859 0.122840
vt 0.764958 0.122659
vt 0.764844 0.122660
vt 0.764973 0.122739
vt 0.764894 0.122718
vt 0.764835 0.122777
vt 0.764923 0.122771
vt 0.764926 0.122880
vt 0.764990 0.122813
vt 0.767985 0.124354
vt 0.764924 0.122824
vt 0.781732 0.062450
vt 0.787185 0.059857
vt 0.781721 0.062425
vt 0.787174 0.059832
vt 0.781710 0.062400
vt 0.787163 0.059807
vt 0.834141 0.345671
vt 0.849339 0.345443
vt 0.776522 0.065225
vt 0.776511 0.065200
vt 0.776499 0.065176
vt 0.819279 0.345330
vt 0.790963 0.068872
vt 0.796655 0.066510
vt 0.790974 0.068899
vt 0.796666 0.066536
vt 0.790986 0.068925
vt 0.847653 0.313417
vt 0.802425 0.064437
vt 0.802437 0.064464
vt 0.796677 0.066563
vt 0.863044 0.312529
vt 0.798432 0.055501
vt 0.792770 0.057536
vt 0.798421 0.055476
vt 0.792760 0.057511
vt 0.798412 0.055450
vt 0.879673 0.343162
vt 0.792750 0.057486
vt 0.864547 0.344590
vt 0.785405 0.071507
vt 0.780094 0.074325
vt 0.785416 0.071534
vt 0.780105 0.074352
vt 0.785429 0.071560
vt 0.780118 0.074378
vt 0.832269 0.313659
vt 0.817223 0.313322
vt 0.775119 0.077244
vt 0.770437 0.080290
vt 0.775131 0.077271
vt 0.770449 0.080317
vt 0.775144 0.077296
vt 0.770463 0.080342
vt 0.802811 0.312476
vt 0.788903 0.311109
vt 0.771647 0.068105
vt 0.771636 0.068080
vt 0.771623 0.068056
vt 0.805033 0.344478
vt 0.767063 0.071113
vt 0.767052 0.071088
vt 0.767038 0.071065
vt 0.791256 0.343110
vt 0.762684 0.074311
vt 0.762673 0.074285
vt 0.762659 0.074262
vt 0.777671 0.341186
vt 0.758411 0.077777
vt 0.758405 0.077747
vt 0.758393 0.077722
vt 0.763957 0.338629
vt 0.765746 0.083709
vt 0.759836 0.088496
vt 0.765757 0.083737
vt 0.759841 0.088527
vt 0.765771 0.083761
vt 0.759853 0.088554
vt 0.774532 0.309049
vt 0.755802 0.305548
vt 0.750271 0.085323
vt 0.746201 0.093995
vt 0.750244 0.085314
vt 0.746146 0.094035
vt 0.750217 0.085306
vt 0.715352 0.318234
vt 0.735925 0.331230
vt 0.746100 0.094058
vt 0.754195 0.081553
vt 0.754201 0.081513
vt 0.754196 0.081481
vt 0.749903 0.335350
vt 0.751734 0.095265
vt 0.751727 0.095306
vt 0.751730 0.095339
vt 0.729794 0.300359
vt 0.808645 0.062589
vt 0.808657 0.062615
vt 0.802447 0.064490
vt 0.878317 0.310994
vt 0.817303 0.060639
vt 0.817323 0.060663
vt 0.808667 0.062642
vt 0.894425 0.308541
vt 0.810124 0.052211
vt 0.804161 0.053755
vt 0.810105 0.052188
vt 0.804150 0.053731
vt 0.810092 0.052163
vt 0.804133 0.053675
vt 0.810085 0.052133
vt 0.804141 0.053705
vt 0.798404 0.055420
vt 0.833280 0.052094
vt 0.833343 0.052074
vt 0.833388 0.052051
vt 0.822517 0.049944
vt 0.822523 0.049918
vt 0.822530 0.049893
vt 0.822538 0.049863
vt 0.829761 0.058056
vt 0.829799 0.058075
vt 0.817337 0.060688
vt 0.948384 0.295457
vt 0.916481 0.303710
vt 0.829824 0.058097
vt 0.986011 0.285818
vt 0.816449 0.050901
vt 0.816416 0.050881
vt 0.816384 0.050829
vt 0.816394 0.050859
vt 0.849058 0.339217
vt 0.833943 0.339437
vt 0.849052 0.339113
vt 0.833937 0.339333
vt 0.849046 0.339008
vt 0.833930 0.339228
vt 0.819163 0.339092
vt 0.819156 0.338987
vt 0.819148 0.338883
vt 0.863436 0.318627
vt 0.847926 0.319519
vt 0.863441 0.318731
vt 0.847932 0.319623
vt 0.863446 0.318835
vt 0.847938 0.319727
vt 0.878848 0.317085
vt 0.878853 0.317189
vt 0.878856 0.317294
vt 0.864185 0.338364
vt 0.879226 0.336920
vt 0.864180 0.338259
vt 0.879222 0.336815
vt 0.864176 0.338155
vt 0.879219 0.336710
vt 0.817284 0.319430
vt 0.832432 0.319765
vt 0.817291 0.319534
vt 0.832438 0.319869
vt 0.817299 0.319638
vt 0.832445 0.319973
vt 0.788734 0.317205
vt 0.802764 0.318584
vt 0.788741 0.317308
vt 0.802771 0.318687
vt 0.788752 0.317413
vt 0.802781 0.318792
vt 0.805003 0.338238
vt 0.804995 0.338133
vt 0.804985 0.338028
vt 0.791320 0.336863
vt 0.791312 0.336758
vt 0.791301 0.336652
vt 0.777844 0.334927
vt 0.777834 0.334821
vt 0.777819 0.334714
vt 0.764265 0.332356
vt 0.764242 0.332247
vt 0.764206 0.332136
vt 0.755441 0.311469
vt 0.774238 0.315092
vt 0.755464 0.311573
vt 0.774247 0.315196
vt 0.755501 0.311679
vt 0.774263 0.315300
vt 0.718065 0.313558
vt 0.736887 0.325336
vt 0.718205 0.313552
vt 0.736917 0.325244
vt 0.718393 0.313576
vt 0.736956 0.325158
vt 0.717990 0.313605
vt 0.750410 0.329074
vt 0.750355 0.328957
vt 0.750272 0.328835
vt 0.729580 0.306282
vt 0.729637 0.306387
vt 0.729724 0.306497
vt 0.895126 0.314613
vt 0.895128 0.314717
vt 0.895126 0.314822
vt 0.917325 0.309694
vt 0.917311 0.309801
vt 0.917284 0.309911
vt 0.894218 0.334878
vt 0.909617 0.332156
vt 0.894217 0.334773
vt 0.909631 0.332047
vt 0.894219 0.334667
vt 0.909658 0.331937
vt 0.844405 0.052213
vt 0.964870 0.308373
vt 0.964726 0.308373
vt 0.964534 0.308406
vt 0.964951 0.308419
vt 0.942323 0.324672
vt 0.942289 0.324575
vt 0.942248 0.324483
vt 0.949241 0.301381
vt 0.949190 0.301495
vt 0.949107 0.301616
vt 0.925823 0.328668
vt 0.925871 0.328551
vt 0.925947 0.328429
vt 0.986605 0.288808
vt 0.986722 0.291878
vt 0.844507 0.053402
vt 0.844395 0.054549
vt 0.844494 0.053396
vt 0.698260 0.295367
vt 0.741181 0.102214
vt 0.698831 0.298517
vt 0.740297 0.101489
vt 0.850540 0.127082
vt 0.850476 0.127051
vt 0.850406 0.127039
vt 0.774761 0.203787
vt 0.774718 0.203647
vt 0.774728 0.203720
vt 0.917143 0.099830
vt 0.885911 0.047824
vt 0.917115 0.099844
vt 0.885903 0.047834
vt 0.917126 0.099839
vt 0.752254 0.110927
vt 0.878471 0.228368
vt 0.878527 0.228325
vt 0.941819 0.288977
vt 0.878569 0.228267
vt 0.948405 0.151848
vt 0.939019 0.157518
vt 0.938750 0.157583
vt 0.988756 0.053921
vt 0.968580 0.102884
vt 0.942146 0.288896
vt 0.938885 0.157551
vt 0.988727 0.053873
vt 0.808755 0.293809
vt 0.941754 0.289308
vt 0.941909 0.289415
vt 0.808812 0.293527
vt 0.937337 0.050822
vt 0.808784 0.293669
vt 0.859849 0.136684
vt 0.859807 0.136652
vt 0.882665 0.084734
vt 0.859768 0.136614
vt 0.882657 0.084573
vt 0.927574 0.248388
vt 0.881622 0.214938
vt 0.881636 0.214886
vt 0.881656 0.214836
vt 0.882675 0.084553
vt 0.926576 0.160530
vt 0.926491 0.160551
vt 0.926407 0.160573
vt 0.927603 0.248402
vt 0.927534 0.248280
vt 0.784684 0.212789
vt 0.784650 0.212746
vt 0.784609 0.212707
vt 0.730291 0.237420
vt 0.865556 0.232079
vt 0.865605 0.232057
vt 0.901465 0.276984
vt 0.865658 0.232040
vt 0.901615 0.277053
vt 0.901630 0.277081
vt 0.811415 0.280677
vt 0.811434 0.280587
vt 0.811453 0.280499
vt 0.730278 0.237440
vt 0.837361 0.130177
vt 0.837309 0.130189
vt 0.843790 0.076363
vt 0.837258 0.130195
vt 0.778963 0.190740
vt 0.778967 0.190684
vt 0.778961 0.190631
vt 0.718632 0.203605
vt 0.718742 0.203505
vt 0.718599 0.203595
vt 0.862221 0.137601
vt 0.862182 0.137565
vt 0.862140 0.137536
vt 0.865017 0.139271
vt 0.883198 0.212933
vt 0.883218 0.212886
vt 0.884122 0.210831
vt 0.850834 0.181960
vt 0.887186 0.202071
vt 0.923393 0.161398
vt 0.923311 0.161420
vt 0.923229 0.161443
vt 0.919571 0.162208
vt 0.787589 0.217747
vt 0.785687 0.215231
vt 0.785648 0.215191
vt 0.785617 0.215148
vt 0.863610 0.233746
vt 0.863661 0.233728
vt 0.863708 0.233706
vt 0.860438 0.235351
vt 0.812184 0.277348
vt 0.812203 0.277262
vt 0.812223 0.277175
vt 0.813303 0.273246
vt 0.835085 0.129806
vt 0.835035 0.129812
vt 0.834983 0.129826
vt 0.830316 0.130974
vt 0.778023 0.188364
vt 0.778025 0.188307
vt 0.778348 0.185469
vt 0.778030 0.188419
vt 0.723398 0.199137
vt 0.848161 0.181816
vt 0.848173 0.181863
vt 0.848148 0.181770
vt 0.926068 0.245495
vt 0.926022 0.245520
vt 0.925977 0.245544
vt 0.733749 0.237460
vt 0.733746 0.237595
vt 0.733750 0.237405
vt 0.733748 0.237515
vt 0.898562 0.275431
vt 0.896391 0.274523
vt 0.898479 0.275605
vt 0.898527 0.275504
vt 0.898503 0.275554
vt 0.901015 0.276775
vt 0.824922 0.175961
vt 0.824956 0.175926
vt 0.824990 0.175891
vt 0.842272 0.078935
vt 0.842308 0.078983
vt 0.842349 0.079025
vt 0.843545 0.076728
vt 0.882780 0.087790
vt 0.882832 0.087787
vt 0.882729 0.087792
vt 0.882685 0.085212
vt 0.831222 0.199426
vt 0.831174 0.199415
vt 0.831127 0.199403
vt 0.721453 0.201006
vt 0.721451 0.201068
vt 0.721451 0.201127
vt 0.770907 0.043119
vt 0.776312 0.040444
vt 0.770895 0.043094
vt 0.776301 0.040419
vt 0.856503 0.425535
vt 0.841386 0.425782
vt 0.856500 0.425467
vt 0.765768 0.046010
vt 0.765757 0.045985
vt 0.841385 0.425849
vt 0.826616 0.425607
vt 0.780168 0.049344
vt 0.785765 0.046968
vt 0.780180 0.049370
vt 0.870192 0.392475
vt 0.854710 0.393441
vt 0.854708 0.393369
vt 0.791462 0.044922
vt 0.785776 0.046995
vt 0.885542 0.391018
vt 0.870199 0.392547
vt 0.787535 0.036040
vt 0.781874 0.038080
vt 0.787524 0.036015
vt 0.871629 0.424674
vt 0.886642 0.423239
vt 0.886651 0.423305
vt 0.781864 0.038055
vt 0.871623 0.424607
vt 0.774730 0.052035
vt 0.769560 0.054941
vt 0.774742 0.052061
vt 0.769572 0.054968
vt 0.824111 0.393573
vt 0.839230 0.393793
vt 0.824106 0.393645
vt 0.839231 0.393721
vt 0.764744 0.057967
vt 0.760237 0.061128
vt 0.764756 0.057994
vt 0.760249 0.061154
vt 0.795610 0.391928
vt 0.809613 0.393047
vt 0.795598 0.391999
vt 0.809622 0.392976
vt 0.760993 0.049031
vt 0.760981 0.049006
vt 0.826612 0.425674
vt 0.812419 0.425018
vt 0.756560 0.052202
vt 0.756548 0.052178
vt 0.756533 0.052156
vt 0.760967 0.048984
vt 0.798661 0.423897
vt 0.752357 0.055548
vt 0.752346 0.055523
vt 0.752330 0.055501
vt 0.785100 0.422217
vt 0.748289 0.059159
vt 0.748279 0.059131
vt 0.748263 0.059110
vt 0.771422 0.419889
vt 0.755753 0.064682
vt 0.750119 0.069684
vt 0.761689 0.387689
vt 0.781015 0.390291
vt 0.761639 0.387751
vt 0.780997 0.390361
vt 0.761607 0.387817
vt 0.781045 0.390222
vt 0.737010 0.076076
vt 0.736947 0.076125
vt 0.736890 0.076160
vt 0.744287 0.063093
vt 0.744282 0.063060
vt 0.744263 0.063041
vt 0.757388 0.416917
vt 0.743403 0.413687
vt 0.742400 0.076834
vt 0.702893 0.379746
vt 0.734180 0.383997
vt 0.702695 0.379769
vt 0.734119 0.384052
vt 0.734272 0.383949
vt 0.797638 0.043154
vt 0.791473 0.044948
vt 0.901711 0.388748
vt 0.885553 0.391090
vt 0.806357 0.041456
vt 0.797650 0.043180
vt 0.923766 0.384421
vt 0.901729 0.388818
vt 0.799325 0.032857
vt 0.793294 0.034312
vt 0.799307 0.032834
vt 0.901633 0.421455
vt 0.917040 0.418966
vt 0.917069 0.419030
vt 0.793283 0.034287
vt 0.901619 0.421389
vt 0.823242 0.034011
vt 0.823308 0.033997
vt 0.823355 0.033978
vt 0.823379 0.033951
vt 0.812225 0.030586
vt 0.812233 0.030559
vt 0.812247 0.030535
vt 0.974227 0.396125
vt 0.819182 0.039594
vt 0.806376 0.041481
vt 0.955452 0.377490
vt 0.923800 0.384486
vt 0.955516 0.377548
vt 0.819219 0.039616
vt 0.992677 0.370200
vt 0.805760 0.031633
vt 0.933361 0.415865
vt 0.949954 0.411796
vt 0.949947 0.411868
vt 0.805726 0.031612
vt 0.933301 0.415808
vt 0.856200 0.419269
vt 0.841139 0.419579
vt 0.856194 0.419166
vt 0.841132 0.419475
vt 0.856188 0.419062
vt 0.841124 0.419372
vt 0.826410 0.419404
vt 0.826402 0.419300
vt 0.826392 0.419196
vt 0.870574 0.398671
vt 0.855006 0.399574
vt 0.870579 0.398775
vt 0.855012 0.399678
vt 0.870583 0.398880
vt 0.855018 0.399782
vt 0.886033 0.397200
vt 0.886037 0.397304
vt 0.886040 0.397409
vt 0.871270 0.418407
vt 0.886243 0.417035
vt 0.871266 0.418304
vt 0.886240 0.416931
vt 0.871262 0.418200
vt 0.886238 0.416827
vt 0.824258 0.399774
vt 0.839454 0.399925
vt 0.824266 0.399877
vt 0.839461 0.400028
vt 0.824276 0.399982
vt 0.839470 0.400133
vt 0.795600 0.398126
vt 0.809691 0.399177
vt 0.795611 0.398230
vt 0.809700 0.399281
vt 0.795625 0.398334
vt 0.809712 0.399385
vt 0.812278 0.418791
vt 0.812269 0.418688
vt 0.812258 0.418584
vt 0.798613 0.417671
vt 0.798603 0.417568
vt 0.798590 0.417463
vt 0.785051 0.416029
vt 0.785038 0.415925
vt 0.785020 0.415820
vt 0.770693 0.413947
vt 0.770659 0.413839
vt 0.770616 0.413730
vt 0.761511 0.393714
vt 0.780950 0.396484
vt 0.761537 0.393821
vt 0.780964 0.396588
vt 0.761574 0.393930
vt 0.780983 0.396693
vt 0.735080 0.076317
vt 0.735075 0.076262
vt 0.735072 0.076190
vt 0.735094 0.076348
vt 0.754808 0.411541
vt 0.754715 0.411423
vt 0.754610 0.411305
vt 0.701405 0.384781
vt 0.733826 0.389570
vt 0.701599 0.384922
vt 0.730496 0.071186
vt 0.734334 0.389765
vt 0.702796 0.384723
vt 0.733879 0.389685
vt 0.729120 0.060395
vt 0.730532 0.071143
vt 0.729156 0.060369
vt 0.730563 0.071096
vt 0.902334 0.394895
vt 0.902335 0.394999
vt 0.902332 0.395103
vt 0.924478 0.390424
vt 0.924461 0.390529
vt 0.924432 0.390637
vt 0.901169 0.415173
vt 0.916514 0.412726
vt 0.901169 0.415069
vt 0.916530 0.412618
vt 0.901172 0.414964
vt 0.916558 0.412509
vt 0.971445 0.391576
vt 0.971307 0.391568
vt 0.971121 0.391591
vt 0.948784 0.405862
vt 0.948755 0.405768
vt 0.948720 0.405677
vt 0.956090 0.383398
vt 0.956035 0.383507
vt 0.955948 0.383621
vt 0.932653 0.409553
vt 0.932701 0.409439
vt 0.932779 0.409320
vt 0.993470 0.373241
vt 0.993188 0.376653
vt 0.834908 0.035173
vt 0.834624 0.036311
vt 0.834881 0.035165
vt 0.834650 0.036325
vt 0.702234 0.379854
vt 0.732675 0.084597
vt 0.732676 0.084582
vt 0.701617 0.382149
vt 0.732010 0.083917
vt 0.740798 0.411362
vt 0.739299 0.067941
vt 0.739264 0.068020
vt 0.743228 0.413566
vt 0.739335 0.067862
vt 0.761267 0.021157
vt 0.766625 0.018499
vt 0.857192 0.384654
vt 0.841860 0.385114
vt 0.857190 0.384584
vt 0.841860 0.385046
vt 0.857187 0.384516
vt 0.756164 0.024012
vt 0.841857 0.385183
vt 0.826861 0.385158
vt 0.826864 0.385089
vt 0.770480 0.027343
vt 0.776049 0.024952
vt 0.770491 0.027369
vt 0.776061 0.024978
vt 0.770503 0.027395
vt 0.854953 0.352004
vt 0.781712 0.022868
vt 0.781724 0.022894
vt 0.776072 0.025005
vt 0.870686 0.350895
vt 0.777732 0.014074
vt 0.872531 0.383600
vt 0.887756 0.381986
vt 0.887769 0.382053
vt 0.872523 0.383531
vt 0.887746 0.381918
vt 0.772133 0.016135
vt 0.872517 0.383463
vt 0.765058 0.030026
vt 0.759895 0.032908
vt 0.765069 0.030052
vt 0.759907 0.032934
vt 0.765082 0.030077
vt 0.759920 0.032959
vt 0.839215 0.352565
vt 0.823805 0.352636
vt 0.755079 0.035903
vt 0.750566 0.039034
vt 0.755091 0.035929
vt 0.750578 0.039060
vt 0.755105 0.035954
vt 0.750593 0.039084
vt 0.809013 0.352269
vt 0.794686 0.351445
vt 0.751406 0.026980
vt 0.826853 0.385227
vt 0.812476 0.384764
vt 0.812482 0.384695
vt 0.746949 0.030090
vt 0.812463 0.384832
vt 0.798546 0.383945
vt 0.798555 0.383877
vt 0.742714 0.033403
vt 0.798527 0.384013
vt 0.784775 0.382693
vt 0.784789 0.382625
vt 0.738603 0.037002
vt 0.784749 0.382759
vt 0.770814 0.380976
vt 0.770842 0.380910
vt 0.746083 0.042539
vt 0.740562 0.047413
vt 0.746095 0.042566
vt 0.740570 0.047444
vt 0.746110 0.042590
vt 0.740582 0.047470
vt 0.779856 0.350057
vt 0.760697 0.347791
vt 0.730585 0.044966
vt 0.727656 0.053705
vt 0.730559 0.044963
vt 0.727608 0.053749
vt 0.730532 0.044964
vt 0.720643 0.364529
vt 0.741626 0.376002
vt 0.727566 0.053777
vt 0.700165 0.353071
vt 0.734534 0.040934
vt 0.770768 0.381038
vt 0.756372 0.378748
vt 0.756428 0.378689
vt 0.756284 0.378799
vt 0.741646 0.376072
vt 0.733199 0.054376
vt 0.733196 0.054416
vt 0.733202 0.054449
vt 0.703606 0.341895
vt 0.734412 0.344691
vt 0.787833 0.021022
vt 0.787845 0.021048
vt 0.781734 0.022921
vt 0.886278 0.349228
vt 0.796478 0.019251
vt 0.924763 0.342013
vt 0.902656 0.346740
vt 0.902634 0.346671
vt 0.789389 0.010792
vt 0.902970 0.380025
vt 0.918579 0.377325
vt 0.918624 0.377386
vt 0.902949 0.379959
vt 0.918548 0.377261
vt 0.783425 0.012305
vt 0.902934 0.379891
vt 0.813310 0.011825
vt 0.813376 0.011811
vt 0.995166 0.333036
vt 0.974180 0.353010
vt 0.995235 0.332839
vt 0.802269 0.008321
vt 0.802278 0.008295
vt 0.974157 0.353135
vt 0.951449 0.369253
vt 0.809248 0.017343
vt 0.796497 0.019275
vt 0.956328 0.335389
vt 0.924798 0.342078
vt 0.956388 0.335451
vt 0.809284 0.017365
vt 0.994755 0.332286
vt 0.994960 0.332340
vt 0.935094 0.373861
vt 0.951461 0.369322
vt 0.951451 0.369394
vt 0.935004 0.373814
vt 0.795770 0.009486
vt 0.934941 0.373757
vt 0.856802 0.378232
vt 0.841519 0.378753
vt 0.856795 0.378127
vt 0.841510 0.378648
vt 0.856787 0.378021
vt 0.841500 0.378543
vt 0.826563 0.378794
vt 0.826554 0.378689
vt 0.826542 0.378583
vt 0.871146 0.357117
vt 0.855334 0.358235
vt 0.871153 0.357222
vt 0.855342 0.358340
vt 0.871158 0.357329
vt 0.855349 0.358446
vt 0.886841 0.355427
vt 0.886846 0.355533
vt 0.886850 0.355639
vt 0.872089 0.377175
vt 0.887275 0.375621
vt 0.872083 0.377070
vt 0.887271 0.375516
vt 0.872078 0.376964
vt 0.887267 0.375410
vt 0.824058 0.358879
vt 0.839528 0.358802
vt 0.824068 0.358984
vt 0.839536 0.358907
vt 0.824080 0.359090
vt 0.839546 0.359014
vt 0.794784 0.357707
vt 0.809200 0.358523
vt 0.794796 0.357813
vt 0.809211 0.358629
vt 0.794813 0.357920
vt 0.809225 0.358735
vt 0.812221 0.378401
vt 0.812209 0.378296
vt 0.812195 0.378190
vt 0.798335 0.377575
vt 0.798322 0.377469
vt 0.798306 0.377362
vt 0.784614 0.376299
vt 0.784598 0.376192
vt 0.784577 0.376085
vt 0.770712 0.374543
vt 0.770682 0.374433
vt 0.770639 0.374322
vt 0.760597 0.353937
vt 0.779840 0.356303
vt 0.760625 0.354042
vt 0.779855 0.356409
vt 0.760667 0.354149
vt 0.779876 0.356515
vt 0.722870 0.359438
vt 0.741963 0.369757
vt 0.723007 0.359417
vt 0.741985 0.369654
vt 0.723196 0.359422
vt 0.742018 0.369556
vt 0.756354 0.372299
vt 0.756291 0.372181
vt 0.756199 0.372061
vt 0.734397 0.350757
vt 0.734459 0.350860
vt 0.734551 0.350966
vt 0.903343 0.352862
vt 0.903345 0.352967
vt 0.903343 0.353073
vt 0.925539 0.348026
vt 0.925522 0.348130
vt 0.925493 0.348236
vt 0.902404 0.373580
vt 0.917925 0.370925
vt 0.902403 0.373474
vt 0.917939 0.370815
vt 0.902405 0.373367
vt 0.917966 0.370704
vt 0.970968 0.348801
vt 0.970846 0.348799
vt 0.970683 0.348826
vt 0.950118 0.363456
vt 0.950087 0.363366
vt 0.950050 0.363278
vt 0.956645 0.341384
vt 0.956594 0.341482
vt 0.956514 0.341585
vt 0.934174 0.367480
vt 0.934221 0.367364
vt 0.934296 0.367243
vt 0.991554 0.334498
vt 0.988561 0.335895
vt 0.995232 0.332519
vt 0.991574 0.334587
vt 0.703361 0.341981
vt 0.703759 0.345205
vt 0.703322 0.341994
vt 0.724728 0.062442
vt 0.723422 0.062666
vt 0.723414 0.062651
vt 0.703798 0.345193
vt 0.722038 0.062887
vt 0.704621 0.348668
vt 0.701976 0.350747
vt 0.901530 0.277018
vt 0.882665 0.084665
vt 0.763329 0.122121
vt 0.763262 0.122197
vt 0.763195 0.122274
vt 0.927442 0.248134
vt 0.718692 0.203528
vt 0.730389 0.237428
vt 0.927540 0.248310
vt 0.885023 0.208774
vt 0.729189 0.060341
vt 0.700086 0.352928
vt 0.590845 0.452493
vt 0.700069 0.301551
vt 0.846787 0.182211
vt 0.843851 0.076268
vt 0.875450 0.044030
vt 0.948394 0.151877
vt 0.684173 0.231535
vt 0.834398 0.037442
vt 0.738177 0.068724
vt 0.824376 0.015291
vt 0.833886 0.050000
vt 0.942262 0.289046
vt 0.812414 0.425085
vt 0.795635 0.391857
vt 0.741670 0.376139
vt 0.787855 0.021075
vt 0.995245 0.332569
vt 0.723401 0.062621
s 1
f 1256/1/1 1/2/2 217/3/3
f 1207/4/4 20/5/5 105/6/6
f 88/7/2 242/8/7 3/9/2
f 231/10/8 113/11/9 1217/12/10
f 4/13/2 1221/14/11 221/15/12
f 216/16/13 105/6/6 16/17/14
f 227/18/15 101/19/16 14/20/17
f 241/21/18 108/22/19 1212/23/20
f 3/9/2 1196/24/21 237/25/22
f 1211/26/23 4/13/2 87/27/2
f 1217/12/10 22/28/24 246/29/25
f 1227/30/26 19/31/27 252/32/28
f 1222/33/29 26/34/30 222/35/31
f 246/29/25 107/36/32 1232/37/33
f 1232/37/33 23/38/34 256/39/35
f 1242/40/36 18/41/37 262/42/38
f 89/43/2 251/44/39 1221/14/11
f 256/39/35 114/45/40 1247/46/41
f 1247/46/41 1359/47/42 268/48/43
f 283/49/44 112/50/45 1242/40/36
f 90/51/46 261/52/47 1226/53/48
f 1257/54/49 16/17/14 103/55/50
f 288/56/51 103/55/50 17/57/52
f 294/58/53 109/59/54 13/60/55
f 1/2/2 1201/61/56 88/7/2
f 1272/62/57 17/57/52 111/63/58
f 299/64/59 111/63/58 21/65/60
f 1267/66/61 1356/67/62 109/59/54
f 6/68/2 1251/69/63 92/70/2
f 105/6/6 342/71/64 1286/72/65
f 10/73/66 1302/74/67 96/75/66
f 24/76/68 1296/77/69 113/11/9
f 351/78/70 97/79/71 1312/80/72
f 103/55/50 322/81/73 1336/82/74
f 15/83/75 1281/84/76 347/85/77
f 15/83/75 1291/86/78 108/22/19
f 102/87/79 331/88/80 1281/84/76
f 115/89/81 342/71/64 20/5/5
f 116/90/82 326/91/83 26/34/30
f 19/31/27 1301/92/84 116/90/82
f 22/28/24 1311/93/85 107/36/32
f 1297/94/86 8/95/66 351/78/70
f 104/96/87 356/97/88 19/31/27
f 18/41/37 1306/98/89 104/96/87
f 23/38/34 1326/99/90 114/45/40
f 1312/80/72 11/100/91 361/101/92
f 112/50/45 366/102/93 18/41/37
f 25/103/94 1321/104/95 112/50/45
f 114/45/40 372/105/96 1359/47/42
f 321/106/97 95/107/66 7/108/66
f 14/20/17 1331/109/98 331/88/80
f 101/19/16 398/110/99 1331/109/98
f 111/63/58 394/111/100 1351/112/101
f 99/113/66 393/114/102 1337/115/103
f 13/60/55 1346/116/104 398/110/99
f 109/59/54 410/117/105 1346/116/104
f 21/65/60 1351/112/101 403/118/106
f 1202/119/107 14/20/17 102/87/79
f 1262/120/108 21/121/60 106/122/109
f 106/122/109 403/123/106 1341/124/110
f 7/108/66 1282/125/111 332/126/112
f 242/8/7 87/27/2 3/9/2
f 1212/23/20 24/76/68 231/10/8
f 108/22/19 337/127/113 24/76/68
f 95/107/66 346/128/114 1282/125/111
f 93/129/2 293/130/115 6/68/2
f 217/3/3 88/7/2 1206/131/116
f 16/17/14 1286/72/65 322/81/73
f 399/132/117 100/133/66 12/134/66
f 252/32/28 116/90/82 1222/33/29
f 1237/135/118 1360/136/119 110/137/120
f 110/137/120 371/138/121 1316/139/122
f 96/75/66 357/140/123 8/95/66
f 222/35/31 115/89/81 1197/141/124
f 241/21/18 102/87/79 15/83/75
f 1287/142/125 9/143/66 95/107/66
f 26/34/30 1276/144/126 115/89/81
f 1261/145/127 1266/146/128 93/129/2
f 298/147/129 93/129/2 1271/148/130
f 100/133/66 404/149/131 1352/150/132
f 1347/151/133 1342/152/134 100/133/66
f 5/153/46 1241/154/135 261/52/47
f 1216/155/136 2/156/2 89/43/2
f 113/11/9 352/157/137 22/28/24
f 11/100/91 1322/158/138 98/159/139
f 232/160/140 89/43/2 4/13/2
f 247/161/141 90/51/46 2/156/2
f 94/162/66 346/128/114 9/143/66
f 10/73/66 1292/163/142 94/162/66
f 1252/164/143 13/60/55 101/19/16
f 7/108/66 1337/115/103 321/106/97
f 425/165/144 136/166/145 1504/167/146
f 1332/168/147 12/134/66 99/113/66
f 91/169/148 284/170/149 1241/154/135
f 1246/171/150 1236/172/151 91/169/148
f 1327/173/152 1317/174/153 373/175/154
f 98/159/139 388/176/155 1317/174/153
f 1262/120/108 1357/177/156 303/178/157
f 289/179/158 92/70/2 1256/1/1
f 17/57/52 1336/82/74 394/111/100
f 106/122/109 408/180/159 1357/177/156
f 262/42/38 104/96/87 1227/30/26
f 1271/148/130 6/68/2 289/179/158
f 12/134/66 1352/150/132 393/114/102
f 97/79/71 367/181/160 11/100/91
f 2/156/2 1226/53/48 251/44/39
f 1197/141/124 20/5/5 236/182/161
f 336/183/162 96/75/66 1297/94/86
f 8/95/66 1307/184/163 97/79/71
f 1237/185/118 25/103/94 283/49/44
f 1231/186/164 5/153/46 90/51/46
f 107/36/32 362/187/165 23/38/34
f 110/188/120 389/189/166 25/103/94
f 1206/131/116 3/9/2 237/25/22
f 87/27/2 221/15/12 1196/24/21
f 327/190/167 94/162/66 1277/191/168
f 1277/191/168 9/143/66 341/192/169
f 92/70/2 226/193/170 1/2/2
f 257/194/171 91/169/148 5/153/46
f 361/101/92 98/159/139 1327/173/152
f 332/126/112 99/113/66 7/108/66
f 470/195/172 129/196/173 34/197/174
f 517/198/175 135/199/176 1425/200/177
f 1537/201/178 1481/202/179 135/199/176
f 718/203/180 130/204/181 1477/205/182
f 494/206/183 126/207/184 1414/208/185
f 1389/209/186 1528/210/187 136/166/145
f 137/211/188 679/212/189 1467/213/190
f 1477/205/182 1488/214/191 698/215/192
f 461/216/193 123/217/194 29/218/195
f 439/219/196 134/220/197 1513/221/198
f 1452/222/199 1457/223/200 628/224/201
f 1532/225/202 1462/226/203 134/220/197
f 27/227/204 1382/228/205 123/217/194
f 31/229/206 1386/230/207 575/231/208
f 32/232/209 1386/230/207 126/207/184
f 1400/233/210 1529/234/211 452/235/212
f 1395/236/213 1505/237/214 119/238/215
f 33/239/216 1368/240/217 128/241/218
f 34/197/174 1373/242/219 538/243/220
f 427/244/221 121/245/204 1390/246/222
f 1400/233/210 1509/247/223 133/248/224
f 527/249/225 120/250/226 1385/251/227
f 30/252/228 1367/253/229 557/254/230
f 470/195/172 127/255/231 1419/256/232
f 461/216/193 122/257/233 1394/258/234
f 27/227/204 1362/259/235 540/260/236
f 34/197/174 1363/261/237 127/255/231
f 1409/262/238 1531/263/239 481/264/240
f 440/265/241 118/266/242 1415/267/243
f 35/268/244 1373/242/219 129/196/173
f 35/268/244 1368/240/217 577/269/245
f 495/270/246 118/266/242 1517/271/247
f 493/272/248 137/211/188 1409/262/238
f 28/273/204 1377/274/249 556/275/250
f 29/218/195 1377/274/249 122/257/233
f 441/276/251 124/277/252 1405/278/253
f 504/279/254 127/255/231 33/239/216
f 29/218/195 1382/228/205 526/280/255
f 136/166/145 593/281/256 1447/282/257
f 1425/200/177 1519/283/258 505/284/259
f 469/285/260 1883/286/261 1431/287/262
f 1372/288/263 1381/289/264 539/290/265
f 28/273/204 1362/259/235 121/245/204
f 1429/291/266 1536/292/267 519/293/268
f 1420/294/269 1520/295/270 117/296/271
f 30/252/228 1376/297/272 125/298/273
f 31/229/206 1367/253/229 124/277/252
f 1404/299/274 1532/225/202 134/220/197
f 32/232/209 1376/297/272 528/300/275
f 1385/251/227 1372/288/263 576/301/276
f 33/239/216 1363/261/237 558/302/277
f 135/199/176 717/303/278 1519/283/258
f 1884/304/279 735/305/280 1536/292/267
f 1524/306/281 1487/307/282 1883/286/261
f 1505/237/214 1451/308/283 119/238/215
f 133/248/224 594/309/284 1529/234/211
f 133/248/224 629/310/285 1456/311/286
f 118/266/242 664/312/287 1471/313/288
f 1531/263/239 1467/213/190 645/314/289
f 118/266/242 680/315/290 1517/271/247
f 451/316/291 123/217/194 1399/317/292
f 459/318/293 119/238/215 1510/319/294
f 119/238/215 627/320/295 1510/319/294
f 136/166/145 609/321/296 1504/167/146
f 441/276/251 126/207/184 31/229/206
f 480/322/297 124/277/252 30/252/228
f 646/323/298 132/324/299 1461/325/300
f 1461/325/300 1472/326/301 663/327/302
f 504/279/254 128/241/218 1424/328/303
f 518/329/304 128/241/218 35/268/244
f 1488/214/191 1482/330/305 736/331/306
f 117/296/271 716/332/307 1476/333/308
f 427/244/221 122/257/233 28/273/204
f 451/316/291 121/245/204 27/227/204
f 1457/223/200 1446/334/309 595/335/310
f 610/336/311 131/337/312 1452/222/199
f 480/322/297 125/298/273 1410/338/313
f 494/206/183 125/298/273 32/232/209
f 1472/326/301 1466/339/314 681/340/315
f 134/220/197 662/341/316 1513/221/198
f 518/329/304 129/196/173 1430/342/317
f 468/343/318 117/296/271 1525/344/319
f 1525/344/319 1476/333/308 697/345/320
f 1601/346/321 36/347/322 752/348/323
f 1552/349/324 55/350/325 156/351/326
f 139/352/322 777/353/327 38/354/322
f 766/355/328 164/356/329 1562/357/330
f 39/358/322 1566/359/331 756/360/332
f 751/361/333 156/351/326 51/362/334
f 762/363/335 152/364/336 49/365/337
f 776/366/338 159/367/339 1557/368/340
f 38/354/322 1541/369/341 772/370/342
f 1556/371/343 39/358/322 138/372/322
f 1562/357/330 57/373/344 781/374/345
f 1572/375/346 54/376/347 787/377/348
f 1567/378/349 60/379/350 757/380/351
f 781/374/345 158/381/352 1577/382/353
f 1577/382/353 58/383/354 791/384/355
f 1587/385/356 53/386/357 797/387/358
f 140/388/322 786/389/359 1566/359/331
f 791/384/355 165/390/360 1592/391/361
f 1592/391/361 1704/392/362 803/393/363
f 818/394/364 163/395/365 1587/385/356
f 141/396/322 796/397/366 1571/398/367
f 1602/399/368 51/362/334 154/400/369
f 836/401/370 154/400/369 52/402/371
f 842/403/372 160/404/373 48/405/374
f 36/347/322 1546/406/375 139/352/322
f 1617/407/376 52/402/371 162/408/377
f 847/409/378 162/408/377 56/410/379
f 1612/411/380 1701/412/381 160/404/373
f 41/413/322 1596/414/382 143/415/322
f 156/351/326 889/416/383 1631/417/384
f 45/418/385 1647/419/386 147/420/385
f 59/421/387 1641/422/388 164/356/329
f 898/423/389 148/424/390 1657/425/391
f 154/400/369 869/426/392 1681/427/393
f 50/428/394 1626/429/395 894/430/396
f 50/428/394 1636/431/397 159/367/339
f 153/432/398 878/433/399 1626/429/395
f 166/434/400 889/416/383 55/350/325
f 167/435/401 873/436/402 60/379/350
f 54/376/347 1646/437/403 167/435/401
f 57/373/344 1656/438/404 158/381/352
f 1642/439/405 43/440/406 898/423/389
f 155/441/407 903/442/408 54/376/347
f 53/386/357 1651/443/409 155/441/407
f 58/383/354 1671/444/410 165/390/360
f 1657/425/391 46/445/411 908/446/412
f 163/395/365 913/447/413 53/386/357
f 1708/448/414 1666/449/415 163/395/365
f 165/390/360 919/450/416 1704/392/362
f 868/451/417 146/452/385 42/453/385
f 49/365/337 1676/454/418 878/433/399
f 152/364/336 959/455/419 1676/454/418
f 162/408/377 955/456/420 1696/457/421
f 150/458/385 954/459/422 1682/460/423
f 48/405/374 1691/461/424 959/455/419
f 160/404/373 971/462/425 1691/461/424
f 56/410/379 1696/457/421 964/463/426
f 1547/464/427 49/365/337 153/432/398
f 1607/465/428 56/410/379 157/466/429
f 157/466/429 964/463/426 1686/467/430
f 42/453/385 1627/468/431 879/469/432
f 777/353/327 138/372/322 38/354/322
f 1557/368/340 59/421/387 766/355/328
f 159/367/339 884/470/433 59/421/387
f 146/452/385 893/471/434 1627/468/431
f 144/472/322 841/473/435 41/413/322
f 752/348/323 139/352/322 1551/474/436
f 51/362/334 1631/417/384 869/426/392
f 960/475/437 151/476/385 47/477/385
f 787/377/348 167/435/401 1567/378/349
f 801/478/438 161/479/439 1582/480/440
f 1705/481/441 1661/482/442 161/479/439
f 147/420/385 904/483/443 43/440/406
f 757/380/351 166/434/400 1542/484/444
f 776/366/338 153/432/398 50/428/394
f 1632/485/445 44/486/385 146/452/385
f 60/379/350 1621/487/446 166/434/400
f 1606/488/447 1611/489/448 144/472/322
f 846/490/449 144/472/322 1616/491/450
f 151/476/385 965/492/451 1697/493/452
f 1692/494/453 1687/495/454 151/476/385
f 40/496/455 1586/497/456 796/397/366
f 1561/498/457 37/499/322 140/388/322
f 164/356/329 899/500/458 57/373/344
f 46/445/411 1667/501/459 149/502/460
f 767/503/461 140/388/322 39/358/322
f 782/504/462 141/396/322 37/499/322
f 145/505/385 893/471/434 44/486/385
f 45/418/385 1637/506/463 145/505/385
f 1597/507/464 48/405/374 152/364/336
f 42/453/385 1682/460/423 868/451/417
f 1773/508/465 61/509/466 987/510/467
f 1677/511/468 47/477/385 150/458/385
f 142/512/469 819/513/470 1586/497/456
f 1591/514/471 1581/515/472 142/512/469
f 1672/516/473 1662/517/474 920/518/475
f 149/502/460 936/519/476 1662/517/474
f 1607/465/428 1702/520/477 851/521/478
f 837/522/479 143/415/322 1601/346/321
f 52/402/371 1681/427/393 955/456/420
f 157/466/429 969/523/480 1702/520/477
f 797/387/358 155/441/407 1572/375/346
f 1616/491/450 41/413/322 837/522/479
f 47/477/385 1697/493/452 954/459/422
f 148/424/390 914/524/481 46/445/411
f 37/499/322 1571/398/367 786/389/359
f 1542/484/444 55/350/325 771/525/482
f 883/526/483 147/420/385 1642/439/405
f 43/440/406 1652/527/484 148/424/390
f 1582/480/440 1709/528/485 817/529/486
f 1576/530/487 40/496/455 141/396/322
f 158/381/352 909/531/488 58/383/354
f 161/479/439 935/532/489 1709/528/485
f 1551/474/436 38/354/322 772/370/342
f 138/372/322 756/360/332 1541/369/341
f 874/533/490 145/505/385 1622/534/491
f 1622/534/491 44/486/385 888/535/492
f 143/415/322 761/536/493 36/347/322
f 792/537/494 142/512/469 40/496/455
f 908/446/412 149/502/460 1672/516/473
f 879/469/432 150/458/385 42/453/385
f 1724/538/495 80/539/496 186/540/497
f 169/541/466 1012/542/498 63/543/466
f 1001/544/499 194/545/500 1734/546/501
f 64/547/466 1738/548/502 991/549/503
f 986/550/504 186/540/497 76/551/505
f 997/552/506 182/553/507 74/554/508
f 1011/555/509 189/556/510 1729/557/511
f 63/543/466 1713/558/512 1007/559/513
f 1728/560/514 64/547/466 168/561/466
f 1734/546/501 82/562/515 1016/563/516
f 1744/564/517 79/565/518 1022/566/519
f 1739/567/520 86/568/521 992/569/522
f 1016/563/516 188/570/523 1749/571/524
f 1749/571/524 83/572/525 1026/573/526
f 1759/574/527 78/575/528 1032/576/529
f 170/577/466 1021/578/530 1738/548/502
f 1026/573/526 195/579/531 1764/580/532
f 1764/580/532 1876/581/533 1038/582/534
f 1054/583/535 193/584/536 1759/574/527
f 171/585/537 1031/586/538 1743/587/539
f 1774/588/540 76/551/505 184/589/541
f 1059/590/542 184/589/541 77/591/543
f 1065/592/544 190/593/545 73/594/546
f 61/509/466 1718/595/547 169/541/466
f 1789/596/548 77/591/543 192/597/549
f 1070/598/550 192/597/549 81/599/551
f 1784/600/552 1873/601/553 190/593/545
f 66/602/466 1768/603/554 173/604/466
f 186/540/497 1113/605/555 1803/606/556
f 70/607/557 1819/608/558 177/609/557
f 84/610/559 1813/611/560 194/545/500
f 1122/612/561 178/613/562 1829/614/563
f 184/589/541 1093/615/564 1853/616/565
f 75/617/566 1798/618/567 1118/619/568
f 75/617/566 1808/620/569 189/556/510
f 183/621/570 1102/622/571 1798/618/567
f 196/623/572 1113/605/555 80/539/496
f 197/624/573 1097/625/574 86/568/521
f 79/565/518 1818/626/575 197/624/573
f 82/562/515 1828/627/576 188/570/523
f 1814/628/577 68/629/578 1122/612/561
f 185/630/579 1127/631/580 79/565/518
f 78/575/528 1823/632/581 185/630/579
f 83/572/525 1843/633/582 195/579/531
f 1829/614/563 71/634/583 1132/635/584
f 193/584/536 1137/636/585 78/575/528
f 85/637/586 1838/638/587 193/584/536
f 195/579/531 1143/639/588 1876/581/533
f 1092/640/589 176/641/557 67/642/557
f 74/554/508 1848/643/590 1102/622/571
f 182/553/507 1169/644/591 1848/643/590
f 192/597/549 1165/645/592 1868/646/593
f 180/647/557 1164/648/594 1854/649/595
f 73/594/546 1863/650/596 1169/644/591
f 190/593/545 1181/651/597 1863/650/596
f 81/599/551 1868/646/593 1174/652/598
f 1719/653/599 74/554/508 183/621/570
f 1779/654/600 81/599/551 187/655/601
f 187/655/601 1174/652/598 1858/656/602
f 67/642/557 1799/657/603 1103/658/604
f 1012/542/498 168/561/466 63/543/466
f 1729/557/511 84/610/559 1001/544/499
f 189/556/510 1108/659/605 84/610/559
f 176/641/557 1117/660/606 1799/657/603
f 174/661/466 1064/662/607 66/602/466
f 987/510/467 169/541/466 1723/663/608
f 76/551/505 1803/606/556 1093/615/564
f 1170/664/609 181/665/557 72/666/557
f 1022/566/519 197/624/573 1739/567/520
f 1754/667/610 1877/668/611 191/669/612
f 191/669/612 1142/670/613 1833/671/614
f 177/609/557 1128/672/615 68/629/578
f 992/569/522 196/623/572 1714/673/616
f 1011/555/509 183/621/570 75/617/566
f 1804/674/617 69/675/557 176/641/557
f 86/568/521 1793/676/618 196/623/572
f 1778/677/619 1783/678/620 174/661/466
f 1069/679/621 174/661/466 1788/680/622
f 181/665/557 1175/681/623 1869/682/624
f 1864/683/625 1859/684/626 181/665/557
f 65/685/627 1758/686/628 1031/586/538
f 1733/687/629 62/688/630 170/577/466
f 194/545/500 1123/689/631 82/562/515
f 71/634/583 1839/690/632 179/691/633
f 1002/692/634 170/577/466 64/547/466
f 1017/693/635 171/585/537 62/688/630
f 175/694/557 1117/660/606 69/675/557
f 70/607/557 1809/695/636 175/694/557
f 1769/696/637 73/594/546 182/553/507
f 67/642/557 1854/649/595 1092/640/589
f 1849/697/638 72/666/557 180/647/557
f 172/698/639 1055/699/640 1758/686/628
f 1763/700/641 1753/701/642 172/698/639
f 1844/702/643 1834/703/644 1144/704/645
f 179/691/633 1159/705/646 1834/703/644
f 1779/654/600 1874/706/647 1074/707/648
f 1060/708/649 173/604/466 1773/508/465
f 77/591/543 1853/616/565 1165/645/592
f 187/655/601 1179/709/650 1874/706/647
f 1032/576/529 185/630/579 1744/564/517
f 1788/680/622 66/602/466 1060/708/649
f 72/666/557 1869/682/624 1164/648/594
f 178/613/562 1138/710/651 71/634/583
f 62/688/630 1743/587/539 1021/578/530
f 1714/673/616 80/539/496 1006/711/652
f 1107/712/653 177/609/557 1814/628/577
f 68/629/578 1824/713/654 178/613/562
f 1754/667/610 85/637/586 1054/583/535
f 1748/714/655 65/685/627 171/585/537
f 188/570/523 1133/715/656 83/572/525
f 191/669/612 1160/716/657 85/637/586
f 1723/663/608 63/543/466 1007/559/513
f 168/561/466 991/549/503 1713/558/512
f 1098/717/658 175/694/557 1794/718/659
f 1794/718/659 69/675/557 1112/719/660
f 173/604/466 996/720/661 61/509/466
f 1027/721/662 172/698/639 65/685/627
f 1132/635/584 179/691/633 1844/702/643
f 1103/658/604 180/647/557 67/642/557
f 201/722/663 203/723/664 198/724/665
f 202/725/666 204/726/667 201/722/663
f 204/726/667 212/727/668 203/723/664
f 204/726/667 205/728/669 215/729/670
f 199/730/671 209/731/672 208/732/673
f 206/733/674 210/734/675 209/735/672
f 208/732/673 205/736/676 202/737/677
f 209/735/678 215/738/679 205/728/680
f 200/739/681 214/740/682 213/741/683
f 212/727/684 214/740/682 211/742/685
f 214/740/682 207/743/686 213/741/683
f 214/740/682 215/738/687 210/734/688
f 266/744/689 271/745/690 279/746/691
f 269/747/692 272/748/693 271/745/690
f 279/746/691 271/745/690 282/749/694
f 271/745/690 273/750/695 282/749/694
f 274/751/696 276/752/697 267/753/698
f 275/754/699 277/755/700 274/751/696
f 277/755/700 270/756/701 276/752/697
f 278/757/702 272/748/693 277/755/700
f 268/48/43 281/758/703 280/759/704
f 279/760/705 282/749/706 281/761/703
f 280/762/704 278/757/707 275/754/708
f 281/761/703 273/750/709 278/757/707
f 303/178/157 308/763/710 307/764/711
f 306/765/712 309/766/713 308/763/710
f 307/764/711 320/767/714 317/768/715
f 308/763/710 310/769/716 320/767/714
f 304/770/717 314/771/718 313/772/719
f 311/773/720 315/774/721 314/775/718
f 313/776/719 314/775/718 309/766/722
f 314/775/718 310/769/723 309/766/722
f 316/777/724 318/778/725 305/779/726
f 317/768/715 319/780/727 316/777/724
f 319/780/727 312/781/728 318/778/725
f 320/767/714 315/774/729 319/780/727
f 371/782/121 376/783/730 375/784/731
f 374/785/732 377/786/733 376/783/730
f 375/784/731 387/787/734 384/788/735
f 376/783/730 378/789/736 387/787/734
f 372/105/96 381/790/737 374/791/738
f 379/792/739 382/793/740 381/790/737
f 374/791/738 381/790/737 377/786/741
f 381/790/737 378/789/742 377/786/741
f 383/794/743 385/795/744 373/175/154
f 384/788/735 386/796/745 383/794/743
f 386/796/745 380/797/746 385/795/744
f 387/787/747 382/793/740 386/796/745
f 408/180/159 413/798/748 421/799/749
f 411/800/750 414/801/751 413/802/748
f 421/803/749 413/802/748 424/804/752
f 413/802/748 415/805/753 424/804/754
f 416/806/755 418/807/756 409/808/757
f 417/809/758 419/810/759 416/806/755
f 419/810/759 412/811/760 418/807/756
f 420/812/761 414/801/762 419/810/759
f 410/117/105 423/813/763 422/814/764
f 421/815/765 424/804/766 423/813/763
f 422/814/764 420/812/761 417/809/758
f 423/813/763 415/805/767 420/812/761
f 428/816/768 430/817/769 425/165/144
f 428/816/768 429/818/770 431/819/771
f 430/817/769 431/819/771 438/820/772
f 432/821/773 434/822/774 426/823/775
f 433/824/776 435/825/777 432/821/778
f 435/825/777 429/818/770 434/822/774
f 435/825/777 438/826/772 431/827/771
f 436/828/779 438/829/772 437/830/780
f 437/830/780 433/824/776 436/831/779
f 439/219/196 442/832/781 443/833/782
f 442/832/783 446/834/784 443/835/785
f 443/835/786 1888/836/786 445/837/786
f 443/838/785 444/839/787 1888/840/788
f 440/265/241 447/841/789 446/842/790
f 447/843/791 445/844/792 1888/840/793
f 446/842/784 447/841/794 443/838/785
f 450/845/795 453/846/796 454/847/797
f 453/848/798 1882/849/798 1891/850/798
f 452/235/212 457/851/799 458/852/800
f 457/851/801 453/853/802 458/854/803
f 1891/850/804 456/855/805 458/854/806
f 459/318/807 462/856/808 463/857/809
f 463/858/809 464/859/810 1889/860/811
f 460/861/812 465/862/812 462/863/813
f 465/864/814 1889/865/815 464/859/816
f 462/863/808 465/862/817 463/866/809
f 468/343/818 471/867/819 472/868/820
f 472/869/821 473/870/822 477/871/822
f 469/285/823 474/872/823 471/873/824
f 474/874/825 475/875/826 477/876/826
f 471/873/819 474/872/827 472/869/820
f 474/872/827 473/870/828 472/869/820
f 476/877/829 478/878/830 470/195/831
f 482/879/832 483/880/833 479/881/834
f 482/879/832 485/882/835 484/883/836
f 483/880/833 484/884/836 490/885/837
f 486/886/838 488/887/839 487/888/840
f 487/889/840 488/887/839 485/890/835
f 489/891/841 491/892/842 481/264/240
f 490/885/837 492/893/843 489/891/841
f 492/893/843 486/886/838 491/892/844
f 492/893/843 484/884/836 485/894/835
f 493/272/248 496/895/845 497/896/846
f 496/897/847 1890/898/848 498/899/849
f 495/270/246 501/900/850 502/901/851
f 501/900/852 496/902/847 502/903/853
f 502/903/854 1890/898/854 500/904/854
f 502/903/853 498/905/849 1890/898/848
f 506/906/855 507/907/856 503/908/857
f 506/906/855 509/909/858 508/910/859
f 507/907/856 508/911/859 514/912/860
f 511/913/861 512/914/862 510/915/863
f 510/916/864 512/914/865 509/917/865
f 513/918/866 515/919/867 505/284/259
f 514/912/860 516/920/868 513/918/866
f 516/920/868 511/913/861 515/919/867
f 516/920/868 508/911/859 509/921/858
f 517/198/175 521/922/869 520/923/870
f 521/924/871 1880/925/872 1881/926/873
f 520/923/870 521/927/869 525/928/874
f 519/293/268 524/929/875 521/930/876
f 524/929/877 525/928/877 521/931/877
f 1881/932/878 522/933/879 521/931/880
f 529/934/881 531/935/882 526/280/255
f 535/936/883 537/937/884 528/300/275
f 538/243/220 544/938/885 543/939/886
f 542/940/887 544/941/885 541/942/888
f 544/938/885 552/943/889 543/939/886
f 544/938/885 545/944/890 555/945/891
f 539/290/265 549/946/892 548/947/893
f 546/948/894 550/949/895 549/950/892
f 548/947/893 545/951/896 542/940/897
f 549/946/898 555/952/899 545/951/900
f 551/953/901 553/954/902 540/260/236
f 552/943/889 554/955/903 551/953/901
f 554/955/903 547/956/904 553/954/902
f 554/955/903 555/957/905 550/949/906
f 559/958/907 561/959/908 556/275/250
f 560/960/909 562/961/910 559/958/907
f 562/961/910 571/962/911 561/959/908
f 562/961/910 564/963/912 574/964/913
f 565/965/914 567/966/915 557/254/230
f 566/967/916 568/968/917 565/965/914
f 568/968/917 560/960/909 567/966/915
f 568/968/917 564/963/912 563/969/918
f 558/302/277 573/970/919 572/971/920
f 570/972/921 574/964/913 573/970/919
f 572/971/920 569/973/922 566/967/916
f 573/970/919 564/963/912 569/973/922
f 578/974/923 580/975/924 575/231/208
f 579/976/925 581/977/926 578/974/923
f 581/977/926 589/978/927 580/975/924
f 581/977/926 582/979/928 592/980/929
f 576/301/276 586/981/930 585/982/931
f 583/983/932 587/984/933 586/981/930
f 585/985/931 582/979/934 579/976/935
f 586/981/936 592/986/937 582/987/938
f 577/269/245 591/988/939 590/989/940
f 588/990/941 592/980/942 591/988/939
f 591/988/939 584/991/943 590/989/940
f 591/988/939 592/992/942 587/993/944
f 593/281/256 599/994/945 598/995/946
f 596/996/947 597/997/948 599/994/945
f 598/995/946 608/998/949 605/999/950
f 599/1000/951 600/1001/952 608/998/953
f 594/309/284 599/1002/954 603/1003/955
f 601/1004/956 608/1005/957 599/1002/954
f 603/1003/955 599/1000/954 597/997/958
f 604/1006/959 606/1007/960 595/1008/310
f 605/999/950 607/1009/961 604/1006/959
f 607/1009/962 602/1010/963 606/1007/960
f 612/1011/964 614/1012/965 609/321/296
f 613/1013/966 615/1014/967 612/1011/964
f 615/1014/967 623/1015/968 614/1012/965
f 615/1014/967 616/1016/969 626/1017/970
f 617/1018/971 619/1019/972 610/1020/311
f 618/1021/973 620/1022/974 617/1018/971
f 620/1022/974 613/1013/966 619/1019/972
f 620/1022/974 621/1023/975 616/1024/969
f 622/1025/976 624/1026/977 611/1027/978
f 623/1015/968 625/1028/979 622/1025/976
f 625/1028/979 618/1021/973 624/1026/977
f 626/1017/970 621/1023/975 625/1028/979
f 627/320/295 633/1029/980 632/1030/981
f 630/1031/982 634/1032/983 633/1029/980
f 632/1030/984 633/1033/984 641/1034/984
f 633/1029/980 634/1032/983 635/1035/985
f 636/1036/986 638/1037/987 628/1038/201
f 637/1039/988 639/1040/989 636/1036/986
f 639/1040/990 631/1041/991 638/1037/987
f 629/310/285 643/1042/992 642/1043/993
f 641/1034/994 643/1042/995 640/1044/996
f 642/1043/993 634/1045/997 637/1039/988
f 643/1042/995 635/1035/998 634/1045/997
f 647/1046/999 649/1047/1000 644/1048/1001
f 648/1049/1002 650/1050/1003 647/1046/999
f 650/1050/1003 658/1051/1004 649/1047/1000
f 650/1050/1003 651/1052/1005 661/1053/1006
f 652/1054/1007 654/1055/1008 645/314/289
f 653/1056/1009 655/1057/1010 652/1054/1007
f 655/1057/1010 648/1049/1002 654/1055/1008
f 655/1057/1010 656/1058/1011 651/1059/1005
f 657/1060/1012 659/1061/1013 646/1062/298
f 658/1051/1004 660/1063/1014 657/1060/1012
f 660/1063/1014 653/1056/1009 659/1061/1013
f 661/1053/1006 656/1058/1011 660/1063/1014
f 662/341/316 668/1064/1015 667/1065/1016
f 665/1066/1017 674/1067/1018 668/1064/1019
f 667/1065/1020 668/1068/1021 676/1069/1022
f 668/1064/1023 674/1067/1023 669/1070/1023
f 670/1071/1024 672/1072/1025 663/1073/302
f 671/1074/1026 673/1075/1027 670/1071/1024
f 673/1075/1028 666/1076/1029 672/1072/1025
f 664/312/287 678/1077/1030 677/1078/1031
f 676/1069/1032 678/1077/1033 675/1079/1034
f 677/1078/1031 674/1080/1035 671/1074/1026
f 678/1077/1033 669/1070/1036 674/1080/1037
f 679/212/189 684/1081/1038 683/1082/1039
f 682/1083/1040 685/1084/1041 684/1081/1038
f 683/1082/1039 696/1085/1042 693/1086/1043
f 684/1081/1038 686/1087/1044 696/1085/1042
f 680/315/290 690/1088/1045 689/1089/1046
f 687/1090/1047 691/1091/1048 690/1088/1045
f 689/1089/1049 685/1084/1050 682/1083/1051
f 690/1088/1045 686/1087/1044 685/1084/1050
f 692/1092/1052 694/1093/1053 681/1094/315
f 693/1086/1043 695/1095/1054 692/1092/1052
f 695/1095/1054 688/1096/1055 694/1093/1053
f 696/1085/1042 691/1091/1048 695/1095/1054
f 697/345/320 703/1097/1056 702/1098/1057
f 700/1099/1058 704/1100/1059 703/1097/1056
f 702/1098/1057 715/1101/1060 712/1102/1061
f 703/1097/1056 705/1103/1062 715/1101/1060
f 706/1104/1063 708/1105/1064 698/1106/192
f 707/1107/1065 709/1108/1066 706/1104/1063
f 709/1108/1066 701/1109/1067 708/1105/1064
f 710/1110/1068 704/1100/1069 709/1108/1066
f 699/1111/1070 714/1112/1071 713/1113/1072
f 712/1102/1073 714/1112/1071 711/1114/1074
f 713/1113/1072 710/1110/1068 707/1107/1065
f 714/1112/1071 705/1103/1075 710/1110/1068
f 719/1115/1076 721/1116/1077 716/332/307
f 720/1117/1078 722/1118/1079 719/1115/1076
f 722/1118/1079 730/1119/1080 721/1116/1077
f 722/1118/1079 723/1120/1081 733/1121/1082
f 724/1122/1083 726/1123/1084 717/303/278
f 725/1124/1085 727/1125/1086 724/1122/1083
f 727/1125/1086 720/1117/1078 726/1123/1084
f 728/1126/1087 723/1120/1081 727/1125/1086
f 729/1127/1088 731/1128/1089 718/1129/180
f 730/1119/1080 732/1130/1090 729/1127/1088
f 732/1130/1090 725/1124/1085 731/1128/1089
f 732/1130/1090 733/1131/1082 728/1126/1087
f 734/1132/1091 740/1133/1092 739/1134/1093
f 738/1135/1094 740/1133/1092 737/1136/1095
f 739/1134/1093 750/1137/1096 747/1138/1097
f 740/1133/1092 742/1139/1098 750/1137/1096
f 735/305/1099 742/1140/1100 745/1141/1101
f 745/1141/1101 741/1142/1102 738/1135/1103
f 746/1143/1104 748/1144/1105 736/1145/306
f 747/1138/1097 749/1146/1106 746/1143/1104
f 749/1146/1106 744/1147/1107 748/1144/1105
f 750/1137/1108 743/1148/1109 749/1146/1106
f 801/478/438 807/1149/1110 806/1150/1111
f 804/1151/1112 808/1152/1113 807/1149/1110
f 806/1150/1114 803/1153/1115 814/1154/1116
f 807/1149/1110 809/1155/1117 803/1153/1115
f 810/1156/1118 812/1157/1119 802/1158/1120
f 811/1159/1121 813/1160/1122 810/1156/1118
f 813/1160/1122 805/1161/1123 812/1157/1119
f 815/1162/1124 808/1152/1125 813/1160/1122
f 803/393/363 816/1163/1126 815/1164/1127
f 814/1165/1128 803/1166/1129 816/1163/1129
f 816/1167/1130 809/1155/1117 815/1162/1124
f 820/1168/1131 822/1169/1132 817/529/486
f 821/1170/1133 823/1171/1134 820/1168/1131
f 823/1171/1134 832/1172/1135 822/1169/1132
f 824/1173/1136 835/1174/1137 823/1171/1134
f 818/1175/364 829/1176/1138 828/1177/1139
f 826/1178/1140 830/1179/1141 829/1176/1138
f 828/1177/1139 824/1173/1136 821/1170/1133
f 829/1176/1138 825/1180/1142 824/1173/1136
f 819/513/470 834/1181/1143 833/1182/1144
f 831/1183/1145 835/1174/1137 834/1181/1143
f 833/1182/1144 830/1179/1141 827/1184/1146
f 834/1181/1143 825/1180/1142 830/1179/1141
f 851/1185/478 856/1186/1147 855/1187/1148
f 854/1188/1149 857/1189/1150 856/1186/1147
f 855/1187/1148 867/1190/1151 864/1191/1152
f 856/1186/1147 858/1192/1153 867/1190/1151
f 852/1193/1154 861/1194/1155 854/1195/1156
f 859/1196/1157 862/1197/1158 861/1194/1155
f 854/1195/1156 861/1194/1155 857/1198/1159
f 861/1194/1155 858/1199/1160 857/1198/1161
f 863/1200/1162 865/1201/1163 853/1202/1164
f 864/1191/1152 866/1203/1165 863/1200/1162
f 866/1203/1165 860/1204/1166 865/1201/1163
f 867/1190/1151 862/1205/1167 866/1203/1165
f 918/1206/1168 922/1207/1169 921/1208/1170
f 927/1209/1171 923/1210/1172 922/1207/1169
f 921/1208/1170 934/1211/1173 931/1212/1174
f 922/1207/1175 924/1213/1176 934/1211/1177
f 919/450/416 928/1214/1178 927/1215/1179
f 925/1216/1180 929/1217/1181 928/1218/1178
f 927/1219/1179 928/1218/1178 923/1210/1182
f 928/1218/1178 924/1213/1183 923/1210/1182
f 930/1220/1184 932/1221/1185 920/1222/475
f 931/1212/1186 933/1223/1187 930/1220/1184
f 933/1223/1187 926/1224/1188 932/1221/1185
f 934/1211/1189 929/1217/1181 933/1223/1187
f 935/532/489 941/1225/1190 940/1226/1191
f 938/1227/1192 942/1228/1193 941/1225/1190
f 940/1226/1191 953/1229/1194 950/1230/1195
f 941/1225/1190 943/1231/1196 953/1229/1194
f 936/1232/476 947/1233/1197 946/1234/1198
f 944/1235/1199 948/1236/1200 947/1237/1197
f 946/1234/1198 942/1228/1193 939/1238/1201
f 947/1233/1197 943/1231/1196 942/1228/1193
f 949/1239/1202 951/1240/1203 937/1241/1204
f 950/1230/1195 952/1242/1205 949/1243/1202
f 952/1244/1205 945/1245/1206 951/1240/1203
f 953/1229/1194 948/1246/1200 952/1242/1205
f 969/523/480 974/1247/1207 982/1248/1208
f 972/1249/1209 975/1250/1210 974/1247/1207
f 982/1248/1208 974/1247/1207 985/1251/1211
f 974/1247/1207 976/1252/1212 985/1251/1213
f 977/1253/1214 979/1254/1215 970/1255/1216
f 978/1256/1217 980/1257/1218 977/1253/1214
f 980/1257/1218 973/1258/1219 979/1254/1215
f 981/1259/1220 975/1250/1221 980/1257/1218
f 971/462/425 984/1260/1222 983/1261/1223
f 982/1262/1224 985/1251/1225 984/1260/1222
f 983/1261/1223 981/1259/1220 978/1256/1217
f 984/1260/1222 976/1252/1226 981/1259/1220
f 1036/1263/1227 1042/1264/1228 1041/1265/1229
f 1039/1266/1230 1043/1267/1231 1042/1264/1228
f 1041/1265/1229 1042/1264/1228 1053/1268/1232
f 1042/1264/1228 1044/1269/1233 1053/1268/1232
f 1045/1270/1234 1047/1271/1235 1037/1272/1236
f 1046/1273/1237 1048/1274/1238 1045/1270/1234
f 1048/1274/1238 1040/1275/1239 1047/1271/1235
f 1049/1276/1240 1043/1267/1231 1048/1274/1238
f 1038/1277/534 1052/1278/1241 1051/1279/1242
f 1050/1280/1243 1053/1268/1244 1052/1278/1241
f 1051/1279/1242 1049/1276/1245 1046/1273/1246
f 1052/1278/1241 1044/1269/1247 1049/1276/1245
f 1074/1281/648 1079/1282/1248 1078/1283/1249
f 1077/1284/1250 1080/1285/1251 1079/1282/1248
f 1078/1283/1249 1091/1286/1252 1088/1287/1253
f 1079/1282/1248 1081/1288/1254 1091/1286/1252
f 1075/1289/1255 1085/1290/1256 1084/1291/1257
f 1082/1292/1258 1086/1293/1259 1085/1294/1256
f 1084/1295/1260 1080/1285/1261 1077/1284/1262
f 1085/1294/1256 1081/1288/1263 1080/1285/1261
f 1087/1296/1264 1089/1297/1265 1076/1298/1266
f 1088/1287/1253 1090/1299/1267 1087/1296/1264
f 1090/1299/1267 1083/1300/1268 1089/1297/1265
f 1091/1286/1252 1086/1293/1269 1090/1299/1267
f 1142/670/613 1147/1301/1270 1146/1302/1271
f 1145/1303/1272 1148/1304/1273 1147/1301/1270
f 1146/1302/1271 1158/1305/1274 1155/1306/1275
f 1147/1301/1270 1149/1307/1276 1158/1305/1274
f 1143/639/588 1152/1308/1277 1145/1309/1278
f 1150/1310/1279 1153/1311/1280 1152/1308/1277
f 1145/1309/1278 1152/1308/1277 1148/1304/1281
f 1152/1308/1277 1149/1307/1282 1148/1304/1283
f 1154/1312/1284 1156/1313/1285 1144/704/645
f 1155/1306/1275 1157/1314/1286 1154/1312/1284
f 1157/1314/1286 1151/1315/1287 1156/1313/1285
f 1158/1305/1288 1153/1311/1280 1157/1314/1286
f 1179/709/650 1184/1316/1289 1192/1317/1290
f 1182/1318/1291 1185/1319/1292 1184/1316/1289
f 1192/1317/1290 1184/1316/1289 1195/1320/1293
f 1184/1316/1289 1186/1321/1294 1195/1320/1295
f 1187/1322/1296 1189/1323/1297 1180/1324/1298
f 1188/1325/1299 1190/1326/1300 1187/1322/1296
f 1190/1326/1300 1183/1327/1301 1189/1323/1297
f 1191/1328/1302 1185/1319/1303 1190/1326/1300
f 1181/651/597 1194/1329/1304 1193/1330/1305
f 1192/1331/1306 1195/1320/1307 1194/1329/1304
f 1193/1330/1305 1191/1328/1302 1188/1325/1299
f 1194/1329/1304 1186/1321/1308 1191/1328/1302
f 1432/1332/1309 1434/1333/1310 1429/291/266
f 1433/1334/1311 1435/1335/1312 1432/1332/1309
f 1434/1333/1310 1445/1336/1313 1442/1337/1314
f 1436/1338/1315 1445/1336/1313 1435/1335/1312
f 1430/342/317 1437/1339/1316 1439/1340/1317
f 1437/1341/1316 1438/1342/1318 1440/1343/1319
f 1439/1340/1317 1436/1338/1320 1433/1334/1311
f 1437/1339/1316 1440/1344/1319 1436/1338/1320
f 1441/1345/1321 1443/1346/1322 1431/287/262
f 1442/1337/1314 1444/1347/1323 1441/1345/1321
f 1444/1347/1323 1438/1342/1318 1443/1346/1322
f 1444/1347/1323 1445/1336/1313 1440/1343/1324
f 1489/1348/1325 1491/1349/1326 1486/1350/1327
f 1490/1351/1328 1492/1352/1329 1489/1348/1325
f 1492/1352/1329 1500/1353/1330 1491/1349/1326
f 1492/1352/1329 1493/1354/1331 1503/1355/1332
f 1494/1356/1333 1496/1357/1334 1487/307/282
f 1495/1358/1335 1497/1359/1336 1494/1356/1333
f 1496/1357/1334 1493/1360/1331 1490/1351/1328
f 1497/1359/1336 1498/1361/1337 1493/1360/1331
f 1499/1362/1338 1501/1363/1339 1488/1364/191
f 1499/1362/1338 1503/1355/1340 1502/1365/1341
f 1501/1363/1339 1498/1361/1337 1495/1358/1335
f 1503/1355/1332 1498/1361/1337 1502/1365/1341
f 237/25/22 1198/1366/1342 240/1367/1343
f 240/1367/1343 1199/1368/1344 239/1369/1345
f 239/1369/1346 1200/1370/1347 238/1371/1348
f 1200/1372/1347 236/182/161 238/1373/1348
f 1196/24/21 223/1374/1349 1198/1366/1342
f 1198/1366/1342 224/1375/1350 1199/1368/1344
f 1199/1368/1351 225/1376/1352 1200/1370/1347
f 225/1377/1352 1197/141/124 1200/1372/1347
f 1201/61/56 245/1378/1353 242/8/7
f 1203/1379/1354 244/1380/1355 245/1378/1353
f 1204/1381/1356 243/1382/1357 244/1380/1358
f 243/1383/1357 1202/119/107 241/21/18
f 226/193/170 1203/1379/1354 1201/61/56
f 228/1384/1359 1204/1381/1360 1203/1379/1354
f 229/1385/1361 1205/1386/1362 1204/1381/1356
f 1205/1387/1362 227/18/15 1202/119/107
f 1206/131/116 220/1388/1363 217/3/3
f 1208/1389/1364 219/1390/1365 220/1388/1363
f 1209/1391/1366 218/1392/1367 219/1390/1368
f 218/1393/1367 1207/4/4 216/16/13
f 237/25/22 1208/1389/1364 1206/131/116
f 240/1367/1343 1209/1391/1369 1208/1389/1364
f 239/1369/1346 1210/1394/1370 1209/1391/1366
f 1210/1395/1370 236/182/161 1207/4/4
f 232/160/140 1213/1396/1371 235/1397/1372
f 235/1397/1372 1214/1398/1373 234/1399/1374
f 234/1399/1375 1215/1400/1376 233/1401/1377
f 1215/1402/1376 231/10/8 233/1403/1377
f 1211/26/23 245/1378/1353 1213/1396/1371
f 1213/1396/1371 244/1380/1355 1214/1398/1373
f 1214/1398/1378 243/1382/1357 1215/1400/1376
f 243/1383/1357 1212/23/20 1215/1402/1376
f 247/161/141 1218/1404/1379 250/1405/1380
f 250/1405/1380 1219/1406/1381 249/1407/1382
f 249/1407/1383 1220/1408/1384 248/1409/1385
f 1220/1410/1384 246/29/25 248/1411/1385
f 1216/155/136 235/1397/1372 1218/1404/1379
f 1218/1404/1379 234/1399/1374 1219/1406/1381
f 1219/1406/1386 233/1401/1377 1220/1408/1384
f 233/1403/1377 1217/12/10 1220/1410/1384
f 221/15/12 1223/1412/1387 223/1374/1349
f 223/1374/1349 1224/1413/1388 224/1375/1350
f 224/1375/1389 1225/1414/1390 225/1376/1352
f 1225/1415/1390 222/35/31 225/1377/1352
f 1221/14/11 253/1416/1391 1223/1412/1387
f 1223/1412/1387 254/1417/1392 1224/1413/1388
f 1224/1413/1393 255/1418/1394 1225/1414/1390
f 255/1419/1394 1222/33/29 1225/1415/1390
f 251/44/39 1228/1420/1395 253/1416/1391
f 253/1416/1391 1229/1421/1396 254/1417/1392
f 254/1417/1397 1230/1422/1398 255/1418/1394
f 1230/1423/1398 252/32/28 255/1419/1394
f 1226/53/48 263/1424/1399 1228/1420/1395
f 1228/1420/1395 264/1425/1400 1229/1421/1396
f 1229/1421/1401 265/1426/1402 1230/1422/1398
f 265/1427/1402 1227/30/26 1230/1423/1398
f 257/194/171 1233/1428/1403 260/1429/1404
f 260/1429/1404 1234/1430/1405 259/1431/1406
f 259/1431/1407 1235/1432/1408 258/1433/1409
f 1235/1434/1408 256/39/35 258/1435/1409
f 1231/186/164 250/1405/1380 1233/1428/1403
f 1233/1428/1403 249/1407/1382 1234/1430/1405
f 1234/1430/1410 248/1409/1385 1235/1432/1408
f 248/1411/1385 1232/37/33 1235/1434/1408
f 1236/172/151 287/1436/1411 284/170/149
f 1238/1437/1412 286/1438/1413 287/1436/1411
f 1239/1439/1414 285/1440/1415 286/1438/1413
f 1240/1441/1416 283/49/44 285/1442/1415
f 267/753/698 1238/1437/1412 1236/172/151
f 276/752/697 1239/1439/1414 1238/1437/1412
f 270/756/701 1240/1443/1416 1239/1439/1414
f 269/747/692 1237/135/118 1240/1443/1416
f 261/52/47 1243/1444/1417 263/1424/1399
f 263/1424/1399 1244/1445/1418 264/1425/1400
f 264/1425/1419 1245/1446/1420 265/1426/1402
f 265/1427/1402 1242/40/36 262/42/38
f 1241/154/135 287/1436/1411 1243/1444/1417
f 1243/1444/1421 286/1438/1413 1244/1445/1418
f 1244/1445/1422 285/1440/1415 1245/1446/1420
f 285/1442/1415 1242/40/36 1245/1447/1420
f 267/753/698 1248/1448/1423 274/751/696
f 274/751/696 1249/1449/1424 275/754/699
f 275/754/708 1250/1450/1425 280/762/704
f 280/759/704 1247/46/41 268/48/43
f 1246/171/150 260/1429/1404 1248/1448/1423
f 1248/1448/1423 259/1431/1406 1249/1449/1424
f 1249/1449/1426 258/1433/1409 1250/1450/1425
f 1250/1451/1425 256/39/35 1247/46/41
f 1251/69/63 228/1384/1359 226/193/170
f 1253/1452/1427 229/1385/1428 228/1384/1359
f 1254/1453/1429 230/1454/1430 229/1385/1361
f 230/1455/1430 1252/164/143 227/18/15
f 293/130/115 1253/1452/1427 1251/69/63
f 295/1456/1431 1254/1453/1432 1253/1452/1427
f 296/1457/1433 1255/1458/1434 1254/1453/1429
f 1255/1459/1434 294/58/53 1252/164/143
f 1256/1/1 292/1460/1435 289/179/158
f 1258/1461/1436 291/1462/1437 292/1460/1435
f 1259/1463/1438 290/1464/1439 291/1462/1440
f 290/1464/1439 1257/1465/49 288/1466/51
f 217/3/3 1258/1461/1436 1256/1/1
f 220/1388/1363 1259/1463/1441 1258/1461/1436
f 219/1390/1368 1260/1467/1442 1259/1463/1438
f 1260/1467/1442 216/1468/13 1257/1465/49
f 305/779/726 1263/1469/1443 316/777/724
f 316/777/724 1264/1470/1444 317/768/715
f 317/768/715 1265/1471/1445 307/764/711
f 307/764/711 1262/120/108 303/178/157
f 1261/145/127 300/1472/1446 1263/1469/1443
f 1263/1469/1443 301/1473/1447 1264/1470/1444
f 1264/1470/1444 302/1474/1448 1265/1471/1445
f 1265/1471/1445 299/1475/59 1262/120/108
f 1266/146/128 295/1456/1431 293/130/115
f 1268/1476/1449 296/1457/1450 295/1456/1431
f 1269/1477/1451 297/1478/1452 296/1457/1433
f 1270/1479/1453 294/58/53 297/1480/1452
f 305/779/726 1268/1476/1449 1266/146/128
f 318/778/725 1269/1477/1454 1268/1476/1449
f 312/781/1455 1270/1481/1453 1269/1477/1451
f 311/1482/720 1267/66/61 1270/1479/1453
f 1271/148/130 300/1472/1446 298/147/129
f 1273/1483/1456 301/1473/1447 300/1472/1446
f 1274/1484/1457 302/1474/1448 301/1473/1447
f 302/1474/1448 1272/1485/57 299/1475/59
f 289/179/158 1273/1483/1456 1271/148/130
f 292/1460/1435 1274/1484/1458 1273/1483/1456
f 291/1462/1440 1275/1486/1459 1274/1484/1457
f 290/1464/1439 1272/1485/57 1275/1486/1459
f 1276/144/126 345/1487/1460 342/71/64
f 1278/1488/1461 344/1489/1462 345/1487/1460
f 1279/1490/1463 343/1491/1464 344/1489/1462
f 1280/1492/1465 341/192/169 343/1491/1464
f 326/91/83 1278/1488/1461 1276/144/126
f 328/1493/1466 1279/1490/1463 1278/1488/1461
f 329/1494/1467 1280/1492/1465 1279/1490/1463
f 330/1495/1468 1277/191/168 1280/1492/1465
f 347/85/77 1283/1496/1469 350/1497/1470
f 350/1497/1470 1284/1498/1471 349/1499/1472
f 349/1499/1472 1285/1500/1473 348/1501/1474
f 348/1501/1474 1282/125/111 346/128/114
f 1281/84/76 333/1502/1475 1283/1496/1469
f 1283/1496/1469 334/1503/1476 1284/1498/1471
f 1284/1498/1471 335/1504/1477 1285/1500/1473
f 1285/1500/1473 332/126/112 1282/125/111
f 322/81/73 1288/1505/1478 325/1506/1479
f 325/1506/1479 1289/1507/1480 324/1508/1481
f 324/1508/1481 1290/1509/1482 323/1510/1483
f 323/1510/1483 1287/142/125 321/106/97
f 1286/72/65 345/1487/1460 1288/1505/1478
f 1288/1505/1478 344/1489/1462 1289/1507/1480
f 1289/1507/1480 343/1491/1464 1290/1509/1482
f 1290/1509/1482 341/192/169 1287/142/125
f 1291/86/78 340/1511/1484 337/127/113
f 1293/1512/1485 339/1513/1486 340/1511/1484
f 1294/1514/1487 338/1515/1488 339/1513/1486
f 1295/1516/1489 336/183/162 338/1515/1488
f 347/85/77 1293/1512/1485 1291/86/78
f 350/1497/1470 1294/1514/1487 1293/1512/1485
f 349/1499/1472 1295/1516/1489 1294/1514/1487
f 348/1501/1474 1292/163/142 1295/1516/1489
f 1296/77/69 355/1517/1490 352/157/137
f 1298/1518/1491 354/1519/1492 355/1517/1490
f 1299/1520/1493 353/1521/1494 354/1519/1492
f 1300/1522/1495 351/78/70 353/1521/1494
f 337/127/113 1298/1518/1491 1296/77/69
f 340/1511/1484 1299/1520/1493 1298/1518/1491
f 339/1513/1486 1300/1522/1495 1299/1520/1493
f 338/1515/1488 1297/94/86 1300/1522/1495
f 1301/92/84 328/1493/1466 326/91/83
f 1303/1523/1496 329/1494/1467 328/1493/1466
f 1304/1524/1497 330/1495/1468 329/1494/1467
f 1305/1525/1498 327/190/167 330/1495/1468
f 356/97/88 1303/1523/1496 1301/92/84
f 358/1526/1499 1304/1524/1497 1303/1523/1496
f 359/1527/1500 1305/1525/1498 1304/1524/1497
f 360/1528/1501 1302/74/67 1305/1525/1498
f 1306/98/89 358/1526/1499 356/97/88
f 1308/1529/1502 359/1527/1500 358/1526/1499
f 1309/1530/1503 360/1528/1501 359/1527/1500
f 1310/1531/1504 357/140/123 360/1528/1501
f 366/102/93 1308/1529/1502 1306/98/89
f 368/1532/1505 1309/1530/1503 1308/1529/1502
f 369/1533/1506 1310/1531/1504 1309/1530/1503
f 370/1534/1507 1307/184/163 1310/1531/1504
f 1311/93/85 365/1535/1508 362/187/165
f 1313/1536/1509 364/1537/1510 365/1535/1508
f 1314/1538/1511 363/1539/1512 364/1537/1510
f 1315/1540/1513 361/101/92 363/1539/1512
f 352/157/137 1313/1536/1509 1311/93/85
f 355/1517/1490 1314/1538/1511 1313/1536/1509
f 354/1519/1492 1315/1540/1513 1314/1538/1511
f 353/1521/1494 1312/80/72 1315/1540/1513
f 389/189/166 1318/1541/1514 392/1542/1515
f 392/1542/1515 1319/1543/1516 391/1544/1517
f 391/1544/1517 1320/1545/1518 390/1546/1519
f 390/1546/1519 1317/174/153 388/176/155
f 1316/1547/122 375/784/731 1318/1541/1514
f 1318/1541/1514 384/788/735 1319/1543/1516
f 1319/1543/1516 383/794/743 1320/1545/1518
f 1320/1545/1518 373/175/154 1317/174/153
f 1321/104/95 368/1532/1505 366/102/93
f 1323/1548/1520 369/1533/1506 368/1532/1505
f 1324/1549/1521 370/1534/1507 369/1533/1506
f 1325/1550/1522 367/181/160 370/1534/1507
f 389/189/166 1323/1548/1520 1321/104/95
f 392/1542/1515 1324/1549/1521 1323/1548/1520
f 391/1544/1517 1325/1550/1522 1324/1549/1521
f 390/1546/1519 1322/158/138 1325/1550/1522
f 1326/99/90 379/792/739 372/105/96
f 1328/1551/1523 380/797/746 379/792/739
f 1329/1552/1524 385/795/744 380/797/746
f 1330/1553/1525 373/175/154 385/795/744
f 362/187/165 1328/1551/1523 1326/99/90
f 365/1535/1508 1329/1552/1524 1328/1551/1523
f 364/1537/1510 1330/1553/1525 1329/1552/1524
f 363/1539/1512 1327/173/152 1330/1553/1525
f 331/88/80 1333/1554/1526 333/1502/1475
f 333/1502/1475 1334/1555/1527 334/1503/1476
f 334/1503/1476 1335/1556/1528 335/1504/1477
f 335/1504/1477 1332/168/147 332/126/112
f 1331/109/98 400/1557/1529 1333/1554/1526
f 1333/1554/1526 401/1558/1530 1334/1555/1527
f 1334/1555/1527 402/1559/1531 1335/1556/1528
f 1335/1556/1528 399/132/117 1332/168/147
f 394/111/100 1338/1560/1532 397/1561/1533
f 397/1561/1533 1339/1562/1534 396/1563/1535
f 396/1563/1535 1340/1564/1536 395/1565/1537
f 395/1565/1537 1337/115/103 393/114/102
f 1336/82/74 325/1506/1479 1338/1560/1532
f 1338/1560/1532 324/1508/1481 1339/1562/1534
f 1339/1562/1534 323/1510/1483 1340/1564/1536
f 1340/1564/1536 321/106/97 1337/115/103
f 1341/124/110 411/1566/750 408/180/159
f 1343/1567/1538 412/811/760 411/800/750
f 1344/1568/1539 418/807/756 412/811/760
f 1345/1569/1540 409/808/757 418/807/756
f 403/118/106 1343/1567/1538 1341/1570/110
f 405/1571/1541 1344/1568/1539 1343/1567/1538
f 406/1572/1542 1345/1569/1540 1344/1568/1539
f 407/1573/1543 1342/152/134 1345/1569/1540
f 398/110/99 1348/1574/1544 400/1557/1529
f 400/1557/1529 1349/1575/1545 401/1558/1530
f 401/1558/1530 1350/1576/1546 402/1559/1531
f 402/1559/1531 1347/151/133 399/132/117
f 1346/116/104 422/814/764 1348/1574/1544
f 1348/1574/1544 417/809/758 1349/1575/1545
f 1349/1575/1545 416/806/755 1350/1576/1546
f 1350/1576/1546 409/808/757 1347/151/133
f 403/118/106 1353/1577/1547 405/1571/1541
f 405/1571/1541 1354/1578/1548 406/1572/1542
f 406/1572/1542 1355/1579/1549 407/1573/1543
f 407/1573/1543 1352/150/132 404/149/131
f 1351/112/101 397/1561/1533 1353/1577/1547
f 1353/1577/1547 396/1563/1535 1354/1578/1548
f 1354/1578/1548 395/1565/1537 1355/1579/1549
f 1355/1579/1549 393/114/102 1352/150/132
f 410/117/105 1358/1580/1550 421/1581/765
f 421/799/749 1357/177/156 408/180/159
f 1356/67/62 313/772/1551 1358/1580/1550
f 1358/1582/1552 313/1583/1553 306/765/1552
f 1358/1584/1554 303/178/157 1357/177/156
f 1359/47/42 279/1585/1555 268/48/43
f 1361/1586/1556 266/744/689 279/746/691
f 372/105/96 1361/1587/1557 1359/47/42
f 374/1588/732 1360/136/119 1361/1586/1556
f 540/260/236 1364/1589/1558 551/953/901
f 551/953/901 1365/1590/1559 552/943/889
f 1365/1590/1559 543/939/886 552/943/889
f 1366/1591/1560 538/243/220 543/939/886
f 1362/259/235 561/959/908 1364/1589/1558
f 1364/1589/1558 571/962/911 1365/1590/1559
f 571/962/911 1366/1591/1560 1365/1590/1559
f 570/972/921 1363/261/237 1366/1591/1560
f 1367/253/229 565/965/914 557/254/230
f 1369/1592/1561 566/967/916 565/965/914
f 566/967/916 1371/1593/1562 572/971/920
f 572/971/920 1368/240/217 558/302/277
f 575/231/208 1369/1592/1561 1367/253/229
f 580/975/924 1370/1594/1563 1369/1592/1561
f 1370/1594/1563 588/990/941 1371/1593/1562
f 1371/1593/1562 577/269/245 1368/240/217
f 1372/288/263 583/983/932 576/301/276
f 1374/1595/1564 584/1596/1565 583/983/932
f 584/1596/943 1375/1597/1566 590/1598/940
f 590/989/940 1373/242/219 577/269/245
f 1372/288/263 548/947/893 1374/1595/1567
f 1374/1595/1564 542/940/897 1375/1599/1568
f 1375/1599/1568 542/940/897 541/942/1569
f 1375/1600/1570 538/243/220 1373/242/219
f 528/300/275 1378/1601/1571 535/936/883
f 535/936/883 1379/1602/1572 536/1603/1573
f 1379/1602/1572 531/935/882 536/1603/1573
f 1380/1604/1574 526/280/255 531/935/882
f 1376/297/272 567/966/915 1378/1601/1571
f 1378/1601/1571 560/960/909 1379/1602/1572
f 560/960/909 1380/1604/1574 1379/1602/1572
f 559/958/907 1377/274/249 1380/1604/1574
f 1381/289/264 546/1605/894 539/290/265
f 1383/1606/1575 547/956/904 546/948/894
f 547/956/904 1384/1607/1576 553/954/902
f 1384/1607/1577 540/260/236 553/954/902
f 1381/289/264 534/1608/1578 1383/1609/1579
f 1383/1606/1575 530/1610/1580 1384/1611/1576
f 1384/1611/1576 530/1610/1580 529/934/1581
f 1384/1607/1577 526/280/255 1382/228/205
f 1385/251/227 532/1612/1582 527/249/225
f 1387/1613/1583 533/1614/1584 532/1615/1582
f 533/1614/1585 1388/1616/1586 537/937/884
f 1388/1616/1586 528/300/275 537/937/884
f 1385/251/227 585/982/931 1387/1617/1583
f 1387/1613/1583 579/976/935 1388/1618/1587
f 1388/1618/1586 579/976/925 578/974/923
f 1388/1616/1586 575/231/208 1386/230/207
f 450/845/795 1391/1619/1588 453/848/796
f 453/848/796 1392/1620/1589 1882/1621/1590
f 1882/1621/1590 1393/1622/1591 455/1623/1592
f 455/1623/1592 1390/246/222 451/316/291
f 425/165/144 1391/1619/1588 1389/209/186
f 430/817/769 1392/1620/1589 1391/1619/1588
f 438/820/1593 1393/1622/1591 1392/1620/1589
f 436/828/1594 1390/246/222 1393/1622/1591
f 1394/258/234 466/1624/1595 461/216/193
f 1396/1625/1596 1889/860/1597 466/1624/1595
f 1397/1626/1598 463/857/1599 1889/860/1597
f 1398/1627/1600 459/318/293 463/857/1599
f 1394/258/234 436/831/1594 1396/1625/1596
f 1396/1625/1596 433/824/1601 1397/1626/1598
f 1397/1626/1598 432/821/773 1398/1627/1600
f 1398/1627/1600 426/823/775 1395/236/213
f 1399/317/292 455/1628/1592 451/316/291
f 1401/1629/1602 456/855/1603 455/1628/1592
f 1402/1630/1604 458/852/800 456/855/1603
f 1403/1631/1605 452/235/212 458/852/800
f 1399/317/292 466/1632/1595 1401/1629/1602
f 1401/1629/1602 467/1633/1606 1402/1630/1604
f 1402/1630/1604 465/864/1607 1403/1631/1605
f 1403/1631/1605 460/861/1608 1400/233/210
f 479/881/834 1406/1634/1609 482/879/832
f 482/879/832 1407/1635/1610 485/890/835
f 485/890/1611 1408/1636/1612 487/889/1613
f 487/889/1613 1405/278/253 480/322/297
f 439/219/196 1406/1634/1609 1404/299/274
f 443/833/782 1407/1635/1610 1406/1634/1609
f 445/837/1614 1408/1636/1612 1407/1635/1610
f 448/1637/1615 1405/278/253 1408/1636/1612
f 493/272/248 1411/1638/1616 496/897/845
f 496/897/845 1412/1639/1617 1890/1640/1618
f 1890/1640/1618 1413/1641/1619 499/1642/1620
f 499/1642/1620 1410/338/313 494/206/183
f 481/264/240 1411/1638/1616 1409/262/238
f 491/892/842 1412/1639/1617 1411/1638/1616
f 486/886/1621 1413/1641/1619 1412/1639/1617
f 487/888/1613 1410/338/313 1413/1641/1619
f 1414/208/185 499/1643/1620 494/206/183
f 1416/1644/1622 500/904/1623 499/1643/1620
f 1417/1645/1624 502/901/851 500/904/1623
f 1418/1646/1625 495/270/246 502/901/851
f 1414/208/185 448/1647/1615 1416/1644/1622
f 1416/1644/1622 445/844/1626 1417/1645/1624
f 1417/1645/1624 447/843/789 1418/1646/1625
f 1418/1646/1625 440/265/241 1415/267/243
f 1419/256/232 476/877/1627 470/195/172
f 1421/1648/1628 1422/1649/1629 477/1650/1630
f 1422/1649/1631 472/868/1632 477/1650/1633
f 1423/1651/1634 468/343/318 472/868/1632
f 1419/256/232 510/916/863 1421/1648/1628
f 1421/1648/1628 509/917/1635 1422/1649/1629
f 1422/1649/1631 506/906/855 1423/1651/1634
f 1423/1651/1634 503/908/857 1420/294/269
f 1424/328/303 510/915/863 504/279/254
f 1426/1652/1636 511/913/861 510/915/863
f 1427/1653/1637 515/919/867 511/913/861
f 1428/1654/1638 505/284/259 515/919/867
f 1424/328/303 523/1655/1639 1426/1652/1636
f 1426/1652/1636 1880/1656/1640 1427/1653/1637
f 1427/1653/1637 521/924/869 1428/1654/1638
f 1428/1654/1638 517/198/175 1425/200/177
f 1430/342/317 523/1657/1639 518/329/304
f 1439/1340/1317 522/933/1641 523/1657/1639
f 1433/1334/1311 521/930/1642 522/933/1641
f 1432/1332/1309 519/293/268 521/930/876
f 1430/342/317 478/878/1643 1437/1341/1316
f 1437/1341/1316 475/875/1644 1438/1342/1318
f 1438/1342/1318 474/874/1645 1443/1346/1322
f 1443/1346/1322 469/285/260 1431/287/262
f 595/1008/310 1448/1658/1646 604/1006/959
f 604/1006/959 1449/1659/1647 605/999/950
f 605/999/950 1450/1660/1648 598/995/946
f 598/995/946 1447/282/257 593/281/256
f 1446/1661/309 619/1019/972 1448/1658/1646
f 1448/1658/1646 613/1013/966 1449/1659/1647
f 1449/1659/1647 612/1011/964 1450/1660/1648
f 1450/1660/1648 609/321/296 1447/282/257
f 1451/308/283 630/1031/982 627/320/295
f 1453/1662/1649 631/1041/991 630/1031/982
f 1454/1663/1650 638/1037/987 631/1041/991
f 1455/1664/1651 628/1038/201 638/1037/987
f 611/1027/978 1453/1662/1649 1451/308/283
f 624/1026/977 1454/1663/1650 1453/1662/1649
f 618/1021/973 1455/1664/1651 1454/1663/1650
f 617/1665/971 1452/222/199 1455/1666/1651
f 1456/311/286 601/1004/956 594/309/284
f 1458/1667/1652 602/1010/963 601/1004/956
f 1459/1668/1653 606/1007/960 602/1010/963
f 1460/1669/1654 595/1008/310 606/1007/960
f 1456/311/286 642/1043/993 1458/1667/1652
f 1458/1667/1652 637/1039/988 1459/1668/1653
f 1459/1668/1653 636/1036/986 1460/1669/1654
f 1460/1669/1654 628/1038/201 1457/1670/200
f 1461/1671/300 657/1060/1012 646/1062/298
f 1463/1672/1655 658/1051/1004 657/1060/1012
f 1464/1673/1656 649/1047/1000 658/1051/1004
f 1465/1674/1657 644/1048/1001 649/1047/1000
f 663/1073/302 1463/1672/1655 1461/1671/300
f 672/1072/1025 1464/1673/1656 1463/1672/1655
f 666/1076/1029 1465/1674/1657 1464/1673/1656
f 665/1066/1017 1462/226/203 1465/1674/1657
f 681/1094/315 1468/1675/1658 692/1092/1052
f 692/1092/1052 1469/1676/1659 693/1086/1043
f 693/1086/1043 1470/1677/1660 683/1082/1039
f 683/1082/1039 1467/213/190 679/212/189
f 1466/1678/314 659/1061/1013 1468/1675/1658
f 1468/1675/1658 653/1056/1009 1469/1676/1659
f 1469/1676/1659 652/1054/1007 1470/1677/1660
f 1470/1677/1660 645/314/289 1467/213/190
f 1471/313/288 687/1090/1047 680/315/290
f 1473/1679/1661 688/1096/1055 687/1090/1047
f 1474/1680/1662 694/1093/1053 688/1096/1055
f 1475/1681/1663 681/1094/315 694/1093/1053
f 1471/313/288 677/1078/1031 1473/1679/1661
f 1473/1679/1661 671/1074/1026 1474/1680/1662
f 1474/1680/1662 670/1071/1024 1475/1681/1663
f 1475/1681/1663 663/1073/302 1472/1682/301
f 1476/333/308 700/1099/1058 697/345/320
f 1478/1683/1664 701/1109/1665 700/1099/1058
f 1479/1684/1666 708/1105/1064 701/1109/1067
f 1480/1685/1667 698/1106/192 708/1105/1064
f 716/332/307 1478/1683/1664 1476/333/308
f 721/1116/1077 1479/1684/1666 1478/1683/1664
f 730/1119/1080 1480/1685/1667 1479/1684/1666
f 729/1127/1088 1477/1686/182 1480/1685/1667
f 1481/202/179 724/1122/1083 717/303/278
f 724/1122/1083 1484/1687/1668 725/1124/1085
f 725/1124/1085 1485/1688/1669 731/1128/1089
f 731/1128/1089 1482/1689/305 718/1129/180
f 1481/202/179 739/1134/1093 1483/1690/1670
f 1483/1690/1670 747/1138/1097 1484/1687/1668
f 1484/1687/1668 746/1143/1104 1485/1688/1669
f 1485/1688/1669 736/1145/306 1482/1689/305
f 1486/1350/1327 743/1691/1671 735/305/280
f 1491/1349/1326 744/1147/1672 743/1691/1673
f 1500/1353/1674 748/1144/1105 744/1147/1107
f 1499/1362/1338 736/1145/306 748/1144/1105
f 1487/307/282 713/1113/1072 1494/1356/1333
f 1494/1356/1333 707/1107/1065 1495/1358/1335
f 1495/1358/1335 706/1104/1063 1501/1363/1339
f 1501/1363/1339 698/1106/192 1488/1364/191
f 1504/167/146 428/816/768 425/165/144
f 428/816/768 1507/1692/1675 429/818/1676
f 429/818/1676 1508/1693/1677 434/822/774
f 434/822/774 1505/237/214 426/823/775
f 609/321/296 1506/1694/1678 1504/167/146
f 1506/1694/1678 623/1015/968 1507/1692/1675
f 623/1015/968 1508/1693/1677 1507/1692/1675
f 1508/1693/1677 611/1027/978 1505/237/214
f 629/310/285 1511/1695/1679 640/1044/1680
f 640/1044/1680 1511/1696/1679 641/1034/1681
f 641/1034/1682 1512/1697/1683 632/1030/1684
f 1512/1697/1685 627/320/295 632/1030/981
f 460/861/1608 1511/1695/1679 1509/247/223
f 1511/1696/1686 462/856/1687 1512/1697/1683
f 1512/1697/1685 459/318/293 1510/319/294
f 1513/221/198 442/832/781 439/219/196
f 442/832/1688 1515/1698/1688 446/834/1689
f 446/842/790 1514/1699/1690 440/265/241
f 1513/221/198 667/1065/1016 1515/1700/1691
f 1515/1700/1691 667/1065/1016 676/1069/1692
f 1515/1698/1693 676/1069/1694 675/1079/1695
f 675/1079/1695 1514/1699/1690 1515/1701/1693
f 1516/1702/1696 682/1703/1040 679/212/189
f 682/1083/1051 1518/1704/1697 689/1089/1049
f 689/1089/1046 1517/271/247 680/315/290
f 1516/1702/1696 497/896/846 1518/1705/1698
f 1518/1706/1699 497/1707/1699 501/900/1699
f 501/900/850 1517/271/247 1518/1704/1700
f 505/284/259 1521/1708/1701 513/918/866
f 513/918/866 1522/1709/1702 514/912/860
f 514/912/860 1523/1710/1703 507/907/856
f 507/907/856 1520/295/270 503/908/857
f 1519/283/258 726/1123/1084 1521/1708/1701
f 1521/1708/1701 720/1117/1078 1522/1709/1702
f 720/1117/1078 1523/1710/1703 1522/1709/1702
f 719/1115/1076 1520/295/270 1523/1710/1703
f 699/1111/1070 1526/1711/1704 711/1114/1074
f 711/1114/1705 1527/1712/1706 712/1102/1707
f 712/1102/1708 1527/1713/1709 702/1098/1057
f 702/1098/1057 1525/344/319 697/345/320
f 1524/306/281 471/873/1710 1526/1711/1704
f 1526/1711/1704 471/1714/1710 1527/1712/1706
f 1527/1713/1709 468/343/318 1525/344/319
f 1528/210/187 596/996/947 593/281/256
f 596/996/947 1530/1715/1711 597/997/1712
f 597/997/1713 1530/1716/1714 603/1003/955
f 603/1003/955 1529/234/211 594/309/284
f 1528/210/187 454/847/797 1530/1717/1711
f 1530/1715/1715 454/1718/1715 457/851/1715
f 457/851/799 1529/234/211 1530/1716/1714
f 481/264/240 1533/1719/1716 489/891/841
f 489/891/841 1534/1720/1717 490/885/1718
f 1534/1720/1717 483/880/833 490/885/1718
f 1535/1721/1719 479/881/834 483/880/833
f 1531/263/239 654/1055/1008 1533/1719/1716
f 1533/1719/1716 648/1049/1002 1534/1720/1717
f 648/1049/1002 1535/1721/1719 1534/1720/1717
f 647/1046/999 1532/225/202 1535/1721/1719
f 519/293/268 1538/1722/1720 524/929/875
f 524/929/1721 1539/1723/1722 525/928/1723
f 525/928/1724 1540/1724/1725 520/923/1726
f 520/923/870 1537/201/178 517/198/175
f 1536/292/267 745/1141/1727 1538/1722/1720
f 1538/1722/1728 738/1135/1729 1539/1723/1722
f 1539/1723/1730 737/1136/1095 1540/1724/1725
f 1540/1724/1731 734/1132/1091 1537/201/178
f 772/370/342 1543/1725/1732 775/1726/1733
f 775/1726/1733 1544/1727/1734 774/1728/1735
f 774/1729/1736 1545/1730/1737 773/1731/1738
f 1545/1730/1737 771/525/482 773/1731/1738
f 1541/369/341 758/1732/1739 1543/1725/1732
f 1543/1725/1732 759/1733/1740 1544/1727/1734
f 1544/1734/1741 760/1735/1742 1545/1730/1737
f 760/1735/1742 1542/484/444 1545/1730/1737
f 1546/406/375 780/1736/1743 777/353/327
f 1548/1737/1744 779/1738/1745 780/1736/1743
f 1549/1739/1746 778/1740/1747 779/1741/1748
f 778/1740/1747 1547/464/427 776/366/338
f 761/536/493 1548/1737/1744 1546/406/375
f 763/1742/1749 1549/1743/1750 1548/1737/1744
f 764/1744/1751 1550/1745/1752 1549/1739/1746
f 1550/1745/1752 762/363/335 1547/464/427
f 1551/474/436 755/1746/1753 752/348/323
f 1553/1747/1754 754/1748/1755 755/1746/1753
f 1554/1749/1756 753/1750/1757 754/1751/1758
f 753/1750/1757 1552/349/324 751/361/333
f 772/370/342 1553/1747/1754 1551/474/436
f 775/1726/1733 1554/1752/1759 1553/1747/1754
f 774/1729/1736 1555/1753/1760 1554/1749/1756
f 1555/1753/1760 771/525/482 1552/349/324
f 767/503/461 1558/1754/1761 770/1755/1762
f 770/1755/1762 1559/1756/1763 769/1757/1764
f 769/1758/1765 1560/1759/1766 768/1760/1767
f 1560/1759/1766 766/355/328 768/1760/1767
f 1556/371/343 780/1736/1743 1558/1754/1761
f 1558/1754/1761 779/1738/1745 1559/1756/1763
f 1559/1761/1768 778/1740/1747 1560/1759/1766
f 778/1740/1747 1557/368/340 1560/1759/1766
f 782/504/462 1563/1762/1769 785/1763/1770
f 785/1763/1770 1564/1764/1771 784/1765/1772
f 784/1766/1773 1565/1767/1774 783/1768/1775
f 1565/1767/1774 781/374/345 783/1768/1775
f 1561/498/457 770/1755/1762 1563/1762/1769
f 1563/1762/1769 769/1757/1764 1564/1764/1771
f 1564/1769/1776 768/1760/1767 1565/1767/1774
f 768/1760/1767 1562/357/330 1565/1767/1774
f 756/360/332 1568/1770/1777 758/1732/1739
f 758/1732/1739 1569/1771/1778 759/1733/1740
f 759/1772/1779 1570/1773/1780 760/1735/1742
f 1570/1773/1780 757/380/351 760/1735/1742
f 1566/359/331 788/1774/1781 1568/1770/1777
f 1568/1770/1777 789/1775/1782 1569/1771/1778
f 1569/1771/1783 790/1776/1784 1570/1777/1780
f 790/1778/1784 1567/378/349 1570/1773/1780
f 786/389/359 1573/1779/1785 788/1774/1781
f 788/1774/1781 1574/1780/1786 789/1775/1782
f 789/1775/1787 1575/1781/1788 790/1776/1784
f 1575/1782/1788 787/377/348 790/1778/1784
f 1571/398/367 798/1783/1789 1573/1779/1785
f 1573/1779/1785 799/1784/1790 1574/1780/1786
f 1574/1780/1791 800/1785/1792 1575/1781/1788
f 800/1786/1792 1572/375/346 1575/1782/1788
f 792/537/494 1578/1787/1793 795/1788/1794
f 795/1789/1794 1579/1790/1795 794/1791/1796
f 794/1791/1797 1580/1792/1798 793/1793/1799
f 1580/1792/1798 791/384/355 793/1793/1799
f 1576/530/487 785/1763/1770 1578/1787/1793
f 1578/1794/1793 784/1766/1772 1579/1790/1795
f 1579/1790/1800 783/1768/1775 1580/1792/1798
f 783/1768/1775 1577/382/353 1580/1792/1798
f 1581/515/472 831/1183/1145 819/513/470
f 1583/1795/1801 832/1172/1135 831/1183/1145
f 1584/1796/1802 822/1169/1132 832/1172/1135
f 1585/1797/1803 817/529/486 822/1169/1132
f 802/1158/1120 1583/1795/1801 1581/515/472
f 812/1157/1119 1584/1796/1802 1583/1795/1801
f 805/1161/1123 1585/1797/1803 1584/1796/1802
f 804/1151/1112 1582/480/440 1585/1797/1803
f 796/397/366 1588/1798/1804 798/1783/1789
f 798/1783/1789 1589/1799/1805 799/1784/1790
f 799/1784/1806 1590/1800/1807 800/1785/1792
f 1590/1801/1807 797/387/358 800/1786/1792
f 1586/497/456 833/1182/1144 1588/1798/1804
f 1588/1798/1804 827/1184/1146 1589/1799/1805
f 827/1184/1808 1590/1800/1807 1589/1799/1809
f 826/1802/1140 1587/385/356 1590/1801/1807
f 802/1158/1120 1593/1803/1810 810/1156/1118
f 810/1804/1118 1594/1805/1811 811/1806/1121
f 811/1806/1812 1595/1807/1813 815/1164/1814
f 815/1164/1127 1592/391/361 803/393/363
f 1591/514/471 795/1788/1794 1593/1803/1810
f 1593/1808/1815 794/1791/1796 1594/1805/1811
f 1594/1805/1816 793/1793/1799 1595/1807/1813
f 1595/1807/1813 791/384/355 1592/391/361
f 1596/414/382 763/1742/1749 761/536/493
f 1598/1809/1817 764/1810/1818 763/1742/1749
f 1599/1811/1819 765/1812/1820 764/1744/1751
f 765/1812/1820 1597/507/464 762/363/335
f 841/473/435 1598/1809/1817 1596/414/382
f 843/1813/1821 1599/1814/1822 1598/1809/1817
f 844/1815/1823 1600/1816/1824 1599/1811/1819
f 1600/1816/1824 842/403/372 1597/507/464
f 1601/346/321 840/1817/1825 837/522/479
f 1603/1818/1826 839/1819/1827 840/1817/1825
f 1604/1820/1828 838/1821/1829 839/1822/1830
f 838/1821/1829 1602/399/368 836/401/370
f 752/348/323 1603/1818/1826 1601/346/321
f 755/1746/1753 1604/1823/1831 1603/1818/1826
f 754/1751/1758 1605/1824/1832 1604/1820/1828
f 1605/1824/1832 751/361/333 1602/399/368
f 853/1202/1164 1608/1825/1833 863/1200/1162
f 863/1200/1162 1609/1826/1834 864/1191/1152
f 864/1191/1152 1610/1827/1835 855/1187/1148
f 855/1187/1148 1607/1828/428 851/1185/478
f 1606/488/447 848/1829/1836 1608/1825/1833
f 1608/1825/1833 849/1830/1837 1609/1826/1834
f 1609/1826/1834 850/1831/1838 1610/1827/1835
f 1610/1832/1835 847/409/378 1607/465/428
f 1611/489/448 843/1813/1821 841/473/435
f 1613/1833/1839 844/1834/1840 843/1813/1821
f 1614/1835/1841 845/1836/1842 844/1815/1823
f 1615/1837/1843 842/403/372 845/1836/1842
f 853/1202/1164 1613/1833/1839 1611/489/448
f 865/1201/1163 1614/1838/1844 1613/1833/1839
f 860/1839/1845 1615/1837/1843 1614/1835/1841
f 859/1196/1157 1612/411/380 1615/1837/1843
f 1616/491/450 848/1829/1836 846/490/449
f 1618/1840/1846 849/1830/1837 848/1829/1836
f 1619/1841/1847 850/1842/1838 849/1843/1837
f 850/1842/1838 1617/407/376 847/409/378
f 837/522/479 1618/1840/1846 1616/491/450
f 840/1817/1825 1619/1844/1848 1618/1840/1846
f 839/1822/1830 1620/1845/1849 1619/1841/1847
f 838/1821/1829 1617/407/376 1620/1845/1849
f 1621/487/446 892/1846/1850 889/416/383
f 1623/1847/1851 891/1848/1852 892/1846/1850
f 1624/1849/1853 890/1850/1854 891/1848/1852
f 1625/1851/1855 888/535/492 890/1850/1854
f 873/436/402 1623/1847/1851 1621/487/446
f 875/1852/1856 1624/1849/1853 1623/1847/1851
f 876/1853/1857 1625/1851/1855 1624/1849/1853
f 877/1854/1858 1622/534/491 1625/1851/1855
f 894/430/396 1628/1855/1859 897/1856/1860
f 897/1856/1860 1629/1857/1861 896/1858/1862
f 896/1858/1862 1630/1859/1863 895/1860/1864
f 895/1860/1864 1627/468/431 893/471/434
f 1626/429/395 880/1861/1865 1628/1855/1859
f 1628/1855/1859 881/1862/1866 1629/1857/1861
f 1629/1857/1861 882/1863/1867 1630/1859/1863
f 1630/1859/1863 879/469/432 1627/468/431
f 869/426/392 1633/1864/1868 872/1865/1869
f 872/1865/1869 1634/1866/1870 871/1867/1871
f 871/1867/1871 1635/1868/1872 870/1869/1873
f 870/1869/1873 1632/485/445 868/451/417
f 1631/417/384 892/1846/1850 1633/1864/1868
f 1633/1864/1868 891/1848/1852 1634/1866/1870
f 1634/1866/1870 890/1850/1854 1635/1868/1872
f 1635/1868/1872 888/535/492 1632/485/445
f 1636/431/397 887/1870/1874 884/470/433
f 1638/1871/1875 886/1872/1876 887/1870/1874
f 1639/1873/1877 885/1874/1878 886/1872/1876
f 1640/1875/1879 883/526/483 885/1874/1878
f 894/430/396 1638/1871/1875 1636/431/397
f 897/1856/1860 1639/1873/1877 1638/1871/1875
f 896/1858/1862 1640/1875/1879 1639/1873/1877
f 895/1860/1864 1637/506/463 1640/1875/1879
f 1641/422/388 902/1876/1880 899/500/458
f 1643/1877/1881 901/1878/1882 902/1876/1880
f 1644/1879/1883 900/1880/1884 901/1878/1882
f 1645/1881/1885 898/423/389 900/1880/1884
f 884/470/433 1643/1877/1881 1641/422/388
f 887/1870/1874 1644/1879/1883 1643/1877/1881
f 886/1872/1876 1645/1881/1885 1644/1879/1883
f 885/1874/1878 1642/439/405 1645/1881/1885
f 1646/437/403 875/1852/1856 873/436/402
f 1648/1882/1886 876/1853/1857 875/1852/1856
f 1649/1883/1887 877/1854/1858 876/1853/1857
f 1650/1884/1888 874/533/490 877/1854/1858
f 903/442/408 1648/1882/1886 1646/437/403
f 905/1885/1889 1649/1883/1887 1648/1882/1886
f 906/1886/1890 1650/1884/1888 1649/1883/1887
f 907/1887/1891 1647/419/386 1650/1884/1888
f 1651/443/409 905/1885/1889 903/442/408
f 1653/1888/1892 906/1886/1890 905/1885/1889
f 1654/1889/1893 907/1887/1891 906/1886/1890
f 1655/1890/1894 904/483/443 907/1887/1891
f 913/447/413 1653/1888/1892 1651/443/409
f 915/1891/1895 1654/1889/1893 1653/1888/1892
f 916/1892/1896 1655/1890/1894 1654/1889/1893
f 917/1893/1897 1652/527/484 1655/1890/1894
f 1656/438/404 912/1894/1898 909/531/488
f 1658/1895/1899 911/1896/1900 912/1894/1898
f 1659/1897/1901 910/1898/1902 911/1896/1900
f 1660/1899/1903 908/446/412 910/1898/1902
f 899/500/458 1658/1895/1899 1656/438/404
f 902/1876/1880 1659/1897/1901 1658/1895/1899
f 901/1878/1882 1660/1899/1903 1659/1897/1901
f 900/1880/1884 1657/425/391 1660/1899/1903
f 1661/482/442 938/1227/1192 935/532/489
f 938/1227/1192 1664/1900/1904 939/1238/1905
f 939/1238/1201 1665/1901/1906 946/1234/1198
f 946/1234/1198 1662/1902/474 936/1232/476
f 1661/482/442 921/1208/1170 1663/1903/1907
f 1663/1903/1907 931/1212/1174 1664/1900/1904
f 1664/1900/1908 930/1220/1184 1665/1901/1906
f 1665/1901/1906 920/1222/475 1662/1902/474
f 1666/449/415 915/1891/1895 913/447/413
f 1668/1904/1909 916/1892/1896 915/1891/1895
f 1669/1905/1910 917/1893/1897 916/1892/1896
f 1670/1906/1911 914/524/481 917/1893/1897
f 937/1241/1204 1668/1904/1909 1666/449/415
f 951/1240/1203 1669/1905/1910 1668/1904/1909
f 945/1245/1206 1670/1906/1911 1669/1905/1910
f 944/1235/1199 1667/501/459 1670/1906/1911
f 1671/444/410 925/1907/1180 919/450/416
f 1673/1908/1912 926/1909/1188 925/1907/1180
f 1674/1910/1913 932/1221/1185 926/1224/1188
f 1675/1911/1914 920/518/475 932/1912/1185
f 909/531/488 1673/1908/1912 1671/444/410
f 912/1894/1898 1674/1913/1913 1673/1908/1912
f 911/1914/1900 1675/1915/1914 1674/1910/1913
f 910/1916/1902 1672/1917/473 1675/1915/1914
f 878/433/399 1678/1918/1915 880/1861/1865
f 880/1861/1865 1679/1919/1916 881/1862/1866
f 881/1862/1866 1680/1920/1917 882/1863/1867
f 882/1863/1867 1677/511/468 879/469/432
f 1676/454/418 961/1921/1918 1678/1918/1915
f 1678/1918/1915 962/1922/1919 1679/1919/1916
f 1679/1919/1916 963/1923/1920 1680/1920/1917
f 1680/1920/1917 960/475/437 1677/511/468
f 955/456/420 1683/1924/1921 958/1925/1922
f 958/1925/1922 1684/1926/1923 957/1927/1924
f 957/1927/1924 1685/1928/1925 956/1929/1926
f 956/1929/1926 1682/460/423 954/459/422
f 1681/427/393 872/1865/1869 1683/1924/1921
f 1683/1924/1921 871/1867/1871 1684/1926/1923
f 1684/1926/1923 870/1869/1873 1685/1928/1925
f 1685/1928/1925 868/451/417 1682/460/423
f 1686/467/430 972/1249/1209 969/523/480
f 1688/1930/1927 973/1258/1219 972/1249/1209
f 1689/1931/1928 979/1254/1215 973/1258/1219
f 1690/1932/1929 970/1255/1216 979/1254/1215
f 964/463/426 1688/1930/1927 1686/467/430
f 966/1933/1930 1689/1931/1928 1688/1930/1927
f 967/1934/1931 1690/1932/1929 1689/1931/1928
f 968/1935/1932 1687/495/454 1690/1932/1929
f 959/455/419 1693/1936/1933 961/1921/1918
f 961/1921/1918 1694/1937/1934 962/1922/1919
f 962/1922/1919 1695/1938/1935 963/1923/1920
f 963/1923/1920 1692/494/453 960/475/437
f 1691/461/424 983/1261/1223 1693/1936/1933
f 1693/1936/1933 978/1256/1217 1694/1937/1934
f 1694/1937/1934 977/1253/1214 1695/1938/1935
f 1695/1938/1935 970/1255/1216 1692/494/453
f 964/463/426 1698/1939/1936 966/1933/1930
f 966/1933/1930 1699/1940/1937 967/1934/1931
f 967/1934/1931 1700/1941/1938 968/1935/1932
f 968/1935/1932 1697/493/452 965/492/451
f 1696/457/421 958/1925/1922 1698/1939/1936
f 1698/1939/1936 957/1927/1924 1699/1940/1937
f 1699/1940/1937 956/1929/1926 1700/1941/1938
f 1700/1941/1938 954/459/422 1697/493/452
f 971/462/425 1703/1942/1939 982/1943/1224
f 982/1944/1208 1702/1945/477 969/1946/480
f 1701/412/381 854/1195/1940 1703/1942/1939
f 1703/1947/1941 851/1185/478 1702/1945/477
f 1704/392/362 814/1948/1942 803/393/363
f 1706/1949/1943 806/1150/1944 814/1154/1945
f 1707/1950/1946 801/478/438 806/1150/1111
f 919/450/416 1706/1951/1947 1704/392/362
f 1706/1949/1943 927/1952/1948 1707/1950/1949
f 927/1952/1171 1705/481/441 1707/1950/1946
f 937/1241/1204 1710/1953/1950 949/1239/1202
f 949/1243/1202 1711/1954/1951 950/1230/1195
f 950/1230/1195 1712/1955/1952 940/1226/1191
f 940/1226/1191 1709/528/485 935/532/489
f 1708/448/414 828/1956/1139 1710/1953/1950
f 1710/1957/1950 821/1170/1133 1711/1954/1951
f 1711/1954/1951 820/1168/1131 1712/1955/1952
f 1712/1955/1952 817/529/486 1709/528/485
f 1007/559/513 1715/1958/1953 1010/1959/1954
f 1010/1960/1954 1716/1961/1955 1009/1962/1956
f 1009/1962/1957 1717/1963/1958 1008/1964/1959
f 1717/1963/1958 1006/711/652 1008/1964/1959
f 1713/558/512 993/1965/1960 1715/1958/1953
f 1715/1966/1953 994/1967/1961 1716/1961/1955
f 1716/1961/1962 995/1968/1963 1717/1963/1958
f 995/1968/1963 1714/673/616 1717/1963/1958
f 1718/595/547 1015/1969/1964 1012/542/498
f 1720/1970/1965 1014/1971/1966 1015/1969/1964
f 1721/1972/1967 1013/1973/1968 1014/1971/1969
f 1013/1974/1968 1719/653/599 1011/555/509
f 996/720/661 1720/1970/1965 1718/595/547
f 998/1975/1970 1721/1972/1971 1720/1970/1965
f 999/1976/1972 1722/1977/1973 1721/1972/1967
f 1722/1978/1973 997/552/506 1719/653/599
f 1723/663/608 990/1979/1974 987/510/467
f 1725/1980/1975 989/1981/1976 990/1982/1974
f 1726/1983/1977 988/1984/1978 989/1981/1979
f 988/1984/1978 1724/538/495 986/550/504
f 1007/559/513 1725/1985/1975 1723/663/608
f 1010/1960/1954 1726/1983/1980 1725/1980/1975
f 1009/1962/1957 1727/1986/1981 1726/1983/1977
f 1727/1986/1981 1006/711/652 1724/538/495
f 1002/692/634 1730/1987/1982 1005/1988/1983
f 1005/1988/1983 1731/1989/1984 1004/1990/1985
f 1004/1990/1986 1732/1991/1987 1003/1992/1988
f 1732/1993/1987 1001/544/499 1003/1994/1988
f 1728/560/514 1015/1969/1964 1730/1987/1982
f 1730/1987/1982 1014/1971/1966 1731/1989/1984
f 1731/1989/1989 1013/1973/1968 1732/1991/1987
f 1013/1974/1968 1729/557/511 1732/1993/1987
f 1017/693/635 1735/1995/1990 1020/1996/1991
f 1020/1996/1991 1736/1997/1992 1019/1998/1993
f 1019/1998/1994 1737/1999/1995 1018/2000/1996
f 1737/2001/1995 1016/563/516 1018/2002/1996
f 1733/687/629 1005/1988/1983 1735/1995/1990
f 1735/1995/1990 1004/1990/1985 1736/1997/1992
f 1736/1997/1997 1003/1992/1988 1737/1999/1995
f 1003/1994/1988 1734/546/501 1737/2001/1995
f 991/549/503 1740/2003/1998 993/1965/1960
f 993/2004/1960 1741/2005/1999 994/1967/1961
f 994/1967/2000 1742/2006/2001 995/1968/1963
f 1742/2006/2001 992/569/522 995/1968/1963
f 1738/548/502 1023/2007/2002 1740/2003/1998
f 1740/2008/1998 1024/2009/2003 1741/2005/1999
f 1741/2005/2004 1025/2010/2005 1742/2006/2001
f 1025/2010/2005 1739/567/520 1742/2006/2001
f 1021/578/530 1745/2011/2006 1023/2007/2002
f 1023/2012/2002 1746/2013/2007 1024/2009/2003
f 1024/2009/2008 1747/2014/2009 1025/2010/2005
f 1747/2014/2009 1022/566/519 1025/2010/2005
f 1743/587/539 1033/2015/2010 1745/2011/2006
f 1745/2016/2006 1034/2017/2011 1746/2013/2007
f 1746/2013/2012 1035/2018/2013 1747/2014/2009
f 1035/2018/2013 1744/564/517 1747/2014/2009
f 1027/721/662 1750/2019/2014 1030/2020/2015
f 1030/2020/2015 1751/2021/2016 1029/2022/2017
f 1029/2022/2018 1752/2023/2019 1028/2024/2020
f 1752/2025/2019 1026/573/526 1028/2026/2020
f 1748/714/655 1020/1996/1991 1750/2019/2014
f 1750/2019/2014 1019/1998/1993 1751/2021/2016
f 1751/2021/2021 1018/2000/1996 1752/2023/2019
f 1018/2002/1996 1749/571/524 1752/2025/2019
f 1753/701/642 1058/2027/2022 1055/699/640
f 1755/2028/2023 1057/2029/2024 1058/2027/2022
f 1756/2030/2025 1056/2031/2026 1057/2029/2024
f 1757/2032/2027 1054/583/535 1056/2033/2026
f 1037/1272/1236 1755/2028/2023 1753/701/642
f 1047/1271/1235 1756/2030/2025 1755/2028/2023
f 1040/1275/1239 1757/2034/2027 1756/2030/2025
f 1039/2035/1230 1754/667/610 1757/2032/2027
f 1031/586/538 1760/2036/2028 1033/2015/2010
f 1033/2037/2010 1761/2038/2029 1034/2017/2011
f 1034/2017/2030 1762/2039/2031 1035/2018/2013
f 1035/2018/2013 1759/574/527 1032/576/529
f 1758/686/628 1058/2027/2022 1760/2036/2028
f 1760/2040/2032 1057/2041/2024 1761/2038/2029
f 1761/2038/2033 1056/2033/2026 1762/2039/2031
f 1056/2033/2026 1759/574/527 1762/2039/2031
f 1037/1272/1236 1765/2042/2034 1045/1270/1234
f 1045/1270/1234 1766/2043/2035 1046/1273/1237
f 1046/1273/1246 1767/2044/2036 1051/1279/1242
f 1051/2045/1242 1764/580/532 1038/582/534
f 1763/700/641 1030/2020/2015 1765/2042/2034
f 1765/2042/2034 1029/2022/2017 1766/2043/2035
f 1766/2043/2037 1028/2024/2020 1767/2044/2036
f 1767/2046/2036 1026/573/526 1764/580/532
f 1768/603/554 998/1975/1970 996/720/661
f 1770/2047/2038 999/1976/2039 998/1975/1970
f 1771/2048/2040 1000/2049/2041 999/1976/1972
f 1000/2050/2041 1769/696/637 997/552/506
f 1064/662/607 1770/2047/2038 1768/603/554
f 1066/2051/2042 1771/2048/2043 1770/2047/2038
f 1067/2052/2044 1772/2053/2045 1771/2054/2040
f 1772/2053/2045 1065/592/544 1769/696/637
f 1773/508/465 1063/2055/2046 1060/708/649
f 1775/2056/2047 1062/2057/2048 1063/2058/2046
f 1776/2059/2049 1061/2060/2050 1062/2057/2051
f 1061/2060/2050 1774/588/540 1059/590/542
f 987/510/467 1775/2061/2047 1773/508/465
f 990/1982/1974 1776/2059/2052 1775/2056/2047
f 989/1981/1979 1777/2062/2053 1776/2059/2049
f 1777/2062/2053 986/550/504 1774/588/540
f 1076/1298/1266 1780/2063/2054 1087/1296/1264
f 1087/1296/1264 1781/2064/2055 1088/1287/1253
f 1088/2065/1253 1782/2066/2056 1078/2067/1249
f 1078/2067/1249 1779/654/600 1074/707/648
f 1778/677/619 1071/2068/2057 1780/2063/2054
f 1780/2063/2054 1072/2069/2058 1781/2064/2055
f 1781/2070/2055 1073/2071/2059 1782/2066/2056
f 1782/2066/2056 1070/598/550 1779/654/600
f 1783/678/620 1066/2051/2042 1064/662/607
f 1785/2072/2060 1067/2073/2061 1066/2051/2042
f 1786/2074/2062 1068/2075/2063 1067/2052/2044
f 1787/2076/2064 1065/592/544 1068/2075/2063
f 1076/1298/1266 1785/2072/2060 1783/678/620
f 1089/1297/1265 1786/2077/2065 1785/2072/2060
f 1083/2078/2066 1787/2076/2064 1786/2074/2062
f 1082/2079/1258 1784/600/552 1787/2076/2064
f 1788/680/622 1071/2068/2057 1069/679/621
f 1790/2080/2067 1072/2081/2058 1071/2082/2057
f 1791/2083/2068 1073/2071/2059 1072/2081/2058
f 1073/2071/2059 1789/596/548 1070/598/550
f 1060/708/649 1790/2084/2067 1788/680/622
f 1063/2058/2046 1791/2083/2069 1790/2080/2067
f 1062/2057/2051 1792/2085/2070 1791/2083/2068
f 1061/2060/2050 1789/596/548 1792/2085/2070
f 1793/676/618 1116/2086/2071 1113/605/555
f 1795/2087/2072 1115/2088/2073 1116/2086/2071
f 1796/2089/2074 1114/2090/2075 1115/2088/2073
f 1797/2091/2076 1112/719/660 1114/2090/2075
f 1097/625/574 1795/2087/2072 1793/676/618
f 1099/2092/2077 1796/2089/2074 1795/2087/2072
f 1100/2093/2078 1797/2091/2076 1796/2089/2074
f 1101/2094/2079 1794/718/659 1797/2091/2076
f 1118/619/568 1800/2095/2080 1121/2096/2081
f 1121/2096/2081 1801/2097/2082 1120/2098/2083
f 1120/2098/2083 1802/2099/2084 1119/2100/2085
f 1119/2100/2085 1799/657/603 1117/660/606
f 1798/618/567 1104/2101/2086 1800/2095/2080
f 1800/2095/2080 1105/2102/2087 1801/2097/2082
f 1801/2097/2082 1106/2103/2088 1802/2099/2084
f 1802/2099/2084 1103/658/604 1799/657/603
f 1093/615/564 1805/2104/2089 1096/2105/2090
f 1096/2105/2090 1806/2106/2091 1095/2107/2092
f 1095/2107/2092 1807/2108/2093 1094/2109/2094
f 1094/2109/2094 1804/674/617 1092/640/589
f 1803/606/556 1116/2086/2071 1805/2104/2089
f 1805/2104/2089 1115/2088/2073 1806/2106/2091
f 1806/2106/2091 1114/2090/2075 1807/2108/2093
f 1807/2108/2093 1112/719/660 1804/674/617
f 1808/620/569 1111/2110/2095 1108/659/605
f 1810/2111/2096 1110/2112/2097 1111/2110/2095
f 1811/2113/2098 1109/2114/2099 1110/2112/2097
f 1812/2115/2100 1107/712/653 1109/2114/2099
f 1118/619/568 1810/2111/2096 1808/620/569
f 1121/2096/2081 1811/2113/2098 1810/2111/2096
f 1120/2098/2083 1812/2115/2100 1811/2113/2098
f 1119/2100/2085 1809/695/636 1812/2115/2100
f 1813/611/560 1126/2116/2101 1123/689/631
f 1815/2117/2102 1125/2118/2103 1126/2116/2101
f 1816/2119/2104 1124/2120/2105 1125/2118/2103
f 1817/2121/2106 1122/612/561 1124/2120/2105
f 1108/659/605 1815/2117/2102 1813/611/560
f 1111/2110/2095 1816/2119/2104 1815/2117/2102
f 1110/2112/2097 1817/2121/2106 1816/2119/2104
f 1109/2114/2099 1814/628/577 1817/2121/2106
f 1818/626/575 1099/2092/2077 1097/625/574
f 1820/2122/2107 1100/2093/2078 1099/2092/2077
f 1821/2123/2108 1101/2094/2079 1100/2093/2078
f 1822/2124/2109 1098/717/658 1101/2094/2079
f 1127/631/580 1820/2122/2107 1818/626/575
f 1129/2125/2110 1821/2123/2108 1820/2122/2107
f 1130/2126/2111 1822/2124/2109 1821/2123/2108
f 1131/2127/2112 1819/608/558 1822/2124/2109
f 1823/632/581 1129/2125/2110 1127/631/580
f 1825/2128/2113 1130/2126/2111 1129/2125/2110
f 1826/2129/2114 1131/2127/2112 1130/2126/2111
f 1827/2130/2115 1128/672/615 1131/2127/2112
f 1137/636/585 1825/2128/2113 1823/632/581
f 1139/2131/2116 1826/2129/2114 1825/2128/2113
f 1140/2132/2117 1827/2130/2115 1826/2129/2114
f 1141/2133/2118 1824/713/654 1827/2130/2115
f 1828/627/576 1136/2134/2119 1133/715/656
f 1830/2135/2120 1135/2136/2121 1136/2134/2119
f 1831/2137/2122 1134/2138/2123 1135/2136/2121
f 1832/2139/2124 1132/635/584 1134/2138/2123
f 1123/689/631 1830/2135/2120 1828/627/576
f 1126/2116/2101 1831/2137/2122 1830/2135/2120
f 1125/2118/2103 1832/2139/2124 1831/2137/2122
f 1124/2120/2105 1829/614/563 1832/2139/2124
f 1160/716/657 1835/2140/2125 1163/2141/2126
f 1163/2141/2126 1836/2142/2127 1162/2143/2128
f 1162/2143/2128 1837/2144/2129 1161/2145/2130
f 1161/2145/2130 1834/703/644 1159/705/646
f 1833/671/614 1146/1302/1271 1835/2140/2125
f 1835/2140/2125 1155/1306/1275 1836/2142/2127
f 1836/2142/2127 1154/1312/1284 1837/2144/2129
f 1837/2144/2129 1144/704/645 1834/703/644
f 1838/638/587 1139/2131/2116 1137/636/585
f 1840/2146/2131 1140/2132/2117 1139/2131/2116
f 1841/2147/2132 1141/2133/2118 1140/2132/2117
f 1842/2148/2133 1138/710/651 1141/2133/2118
f 1160/716/657 1840/2146/2131 1838/638/587
f 1163/2141/2126 1841/2147/2132 1840/2146/2131
f 1162/2143/2128 1842/2148/2133 1841/2147/2132
f 1161/2145/2130 1839/690/632 1842/2148/2133
f 1843/633/582 1150/1310/1279 1143/639/588
f 1845/2149/2134 1151/1315/1287 1150/1310/1279
f 1846/2150/2135 1156/1313/1285 1151/1315/1287
f 1847/2151/2136 1144/704/645 1156/1313/1285
f 1133/715/656 1845/2149/2134 1843/633/582
f 1136/2134/2119 1846/2150/2135 1845/2149/2134
f 1135/2136/2121 1847/2151/2136 1846/2150/2135
f 1134/2138/2123 1844/702/643 1847/2151/2136
f 1102/622/571 1850/2152/2137 1104/2101/2086
f 1104/2101/2086 1851/2153/2138 1105/2102/2087
f 1105/2102/2087 1852/2154/2139 1106/2103/2088
f 1106/2103/2088 1849/697/638 1103/658/604
f 1848/643/590 1171/2155/2140 1850/2152/2137
f 1850/2152/2137 1172/2156/2141 1851/2153/2138
f 1851/2153/2138 1173/2157/2142 1852/2154/2139
f 1852/2154/2139 1170/664/609 1849/697/638
f 1165/645/592 1855/2158/2143 1168/2159/2144
f 1168/2159/2144 1856/2160/2145 1167/2161/2146
f 1167/2161/2146 1857/2162/2147 1166/2163/2148
f 1166/2163/2148 1854/649/595 1164/648/594
f 1853/616/565 1096/2105/2090 1855/2158/2143
f 1855/2158/2143 1095/2107/2092 1856/2160/2145
f 1856/2160/2145 1094/2109/2094 1857/2162/2147
f 1857/2162/2147 1092/640/589 1854/649/595
f 1858/656/602 1182/1318/1291 1179/709/650
f 1860/2164/2149 1183/1327/1301 1182/1318/1291
f 1861/2165/2150 1189/1323/1297 1183/1327/1301
f 1862/2166/2151 1180/1324/1298 1189/1323/1297
f 1174/652/598 1860/2164/2149 1858/656/602
f 1176/2167/2152 1861/2165/2150 1860/2164/2149
f 1177/2168/2153 1862/2166/2151 1861/2165/2150
f 1178/2169/2154 1859/684/626 1862/2166/2151
f 1169/644/591 1865/2170/2155 1171/2155/2140
f 1171/2155/2140 1866/2171/2156 1172/2156/2141
f 1172/2156/2141 1867/2172/2157 1173/2157/2142
f 1173/2157/2142 1864/683/625 1170/664/609
f 1863/650/596 1193/1330/1305 1865/2170/2155
f 1865/2170/2155 1188/1325/1299 1866/2171/2156
f 1866/2171/2156 1187/1322/1296 1867/2172/2157
f 1867/2172/2157 1180/1324/1298 1864/683/625
f 1174/652/598 1870/2173/2158 1176/2167/2152
f 1176/2167/2152 1871/2174/2159 1177/2168/2153
f 1177/2168/2153 1872/2175/2160 1178/2169/2154
f 1178/2169/2154 1869/682/624 1175/681/623
f 1868/646/593 1168/2159/2144 1870/2173/2158
f 1870/2173/2158 1167/2161/2146 1871/2174/2159
f 1871/2174/2159 1166/2163/2148 1872/2175/2160
f 1872/2175/2160 1164/648/594 1869/682/624
f 1181/651/597 1875/2176/2161 1192/2177/1306
f 1192/1317/2162 1874/706/647 1179/709/2163
f 1873/601/553 1084/1291/2164 1875/2176/2161
f 1875/2176/2165 1084/1291/2165 1077/2178/2165
f 1875/2179/2166 1074/707/648 1874/706/647
f 1876/581/533 1050/2180/2167 1038/582/534
f 1050/2180/2168 1878/2181/2169 1041/2182/2170
f 1041/2183/2170 1878/2184/2169 1879/2185/2171
f 1879/2185/2172 1036/1263/1227 1041/1265/1229
f 1143/639/588 1878/2186/2173 1876/581/533
f 1878/2184/2169 1145/2187/2174 1879/2185/2171
f 1145/2188/1272 1877/668/611 1879/2189/2172
f 499/1642/2175 500/2190/2176 1890/1640/2176
f 455/1623/1592 456/2191/1603 1882/1621/2177
f 1431/287/262 1885/2192/2178 1441/1345/1321
f 1441/1345/1321 1886/2193/2179 1442/1337/1314
f 1442/1337/1314 1887/2194/2180 1434/1333/1310
f 1434/1333/1310 1884/304/279 1429/291/266
f 1486/1350/1327 1887/2194/2180 1489/1348/1325
f 1489/1348/1325 1886/2193/2179 1490/1351/1328
f 1490/1351/1328 1885/2192/2178 1496/1357/1334
f 1496/1357/1334 1883/286/261 1487/307/282
f 465/862/817 464/2195/810 463/866/809
f 447/841/794 444/839/787 443/838/785
f 523/1655/2181 522/2196/2181 1880/1656/2181
f 448/1637/2182 445/837/2183 449/2197/2183
f 458/854/803 453/853/802 1891/850/2184
f 466/1624/2185 1889/860/2186 467/2198/2187
f 231/10/8 24/76/68 113/11/9
f 1232/37/33 107/36/32 23/38/34
f 256/39/35 23/38/34 114/45/40
f 105/6/6 20/5/5 342/71/64
f 10/73/66 327/190/167 1302/74/67
f 24/76/68 337/127/113 1296/77/69
f 351/78/70 8/95/66 97/79/71
f 103/55/50 16/17/14 322/81/73
f 15/83/75 102/87/79 1281/84/76
f 15/83/75 347/85/77 1291/86/78
f 102/87/79 14/20/17 331/88/80
f 115/89/81 1276/144/126 342/71/64
f 116/90/82 1301/92/84 326/91/83
f 19/31/27 356/97/88 1301/92/84
f 22/28/24 352/157/137 1311/93/85
f 1297/94/86 96/75/66 8/95/66
f 104/96/87 1306/98/89 356/97/88
f 18/41/37 366/102/93 1306/98/89
f 23/38/34 362/187/165 1326/99/90
f 1312/80/72 97/79/71 11/100/91
f 112/50/45 1321/104/95 366/102/93
f 25/103/94 389/189/166 1321/104/95
f 114/45/40 1326/99/90 372/105/96
f 321/106/97 1287/142/125 95/107/66
f 14/20/17 101/19/16 1331/109/98
f 101/19/16 13/60/55 398/110/99
f 111/63/58 17/57/52 394/111/100
f 99/113/66 12/134/66 393/114/102
f 13/60/55 109/59/54 1346/116/104
f 109/59/54 1356/67/62 410/117/105
f 21/65/60 111/63/58 1351/112/101
f 7/108/66 95/107/66 1282/125/111
f 108/22/19 1291/86/78 337/127/113
f 95/107/66 9/143/66 346/128/114
f 16/17/14 105/6/6 1286/72/65
f 399/132/117 1347/151/133 100/133/66
f 252/32/28 19/31/27 116/90/82
f 96/75/66 1302/74/67 357/140/123
f 1287/142/125 341/192/169 9/143/66
f 26/34/30 326/91/83 1276/144/126
f 100/133/66 1342/152/134 404/149/131
f 1347/151/133 409/808/757 1342/152/134
f 113/11/9 1296/77/69 352/157/137
f 11/100/91 367/181/160 1322/158/138
f 94/162/66 1292/163/142 346/128/114
f 10/73/66 336/183/162 1292/163/142
f 7/108/66 99/113/66 1337/115/103
f 425/165/144 1389/209/186 136/166/145
f 1332/168/147 399/132/117 12/134/66
f 1327/173/152 98/159/139 1317/174/153
f 98/159/139 1322/158/138 388/176/155
f 17/57/52 103/55/50 1336/82/74
f 12/134/66 100/133/66 1352/150/132
f 97/79/71 1307/184/163 367/181/160
f 336/183/162 10/73/66 96/75/66
f 8/95/66 357/140/123 1307/184/163
f 107/36/32 1311/93/85 362/187/165
f 327/190/167 10/73/66 94/162/66
f 1277/191/168 94/162/66 9/143/66
f 361/101/92 11/100/91 98/159/139
f 332/126/112 1332/168/147 99/113/66
f 470/195/172 1430/342/317 129/196/173
f 517/198/175 1537/201/178 135/199/176
f 1537/201/178 734/1132/1091 1481/202/179
f 718/203/180 1482/330/305 130/204/181
f 1389/209/186 450/845/795 1528/210/187
f 1477/205/182 130/204/181 1488/214/191
f 461/216/193 1399/317/292 123/217/194
f 1452/222/199 131/337/312 1457/223/200
f 27/227/204 540/260/236 1382/228/205
f 1400/233/210 133/248/224 1529/234/211
f 1395/236/213 426/823/775 1505/237/214
f 33/239/216 558/302/277 1368/240/217
f 34/197/174 129/196/173 1373/242/219
f 427/244/221 28/273/204 121/245/204
f 1400/233/210 460/861/1608 1509/247/223
f 527/249/225 1381/289/264 120/250/226
f 470/195/172 34/197/174 127/255/231
f 461/216/193 29/218/195 122/257/233
f 27/227/204 121/245/204 1362/259/235
f 34/197/174 538/243/220 1363/261/237
f 35/268/244 577/269/245 1373/242/219
f 35/268/244 128/241/218 1368/240/217
f 28/273/204 122/257/233 1377/274/249
f 29/218/195 526/280/255 1377/274/249
f 504/279/254 1419/256/232 127/255/231
f 29/218/195 123/217/194 1382/228/205
f 136/166/145 1528/210/187 593/281/256
f 1425/200/177 135/199/176 1519/283/258
f 469/285/260 1524/306/281 1883/286/261
f 1372/288/263 120/250/226 1381/289/264
f 28/273/204 556/275/250 1362/259/235
f 30/252/228 557/254/230 1376/297/272
f 32/232/209 125/298/273 1376/297/272
f 1385/251/227 120/250/226 1372/288/263
f 33/239/216 127/255/231 1363/261/237
f 135/199/176 1481/202/179 717/303/278
f 1524/306/281 699/1111/1070 1487/307/282
f 1505/237/214 611/1027/978 1451/308/283
f 133/248/224 1456/311/286 594/309/284
f 133/248/224 1509/247/223 629/310/285
f 451/316/291 27/227/204 123/217/194
f 459/318/293 1395/236/213 119/238/215
f 119/238/215 1451/308/283 627/320/295
f 136/166/145 1447/282/257 609/321/296
f 504/279/254 33/239/216 128/241/218
f 518/329/304 1424/328/303 128/241/218
f 1488/214/191 130/204/181 1482/330/305
f 427/244/221 1394/258/234 122/257/233
f 451/316/291 1390/246/222 121/245/204
f 1457/223/200 131/337/312 1446/334/309
f 610/336/311 1446/334/309 131/337/312
f 518/329/304 35/268/244 129/196/173
f 1552/349/324 771/525/482 55/350/325
f 766/355/328 59/421/387 164/356/329
f 751/361/333 1552/349/324 156/351/326
f 1572/375/346 155/441/407 54/376/347
f 781/374/345 57/373/344 158/381/352
f 1577/382/353 158/381/352 58/383/354
f 791/384/355 58/383/354 165/390/360
f 1592/391/361 165/390/360 1704/392/362
f 1602/399/368 751/361/333 51/362/334
f 836/401/370 1602/399/368 154/400/369
f 1617/407/376 836/401/370 52/402/371
f 156/351/326 55/350/325 889/416/383
f 45/418/385 874/533/490 1647/419/386
f 898/423/389 43/440/406 148/424/390
f 154/400/369 51/362/334 869/426/392
f 50/428/394 153/432/398 1626/429/395
f 153/432/398 49/365/337 878/433/399
f 166/434/400 1621/487/446 889/416/383
f 167/435/401 1646/437/403 873/436/402
f 54/376/347 903/442/408 1646/437/403
f 1642/439/405 147/420/385 43/440/406
f 155/441/407 1651/443/409 903/442/408
f 53/386/357 913/447/413 1651/443/409
f 58/383/354 909/531/488 1671/444/410
f 1657/425/391 148/424/390 46/445/411
f 163/395/365 1666/449/415 913/447/413
f 165/390/360 1671/444/410 919/450/416
f 868/451/417 1632/485/445 146/452/385
f 162/408/377 52/402/371 955/456/420
f 150/458/385 47/477/385 954/459/422
f 56/410/379 162/408/377 1696/457/421
f 42/453/385 146/452/385 1627/468/431
f 159/367/339 1636/431/397 884/470/433
f 146/452/385 44/486/385 893/471/434
f 51/362/334 156/351/326 1631/417/384
f 960/475/437 1692/494/453 151/476/385
f 787/377/348 54/376/347 167/435/401
f 147/420/385 1647/419/386 904/483/443
f 757/380/351 60/379/350 166/434/400
f 1632/485/445 888/535/492 44/486/385
f 60/379/350 873/436/402 1621/487/446
f 151/476/385 1687/495/454 965/492/451
f 1692/494/453 970/1255/1216 1687/495/454
f 164/356/329 1641/422/388 899/500/458
f 46/445/411 914/524/481 1667/501/459
f 145/505/385 1637/506/463 893/471/434
f 45/418/385 883/526/483 1637/506/463
f 42/453/385 150/458/385 1682/460/423
f 1677/511/468 960/475/437 47/477/385
f 1672/516/473 149/502/460 1662/517/474
f 149/502/460 1667/501/459 936/519/476
f 52/402/371 154/400/369 1681/427/393
f 797/387/358 53/386/357 155/441/407
f 47/477/385 151/476/385 1697/493/452
f 148/424/390 1652/527/484 914/524/481
f 1542/484/444 166/434/400 55/350/325
f 883/526/483 45/418/385 147/420/385
f 43/440/406 904/483/443 1652/527/484
f 158/381/352 1656/438/404 909/531/488
f 874/533/490 45/418/385 145/505/385
f 1622/534/491 145/505/385 44/486/385
f 908/446/412 46/445/411 149/502/460
f 879/469/432 1677/511/468 150/458/385
f 1278/1488/1461 1279/1490/1463 344/1489/1462
f 328/1493/1466 329/1494/1467 1279/1490/1463
f 347/85/77 1281/84/76 1283/1496/1469
f 349/1499/1472 1284/1498/1471 1285/1500/1473
f 323/1510/1483 1290/1509/1482 1287/142/125
f 1288/1505/1478 345/1487/1460 344/1489/1462
f 1289/1507/1480 344/1489/1462 343/1491/1464
f 1291/86/78 1293/1512/1485 340/1511/1484
f 1294/1514/1487 1295/1516/1489 338/1515/1488
f 347/85/77 350/1497/1470 1293/1512/1485
f 348/1501/1474 346/128/114 1292/163/142
f 1298/1518/1491 1299/1520/1493 354/1519/1492
f 1299/1520/1493 1300/1522/1495 353/1521/1494
f 356/97/88 358/1526/1499 1303/1523/1496
f 1308/1529/1502 1309/1530/1503 359/1527/1500
f 1309/1530/1503 1310/1531/1504 360/1528/1501
f 1310/1531/1504 1307/184/163 357/140/123
f 369/1533/1506 370/1534/1507 1310/1531/1504
f 370/1534/1507 367/181/160 1307/184/163
f 1315/1540/1513 1312/80/72 361/101/92
f 355/1517/1490 354/1519/1492 1314/1538/1511
f 1321/104/95 1323/1548/1520 368/1532/1505
f 1326/99/90 1328/1551/1523 379/792/739
f 333/1502/1475 1333/1554/1526 1334/1555/1527
f 1331/109/98 398/110/99 400/1557/1529
f 1336/82/74 322/81/73 325/1506/1479
f 1340/1564/1536 323/1510/1483 321/106/97
f 406/1572/1542 407/1573/1543 1345/1569/1540
f 407/1573/1543 404/149/131 1342/152/134
f 398/110/99 1346/116/104 1348/1574/1544
f 400/1557/1529 1348/1574/1544 1349/1575/1545
f 401/1558/1530 1349/1575/1545 1350/1576/1546
f 402/1559/1531 1350/1576/1546 1347/151/133
f 1346/116/104 410/117/105 422/814/764
f 1354/1578/1548 396/1563/1535 395/1565/1537
f 540/260/236 1362/259/235 1364/1589/1558
f 551/953/901 1364/1589/1558 1365/1590/1559
f 1365/1590/1559 1366/1591/1560 543/939/886
f 1366/1591/1560 1363/261/237 538/243/220
f 1362/259/235 556/275/250 561/959/908
f 1364/1589/1558 561/959/908 571/962/911
f 571/962/911 570/972/921 1366/1591/1560
f 570/972/921 558/302/277 1363/261/237
f 1369/1592/1561 1370/1594/1563 566/967/916
f 566/967/916 1370/1594/1563 1371/1593/1562
f 572/971/920 1371/1593/1562 1368/240/217
f 1370/1594/1563 589/978/927 588/990/941
f 1371/1593/1562 588/990/941 577/269/245
f 590/989/940 1375/1600/1570 1373/242/219
f 1372/288/263 539/290/265 548/947/893
f 1374/1595/1564 548/947/893 542/940/897
f 1379/1602/1572 1380/1604/1574 531/935/882
f 1376/297/272 557/254/230 567/966/915
f 559/958/907 556/275/250 1377/274/249
f 1381/289/264 1383/1609/1579 546/1605/894
f 1383/1606/1575 1384/1611/1576 547/956/904
f 1384/1607/1577 1382/228/205 540/260/236
f 1381/289/264 527/249/225 534/1608/1578
f 1384/1607/1577 529/934/881 526/280/255
f 453/848/796 1391/1619/1588 1392/1620/1589
f 1882/1621/1590 1392/1620/1589 1393/1622/1591
f 455/1623/1592 1393/1622/1591 1390/246/222
f 425/165/144 430/817/769 1391/1619/1588
f 1394/258/234 1396/1625/1596 466/1624/1595
f 1396/1625/1596 1397/1626/1598 1889/860/1597
f 1397/1626/1598 1398/1627/1600 463/857/1599
f 1396/1625/1596 436/831/1594 433/824/1601
f 1397/1626/1598 433/824/1601 432/821/773
f 1399/317/292 1401/1629/1602 455/1628/1592
f 1401/1629/1602 1402/1630/1604 456/855/1603
f 1402/1630/1604 1403/1631/1605 458/852/800
f 1403/1631/1605 1400/233/210 452/235/212
f 1401/1629/1602 466/1632/1595 467/1633/1606
f 1403/1631/1605 465/864/1607 460/861/1608
f 1419/256/232 504/279/254 510/916/863
f 1422/1649/1631 509/917/858 506/906/855
f 1423/1651/1634 506/906/855 503/908/857
f 1424/328/303 1426/1652/1636 510/915/863
f 1426/1652/1636 1427/1653/1637 511/913/861
f 1427/1653/1637 1428/1654/1638 515/919/867
f 1424/328/303 518/329/304 523/1655/1639
f 1426/1652/1636 523/1655/1639 1880/1656/1640
f 1427/1653/1637 1880/1656/1640 521/924/869
f 1428/1654/1638 521/924/869 517/198/175
f 1430/342/317 1439/1340/1317 523/1657/1639
f 1433/1334/1311 1432/1332/1309 521/930/1642
f 1430/342/317 470/195/172 478/878/1643
f 1437/1341/1316 478/878/1643 475/875/1644
f 1438/1342/1318 475/875/1644 474/874/1645
f 1443/1346/1322 474/874/1645 469/285/260
f 1446/1661/309 610/1020/311 619/1019/972
f 1448/1658/1646 619/1019/972 613/1013/966
f 1449/1659/1647 613/1013/966 612/1011/964
f 1450/1660/1648 612/1011/964 609/321/296
f 1455/1664/1651 1452/2199/199 628/1038/201
f 611/1027/978 624/1026/977 1453/1662/1649
f 624/1026/977 618/1021/973 1454/1663/1650
f 618/1021/973 617/1018/971 1455/1664/1651
f 617/1665/971 610/336/311 1452/222/199
f 1456/311/286 1458/1667/1652 601/1004/956
f 1459/1668/1653 1460/1669/1654 606/1007/960
f 1456/311/286 629/310/285 642/1043/993
f 1458/1667/1652 642/1043/993 637/1039/988
f 1459/1668/1653 637/1039/988 636/1036/986
f 1460/1669/1654 636/1036/986 628/1038/201
f 1481/202/179 1483/1690/1670 724/1122/1083
f 724/1122/1083 1483/1690/1670 1484/1687/1668
f 725/1124/1085 1484/1687/1668 1485/1688/1669
f 731/1128/1089 1485/1688/1669 1482/1689/305
f 1483/1690/1670 739/1134/1093 747/1138/1097
f 1494/1356/1333 713/1113/1072 707/1107/1065
f 1495/1358/1335 707/1107/1065 706/1104/1063
f 1501/1363/1339 706/1104/1063 698/1106/192
f 877/1854/1858 874/533/490 1622/534/491
f 872/1865/1869 1633/1864/1868 1634/1866/1870
f 1633/1864/1868 892/1846/1850 891/1848/1852
f 1640/1875/1879 1637/506/463 883/526/483
f 895/1860/1864 893/471/434 1637/506/463
f 884/470/433 887/1870/1874 1643/1877/1881
f 886/1872/1876 885/1874/1878 1645/1881/1885
f 906/1886/1890 907/1887/1891 1650/1884/1888
f 1655/1890/1894 1652/527/484 904/483/443
f 901/1878/1882 900/1880/1884 1660/1899/1903
f 1668/1904/1909 1669/1905/1910 916/1892/1896
f 1671/444/410 1673/1908/1912 925/1907/1180
f 1674/1910/1913 1675/1915/1914 932/1221/1185
f 909/531/488 912/1894/1898 1673/1908/1912
f 910/1916/1902 908/2200/412 1672/1917/473
f 880/1861/1865 1678/1918/1915 1679/1919/1916
f 958/1925/1922 1683/1924/1921 1684/1926/1923
f 1684/1926/1923 871/1867/1871 870/1869/1873
f 963/1923/1920 1695/1938/1935 1692/494/453
f 967/1934/1931 1699/1940/1937 1700/1941/1938
f 968/1935/1932 1700/1941/1938 1697/493/452
f 1699/1940/1937 957/1927/1924 956/1929/1926
f 1700/1941/1938 956/1929/1926 954/459/422
f 1256/1/1 92/70/2 1/2/2
f 1207/4/4 236/182/161 20/5/5
f 88/7/2 1201/61/56 242/8/7
f 4/13/2 89/43/2 1221/14/11
f 216/16/13 1207/4/4 105/6/6
f 227/18/15 1252/164/143 101/19/16
f 241/21/18 15/83/75 108/22/19
f 3/9/2 87/27/2 1196/24/21
f 1211/26/23 232/160/140 4/13/2
f 1217/12/10 113/11/9 22/28/24
f 1227/30/26 104/96/87 19/31/27
f 1222/33/29 116/90/82 26/34/30
f 246/29/25 22/28/24 107/36/32
f 1242/40/36 112/50/45 18/41/37
f 89/43/2 2/156/2 251/44/39
f 1247/46/41 114/45/40 1359/47/42
f 283/49/44 25/103/94 112/50/45
f 90/51/46 5/153/46 261/52/47
f 1257/54/49 216/16/13 16/17/14
f 288/56/51 1257/54/49 103/55/50
f 294/58/53 1267/66/61 109/59/54
f 1/2/2 226/193/170 1201/61/56
f 1272/62/57 288/56/51 17/57/52
f 299/64/59 1272/62/57 111/63/58
f 1267/66/61 304/770/717 1356/67/62
f 6/68/2 293/130/115 1251/69/63
f 1202/119/107 227/18/15 14/20/17
f 1262/120/108 299/1475/59 21/121/60
f 106/122/109 21/121/60 403/123/106
f 242/8/7 1211/26/23 87/27/2
f 1212/23/20 108/22/19 24/76/68
f 93/129/2 1266/146/128 293/130/115
f 217/3/3 1/2/2 88/7/2
f 1237/135/118 266/744/689 1360/136/119
f 110/137/120 1360/136/119 371/138/121
f 222/35/31 26/34/30 115/89/81
f 241/21/18 1202/119/107 102/87/79
f 1261/145/127 305/779/726 1266/146/128
f 298/147/129 1261/145/127 93/129/2
f 5/153/46 91/169/148 1241/154/135
f 1216/155/136 247/161/141 2/156/2
f 232/160/140 1216/155/136 89/43/2
f 247/161/141 1231/186/164 90/51/46
f 1252/164/143 294/58/53 13/60/55
f 91/169/148 1236/172/151 284/170/149
f 1246/171/150 267/753/698 1236/172/151
f 1262/120/108 106/122/109 1357/177/156
f 289/179/158 6/68/2 92/70/2
f 106/122/109 1341/124/110 408/180/159
f 262/42/38 18/41/37 104/96/87
f 1271/148/130 93/129/2 6/68/2
f 2/156/2 90/51/46 1226/53/48
f 1197/141/124 115/89/81 20/5/5
f 1237/185/118 110/188/120 25/103/94
f 1231/186/164 257/194/171 5/153/46
f 110/188/120 1316/1547/122 389/189/166
f 1206/131/116 88/7/2 3/9/2
f 87/27/2 4/13/2 221/15/12
f 92/70/2 1251/69/63 226/193/170
f 257/194/171 1246/171/150 91/169/148
f 494/206/183 32/232/209 126/207/184
f 137/211/188 1516/1702/1696 679/212/189
f 439/219/196 1404/299/274 134/220/197
f 1532/225/202 644/1048/1001 1462/226/203
f 31/229/206 126/207/184 1386/230/207
f 32/232/209 528/300/275 1386/230/207
f 30/252/228 124/277/252 1367/253/229
f 1409/262/238 137/211/188 1531/263/239
f 440/265/241 1514/1699/1690 118/266/242
f 495/270/246 1415/267/243 118/266/242
f 493/272/248 1516/1702/1696 137/211/188
f 441/276/251 31/229/206 124/277/252
f 1429/291/266 1884/304/279 1536/292/267
f 1420/294/269 503/908/857 1520/295/270
f 31/229/206 575/231/208 1367/253/229
f 1404/299/274 479/881/834 1532/225/202
f 1884/304/279 1486/1350/1327 735/305/280
f 118/266/242 1514/1699/1690 664/312/287
f 1531/263/239 137/211/188 1467/213/190
f 118/266/242 1471/313/288 680/315/290
f 441/276/251 1414/208/185 126/207/184
f 480/322/297 1405/278/253 124/277/252
f 646/323/298 1466/339/314 132/324/299
f 1461/325/300 132/324/299 1472/326/301
f 117/296/271 1520/295/270 716/332/307
f 480/322/297 30/252/228 125/298/273
f 494/206/183 1410/338/313 125/298/273
f 1472/326/301 132/324/299 1466/339/314
f 134/220/197 1462/226/203 662/341/316
f 468/343/318 1420/294/269 117/296/271
f 1525/344/319 117/296/271 1476/333/308
f 1601/346/321 143/415/322 36/347/322
f 139/352/322 1546/406/375 777/353/327
f 39/358/322 140/388/322 1566/359/331
f 762/363/335 1597/507/464 152/364/336
f 776/366/338 50/428/394 159/367/339
f 38/354/322 138/372/322 1541/369/341
f 1556/371/343 767/503/461 39/358/322
f 1562/357/330 164/356/329 57/373/344
f 1567/378/349 167/435/401 60/379/350
f 1587/385/356 163/395/365 53/386/357
f 140/388/322 37/499/322 786/389/359
f 818/394/364 1708/448/414 163/395/365
f 141/396/322 40/496/455 796/397/366
f 842/403/372 1612/411/380 160/404/373
f 36/347/322 761/536/493 1546/406/375
f 847/409/378 1617/407/376 162/408/377
f 1612/411/380 852/1193/1154 1701/412/381
f 41/413/322 841/473/435 1596/414/382
f 59/421/387 884/470/433 1641/422/388
f 50/428/394 894/430/396 1636/431/397
f 57/373/344 899/500/458 1656/438/404
f 1708/448/414 937/1241/1204 1666/449/415
f 49/365/337 152/364/336 1676/454/418
f 152/364/336 48/405/374 959/455/419
f 48/405/374 160/404/373 1691/461/424
f 160/404/373 1701/412/381 971/462/425
f 1547/464/427 762/363/335 49/365/337
f 1607/465/428 847/409/378 56/410/379
f 157/466/429 56/410/379 964/463/426
f 777/353/327 1556/371/343 138/372/322
f 1557/368/340 159/367/339 59/421/387
f 144/472/322 1611/489/448 841/473/435
f 752/348/323 36/347/322 139/352/322
f 801/478/438 1705/481/441 161/479/439
f 1705/481/441 918/1206/1168 1661/482/442
f 776/366/338 1547/464/427 153/432/398
f 1606/488/447 853/1202/1164 1611/489/448
f 846/490/449 1606/488/447 144/472/322
f 40/496/455 142/512/469 1586/497/456
f 1561/498/457 782/504/462 37/499/322
f 767/503/461 1561/498/457 140/388/322
f 782/504/462 1576/530/487 141/396/322
f 1597/507/464 842/403/372 48/405/374
f 1773/508/465 173/604/466 61/509/466
f 142/512/469 1581/515/472 819/513/470
f 1591/514/471 802/1158/1120 1581/515/472
f 1607/465/428 157/466/429 1702/520/477
f 837/522/479 41/413/322 143/415/322
f 157/466/429 1686/467/430 969/523/480
f 1616/491/450 144/472/322 41/413/322
f 37/499/322 141/396/322 1571/398/367
f 1582/480/440 161/479/439 1709/528/485
f 1576/530/487 792/537/494 40/496/455
f 161/479/439 1661/482/442 935/532/489
f 1551/474/436 139/352/322 38/354/322
f 138/372/322 39/358/322 756/360/332
f 143/415/322 1596/414/382 761/536/493
f 792/537/494 1591/514/471 142/512/469
f 1724/538/495 1006/711/652 80/539/496
f 169/541/466 1718/595/547 1012/542/498
f 1001/544/499 84/610/559 194/545/500
f 64/547/466 170/577/466 1738/548/502
f 986/550/504 1724/538/495 186/540/497
f 997/552/506 1769/696/637 182/553/507
f 1011/555/509 75/617/566 189/556/510
f 63/543/466 168/561/466 1713/558/512
f 1728/560/514 1002/692/634 64/547/466
f 1734/546/501 194/545/500 82/562/515
f 1744/564/517 185/630/579 79/565/518
f 1739/567/520 197/624/573 86/568/521
f 1016/563/516 82/562/515 188/570/523
f 1749/571/524 188/570/523 83/572/525
f 1759/574/527 193/584/536 78/575/528
f 170/577/466 62/688/630 1021/578/530
f 1026/573/526 83/572/525 195/579/531
f 1764/580/532 195/579/531 1876/581/533
f 1054/583/535 85/637/586 193/584/536
f 171/585/537 65/685/627 1031/586/538
f 1774/588/540 986/550/504 76/551/505
f 1059/590/542 1774/588/540 184/589/541
f 1065/592/544 1784/600/552 190/593/545
f 61/509/466 996/720/661 1718/595/547
f 1789/596/548 1059/590/542 77/591/543
f 1070/598/550 1789/596/548 192/597/549
f 1784/600/552 1075/1289/1255 1873/601/553
f 66/602/466 1064/662/607 1768/603/554
f 186/540/497 80/539/496 1113/605/555
f 70/607/557 1098/717/658 1819/608/558
f 84/610/559 1108/659/605 1813/611/560
f 1122/612/561 68/629/578 178/613/562
f 184/589/541 76/551/505 1093/615/564
f 75/617/566 183/621/570 1798/618/567
f 75/617/566 1118/619/568 1808/620/569
f 183/621/570 74/554/508 1102/622/571
f 196/623/572 1793/676/618 1113/605/555
f 197/624/573 1818/626/575 1097/625/574
f 79/565/518 1127/631/580 1818/626/575
f 82/562/515 1123/689/631 1828/627/576
f 1814/628/577 177/609/557 68/629/578
f 185/630/579 1823/632/581 1127/631/580
f 78/575/528 1137/636/585 1823/632/581
f 83/572/525 1133/715/656 1843/633/582
f 1829/614/563 178/613/562 71/634/583
f 193/584/536 1838/638/587 1137/636/585
f 85/637/586 1160/716/657 1838/638/587
f 195/579/531 1843/633/582 1143/639/588
f 1092/640/589 1804/674/617 176/641/557
f 74/554/508 182/553/507 1848/643/590
f 182/553/507 73/594/546 1169/644/591
f 192/597/549 77/591/543 1165/645/592
f 180/647/557 72/666/557 1164/648/594
f 73/594/546 190/593/545 1863/650/596
f 190/593/545 1873/601/553 1181/651/597
f 81/599/551 192/597/549 1868/646/593
f 1719/653/599 997/552/506 74/554/508
f 1779/654/600 1070/598/550 81/599/551
f 187/655/601 81/599/551 1174/652/598
f 67/642/557 176/641/557 1799/657/603
f 1012/542/498 1728/560/514 168/561/466
f 1729/557/511 189/556/510 84/610/559
f 189/556/510 1808/620/569 1108/659/605
f 176/641/557 69/675/557 1117/660/606
f 174/661/466 1783/678/620 1064/662/607
f 987/510/467 61/509/466 169/541/466
f 76/551/505 186/540/497 1803/606/556
f 1170/664/609 1864/683/625 181/665/557
f 1022/566/519 79/565/518 197/624/573
f 1754/667/610 1036/2201/1227 1877/668/611
f 191/669/612 1877/668/611 1142/670/613
f 177/609/557 1819/608/558 1128/672/615
f 992/569/522 86/568/521 196/623/572
f 1011/555/509 1719/653/599 183/621/570
f 1804/674/617 1112/719/660 69/675/557
f 86/568/521 1097/625/574 1793/676/618
f 1778/677/619 1076/1298/1266 1783/678/620
f 1069/679/621 1778/677/619 174/661/466
f 181/665/557 1859/684/626 1175/681/623
f 1864/683/625 1180/1324/1298 1859/684/626
f 65/685/627 172/698/639 1758/686/628
f 1733/687/629 1017/693/635 62/688/630
f 194/545/500 1813/611/560 1123/689/631
f 71/634/583 1138/710/651 1839/690/632
f 1002/692/634 1733/687/629 170/577/466
f 1017/693/635 1748/714/655 171/585/537
f 175/694/557 1809/695/636 1117/660/606
f 70/607/557 1107/712/653 1809/695/636
f 1769/696/637 1065/592/544 73/594/546
f 67/642/557 180/647/557 1854/649/595
f 1849/697/638 1170/664/609 72/666/557
f 172/698/639 1753/701/642 1055/699/640
f 1763/700/641 1037/1272/1236 1753/701/642
f 1844/702/643 179/691/633 1834/703/644
f 179/691/633 1839/690/632 1159/705/646
f 1779/654/600 187/655/601 1874/706/647
f 1060/708/649 66/602/466 173/604/466
f 77/591/543 184/589/541 1853/616/565
f 187/655/601 1858/656/602 1179/709/650
f 1032/576/529 78/575/528 185/630/579
f 1788/680/622 174/661/466 66/602/466
f 72/666/557 181/665/557 1869/682/624
f 178/613/562 1824/713/654 1138/710/651
f 62/688/630 171/585/537 1743/587/539
f 1714/673/616 196/623/572 80/539/496
f 1107/712/653 70/607/557 177/609/557
f 68/629/578 1128/672/615 1824/713/654
f 1754/667/610 191/669/612 85/637/586
f 1748/714/655 1027/721/662 65/685/627
f 188/570/523 1828/627/576 1133/715/656
f 191/669/612 1833/671/614 1160/716/657
f 1723/663/608 169/541/466 63/543/466
f 168/561/466 64/547/466 991/549/503
f 1098/717/658 70/607/557 175/694/557
f 1794/718/659 175/694/557 69/675/557
f 173/604/466 1768/603/554 996/720/661
f 1027/721/662 1763/700/641 172/698/639
f 1132/635/584 71/634/583 179/691/633
f 1103/658/604 1849/697/638 180/647/557
f 201/722/663 204/726/667 203/723/664
f 202/725/666 205/728/669 204/726/667
f 204/726/667 215/729/670 212/727/668
f 199/730/671 206/2202/674 209/731/672
f 206/733/674 207/743/2188 210/734/675
f 208/732/673 209/731/672 205/736/676
f 209/735/678 210/734/2189 215/738/679
f 200/739/681 211/742/685 214/740/682
f 212/727/684 215/729/687 214/740/682
f 214/740/682 210/734/688 207/743/686
f 266/744/689 269/747/692 271/745/690
f 269/747/692 270/756/701 272/748/693
f 271/745/690 272/748/693 273/750/695
f 274/751/696 277/755/700 276/752/697
f 275/754/699 278/757/702 277/755/700
f 277/755/700 272/748/693 270/756/701
f 278/757/702 273/750/695 272/748/693
f 268/48/43 279/1585/705 281/758/703
f 280/762/704 281/761/703 278/757/707
f 281/761/703 282/749/2190 273/750/709
f 303/178/157 306/765/712 308/763/710
f 306/765/712 313/1583/2191 309/766/713
f 307/764/711 308/763/710 320/767/714
f 308/763/710 309/766/713 310/769/716
f 304/770/717 311/1482/720 314/771/718
f 311/773/720 312/781/1455 315/774/721
f 314/775/718 315/774/721 310/769/723
f 316/777/724 319/780/727 318/778/725
f 317/768/715 320/767/714 319/780/727
f 319/780/727 315/774/729 312/781/728
f 320/767/714 310/769/716 315/774/729
f 371/782/121 374/2203/732 376/783/730
f 375/784/731 376/783/730 387/787/734
f 376/783/730 377/786/2192 378/789/736
f 372/105/96 379/792/739 381/790/737
f 379/792/739 380/797/746 382/793/740
f 381/790/737 382/793/740 378/789/742
f 383/794/743 386/796/745 385/795/744
f 384/788/735 387/787/747 386/796/745
f 386/796/745 382/793/740 380/797/746
f 387/787/747 378/789/742 382/793/740
f 408/180/159 411/1566/750 413/798/748
f 411/800/750 412/811/760 414/801/751
f 413/802/748 414/801/751 415/805/753
f 416/806/755 419/810/759 418/807/756
f 417/809/758 420/812/761 419/810/759
f 419/810/759 414/801/762 412/811/760
f 420/812/761 415/805/767 414/801/762
f 410/117/105 421/1581/765 423/813/763
f 422/814/764 423/813/763 420/812/761
f 423/813/763 424/804/766 415/805/767
f 428/816/768 431/819/771 430/817/769
f 432/821/773 435/825/777 434/822/774
f 433/824/776 438/2204/772 435/825/777
f 435/825/777 431/827/771 429/818/770
f 437/830/780 438/2204/772 433/824/776
f 457/851/801 454/1718/2193 453/853/802
f 1891/850/804 1882/849/2194 456/855/805
f 465/864/814 467/1633/2195 1889/865/815
f 474/872/827 477/876/2196 473/870/828
f 476/877/829 475/2205/2197 478/878/830
f 482/879/832 484/883/836 483/880/833
f 486/886/838 485/894/835 488/887/839
f 489/891/841 492/893/843 491/892/842
f 490/885/837 484/884/836 492/893/843
f 492/893/843 485/894/835 486/886/838
f 501/900/852 497/1707/2198 496/902/847
f 502/903/853 496/902/847 498/905/849
f 506/906/855 508/910/859 507/907/856
f 511/913/861 509/921/858 512/914/862
f 513/918/866 516/920/868 515/919/867
f 514/912/860 508/911/859 516/920/868
f 516/920/868 509/921/858 511/913/861
f 1881/932/878 1880/925/2199 522/933/879
f 538/243/220 541/2206/888 544/938/885
f 542/940/887 545/951/890 544/941/885
f 544/938/885 555/945/891 552/943/889
f 539/290/265 546/1605/894 549/946/892
f 546/948/894 547/956/904 550/949/895
f 548/947/893 549/946/892 545/951/896
f 549/946/898 550/2207/2200 555/952/899
f 551/953/901 554/955/903 553/954/902
f 552/943/889 555/945/905 554/955/903
f 554/955/903 550/949/906 547/956/904
f 559/958/907 562/961/910 561/959/908
f 560/960/909 563/969/918 562/961/910
f 562/961/910 574/964/913 571/962/911
f 562/961/910 563/969/918 564/963/912
f 565/965/914 568/968/917 567/966/915
f 566/967/916 569/973/922 568/968/917
f 568/968/917 563/969/918 560/960/909
f 568/968/917 569/973/922 564/963/912
f 558/302/277 570/972/921 573/970/919
f 570/972/921 571/962/911 574/964/913
f 572/971/920 573/970/919 569/973/922
f 573/970/919 574/964/913 564/963/912
f 578/974/923 581/977/926 580/975/924
f 579/976/925 582/979/928 581/977/926
f 581/977/926 592/980/929 589/978/927
f 576/301/276 583/983/932 586/981/930
f 583/983/932 584/1596/1565 587/984/933
f 585/985/931 586/2208/930 582/979/934
f 586/981/936 587/984/2201 592/986/937
f 577/269/245 588/990/941 591/988/939
f 588/990/941 589/978/927 592/980/942
f 591/988/939 587/993/944 584/991/943
f 593/281/256 596/996/947 599/994/945
f 598/995/946 599/994/945 608/998/949
f 594/309/284 601/1004/956 599/1002/954
f 601/1004/956 602/1010/963 608/1005/957
f 604/1006/959 607/1009/961 606/1007/960
f 605/999/950 608/998/949 607/1009/961
f 607/1009/962 608/1005/957 602/1010/963
f 612/1011/964 615/1014/967 614/1012/965
f 613/1013/966 616/1024/969 615/1014/967
f 615/1014/967 626/1017/970 623/1015/968
f 617/1018/971 620/1022/974 619/1019/972
f 618/1021/973 621/1023/975 620/1022/974
f 620/1022/974 616/1024/969 613/1013/966
f 622/1025/976 625/1028/979 624/1026/977
f 623/1015/968 626/1017/970 625/1028/979
f 625/1028/979 621/1023/975 618/1021/973
f 626/1017/970 616/1016/969 621/1023/975
f 627/320/295 630/1031/982 633/1029/980
f 630/1031/982 631/1041/991 634/1032/983
f 636/1036/986 639/1040/990 638/1037/987
f 637/1039/988 634/1045/997 639/1040/989
f 639/1040/990 634/1032/983 631/1041/991
f 629/310/285 640/1044/1680 643/1042/992
f 641/1034/994 633/1033/2202 643/1042/995
f 642/1043/993 643/1042/995 634/1045/997
f 643/1042/995 633/1033/2202 635/1035/998
f 647/1046/999 650/1050/1003 649/1047/1000
f 648/1049/1002 651/1059/1005 650/1050/1003
f 650/1050/1003 661/1053/1006 658/1051/1004
f 652/1054/1007 655/1057/1010 654/1055/1008
f 653/1056/1009 656/1058/1011 655/1057/1010
f 655/1057/1010 651/1059/1005 648/1049/1002
f 657/1060/1012 660/1063/1014 659/1061/1013
f 658/1051/1004 661/1053/1006 660/1063/1014
f 660/1063/1014 656/1058/1011 653/1056/1009
f 661/1053/1006 651/1052/1005 656/1058/1011
f 662/341/316 665/1066/1017 668/1064/1015
f 665/1066/1017 666/1076/1029 674/1067/1018
f 670/1071/1024 673/1075/1027 672/1072/1025
f 671/1074/1026 674/1080/1035 673/1075/1027
f 673/1075/1028 674/1067/1018 666/1076/1029
f 664/312/287 675/1079/1695 678/1077/1030
f 676/1069/1032 668/1068/2203 678/1077/1033
f 677/1078/1031 678/1077/1030 674/1080/1035
f 678/1077/1033 668/1068/2203 669/1070/1036
f 679/212/189 682/1703/1040 684/1081/1038
f 683/1082/1039 684/1081/1038 696/1085/1042
f 684/1081/1038 685/1084/1041 686/1087/1044
f 680/315/290 687/1090/1047 690/1088/1045
f 687/1090/1047 688/1096/1055 691/1091/1048
f 689/1089/1049 690/1088/1045 685/1084/1050
f 690/1088/1045 691/1091/1048 686/1087/1044
f 692/1092/1052 695/1095/1054 694/1093/1053
f 693/1086/1043 696/1085/1042 695/1095/1054
f 695/1095/1054 691/1091/1048 688/1096/1055
f 696/1085/1042 686/1087/1044 691/1091/1048
f 697/345/320 700/1099/1058 703/1097/1056
f 700/1099/1058 701/1109/1665 704/1100/1059
f 702/1098/1057 703/1097/1056 715/1101/1060
f 703/1097/1056 704/1100/1059 705/1103/1062
f 706/1104/1063 709/1108/1066 708/1105/1064
f 707/1107/1065 710/1110/1068 709/1108/1066
f 709/1108/1066 704/1100/1069 701/1109/1067
f 710/1110/1068 705/1103/1075 704/1100/1069
f 699/1111/1070 711/1114/1074 714/1112/1071
f 712/1102/1073 715/1101/2204 714/1112/1071
f 713/1113/1072 714/1112/1071 710/1110/1068
f 714/1112/1071 715/1101/2204 705/1103/1075
f 719/1115/1076 722/1118/1079 721/1116/1077
f 720/1117/1078 723/1120/1081 722/1118/1079
f 722/1118/1079 733/1121/1082 730/1119/1080
f 724/1122/1083 727/1125/1086 726/1123/1084
f 725/1124/1085 728/1126/1087 727/1125/1086
f 727/1125/1086 723/1120/1081 720/1117/1078
f 728/1126/1087 733/1131/1082 723/1120/1081
f 729/1127/1088 732/1130/1090 731/1128/1089
f 730/1119/1080 733/1121/1082 732/1130/1090
f 732/1130/1090 728/1126/1087 725/1124/1085
f 734/1132/1091 737/1136/1095 740/1133/1092
f 738/1135/1094 741/1142/2205 740/1133/1092
f 739/1134/1093 740/1133/1092 750/1137/1096
f 740/1133/1092 741/1142/2205 742/1139/1098
f 735/305/1099 743/1691/2206 742/1140/1100
f 745/1141/1101 742/1140/1100 741/1142/1102
f 746/1143/1104 749/1146/1106 748/1144/1105
f 747/1138/1097 750/1137/1096 749/1146/1106
f 749/1146/1106 743/1148/1109 744/1147/1107
f 750/1137/1108 742/1139/2207 743/1148/1109
f 801/478/438 804/1151/1112 807/1149/1110
f 804/1151/1112 805/1161/1123 808/1152/1113
f 806/1150/1114 807/1149/1110 803/1153/1115
f 807/1149/1110 808/1152/1113 809/1155/1117
f 810/1156/1118 813/1160/1122 812/1157/1119
f 811/1159/1121 815/1162/1124 813/1160/1122
f 813/1160/1122 808/1152/1113 805/1161/1123
f 815/1162/1124 809/1155/1117 808/1152/1125
f 816/1167/1130 803/1153/1115 809/1155/1117
f 820/1168/1131 823/1171/1134 822/1169/1132
f 821/1170/1133 824/1173/1136 823/1171/1134
f 823/1171/1134 835/1174/1137 832/1172/1135
f 824/1173/1136 825/1180/1142 835/1174/1137
f 818/1175/364 826/1178/1140 829/1176/1138
f 826/1178/1140 827/1184/1808 830/1179/1141
f 828/1177/1139 829/1176/1138 824/1173/1136
f 829/1176/1138 830/1179/1141 825/1180/1142
f 819/513/470 831/1183/1145 834/1181/1143
f 831/1183/1145 832/1172/1135 835/1174/1137
f 833/1182/1144 834/1181/1143 830/1179/1141
f 834/1181/1143 835/1174/1137 825/1180/1142
f 851/1185/478 854/2209/1149 856/1186/1147
f 855/1187/1148 856/1186/1147 867/1190/1151
f 856/1186/1147 857/1189/1150 858/1192/1153
f 852/1193/1154 859/1196/1157 861/1194/1155
f 859/1196/1157 860/1839/1845 862/1197/1158
f 861/1194/1155 862/1197/1158 858/1199/1160
f 863/1200/1162 866/1203/1165 865/1201/1163
f 864/1191/1152 867/1190/1151 866/1203/1165
f 866/1203/1165 862/1205/1167 860/1204/1166
f 867/1190/1151 858/1192/1153 862/1205/1167
f 918/1206/1168 927/1952/1171 922/1207/1169
f 921/1208/1170 922/1207/1169 934/1211/1173
f 922/1207/1175 923/1210/2208 924/1213/1176
f 919/450/416 925/1907/1180 928/1214/1178
f 925/1216/1180 926/1224/1188 929/1217/1181
f 928/1218/1178 929/1217/1181 924/1213/1183
f 930/1220/1184 933/1223/1187 932/1221/1185
f 931/1212/1186 934/1211/1189 933/1223/1187
f 933/1223/1187 929/1217/1181 926/1224/1188
f 934/1211/1189 924/1213/1183 929/1217/1181
f 935/532/489 938/1227/1192 941/1225/1190
f 938/1227/1192 939/1238/1905 942/1228/1193
f 940/1226/1191 941/1225/1190 953/1229/1194
f 941/1225/1190 942/1228/1193 943/1231/1196
f 936/1232/476 944/2210/1199 947/1233/1197
f 944/1235/1199 945/1245/1206 948/1236/1200
f 946/1234/1198 947/1233/1197 942/1228/1193
f 947/1233/1197 948/1246/1200 943/1231/1196
f 949/1239/1202 952/1244/1205 951/1240/1203
f 950/1230/1195 953/1229/1194 952/1242/1205
f 952/1244/1205 948/1236/1200 945/1245/1206
f 953/1229/1194 943/1231/1196 948/1246/1200
f 969/523/480 972/1249/1209 974/1247/1207
f 972/1249/1209 973/1258/1219 975/1250/1210
f 974/1247/1207 975/1250/1210 976/1252/1212
f 977/1253/1214 980/1257/1218 979/1254/1215
f 978/1256/1217 981/1259/1220 980/1257/1218
f 980/1257/1218 975/1250/1221 973/1258/1219
f 981/1259/1220 976/1252/1226 975/1250/1221
f 971/462/425 982/1943/1224 984/1260/1222
f 983/1261/1223 984/1260/1222 981/1259/1220
f 984/1260/1222 985/1251/1225 976/1252/1226
f 1036/1263/1227 1039/1266/1230 1042/1264/1228
f 1039/1266/1230 1040/1275/1239 1043/1267/1231
f 1042/1264/1228 1043/1267/1231 1044/1269/1233
f 1045/1270/1234 1048/1274/1238 1047/1271/1235
f 1046/1273/1237 1049/1276/1240 1048/1274/1238
f 1048/1274/1238 1043/1267/1231 1040/1275/1239
f 1049/1276/1240 1044/1269/1233 1043/1267/1231
f 1038/1277/534 1050/1280/2167 1052/1278/1241
f 1050/1280/1243 1041/2183/2209 1053/1268/1244
f 1051/1279/1242 1052/1278/1241 1049/1276/1245
f 1052/1278/1241 1053/1268/1244 1044/1269/1247
f 1074/1281/648 1077/2211/1250 1079/1282/1248
f 1078/1283/1249 1079/1282/1248 1091/1286/1252
f 1079/1282/1248 1080/1285/1251 1081/1288/1254
f 1075/1289/1255 1082/2079/1258 1085/1290/1256
f 1082/1292/1258 1083/1300/2066 1086/1293/1259
f 1084/1295/1260 1085/1294/1256 1080/1285/1261
f 1085/1294/1256 1086/1293/1259 1081/1288/1263
f 1087/1296/1264 1090/1299/1267 1089/1297/1265
f 1088/1287/1253 1091/1286/1252 1090/1299/1267
f 1090/1299/1267 1086/1293/1269 1083/1300/1268
f 1091/1286/1252 1081/1288/1254 1086/1293/1269
f 1142/670/613 1145/2188/1272 1147/1301/1270
f 1146/1302/1271 1147/1301/1270 1158/1305/1274
f 1147/1301/1270 1148/1304/1273 1149/1307/1276
f 1143/639/588 1150/1310/1279 1152/1308/1277
f 1150/1310/1279 1151/1315/1287 1153/1311/1280
f 1152/1308/1277 1153/1311/1280 1149/1307/1282
f 1154/1312/1284 1157/1314/1286 1156/1313/1285
f 1155/1306/1275 1158/1305/1288 1157/1314/1286
f 1157/1314/1286 1153/1311/1280 1151/1315/1287
f 1158/1305/1288 1149/1307/1282 1153/1311/1280
f 1179/709/650 1182/1318/1291 1184/1316/1289
f 1182/1318/1291 1183/1327/1301 1185/1319/1292
f 1184/1316/1289 1185/1319/1292 1186/1321/1294
f 1187/1322/1296 1190/1326/1300 1189/1323/1297
f 1188/1325/1299 1191/1328/1302 1190/1326/1300
f 1190/1326/1300 1185/1319/1303 1183/1327/1301
f 1191/1328/1302 1186/1321/1308 1185/1319/1303
f 1181/651/597 1192/2177/1306 1194/1329/1304
f 1193/1330/1305 1194/1329/1304 1191/1328/1302
f 1194/1329/1304 1195/1320/1307 1186/1321/1308
f 1432/1332/1309 1435/1335/1312 1434/1333/1310
f 1433/1334/1311 1436/1338/1315 1435/1335/1312
f 1434/1333/1310 1435/1335/1312 1445/1336/1313
f 1436/1338/1315 1440/1344/1324 1445/1336/1313
f 1439/1340/1317 1437/1339/1316 1436/1338/1320
f 1441/1345/1321 1444/1347/1323 1443/1346/1322
f 1442/1337/1314 1445/1336/1313 1444/1347/1323
f 1444/1347/1323 1440/1343/1324 1438/1342/1318
f 1489/1348/1325 1492/1352/1329 1491/1349/1326
f 1490/1351/1328 1493/1360/1331 1492/1352/1329
f 1492/1352/1329 1503/1355/1332 1500/1353/1330
f 1494/1356/1333 1497/1359/1336 1496/1357/1334
f 1495/1358/1335 1498/1361/1337 1497/1359/1336
f 1496/1357/1334 1497/1359/1336 1493/1360/1331
f 1499/1362/1338 1502/1365/1341 1501/1363/1339
f 1499/1362/1338 1500/1353/1674 1503/1355/1340
f 1501/1363/1339 1502/1365/1341 1498/1361/1337
f 1503/1355/1332 1493/1354/1331 1498/1361/1337
f 237/25/22 1196/24/21 1198/1366/1342
f 240/1367/1343 1198/1366/1342 1199/1368/1344
f 239/1369/1346 1199/1368/1351 1200/1370/1347
f 1200/1372/1347 1197/141/124 236/182/161
f 1196/24/21 221/15/12 223/1374/1349
f 1198/1366/1342 223/1374/1349 224/1375/1350
f 1199/1368/1351 224/1375/1389 225/1376/1352
f 225/1377/1352 222/35/31 1197/141/124
f 1201/61/56 1203/1379/1354 245/1378/1353
f 1203/1379/1354 1204/1381/1360 244/1380/1355
f 1204/1381/1356 1205/1386/1362 243/1382/1357
f 243/1383/1357 1205/1387/1362 1202/119/107
f 226/193/170 228/1384/1359 1203/1379/1354
f 228/1384/1359 229/1385/1428 1204/1381/1360
f 229/1385/1361 230/1454/1430 1205/1386/1362
f 1205/1387/1362 230/1455/1430 227/18/15
f 1206/131/116 1208/1389/1364 220/1388/1363
f 1208/1389/1364 1209/1391/1369 219/1390/1365
f 1209/1391/1366 1210/1394/1370 218/1392/1367
f 218/1393/1367 1210/1395/1370 1207/4/4
f 237/25/22 240/1367/1343 1208/1389/1364
f 240/1367/1343 239/1369/1345 1209/1391/1369
f 239/1369/1346 238/1371/1348 1210/1394/1370
f 1210/1395/1370 238/1373/1348 236/182/161
f 232/160/140 1211/26/23 1213/1396/1371
f 235/1397/1372 1213/1396/1371 1214/1398/1373
f 234/1399/1375 1214/1398/1378 1215/1400/1376
f 1215/1402/1376 1212/23/20 231/10/8
f 1211/26/23 242/8/7 245/1378/1353
f 1213/1396/1371 245/1378/1353 244/1380/1355
f 1214/1398/1378 244/1380/1358 243/1382/1357
f 243/1383/1357 241/21/18 1212/23/20
f 247/161/141 1216/155/136 1218/1404/1379
f 250/1405/1380 1218/1404/1379 1219/1406/1381
f 249/1407/1383 1219/1406/1386 1220/1408/1384
f 1220/1410/1384 1217/12/10 246/29/25
f 1216/155/136 232/160/140 235/1397/1372
f 1218/1404/1379 235/1397/1372 234/1399/1374
f 1219/1406/1386 234/1399/1375 233/1401/1377
f 233/1403/1377 231/10/8 1217/12/10
f 221/15/12 1221/14/11 1223/1412/1387
f 223/1374/1349 1223/1412/1387 1224/1413/1388
f 224/1375/1389 1224/1413/1393 1225/1414/1390
f 1225/1415/1390 1222/33/29 222/35/31
f 1221/14/11 251/44/39 253/1416/1391
f 1223/1412/1387 253/1416/1391 254/1417/1392
f 1224/1413/1393 254/1417/1397 255/1418/1394
f 255/1419/1394 252/32/28 1222/33/29
f 251/44/39 1226/53/48 1228/1420/1395
f 253/1416/1391 1228/1420/1395 1229/1421/1396
f 254/1417/1397 1229/1421/1401 1230/1422/1398
f 1230/1423/1398 1227/30/26 252/32/28
f 1226/53/48 261/52/47 263/1424/1399
f 1228/1420/1395 263/1424/1399 264/1425/1400
f 1229/1421/1401 264/1425/1419 265/1426/1402
f 265/1427/1402 262/42/38 1227/30/26
f 257/194/171 1231/186/164 1233/1428/1403
f 260/1429/1404 1233/1428/1403 1234/1430/1405
f 259/1431/1407 1234/1430/1410 1235/1432/1408
f 1235/1434/1408 1232/37/33 256/39/35
f 1231/186/164 247/161/141 250/1405/1380
f 1233/1428/1403 250/1405/1380 249/1407/1382
f 1234/1430/1410 249/1407/1383 248/1409/1385
f 248/1411/1385 246/29/25 1232/37/33
f 1236/172/151 1238/1437/1412 287/1436/1411
f 1238/1437/1412 1239/1439/1414 286/1438/1413
f 1239/1439/1414 1240/1443/1416 285/1440/1415
f 1240/1441/1416 1237/185/118 283/49/44
f 267/753/698 276/752/697 1238/1437/1412
f 276/752/697 270/756/701 1239/1439/1414
f 270/756/701 269/747/692 1240/1443/1416
f 269/747/692 266/744/689 1237/135/118
f 261/52/47 1241/154/135 1243/1444/1417
f 263/1424/1399 1243/1444/1421 1244/1445/1418
f 264/1425/1419 1244/1445/1422 1245/1446/1420
f 265/1427/1402 1245/1447/1420 1242/40/36
f 1241/154/135 284/170/149 287/1436/1411
f 1243/1444/1421 287/1436/1411 286/1438/1413
f 1244/1445/1422 286/1438/1413 285/1440/1415
f 285/1442/1415 283/49/44 1242/40/36
f 267/753/698 1246/171/150 1248/1448/1423
f 274/751/696 1248/1448/1423 1249/1449/1424
f 275/754/708 1249/1449/1426 1250/1450/1425
f 280/759/704 1250/1451/1425 1247/46/41
f 1246/171/150 257/194/171 260/1429/1404
f 1248/1448/1423 260/1429/1404 259/1431/1406
f 1249/1449/1426 259/1431/1407 258/1433/1409
f 1250/1451/1425 258/1435/1409 256/39/35
f 1251/69/63 1253/1452/1427 228/1384/1359
f 1253/1452/1427 1254/1453/1432 229/1385/1428
f 1254/1453/1429 1255/1458/1434 230/1454/1430
f 230/1455/1430 1255/1459/1434 1252/164/143
f 293/130/115 295/1456/1431 1253/1452/1427
f 295/1456/1431 296/1457/1450 1254/1453/1432
f 296/1457/1433 297/1478/1452 1255/1458/1434
f 1255/1459/1434 297/1480/1452 294/58/53
f 1256/1/1 1258/1461/1436 292/1460/1435
f 1258/1461/1436 1259/1463/1441 291/1462/1437
f 1259/1463/1438 1260/1467/1442 290/1464/1439
f 290/1464/1439 1260/1467/1442 1257/1465/49
f 217/3/3 220/1388/1363 1258/1461/1436
f 220/1388/1363 219/1390/1365 1259/1463/1441
f 219/1390/1368 218/1392/1367 1260/1467/1442
f 1260/1467/1442 218/1392/1367 216/1468/13
f 305/779/726 1261/145/127 1263/1469/1443
f 316/777/724 1263/1469/1443 1264/1470/1444
f 317/768/715 1264/1470/1444 1265/1471/1445
f 307/764/711 1265/1471/1445 1262/120/108
f 1261/145/127 298/147/129 300/1472/1446
f 1263/1469/1443 300/1472/1446 301/1473/1447
f 1264/1470/1444 301/1473/1447 302/1474/1448
f 1265/1471/1445 302/1474/1448 299/1475/59
f 1266/146/128 1268/1476/1449 295/1456/1431
f 1268/1476/1449 1269/1477/1454 296/1457/1450
f 1269/1477/1451 1270/1481/1453 297/1478/1452
f 1270/1479/1453 1267/66/61 294/58/53
f 305/779/726 318/778/725 1268/1476/1449
f 318/778/725 312/781/728 1269/1477/1454
f 312/781/1455 311/773/720 1270/1481/1453
f 311/1482/720 304/770/717 1267/66/61
f 1271/148/130 1273/1483/1456 300/1472/1446
f 1273/1483/1456 1274/1484/1458 301/1473/1447
f 1274/1484/1457 1275/1486/1459 302/1474/1448
f 302/1474/1448 1275/1486/1459 1272/1485/57
f 289/179/158 292/1460/1435 1273/1483/1456
f 292/1460/1435 291/1462/1437 1274/1484/1458
f 291/1462/1440 290/1464/1439 1275/1486/1459
f 290/1464/1439 288/1466/51 1272/1485/57
f 1276/144/126 1278/1488/1461 345/1487/1460
f 1279/1490/1463 1280/1492/1465 343/1491/1464
f 1280/1492/1465 1277/191/168 341/192/169
f 326/91/83 328/1493/1466 1278/1488/1461
f 329/1494/1467 330/1495/1468 1280/1492/1465
f 330/1495/1468 327/190/167 1277/191/168
f 350/1497/1470 1283/1496/1469 1284/1498/1471
f 348/1501/1474 1285/1500/1473 1282/125/111
f 1281/84/76 331/88/80 333/1502/1475
f 1283/1496/1469 333/1502/1475 334/1503/1476
f 1284/1498/1471 334/1503/1476 335/1504/1477
f 1285/1500/1473 335/1504/1477 332/126/112
f 322/81/73 1286/72/65 1288/1505/1478
f 325/1506/1479 1288/1505/1478 1289/1507/1480
f 324/1508/1481 1289/1507/1480 1290/1509/1482
f 1286/72/65 342/71/64 345/1487/1460
f 1290/1509/1482 343/1491/1464 341/192/169
f 1293/1512/1485 1294/1514/1487 339/1513/1486
f 1295/1516/1489 1292/163/142 336/183/162
f 350/1497/1470 349/1499/1472 1294/1514/1487
f 349/1499/1472 348/1501/1474 1295/1516/1489
f 1296/77/69 1298/1518/1491 355/1517/1490
f 1300/1522/1495 1297/94/86 351/78/70
f 337/127/113 340/1511/1484 1298/1518/1491
f 340/1511/1484 339/1513/1486 1299/1520/1493
f 339/1513/1486 338/1515/1488 1300/1522/1495
f 338/1515/1488 336/183/162 1297/94/86
f 1301/92/84 1303/1523/1496 328/1493/1466
f 1303/1523/1496 1304/1524/1497 329/1494/1467
f 1304/1524/1497 1305/1525/1498 330/1495/1468
f 1305/1525/1498 1302/74/67 327/190/167
f 358/1526/1499 359/1527/1500 1304/1524/1497
f 359/1527/1500 360/1528/1501 1305/1525/1498
f 360/1528/1501 357/140/123 1302/74/67
f 1306/98/89 1308/1529/1502 358/1526/1499
f 366/102/93 368/1532/1505 1308/1529/1502
f 368/1532/1505 369/1533/1506 1309/1530/1503
f 1311/93/85 1313/1536/1509 365/1535/1508
f 1313/1536/1509 1314/1538/1511 364/1537/1510
f 1314/1538/1511 1315/1540/1513 363/1539/1512
f 352/157/137 355/1517/1490 1313/1536/1509
f 354/1519/1492 353/1521/1494 1315/1540/1513
f 353/1521/1494 351/78/70 1312/80/72
f 389/189/166 1316/1547/122 1318/1541/1514
f 392/1542/1515 1318/1541/1514 1319/1543/1516
f 391/1544/1517 1319/1543/1516 1320/1545/1518
f 390/1546/1519 1320/1545/1518 1317/174/153
f 1316/1547/122 371/782/121 375/784/731
f 1318/1541/1514 375/784/731 384/788/735
f 1319/1543/1516 384/788/735 383/794/743
f 1320/1545/1518 383/794/743 373/175/154
f 1323/1548/1520 1324/1549/1521 369/1533/1506
f 1324/1549/1521 1325/1550/1522 370/1534/1507
f 1325/1550/1522 1322/158/138 367/181/160
f 389/189/166 392/1542/1515 1323/1548/1520
f 392/1542/1515 391/1544/1517 1324/1549/1521
f 391/1544/1517 390/1546/1519 1325/1550/1522
f 390/1546/1519 388/176/155 1322/158/138
f 1328/1551/1523 1329/1552/1524 380/797/746
f 1329/1552/1524 1330/1553/1525 385/795/744
f 1330/1553/1525 1327/173/152 373/175/154
f 362/187/165 365/1535/1508 1328/1551/1523
f 365/1535/1508 364/1537/1510 1329/1552/1524
f 364/1537/1510 363/1539/1512 1330/1553/1525
f 363/1539/1512 361/101/92 1327/173/152
f 331/88/80 1331/109/98 1333/1554/1526
f 334/1503/1476 1334/1555/1527 1335/1556/1528
f 335/1504/1477 1335/1556/1528 1332/168/147
f 1333/1554/1526 400/1557/1529 401/1558/1530
f 1334/1555/1527 401/1558/1530 402/1559/1531
f 1335/1556/1528 402/1559/1531 399/132/117
f 394/111/100 1336/82/74 1338/1560/1532
f 397/1561/1533 1338/1560/1532 1339/1562/1534
f 396/1563/1535 1339/1562/1534 1340/1564/1536
f 395/1565/1537 1340/1564/1536 1337/115/103
f 1338/1560/1532 325/1506/1479 324/1508/1481
f 1339/1562/1534 324/1508/1481 323/1510/1483
f 1341/124/110 1343/2212/1538 411/1566/750
f 1343/1567/1538 1344/1568/1539 412/811/760
f 1344/1568/1539 1345/1569/1540 418/807/756
f 1345/1569/1540 1342/152/134 409/808/757
f 403/118/106 405/1571/1541 1343/1567/1538
f 405/1571/1541 406/1572/1542 1344/1568/1539
f 1348/1574/1544 422/814/764 417/809/758
f 1349/1575/1545 417/809/758 416/806/755
f 1350/1576/1546 416/806/755 409/808/757
f 403/118/106 1351/112/101 1353/1577/1547
f 405/1571/1541 1353/1577/1547 1354/1578/1548
f 406/1572/1542 1354/1578/1548 1355/1579/1549
f 407/1573/1543 1355/1579/1549 1352/150/132
f 1351/112/101 394/111/100 397/1561/1533
f 1353/1577/1547 397/1561/1533 396/1563/1535
f 1355/1579/1549 395/1565/1537 393/114/102
f 410/117/105 1356/67/62 1358/1580/1550
f 421/799/749 1358/1584/1554 1357/177/156
f 1356/67/62 304/770/717 313/772/1551
f 1358/1584/1554 306/765/2210 303/178/157
f 1359/47/42 1361/1587/1557 279/1585/1555
f 1361/1586/1556 1360/136/119 266/744/689
f 372/105/96 374/791/738 1361/1587/1557
f 374/1588/732 371/138/121 1360/136/119
f 1367/253/229 1369/1592/1561 565/965/914
f 575/231/208 580/975/924 1369/1592/1561
f 580/975/924 589/978/927 1370/1594/1563
f 1372/288/263 1374/1595/1567 583/983/932
f 1374/1595/1564 1375/1599/1568 584/1596/1565
f 1375/1600/1570 541/2206/888 538/243/220
f 528/300/275 1376/297/272 1378/1601/1571
f 535/936/883 1378/1601/1571 1379/1602/1572
f 1380/1604/1574 1377/274/249 526/280/255
f 1378/1601/1571 567/966/915 560/960/909
f 560/960/909 559/958/907 1380/1604/1574
f 1383/1606/1575 534/2213/2211 530/1610/1580
f 1385/251/227 1387/1617/1583 532/1612/1582
f 1387/1613/1583 1388/1618/1587 533/1614/1584
f 1388/1616/1586 1386/230/207 528/300/275
f 1385/251/227 576/301/276 585/982/931
f 1387/1613/1583 585/985/931 579/976/935
f 1388/1616/1586 578/974/923 575/231/208
f 450/845/795 1389/209/186 1391/1619/1588
f 430/817/769 438/820/772 1392/1620/1589
f 438/820/1593 436/828/1594 1393/1622/1591
f 436/828/1594 427/244/221 1390/246/222
f 1398/1627/1600 1395/236/213 459/318/293
f 1394/258/234 427/244/221 436/831/1594
f 1398/1627/1600 432/821/773 426/823/775
f 1399/317/292 461/216/193 466/1632/1595
f 1402/1630/1604 467/1633/1606 465/864/1607
f 479/881/834 1404/299/274 1406/1634/1609
f 482/879/832 1406/1634/1609 1407/1635/1610
f 485/890/1611 1407/1635/1610 1408/1636/1612
f 487/889/1613 1408/1636/1612 1405/278/253
f 439/219/196 443/833/782 1406/1634/1609
f 443/833/782 445/837/1614 1407/1635/1610
f 445/837/1614 448/1637/1615 1408/1636/1612
f 448/1637/1615 441/276/251 1405/278/253
f 493/272/248 1409/262/238 1411/1638/1616
f 496/897/845 1411/1638/1616 1412/1639/1617
f 1890/1640/1618 1412/1639/1617 1413/1641/1619
f 499/1642/1620 1413/1641/1619 1410/338/313
f 481/264/240 491/892/842 1411/1638/1616
f 491/892/842 486/886/1621 1412/1639/1617
f 486/886/1621 487/888/1613 1413/1641/1619
f 487/888/1613 480/322/297 1410/338/313
f 1414/208/185 1416/1644/1622 499/1643/1620
f 1416/1644/1622 1417/1645/1624 500/904/1623
f 1417/1645/1624 1418/1646/1625 502/901/851
f 1418/1646/1625 1415/267/243 495/270/246
f 1414/208/185 441/276/251 448/1647/1615
f 1416/1644/1622 448/1647/1615 445/844/1626
f 1417/1645/1624 445/844/1626 447/843/789
f 1418/1646/1625 447/843/789 440/265/241
f 1419/256/232 1421/1648/1628 476/877/1627
f 475/2205/2212 476/877/1627 477/1650/1630
f 476/877/1627 1421/1648/1628 477/1650/1630
f 1422/1649/1631 1423/1651/1634 472/868/1632
f 1423/1651/1634 1420/294/269 468/343/318
f 1421/1648/1628 510/916/863 509/917/1635
f 1428/1654/1638 1425/200/177 505/284/259
f 1439/1340/1317 1433/1334/1311 522/933/1641
f 1432/1332/1309 1429/291/266 519/293/268
f 595/1008/310 1446/1661/309 1448/1658/1646
f 604/1006/959 1448/1658/1646 1449/1659/1647
f 605/999/950 1449/1659/1647 1450/1660/1648
f 598/995/946 1450/1660/1648 1447/282/257
f 1451/308/283 1453/1662/1649 630/1031/982
f 1453/1662/1649 1454/1663/1650 631/1041/991
f 1454/1663/1650 1455/1664/1651 638/1037/987
f 1458/1667/1652 1459/1668/1653 602/1010/963
f 1460/1669/1654 1457/1670/200 595/1008/310
f 1461/1671/300 1463/1672/1655 657/1060/1012
f 1463/1672/1655 1464/1673/1656 658/1051/1004
f 1464/1673/1656 1465/1674/1657 649/1047/1000
f 1465/1674/1657 1462/226/203 644/1048/1001
f 663/1073/302 672/1072/1025 1463/1672/1655
f 672/1072/1025 666/1076/1029 1464/1673/1656
f 666/1076/1029 665/1066/1017 1465/1674/1657
f 665/1066/1017 662/341/316 1462/226/203
f 681/1094/315 1466/1678/314 1468/1675/1658
f 692/1092/1052 1468/1675/1658 1469/1676/1659
f 693/1086/1043 1469/1676/1659 1470/1677/1660
f 683/1082/1039 1470/1677/1660 1467/213/190
f 1466/1678/314 646/1062/298 659/1061/1013
f 1468/1675/1658 659/1061/1013 653/1056/1009
f 1469/1676/1659 653/1056/1009 652/1054/1007
f 1470/1677/1660 652/1054/1007 645/314/289
f 1471/313/288 1473/1679/1661 687/1090/1047
f 1473/1679/1661 1474/1680/1662 688/1096/1055
f 1474/1680/1662 1475/1681/1663 694/1093/1053
f 1475/1681/1663 1472/1682/301 681/1094/315
f 1471/313/288 664/312/287 677/1078/1031
f 1473/1679/1661 677/1078/1031 671/1074/1026
f 1474/1680/1662 671/1074/1026 670/1071/1024
f 1475/1681/1663 670/1071/1024 663/1073/302
f 1476/333/308 1478/1683/1664 700/1099/1058
f 1478/1683/1664 1479/1684/1666 701/1109/1665
f 1479/1684/1666 1480/1685/1667 708/1105/1064
f 1480/1685/1667 1477/1686/182 698/1106/192
f 716/332/307 721/1116/1077 1478/1683/1664
f 721/1116/1077 730/1119/1080 1479/1684/1666
f 730/1119/1080 729/1127/1088 1480/1685/1667
f 729/1127/1088 718/1129/180 1477/1686/182
f 1481/202/179 734/1132/1091 739/1134/1093
f 1484/1687/1668 747/1138/1097 746/1143/1104
f 1485/1688/1669 746/1143/1104 736/1145/306
f 1486/1350/1327 1491/1349/1326 743/1691/1671
f 1491/1349/1326 1500/1353/1330 744/1147/1672
f 1500/1353/1674 1499/1362/1338 748/1144/1105
f 1499/1362/1338 1488/1364/191 736/1145/306
f 1487/307/282 699/1111/1070 713/1113/1072
f 1504/167/146 1506/1694/1678 428/816/768
f 428/816/768 1506/1694/1678 1507/1692/1675
f 429/818/1676 1507/1692/1675 1508/1693/1677
f 434/822/774 1508/1693/1677 1505/237/214
f 609/321/296 614/1012/965 1506/1694/1678
f 1506/1694/1678 614/1012/965 623/1015/968
f 623/1015/968 622/1025/976 1508/1693/1677
f 1508/1693/1677 622/1025/976 611/1027/978
f 629/310/285 1509/247/223 1511/1695/1679
f 641/1034/1682 1511/1696/1686 1512/1697/1683
f 1512/1697/1685 1510/319/294 627/320/295
f 460/861/1608 462/863/2213 1511/1695/1679
f 1512/1697/1685 462/856/2214 459/318/293
f 1513/221/198 1515/1700/1691 442/832/781
f 446/842/790 1515/1701/1693 1514/1699/1690
f 1513/221/198 662/341/316 667/1065/1016
f 675/1079/1695 664/312/287 1514/1699/1690
f 1516/1702/1696 1518/1705/1698 682/1703/1040
f 689/1089/1046 1518/1704/1700 1517/271/247
f 1516/1702/1696 493/272/248 497/896/846
f 501/900/850 495/270/246 1517/271/247
f 505/284/259 1519/283/258 1521/1708/1701
f 513/918/866 1521/1708/1701 1522/1709/1702
f 514/912/860 1522/1709/1702 1523/1710/1703
f 507/907/856 1523/1710/1703 1520/295/270
f 1519/283/258 717/303/278 726/1123/1084
f 1521/1708/1701 726/1123/1084 720/1117/1078
f 720/1117/1078 719/1115/1076 1523/1710/1703
f 719/1115/1076 716/332/307 1520/295/270
f 699/1111/1070 1524/306/281 1526/1711/1704
f 711/1114/1705 1526/1711/1704 1527/1712/1706
f 702/1098/1057 1527/1713/1709 1525/344/319
f 1524/306/281 469/285/260 471/873/1710
f 1527/1713/1709 471/867/2215 468/343/318
f 1528/210/187 1530/1717/1711 596/996/947
f 603/1003/955 1530/1716/1714 1529/234/211
f 1528/210/187 450/845/795 454/847/797
f 457/851/799 452/235/212 1529/234/211
f 481/264/240 1531/263/239 1533/1719/1716
f 489/891/841 1533/1719/1716 1534/1720/1717
f 1534/1720/1717 1535/1721/1719 483/880/833
f 1535/1721/1719 1532/225/202 479/881/834
f 1531/263/239 645/314/289 654/1055/1008
f 1533/1719/1716 654/1055/1008 648/1049/1002
f 648/1049/1002 647/1046/999 1535/1721/1719
f 647/1046/999 644/1048/1001 1532/225/202
f 519/293/268 1536/292/267 1538/1722/1720
f 524/929/1721 1538/1722/1728 1539/1723/1722
f 525/928/1724 1539/1723/1730 1540/1724/1725
f 520/923/870 1540/1724/1731 1537/201/178
f 1536/292/267 735/305/280 745/1141/1727
f 1538/1722/1728 745/1141/2216 738/1135/1729
f 1539/1723/1730 738/1135/1094 737/1136/1095
f 1540/1724/1731 737/1136/1095 734/1132/1091
f 772/370/342 1541/369/341 1543/1725/1732
f 775/1726/1733 1543/1725/1732 1544/1727/1734
f 774/1729/1736 1544/1734/1741 1545/1730/1737
f 1545/1730/1737 1542/484/444 771/525/482
f 1541/369/341 756/360/332 758/1732/1739
f 1543/1725/1732 758/1732/1739 759/1733/1740
f 1544/1734/1741 759/1772/1779 760/1735/1742
f 760/1735/1742 757/380/351 1542/484/444
f 1546/406/375 1548/1737/1744 780/1736/1743
f 1548/1737/1744 1549/1743/1750 779/1738/1745
f 1549/1739/1746 1550/1745/1752 778/1740/1747
f 778/1740/1747 1550/1745/1752 1547/464/427
f 761/536/493 763/1742/1749 1548/1737/1744
f 763/1742/1749 764/1810/1818 1549/1743/1750
f 764/1744/1751 765/1812/1820 1550/1745/1752
f 1550/1745/1752 765/1812/1820 762/363/335
f 1551/474/436 1553/1747/1754 755/1746/1753
f 1553/1747/1754 1554/1752/1759 754/1748/1755
f 1554/1749/1756 1555/1753/1760 753/1750/1757
f 753/1750/1757 1555/1753/1760 1552/349/324
f 772/370/342 775/1726/1733 1553/1747/1754
f 775/1726/1733 774/1728/1735 1554/1752/1759
f 774/1729/1736 773/1731/1738 1555/1753/1760
f 1555/1753/1760 773/1731/1738 771/525/482
f 767/503/461 1556/371/343 1558/1754/1761
f 770/1755/1762 1558/1754/1761 1559/1756/1763
f 769/1758/1765 1559/1761/1768 1560/1759/1766
f 1560/1759/1766 1557/368/340 766/355/328
f 1556/371/343 777/353/327 780/1736/1743
f 1558/1754/1761 780/1736/1743 779/1738/1745
f 1559/1761/1768 779/1741/1748 778/1740/1747
f 778/1740/1747 776/366/338 1557/368/340
f 782/504/462 1561/498/457 1563/1762/1769
f 785/1763/1770 1563/1762/1769 1564/1764/1771
f 784/1766/1773 1564/1769/1776 1565/1767/1774
f 1565/1767/1774 1562/357/330 781/374/345
f 1561/498/457 767/503/461 770/1755/1762
f 1563/1762/1769 770/1755/1762 769/1757/1764
f 1564/1769/1776 769/1758/1765 768/1760/1767
f 768/1760/1767 766/355/328 1562/357/330
f 756/360/332 1566/359/331 1568/1770/1777
f 758/1732/1739 1568/1770/1777 1569/1771/1778
f 759/1772/1779 1569/2214/1783 1570/1773/1780
f 1570/1773/1780 1567/378/349 757/380/351
f 1566/359/331 786/389/359 788/1774/1781
f 1568/1770/1777 788/1774/1781 789/1775/1782
f 1569/1771/1783 789/1775/1787 790/1776/1784
f 790/1778/1784 787/377/348 1567/378/349
f 786/389/359 1571/398/367 1573/1779/1785
f 788/1774/1781 1573/1779/1785 1574/1780/1786
f 789/1775/1787 1574/1780/1791 1575/1781/1788
f 1575/1782/1788 1572/375/346 787/377/348
f 1571/398/367 796/397/366 798/1783/1789
f 1573/1779/1785 798/1783/1789 799/1784/1790
f 1574/1780/1791 799/1784/1806 800/1785/1792
f 800/1786/1792 797/387/358 1572/375/346
f 792/537/494 1576/530/487 1578/1787/1793
f 795/1789/1794 1578/1794/1793 1579/1790/1795
f 794/1791/1797 1579/1790/1800 1580/1792/1798
f 1580/1792/1798 1577/382/353 791/384/355
f 1576/530/487 782/504/462 785/1763/1770
f 1578/1794/1793 785/2215/1770 784/1766/1772
f 1579/1790/1800 784/1766/1773 783/1768/1775
f 783/1768/1775 781/374/345 1577/382/353
f 1581/515/472 1583/1795/1801 831/1183/1145
f 1583/1795/1801 1584/1796/1802 832/1172/1135
f 1584/1796/1802 1585/1797/1803 822/1169/1132
f 1585/1797/1803 1582/480/440 817/529/486
f 802/1158/1120 812/1157/1119 1583/1795/1801
f 812/1157/1119 805/1161/1123 1584/1796/1802
f 805/1161/1123 804/1151/1112 1585/1797/1803
f 804/1151/1112 801/478/438 1582/480/440
f 796/397/366 1586/497/456 1588/1798/1804
f 798/1783/1789 1588/1798/1804 1589/1799/1805
f 799/1784/1806 1589/1799/1809 1590/1800/1807
f 1590/1801/1807 1587/385/356 797/387/358
f 1586/497/456 819/513/470 833/1182/1144
f 1588/1798/1804 833/1182/1144 827/1184/1146
f 827/1184/1808 826/1178/1140 1590/1800/1807
f 826/1802/1140 818/394/364 1587/385/356
f 802/1158/1120 1591/514/471 1593/1803/1810
f 810/1804/1118 1593/1808/1815 1594/1805/1811
f 811/1806/1812 1594/1805/1816 1595/1807/1813
f 815/1164/1127 1595/1807/1813 1592/391/361
f 1591/514/471 792/537/494 795/1788/1794
f 1593/1808/1815 795/1789/1794 794/1791/1796
f 1594/1805/1816 794/1791/1797 793/1793/1799
f 1595/1807/1813 793/1793/1799 791/384/355
f 1596/414/382 1598/1809/1817 763/1742/1749
f 1598/1809/1817 1599/1814/1822 764/1810/1818
f 1599/1811/1819 1600/1816/1824 765/1812/1820
f 765/1812/1820 1600/1816/1824 1597/507/464
f 841/473/435 843/1813/1821 1598/1809/1817
f 843/1813/1821 844/1834/1840 1599/1814/1822
f 844/1815/1823 845/1836/1842 1600/1816/1824
f 1600/1816/1824 845/1836/1842 842/403/372
f 1601/346/321 1603/1818/1826 840/1817/1825
f 1603/1818/1826 1604/1823/1831 839/1819/1827
f 1604/1820/1828 1605/1824/1832 838/1821/1829
f 838/1821/1829 1605/1824/1832 1602/399/368
f 752/348/323 755/1746/1753 1603/1818/1826
f 755/1746/1753 754/1748/1755 1604/1823/1831
f 754/1751/1758 753/1750/1757 1605/1824/1832
f 1605/1824/1832 753/1750/1757 751/361/333
f 853/1202/1164 1606/488/447 1608/1825/1833
f 863/1200/1162 1608/1825/1833 1609/1826/1834
f 864/1191/1152 1609/1826/1834 1610/1827/1835
f 855/1187/1148 1610/1827/1835 1607/1828/428
f 1606/488/447 846/490/449 848/1829/1836
f 1608/1825/1833 848/1829/1836 849/1830/1837
f 1609/1826/1834 849/1830/1837 850/1831/1838
f 1610/1832/1835 850/1842/1838 847/409/378
f 1611/489/448 1613/1833/1839 843/1813/1821
f 1613/1833/1839 1614/1838/1844 844/1834/1840
f 1614/1835/1841 1615/1837/1843 845/1836/1842
f 1615/1837/1843 1612/411/380 842/403/372
f 853/1202/1164 865/1201/1163 1613/1833/1839
f 865/1201/1163 860/1204/1166 1614/1838/1844
f 860/1839/1845 859/1196/1157 1615/1837/1843
f 859/1196/1157 852/1193/1154 1612/411/380
f 1616/491/450 1618/1840/1846 848/1829/1836
f 1618/1840/1846 1619/1844/1848 849/1830/1837
f 1619/1841/1847 1620/1845/1849 850/1842/1838
f 850/1842/1838 1620/1845/1849 1617/407/376
f 837/522/479 840/1817/1825 1618/1840/1846
f 840/1817/1825 839/1819/1827 1619/1844/1848
f 839/1822/1830 838/1821/1829 1620/1845/1849
f 838/1821/1829 836/401/370 1617/407/376
f 1621/487/446 1623/1847/1851 892/1846/1850
f 1623/1847/1851 1624/1849/1853 891/1848/1852
f 1624/1849/1853 1625/1851/1855 890/1850/1854
f 1625/1851/1855 1622/534/491 888/535/492
f 873/436/402 875/1852/1856 1623/1847/1851
f 875/1852/1856 876/1853/1857 1624/1849/1853
f 876/1853/1857 877/1854/1858 1625/1851/1855
f 894/430/396 1626/429/395 1628/1855/1859
f 897/1856/1860 1628/1855/1859 1629/1857/1861
f 896/1858/1862 1629/1857/1861 1630/1859/1863
f 895/1860/1864 1630/1859/1863 1627/468/431
f 1626/429/395 878/433/399 880/1861/1865
f 1628/1855/1859 880/1861/1865 881/1862/1866
f 1629/1857/1861 881/1862/1866 882/1863/1867
f 1630/1859/1863 882/1863/1867 879/469/432
f 869/426/392 1631/417/384 1633/1864/1868
f 871/1867/1871 1634/1866/1870 1635/1868/1872
f 870/1869/1873 1635/1868/1872 1632/485/445
f 1631/417/384 889/416/383 892/1846/1850
f 1634/1866/1870 891/1848/1852 890/1850/1854
f 1635/1868/1872 890/1850/1854 888/535/492
f 1636/431/397 1638/1871/1875 887/1870/1874
f 1638/1871/1875 1639/1873/1877 886/1872/1876
f 1639/1873/1877 1640/1875/1879 885/1874/1878
f 894/430/396 897/1856/1860 1638/1871/1875
f 897/1856/1860 896/1858/1862 1639/1873/1877
f 896/1858/1862 895/1860/1864 1640/1875/1879
f 1641/422/388 1643/1877/1881 902/1876/1880
f 1643/1877/1881 1644/1879/1883 901/1878/1882
f 1644/1879/1883 1645/1881/1885 900/1880/1884
f 1645/1881/1885 1642/439/405 898/423/389
f 887/1870/1874 886/1872/1876 1644/1879/1883
f 885/1874/1878 883/526/483 1642/439/405
f 1646/437/403 1648/1882/1886 875/1852/1856
f 1648/1882/1886 1649/1883/1887 876/1853/1857
f 1649/1883/1887 1650/1884/1888 877/1854/1858
f 1650/1884/1888 1647/419/386 874/533/490
f 903/442/408 905/1885/1889 1648/1882/1886
f 905/1885/1889 906/1886/1890 1649/1883/1887
f 907/1887/1891 904/483/443 1647/419/386
f 1651/443/409 1653/1888/1892 905/1885/1889
f 1653/1888/1892 1654/1889/1893 906/1886/1890
f 1654/1889/1893 1655/1890/1894 907/1887/1891
f 913/447/413 915/1891/1895 1653/1888/1892
f 915/1891/1895 916/1892/1896 1654/1889/1893
f 916/1892/1896 917/1893/1897 1655/1890/1894
f 917/1893/1897 914/524/481 1652/527/484
f 1656/438/404 1658/1895/1899 912/1894/1898
f 1658/1895/1899 1659/1897/1901 911/1896/1900
f 1659/1897/1901 1660/1899/1903 910/1898/1902
f 1660/1899/1903 1657/425/391 908/446/412
f 899/500/458 902/1876/1880 1658/1895/1899
f 902/1876/1880 901/1878/1882 1659/1897/1901
f 900/1880/1884 898/423/389 1657/425/391
f 1661/482/442 1663/1903/1907 938/1227/1192
f 938/1227/1192 1663/1903/1907 1664/1900/1904
f 939/1238/1201 1664/1900/1908 1665/1901/1906
f 946/1234/1198 1665/1901/1906 1662/1902/474
f 1661/482/442 918/1206/1168 921/1208/1170
f 1663/1903/1907 921/1208/1170 931/1212/1174
f 1664/1900/1908 931/1212/1186 930/1220/1184
f 1665/1901/1906 930/1220/1184 920/1222/475
f 1666/449/415 1668/1904/1909 915/1891/1895
f 1669/1905/1910 1670/1906/1911 917/1893/1897
f 1670/1906/1911 1667/501/459 914/524/481
f 937/1241/1204 951/1240/1203 1668/1904/1909
f 951/1240/1203 945/1245/1206 1669/1905/1910
f 945/1245/1206 944/1235/1199 1670/1906/1911
f 944/1235/1199 936/519/476 1667/501/459
f 1673/1908/1912 1674/1913/1913 926/1909/1188
f 1675/1911/1914 1672/516/473 920/518/475
f 912/1894/1898 911/1896/1900 1674/1913/1913
f 911/1914/1900 910/1916/1902 1675/1915/1914
f 878/433/399 1676/454/418 1678/1918/1915
f 881/1862/1866 1679/1919/1916 1680/1920/1917
f 882/1863/1867 1680/1920/1917 1677/511/468
f 1676/454/418 959/455/419 961/1921/1918
f 1678/1918/1915 961/1921/1918 962/1922/1919
f 1679/1919/1916 962/1922/1919 963/1923/1920
f 1680/1920/1917 963/1923/1920 960/475/437
f 955/456/420 1681/427/393 1683/1924/1921
f 957/1927/1924 1684/1926/1923 1685/1928/1925
f 956/1929/1926 1685/1928/1925 1682/460/423
f 1681/427/393 869/426/392 872/1865/1869
f 1683/1924/1921 872/1865/1869 871/1867/1871
f 1685/1928/1925 870/1869/1873 868/451/417
f 1686/467/430 1688/1930/1927 972/1249/1209
f 1688/1930/1927 1689/1931/1928 973/1258/1219
f 1689/1931/1928 1690/1932/1929 979/1254/1215
f 1690/1932/1929 1687/495/454 970/1255/1216
f 964/463/426 966/1933/1930 1688/1930/1927
f 966/1933/1930 967/1934/1931 1689/1931/1928
f 967/1934/1931 968/1935/1932 1690/1932/1929
f 968/1935/1932 965/492/451 1687/495/454
f 959/455/419 1691/461/424 1693/1936/1933
f 961/1921/1918 1693/1936/1933 1694/1937/1934
f 962/1922/1919 1694/1937/1934 1695/1938/1935
f 1691/461/424 971/462/425 983/1261/1223
f 1693/1936/1933 983/1261/1223 978/1256/1217
f 1694/1937/1934 978/1256/1217 977/1253/1214
f 1695/1938/1935 977/1253/1214 970/1255/1216
f 964/463/426 1696/457/421 1698/1939/1936
f 966/1933/1930 1698/1939/1936 1699/1940/1937
f 1696/457/421 955/456/420 958/1925/1922
f 1698/1939/1936 958/1925/1922 957/1927/1924
f 971/462/425 1701/412/381 1703/1942/1939
f 982/1944/1208 1703/1947/1941 1702/1945/477
f 1701/412/381 852/1193/1154 854/1195/1940
f 1703/1947/1941 854/2209/1149 851/1185/478
f 1704/392/362 1706/1951/1947 814/1948/1942
f 1706/1949/1943 1707/1950/1949 806/1150/1944
f 1707/1950/1946 1705/481/441 801/478/438
f 919/450/416 927/1215/1179 1706/1951/1947
f 927/1952/1171 918/1206/1168 1705/481/441
f 937/1241/1204 1708/448/414 1710/1953/1950
f 949/1243/1202 1710/1957/1950 1711/1954/1951
f 950/1230/1195 1711/1954/1951 1712/1955/1952
f 940/1226/1191 1712/1955/1952 1709/528/485
f 1708/448/414 818/394/364 828/1956/1139
f 1710/1957/1950 828/1177/1139 821/1170/1133
f 1711/1954/1951 821/1170/1133 820/1168/1131
f 1712/1955/1952 820/1168/1131 817/529/486
f 1007/559/513 1713/558/512 1715/1958/1953
f 1010/1960/1954 1715/1966/1953 1716/1961/1955
f 1009/1962/1957 1716/1961/1962 1717/1963/1958
f 1717/1963/1958 1714/673/616 1006/711/652
f 1713/558/512 991/549/503 993/1965/1960
f 1715/1966/1953 993/2004/1960 994/1967/1961
f 1716/1961/1962 994/1967/2000 995/1968/1963
f 995/1968/1963 992/569/522 1714/673/616
f 1718/595/547 1720/1970/1965 1015/1969/1964
f 1720/1970/1965 1721/1972/1971 1014/1971/1966
f 1721/1972/1967 1722/1977/1973 1013/1973/1968
f 1013/1974/1968 1722/1978/1973 1719/653/599
f 996/720/661 998/1975/1970 1720/1970/1965
f 998/1975/1970 999/1976/2039 1721/1972/1971
f 999/1976/1972 1000/2049/2041 1722/1977/1973
f 1722/1978/1973 1000/2050/2041 997/552/506
f 1723/663/608 1725/1985/1975 990/1979/1974
f 1725/1980/1975 1726/1983/1980 989/1981/1976
f 1726/1983/1977 1727/1986/1981 988/1984/1978
f 988/1984/1978 1727/1986/1981 1724/538/495
f 1007/559/513 1010/1959/1954 1725/1985/1975
f 1010/1960/1954 1009/1962/1956 1726/1983/1980
f 1009/1962/1957 1008/1964/1959 1727/1986/1981
f 1727/1986/1981 1008/1964/1959 1006/711/652
f 1002/692/634 1728/560/514 1730/1987/1982
f 1005/1988/1983 1730/1987/1982 1731/1989/1984
f 1004/1990/1986 1731/1989/1989 1732/1991/1987
f 1732/1993/1987 1729/557/511 1001/544/499
f 1728/560/514 1012/542/498 1015/1969/1964
f 1730/1987/1982 1015/1969/1964 1014/1971/1966
f 1731/1989/1989 1014/1971/1969 1013/1973/1968
f 1013/1974/1968 1011/555/509 1729/557/511
f 1017/693/635 1733/687/629 1735/1995/1990
f 1020/1996/1991 1735/1995/1990 1736/1997/1992
f 1019/1998/1994 1736/1997/1997 1737/1999/1995
f 1737/2001/1995 1734/546/501 1016/563/516
f 1733/687/629 1002/692/634 1005/1988/1983
f 1735/1995/1990 1005/1988/1983 1004/1990/1985
f 1736/1997/1997 1004/1990/1986 1003/1992/1988
f 1003/1994/1988 1001/544/499 1734/546/501
f 991/549/503 1738/548/502 1740/2003/1998
f 993/2004/1960 1740/2008/1998 1741/2005/1999
f 994/1967/2000 1741/2005/2004 1742/2006/2001
f 1742/2006/2001 1739/567/520 992/569/522
f 1738/548/502 1021/578/530 1023/2007/2002
f 1740/2008/1998 1023/2012/2002 1024/2009/2003
f 1741/2005/2004 1024/2009/2008 1025/2010/2005
f 1025/2010/2005 1022/566/519 1739/567/520
f 1021/578/530 1743/587/539 1745/2011/2006
f 1023/2012/2002 1745/2016/2006 1746/2013/2007
f 1024/2009/2008 1746/2013/2012 1747/2014/2009
f 1747/2014/2009 1744/564/517 1022/566/519
f 1743/587/539 1031/586/538 1033/2015/2010
f 1745/2016/2006 1033/2037/2010 1034/2017/2011
f 1746/2013/2012 1034/2017/2030 1035/2018/2013
f 1035/2018/2013 1032/576/529 1744/564/517
f 1027/721/662 1748/714/655 1750/2019/2014
f 1030/2020/2015 1750/2019/2014 1751/2021/2016
f 1029/2022/2018 1751/2021/2021 1752/2023/2019
f 1752/2025/2019 1749/571/524 1026/573/526
f 1748/714/655 1017/693/635 1020/1996/1991
f 1750/2019/2014 1020/1996/1991 1019/1998/1993
f 1751/2021/2021 1019/1998/1994 1018/2000/1996
f 1018/2002/1996 1016/563/516 1749/571/524
f 1753/701/642 1755/2028/2023 1058/2027/2022
f 1755/2028/2023 1756/2030/2025 1057/2029/2024
f 1756/2030/2025 1757/2034/2027 1056/2031/2026
f 1757/2032/2027 1754/667/610 1054/583/535
f 1037/1272/1236 1047/1271/1235 1755/2028/2023
f 1047/1271/1235 1040/1275/1239 1756/2030/2025
f 1040/1275/1239 1039/1266/1230 1757/2034/2027
f 1039/2035/1230 1036/2201/1227 1754/667/610
f 1031/586/538 1758/686/628 1760/2036/2028
f 1033/2037/2010 1760/2040/2032 1761/2038/2029
f 1034/2017/2030 1761/2038/2033 1762/2039/2031
f 1035/2018/2013 1762/2039/2031 1759/574/527
f 1758/686/628 1055/699/640 1058/2027/2022
f 1760/2040/2032 1058/2216/2022 1057/2041/2024
f 1761/2038/2033 1057/2041/2024 1056/2033/2026
f 1056/2033/2026 1054/583/535 1759/574/527
f 1037/1272/1236 1763/700/641 1765/2042/2034
f 1045/1270/1234 1765/2042/2034 1766/2043/2035
f 1046/1273/1246 1766/2043/2037 1767/2044/2036
f 1051/2045/1242 1767/2046/2036 1764/580/532
f 1763/700/641 1027/721/662 1030/2020/2015
f 1765/2042/2034 1030/2020/2015 1029/2022/2017
f 1766/2043/2037 1029/2022/2018 1028/2024/2020
f 1767/2046/2036 1028/2026/2020 1026/573/526
f 1768/603/554 1770/2047/2038 998/1975/1970
f 1770/2047/2038 1771/2048/2043 999/1976/2039
f 1771/2048/2040 1772/2217/2045 1000/2049/2041
f 1000/2050/2041 1772/2053/2045 1769/696/637
f 1064/662/607 1066/2051/2042 1770/2047/2038
f 1066/2051/2042 1067/2073/2061 1771/2048/2043
f 1067/2052/2044 1068/2075/2063 1772/2053/2045
f 1772/2053/2045 1068/2075/2063 1065/592/544
f 1773/508/465 1775/2061/2047 1063/2055/2046
f 1775/2056/2047 1776/2059/2052 1062/2057/2048
f 1776/2059/2049 1777/2062/2053 1061/2060/2050
f 1061/2060/2050 1777/2062/2053 1774/588/540
f 987/510/467 990/1979/1974 1775/2061/2047
f 990/1982/1974 989/1981/1976 1776/2059/2052
f 989/1981/1979 988/1984/1978 1777/2062/2053
f 1777/2062/2053 988/1984/1978 986/550/504
f 1076/1298/1266 1778/677/619 1780/2063/2054
f 1087/1296/1264 1780/2063/2054 1781/2064/2055
f 1088/2065/1253 1781/2070/2055 1782/2066/2056
f 1078/2067/1249 1782/2066/2056 1779/654/600
f 1778/677/619 1069/679/621 1071/2068/2057
f 1780/2063/2054 1071/2068/2057 1072/2069/2058
f 1781/2070/2055 1072/2081/2058 1073/2071/2059
f 1782/2066/2056 1073/2071/2059 1070/598/550
f 1783/678/620 1785/2072/2060 1066/2051/2042
f 1785/2072/2060 1786/2077/2065 1067/2073/2061
f 1786/2074/2062 1787/2076/2064 1068/2075/2063
f 1787/2076/2064 1784/600/552 1065/592/544
f 1076/1298/1266 1089/1297/1265 1785/2072/2060
f 1089/1297/1265 1083/1300/1268 1786/2077/2065
f 1083/2078/2066 1082/2079/1258 1787/2076/2064
f 1082/2079/1258 1075/1289/1255 1784/600/552
f 1788/680/622 1790/2084/2067 1071/2068/2057
f 1790/2080/2067 1791/2083/2069 1072/2081/2058
f 1791/2083/2068 1792/2085/2070 1073/2071/2059
f 1073/2071/2059 1792/2085/2070 1789/596/548
f 1060/708/649 1063/2055/2046 1790/2084/2067
f 1063/2058/2046 1062/2057/2048 1791/2083/2069
f 1062/2057/2051 1061/2060/2050 1792/2085/2070
f 1061/2060/2050 1059/590/542 1789/596/548
f 1793/676/618 1795/2087/2072 1116/2086/2071
f 1795/2087/2072 1796/2089/2074 1115/2088/2073
f 1796/2089/2074 1797/2091/2076 1114/2090/2075
f 1797/2091/2076 1794/718/659 1112/719/660
f 1097/625/574 1099/2092/2077 1795/2087/2072
f 1099/2092/2077 1100/2093/2078 1796/2089/2074
f 1100/2093/2078 1101/2094/2079 1797/2091/2076
f 1101/2094/2079 1098/717/658 1794/718/659
f 1118/619/568 1798/618/567 1800/2095/2080
f 1121/2096/2081 1800/2095/2080 1801/2097/2082
f 1120/2098/2083 1801/2097/2082 1802/2099/2084
f 1119/2100/2085 1802/2099/2084 1799/657/603
f 1798/618/567 1102/622/571 1104/2101/2086
f 1800/2095/2080 1104/2101/2086 1105/2102/2087
f 1801/2097/2082 1105/2102/2087 1106/2103/2088
f 1802/2099/2084 1106/2103/2088 1103/658/604
f 1093/615/564 1803/606/556 1805/2104/2089
f 1096/2105/2090 1805/2104/2089 1806/2106/2091
f 1095/2107/2092 1806/2106/2091 1807/2108/2093
f 1094/2109/2094 1807/2108/2093 1804/674/617
f 1803/606/556 1113/605/555 1116/2086/2071
f 1805/2104/2089 1116/2086/2071 1115/2088/2073
f 1806/2106/2091 1115/2088/2073 1114/2090/2075
f 1807/2108/2093 1114/2090/2075 1112/719/660
f 1808/620/569 1810/2111/2096 1111/2110/2095
f 1810/2111/2096 1811/2113/2098 1110/2112/2097
f 1811/2113/2098 1812/2115/2100 1109/2114/2099
f 1812/2115/2100 1809/695/636 1107/712/653
f 1118/619/568 1121/2096/2081 1810/2111/2096
f 1121/2096/2081 1120/2098/2083 1811/2113/2098
f 1120/2098/2083 1119/2100/2085 1812/2115/2100
f 1119/2100/2085 1117/660/606 1809/695/636
f 1813/611/560 1815/2117/2102 1126/2116/2101
f 1815/2117/2102 1816/2119/2104 1125/2118/2103
f 1816/2119/2104 1817/2121/2106 1124/2120/2105
f 1817/2121/2106 1814/628/577 1122/612/561
f 1108/659/605 1111/2110/2095 1815/2117/2102
f 1111/2110/2095 1110/2112/2097 1816/2119/2104
f 1110/2112/2097 1109/2114/2099 1817/2121/2106
f 1109/2114/2099 1107/712/653 1814/628/577
f 1818/626/575 1820/2122/2107 1099/2092/2077
f 1820/2122/2107 1821/2123/2108 1100/2093/2078
f 1821/2123/2108 1822/2124/2109 1101/2094/2079
f 1822/2124/2109 1819/608/558 1098/717/658
f 1127/631/580 1129/2125/2110 1820/2122/2107
f 1129/2125/2110 1130/2126/2111 1821/2123/2108
f 1130/2126/2111 1131/2127/2112 1822/2124/2109
f 1131/2127/2112 1128/672/615 1819/608/558
f 1823/632/581 1825/2128/2113 1129/2125/2110
f 1825/2128/2113 1826/2129/2114 1130/2126/2111
f 1826/2129/2114 1827/2130/2115 1131/2127/2112
f 1827/2130/2115 1824/713/654 1128/672/615
f 1137/636/585 1139/2131/2116 1825/2128/2113
f 1139/2131/2116 1140/2132/2117 1826/2129/2114
f 1140/2132/2117 1141/2133/2118 1827/2130/2115
f 1141/2133/2118 1138/710/651 1824/713/654
f 1828/627/576 1830/2135/2120 1136/2134/2119
f 1830/2135/2120 1831/2137/2122 1135/2136/2121
f 1831/2137/2122 1832/2139/2124 1134/2138/2123
f 1832/2139/2124 1829/614/563 1132/635/584
f 1123/689/631 1126/2116/2101 1830/2135/2120
f 1126/2116/2101 1125/2118/2103 1831/2137/2122
f 1125/2118/2103 1124/2120/2105 1832/2139/2124
f 1124/2120/2105 1122/612/561 1829/614/563
f 1160/716/657 1833/671/614 1835/2140/2125
f 1163/2141/2126 1835/2140/2125 1836/2142/2127
f 1162/2143/2128 1836/2142/2127 1837/2144/2129
f 1161/2145/2130 1837/2144/2129 1834/703/644
f 1833/671/614 1142/670/613 1146/1302/1271
f 1835/2140/2125 1146/1302/1271 1155/1306/1275
f 1836/2142/2127 1155/1306/1275 1154/1312/1284
f 1837/2144/2129 1154/1312/1284 1144/704/645
f 1838/638/587 1840/2146/2131 1139/2131/2116
f 1840/2146/2131 1841/2147/2132 1140/2132/2117
f 1841/2147/2132 1842/2148/2133 1141/2133/2118
f 1842/2148/2133 1839/690/632 1138/710/651
f 1160/716/657 1163/2141/2126 1840/2146/2131
f 1163/2141/2126 1162/2143/2128 1841/2147/2132
f 1162/2143/2128 1161/2145/2130 1842/2148/2133
f 1161/2145/2130 1159/705/646 1839/690/632
f 1843/633/582 1845/2149/2134 1150/1310/1279
f 1845/2149/2134 1846/2150/2135 1151/1315/1287
f 1846/2150/2135 1847/2151/2136 1156/1313/1285
f 1847/2151/2136 1844/702/643 1144/704/645
f 1133/715/656 1136/2134/2119 1845/2149/2134
f 1136/2134/2119 1135/2136/2121 1846/2150/2135
f 1135/2136/2121 1134/2138/2123 1847/2151/2136
f 1134/2138/2123 1132/635/584 1844/702/643
f 1102/622/571 1848/643/590 1850/2152/2137
f 1104/2101/2086 1850/2152/2137 1851/2153/2138
f 1105/2102/2087 1851/2153/2138 1852/2154/2139
f 1106/2103/2088 1852/2154/2139 1849/697/638
f 1848/643/590 1169/644/591 1171/2155/2140
f 1850/2152/2137 1171/2155/2140 1172/2156/2141
f 1851/2153/2138 1172/2156/2141 1173/2157/2142
f 1852/2154/2139 1173/2157/2142 1170/664/609
f 1165/645/592 1853/616/565 1855/2158/2143
f 1168/2159/2144 1855/2158/2143 1856/2160/2145
f 1167/2161/2146 1856/2160/2145 1857/2162/2147
f 1166/2163/2148 1857/2162/2147 1854/649/595
f 1853/616/565 1093/615/564 1096/2105/2090
f 1855/2158/2143 1096/2105/2090 1095/2107/2092
f 1856/2160/2145 1095/2107/2092 1094/2109/2094
f 1857/2162/2147 1094/2109/2094 1092/640/589
f 1858/656/602 1860/2164/2149 1182/1318/1291
f 1860/2164/2149 1861/2165/2150 1183/1327/1301
f 1861/2165/2150 1862/2166/2151 1189/1323/1297
f 1862/2166/2151 1859/684/626 1180/1324/1298
f 1174/652/598 1176/2167/2152 1860/2164/2149
f 1176/2167/2152 1177/2168/2153 1861/2165/2150
f 1177/2168/2153 1178/2169/2154 1862/2166/2151
f 1178/2169/2154 1175/681/623 1859/684/626
f 1169/644/591 1863/650/596 1865/2170/2155
f 1171/2155/2140 1865/2170/2155 1866/2171/2156
f 1172/2156/2141 1866/2171/2156 1867/2172/2157
f 1173/2157/2142 1867/2172/2157 1864/683/625
f 1863/650/596 1181/651/597 1193/1330/1305
f 1865/2170/2155 1193/1330/1305 1188/1325/1299
f 1866/2171/2156 1188/1325/1299 1187/1322/1296
f 1867/2172/2157 1187/1322/1296 1180/1324/1298
f 1174/652/598 1868/646/593 1870/2173/2158
f 1176/2167/2152 1870/2173/2158 1871/2174/2159
f 1177/2168/2153 1871/2174/2159 1872/2175/2160
f 1178/2169/2154 1872/2175/2160 1869/682/624
f 1868/646/593 1165/645/592 1168/2159/2144
f 1870/2173/2158 1168/2159/2144 1167/2161/2146
f 1871/2174/2159 1167/2161/2146 1166/2163/2148
f 1872/2175/2160 1166/2163/2148 1164/648/594
f 1181/651/597 1873/601/553 1875/2176/2161
f 1192/1317/2162 1875/2179/2166 1874/706/647
f 1873/601/553 1075/1289/1255 1084/1291/2164
f 1875/2179/2166 1077/2218/2217 1074/707/648
f 1876/581/533 1878/2186/2173 1050/2180/2167
f 1879/2185/2172 1877/2219/611 1036/1263/1227
f 1143/639/588 1145/1309/1278 1878/2186/2173
f 1145/2188/1272 1142/670/613 1877/668/611
f 1431/287/262 1883/286/261 1885/2192/2178
f 1441/1345/1321 1885/2192/2178 1886/2193/2179
f 1442/1337/1314 1886/2193/2179 1887/2194/2180
f 1434/1333/1310 1887/2194/2180 1884/304/279
f 1486/1350/1327 1884/304/279 1887/2194/2180
f 1489/1348/1325 1887/2194/2180 1886/2193/2179
f 1490/1351/1328 1886/2193/2179 1885/2192/2178
f 1496/1357/1334 1885/2192/2178 1883/286/261
f 447/841/794 1888/840/788 444/839/787
