# Blender 5.2.2 LTS
# www.blender.org
o Holocron_Esquina_04
v -3.901344 4.969186 3.019121
v -2.667225 4.949192 4.164612
v -3.523415 4.961495 3.459752
v -3.100239 4.954717 3.847912
v -2.156734 4.944261 4.446423
v -4.258652 4.978894 2.462933
v -3.897343 5.080926 3.017359
v -2.663223 5.060932 4.162850
v -3.519409 5.073236 3.457989
v -3.096233 5.066461 3.846149
v -2.152733 5.055999 4.444660
v -4.254650 5.090634 2.461169
v -4.131184 5.038468 2.249738
v -3.744667 5.027558 2.874792
v -3.366982 5.019865 3.315653
v -4.054024 5.022552 3.161690
v -4.382118 5.031057 2.674364
v -2.361839 4.998064 4.564567
v -2.819977 5.002555 4.307247
v -3.675842 5.014863 3.602090
v -4.689938 5.040837 2.114083
v -2.510471 5.007568 4.020215
v -1.947632 5.002195 4.326517
v -2.943565 5.013093 3.703590
v -1.859158 4.994170 4.787674
v -3.252907 5.008085 3.990472
v -0.522671 5.095196 4.995546
v -4.920300 5.077287 5.013714
v -4.939796 5.162692 0.605304
v -5.162380 4.836898 5.011803
v -5.165951 0.435278 4.929620
v -5.181919 4.922463 0.594723
v -4.921944 4.833314 5.249015
v -0.502869 4.849723 5.236964
v -4.925503 0.432010 5.166063
v -2.856354 3.839710 5.079426
v -4.033913 2.635986 5.077195
v -3.306778 3.473423 5.080195
v -3.705933 3.060548 5.079355
v -4.329048 2.133078 5.073159
v -2.290951 4.182374 5.076446
v -2.850994 3.833689 5.190962
v -4.028553 2.629964 5.188730
v -3.301418 3.467402 5.191731
v -3.700573 3.054529 5.190891
v -4.323689 2.127056 5.184694
v -2.285591 4.176353 5.187980
v -2.079323 4.048433 5.126676
v -2.714336 3.678362 5.130278
v -3.164982 3.312332 5.131055
v -2.993015 3.995035 5.140109
v -2.497219 4.310297 5.137750
v -4.439915 2.340166 5.134341
v -4.170639 2.791383 5.137881
v -3.443211 3.628493 5.140869
v -1.929028 4.603388 5.133873
v -3.891830 2.474566 5.128045
v -4.212826 1.919968 5.123513
v -3.563923 2.899213 5.130207
v -4.676163 1.843531 5.129500
v -3.842587 3.215864 5.140036
v -5.068039 2.765790 3.990470
v -5.054962 3.975595 2.819228
v -5.071976 3.225673 3.636153
v -5.067081 3.635906 3.234313
v -5.039032 4.285186 2.312477
v -5.051979 2.192090 4.318677
v -5.178112 2.753012 3.975455
v -5.165035 3.962816 2.804214
v -5.182049 3.212894 3.621138
v -5.177155 3.623130 3.219299
v -5.149105 4.272408 2.297463
v -5.162052 2.179312 4.303662
v -5.076622 1.981552 4.176141
v -5.096066 2.625430 3.822238
v -5.100044 3.085530 3.468179
v -5.150085 2.893370 4.143687
v -5.137405 2.389850 4.446197
v -5.117321 4.385262 2.529579
v -5.137020 4.103236 2.972520
v -5.153976 3.353035 3.789110
v -5.116398 1.814885 4.725009
v -5.082973 3.835174 2.650922
v -5.070812 4.172330 2.080361
v -5.095112 3.495556 3.066090
v -5.090473 4.635770 2.040696
v -5.149128 3.763479 3.387522
v -3.314949 4.957965 3.661975
v -3.719379 4.965250 3.244622
v -2.884907 4.951803 4.014986
v -2.436897 4.946785 4.302359
v -1.797951 4.941336 4.612286
v -4.073589 4.973444 2.775161
v -4.475807 4.986224 2.042950
v -3.310944 5.069704 3.660210
v -3.715374 5.076991 3.242858
v -2.880905 5.063544 4.013222
v -2.432896 5.058526 4.300597
v -1.793949 5.053077 4.610524
v -4.069584 5.085183 2.773397
v -4.471806 5.097965 2.041187
v -3.920494 5.031968 2.622164
v -3.562851 5.023621 3.100434
v -4.222675 5.026658 2.926394
v -2.596191 5.000205 4.441933
v -3.871902 5.018617 3.387047
v -4.710934 5.050546 1.557837
v -2.273602 5.005105 4.161023
v -3.158424 5.016336 3.517791
v -4.410587 5.048351 1.683585
v -1.390289 4.994035 4.791102
v -4.537029 5.035836 2.400553
v -2.114304 4.996077 4.678388
v -2.728165 5.010178 3.870598
v -1.477596 4.998337 4.544422
v -3.467464 5.011333 3.804394
v -3.037647 5.005167 4.157612
v -2.839279 4.598298 5.188939
v -5.123592 2.799035 2.891763
v -4.687138 5.069119 2.937510
v -3.454144 3.403047 3.501686
v -2.721485 5.086242 5.004630
v -4.930046 5.119988 2.809509
v -2.731232 5.128943 2.800424
v -5.164165 2.636089 4.970711
v -5.172150 4.879680 2.803262
v -5.173935 2.678870 2.762171
v -2.712406 4.841518 5.242989
v -4.923721 2.632661 5.207540
v -2.714188 2.640865 5.201513
v -3.453743 3.371068 5.121012
v -3.461723 5.009845 3.540623
v -5.073189 3.399734 3.517328
v -2.859230 5.073413 2.926276
v -5.115650 2.763902 4.735115
v -4.682755 2.757843 5.162691
v -2.851330 5.038441 4.760957
v -5.123585 4.636254 2.925725
v -2.839275 2.761365 5.155672
v -3.514412 3.270317 5.079958
v -3.086563 3.663696 5.080013
v -3.878613 2.849669 5.078436
v -4.177670 2.409356 5.075549
v -4.504292 1.778779 5.069783
v -2.607944 4.005522 5.078379
v -1.865395 4.388501 5.073311
v -3.509052 3.264294 5.191493
v -3.081203 3.657674 5.191548
v -3.873257 2.843647 5.189971
v -4.172310 2.403334 5.187083
v -4.498932 1.772758 5.181319
v -2.602585 3.999502 5.189913
v -1.860035 4.382481 5.184846
v -2.457169 3.847538 5.129154
v -2.944687 3.502508 5.130868
v -2.753361 4.157485 5.139142
v -4.311161 2.571216 5.136297
v -3.223083 3.818861 5.140689
v -1.372406 4.609905 5.125241
v -4.038818 2.241475 5.126337
v -3.372536 3.109134 5.130816
v -1.506004 4.312976 5.122227
v -4.691914 1.374980 5.121604
v -2.219425 4.458005 5.135930
v -4.560207 2.095712 5.132021
v -3.736542 2.688260 5.129286
v -4.443016 1.455830 5.119084
v -3.650928 3.425478 5.140637
v -4.015327 3.005058 5.139119
v -5.070538 3.438712 3.438730
v -5.071114 3.000493 3.820520
v -5.061901 3.814365 3.028363
v -5.046604 4.125750 2.595329
v -5.034164 4.471055 1.936333
v -5.062431 2.513267 4.149855
v -5.034973 1.761870 4.514170
v -5.180611 3.425934 3.423715
v -5.181187 2.987714 3.805505
v -5.171974 3.801586 3.013348
v -5.156677 4.112971 2.580314
v -5.144238 4.458278 1.921319
v -5.172504 2.500490 4.134842
v -5.145046 1.749092 4.499157
v -5.090027 2.364084 3.984772
v -5.099167 2.860267 3.652447
v -5.144913 2.649675 4.299927
v -5.128193 4.249947 2.756597
v -5.153133 3.127939 3.973575
v -5.069176 1.260198 4.718891
v -5.075089 3.988774 2.419045
v -5.098591 3.298494 3.270664
v -5.052464 1.402356 4.426422
v -5.086056 4.667130 1.497038
v -5.127552 2.108610 4.586903
v -5.104450 4.512557 2.289031
v -5.089916 3.673953 2.860067
v -5.073952 4.416776 1.568621
v -5.152557 3.566156 3.591780
v -5.143959 3.941999 3.181644
v -4.072922 4.970259 3.178308
v -4.071125 4.966438 3.176575
v -4.073215 4.968782 3.178555
v -4.072975 4.967536 3.178310
v -4.072243 4.966713 3.177617
v -3.269993 4.951972 4.005340
v -3.271805 4.955795 4.007089
v -3.271114 4.952248 4.006387
v -3.271854 4.953070 4.007086
v -3.272095 4.954316 4.007333
v -3.731579 4.971934 2.861681
v -3.729527 4.975938 2.859848
v -3.730438 4.972256 2.860630
v -3.729649 4.973128 2.859911
v -3.729328 4.974421 2.859637
v -2.928429 4.961473 3.688647
v -2.930489 4.957468 3.690486
v -2.928230 4.959957 3.688435
v -2.928555 4.958662 3.688711
v -2.929344 4.957790 3.689430
v -3.694744 4.962568 3.618709
v -3.692947 4.958751 3.616976
v -3.695034 4.961092 3.618954
v -3.694798 4.959848 3.618712
v -3.694061 4.959026 3.618016
v -3.351845 4.968240 3.300709
v -3.353889 4.964239 3.302535
v -3.351646 4.966726 3.300498
v -3.351967 4.965434 3.300771
v -3.352753 4.964561 3.301486
v -2.495338 4.955952 4.005273
v -2.497429 4.951940 4.007143
v -2.495140 4.954433 4.005064
v -2.495468 4.953138 4.005347
v -2.496273 4.952262 4.006076
v -2.837021 4.946443 4.322080
v -2.838867 4.950279 4.323862
v -2.838158 4.946720 4.323141
v -2.838909 4.947546 4.323850
v -2.839157 4.948796 4.324105
v -1.932499 4.950585 4.311577
v -1.935581 4.946577 4.312993
v -1.932377 4.949065 4.311333
v -1.932919 4.947771 4.311516
v -1.934048 4.946896 4.312100
v -2.377892 4.941944 4.579856
v -2.380722 4.945810 4.581174
v -2.379410 4.942224 4.580741
v -2.380478 4.943058 4.581303
v -2.380939 4.944315 4.581455
v -0.910728 4.942314 4.779719
v -0.923416 4.938396 4.774688
v -0.910213 4.942326 4.777824
v -0.913582 4.940792 4.779045
v -0.916996 4.939514 4.777853
v -0.909405 4.942575 4.779612
v -0.911366 4.940967 4.778782
v -0.913589 4.939711 4.777800
v -0.912109 4.940114 4.777644
v -0.920151 4.938701 4.774573
v -0.916496 4.939556 4.775128
v -0.920448 4.938673 4.776324
v -0.916561 4.939112 4.776372
v -0.913376 4.939729 4.776645
v -0.909130 4.942582 4.778587
v -0.913010 4.940827 4.776269
v -0.911095 4.940981 4.777479
v -0.910057 4.941066 4.778401
v -1.878029 4.941945 4.804271
v -1.879257 4.938077 4.801258
v -1.878559 4.940443 4.804426
v -1.878979 4.939180 4.803908
v -1.879223 4.938350 4.802795
v -4.401012 4.978778 2.690978
v -4.399883 4.974962 2.688172
v -4.401360 4.977297 2.691143
v -4.401264 4.976052 2.690667
v -4.400745 4.975232 2.689624
v -4.117474 4.982824 2.237777
v -4.116047 4.986850 2.234796
v -4.116573 4.983153 2.236285
v -4.115986 4.984032 2.235195
v -4.115799 4.985332 2.234673
v -4.705978 4.984685 2.131202
v -4.708820 4.988584 2.130690
v -4.707497 4.984977 2.131387
v -4.708572 4.985821 2.131355
v -4.709038 4.987086 2.131109
v -4.716782 5.008576 0.991054
v -4.714970 5.008571 0.990528
v -4.711288 5.004354 1.004297
v -4.716713 5.008821 0.989730
v -4.715996 5.006996 0.994044
v -4.715805 5.007188 0.991791
v -4.715477 5.007298 0.990455
v -4.714645 5.006314 0.992586
v -4.713291 5.006997 0.993438
v -4.712002 5.005647 0.997077
v -4.715733 5.008818 0.989445
v -4.714539 5.007190 0.991504
v -4.713612 5.005897 0.993889
v -4.713020 5.004714 1.001212
v -4.714676 5.005641 0.997611
v -4.711300 5.004718 1.000890
v -4.713215 5.005223 0.997188
v -4.714741 5.005896 0.994117
v -4.030525 5.078770 3.140872
v -4.035126 5.074849 3.145071
v -4.031857 5.078457 3.142102
v -4.033199 5.077601 3.143332
v -4.034348 5.076334 3.144373
v -3.234009 5.060381 3.973852
v -3.229393 5.064304 3.969640
v -3.233227 5.061868 3.973156
v -3.232079 5.063134 3.972110
v -3.230728 5.063991 3.970875
v -3.759800 5.079185 2.889734
v -3.764172 5.083081 2.893858
v -3.760487 5.080693 2.890398
v -3.761562 5.081963 2.891416
v -3.762856 5.082802 2.892631
v -2.963078 5.068615 3.722659
v -2.958702 5.064716 3.718530
v -2.961758 5.068336 3.721431
v -2.960464 5.067495 3.720214
v -2.959389 5.066225 3.719197
v -3.652348 5.071084 3.581274
v -3.656944 5.067167 3.585469
v -3.653679 5.070770 3.582504
v -3.655018 5.069915 3.583731
v -3.656166 5.068649 3.584772
v -3.386482 5.075387 3.334711
v -3.382118 5.071489 3.330595
v -3.385166 5.075107 3.333487
v -3.383877 5.074268 3.332274
v -3.382805 5.072998 3.331259
v -2.530022 5.063089 4.039319
v -2.525604 5.059184 4.035156
v -2.528687 5.062809 4.038076
v -2.527378 5.061967 4.036849
v -2.526299 5.060693 4.035822
v -2.801083 5.054839 4.290633
v -2.796421 5.058776 4.286377
v -2.800297 5.056329 4.289931
v -2.799133 5.057601 4.288875
v -2.797771 5.058460 4.287627
v -1.968430 5.057729 4.345036
v -1.962761 5.053806 4.341455
v -1.966618 5.057444 4.344018
v -1.964905 5.056597 4.342979
v -1.963551 5.055319 4.342079
v -2.342953 5.050328 4.547960
v -2.337036 5.054274 4.544284
v -2.342072 5.051825 4.547299
v -2.340637 5.053099 4.546368
v -2.338867 5.053960 4.545310
v -0.940952 5.045497 4.809262
v -0.940479 5.045542 4.807701
v -0.959274 5.049572 4.805375
v -0.939640 5.045753 4.809277
v -0.945103 5.047031 4.809211
v -0.942837 5.047095 4.809110
v -0.941467 5.047121 4.808856
v -0.944382 5.047889 4.808418
v -0.944710 5.047084 4.806777
v -0.949768 5.048391 4.806011
v -0.942650 5.047121 4.807971
v -0.946110 5.048223 4.807577
v -0.955017 5.049236 4.807107
v -0.950039 5.048345 4.808454
v -0.954884 5.049266 4.805518
v -0.950214 5.048790 4.807309
v -0.946228 5.048201 4.808611
v -1.838715 5.050410 4.765568
v -1.840279 5.046407 4.771075
v -1.838879 5.050082 4.767292
v -1.839233 5.049205 4.768944
v -1.839725 5.047916 4.770273
v -4.359451 5.087300 2.652196
v -4.363224 5.083344 2.657748
v -4.360466 5.086976 2.653943
v -4.361538 5.086111 2.655611
v -4.362507 5.084834 2.656946
v -4.146317 5.090094 2.264679
v -4.149902 5.093966 2.270246
v -4.146946 5.091599 2.265455
v -4.147850 5.092864 2.266784
v -4.148888 5.093697 2.268467
v -4.671047 5.093102 2.097472
v -4.665421 5.097018 2.095483
v -4.670189 5.094596 2.096941
v -4.668816 5.095864 2.096376
v -4.667145 5.096715 2.095865
v -4.746742 5.111789 1.020897
v -4.742352 5.115447 1.039639
v -4.745239 5.111810 1.020411
v -4.746582 5.113238 1.025183
v -4.745693 5.114444 1.030250
v -4.746788 5.112026 1.019583
v -4.746548 5.113322 1.022871
v -4.745960 5.114369 1.026346
v -4.745819 5.114081 1.024450
v -4.742619 5.115224 1.035166
v -4.743259 5.114453 1.029941
v -4.744205 5.115220 1.035326
v -4.744545 5.114866 1.030413
v -4.744934 5.114373 1.026212
v -4.744183 5.113254 1.024760
v -4.745422 5.113330 1.022667
v -4.746338 5.113360 1.021470
v -4.674973 5.077656 4.772995
v -4.679253 5.077716 4.768760
v -4.683784 5.081808 4.777643
v -4.676605 5.077658 4.772680
v -4.677994 5.077671 4.771764
v -4.676926 5.079271 4.773381
v -4.677948 5.079217 4.773066
v -4.679279 5.080089 4.773095
v -4.679592 5.079310 4.770713
v -4.680573 5.080648 4.773088
v -4.678921 5.077691 4.770388
v -4.679268 5.079237 4.771746
v -4.681694 5.081521 4.775897
v -4.679283 5.080629 4.774399
v -4.680645 5.081075 4.774476
v -5.159157 0.930940 4.701421
v -5.159168 0.929745 4.698381
v -5.163464 0.917227 4.705751
v -5.159157 0.929542 4.701164
v -5.160789 0.927945 4.701719
v -5.160793 0.926903 4.700773
v -5.159164 0.928895 4.699520
v -5.162212 0.924290 4.702629
v -5.163120 0.920130 4.704760
v -5.162640 0.922871 4.703249
v -1.039364 5.094398 4.750724
v -1.026543 5.098608 4.755265
v -1.038063 5.094512 4.747655
v -1.036556 5.096032 4.751080
v -1.037979 5.094657 4.750488
v -1.034721 5.096931 4.751279
v -1.029282 5.098300 4.754330
v -1.032433 5.097414 4.752556
v -1.037277 5.094718 4.748827
v -1.035667 5.096122 4.750395
v -4.695023 5.147498 1.107919
v -4.692020 5.147534 1.106667
v -4.699707 5.152046 1.094234
v -4.694798 5.147530 1.106518
v -4.695187 5.149140 1.104498
v -4.695583 5.150050 1.102884
v -4.693176 5.147548 1.105840
v -4.697922 5.151649 1.097556
v -4.697048 5.151128 1.099896
v -1.000568 4.607227 5.229393
v -0.999332 4.604217 5.229317
v -0.986961 4.612333 5.233678
v -0.999168 4.606997 5.229335
v -0.997574 4.607772 5.231012
v -0.996513 4.606877 5.230982
v -0.998501 4.605369 5.229294
v -0.990208 4.610534 5.233330
v -0.993938 4.608922 5.232419
v -0.992538 4.609629 5.232850
v -5.159138 4.596860 4.769183
v -5.163380 4.605609 4.773896
v -5.159157 4.601203 4.765003
v -5.160767 4.598796 4.769573
v -5.162144 4.601138 4.770602
v -5.159142 4.598497 4.768890
v -5.160709 4.599828 4.769270
v -5.161587 4.601163 4.769305
v -5.162151 4.602459 4.769305
v -5.163063 4.603529 4.772123
v -5.162598 4.602508 4.770690
v -5.159149 4.600847 4.766628
v -5.159142 4.599897 4.767992
v -5.160778 4.601512 4.766937
v -5.160717 4.601174 4.767967
v -5.175003 4.671302 1.086821
v -5.179333 4.676202 1.073218
v -5.175011 4.668320 1.085522
v -5.176647 4.671712 1.083868
v -5.175011 4.671101 1.085416
v -5.177479 4.671947 1.081769
v -5.178989 4.674362 1.076505
v -5.178509 4.673461 1.078805
v -5.175014 4.669486 1.084713
v -5.176651 4.670842 1.082733
v -4.678284 4.594038 5.239434
v -4.687077 4.598501 5.243807
v -4.682545 4.589761 5.239365
v -4.680202 4.594350 5.241077
v -4.682545 4.595308 5.242484
v -4.679913 4.593708 5.239434
v -4.681236 4.594029 5.241018
v -4.682568 4.594019 5.241897
v -4.685333 4.596394 5.243436
v -4.683861 4.593994 5.242463
v -4.683926 4.595364 5.242942
v -4.682217 4.591394 5.239396
v -4.681293 4.592779 5.239420
v -4.682880 4.591665 5.241033
v -4.682564 4.592700 5.240997
v -4.682541 0.924470 5.170068
v -4.687172 0.910795 5.174091
v -4.679531 0.923223 5.170036
v -4.682312 0.923069 5.170042
v -4.682686 0.921026 5.171577
v -4.683392 0.918798 5.172798
v -4.686150 0.913618 5.173815
v -4.684544 0.916386 5.173389
v -4.680683 0.922396 5.170027
v -5.179897 5.173339 0.116350
v -5.181053 5.169954 0.113743
v -5.184502 5.168725 0.116233
v -5.179386 5.173112 0.115254
v -5.179424 5.172389 0.114376
v -5.181664 5.172995 0.116339
v -5.181442 5.172637 0.114385
v -5.181412 5.172056 0.113107
v -5.182384 5.168900 0.113817
v -5.183506 5.168296 0.114315
v -5.180012 5.171281 0.113844
v -5.181801 5.170699 0.113175
v -5.183159 5.170303 0.113081
v -5.184155 5.170497 0.116276
v -5.183159 5.171996 0.116314
v -5.184250 5.168234 0.115163
v -5.183762 5.170312 0.114340
v -5.183002 5.171880 0.113942
v -0.018803 5.087102 5.240247
v -0.016373 5.088296 5.236785
v -0.018879 5.091785 5.235786
v -0.017754 5.086591 5.239972
v -0.016922 5.086637 5.239217
v -0.018822 5.088865 5.239936
v -0.016903 5.088649 5.239523
v -0.015656 5.088623 5.238908
v -0.016434 5.089643 5.235793
v -0.016933 5.090780 5.235254
v -0.016438 5.087237 5.238099
v -0.015759 5.089033 5.237561
v -0.015663 5.090396 5.237211
v -0.018864 5.091398 5.237520
v -0.018841 5.090374 5.238979
v -0.017792 5.091531 5.235252
v -0.016922 5.091004 5.237273
v -0.016483 5.090215 5.238799
v -5.156822 5.072766 5.249795
v -5.161381 5.068193 5.249709
v -5.156811 5.068129 5.254224
v -5.158566 5.072419 5.249794
v -5.160046 5.071427 5.249775
v -5.156822 5.072393 5.251518
v -5.158501 5.071884 5.251450
v -5.159847 5.071206 5.251397
v -5.159435 5.070781 5.252363
v -5.161030 5.068166 5.251442
v -5.160038 5.068144 5.252908
v -5.161034 5.069944 5.249748
v -5.160522 5.069853 5.251415
v -5.159843 5.069789 5.252750
v -5.156815 5.069882 5.253914
v -5.156818 5.071378 5.252964
v -5.158554 5.068131 5.253886
v -5.158493 5.069824 5.253417
v -5.158455 5.071186 5.252773
v -5.168438 -0.046669 5.153488
v -5.165016 -0.049113 5.154520
v -5.163834 -0.046773 5.158035
v -5.168198 -0.047711 5.152942
v -5.167465 -0.048544 5.152946
v -5.168098 -0.046703 5.155235
v -5.163967 -0.049063 5.155851
v -5.163372 -0.048600 5.156986
v -5.166348 -0.049037 5.153500
v -5.165604 -0.046761 5.157697
v -5.167103 -0.046734 5.156712
v -5.163322 -0.047795 5.157754
v -1.016212 4.991054 4.748779
v -1.014900 4.991060 4.745717
v -1.021187 4.986875 4.744476
v -1.014828 4.991289 4.748541
v -1.017349 4.989431 4.748433
v -1.015583 4.989596 4.748066
v -1.014465 4.989693 4.747537
v -1.015450 4.988695 4.747030
v -1.015812 4.989468 4.744883
v -1.017326 4.988110 4.744355
v -1.014114 4.991294 4.746885
v -1.014854 4.989611 4.746381
v -1.015865 4.988288 4.746026
v -1.020042 4.987170 4.746104
v -1.018696 4.988067 4.747493
v -1.019215 4.987201 4.744210
v -1.017700 4.987637 4.745995
v -1.016453 4.988271 4.747365
v -4.674973 4.990662 4.771335
v -4.674992 4.986480 4.766996
v -4.679253 4.990741 4.767102
v -4.674976 4.989036 4.770981
v -4.674980 4.987671 4.770031
v -4.676605 4.990667 4.771022
v -4.676651 4.989002 4.770601
v -4.677441 4.988233 4.769503
v -4.676624 4.986804 4.767011
v -4.678005 4.987730 4.767038
v -4.674988 4.986774 4.768631
v -4.676659 4.987165 4.768689
v -4.678925 4.990711 4.768731
v -4.677994 4.990684 4.770107
v -4.678932 4.989110 4.767069
v -4.678532 4.989039 4.768737
v -4.695023 5.060523 1.106262
v -4.690735 5.056149 1.112175
v -4.692013 5.060548 1.104998
v -4.694691 5.058867 1.107608
v -4.693760 5.057454 1.109205
v -4.694798 5.060550 1.104859
v -4.694344 5.058957 1.105914
v -4.693665 5.057675 1.107026
v -4.693348 5.058078 1.105987
v -4.690567 5.056514 1.110052
v -4.690754 5.057478 1.107943
v -4.692371 5.056499 1.110809
v -4.692318 5.057017 1.108417
v -4.692379 5.057687 1.106485
v -4.693169 5.060563 1.104176
v -4.691261 5.058894 1.106168
v -4.692715 5.058969 1.105230
v -4.693840 5.059018 1.104834
v -5.072147 4.596867 4.768810
v -5.072163 4.601209 4.764629
v -5.067905 4.596948 4.764531
v -5.072147 4.598503 4.768514
v -5.072151 4.599904 4.767617
v -5.070518 4.596875 4.768480
v -5.070477 4.598552 4.768117
v -5.070564 4.599690 4.767391
v -5.070534 4.600883 4.764615
v -5.069153 4.599960 4.764592
v -5.072159 4.600852 4.766254
v -5.070488 4.600461 4.766279
v -5.069363 4.599714 4.766176
v -5.068222 4.596917 4.766162
v -5.069138 4.596891 4.767548
v -5.068230 4.598580 4.764562
v -5.068611 4.598588 4.766237
v -5.069359 4.598482 4.767362
v -5.072166 0.930945 4.701046
v -5.067924 0.937028 4.696878
v -5.072178 0.929749 4.698005
v -5.070538 0.931871 4.700540
v -5.069157 0.933353 4.699571
v -5.072166 0.929088 4.700972
v -5.069374 0.931362 4.699613
v -5.069714 0.930418 4.699487
v -5.068245 0.934707 4.697122
v -5.069168 0.932506 4.697422
v -5.068241 0.935163 4.698284
v -5.068630 0.932720 4.698578
v -5.072174 0.928439 4.699327
v -5.072166 0.928205 4.700369
v -5.070549 0.930766 4.697733
v -5.070583 0.929294 4.699934
v -5.088013 4.671308 1.086446
v -5.088017 4.668326 1.085147
v -5.083725 4.666933 1.092399
v -5.088020 4.671105 1.085042
v -5.086376 4.670959 1.087822
v -5.086441 4.670634 1.086118
v -5.086487 4.670148 1.085030
v -5.085564 4.669640 1.086195
v -5.086384 4.667552 1.086338
v -5.084991 4.667017 1.088134
v -5.088020 4.669493 1.084339
v -5.086445 4.669019 1.085414
v -5.085178 4.668664 1.086689
v -5.084057 4.668590 1.091042
v -5.084988 4.670003 1.089435
v -5.084061 4.666799 1.090262
v -5.084538 4.668572 1.088636
v -5.085178 4.669940 1.087245
v -0.999554 4.596397 5.134485
v -1.005562 4.591653 5.130208
v -0.998322 4.593382 5.134441
v -1.000935 4.595888 5.132866
v -1.002563 4.594807 5.131485
v -0.998154 4.596164 5.134434
v -0.999233 4.595539 5.132891
v -1.000366 4.594726 5.131648
v -0.999313 4.594453 5.132013
v -1.003395 4.591550 5.130518
v -1.001259 4.591844 5.131431
v -1.004185 4.593320 5.130552
v -1.001762 4.593328 5.131009
v -0.999809 4.593460 5.131625
v -0.997486 4.594533 5.134410
v -0.999477 4.592488 5.132808
v -0.998543 4.593921 5.132864
v -0.998150 4.595037 5.132910
v -4.678707 4.595529 5.152447
v -4.682968 4.591268 5.152395
v -4.678726 4.591342 5.148114
v -4.680336 4.595205 5.152449
v -4.681721 4.594280 5.152441
v -4.678715 4.595233 5.150811
v -4.680386 4.594841 5.150771
v -4.681511 4.594092 5.150850
v -4.682652 4.591297 5.150762
v -4.681732 4.591321 5.149375
v -4.682644 4.592899 5.152421
v -4.682259 4.592968 5.150749
v -4.681519 4.592904 5.149619
v -4.678726 4.592968 5.148467
v -4.678722 4.594333 5.149413
v -4.680355 4.591337 5.148446
v -4.680397 4.593001 5.148866
v -4.680305 4.594114 5.149635
v -4.682964 0.925876 5.088935
v -4.679947 0.924621 5.088897
v -4.678726 0.931948 5.084759
v -4.682079 0.923744 5.088894
v -4.682648 0.927278 5.087326
v -4.682293 0.925586 5.087353
v -4.681782 0.924507 5.087373
v -4.681301 0.925691 5.086472
v -4.679207 0.925853 5.087284
v -4.678719 0.927675 5.085932
v -4.680656 0.924907 5.087333
v -4.680336 0.926206 5.086094
v -4.680355 0.930563 5.085067
v -4.681732 0.928925 5.085968
v -4.678547 0.929816 5.085045
v -4.680286 0.928161 5.085495
v -4.681625 0.926741 5.086109
v -3.010853 4.015275 5.088729
v -3.009296 4.013504 5.084821
v -3.011143 4.015600 5.087264
v -3.010944 4.015378 5.086007
v -3.010300 4.014640 5.085149
v -3.858852 3.234316 5.084749
v -3.860428 3.236106 5.088658
v -3.859859 3.235461 5.085078
v -3.860512 3.236204 5.085934
v -3.860710 3.236430 5.087194
v -2.703426 3.665931 5.074033
v -2.701515 3.663763 5.077936
v -2.702393 3.664759 5.074299
v -2.701668 3.663934 5.075135
v -2.701359 3.663585 5.076412
v -3.551102 2.884614 5.077867
v -3.553020 2.886786 5.073962
v -3.550949 2.884437 5.076340
v -3.551258 2.884787 5.075063
v -3.551983 2.885612 5.074228
v -3.461056 3.648736 5.089484
v -3.459496 3.646965 5.085582
v -3.461342 3.649061 5.088022
v -3.461143 3.648837 5.086766
v -3.460499 3.648101 5.085909
v -3.152161 3.297733 5.078710
v -3.154064 3.299892 5.074807
v -3.152008 3.297554 5.077185
v -3.152313 3.297902 5.075908
v -3.153038 3.298723 5.075073
v -3.879013 2.459968 5.075710
v -3.880959 2.462177 5.071800
v -3.878857 2.459794 5.074181
v -3.879173 2.460153 5.072902
v -3.879910 2.460988 5.072066
v -4.186871 2.809793 5.082591
v -4.188473 2.811617 5.086516
v -4.187889 2.810954 5.082922
v -4.188553 2.811707 5.083783
v -4.188759 2.811941 5.085046
v -4.200008 1.905371 5.071183
v -4.201473 1.908560 5.067277
v -4.199818 1.905270 5.069652
v -4.200027 1.905837 5.068373
v -4.200611 1.906993 5.067539
v -4.456631 2.357594 5.079042
v -4.457745 2.360392 5.082997
v -4.457466 2.359128 5.079376
v -4.457970 2.360198 5.080247
v -4.458069 2.360641 5.081517
v -4.694859 0.896275 5.061478
v -4.689629 0.908896 5.057608
v -4.692978 0.895716 5.061420
v -4.694157 0.899136 5.059984
v -4.692921 0.902541 5.058725
v -4.693951 0.896912 5.060113
v -4.692951 0.899133 5.058862
v -4.692822 0.897642 5.059236
v -4.689587 0.905628 5.057854
v -4.690208 0.901973 5.058666
v -4.691330 0.905969 5.057891
v -4.691463 0.902075 5.058265
v -4.691803 0.898889 5.058838
v -4.694389 0.894376 5.061785
v -4.691399 0.898494 5.059917
v -4.692654 0.896605 5.060080
v -4.693600 0.895593 5.060178
v -4.693977 1.863746 5.078185
v -4.691063 1.864963 5.074240
v -4.694168 1.864304 5.076699
v -4.693684 1.864735 5.075426
v -4.692593 1.864963 5.074562
v -2.515057 4.330531 5.086383
v -2.512405 4.329397 5.082456
v -2.515259 4.330905 5.084915
v -2.514828 4.330821 5.083651
v -2.513828 4.330291 5.082790
v -2.069576 4.035409 5.070441
v -2.066502 4.033834 5.074337
v -2.068100 4.034463 5.070702
v -2.066998 4.033833 5.071536
v -2.066437 4.033611 5.072813
v -1.947571 4.620855 5.078602
v -1.946854 4.623615 5.082529
v -1.947704 4.622375 5.078928
v -1.947617 4.623432 5.079788
v -1.947319 4.623868 5.081051
v -0.807365 4.601922 5.064356
v -0.806889 4.600099 5.064304
v -0.820885 4.596848 5.060491
v -0.805481 4.601432 5.064616
v -0.810429 4.601242 5.062867
v -0.808174 4.600992 5.062979
v -0.806847 4.600626 5.063038
v -0.809029 4.599866 5.062113
v -0.809895 4.598523 5.062802
v -0.813606 4.597353 5.061551
v -0.807922 4.599718 5.062949
v -0.810371 4.598874 5.061721
v -0.817741 4.598495 5.060774
v -0.814072 4.600038 5.061609
v -0.817467 4.596764 5.060738
v -0.813702 4.598574 5.061153
v -0.810570 4.600010 5.061745
v -2.970970 3.970022 5.195194
v -2.975174 3.974794 5.191494
v -2.972172 3.971388 5.194945
v -2.973396 3.972775 5.194153
v -2.974449 3.973972 5.192940
v -3.824745 3.195626 5.191418
v -3.820526 3.190834 5.195121
v -3.824017 3.194801 5.192868
v -3.822964 3.193602 5.194080
v -3.821735 3.192208 5.194871
v -2.727158 3.692965 5.182623
v -2.731033 3.697373 5.186732
v -2.727753 3.693643 5.184163
v -2.728699 3.694718 5.185486
v -2.729851 3.696028 5.186386
v -3.580624 2.918226 5.186660
v -3.576744 2.913812 5.182550
v -3.579441 2.916879 5.186315
v -3.578285 2.915569 5.185414
v -3.577339 2.914491 5.184091
v -3.421169 3.603482 5.195956
v -3.425369 3.608253 5.192257
v -3.422375 3.604848 5.195706
v -3.423592 3.606236 5.194914
v -3.424644 3.607430 5.193703
v -3.181671 3.331331 5.187505
v -3.177803 3.326932 5.183399
v -3.180492 3.329990 5.187163
v -3.179340 3.328683 5.186260
v -3.178398 3.327610 5.184940
v -3.908562 2.493616 5.184499
v -3.904648 2.489163 5.180382
v -3.907368 2.492257 5.184152
v -3.906200 2.490932 5.183248
v -3.905247 2.489848 5.181925
v -4.152802 2.771149 5.189251
v -4.148540 2.766311 5.192963
v -4.152069 2.770320 5.190704
v -4.151005 2.769111 5.191920
v -4.149765 2.767703 5.192714
v -4.228943 1.940249 5.179978
v -4.225643 1.934564 5.175843
v -4.227982 1.938416 5.179627
v -4.227016 1.936694 5.178717
v -4.226196 1.935338 5.177389
v -4.422085 2.319940 5.185691
v -4.418438 2.313864 5.189411
v -4.421402 2.319013 5.187149
v -4.420467 2.317532 5.188369
v -4.419426 2.315726 5.189163
v -4.720158 0.925424 5.166088
v -4.718609 0.924908 5.166074
v -4.715660 0.943562 5.170337
v -4.719921 0.923547 5.166402
v -4.719948 0.929542 5.167690
v -4.719906 0.927276 5.167712
v -4.719685 0.925898 5.167705
v -4.719147 0.928783 5.168507
v -4.717525 0.929086 5.167654
v -4.716583 0.934098 5.169019
v -4.718769 0.927054 5.167695
v -4.718250 0.930485 5.168842
v -4.717514 0.939360 5.169988
v -4.719017 0.934433 5.169059
v -4.715927 0.939182 5.169963
v -4.717854 0.934573 5.169470
v -4.719280 0.930631 5.168856
v -4.652748 1.821535 5.184613
v -4.658340 1.823314 5.180823
v -4.654480 1.821750 5.184346
v -4.656147 1.822163 5.183532
v -4.657505 1.822710 5.182296
v -2.473804 4.286079 5.192826
v -2.479382 4.290060 5.189123
v -2.475533 4.287141 5.192579
v -2.477200 4.288272 5.191786
v -2.478550 4.289297 5.190573
v -2.092144 4.063035 5.179018
v -2.097481 4.066694 5.183139
v -2.092850 4.063655 5.180561
v -2.094112 4.064569 5.181884
v -2.095737 4.065635 5.182790
v -1.911198 4.583160 5.185224
v -1.909225 4.577415 5.188976
v -1.910637 4.582260 5.186685
v -1.910069 4.580852 5.187912
v -1.909573 4.579151 5.188715
v -0.832973 4.630815 5.169002
v -0.851696 4.626845 5.173215
v -0.832527 4.629298 5.168981
v -0.837215 4.630741 5.170595
v -0.842262 4.629958 5.171954
v -0.834904 4.630643 5.170600
v -0.838356 4.630128 5.171751
v -0.836475 4.629942 5.171399
v -0.847225 4.626998 5.172845
v -0.842014 4.627520 5.171911
v -0.847347 4.628591 5.172875
v -0.842438 4.628809 5.172361
v -0.838245 4.629097 5.171734
v -0.831409 4.630002 5.169186
v -0.836853 4.628328 5.170555
v -0.834724 4.629514 5.170581
v -0.833508 4.630395 5.170586
v -5.101822 2.914073 4.168376
v -5.097687 2.912838 4.166885
v -5.100410 2.914449 4.168823
v -5.099129 2.914349 4.168697
v -5.098171 2.913781 4.168017
v -5.096722 3.782932 3.410700
v -5.100864 3.784180 3.412207
v -5.097210 3.783881 3.411838
v -5.098167 3.784451 3.412524
v -5.099453 3.784556 3.412655
v -5.038395 2.618758 3.814072
v -5.041973 2.616648 3.811550
v -5.038498 2.617744 3.812857
v -5.039211 2.616988 3.811950
v -5.040432 2.616600 3.811493
v -5.041016 3.486770 3.055404
v -5.037441 3.488894 3.057939
v -5.039474 3.486726 3.055347
v -5.038258 3.487115 3.055808
v -5.037540 3.487875 3.056719
v -5.105713 3.373740 3.813802
v -5.101578 3.372505 3.812310
v -5.104301 3.374116 3.814247
v -5.103020 3.374013 3.814122
v -5.102066 3.373448 3.813442
v -5.045952 3.076744 3.457494
v -5.042374 3.078851 3.460008
v -5.044411 3.076698 3.457434
v -5.043190 3.077082 3.457892
v -5.042477 3.077838 3.458795
v -5.028885 3.826390 2.640236
v -5.025314 3.828548 2.642815
v -5.027344 3.826347 2.640182
v -5.026123 3.826742 2.640653
v -5.025410 3.827514 2.641577
v -5.084610 4.122653 2.995657
v -5.088776 4.123929 2.997197
v -5.085098 4.123615 2.996811
v -5.086067 4.124194 2.997509
v -5.087357 4.124305 2.997644
v -5.016724 4.163546 2.069676
v -5.013077 4.165158 2.073410
v -5.015179 4.163462 2.069710
v -5.013939 4.163739 2.070431
v -5.013203 4.164334 2.071731
v -5.064995 4.405252 2.551620
v -5.069107 4.405942 2.554242
v -5.065456 4.405993 2.553192
v -5.066399 4.406384 2.554243
v -5.067680 4.406366 2.554611
v -5.027485 4.689567 0.947016
v -5.023418 4.684224 0.961977
v -5.027500 4.687923 0.946586
v -5.025978 4.688891 0.950385
v -5.024673 4.687638 0.954410
v -5.027679 4.689513 0.945693
v -5.026093 4.688752 0.948088
v -5.024826 4.687779 0.950754
v -5.025200 4.687686 0.949127
v -5.023682 4.684302 0.958308
v -5.024548 4.685031 0.954095
v -5.023777 4.686001 0.958481
v -5.024178 4.686255 0.954187
v -5.024776 4.686676 0.950618
v -5.025887 4.686303 0.949978
v -5.026051 4.687540 0.947893
v -5.026154 4.688460 0.946733
v -5.042301 4.656432 2.065337
v -5.039013 4.653772 2.066794
v -5.040924 4.656713 2.066024
v -5.039818 4.656304 2.066541
v -5.039146 4.655274 2.066812
v -5.089149 2.410547 4.470879
v -5.084969 2.408207 4.470000
v -5.087734 2.410838 4.471376
v -5.086441 2.410498 4.471382
v -5.085472 2.409574 4.470899
v -5.018997 1.976056 4.167412
v -5.022533 1.972769 4.165456
v -5.019081 1.974593 4.166413
v -5.019783 1.973451 4.165690
v -5.020996 1.972812 4.165355
v -5.064095 1.836635 4.747259
v -5.068165 1.835574 4.749679
v -5.064548 1.836704 4.748750
v -5.065475 1.836525 4.749736
v -5.066750 1.836129 4.750061
v -4.968266 0.701112 4.702286
v -4.968037 0.700691 4.700462
v -4.964977 0.715010 4.697860
v -4.968361 0.699775 4.702135
v -4.966946 0.704286 4.701801
v -4.966881 0.702039 4.701490
v -4.966816 0.700717 4.701089
v -4.965992 0.702981 4.700456
v -4.966629 0.703833 4.699085
v -4.965557 0.707656 4.698107
v -4.968239 0.699548 4.701147
v -4.966732 0.701824 4.700217
v -4.965618 0.704377 4.699530
v -4.965164 0.711809 4.699404
v -4.965858 0.708043 4.700789
v -4.964977 0.711582 4.697676
v -4.965263 0.707744 4.699359
v -4.965744 0.704541 4.700667
v -5.201370 2.868364 4.113844
v -5.198353 2.872669 4.118997
v -5.201309 2.869541 4.115256
v -5.200718 2.870773 4.116730
v -5.199680 2.871871 4.118045
v -5.197392 3.742780 3.362834
v -5.200409 3.738458 3.357660
v -5.198715 3.741980 3.361880
v -5.199757 3.740877 3.360561
v -5.200352 3.739640 3.359079
v -5.150162 2.634218 3.832924
v -5.154861 2.637676 3.837086
v -5.151787 2.634687 3.833491
v -5.153252 2.635509 3.834481
v -5.154327 2.636559 3.835744
v -5.153908 3.507811 3.080950
v -5.149204 3.504340 3.076776
v -5.153374 3.506689 3.079604
v -5.152294 3.505635 3.078338
v -5.150829 3.504812 3.077345
v -5.205261 3.328032 3.759269
v -5.202248 3.332333 3.764420
v -5.205204 3.329209 3.760680
v -5.204613 3.330439 3.762154
v -5.203571 3.331537 3.763469
v -5.158836 3.097767 3.483021
v -5.154140 3.094315 3.478866
v -5.158310 3.096652 3.481682
v -5.157230 3.095604 3.480421
v -5.155766 3.094783 3.479433
v -5.141777 3.847467 2.665828
v -5.137066 3.843957 2.661607
v -5.141243 3.846330 2.664463
v -5.140160 3.845264 2.663182
v -5.138695 3.844432 2.662179
v -5.185265 4.082544 2.947841
v -5.188293 4.078179 2.942615
v -5.186600 4.081738 2.946880
v -5.187641 4.080626 2.945549
v -5.188236 4.079377 2.944051
v -5.129517 4.183923 2.096712
v -5.124901 4.181113 2.091046
v -5.129021 4.183055 2.094794
v -5.127968 4.182216 2.093044
v -5.126522 4.181535 2.091728
v -5.165539 4.364583 2.504914
v -5.168701 4.360932 2.498308
v -5.166893 4.363827 2.503844
v -5.167969 4.362869 2.502212
v -5.168602 4.361852 2.500268
v -5.135857 4.706906 0.968401
v -5.135674 4.705491 0.967956
v -5.139751 4.701558 0.988391
v -5.136013 4.706687 0.966527
v -5.137390 4.706454 0.972885
v -5.137383 4.706464 0.970494
v -5.137352 4.706287 0.969054
v -5.138145 4.705604 0.972190
v -5.137218 4.704098 0.972606
v -5.138538 4.702859 0.978123
v -5.137302 4.705361 0.970356
v -5.138443 4.704636 0.974094
v -5.139500 4.703561 0.983704
v -5.138672 4.705279 0.978259
v -5.139427 4.701968 0.983665
v -5.139038 4.704073 0.978525
v -5.138500 4.705658 0.974155
v -5.142879 4.609328 2.013808
v -5.138653 4.615108 2.016052
v -5.142384 4.611057 2.014092
v -5.141407 4.612763 2.014618
v -5.140099 4.614185 2.015306
v -5.188644 2.363452 4.417115
v -5.185661 2.369151 4.421511
v -5.188602 2.365164 4.418236
v -5.188023 2.366846 4.419464
v -5.186989 2.368245 4.420614
v -5.130714 1.990339 4.186827
v -5.135471 1.995276 4.190274
v -5.132347 1.990919 4.187341
v -5.133820 1.992061 4.188175
v -5.134918 1.993594 4.189205
v -5.164639 1.794196 4.700331
v -5.167782 1.792141 4.694260
v -5.165981 1.793566 4.699305
v -5.167049 1.792952 4.697790
v -5.167683 1.792456 4.696019
v -5.076382 0.718656 4.723355
v -5.081581 0.737164 4.719507
v -5.076214 0.718261 4.721833
v -5.078259 0.722782 4.723254
v -5.079903 0.727746 4.722487
v -5.078094 0.720477 4.723100
v -5.079441 0.723860 4.722578
v -5.078945 0.722010 4.722378
v -5.080910 0.732726 4.719586
v -5.079655 0.727572 4.720054
v -5.081070 0.732798 4.721172
v -5.080231 0.727929 4.721315
v -5.079338 0.723781 4.721549
v -5.076488 0.716782 4.723012
v -5.078003 0.722494 4.720845
v -5.077976 0.720337 4.721974
v -5.077961 0.719095 4.722821
v -5.182022 5.171247 0.063034
v -5.185246 5.169553 0.061647
v -5.184486 5.169594 0.062445
v -5.185162 5.171865 0.060660
v -5.184761 5.171620 0.062536
v -5.184151 5.171572 0.063756
v -5.183598 5.172763 0.063727
v -5.181026 5.172581 0.063017
v -5.180481 5.173725 0.062553
v -5.183357 5.170188 0.062932
v -5.182800 5.171974 0.063664
v -5.182434 5.173341 0.063801
v -5.182724 5.174426 0.060639
v -5.184185 5.173394 0.060653
v -5.180473 5.174505 0.061711
v -5.182487 5.173983 0.062563
v -0.994873 4.608402 5.232126
v -5.161922 0.925228 4.702159
v -3.484562 4.955219 3.819275
v -3.486362 4.959039 3.821013
v -3.485680 4.955495 3.820317
v -3.486416 4.956316 3.821013
v -3.486656 4.957561 3.821257
v -3.549759 4.967995 3.087317
v -3.547714 4.971997 3.085491
v -3.548622 4.968317 3.086268
v -3.547836 4.969189 3.085552
v -3.547516 4.970482 3.085279
v -3.889008 4.962504 3.401934
v -3.890800 4.966323 3.403665
v -3.890121 4.962780 3.402973
v -3.890854 4.963602 3.403668
v -3.891094 4.964847 3.403910
v -3.145336 4.960710 3.504678
v -3.143288 4.964715 3.502848
v -3.144199 4.961032 3.503627
v -3.143410 4.961906 3.502909
v -3.143089 4.963197 3.502637
v -2.715103 4.954552 3.857507
v -2.713032 4.958560 3.855656
v -2.713951 4.954874 3.856448
v -2.713158 4.955749 3.855725
v -2.712833 4.957043 3.855447
v -3.054714 4.949054 4.172465
v -3.056541 4.952882 4.174228
v -3.055843 4.949330 4.173518
v -3.056587 4.950155 4.174222
v -3.056835 4.951402 4.174472
v -2.613102 4.944091 4.456811
v -2.615082 4.947939 4.458543
v -2.614292 4.944369 4.457854
v -2.615086 4.945198 4.458551
v -2.615364 4.946451 4.458792
v -2.260693 4.949481 4.147906
v -2.258469 4.953495 4.146084
v -2.259487 4.949803 4.146858
v -2.258640 4.950677 4.146143
v -2.258282 4.951974 4.145872
v -1.401340 4.938236 4.787974
v -1.392143 4.942303 4.791918
v -1.397865 4.938524 4.789503
v -1.394897 4.939399 4.790789
v -1.392887 4.940725 4.791639
v -2.128201 4.939940 4.694643
v -2.133183 4.943837 4.694992
v -2.130543 4.940227 4.695158
v -2.132313 4.941070 4.695405
v -2.133240 4.942337 4.695347
v -1.467686 4.942736 4.529928
v -1.462463 4.946729 4.529483
v -1.465332 4.943050 4.529405
v -1.463512 4.943918 4.529138
v -1.462505 4.945211 4.529166
v -3.907330 4.976340 2.609200
v -3.905361 4.980347 2.607222
v -3.906223 4.976662 2.608093
v -3.905457 4.977538 2.607327
v -3.905155 4.978830 2.607022
v -4.239864 4.970547 2.941139
v -4.241573 4.974372 2.943011
v -4.240948 4.970821 2.942234
v -4.241653 4.971646 2.942974
v -4.241871 4.972893 2.943247
v -4.708633 4.994524 1.567504
v -4.712788 4.998828 1.558653
v -4.710270 4.994897 1.564137
v -4.711632 4.995848 1.561273
v -4.712517 4.997228 1.559347
v -4.395710 4.992664 1.674032
v -4.395451 4.996732 1.668643
v -4.395256 4.993009 1.671619
v -4.395046 4.993903 1.669748
v -4.395115 4.995212 1.668703
v -4.555984 4.979779 2.412223
v -4.555920 4.983569 2.417164
v -4.556393 4.980035 2.414494
v -4.556519 4.980844 2.416230
v -4.556355 4.982085 2.417167
v -3.448563 5.063632 3.787773
v -3.443962 5.067552 3.783572
v -3.447784 5.065116 3.787077
v -3.446640 5.066382 3.786033
v -3.445293 5.067237 3.784804
v -3.577988 5.075246 3.115376
v -3.582352 5.079144 3.119493
v -3.578674 5.076754 3.116040
v -3.579746 5.078022 3.117057
v -3.581036 5.078863 3.118269
v -3.853001 5.070920 3.370425
v -3.848408 5.074837 3.366233
v -3.852222 5.072402 3.369729
v -3.851078 5.073669 3.368688
v -3.849739 5.074523 3.367460
v -3.173561 5.067958 3.532734
v -3.177929 5.071859 3.536853
v -3.174248 5.069467 3.533397
v -3.175320 5.070737 3.534414
v -3.176613 5.071577 3.535627
v -2.743298 5.061800 3.885538
v -2.747692 5.065700 3.889683
v -2.743988 5.063307 3.886205
v -2.745068 5.064579 3.887227
v -2.746368 5.065420 3.888448
v -3.018749 5.057458 4.140995
v -3.014114 5.061388 4.136761
v -3.017967 5.058944 4.140295
v -3.016811 5.060215 4.139245
v -3.015457 5.061072 4.138004
v -2.577301 5.052480 4.425320
v -2.572468 5.056424 4.421126
v -2.576504 5.053972 4.424622
v -2.575302 5.055248 4.423580
v -2.573887 5.056108 4.422351
v -2.288734 5.056720 4.175963
v -2.293316 5.060630 4.180064
v -2.289440 5.058233 4.176626
v -2.290558 5.059507 4.177638
v -2.291920 5.060348 4.178846
v -1.388435 5.045751 4.790287
v -1.399010 5.049989 4.785470
v -1.389194 5.047346 4.789899
v -1.391472 5.048713 4.788848
v -1.394917 5.049642 4.787294
v -2.095421 5.048328 4.661785
v -2.086765 5.052265 4.659334
v -2.094330 5.049826 4.661216
v -2.092300 5.051102 4.660551
v -2.089645 5.051959 4.659890
v -1.492725 5.049949 4.559359
v -1.501106 5.053894 4.561711
v -1.493721 5.051464 4.559890
v -1.495663 5.052747 4.560524
v -1.498257 5.053600 4.561162
v -3.935631 5.083592 2.637106
v -3.939899 5.087488 2.641416
v -3.936314 5.085100 2.637785
v -3.937363 5.086370 2.638843
v -3.938622 5.087208 2.640117
v -4.203777 5.078952 2.909775
v -4.199287 5.082881 2.905400
v -4.203007 5.080440 2.909065
v -4.201881 5.081708 2.907984
v -4.200577 5.082566 2.906697
v -4.709080 5.102248 1.557022
v -4.703915 5.106238 1.567203
v -4.708641 5.103829 1.557775
v -4.707504 5.105144 1.559975
v -4.705845 5.105990 1.563286
v -4.425720 5.099973 1.698526
v -4.427856 5.103797 1.707082
v -4.426239 5.101476 1.699529
v -4.426826 5.102731 1.701507
v -4.427395 5.103547 1.704159
v -4.518135 5.088114 2.383940
v -4.515820 5.092125 2.375776
v -4.517529 5.089612 2.382941
v -4.516876 5.090899 2.381037
v -4.516273 5.091784 2.378521
v -4.730103 5.060189 1.005470
v -4.731766 5.060182 1.005978
v -4.731689 5.060205 1.004595
v -0.925346 4.993934 4.792762
v -0.925842 4.993904 4.794495
v -0.924450 4.993906 4.794373
v -2.587910 5.082275 5.242801
v -2.587788 5.077629 5.247237
v -2.587120 5.081898 5.244524
v -2.586823 5.080883 5.245972
v -2.587055 5.079383 5.246927
v -5.164909 2.510721 5.201610
v -5.160336 2.510648 5.206132
v -5.164566 2.509968 5.203333
v -5.163574 2.509687 5.204796
v -5.162090 2.509927 5.205778
v -2.590691 2.519596 5.195654
v -2.591354 2.520176 5.199144
v -2.590202 2.519091 5.196975
v -2.590565 2.519403 5.198864
v -5.172943 5.118472 2.682934
v -5.168373 5.123053 2.683028
v -5.172600 5.120244 2.682225
v -5.171608 5.121736 2.681993
v -5.170128 5.122722 2.682276
v -2.598709 5.129124 2.675270
v -2.599510 5.132564 2.675988
v -2.598236 5.130464 2.674809
v -2.598671 5.132323 2.675199
v -5.173035 2.560420 2.634132
v -5.176472 2.561046 2.634891
v -5.174366 2.559944 2.633650
v -5.176224 2.560283 2.634062
v -2.857079 5.086027 4.761859
v -2.855068 5.090209 4.766443
v -2.857086 5.087650 4.762232
v -2.856705 5.089015 4.763236
v -2.855995 5.089914 4.764714
v -4.691734 5.116926 2.935982
v -4.687138 5.112609 2.938340
v -4.689976 5.116580 2.936909
v -4.688484 5.115638 2.937684
v -4.687489 5.114242 2.938184
v -2.862965 5.125325 2.924865
v -2.864983 5.121013 2.927179
v -2.863895 5.124975 2.925776
v -2.864605 5.124033 2.926534
v -2.864986 5.122642 2.927027
v -5.159149 2.763899 4.735303
v -5.163422 2.761461 4.739815
v -5.160778 2.763713 4.735652
v -5.162167 2.763185 4.736631
v -5.163094 2.762393 4.738094
v -5.167080 4.636252 2.925912
v -5.171356 4.640891 2.923592
v -5.168713 4.636605 2.925741
v -5.170097 4.637612 2.925240
v -5.171028 4.639116 2.924486
v -5.171402 2.796701 2.889452
v -5.167088 2.799031 2.891951
v -5.171059 2.797591 2.890415
v -5.170116 2.798349 2.891227
v -5.168724 2.798854 2.891767
v -2.837029 4.605405 5.238741
v -2.839424 4.600622 5.234404
v -2.837948 4.603642 5.238387
v -2.838730 4.602113 5.237438
v -2.839249 4.601052 5.236039
v -4.687111 2.754676 5.208950
v -4.682545 2.757118 5.204717
v -4.685356 2.755588 5.208635
v -4.683872 2.756372 5.207721
v -4.682884 2.756908 5.206345
v -2.837021 2.761559 5.203884
v -2.839424 2.763705 5.199672
v -2.837944 2.762450 5.203577
v -2.838726 2.763170 5.202669
v -2.839245 2.763611 5.201298
v -2.847214 4.986679 4.755729
v -2.845581 4.990858 4.760057
v -2.846428 4.986973 4.757362
v -2.845844 4.987871 4.758755
v -2.845547 4.989234 4.759702
v -4.687138 5.025632 2.936682
v -4.682869 5.021333 2.938704
v -4.686813 5.023998 2.936810
v -4.685886 5.022608 2.937241
v -4.684502 5.021670 2.937906
v -2.853477 5.025815 2.925375
v -2.855965 5.021512 2.928324
v -2.853512 5.024186 2.925576
v -2.853992 5.022796 2.926207
v -2.854855 5.021858 2.927171
v -5.067913 2.766111 4.730690
v -5.072155 2.763906 4.734928
v -5.068230 2.765268 4.732305
v -5.069149 2.764552 4.733680
v -5.070526 2.764074 4.734600
v -5.075821 4.631958 2.927578
v -5.080090 4.636258 2.925538
v -5.076149 4.633603 2.926790
v -5.077072 4.634999 2.926126
v -5.078457 4.635930 2.925686
v -5.080097 2.799036 2.891576
v -5.075825 2.801989 2.894632
v -5.078468 2.799261 2.891803
v -5.077084 2.799902 2.892463
v -5.076153 2.800860 2.893457
v -2.839134 4.595975 5.143473
v -2.841255 4.591499 5.139158
v -2.839291 4.595570 5.141841
v -2.839748 4.594575 5.140445
v -2.840439 4.593145 5.139505
v -4.682964 2.758571 5.120663
v -4.678726 2.760768 5.116421
v -4.682652 2.758762 5.119035
v -4.681732 2.759245 5.117656
v -4.680355 2.759950 5.116739
v -2.839130 2.759027 5.111675
v -2.842136 2.761808 5.107484
v -2.839355 2.759170 5.110050
v -2.840004 2.759749 5.108683
v -2.840981 2.760675 5.107782
v -4.674973 5.034158 4.772167
v -4.679253 5.034230 4.767932
v -4.676605 5.034161 4.771851
v -4.677994 5.034175 4.770936
v -4.678921 5.034199 4.769560
v -4.692017 5.104040 1.105833
v -4.695023 5.104011 1.107090
v -4.693172 5.104054 1.105008
v -4.694798 5.104037 1.105689
v -5.115662 0.930941 4.701233
v -5.115673 0.929747 4.698193
v -5.115662 0.929543 4.700977
v -5.115669 0.928899 4.699331
v -5.131508 4.671305 1.086633
v -5.131516 4.668323 1.085334
v -5.131516 4.671103 1.085228
v -5.131516 4.669490 1.084526
v -4.682755 4.590515 5.195880
v -4.678493 4.594783 5.195941
v -4.682430 4.592145 5.195908
v -4.681507 4.593530 5.195929
v -4.680126 4.594455 5.195941
v -0.998829 4.598800 5.181880
v -1.000065 4.601813 5.181939
v -0.997993 4.599956 5.181897
v -0.998661 4.601587 5.181929
v -1.027786 5.042723 4.749751
v -1.026482 5.042784 4.746686
v -1.026348 5.042732 4.749509
v -1.025597 5.042747 4.748842
v -5.115662 4.601205 4.764816
v -5.115643 4.596867 4.768996
v -5.115654 4.600852 4.766441
v -5.115646 4.599901 4.767804
v -5.115643 4.598502 4.768702
v -4.679737 0.923922 5.129467
v -4.682755 0.925173 5.129501
v -4.680893 0.923097 5.129455
v -4.682522 0.923773 5.129473
v -3.667206 3.443943 5.085348
v -3.668770 3.445720 5.089253
v -3.668209 3.445081 5.085677
v -3.668858 3.445819 5.086535
v -3.669056 3.446044 5.087791
v -2.933769 3.490070 5.074621
v -2.931866 3.487909 5.078523
v -2.932739 3.488901 5.074888
v -2.932014 3.488080 5.075721
v -2.931709 3.487731 5.076998
v -3.239372 3.837334 5.085404
v -3.240925 3.839106 5.089306
v -3.240372 3.838472 5.085730
v -3.241016 3.839206 5.086587
v -3.241215 3.839428 5.087843
v -3.361626 3.096697 5.074569
v -3.359718 3.094535 5.078474
v -3.360592 3.095527 5.074837
v -3.359871 3.094706 5.075671
v -3.359562 3.094358 5.076948
v -3.725651 2.675849 5.073039
v -3.723721 2.673662 5.076947
v -3.724609 2.674670 5.073305
v -3.723877 2.673839 5.074142
v -3.723564 2.673484 5.075421
v -4.031578 3.023490 5.083833
v -4.033165 3.025296 5.087746
v -4.032593 3.024641 5.084162
v -4.033253 3.025389 5.085023
v -4.033451 3.025619 5.086282
v -4.327442 2.589487 5.081005
v -4.328995 2.591444 5.084941
v -4.328442 2.590700 5.081337
v -4.329090 2.591496 5.082202
v -4.329285 2.591760 5.083466
v -4.027893 2.229218 5.070093
v -4.026001 2.226877 5.074004
v -4.026871 2.227980 5.070359
v -4.026150 2.227098 5.071194
v -4.025845 2.226713 5.072476
v -4.690346 1.386936 5.065924
v -4.694393 1.377767 5.069966
v -4.691956 1.383498 5.066206
v -4.693291 1.380546 5.067073
v -4.694145 1.378537 5.068393
v -4.577938 2.111009 5.076700
v -4.578030 2.115931 5.080691
v -4.578384 2.113358 5.077046
v -4.578556 2.115119 5.077925
v -4.578430 2.116022 5.079204
v -4.430637 1.446535 5.062868
v -4.430199 1.441234 5.066756
v -4.430168 1.444165 5.063123
v -4.429920 1.442324 5.063952
v -4.429932 1.441295 5.065227
v -2.446407 3.835030 5.072909
v -2.444347 3.832937 5.076811
v -2.445316 3.833886 5.073175
v -2.444546 3.833087 5.074008
v -2.444202 3.832754 5.075286
v -2.769501 4.176036 5.083853
v -2.771198 4.177723 5.087767
v -2.770557 4.177141 5.084182
v -2.771248 4.177850 5.085042
v -2.771477 4.178054 5.086301
v -1.383980 4.608846 5.069543
v -1.374886 4.612693 5.073618
v -1.380562 4.610385 5.069832
v -1.377632 4.611658 5.070709
v -1.375641 4.612468 5.072036
v -1.498699 4.298845 5.066007
v -1.493187 4.298376 5.069888
v -1.496288 4.298322 5.066265
v -1.494392 4.298049 5.067091
v -1.493305 4.298068 5.068365
v -2.232445 4.478244 5.080621
v -2.237259 4.478236 5.084573
v -2.234695 4.478704 5.080961
v -2.236397 4.478864 5.081830
v -2.237297 4.478698 5.083099
v -3.633087 3.405236 5.192023
v -3.628880 3.400460 5.195719
v -3.632362 3.404413 5.193468
v -3.631310 3.403217 5.194680
v -3.630085 3.401828 5.195470
v -2.957504 3.517108 5.183213
v -2.961376 3.521507 5.187319
v -2.958099 3.517786 5.184754
v -2.959045 3.518859 5.186075
v -2.960194 3.520166 5.186977
v -3.205242 3.798619 5.192075
v -3.201042 3.793850 5.195774
v -3.204517 3.797799 5.193524
v -3.203465 3.796602 5.194732
v -3.202248 3.795217 5.195524
v -3.385357 3.123735 5.183160
v -3.389229 3.128136 5.187268
v -3.385952 3.124412 5.184701
v -3.386898 3.125488 5.186023
v -3.388050 3.126794 5.186924
v -3.749359 2.702861 5.181626
v -3.753254 2.707289 5.185737
v -3.749954 2.703539 5.183168
v -3.750908 2.704621 5.184490
v -3.752064 2.705937 5.185394
v -3.997490 2.984821 5.190499
v -3.993256 2.980009 5.194205
v -3.996761 2.983994 5.191948
v -3.995701 2.982789 5.193162
v -3.994469 2.981390 5.193953
v -4.293327 2.550982 5.187659
v -4.289131 2.545976 5.191378
v -4.292603 2.550139 5.189113
v -4.291550 2.548892 5.190333
v -4.290329 2.547429 5.191128
v -4.051636 2.256071 5.178671
v -4.055481 2.260689 5.182791
v -4.052231 2.256768 5.180216
v -4.053169 2.257890 5.181541
v -4.054314 2.259264 5.182445
v -4.689430 1.372196 5.173222
v -4.684204 1.382563 5.177476
v -4.688972 1.372916 5.174817
v -4.687817 1.375141 5.176187
v -4.686142 1.378528 5.177120
v -4.542381 2.075488 5.183357
v -4.540028 2.066705 5.187064
v -4.541794 2.074356 5.184819
v -4.541138 2.072288 5.186039
v -4.540520 2.069602 5.186826
v -4.455833 1.470425 5.171410
v -4.457829 1.478791 5.175574
v -4.456287 1.471406 5.172961
v -4.456825 1.473340 5.174296
v -4.457367 1.475933 5.175214
v -2.469990 3.862139 5.181493
v -2.474052 3.866449 5.185604
v -2.470596 3.862811 5.183036
v -2.471584 3.863865 5.184357
v -2.472797 3.865142 5.185260
v -2.735519 4.137247 5.190521
v -2.731136 4.132577 5.194226
v -2.734783 4.136432 5.191969
v -2.733688 4.135256 5.193182
v -2.732410 4.133903 5.193975
v -1.369926 4.607122 5.176848
v -1.380100 4.602147 5.181090
v -1.370640 4.606674 5.178446
v -1.372822 4.605569 5.179814
v -1.376144 4.603982 5.180743
v -1.518826 4.327575 5.174566
v -1.527191 4.329861 5.178712
v -1.519764 4.328092 5.176110
v -1.521683 4.328708 5.177440
v -1.524292 4.329329 5.178354
v -2.201591 4.437774 5.187294
v -2.193363 4.435178 5.190988
v -2.200558 4.437114 5.188748
v -2.198631 4.436389 5.189959
v -2.196106 4.435710 5.190747
v -0.819710 4.614698 5.116642
v -0.820171 4.616373 5.116680
v -0.818794 4.616260 5.116656
v -4.705791 0.910311 5.113745
v -4.707512 0.910852 5.113783
v -4.707428 0.909457 5.113756
v -5.100155 3.585618 3.614972
v -5.104290 3.586858 3.616470
v -5.100639 3.586562 3.616106
v -5.101597 3.587131 3.616790
v -5.102879 3.587233 3.616916
v -5.041496 2.853589 3.644277
v -5.045074 2.851483 3.641763
v -5.041595 2.852577 3.643065
v -5.042313 2.851823 3.642161
v -5.043533 2.851438 3.641702
v -5.100735 3.147411 3.996776
v -5.104866 3.148643 3.998266
v -5.101219 3.148352 3.997906
v -5.102177 3.148916 3.998586
v -5.103455 3.149019 3.998712
v -5.040920 3.291820 3.262500
v -5.044498 3.289708 3.259978
v -5.041019 3.290805 3.261284
v -5.041737 3.290049 3.260378
v -5.042957 3.289664 3.259919
v -5.032253 3.667306 2.851935
v -5.035828 3.665168 2.849381
v -5.032349 3.666282 2.850707
v -5.033066 3.665515 2.849790
v -5.034286 3.665125 2.849324
v -5.091553 3.961437 3.204804
v -5.095707 3.962697 3.206326
v -5.092041 3.962390 3.205950
v -5.093002 3.962966 3.206641
v -5.094288 3.963072 3.206773
v -5.075790 4.269425 2.779580
v -5.079964 4.270633 2.781267
v -5.076283 4.270362 2.780792
v -5.077244 4.270921 2.781538
v -5.078537 4.271015 2.781705
v -5.017422 3.982090 2.411098
v -5.021000 3.979990 2.408360
v -5.017521 3.981081 2.409800
v -5.018234 3.980328 2.408823
v -5.019459 3.979944 2.408318
v -5.031090 4.668992 1.514201
v -5.035042 4.673053 1.503996
v -5.031368 4.670688 1.510464
v -5.032219 4.672055 1.507212
v -5.033508 4.672887 1.504941
v -5.052284 4.533668 2.308861
v -5.056255 4.533229 2.313684
v -5.052685 4.533980 2.311279
v -5.053581 4.534005 2.313044
v -5.054832 4.533742 2.313889
v -5.016060 4.408492 1.564099
v -5.019863 4.407990 1.557936
v -5.016243 4.408092 1.561489
v -5.017033 4.407859 1.559402
v -5.018303 4.407823 1.558154
v -5.032360 2.357560 3.976533
v -5.035931 2.355298 3.974086
v -5.032459 2.356488 3.975345
v -5.033173 2.355685 3.974464
v -5.034393 2.355265 3.974022
v -5.092506 2.668999 4.323202
v -5.096649 2.670375 4.324611
v -5.092995 2.669997 4.324303
v -5.093952 2.670607 4.324959
v -5.095238 2.670741 4.325066
v -5.014515 1.275576 4.722549
v -5.018227 1.266115 4.725840
v -5.014683 1.272099 4.723980
v -5.015446 1.269081 4.725106
v -5.016693 1.266981 4.725761
v -4.994942 1.399323 4.416648
v -4.998375 1.393570 4.415737
v -4.994984 1.396915 4.416048
v -4.995651 1.394976 4.415665
v -4.996841 1.393803 4.415557
v -5.075039 2.124771 4.611789
v -5.079308 2.129301 4.611582
v -5.075569 2.126977 4.612273
v -5.076569 2.128614 4.612405
v -5.077881 2.129431 4.612160
v -5.200821 3.545453 3.567092
v -5.203838 3.541145 3.561932
v -5.202148 3.544656 3.566139
v -5.203186 3.543557 3.564822
v -5.203781 3.542323 3.563347
v -5.153263 2.869052 3.663134
v -5.157959 2.872507 3.667290
v -5.154888 2.869521 3.663701
v -5.156353 2.870343 3.664691
v -5.157433 2.871392 3.665951
v -5.201405 3.107236 3.948885
v -5.204418 3.102936 3.943735
v -5.202728 3.106440 3.947932
v -5.203766 3.105342 3.946621
v -5.204361 3.104112 3.945145
v -5.152687 3.307278 3.281351
v -5.157387 3.310738 3.285511
v -5.154312 3.307747 3.281918
v -5.155777 3.308569 3.282907
v -5.156857 3.309619 3.284169
v -5.144009 3.682739 2.870753
v -5.148716 3.686224 2.874946
v -5.145638 3.683209 2.871322
v -5.147102 3.684038 2.872319
v -5.148186 3.685096 2.873592
v -5.192215 3.921302 3.156960
v -5.195236 3.916959 3.151763
v -5.193542 3.920498 3.156002
v -5.194584 3.919391 3.154678
v -5.195179 3.918149 3.153189
v -5.176426 4.229260 2.731924
v -5.179478 4.224973 2.726503
v -5.177765 4.228458 2.730945
v -5.178818 4.227362 2.729572
v -5.179417 4.226138 2.728012
v -5.129181 3.997559 2.429731
v -5.133884 4.000987 2.434147
v -5.130806 3.998025 2.430318
v -5.132275 3.998842 2.431363
v -5.133354 3.999881 2.432708
v -5.137051 4.661210 1.490082
v -5.141174 4.655449 1.500819
v -5.138603 4.660628 1.490730
v -5.139935 4.659328 1.492998
v -5.140835 4.657510 1.496541
v -5.152649 4.491885 2.264376
v -5.156029 4.489621 2.255040
v -5.154026 4.491234 2.263095
v -5.155148 4.490575 2.260871
v -5.155853 4.490007 2.258042
v -5.128040 4.425561 1.579306
v -5.132462 4.426973 1.588005
v -5.129646 4.425877 1.580219
v -5.131050 4.426253 1.582193
v -5.132042 4.426640 1.584927
v -5.144115 2.372868 3.995457
v -5.148827 2.376518 3.999523
v -5.145744 2.373353 3.996018
v -5.147209 2.374215 3.996987
v -5.148293 2.375327 3.998217
v -5.193176 2.628974 4.275237
v -5.196190 2.624484 4.270182
v -5.194504 2.628162 4.274291
v -5.195541 2.627024 4.272999
v -5.196133 2.625734 4.271556
v -5.120102 1.254288 4.711945
v -5.124653 1.264292 4.706894
v -5.121708 1.254900 4.711389
v -5.123135 1.257019 4.710233
v -5.124168 1.260315 4.708656
v -5.106552 1.411138 4.437108
v -5.111443 1.419137 4.439256
v -5.108196 1.411952 4.437523
v -5.109703 1.413761 4.438075
v -5.110840 1.416283 4.438686
v -5.175804 2.087912 4.562223
v -5.178699 2.079532 4.559142
v -5.177124 2.086803 4.561425
v -5.178139 2.084822 4.560560
v -5.178692 2.082268 4.559758
v -5.022125 0.709474 4.711149
v -5.022324 0.709886 4.712825
v -5.022194 0.708515 4.712682
v -5.081589 4.696709 0.957271
v -5.081673 4.698239 0.957711
v -5.081654 4.698201 0.956350
v -4.683853 0.917850 5.172995
v -1.033855 5.097307 4.751737
v -4.696053 5.150499 1.101977
v -5.177902 4.672429 1.080849
vn -0.0814 -0.9960 0.0370
vn -0.0000 -0.9998 -0.0175
vn -0.0775 -0.9961 0.0414
vn -0.7096 0.3432 0.6153
vn -0.6435 0.4331 0.6312
vn -0.6799 0.4336 0.5913
vn 0.0681 -0.9942 -0.0832
vn 0.6097 0.2852 -0.7396
vn 0.5494 0.3769 -0.7457
vn 0.5676 0.2835 -0.7729
vn -0.0574 -0.9965 0.0616
vn -0.0617 -0.9964 0.0584
vn -0.7447 0.3416 0.5733
vn -0.7135 0.4329 0.5509
vn 0.7701 0.2827 -0.5718
vn 0.7884 0.3728 -0.4893
vn 0.7441 0.3777 -0.5510
vn 0.6907 0.2860 -0.6642
vn 0.6278 0.3806 -0.6790
vn 0.6494 0.2861 -0.7046
vn -0.0657 -0.9963 0.0545
vn -0.0694 -0.9964 0.0496
vn 0.0643 -0.9941 -0.0874
vn 0.5030 0.3731 -0.7796
vn 0.5192 0.2788 -0.8079
vn -0.4615 0.3236 0.8260
vn -0.4880 0.4196 0.7654
vn -0.5089 0.3291 0.7954
vn -0.5538 0.3329 0.7632
vn -0.5695 0.4287 0.7013
vn -0.5945 0.3376 0.7298
vn 0.4510 0.3676 -0.8133
vn 0.4650 0.2751 -0.8415
vn 0.4095 0.3624 -0.8372
vn 0.4217 0.2710 -0.8653
vn -0.3841 0.3144 0.8681
vn -0.4001 0.4057 0.8218
vn -0.4166 0.3172 0.8520
vn -0.0000 -0.9998 -0.0174
vn -0.0530 -0.9964 0.0659
vn 0.3900 0.3597 -0.8477
vn 0.4014 0.2691 -0.8755
vn 0.6257 0.3835 -0.6793
vn 0.5198 0.1033 -0.8480
vn -0.1741 0.2552 0.9511
vn -0.3693 0.4000 0.8388
vn -0.0441 -0.9962 0.0749
vn -0.0483 -0.9963 0.0706
vn -0.7768 0.3407 0.5297
vn -0.7448 0.4311 0.5094
vn -0.8036 0.3409 0.4879
vn -0.7720 0.4282 0.4697
vn 0.8527 0.2734 -0.4451
vn 0.8419 0.3625 -0.3997
vn 0.8251 0.3664 -0.4301
vn 0.0720 -0.9943 -0.0792
vn -0.8221 0.3372 0.4587
vn -0.7898 0.4258 0.4415
vn -0.9264 0.2956 0.2331
vn -0.8900 0.3910 0.2344
vn 0.8689 0.2723 -0.4135
vn 0.6782 0.3836 -0.6268
vn 0.0795 -0.9945 -0.0682
vn -0.6153 0.5053 0.6050
vn -0.6498 0.5065 0.5668
vn -0.0000 0.9998 0.0175
vn -0.0484 0.9953 0.0841
vn 0.5895 0.3793 -0.7132
vn 0.5283 0.4566 -0.7158
vn 0.0450 0.9976 -0.0521
vn 0.0413 0.9976 -0.0563
vn -0.6825 0.5047 0.5286
vn -0.7129 0.5021 0.4895
vn 0.6673 0.3809 -0.6400
vn 0.6785 0.4595 -0.5731
vn 0.6415 0.4604 -0.6136
vn 0.6031 0.4608 -0.6511
vn 0.7058 0.3800 -0.5979
vn 0.7157 0.4570 -0.5282
vn -0.6062 0.4314 0.6681
vn -0.5307 0.4248 0.7334
vn -0.5451 0.5005 0.6726
vn -0.5081 0.4970 0.7035
vn 0.4342 0.4469 -0.7822
vn 0.0490 0.9976 -0.0491
vn -0.4430 0.4130 0.7957
vn -0.4674 0.4919 0.7345
vn -0.4249 0.4854 0.7641
vn 0.3763 0.4367 -0.8171
vn 0.0001 0.9998 0.0174
vn 0.0384 0.9975 -0.0602
vn -0.3845 0.4778 0.7899
vn -0.1776 0.3509 0.9194
vn -0.3555 0.4711 0.8073
vn 0.5727 0.5395 -0.6173
vn -0.0648 0.9957 0.0665
vn -0.0000 0.9998 0.0174
vn 0.7581 0.4539 -0.4683
vn 0.7952 0.4448 -0.4120
vn -0.7390 0.4997 0.4518
vn -0.7572 0.4955 0.4256
vn -0.0722 0.9956 0.0598
vn -0.0682 0.9957 0.0630
vn 0.8124 0.4392 -0.3835
vn 0.6127 0.5471 -0.5703
vn -0.8538 0.4632 0.2377
vn 0.7304 0.2855 -0.6205
vn -0.9976 -0.0657 0.0201
vn -0.9979 0.0367 0.0535
vn -0.9880 0.1368 0.0721
vn 0.0620 0.9974 -0.0359
vn 0.0651 0.9974 -0.0315
vn 0.5669 0.4586 -0.6843
vn 0.0586 0.9975 -0.0393
vn 0.0857 -0.9943 -0.0638
vn -0.0738 -0.9962 0.0459
vn 0.0740 0.9970 -0.0227
vn 0.0103 -0.0855 0.9963
vn 0.0471 -0.2572 0.9652
vn -0.0236 0.0167 0.9996
vn -0.0021 -0.1131 0.9936
vn -0.0423 0.1175 0.9922
vn -0.0448 0.9952 0.0875
vn -0.6329 0.3401 0.6956
vn -0.0617 0.9956 0.0703
vn -0.5798 0.5035 0.6406
vn -0.0955 -0.9953 -0.0169
vn 0.0904 -0.9940 -0.0615
vn -0.1068 -0.9942 0.0123
vn -0.0894 -0.9955 0.0309
vn -0.0902 0.9949 0.0444
vn -0.0751 0.9955 0.0579
vn 0.0783 0.9967 -0.0209
vn -0.0947 0.9952 0.0242
vn -0.0001 -0.9998 -0.0174
vn -0.0418 -0.9960 0.0787
vn 0.0564 -0.9940 -0.0941
vn 0.4839 0.4525 -0.7490
vn -0.0353 0.9945 0.0989
vn 0.0605 -0.9940 -0.0909
vn 0.0521 -0.9938 -0.0980
vn 0.0558 0.9975 -0.0432
vn 0.8153 0.2796 -0.5071
vn -0.0066 0.1217 -0.9926
vn 0.0918 0.0190 -0.9956
vn 0.0643 0.1487 -0.9868
vn 0.0692 0.9972 -0.0267
vn -0.0251 -0.9954 0.0922
vn 0.0426 -0.9930 -0.1100
vn 0.0025 -0.9969 0.0787
vn 0.0371 0.9973 -0.0630
vn -0.0041 0.9937 0.1116
vn 0.0327 0.9989 0.0328
vn -0.0228 0.9937 0.1100
vn -0.9630 -0.2688 -0.0209
vn -0.8915 -0.4439 -0.0908
vn -0.0862 -0.9957 0.0334
vn -0.9925 -0.1196 0.0267
vn -0.0373 0.9948 0.0953
vn -0.6719 0.3418 0.6571
vn 0.0521 0.9976 -0.0461
vn -0.0407 0.9950 0.0910
vn 0.0473 -0.9937 -0.1018
vn 0.3949 0.4396 -0.8067
vn -0.1826 0.4268 0.8857
vn -0.0514 0.9954 0.0803
vn -0.0551 0.9955 0.0775
vn -0.0583 0.9956 0.0740
vn 0.0755 -0.9944 -0.0741
vn 0.0441 -0.9933 -0.1069
vn -0.0073 -0.0234 0.9997
vn 0.0018 -0.0178 0.9998
vn 0.0024 -0.0188 0.9998
vn 0.9963 0.0517 0.0685
vn 1.0000 0.0001 -0.0050
vn 0.9950 -0.0019 0.0999
vn 0.9966 0.0823 -0.0038
vn 0.9957 -0.0016 0.0927
vn 0.1016 -0.1142 0.9882
vn 0.0049 -0.0173 0.9998
vn 0.0049 -0.1135 0.9935
vn -0.9999 -0.0040 0.0155
vn -0.9999 0.0081 0.0124
vn -0.9899 0.0971 0.1032
vn -0.0621 0.1350 -0.9889
vn -0.0062 0.0182 -0.9998
vn -0.0000 -0.9998 -0.0191
vn -0.1584 -0.9837 0.0853
vn -0.0981 -0.9950 -0.0185
vn -0.0648 0.0528 0.9965
vn -0.0698 -0.0436 0.9966
vn 0.0022 0.9995 0.0313
vn -0.0068 0.9997 0.0219
vn -0.0034 0.9997 0.0234
vn -0.0995 0.0629 -0.9930
vn -0.0043 0.0185 -0.9998
vn -0.0043 0.0995 -0.9950
vn 0.0975 0.9951 0.0185
vn -0.0698 0.9935 0.0894
vn 0.0309 0.9952 0.0930
vn -0.1008 -0.0791 -0.9918
vn -0.1022 0.0184 -0.9946
vn -0.0037 0.9998 0.0200
vn 0.0734 0.9956 -0.0578
vn -1.0000 0.0059 0.0045
vn -0.9950 -0.0704 -0.0704
vn -0.9881 -0.1412 0.0609
vn -1.0000 0.0021 0.0069
vn -0.7401 -0.0858 0.6669
vn -0.7022 -0.0974 0.7053
vn -0.8187 -0.1745 0.5470
vn 0.9884 0.1334 -0.0731
vn 1.0000 0.0001 -0.0043
vn 0.9945 0.1045 -0.0023
vn 0.0031 -0.0191 0.9998
vn -0.0937 -0.0186 0.9954
vn 0.0038 -0.0189 0.9998
vn 0.0848 -0.1008 0.9913
vn 0.1585 0.0401 0.9866
vn 0.0216 0.9998 -0.0025
vn -0.0042 0.9998 0.0190
vn -0.0050 0.9959 -0.0899
vn -0.7026 -0.1029 0.7041
vn -0.6448 -0.0370 0.7635
vn 0.6031 -0.5067 -0.6161
vn 0.5155 -0.5956 -0.6161
vn 0.4611 -0.4503 -0.7646
vn -1.0000 0.0002 0.0025
vn -0.9954 -0.0007 0.0963
vn -0.9902 0.0949 0.1023
vn 0.0028 -0.0195 0.9998
vn 0.0031 -0.1096 0.9940
vn 0.0027 0.9998 0.0192
vn 0.0908 0.9957 0.0187
vn -0.0035 0.9931 0.1174
vn 0.1494 0.9855 0.0800
vn 0.0024 0.0772 0.9970
vn -0.1053 -0.9943 -0.0185
vn -0.0004 -0.9932 -0.1166
vn -0.1308 -0.9874 -0.0896
vn -0.0758 0.6928 0.7171
vn 0.0028 0.7510 0.6603
vn 0.0031 0.6949 0.7191
vn 0.0028 -0.0182 0.9998
vn -0.0542 -0.1750 0.9831
vn -0.0995 0.6536 0.7503
vn 0.0033 0.6342 0.7732
vn -0.0971 -0.9949 0.0256
vn -0.0013 0.9998 0.0181
vn -0.0960 0.9952 0.0198
vn -0.0980 0.9886 0.1147
vn -0.9998 0.0186 -0.0006
vn -1.0000 0.0011 -0.0028
vn -0.9956 0.0019 -0.0940
vn 0.0236 -0.0406 0.9989
vn -0.0615 0.9905 -0.1233
vn -0.0860 -0.0005 -0.9963
vn -0.0061 0.1163 -0.9932
vn 0.9953 -0.0965 -0.0065
vn 0.9895 -0.0742 0.1239
vn -0.7063 0.7071 -0.0355
vn -0.7587 0.6477 -0.0703
vn -0.7057 0.7074 -0.0393
vn 0.6029 -0.5957 -0.5306
vn 0.7491 -0.4594 -0.4773
vn -0.6684 0.7408 -0.0669
vn -0.6474 0.7621 0.0017
vn 0.0037 -0.9897 0.1435
vn 0.1002 -0.9949 -0.0087
vn 0.0023 -0.9991 0.0428
vn -0.9953 0.0967 0.0063
vn -1.0000 -0.0011 0.0043
vn -0.1347 -0.0525 -0.9895
vn -0.1085 0.0179 -0.9939
vn -0.9874 0.0622 -0.1456
vn 0.4671 -0.7403 -0.4836
vn 0.5754 -0.5673 -0.5892
vn -0.0937 0.0770 0.9926
vn 0.9909 -0.0999 0.0907
vn -0.7050 0.7066 0.0606
vn -0.5379 0.8290 0.1528
vn -0.7705 0.6310 0.0908
vn 0.9900 0.0999 -0.0993
vn 0.9952 0.0978 -0.0024
vn -0.7038 0.0046 0.7104
vn -0.7909 0.0092 0.6118
vn -0.6189 0.1278 0.7750
vn -0.1087 0.6908 0.7148
vn -0.0982 -0.9884 -0.1158
vn -0.1559 0.6076 0.7788
vn -0.0167 0.9997 0.0198
vn -0.0962 0.9891 0.1116
vn 0.9963 0.0701 0.0489
vn 0.9970 -0.0015 0.0774
vn 0.9818 0.1597 0.1025
vn 0.0903 0.1152 -0.9892
vn -0.9995 -0.0239 -0.0183
vn -0.9910 -0.0942 -0.0947
vn -1.0000 -0.0001 0.0043
vn -0.9956 0.0017 -0.0936
vn -0.9946 0.0704 0.0768
vn -0.9970 0.0715 -0.0289
vn 0.0953 -0.0188 0.9953
vn 0.0078 -0.0056 1.0000
vn 0.1029 -0.0172 0.9945
vn 0.0358 0.0570 0.9977
vn 0.0980 -0.9920 0.0795
vn 0.0013 -0.9891 0.1470
vn -0.0006 0.9968 -0.0795
vn -0.0805 0.9967 -0.0128
vn 0.0963 0.9923 -0.0785
vn -0.0000 0.9998 0.0191
vn -0.9959 -0.0903 0.0026
vn -0.9953 -0.0964 0.0024
vn -0.9964 -0.0320 0.0782
vn -0.2116 0.0672 -0.9750
vn -0.0907 0.0746 0.9931
vn -0.0388 -0.9806 0.1920
vn -0.0781 -0.9906 0.1120
vn -0.0968 -0.9614 0.2578
vn -0.0678 0.0998 -0.9927
vn -0.0157 0.0172 -0.9997
vn -0.0722 0.0959 -0.9928
vn -0.5848 0.7191 0.3754
vn -0.5993 0.6517 0.4648
vn -0.5586 0.6871 0.4646
vn 0.0482 -0.0523 -0.9975
vn 0.7325 -0.6334 0.2495
vn 0.7431 -0.5750 0.3424
vn 0.7666 -0.5923 0.2481
vn -0.0931 0.0763 -0.9927
vn -0.0890 0.0804 -0.9928
vn -0.5415 0.7528 0.3742
vn -0.5173 0.7197 0.4631
vn 0.5604 -0.7892 0.2513
vn 0.4805 -0.8072 0.3429
vn 0.5435 -0.7646 0.3464
vn 0.6550 -0.7123 0.2520
vn 0.6745 -0.6517 0.3470
vn 0.6962 -0.6723 0.2515
vn -0.0853 0.0844 -0.9928
vn -0.0807 0.0880 -0.9928
vn 0.0527 -0.0489 -0.9974
vn 0.7781 -0.5294 0.3382
vn 0.8024 -0.5446 0.2442
vn -0.8025 0.4769 0.3586
vn -0.7380 0.5000 0.4532
vn -0.7704 0.5232 0.3643
vn -0.7363 0.5670 0.3693
vn -0.6715 0.5797 0.4615
vn -0.7024 0.6069 0.3720
vn 0.8129 -0.4782 0.3325
vn 0.8376 -0.4914 0.2387
vn 0.8377 -0.4372 0.3271
vn 0.8624 -0.4485 0.2346
vn -0.8473 0.4008 0.3486
vn -0.7971 0.4138 0.4398
vn -0.8297 0.4328 0.3526
vn -0.0972 0.0723 -0.9926
vn 0.8486 -0.4179 0.3244
vn 0.8730 -0.4285 0.2331
vn 0.6749 -0.6498 0.3497
vn 0.7698 -0.6377 0.0273
vn -0.9373 0.1939 0.2895
vn -0.8151 0.3836 0.4341
vn -0.1061 0.0634 -0.9923
vn -0.1013 0.0676 -0.9926
vn -0.4974 0.7838 0.3718
vn -0.4751 0.7499 0.4604
vn -0.4553 0.8104 0.3687
vn -0.4348 0.7762 0.4567
vn 0.4314 -0.8684 0.2446
vn 0.3893 -0.8582 0.3347
vn 0.4202 -0.8422 0.3379
vn 0.0440 -0.0562 -0.9974
vn -0.4253 0.8270 0.3678
vn -0.4063 0.7932 0.4535
vn -0.1986 0.9269 0.3185
vn -0.1978 0.8887 0.4136
vn 0.3993 -0.8838 0.2440
vn 0.6212 -0.7007 0.3508
vn 0.0329 -0.0637 -0.9974
vn -0.5716 0.6216 0.5357
vn -0.5330 0.6558 0.5347
vn 0.0157 -0.0172 0.9997
vn -0.0501 0.0332 0.9982
vn 0.7096 -0.6143 0.3452
vn 0.7166 -0.5547 0.4228
vn 0.0844 -0.0642 0.9944
vn 0.0883 -0.0603 0.9943
vn -0.4934 0.6868 0.5338
vn -0.4534 0.7162 0.5305
vn 0.6345 -0.6902 0.3479
vn 0.5701 -0.7011 0.4284
vn 0.6115 -0.6651 0.4287
vn 0.6501 -0.6281 0.4276
vn 0.5914 -0.7275 0.3478
vn 0.5239 -0.7368 0.4275
vn -0.6373 0.6155 0.4637
vn -0.7047 0.5418 0.4581
vn -0.6408 0.5529 0.5326
vn -0.6726 0.5167 0.5297
vn 0.7849 -0.4619 0.4130
vn 0.0803 -0.0675 0.9945
vn -0.7697 0.4560 0.4469
vn -0.7051 0.4774 0.5243
vn -0.7361 0.4358 0.5179
vn 0.8213 -0.4049 0.4019
vn 0.0157 -0.0173 0.9997
vn 0.0924 -0.0577 0.9940
vn -0.7634 0.3962 0.5101
vn -0.9023 0.1949 0.3845
vn -0.7818 0.3679 0.5034
vn 0.7384 -0.4854 0.4682
vn -0.0318 0.0489 0.9983
vn 0.4635 -0.7785 0.4232
vn 0.4056 -0.8135 0.4167
vn -0.4154 0.7415 0.5268
vn -0.3888 0.7588 0.5226
vn -0.0247 0.0559 0.9981
vn -0.0283 0.0526 0.9982
vn 0.3765 -0.8298 0.4120
vn 0.3972 -0.8005 0.4489
vn -0.1997 0.8511 0.4856
vn 0.6102 -0.7510 0.2523
vn 0.0040 0.9989 -0.0475
vn -0.0261 0.9981 0.0552
vn -0.0416 0.9870 0.1552
vn 0.0670 -0.0803 0.9945
vn 0.0634 -0.0842 0.9944
vn 0.6840 -0.5923 0.4259
vn 0.0707 -0.0771 0.9945
vn 0.0281 -0.0690 -0.9972
vn -0.0761 0.0917 -0.9929
vn 0.0540 -0.0926 0.9942
vn -0.9985 0.0168 -0.0527
vn -0.9744 -0.0189 -0.2240
vn -0.9975 0.0490 0.0506
vn -0.9986 -0.0508 -0.0168
vn -0.9864 0.0658 0.1508
vn -0.0529 0.0291 0.9982
vn -0.6668 0.6443 0.3745
vn -0.0356 0.0459 0.9983
vn -0.6082 0.5870 0.5344
vn -0.0136 0.1134 -0.9935
vn 0.0265 -0.0749 -0.9968
vn -0.0428 0.1252 -0.9912
vn -0.0618 0.1084 -0.9922
vn -0.0090 0.0736 0.9972
vn -0.0231 0.0592 0.9980
vn 0.0521 -0.0971 0.9939
vn 0.0113 0.0777 0.9969
vn -0.0157 0.0173 -0.9997
vn -0.1112 0.0617 -0.9919
vn 0.0596 -0.0412 -0.9974
vn 0.7506 -0.5109 0.4191
vn -0.0646 0.0202 0.9977
vn 0.0158 -0.0173 0.9997
vn 0.0559 -0.0450 -0.9974
vn 0.0630 -0.0368 -0.9973
vn 0.0747 -0.0743 0.9944
vn 0.4947 -0.8329 0.2480
vn 0.9746 0.1325 0.1804
vn 0.9918 0.0834 0.0972
vn 0.9748 0.1371 0.1760
vn 0.0576 -0.0869 0.9945
vn -0.0158 0.0173 -0.9997
vn -0.1253 0.0451 -0.9911
vn 0.0755 -0.0277 -0.9968
vn -0.1112 0.0171 -0.9937
vn 0.0954 -0.0565 0.9938
vn -0.0784 -0.0106 0.9969
vn -0.0009 -0.0494 0.9988
vn -0.0761 0.0080 0.9971
vn 0.0399 0.9678 -0.2486
vn 0.1845 0.8841 -0.4294
vn -0.0641 0.1047 -0.9924
vn 0.2477 0.9644 0.0927
vn -0.0615 0.0222 0.9979
vn -0.6274 0.6821 0.3756
vn 0.0781 -0.0714 0.9944
vn -0.0568 0.0254 0.9981
vn 0.0676 -0.0323 -0.9972
vn 0.8100 -0.4231 0.4061
vn -0.8660 0.1979 0.4592
vn -0.0460 0.0360 0.9983
vn -0.0428 0.0391 0.9983
vn -0.0393 0.0426 0.9983
vn 0.0390 -0.0595 -0.9975
vn 0.0722 -0.0290 -0.9970
vn -0.4698 0.5367 0.7009
vn -0.5552 0.5468 0.6267
vn -0.5548 0.5052 0.6611
vn 0.9994 0.0217 0.0264
vn -0.1470 -0.7289 -0.6686
vn -0.2435 -0.7475 -0.6180
vn -0.1454 -0.7641 -0.6285
vn 0.9748 0.1581 0.1575
vn 0.9746 0.1551 0.1614
vn -0.4685 0.4926 0.7334
vn -0.5530 0.4631 0.6927
vn -0.1487 -0.5529 -0.8199
vn -0.2443 -0.4789 -0.8432
vn -0.2468 -0.5432 -0.8025
vn -0.1497 -0.6494 -0.7455
vn -0.2469 -0.6772 -0.6932
vn -0.1485 -0.6917 -0.7067
vn 0.9747 0.1509 0.1651
vn 0.9747 0.1459 0.1692
vn 0.9994 0.0178 0.0303
vn -0.2402 -0.7857 -0.5700
vn -0.1427 -0.8031 -0.5785
vn -0.4501 0.7619 0.4658
vn -0.5415 0.6903 0.4798
vn -0.4573 0.7281 0.5107
vn -0.4623 0.6928 0.5534
vn -0.5513 0.6212 0.5570
vn -0.4672 0.6569 0.5918
vn -0.2346 -0.8310 -0.5045
vn -0.1377 -0.8482 -0.5114
vn -0.2282 -0.8672 -0.4425
vn -0.1335 -0.8834 -0.4491
vn -0.4417 0.8076 0.3908
vn -0.5256 0.7527 0.3964
vn -0.4446 0.7895 0.4232
vn 0.9745 0.1642 0.1532
vn -0.2247 -0.8834 -0.4111
vn -0.1320 -0.8987 -0.4183
vn -0.2444 -0.7310 -0.6371
vn -0.1855 -0.8941 -0.4076
vn -0.3759 0.9046 0.2011
vn -0.5189 0.7720 0.3672
vn 0.9925 0.0850 0.0875
vn 0.9801 0.1512 0.1284
vn 0.9751 0.1657 0.1472
vn -0.4659 0.4475 0.7633
vn -0.5496 0.4203 0.7220
vn -0.4627 0.4050 0.7886
vn -0.5452 0.3796 0.7475
vn -0.1453 -0.4214 -0.8952
vn -0.2387 -0.3858 -0.8912
vn -0.2409 -0.4173 -0.8762
vn 0.9994 0.0267 0.0230
vn -0.4603 0.3747 0.8048
vn -0.5413 0.3509 0.7641
vn -0.4033 0.1492 0.9028
vn -0.4662 0.1491 0.8720
vn -0.1448 -0.3889 -0.9098
vn -0.2507 -0.6228 -0.7412
vn 0.9992 0.0355 0.0155
vn -0.6205 0.5160 0.5905
vn -0.6204 0.4763 0.6231
vn -0.9918 -0.0834 -0.0972
vn -0.9988 -0.0194 -0.0455
vn -0.2455 -0.7132 -0.6566
vn -0.3270 -0.7272 -0.6036
vn -0.9781 -0.1515 -0.1424
vn -0.9931 -0.0823 -0.0841
vn -0.9792 -0.1613 -0.1234
vn -0.6191 0.4350 0.6538
vn -0.6153 0.3950 0.6822
vn -0.2477 -0.6363 -0.7306
vn -0.3318 -0.5773 -0.7461
vn -0.3313 -0.6203 -0.7109
vn -0.3315 -0.6577 -0.6764
vn -0.2476 -0.5922 -0.7668
vn -0.3310 -0.5300 -0.7807
vn -0.5539 0.5858 0.5916
vn -0.5473 0.6556 0.5202
vn -0.6179 0.5859 0.5243
vn -0.6141 0.6196 0.4890
vn -0.3167 -0.8107 -0.4923
vn -0.9781 -0.1458 -0.1482
vn -0.9918 -0.0838 -0.0961
vn -0.5340 0.7237 0.4372
vn -0.6076 0.6537 0.4511
vn -0.6005 0.6861 0.4107
vn -0.3049 -0.8641 -0.4005
vn -0.9958 -0.0689 -0.0595
vn -0.9818 -0.1660 -0.0923
vn -0.5898 0.7161 0.3732
vn -0.4662 0.8621 0.1985
vn -0.5782 0.7382 0.3475
vn -0.3857 -0.7909 -0.4751
vn -0.9989 -0.0372 -0.0290
vn -0.3285 -0.4681 -0.8204
vn -0.3226 -0.4090 -0.8536
vn -0.6105 0.3566 0.7072
vn -0.6059 0.3292 0.7242
vn -0.9987 -0.0450 -0.0231
vn -0.9988 -0.0412 -0.0264
vn -0.3182 -0.3792 -0.8689
vn -0.3852 -0.4655 -0.7968
vn -0.5012 0.1524 0.8518
vn -0.1496 -0.6037 -0.7831
vn -0.0306 -0.0301 0.9991
vn -0.1714 -0.0140 0.9851
vn -0.3005 -0.0079 0.9538
vn -0.9780 -0.1322 -0.1612
vn -0.9779 -0.1289 -0.1644
vn -0.3293 -0.6944 -0.6398
vn -0.9780 -0.1363 -0.1578
vn 0.9990 0.0434 0.0096
vn 0.9748 0.1414 0.1727
vn -0.9778 -0.1186 -0.1728
vn -0.0168 0.9990 0.0426
vn 0.1544 0.9880 0.0087
vn -0.1246 0.9897 0.0703
vn -0.0877 0.9954 -0.0386
vn -0.2235 0.9710 0.0846
vn -0.9987 -0.0154 -0.0488
vn -0.4692 0.6201 0.6287
vn -0.9989 -0.0340 -0.0330
vn -0.6194 0.5530 0.5573
vn 0.9781 0.0779 0.1927
vn 0.9990 0.0444 0.0053
vn 0.9730 0.1062 0.2051
vn 0.9740 0.1260 0.1882
vn -0.9981 -0.0620 -0.0061
vn -0.9987 -0.0466 -0.0195
vn -0.9772 -0.1171 -0.1769
vn -0.9967 -0.0815 -0.0017
vn 0.9949 0.0771 0.0647
vn 0.9894 0.1072 0.0984
vn 0.9993 0.0090 0.0373
vn 0.9918 0.0839 0.0961
vn -0.3245 -0.7643 -0.5573
vn -0.9975 0.0709 -0.0054
vn -0.9991 -0.0325 -0.0290
vn 0.9993 0.0138 0.0336
vn 0.9992 0.0088 0.0399
vn -0.9780 -0.1400 -0.1548
vn -0.1470 -0.4857 -0.8616
vn -0.9782 -0.1226 -0.1676
vn 0.9982 0.0498 0.0345
vn 0.9975 0.0487 0.0515
vn 0.9998 -0.0158 -0.0119
vn 0.9913 0.1302 0.0207
vn -0.9876 -0.1434 -0.0639
vn -0.9970 0.0776 -0.0010
vn -0.9987 -0.0332 -0.0382
vn -0.9872 0.1580 0.0220
vn 0.1778 -0.0493 0.9828
vn 0.3660 -0.0950 0.9258
vn 0.9745 0.1277 0.1847
vn -0.0382 -0.1046 0.9938
vn -0.9992 0.0308 -0.0266
vn -0.4700 0.5802 0.6652
vn -0.9779 -0.1440 -0.1519
vn -0.9989 -0.0083 -0.0472
vn 0.9994 0.0097 0.0321
vn -0.3096 -0.8474 -0.4314
vn -0.5257 0.8272 0.1984
vn -0.9988 -0.0230 -0.0424
vn -0.9988 -0.0279 -0.0393
vn -0.9989 -0.0301 -0.0362
vn 0.9993 0.0306 0.0191
vn 0.9999 0.0088 0.0105
vn 0.1188 -0.4375 0.8913
vn 0.1929 -0.7323 0.6531
vn 0.1700 -0.4293 0.8870
vn 0.0674 -0.6173 0.7838
vn 0.1682 -0.9172 0.3612
vn 0.2440 -0.7232 0.6461
vn 0.2691 -0.8874 0.3743
vn 0.1933 -0.9276 -0.3197
vn 0.0579 -0.9704 0.2343
vn 0.0465 -0.9986 -0.0238
vn 0.2424 -0.9045 -0.3509
vn 0.1624 -0.9866 -0.0161
vn 0.0495 -0.8550 0.5163
vn 0.2215 -0.9750 -0.0198
vn 0.5663 -0.4318 -0.7020
vn 0.4628 -0.1463 -0.8743
vn 0.8503 -0.5262 0.0102
vn 0.7079 -0.4406 -0.5520
vn 0.4679 -0.4642 -0.7521
vn 0.3936 -0.3022 -0.8682
vn 0.5429 -0.7180 -0.4355
vn -0.6581 -0.7332 -0.1710
vn -0.7833 -0.6197 -0.0490
vn -0.8895 -0.4350 -0.1396
vn -0.6515 -0.7262 -0.2195
vn -0.3723 -0.9140 -0.1614
vn -0.5228 -0.8513 -0.0451
vn -0.3882 -0.8855 -0.2553
vn 0.8450 0.1087 -0.5236
vn 0.6954 -0.4316 -0.5746
vn 0.7842 -0.1817 -0.5933
vn 0.8658 -0.1446 -0.4791
vn 0.7475 -0.4585 -0.4807
vn -0.0391 -0.5557 -0.8304
vn 0.5543 -0.4414 -0.7057
vn -0.2314 -0.5645 -0.7923
vn 0.4190 -0.7235 -0.5487
vn -0.2471 -0.9668 -0.0646
vn 0.3023 -0.9290 -0.2133
vn 0.0053 -0.9980 -0.0626
vn 0.0001 -0.9849 -0.1729
vn 0.3306 -0.9076 -0.2587
vn -0.0018 -0.9738 -0.2273
vn 0.0812 0.4821 0.8724
vn -0.0113 0.2073 0.9782
vn 0.0396 -0.1103 0.9931
vn 0.1459 0.5185 0.8426
vn 0.0069 0.4887 0.8724
vn -0.0017 0.7115 0.7027
vn 0.1854 0.8246 0.5345
vn 0.3684 0.7622 -0.5323
vn 0.6934 0.5349 -0.4829
vn 0.3354 0.6513 -0.6807
vn 0.2342 0.9296 -0.2845
vn 0.5244 0.4877 -0.6980
vn 0.2946 0.9197 -0.2597
vn 0.2892 0.8757 -0.3866
vn 0.0275 0.9413 0.3364
vn 0.1370 0.9712 -0.1952
vn 0.1153 0.9915 0.0604
vn 0.2309 0.8658 -0.4440
vn 0.1405 0.9876 0.0705
vn -0.8732 0.4848 -0.0501
vn -0.9924 -0.1222 -0.0140
vn -0.9786 0.2016 0.0413
vn -0.8762 0.4811 0.0269
vn -0.8471 0.5190 -0.1138
vn -0.5298 0.8335 -0.1567
vn 0.2090 0.9703 -0.1220
vn -0.3251 0.9457 -0.0009
vn -0.0158 0.9998 -0.0138
vn 0.4521 0.8639 -0.2220
vn -0.0457 0.9945 -0.0941
vn -0.6986 0.7147 0.0342
vn 0.2944 0.9298 -0.2209
vn -0.0518 0.9913 -0.1210
vn 0.5356 0.7640 -0.3598
vn 0.6813 0.6514 -0.3339
vn 0.4843 0.5413 -0.6873
vn 0.6945 0.5006 -0.5168
vn 0.2745 0.9190 -0.2830
vn 0.3388 0.2622 -0.9036
vn 0.0990 0.5251 -0.8452
vn 0.5924 0.5494 -0.5893
vn 0.3833 0.6610 -0.6451
vn 0.1645 0.8646 -0.4748
vn 0.4204 0.8123 -0.4042
vn 0.8541 0.5104 -0.0999
vn 0.9040 0.2519 -0.3454
vn 0.5451 0.8252 -0.1481
vn 0.6551 0.6542 -0.3780
vn 0.1252 0.9841 -0.1263
vn 0.1926 0.9561 -0.2210
vn -0.4996 0.2197 -0.8379
vn -0.6525 0.4564 -0.6049
vn -0.4549 0.1609 -0.8759
vn -0.8984 0.3232 -0.2974
vn -0.8932 0.4061 0.1931
vn -0.8679 0.4105 0.2798
vn -0.1001 0.7278 0.6785
vn -0.4379 0.6304 0.6410
vn -0.2886 0.7662 0.5741
vn -0.7547 -0.0786 -0.6513
vn -0.7027 -0.1117 -0.7027
vn -0.6978 -0.1146 -0.7071
vn -0.8173 0.5373 -0.2081
vn -0.8173 0.5373 -0.2082
vn -0.0278 0.6654 -0.7460
vn -0.2419 0.5861 -0.7733
vn -0.4898 0.5632 0.6655
vn -0.4417 0.7385 0.5094
vn -0.4290 0.7682 0.4752
vn -0.7924 0.3980 0.4623
vn -0.6553 0.3909 0.6463
vn -0.5467 0.7874 -0.2847
vn -0.4419 0.8292 -0.3423
vn -0.3748 0.8480 -0.3747
vn 0.3198 0.4560 -0.8306
vn 0.4513 0.2769 -0.8483
vn 0.4709 0.2459 -0.8472
vn 0.9557 0.2487 0.1572
vn 0.8762 0.4816 0.0170
vn -0.2063 0.8297 0.5187
vn -0.2065 0.8297 0.5187
vn -0.2064 0.8297 0.5187
vn -0.6660 -0.1022 0.7389
vn -0.6639 -0.1448 0.7337
vn -0.5822 -0.0392 0.8121
vn 0.2328 0.7809 0.5796
vn 0.2328 0.7811 0.5794
vn -0.1780 -0.8185 0.5463
vn -0.4081 -0.6166 0.6732
vn -0.1183 -0.8546 0.5056
vn -0.5202 -0.2324 0.8219
vn -0.2961 -0.3214 0.8995
vn -0.4100 0.1827 0.8936
vn -0.2474 -0.0115 0.9689
vn -0.7433 0.6681 0.0345
vn -0.6588 0.6397 0.3958
vn -0.7897 0.5732 0.2185
vn 0.1384 -0.6863 0.7141
vn 0.1384 -0.6864 0.7140
vn 0.1384 -0.6863 0.7140
vn -0.5125 -0.0903 -0.8539
vn -0.2485 -0.3279 -0.9115
vn -0.8616 -0.1786 -0.4751
vn -0.6494 -0.3763 -0.6608
vn -0.5387 -0.5852 -0.6061
vn -0.7971 -0.4230 -0.4310
vn -0.9649 -0.1918 -0.1793
vn -0.8296 -0.5271 -0.1842
vn -0.9570 -0.1820 -0.2257
vn -0.2447 -0.8996 -0.3617
vn -0.5093 -0.8524 -0.1184
vn -0.6472 -0.6516 -0.3957
vn -0.6370 -0.6480 0.4176
vn -0.4931 -0.8500 0.1854
vn -0.4525 -0.8824 0.1286
vn -0.8809 -0.3596 0.3078
vn -0.9063 -0.3461 0.2428
vn -0.8652 -0.4312 0.2558
vn -0.2873 0.5481 0.7855
vn -0.4360 0.6193 0.6530
vn -0.8205 -0.2289 0.5239
vn -0.8203 -0.2293 0.5240
vn -0.7119 -0.6923 -0.1181
vn -0.6631 -0.7292 -0.1693
vn 0.1061 -0.8628 0.4943
vn 0.3489 -0.9094 0.2265
vn 0.0745 -0.9880 0.1349
vn 0.1827 -0.5480 0.8163
vn 0.3905 -0.6686 0.6329
vn 0.6000 -0.6062 0.5220
vn 0.4317 -0.4444 0.7849
vn 0.6599 -0.3987 0.6368
vn 0.1841 -0.2062 0.9610
vn 0.4788 -0.2019 0.8544
vn 0.2306 -0.1980 0.9527
vn 0.9073 -0.3501 0.2330
vn 0.8564 -0.1149 0.5034
vn 0.8390 0.0013 0.5442
vn 0.9560 0.1529 0.2503
vn -0.7961 0.4617 0.3913
vn -0.5856 0.8105 -0.0161
vn -0.6663 0.7367 -0.1154
vn 0.2375 0.5555 0.7968
vn 0.2379 0.5557 0.7967
vn 0.7581 -0.4743 -0.4475
vn 0.2195 0.8752 -0.4311
vn -0.3729 0.9226 -0.0991
vn 0.5021 0.4432 -0.7426
vn -0.1965 0.9286 -0.3148
vn -0.7040 0.7069 -0.0685
vn -0.1134 0.9042 -0.4118
vn -0.3830 0.9027 -0.1961
vn 0.3131 -0.3010 -0.9008
vn 0.5793 -0.1700 -0.7972
vn 0.1555 -0.5687 -0.8077
vn 0.0872 -0.4229 -0.9020
vn 0.4345 -0.0690 -0.8980
vn -0.2867 0.2976 -0.9106
vn -0.2860 0.2979 -0.9108
vn -0.4697 0.0883 -0.8784
vn -0.9201 0.3759 -0.1100
vn -0.8624 -0.2186 -0.4565
vn -0.9225 0.1986 -0.3309
vn -0.4902 -0.4716 -0.7330
vn -0.8988 0.3872 -0.2058
vn -0.8950 0.1161 -0.4307
vn 0.4621 -0.2456 0.8521
vn 0.1243 0.3537 0.9271
vn 0.7281 -0.5003 0.4685
vn 0.3447 0.1713 0.9229
vn 0.0876 0.6887 0.7197
vn 0.4430 0.0850 0.8925
vn 0.2231 0.3597 0.9060
vn 0.8898 -0.3171 -0.3282
vn 0.7929 -0.5837 -0.1747
vn 0.7941 -0.1398 -0.5915
vn 0.8923 -0.0745 -0.4452
vn 0.8895 -0.4447 -0.1049
vn 0.9204 0.2734 0.2796
vn 0.9205 0.2735 0.2791
vn 0.8810 0.4675 0.0729
vn 0.1204 0.9117 0.3928
vn 0.4486 0.8694 -0.2072
vn 0.3388 0.9172 0.2095
vn 0.7165 0.5066 -0.4796
vn 0.2197 0.8907 0.3980
vn 0.4363 0.8916 0.1217
vn -0.3878 0.9103 0.1446
vn -0.1272 0.9052 0.4055
vn -0.7037 0.6993 0.1257
vn -0.3645 0.8495 0.3815
vn -0.1096 0.6864 0.7189
vn -0.5748 0.5646 0.5923
vn -0.3261 0.6533 0.6833
vn -0.9118 0.1176 0.3933
vn -0.9138 0.3824 0.1368
vn -0.6993 0.0954 0.7084
vn -0.8568 0.3550 0.3741
vn -0.6685 0.6598 0.3433
vn -0.1237 0.3664 0.9222
vn -0.3826 0.1072 0.9177
vn -0.3598 0.3436 0.8675
vn -0.6648 0.3139 0.6778
vn -0.1280 0.1636 -0.9782
vn -0.3221 0.5064 -0.7999
vn -0.0933 0.4328 -0.8967
vn -0.2399 0.1966 -0.9507
vn -0.3978 0.5427 -0.7397
vn -0.2575 0.6181 -0.7427
vn -0.0757 0.7701 -0.6334
vn -0.4325 0.6511 -0.6237
vn -0.8200 0.4340 0.3730
vn -0.8245 -0.0497 0.5637
vn -0.7245 0.3036 0.6188
vn -0.7506 0.5391 0.3822
vn -0.9638 -0.0041 -0.2664
vn -0.9775 0.2105 -0.0109
vn -0.9127 -0.1030 -0.3954
vn -0.7821 0.6082 0.1358
vn -0.7481 0.6308 0.2062
vn -0.0949 0.9470 -0.3070
vn -0.3054 0.9333 0.1890
vn -0.2711 0.9577 -0.0969
vn -0.5374 0.7188 0.4411
vn -0.2965 0.9314 -0.2109
vn -0.3668 0.9289 -0.0515
vn 0.0911 0.3956 -0.9139
vn 0.3720 0.1141 -0.9212
vn 0.1120 0.7158 -0.6893
vn 0.3956 0.4157 -0.8189
vn 0.6987 0.1296 -0.7036
vn 0.3765 0.9228 -0.0815
vn 0.0952 0.9276 -0.3613
vn 0.7015 0.7047 -0.1061
vn 0.3983 0.8321 -0.3860
vn 0.9189 0.1044 -0.3804
vn 0.9202 0.3799 -0.0941
vn 0.8229 0.4072 -0.3962
vn 0.7876 0.5440 0.2894
vn 0.9536 0.2170 0.2089
vn 0.9020 0.4232 0.0855
vn 0.4993 0.8237 0.2686
vn 0.7195 0.5883 0.3690
vn 0.2289 0.7955 0.5610
vn -0.1589 0.9373 0.3103
vn 0.3187 0.9420 0.1052
vn -0.3969 0.7509 0.5278
vn 0.1063 0.9563 0.2722
vn 0.6388 0.7652 0.0798
vn -0.1693 0.8186 0.5489
vn -0.3526 0.5327 0.7694
vn -0.5823 0.3924 0.7120
vn 0.2685 0.1647 0.9491
vn -0.0614 0.4974 0.8653
vn -0.1007 -0.3613 -0.9270
vn -0.3819 -0.0805 -0.9207
vn -0.0948 -0.6906 -0.7170
vn -0.3773 -0.3578 -0.8542
vn -0.7076 -0.0794 -0.7022
vn -0.3582 -0.6481 -0.6721
vn -0.6635 -0.3441 -0.6644
vn -0.3796 -0.9182 -0.1131
vn -0.0987 -0.9134 -0.3949
vn -0.7045 -0.7024 -0.1020
vn -0.3747 -0.8423 -0.3874
vn -0.6638 -0.6528 -0.3649
vn -0.9225 -0.0897 -0.3754
vn -0.9211 -0.3764 -0.0999
vn -0.8507 -0.3666 -0.3769
vn -0.5133 0.2154 -0.8308
vn -0.2746 0.2998 -0.9136
vn -0.4649 0.0929 -0.8805
vn -0.6466 0.1194 -0.7534
vn -0.5245 0.4828 -0.7013
vn -0.7401 0.3431 -0.5784
vn -0.7401 0.3432 -0.5783
vn -0.9444 0.2700 0.1875
vn -0.9445 0.0745 -0.3201
vn -0.7317 0.5381 0.4184
vn -0.8052 0.5238 0.2780
vn -0.8933 0.0947 -0.4394
vn -0.7396 0.0459 -0.6714
vn -0.1983 0.7194 0.6657
vn -0.5964 0.6767 0.4317
vn -0.5195 0.6702 0.5301
vn -0.3646 0.7570 0.5422
vn -0.5195 0.8339 0.1866
vn -0.7658 0.5747 0.2887
vn -0.5466 -0.7928 0.2695
vn -0.4235 -0.9035 0.0659
vn -0.1797 -0.4984 0.8481
vn -0.5142 -0.6613 0.5461
vn -0.8279 -0.5029 0.2484
vn -0.7662 -0.6399 0.0586
vn -0.8041 -0.2371 0.5452
vn -0.5453 0.3432 0.7647
vn -0.2163 0.5122 0.8312
vn -0.4207 0.5680 0.7074
vn -0.8269 0.1622 0.5385
vn -0.5927 0.2392 0.7691
vn -0.9441 -0.3183 0.0861
vn -0.9426 0.1583 0.2939
vn -0.9607 -0.1088 0.2554
vn -0.7638 0.3955 0.5100
vn -0.2565 -0.7557 0.6026
vn -0.1495 -0.9548 0.2569
vn -0.0717 -0.8647 0.4971
vn -0.2342 -0.4811 0.8448
vn -0.8531 -0.4758 0.2141
vn -0.5312 -0.6297 0.5668
vn -0.9145 -0.3801 0.1390
vn -0.3697 -0.4452 0.8156
vn -0.2883 0.1562 0.9447
vn -0.0804 -0.3156 0.9455
vn -0.5144 0.4070 0.7548
vn -0.2457 -0.1156 0.9624
vn -0.0577 -0.6109 0.7896
vn -0.3199 -0.0731 0.9446
vn -0.7739 0.3637 0.5184
vn -0.7131 0.5926 0.3745
vn -0.8284 0.5397 0.1498
vn -0.7806 0.2523 0.5718
vn -0.6888 0.3850 0.6143
vn -0.6966 0.1249 0.7065
vn 0.3789 -0.9220 0.0797
vn 0.0995 -0.9269 0.3619
vn 0.7045 -0.7056 0.0765
vn 0.3754 -0.8554 0.3570
vn 0.0951 -0.7165 0.6910
vn 0.6629 -0.6673 0.3396
vn 0.3578 -0.6730 0.6474
vn 0.9221 -0.1040 0.3726
vn 0.9202 -0.3818 0.0863
vn 0.7076 -0.1045 0.6989
vn 0.8507 -0.3811 0.3620
vn 0.6647 -0.3665 0.6510
vn 0.1016 -0.3946 0.9132
vn 0.3826 -0.1129 0.9170
vn 0.3776 -0.3878 0.8408
vn 0.9684 0.2026 0.1456
vn 0.8009 0.3029 0.5165
vn 0.9044 0.0741 0.4203
vn 0.9100 0.3848 0.1546
vn 0.7800 0.3775 0.4991
vn 0.5026 0.2411 0.8303
vn 0.6434 0.0540 0.7636
vn 0.2323 0.5335 0.8133
vn -0.3396 0.7767 0.5305
vn -0.3656 0.9151 0.1702
vn -0.5709 0.6970 0.4339
vn -0.1671 0.5190 0.8383
vn -0.2728 0.8139 0.5129
vn 0.3227 0.0722 0.9437
vn -0.1591 0.2739 0.9485
vn 0.1103 0.2373 0.9651
vn -0.3926 0.4879 0.7796
vn -0.8981 -0.1748 -0.4036
vn -0.6853 -0.1754 -0.7068
vn -0.8970 -0.2691 -0.3507
vn -0.8050 -0.0356 -0.5921
vn -0.3961 -0.1434 -0.9069
vn -0.7323 -0.2263 -0.6422
vn -0.4109 -0.2446 -0.8783
vn 0.2830 -0.1849 -0.9411
vn -0.2684 -0.0346 -0.9627
vn -0.0123 -0.0293 -0.9995
vn 0.3138 -0.2350 -0.9199
vn -0.0210 -0.1452 -0.9892
vn -0.5462 -0.0209 -0.8374
vn -0.0192 -0.2057 -0.9784
vn 0.6670 -0.5883 -0.4572
vn 0.8567 -0.4827 -0.1816
vn 0.6514 -0.7123 -0.2614
vn 0.7120 -0.6826 -0.1646
vn 0.7237 -0.4787 -0.4972
vn 0.8476 -0.4108 -0.3360
vn 0.3956 -0.5433 -0.7405
vn 0.1754 0.6683 -0.7229
vn 0.0489 0.7930 -0.6072
vn 0.2739 0.8832 -0.3806
vn 0.2257 0.7131 -0.6638
vn 0.1413 0.3836 -0.9126
vn 0.0305 0.5359 -0.8437
vn 0.2375 0.3961 -0.8870
vn 0.5997 -0.7997 0.0299
vn 0.5515 -0.6978 -0.4570
vn 0.6707 -0.6904 -0.2711
vn 0.4509 -0.8759 -0.1717
vn 0.4454 -0.7514 -0.4868
vn 0.6456 -0.7429 -0.1771
vn 0.5113 -0.4178 -0.7510
vn 0.4801 -0.4981 -0.7221
vn 0.0391 0.2629 -0.9640
vn 0.1745 -0.2913 -0.9406
vn 0.0291 0.0110 -0.9995
vn 0.1408 0.0132 -0.9899
vn 0.2206 -0.3207 -0.9211
vn 0.1960 0.0113 -0.9805
vn -0.8586 -0.0737 0.5073
vn -0.9703 0.0324 0.2399
vn -0.9895 -0.1354 -0.0509
vn -0.8960 -0.1418 0.4209
vn -0.8554 0.0073 0.5179
vn -0.6785 0.0072 0.7345
vn -0.5108 -0.1850 0.8395
vn 0.5524 -0.3773 0.7433
vn 0.6856 -0.5552 0.4708
vn 0.6928 -0.3644 0.6223
vn 0.3090 -0.2580 0.9154
vn 0.5385 -0.4218 0.7294
vn 0.2827 -0.3185 0.9048
vn -0.3061 -0.0354 0.9513
vn 0.2235 -0.1590 0.9617
vn -0.0316 -0.1309 0.9909
vn 0.4660 -0.2576 0.8465
vn -0.0398 -0.1554 0.9870
vn 0.1126 0.8640 0.4907
vn 0.3147 0.8683 0.3835
vn -0.0081 0.9751 0.2215
vn 0.0126 0.8647 0.5022
vn 0.1743 0.9846 -0.0133
vn 0.1978 0.5103 0.8370
vn 0.1180 0.6224 0.7737
vn 0.1486 -0.2297 0.9619
vn 0.0408 0.3069 0.9509
vn 0.0475 -0.0024 0.9989
vn 0.2387 -0.4735 0.8479
vn 0.1280 0.0264 0.9914
vn 0.0080 0.6855 0.7280
vn 0.2439 -0.3172 0.9164
vn 0.1553 0.0308 0.9874
vn 0.3484 -0.5641 0.7486
vn 0.3373 -0.7011 0.6283
vn 0.4293 -0.7767 0.4609
vn 0.3747 -0.5235 0.7652
vn 0.3053 -0.2975 0.9046
vn 0.3602 0.9312 -0.0561
vn 0.6990 0.7032 -0.1298
vn 0.3344 0.9372 -0.0988
vn 0.5461 0.8376 -0.0122
vn 0.8998 0.4196 -0.1193
vn 0.6892 0.7014 -0.1818
vn 0.8785 0.4263 -0.2157
vn 0.9521 -0.2501 -0.1758
vn 0.9525 0.3034 -0.0266
vn 0.9982 0.0523 -0.0278
vn 0.9295 -0.2940 -0.2226
vn 0.9898 0.0444 -0.1356
vn 0.8131 0.5821 -0.0051
vn 0.9818 0.0301 -0.1874
vn 0.5331 -0.4426 -0.7210
vn 0.5406 -0.6551 -0.5278
vn 0.2540 -0.8562 -0.4499
vn -0.1233 -0.7808 -0.6125
vn -0.1232 -0.7807 -0.6127
vn -0.1232 -0.7807 -0.6126
vn 0.5315 -0.7289 -0.4315
vn 0.4051 -0.8280 -0.3877
vn 0.7740 -0.4061 -0.4858
vn 0.6839 -0.1329 0.7173
vn 0.5451 -0.0307 0.8378
vn 0.3624 -0.1445 0.9208
vn 0.6829 -0.1820 0.7075
vn 0.8875 -0.0904 0.4519
vn 0.7992 0.0116 0.6009
vn 0.8681 -0.1874 0.4598
vn 0.0242 -0.4836 -0.8750
vn 0.5541 -0.4892 -0.6736
vn 0.3116 -0.5256 -0.7917
vn 0.2718 -0.4124 -0.8695
vn 0.5749 -0.3875 -0.7206
vn 0.6345 -0.7709 0.0558
vn 0.5672 -0.6232 -0.5385
vn 0.6197 -0.7445 0.2485
vn 0.8162 -0.4460 -0.3674
vn 0.9412 0.0190 0.3374
vn 0.9704 -0.1019 -0.2189
vn 0.9952 0.0395 0.0898
vn 0.9933 -0.0730 0.0894
vn 0.9568 -0.1471 -0.2506
vn 0.9879 -0.1290 0.0857
vn -0.5823 0.8112 -0.0531
vn -0.3257 0.9442 0.0495
vn -0.0122 0.9927 -0.1198
vn -0.4790 0.8702 -0.1156
vn -0.5832 0.8119 0.0284
vn -0.7751 0.6313 0.0273
vn -0.8785 0.4489 -0.1638
vn -0.6854 -0.6263 -0.3714
vn -0.3742 -0.7509 -0.5441
vn -0.5475 -0.7553 -0.3603
vn -0.8911 -0.3771 -0.2524
vn -0.6610 -0.6243 -0.4164
vn -0.8789 -0.3573 -0.3161
vn -0.9637 0.2665 -0.0190
vn -0.9502 -0.2729 -0.1502
vn -0.9927 -0.0206 -0.1186
vn -0.8088 -0.5299 -0.2549
vn -0.9890 -0.0147 -0.1470
vn -0.5554 -0.1534 0.8173
vn 0.0166 -0.1862 0.9824
vn -0.2974 -0.0363 0.9541
vn -0.5661 -0.0727 0.8212
vn -0.4536 -0.2175 0.8643
vn -0.8577 -0.2680 0.4389
vn -0.8111 -0.1871 0.5543
vn -0.9286 -0.2070 -0.3080
vn -0.9667 -0.1139 0.2290
vn -0.9898 -0.1155 -0.0828
vn -0.7897 -0.2830 -0.5443
vn -0.9791 -0.1957 -0.0546
vn -0.7763 -0.0777 0.6256
vn -0.8697 -0.2957 -0.3952
vn -0.9739 -0.2212 -0.0507
vn -0.6735 -0.3884 -0.6290
vn -0.5467 -0.3590 -0.7565
vn -0.3800 -0.5360 -0.7539
vn -0.6538 -0.4311 -0.6218
vn -0.8539 -0.3591 -0.3768
vn -0.7719 -0.1303 0.6223
vn -0.9009 0.2310 0.3675
vn -0.8447 -0.2520 0.4722
vn -0.7141 0.6871 0.1338
vn -0.9233 0.3617 0.1292
vn -0.8172 0.3912 0.4233
vn -0.6764 0.6497 0.3469
vn 0.4686 -0.4792 0.7422
vn 0.2257 -0.2474 0.9423
vn 0.2056 -0.5960 0.7763
vn 0.5826 -0.1975 0.7884
vn 0.3071 -0.1044 0.9459
vn 0.0974 -0.3318 0.9383
vn 0.0311 -0.6734 0.7387
vn 0.0271 -0.0527 0.9982
vn -0.2606 0.8883 0.3781
vn -0.3904 0.9102 0.1383
vn 0.2563 0.7460 0.6146
vn 0.2445 0.8340 0.4947
vn -0.4263 0.7947 0.4321
vn -0.2916 -0.9073 0.3028
vn -0.3100 -0.9070 0.2849
vn -0.4332 -0.7765 0.4575
vn -0.4607 -0.7752 0.4322
vn -0.6950 -0.2673 0.6674
vn -0.6763 -0.0099 0.7366
vn -0.7185 -0.0100 0.6954
vn -0.2757 -0.9062 0.3208
vn -0.4099 -0.7733 0.4838
vn -0.6538 -0.2657 0.7084
vn -0.6350 -0.0111 0.7724
vn 0.2987 -0.9043 -0.3050
vn 0.3169 -0.9039 -0.2875
vn 0.4478 -0.7740 -0.4477
vn 0.7197 -0.3090 -0.6217
vn 0.7161 -0.0629 -0.6952
vn 0.6804 -0.3084 -0.6648
vn 0.3334 -0.9045 -0.2660
vn 0.4752 -0.7731 -0.4201
vn 0.7578 -0.3100 -0.5742
vn 0.7577 -0.0628 -0.6496
vn -0.3456 -0.9053 0.2469
vn -0.3286 -0.9062 0.2662
vn -0.5111 -0.7725 0.3767
vn -0.7344 -0.2608 0.6267
vn -0.7951 -0.0089 0.6064
vn -0.7694 -0.2647 0.5813
vn -0.4861 -0.7748 0.4042
vn -0.7585 -0.0059 0.6516
vn 0.2826 -0.9028 -0.3242
vn 0.2656 -0.9024 -0.3394
vn 0.4226 -0.7708 -0.4767
vn 0.3965 -0.7705 -0.4991
vn 0.6008 -0.3064 -0.7383
vn 0.6731 -0.0622 -0.7369
vn 0.6314 -0.0624 -0.7729
vn 0.6404 -0.3077 -0.7037
vn 0.2482 -0.9014 -0.3547
vn 0.2277 -0.9006 -0.3702
vn 0.3702 -0.7679 -0.5227
vn 0.3380 -0.7662 -0.5465
vn 0.5122 -0.3069 -0.8021
vn 0.5874 -0.0623 -0.8069
vn 0.5361 -0.0652 -0.8416
vn 0.5597 -0.3060 -0.7701
vn -0.2556 -0.9068 0.3354
vn -0.3801 -0.7750 0.5049
vn -0.6136 -0.2658 0.7436
vn -0.5908 -0.0155 0.8067
vn -0.2358 -0.9059 0.3519
vn -0.3510 -0.7739 0.5270
vn -0.5699 -0.2688 0.7765
vn -0.5424 -0.0164 0.8399
vn -0.2148 -0.9043 0.3689
vn -0.3208 -0.7706 0.5507
vn -0.5230 -0.2661 0.8097
vn -0.4914 -0.0180 0.8708
vn -0.1957 -0.9009 0.3874
vn -0.2944 -0.7642 0.5739
vn -0.4724 -0.2667 0.8401
vn -0.4430 -0.0185 0.8963
vn 0.2061 -0.8989 -0.3867
vn 0.1897 -0.8948 -0.4043
vn 0.3034 -0.7617 -0.5725
vn 0.2779 -0.7544 -0.5947
vn 0.4175 -0.2974 -0.8586
vn 0.4792 -0.0632 -0.8754
vn 0.4338 -0.0619 -0.8989
vn 0.4596 -0.3022 -0.8351
vn -0.1031 -0.8956 0.4327
vn 0.0103 -0.9316 0.3632
vn -0.1740 -0.5538 0.8143
vn 0.0190 -0.7174 0.6964
vn -0.1857 -0.0809 0.9793
vn 0.0244 -0.3827 0.9235
vn -0.0836 -0.9824 0.1671
vn -0.2758 -0.7533 0.5971
vn -0.4232 -0.2599 0.8680
vn -0.4079 -0.0129 0.9129
vn -0.2703 -0.7454 0.6093
vn -0.3906 -0.2463 0.8870
vn 0.1829 -0.8914 -0.4146
vn 0.2684 -0.7491 -0.6057
vn 0.4135 -0.0578 -0.9087
vn 0.3974 -0.2909 -0.8703
vn 0.3535 -0.9043 -0.2394
vn 0.5016 -0.7733 -0.3879
vn 0.8007 -0.3109 -0.5121
vn 0.7983 -0.0664 -0.5985
vn 0.3768 -0.9005 -0.2170
vn 0.5354 -0.7705 -0.3461
vn 0.8390 -0.2988 -0.4547
vn 0.8448 -0.0677 -0.5309
vn -0.3802 -0.9007 0.2100
vn -0.3622 -0.9039 0.2274
vn -0.5556 -0.7654 0.3248
vn -0.8040 -0.2579 0.5358
vn -0.8569 0.0007 0.5155
vn -0.8350 -0.2472 0.4915
vn -0.5348 -0.7696 0.3489
vn -0.8288 -0.0044 0.5595
vn -0.3806 -0.9246 -0.0142
vn -0.7119 -0.7022 -0.0084
vn -0.9320 -0.3625 -0.0006
vn -0.4401 -0.8911 0.1105
vn -0.8159 -0.5373 0.2134
vn -0.9689 -0.0455 0.2433
vn 0.3938 -0.8956 -0.2069
vn 0.5688 -0.7627 -0.3078
vn 0.8583 -0.2908 -0.4228
vn 0.8828 -0.0627 -0.4656
vn 0.8995 -0.0560 -0.4332
vn 0.5882 -0.7537 -0.2933
vn 0.8600 -0.2963 -0.4155
vn -0.3958 -0.8963 0.1998
vn -0.8558 -0.2346 0.4610
vn -0.5779 -0.7554 0.3090
vn -0.8756 0.0024 0.4830
vn -0.5211 0.6791 0.5170
vn -0.4907 0.6785 0.5467
vn -0.3770 0.8446 0.3803
vn -0.3553 0.8439 0.4019
vn -0.2096 0.9527 0.2200
vn -0.1975 0.9525 0.2319
vn -0.4621 0.6755 0.5747
vn -0.3341 0.8427 0.4221
vn -0.1855 0.9521 0.2431
vn 0.5797 0.6546 -0.4851
vn 0.5485 0.6547 -0.5201
vn 0.4203 0.8391 -0.3454
vn 0.3979 0.8390 -0.3712
vn 0.2303 0.9562 -0.1805
vn 0.2179 0.9564 -0.1946
vn 0.6121 0.6523 -0.4472
vn 0.4440 0.8376 -0.3183
vn 0.2426 0.9559 -0.1654
vn -0.5502 0.6802 0.4843
vn -0.5783 0.6790 0.4522
vn -0.3988 0.8447 0.3570
vn -0.4189 0.8445 0.3336
vn -0.2217 0.9529 0.2068
vn -0.2329 0.9530 0.1937
vn 0.4852 0.6534 -0.5810
vn 0.5158 0.6550 -0.5522
vn 0.3527 0.8384 -0.4157
vn 0.3744 0.8393 -0.3943
vn 0.1936 0.9562 -0.2193
vn 0.2057 0.9564 -0.2076
vn 0.4150 0.6483 -0.6383
vn 0.4526 0.6517 -0.6086
vn 0.3032 0.8351 -0.4589
vn 0.3293 0.8374 -0.4363
vn 0.1667 0.9557 -0.2426
vn 0.1802 0.9562 -0.2307
vn -0.4310 0.6732 0.6008
vn -0.3123 0.8407 0.4424
vn -0.1737 0.9512 0.2550
vn -0.3970 0.6688 0.6285
vn -0.2881 0.8383 0.4628
vn -0.1605 0.9503 0.2668
vn -0.3618 0.6629 0.6555
vn -0.2634 0.8343 0.4844
vn -0.1467 0.9489 0.2795
vn -0.3286 0.6557 0.6797
vn -0.2403 0.8290 0.5049
vn -0.1345 0.9466 0.2930
vn 0.3417 0.6340 -0.6937
vn 0.3739 0.6423 -0.6691
vn 0.2519 0.8262 -0.5039
vn 0.2739 0.8319 -0.4827
vn 0.1402 0.9525 -0.2703
vn 0.1513 0.9545 -0.2568
vn -0.0394 0.4015 0.9150
vn -0.1633 0.6220 0.7658
vn -0.0301 0.7154 0.6981
vn -0.1223 0.8118 0.5710
vn -0.0163 0.9229 0.3848
vn -0.0721 0.9397 0.3343
vn -0.3055 0.6473 0.6983
vn -0.2255 0.8220 0.5229
vn -0.1269 0.9439 0.3050
vn 0.3266 0.6298 -0.7047
vn 0.2420 0.8223 -0.5150
vn 0.1351 0.9510 -0.2781
vn 0.6489 0.6497 -0.3962
vn 0.4721 0.8351 -0.2824
vn 0.2584 0.9549 -0.1465
vn 0.6852 0.6383 -0.3507
vn 0.5013 0.8281 -0.2509
vn 0.2761 0.9522 -0.1306
vn -0.6046 0.6773 0.4193
vn -0.6289 0.6735 0.3886
vn -0.4382 0.8437 0.3099
vn -0.4589 0.8402 0.2889
vn -0.2443 0.9527 0.1808
vn -0.2570 0.9514 0.1694
vn -0.9053 0.4186 0.0718
vn -0.6827 0.7281 0.0616
vn -0.3686 0.9286 0.0428
vn -0.7302 0.6490 0.2136
vn -0.5363 0.8279 0.1644
vn -0.3070 0.9460 0.1038
vn 0.7038 0.6302 -0.3279
vn 0.5211 0.8199 -0.2372
vn 0.2890 0.9493 -0.1234
vn -0.6470 0.6679 0.3678
vn -0.4752 0.8357 0.2755
vn -0.2679 0.9496 0.1628
vn 0.4511 0.3725 -0.8110
vn 0.7913 0.3728 -0.4846
vn -0.2737 0.1909 -0.9427
vn -0.2736 0.1911 -0.9426
vn -0.9629 -0.2636 -0.0579
vn 0.4826 0.3701 -0.7938
vn 0.9448 0.2039 0.2565
vn 0.9447 0.2039 0.2567
vn 0.9448 0.2039 0.2566
vn 0.0851 -0.2516 0.9641
vn 0.8133 0.3736 -0.4460
vn -0.0023 0.9154 0.4024
vn -0.0006 0.6910 0.7229
vn 0.0012 0.3620 0.9322
vn -0.9230 -0.0060 0.3847
vn -0.3774 -0.0169 0.9259
vn -0.9197 -0.1248 0.3723
vn -0.7029 -0.0124 0.7112
vn -0.3670 -0.1404 0.9196
vn 0.5830 -0.7832 -0.2159
vn 0.6922 -0.6969 0.1877
vn 0.5142 -0.7658 0.3863
vn 0.5832 -0.7831 -0.2157
vn 0.6923 -0.6969 0.1872
vn 0.2374 -0.4813 0.8438
vn 0.1667 -0.1822 0.9690
vn 0.2374 -0.4812 0.8438
vn 0.6271 -0.6211 -0.4701
vn -0.9240 0.3822 0.0116
vn -0.7077 0.7063 0.0170
vn -0.3827 0.9237 0.0198
vn 0.6851 0.2432 -0.6866
vn 0.6850 0.2442 -0.6864
vn 0.1524 0.9788 -0.1370
vn 0.6278 -0.4434 -0.6398
vn -0.1563 -0.6875 -0.7092
vn -0.1564 -0.6875 -0.7092
vn -0.9772 -0.1479 -0.1522
vn 0.1577 -0.7830 -0.6017
vn 0.4531 -0.6210 -0.6396
vn -0.4909 -0.7139 -0.4994
vn -0.8668 -0.4434 -0.2283
vn -0.0075 0.4173 -0.9087
vn -0.0075 0.7389 -0.6738
vn -0.0068 0.8797 -0.4754
vn -0.0064 0.9346 -0.3556
vn -0.1078 0.9939 -0.0240
vn -0.0043 0.9906 0.1368
vn 0.3652 0.9307 0.0211
vn 0.5640 0.8257 0.0133
vn 0.6826 0.7307 0.0110
vn 0.9144 0.4047 0.0038
vn -0.3158 0.8897 0.3298
vn -0.4992 0.7005 0.5100
vn -0.5210 0.6667 0.5329
vn -0.6872 0.2180 0.6930
vn -0.4253 0.7923 0.4376
vn -0.5548 0.6102 0.5655
vn -0.4042 0.0169 -0.9145
vn -0.7275 0.0127 -0.6860
vn -0.9313 0.0067 -0.3643
vn -0.9831 -0.1198 -0.1384
vn -0.5152 0.0159 -0.8569
vn -0.8909 0.0083 -0.4541
vn -0.9923 0.1024 -0.0699
vn -0.4048 -0.9143 -0.0157
vn -0.4326 -0.9014 -0.0153
vn -0.7315 -0.6817 -0.0098
vn -0.8269 -0.5624 -0.0072
vn -0.9345 -0.3560 -0.0028
vn -0.9927 -0.0024 0.1205
vn -0.8971 0.3066 0.3181
vn -0.7978 0.4146 0.4378
vn -0.6522 0.5253 0.5466
vn -0.3196 0.6574 0.6824
vn -0.7212 0.4320 0.5415
vn -0.1147 -0.0125 0.9933
vn 0.0039 -0.3698 0.9291
vn 0.0043 -0.5455 0.8381
vn 0.0045 -0.6744 0.7383
vn 0.0046 -0.8172 0.5764
vn 0.0044 -0.8994 0.4370
vn 0.1423 -0.1340 0.9807
vn 0.3324 -0.0178 0.9430
vn 0.6712 -0.0140 0.7412
vn 0.9162 -0.0076 0.4005
vn 0.0767 0.0838 0.9935
vn 0.5025 -0.0164 0.8644
vn -0.2998 0.2849 0.9105
vn -0.5442 0.4517 0.7069
vn -0.5157 0.5043 0.6927
vn -0.5519 0.5421 0.6337
vn -0.6832 0.6785 0.2701
vn -0.3945 0.3811 0.8361
vn -0.0024 0.9306 -0.3660
vn -0.0044 0.7200 -0.6940
vn -0.0057 0.3999 -0.9165
vn 0.9240 0.3824 0.0033
vn 0.7070 0.7071 0.0104
vn 0.3824 0.9239 0.0160
vn -0.6669 0.3068 0.6791
vn -0.5182 0.6663 0.5362
vn -0.2782 0.9130 0.2984
vn -0.9255 0.0070 -0.3786
vn -0.7101 0.0131 -0.7040
vn -0.3867 0.0171 -0.9221
vn -0.9245 -0.3811 -0.0033
vn -0.7068 -0.7073 -0.0104
vn -0.3812 -0.9243 -0.0159
vn -0.3963 0.6378 0.6604
vn -0.7057 0.4912 0.5106
vn -0.9204 0.2699 0.2829
vn 0.0022 -0.9086 0.4177
vn 0.0036 -0.6946 0.7194
vn 0.0045 -0.3864 0.9223
vn 0.9259 -0.0065 0.3777
vn 0.7099 -0.0122 0.7042
vn 0.3864 -0.0161 0.9222
vn -0.6616 0.6599 0.3562
vn -0.5087 0.5021 0.6994
vn -0.2713 0.2609 0.9264
vn 0.3772 0.0177 -0.9259
vn 0.7033 0.0135 -0.7108
vn 0.7036 0.0135 -0.7105
vn 0.9219 0.0074 -0.3873
vn 0.9947 0.0019 -0.1025
vn -0.5809 -0.0156 0.8138
vn -0.5729 0.1330 0.8088
vn 0.3866 -0.0176 0.9221
vn 0.3849 0.0788 0.9196
vn 0.9876 -0.0030 0.1569
vn 0.3859 -0.0176 0.9224
vn -0.0043 0.1806 -0.9836
vn 0.0108 0.9305 -0.3661
vn -0.0016 0.9305 -0.3662
vn -0.0016 0.9305 -0.3663
vn -0.0041 0.1806 -0.9835
vn 0.0059 0.5657 -0.8246
vn 0.0107 0.9790 0.2035
vn 0.0108 0.9320 -0.3623
vn 0.0026 0.8010 0.5987
vn 0.0007 -0.9898 0.1425
vn -0.1470 -0.9791 0.1408
vn 0.0040 -0.3996 0.9167
vn -0.0935 -0.3974 0.9129
vn 0.0003 -0.9981 0.0619
vn 0.0007 -0.9899 0.1418
vn 0.0040 -0.3992 0.9169
vn 0.0035 0.5692 0.8222
vn 0.9245 -0.3809 -0.0111
vn 0.7077 -0.7063 -0.0156
vn 0.7097 -0.7044 -0.0156
vn 0.3842 -0.9231 -0.0178
vn -0.9247 -0.3792 0.0334
vn -0.1573 -0.9814 0.1103
vn -0.8076 0.5848 -0.0754
vn -0.9233 -0.3825 0.0336
vn -0.9250 -0.3785 0.0335
vn -0.1567 -0.9815 0.1103
vn -0.1659 -0.0186 -0.9860
vn -0.6557 -0.1330 -0.7432
vn -0.6622 -0.1346 -0.7371
vn -0.9056 -0.2069 0.3704
vn -0.1668 -0.0186 -0.9858
vn -0.8975 -0.2016 -0.3922
vn -0.8995 -0.2022 -0.3874
vn -0.8032 -0.1902 0.5645
vn -0.0016 -0.9163 -0.4004
vn -0.0030 -0.6936 -0.7203
vn -0.0040 -0.3657 -0.9307
vn -0.0043 -0.0796 -0.9968
vn -0.0031 -0.6934 -0.7205
vn 0.3848 0.9229 0.0089
vn 0.3824 0.9239 0.0140
vn -0.5807 0.8139 0.0172
vn 0.3834 0.9236 0.0035
vn 0.3849 0.9229 0.0089
vn 0.9857 0.1684 -0.0021
vn -0.3253 0.3162 -0.8912
vn -0.3066 0.3336 -0.8915
vn -0.4726 0.4595 -0.7520
vn -0.4456 0.4853 -0.7523
vn -0.6589 0.7162 -0.2303
vn -0.7183 0.6952 0.0265
vn -0.6767 0.7357 0.0278
vn -0.3410 0.2980 -0.8916
vn -0.4952 0.4331 -0.7531
vn -0.6993 0.6765 -0.2310
vn -0.7555 0.6547 0.0251
vn 0.2675 -0.2909 -0.9186
vn 0.2482 -0.3075 -0.9186
vn 0.4113 -0.4466 -0.7946
vn 0.5920 -0.7303 -0.3409
vn 0.6739 -0.7324 -0.0970
vn 0.6363 -0.6922 -0.3405
vn 0.2270 -0.3239 -0.9184
vn 0.3808 -0.4713 -0.7955
vn 0.5436 -0.7669 -0.3412
vn 0.6272 -0.7728 -0.0971
vn -0.2674 0.3674 -0.8908
vn -0.2870 0.3510 -0.8913
vn -0.3883 0.5339 -0.7511
vn -0.6144 0.7548 -0.2300
vn -0.5849 0.8106 0.0277
vn -0.5693 0.7894 -0.2295
vn -0.4175 0.5108 -0.7515
vn -0.6313 0.7751 0.0276
vn 0.2865 -0.2749 -0.9178
vn 0.3021 -0.2581 -0.9177
vn 0.4384 -0.4208 -0.7942
vn 0.4630 -0.3955 -0.7932
vn 0.7118 -0.6144 -0.3404
vn 0.7164 -0.6908 -0.0979
vn 0.7536 -0.6498 -0.0988
vn 0.6763 -0.6526 -0.3416
vn 0.3176 -0.2409 -0.9171
vn 0.3337 -0.2211 -0.9164
vn 0.4865 -0.3691 -0.7919
vn 0.5120 -0.3385 -0.7895
vn 0.7791 -0.5274 -0.3389
vn 0.7886 -0.6069 -0.0988
vn 0.8247 -0.5565 -0.1003
vn 0.7448 -0.5738 -0.3407
vn -0.3581 0.2800 -0.8907
vn -0.5194 0.4068 -0.7515
vn -0.7357 0.6370 -0.2301
vn -0.7908 0.6116 0.0249
vn -0.3751 0.2607 -0.8896
vn -0.5433 0.3781 -0.7496
vn -0.7702 0.5947 -0.2306
vn -0.8255 0.5640 0.0212
vn -0.3930 0.2401 -0.8876
vn -0.5676 0.3484 -0.7460
vn -0.8040 0.5478 -0.2311
vn -0.8576 0.5139 0.0181
vn -0.4118 0.2214 -0.8840
vn -0.5905 0.3220 -0.7400
vn -0.8352 0.4983 -0.2328
vn -0.8844 0.4663 0.0186
vn 0.3516 -0.1996 -0.9146
vn 0.3683 -0.1838 -0.9114
vn 0.5381 -0.3040 -0.7862
vn 0.5615 -0.2795 -0.7788
vn 0.8371 -0.4348 -0.3320
vn 0.8600 -0.5003 -0.1005
vn 0.8845 -0.4561 -0.0984
vn 0.8129 -0.4757 -0.3361
vn -0.4595 0.1299 -0.8786
vn -0.3939 0.0155 -0.9190
vn -0.8277 0.2048 -0.5225
vn -0.7204 0.0116 -0.6934
vn -0.9762 0.2121 -0.0443
vn -0.9362 0.0061 -0.3514
vn -0.1987 0.1058 -0.9743
vn -0.6120 0.3041 -0.7301
vn -0.8643 0.4506 -0.2237
vn -0.9019 0.4313 0.0242
vn -0.6245 0.2988 -0.7216
vn -0.8846 0.4175 -0.2078
vn 0.3798 -0.1773 -0.9079
vn 0.5741 -0.2709 -0.7727
vn 0.8951 -0.4355 -0.0959
vn 0.8493 -0.4143 -0.3270
vn 0.1997 -0.3434 -0.9177
vn 0.3490 -0.4977 -0.7940
vn 0.4805 -0.8088 -0.3390
vn 0.5752 -0.8120 -0.0984
vn 0.1772 -0.3666 -0.9134
vn 0.3058 -0.5298 -0.7911
vn 0.4214 -0.8437 -0.3324
vn 0.5058 -0.8570 -0.0985
vn -0.2296 0.4015 -0.8866
vn -0.2478 0.3840 -0.8895
vn -0.3356 0.5779 -0.7439
vn -0.5226 0.8221 -0.2260
vn -0.4923 0.8699 0.0291
vn -0.4766 0.8513 -0.2193
vn -0.3602 0.5569 -0.7484
vn -0.5373 0.8429 0.0271
vn -0.0064 0.3967 -0.9179
vn 0.0038 0.7233 -0.6905
vn 0.0131 0.9378 -0.3470
vn -0.1285 0.4593 -0.8789
vn -0.2089 0.8307 -0.5161
vn -0.2192 0.9754 -0.0224
vn 0.1669 -0.3836 -0.9083
vn 0.2677 -0.5641 -0.7811
vn 0.3900 -0.8630 -0.3212
vn 0.4398 -0.8932 -0.0936
vn 0.4075 -0.9092 -0.0852
vn 0.2529 -0.5831 -0.7720
vn 0.3824 -0.8645 -0.3263
vn -0.2196 0.4172 -0.8819
vn -0.4460 0.8718 -0.2024
vn -0.3186 0.5983 -0.7352
vn -0.4598 0.8873 0.0365
vn -0.4799 0.5219 0.7053
vn -0.5109 0.4928 0.7044
vn -0.3420 0.3720 0.8629
vn -0.3645 0.3507 0.8627
vn -0.1826 0.1986 0.9629
vn -0.1950 0.1865 0.9629
vn -0.5393 0.4642 0.7026
vn -0.3850 0.3298 0.8620
vn -0.2065 0.1749 0.9627
vn 0.4913 -0.6037 0.6278
vn 0.5266 -0.5730 0.6280
vn 0.3621 -0.4440 0.8196
vn 0.3876 -0.4217 0.8197
vn 0.2062 -0.2517 0.9456
vn 0.2201 -0.2394 0.9456
vn 0.4523 -0.6348 0.6265
vn 0.3338 -0.4664 0.8192
vn 0.1909 -0.2640 0.9455
vn -0.4470 0.5506 0.7050
vn -0.4140 0.5776 0.7035
vn -0.3179 0.3924 0.8631
vn -0.2944 0.4126 0.8620
vn -0.1696 0.2104 0.9628
vn -0.1559 0.2211 0.9627
vn 0.5896 -0.5116 0.6250
vn 0.5600 -0.5416 0.6270
vn 0.4336 -0.3778 0.8181
vn 0.4118 -0.3992 0.8192
vn 0.2456 -0.2159 0.9450
vn 0.2337 -0.2277 0.9453
vn 0.6482 -0.4430 0.6193
vn 0.6179 -0.4798 0.6229
vn 0.4777 -0.3292 0.8145
vn 0.4547 -0.3552 0.8168
vn 0.2704 -0.1901 0.9438
vn 0.2571 -0.2038 0.9447
vn -0.5667 0.4339 0.7004
vn -0.4055 0.3084 0.8605
vn -0.2188 0.1635 0.9620
vn -0.5954 0.4013 0.6960
vn -0.4276 0.2854 0.8578
vn -0.2305 0.1501 0.9614
vn -0.6234 0.3667 0.6906
vn -0.4493 0.2610 0.8544
vn -0.2436 0.1368 0.9602
vn -0.6491 0.3345 0.6832
vn -0.4709 0.2386 0.8493
vn -0.2574 0.1251 0.9582
vn 0.7045 -0.3702 0.6055
vn 0.6798 -0.4022 0.6132
vn 0.5242 -0.2793 0.8045
vn 0.5025 -0.3008 0.8106
vn 0.2984 -0.1641 0.9402
vn 0.2841 -0.1747 0.9428
vn -0.9000 0.0558 0.4323
vn -0.7404 0.1719 0.6499
vn -0.6726 0.0354 0.7391
vn -0.5405 0.1226 0.8324
vn -0.3539 0.0099 0.9352
vn -0.3011 0.0641 0.9515
vn -0.6684 0.3120 0.6751
vn -0.4890 0.2241 0.8430
vn -0.2694 0.1178 0.9558
vn 0.7169 -0.3558 0.5996
vn 0.5357 -0.2697 0.8002
vn 0.3062 -0.1592 0.9386
vn 0.4010 -0.6712 0.6234
vn 0.2974 -0.4937 0.8172
vn 0.1712 -0.2785 0.9450
vn 0.3533 -0.7051 0.6148
vn 0.2651 -0.5224 0.8104
vn 0.1550 -0.2967 0.9423
vn -0.3805 0.6031 0.7010
vn -0.3495 0.6267 0.6965
vn -0.2704 0.4317 0.8605
vn -0.2490 0.4514 0.8569
vn -0.1431 0.2329 0.9619
vn -0.1311 0.2445 0.9608
vn -0.0341 0.8996 0.4354
vn -0.0197 0.6729 0.7395
vn -0.0023 0.3535 0.9354
vn -0.1728 0.7241 0.6677
vn -0.1227 0.5256 0.8418
vn -0.0642 0.2921 0.9542
vn 0.3301 -0.7230 0.6069
vn 0.2500 -0.5402 0.8035
vn 0.1475 -0.3094 0.9394
vn -0.3282 0.6440 0.6911
vn -0.2351 0.4674 0.8522
vn -0.1243 0.2552 0.9589
vn 0.8100 -0.4790 0.3383
vn 0.4656 0.8756 -0.1284
vn 0.6080 -0.7131 0.3490
vn 0.0770 0.9671 -0.2426
vn 0.6861 -0.6399 0.3462
vn -0.9743 -0.0560 -0.2180
vn 0.4402 -0.8291 0.3448
vn 0.8388 0.3765 0.3933
vn 0.8395 0.3545 0.4118
vn 0.6789 0.5100 0.5282
vn 0.6805 0.4775 0.5558
vn 0.1267 0.6510 0.7484
vn -0.1324 0.6938 0.7079
vn -0.1324 0.6511 0.7473
vn 0.8385 0.3937 0.3768
vn 0.6789 0.5337 0.5043
vn 0.1250 0.6938 0.7092
vn -0.1301 0.7332 0.6674
vn 0.9550 -0.1963 -0.2225
vn 0.9550 -0.1758 -0.2390
vn 0.8540 -0.3440 -0.3903
vn 0.4404 -0.5453 -0.7132
vn 0.2022 -0.6436 -0.7382
vn 0.4394 -0.5910 -0.6765
vn 0.9548 -0.1535 -0.2546
vn 0.8541 -0.3118 -0.4163
vn 0.4385 -0.4969 -0.7488
vn 0.2024 -0.5959 -0.7771
vn 0.8386 0.3166 0.4434
vn 0.8388 0.3372 0.4275
vn 0.6782 0.4217 0.6018
vn 0.1258 0.6074 0.7844
vn -0.1326 0.5575 0.8195
vn 0.1241 0.5611 0.8184
vn 0.6779 0.4527 0.5792
vn -0.1320 0.6049 0.7853
vn 0.9548 -0.2138 -0.2065
vn 0.9547 -0.2289 -0.1903
vn 0.8539 -0.3701 -0.3659
vn 0.8538 -0.3935 -0.3409
vn 0.4395 -0.6683 -0.6002
vn 0.2025 -0.6873 -0.6975
vn 0.2034 -0.7255 -0.6574
vn 0.4392 -0.6323 -0.6382
vn 0.9535 -0.2467 -0.1731
vn 0.9533 -0.2595 -0.1547
vn 0.8526 -0.4175 -0.3143
vn 0.8501 -0.4427 -0.2851
vn 0.4390 -0.7358 -0.5156
vn 0.2038 -0.7611 -0.6158
vn 0.2048 -0.7997 -0.5644
vn 0.4392 -0.7004 -0.5627
vn 0.8391 0.4085 0.3593
vn 0.6792 0.5563 0.4788
vn 0.1273 0.7324 0.6688
vn -0.1271 0.7690 0.6264
vn 0.8369 0.4290 0.3401
vn 0.6760 0.5830 0.4507
vn 0.1278 0.7664 0.6295
vn -0.1240 0.8055 0.5795
vn 0.8377 0.4438 0.3182
vn 0.6763 0.6055 0.4196
vn 0.1297 0.8025 0.5824
vn -0.1198 0.8391 0.5306
vn 0.8488 0.4425 0.2895
vn 0.6867 0.6152 0.3872
vn 0.1300 0.8347 0.5351
vn -0.1186 0.8661 0.4856
vn 0.9516 -0.2724 -0.1424
vn 0.9465 -0.2875 -0.1463
vn 0.8455 -0.4677 -0.2575
vn 0.8317 -0.4979 -0.2455
vn 0.4212 -0.8073 -0.4135
vn 0.2044 -0.8424 -0.4986
vn 0.1974 -0.8747 -0.4427
vn 0.4328 -0.7755 -0.4597
vn 0.9168 0.3713 0.1472
vn 0.9186 0.3945 0.0237
vn 0.8131 0.5659 0.1364
vn 0.6768 0.7356 0.0300
vn -0.0229 0.9725 0.2318
vn 0.3333 0.9423 0.0311
vn 0.3027 0.9526 0.0316
vn 0.9752 0.1712 0.1403
vn 0.7136 0.6046 0.3540
vn 0.1282 0.8638 0.4873
vn -0.1204 0.8853 0.4492
vn 0.7069 0.6147 0.3498
vn 0.1202 0.8833 0.4532
vn 0.9359 -0.3150 -0.1580
vn 0.8154 -0.5220 -0.2501
vn 0.1879 -0.8898 -0.4159
vn 0.4078 -0.8250 -0.3912
vn 0.9531 -0.1287 -0.2739
vn 0.8540 -0.2772 -0.4403
vn 0.4350 -0.4314 -0.7903
vn 0.2019 -0.5441 -0.8144
vn 0.9495 -0.1035 -0.2962
vn 0.8484 -0.2371 -0.4733
vn 0.4255 -0.3738 -0.8242
vn 0.2008 -0.4725 -0.8582
vn 0.8350 0.2767 0.4757
vn 0.8377 0.2962 0.4589
vn 0.6719 0.3679 0.6428
vn 0.1240 0.5126 0.8496
vn -0.1324 0.4634 0.8762
vn 0.1187 0.4654 0.8771
vn 0.6763 0.3939 0.6225
vn -0.1313 0.5094 0.8505
vn 0.8815 0.0574 0.4687
vn 0.6304 0.0221 0.7759
vn 0.2721 -0.0170 0.9621
vn 0.8300 0.1745 0.5297
vn 0.4347 0.2191 0.8735
vn -0.0705 0.1913 0.9790
vn 0.9453 -0.0922 -0.3131
vn 0.8402 -0.1969 -0.5052
vn 0.4135 -0.3423 -0.8437
vn 0.1932 -0.4060 -0.8932
vn 0.1848 -0.3742 -0.9087
vn 0.8313 -0.1812 -0.5255
vn 0.4187 -0.3342 -0.8444
vn 0.8292 0.2667 0.4912
vn 0.1015 0.4317 0.8963
vn 0.6620 0.3509 0.6623
vn -0.1381 0.4299 0.8922
vn -0.7752 0.4161 0.4754
vn -0.7745 0.4472 0.4473
vn -0.9111 0.2717 0.3100
vn -0.9108 0.2942 0.2896
vn -0.9860 0.1103 0.1250
vn -0.9860 0.1216 0.1140
vn -0.7729 0.4761 0.4194
vn -0.9093 0.3169 0.2697
vn -0.9852 0.1371 0.1030
vn -0.5436 -0.5147 -0.6630
vn -0.5429 -0.5518 -0.6331
vn -0.7556 -0.4036 -0.5160
vn -0.7555 -0.4300 -0.4943
vn -0.9064 -0.2624 -0.3309
vn -0.9068 -0.2761 -0.3185
vn -0.5430 -0.4737 -0.6934
vn -0.7556 -0.3736 -0.5380
vn -0.9064 -0.2470 -0.3428
vn -0.7749 0.3826 0.5031
vn -0.7742 0.3465 0.5296
vn -0.9109 0.2471 0.3305
vn -0.9103 0.2215 0.3496
vn -0.9858 0.0971 0.1369
vn -0.9854 0.0839 0.1481
vn -0.5413 -0.6155 -0.5729
vn -0.5432 -0.5833 -0.6039
vn -0.7545 -0.4764 -0.4514
vn -0.7554 -0.4537 -0.4727
vn -0.9057 -0.3034 -0.2959
vn -0.9063 -0.2903 -0.3072
vn -0.5371 -0.6776 -0.5025
vn -0.5395 -0.6443 -0.5420
vn -0.7519 -0.5238 -0.4002
vn -0.7536 -0.4979 -0.4292
vn -0.9056 -0.3293 -0.2672
vn -0.9060 -0.3140 -0.2838
vn -0.7701 0.5046 0.3903
vn -0.9082 0.3364 0.2492
vn -0.9848 0.1474 0.0916
vn -0.7649 0.5349 0.3589
vn -0.9052 0.3596 0.2264
vn -0.9837 0.1612 0.0795
vn -0.7584 0.5641 0.3265
vn -0.9000 0.3848 0.2047
vn -0.9817 0.1775 0.0686
vn -0.7428 0.5993 0.2985
vn -0.8859 0.4224 0.1916
vn -0.9723 0.2221 0.0735
vn -0.5206 -0.7606 -0.3879
vn -0.5286 -0.7233 -0.4444
vn -0.7412 -0.5973 -0.3064
vn -0.7476 -0.5612 -0.3552
vn -0.9032 -0.3813 -0.1969
vn -0.9044 -0.3555 -0.2360
vn -0.4861 0.8706 0.0758
vn -0.6762 0.7160 0.1732
vn -0.7592 0.6485 0.0557
vn -0.8178 0.5605 0.1303
vn -0.9341 0.3558 0.0292
vn -0.9205 0.3821 0.0813
vn -0.7219 0.6309 0.2844
vn -0.8592 0.4729 0.1953
vn -0.9584 0.2720 0.0862
vn -0.5164 -0.7780 -0.3579
vn -0.7424 -0.6096 -0.2780
vn -0.9101 -0.3781 -0.1696
vn -0.5399 -0.4233 -0.7275
vn -0.7532 -0.3379 -0.5644
vn -0.9063 -0.2267 -0.3567
vn -0.5320 -0.3729 -0.7602
vn -0.7473 -0.3040 -0.5909
vn -0.9034 -0.2095 -0.3742
vn -0.7708 0.3147 0.5540
vn -0.7655 0.2828 0.5780
vn -0.9085 0.1982 0.3680
vn -0.9049 0.1764 0.3874
vn -0.9848 0.0704 0.1588
vn -0.9838 0.0577 0.1699
vn -0.5479 -0.0259 0.8361
vn -0.7895 -0.0506 0.6117
vn -0.9579 -0.0718 0.2780
vn -0.7246 0.1497 0.6727
vn -0.8868 0.0493 0.4594
vn -0.9763 -0.0101 0.2161
vn -0.5237 -0.3494 -0.7770
vn -0.7400 -0.2880 -0.6078
vn -0.9002 -0.2018 -0.3858
vn -0.7603 0.2613 0.5947
vn -0.9003 0.1627 0.4037
vn -0.9821 0.0518 0.1809
vn -0.2415 -0.8155 -0.5260
vn -0.2443 -0.4753 -0.8452
vn -0.1169 -0.9710 0.2083
vn -0.1168 -0.9710 0.2087
vn 0.1756 -0.0846 0.9808
vn -0.2451 -0.4960 -0.8330
vn -0.2451 -0.4956 -0.8332
vn 0.1515 0.9881 -0.0258
vn -0.2456 -0.5200 -0.8181
vn -0.3726 0.8499 -0.3726
vn -0.5870 0.4647 0.6629
vn -0.6456 0.4647 0.6060
vn 0.8000 0.5962 0.0683
vn 0.8000 0.5961 0.0683
vn -0.6081 -0.7923 0.0497
vn -0.6080 -0.7923 0.0497
vn -0.1001 0.6665 -0.7388
vn -0.1001 0.6664 -0.7388
vn -0.2348 -0.0286 0.9716
vn -0.6977 -0.1347 0.7036
vn 0.1575 -0.7828 -0.6020
vn -0.6398 0.6325 0.4365
vn 0.5933 -0.1872 -0.7829
vn 0.8175 -0.5338 0.2162
vn 0.3932 0.8763 -0.2783
vn -0.6731 0.4983 -0.5465
vn -0.8866 0.3103 -0.3430
vn -0.9756 0.2095 -0.0654
vn -0.4976 0.1008 0.8615
vn -0.6216 0.7471 -0.2354
vn 0.0781 0.6932 -0.7165
vn 0.7573 -0.4274 -0.4937
vn 0.7573 -0.4273 -0.4938
vn 0.7573 -0.4275 -0.4938
vn -0.4547 -0.5607 0.6920
vn -0.2819 -0.3628 0.8882
vn -0.6576 -0.5969 0.4597
vn -0.0809 0.4838 -0.8714
vn 0.8846 0.0570 0.4628
vn -0.9064 0.3155 0.2809
vn -0.4358 0.8822 -0.1784
vn 0.5742 0.5893 -0.5684
vn 0.4714 -0.5116 -0.7183
vn -0.6172 -0.1028 0.7800
vn 0.5737 -0.3522 -0.7395
vn 0.7434 -0.4898 -0.4555
vn -0.8238 0.5603 -0.0864
vn -0.8884 -0.1350 0.4388
vn 0.6587 -0.0055 0.7524
vn 0.1155 0.8852 0.4507
vn -0.8671 -0.4428 -0.2281
vn 0.0103 0.9759 0.2178
vn -0.9233 -0.3827 0.0335
vn 0.1186 0.8867 0.4468
vt 0.129631 0.361744
vt 0.128187 0.367085
vt 0.125808 0.364265
vt 0.014481 0.493987
vt 0.017135 0.478653
vt 0.017529 0.493897
vt 0.124415 0.369792
vt 0.123058 0.375612
vt 0.120742 0.372677
vt 0.047080 0.447537
vt 0.045370 0.433032
vt 0.048333 0.433135
vt 0.113893 0.378853
vt 0.108668 0.378985
vt 0.111686 0.375890
vt 0.015512 0.509196
vt 0.018562 0.509060
vt 0.047593 0.508735
vt 0.046648 0.525145
vt 0.044635 0.508908
vt 0.046065 0.477990
vt 0.043328 0.462576
vt 0.046294 0.462586
vt 0.114965 0.372794
vt 0.118455 0.369774
vt 0.119481 0.378697
vt 0.117213 0.375728
vt 0.047109 0.419091
vt 0.050066 0.419247
vt 0.020509 0.407297
vt 0.021261 0.420878
vt 0.018233 0.420765
vt 0.016473 0.434454
vt 0.018224 0.448676
vt 0.015192 0.448639
vt 0.049548 0.404670
vt 0.052490 0.404881
vt 0.053564 0.385818
vt 0.056476 0.386058
vt 0.026853 0.379839
vt 0.026397 0.393942
vt 0.023365 0.393737
vt 0.110835 0.381978
vt 0.105880 0.382110
vt 0.059568 0.359528
vt 0.062468 0.359747
vt 0.066096 0.328688
vt 0.069125 0.328770
vt 0.030792 0.365670
vt 0.029890 0.380089
vt 0.105305 0.388479
vt 0.100762 0.388735
vt 0.103268 0.385330
vt 0.017153 0.524357
vt 0.020205 0.524173
vt 0.019494 0.539931
vt 0.022548 0.539690
vt 0.053812 0.547008
vt 0.058088 0.579309
vt 0.050910 0.547327
vt 0.126777 0.372683
vt 0.022666 0.556286
vt 0.025716 0.555970
vt 0.026608 0.573102
vt 0.029592 0.572502
vt 0.060974 0.579000
vt 0.066104 0.617392
vt 0.137228 0.361654
vt 0.134805 0.367263
vt 0.132196 0.364486
vt 0.020169 0.478613
vt 0.020568 0.493807
vt 0.031137 0.448083
vt 0.022923 0.434582
vt 0.032398 0.433783
vt 0.044114 0.447481
vt 0.042398 0.432929
vt 0.043740 0.418955
vt 0.036519 0.406065
vt 0.046193 0.404491
vt 0.021603 0.508922
vt 0.023247 0.523987
vt 0.043101 0.478034
vt 0.040562 0.493624
vt 0.040129 0.478077
vt 0.040354 0.462566
vt 0.043536 0.493520
vt 0.041665 0.509083
vt 0.017417 0.463473
vt 0.019502 0.434528
vt 0.021249 0.448713
vt 0.022523 0.434601
vt 0.046596 0.404456
vt 0.041996 0.432948
vt 0.034144 0.419986
vt 0.023538 0.407455
vt 0.024279 0.420993
vt 0.026557 0.407616
vt 0.056675 0.359306
vt 0.040022 0.389893
vt 0.050239 0.385672
vt 0.029419 0.394150
vt 0.033868 0.365959
vt 0.032920 0.380345
vt 0.063057 0.328705
vt 0.022004 0.508919
vt 0.030514 0.493717
vt 0.031580 0.509000
vt 0.043692 0.525406
vt 0.048005 0.547651
vt 0.025591 0.539447
vt 0.028751 0.555656
vt 0.033416 0.524686
vt 0.026007 0.539529
vt 0.023651 0.523997
vt 0.055210 0.579618
vt 0.063029 0.617344
vt 0.032509 0.571905
vt 0.046501 0.493416
vt 0.042874 0.597699
vt 0.045147 0.596315
vt 0.047441 0.594927
vt 0.040161 0.493631
vt 0.041263 0.509088
vt 0.041141 0.447424
vt 0.039729 0.478087
vt 0.143757 0.358353
vt 0.140791 0.364004
vt 0.122088 0.366935
vt 0.047595 0.547566
vt 0.042271 0.567533
vt 0.036802 0.543518
vt 0.095041 0.403142
vt 0.093421 0.409965
vt 0.094268 0.403071
vt 0.092575 0.409727
vt 0.093487 0.402992
vt 0.024682 0.420970
vt 0.014384 0.463470
vt 0.020969 0.493800
vt 0.030094 0.478352
vt 0.020443 0.463474
vt 0.150643 0.354464
vt 0.149410 0.359681
vt 0.142423 0.354736
vt 0.138109 0.356888
vt 0.032867 0.571776
vt 0.029197 0.555886
vt 0.054772 0.579358
vt 0.047430 0.594296
vt 0.102353 0.392556
vt 0.098309 0.392387
vt 0.113019 0.385009
vt 0.108010 0.385133
vt 0.044142 0.418933
vt 0.033383 0.380096
vt 0.044957 0.369864
vt 0.116118 0.381853
vt 0.110156 0.388199
vt 0.030341 0.463031
vt 0.039953 0.462579
vt 0.049590 0.524888
vt 0.274927 0.451153
vt 0.236716 0.487801
vt 0.235302 0.487385
vt 0.043290 0.525399
vt 0.098884 0.397693
vt 0.096061 0.395976
vt 0.099523 0.402950
vt 0.095150 0.403021
vt 0.056237 0.359564
vt 0.049721 0.347983
vt 0.062498 0.329590
vt 0.037200 0.366661
vt 0.150773 0.354368
vt 0.159041 0.353489
vt 0.159031 0.354490
vt 0.133696 0.359299
vt 0.150781 0.353586
vt 0.158888 0.352618
vt 0.029841 0.394052
vt 0.014087 0.478693
vt 0.040740 0.447440
vt 0.026963 0.407581
vt 0.095131 0.396159
vt 0.095971 0.395980
vt 0.107359 0.391668
vt 0.050651 0.385572
vt 0.047469 0.345912
vt 0.036852 0.366515
vt 0.021649 0.448697
vt 0.020843 0.463462
vt 0.020569 0.478604
vt 0.130603 0.369941
vt 0.103960 0.396393
vt 0.298947 0.379508
vt 0.193563 0.368148
vt 0.321240 0.372861
vt 0.107046 0.427116
vt 0.166473 0.452154
vt 0.166013 0.453369
vt 0.109938 0.427040
vt 0.166938 0.450941
vt 0.216882 0.464775
vt 0.205061 0.422334
vt 0.239815 0.423962
vt 0.230248 0.612791
vt 0.135163 0.565882
vt 0.140097 0.561014
vt 0.328100 0.413843
vt 0.275972 0.452195
vt 0.221565 0.547059
vt 0.226706 0.606880
vt 0.220233 0.547272
vt 0.199159 0.401143
vt 0.262724 0.383189
vt 0.273113 0.602013
vt 0.336782 0.516649
vt 0.267698 0.624802
vt 0.094352 0.469112
vt 0.158099 0.480392
vt 0.096775 0.470795
vt 0.263473 0.529781
vt 0.304647 0.506826
vt 0.286483 0.570921
vt 0.208661 0.495365
vt 0.157826 0.481711
vt 0.336746 0.390163
vt 0.344509 0.518728
vt 0.076964 0.453070
vt 0.129730 0.571246
vt 0.060304 0.436867
vt 0.245477 0.630378
vt 0.328378 0.414037
vt 0.327633 0.513927
vt 0.326600 0.417361
vt 0.235239 0.487603
vt 0.250613 0.539773
vt 0.249331 0.540195
vt 0.219661 0.476928
vt 0.155001 0.464046
vt 0.160682 0.458457
vt 0.191819 0.360781
vt 0.344302 0.366311
vt 0.234958 0.487405
vt 0.273432 0.443832
vt 0.274836 0.450930
vt 0.329440 0.514614
vt 0.273583 0.597902
vt 0.270775 0.358462
vt 0.305386 0.305441
vt 0.338819 0.357192
vt 0.216353 0.488219
vt 0.154911 0.464352
vt 0.221182 0.483655
vt 0.263768 0.433270
vt 0.256799 0.431346
vt 0.243975 0.545500
vt 0.249135 0.540347
vt 0.271676 0.435805
vt 0.344642 0.366670
vt 0.271458 0.435568
vt 0.222900 0.546842
vt 0.209838 0.494540
vt 0.210909 0.493521
vt 0.140402 0.560717
vt 0.096609 0.471034
vt 0.141678 0.559507
vt 0.083490 0.431489
vt 0.060441 0.436399
vt 0.229551 0.611975
vt 0.227934 0.609325
vt 0.229843 0.611819
vt 0.227903 0.485414
vt 0.238104 0.551126
vt 0.221452 0.483589
vt 0.093426 0.468669
vt 0.156652 0.472002
vt 0.158348 0.478834
vt 0.217909 0.469860
vt 0.261830 0.648119
vt 0.326332 0.417202
vt 0.277010 0.453239
vt 0.217377 0.468148
vt 0.217721 0.469572
vt 0.195231 0.375256
vt 0.294851 0.381219
vt 0.195581 0.376998
vt 0.247104 0.298691
vt 0.203692 0.347665
vt 0.107058 0.426787
vt 0.109927 0.426724
vt 0.256570 0.431248
vt 0.217589 0.468096
vt 0.255524 0.430295
vt 0.237792 0.551204
vt 0.230043 0.548997
vt 0.210750 0.493356
vt 0.158378 0.479079
vt 0.261351 0.648238
vt 0.280561 0.257262
vt 0.274197 0.320760
vt 0.221261 0.483390
vt 0.217044 0.466774
vt 0.195931 0.378722
vt 0.112465 0.426639
vt 0.292163 0.382413
vt 0.238016 0.488406
vt 0.251895 0.539343
vt 0.325843 0.513248
vt 0.325123 0.420233
vt 0.273798 0.595196
vt 0.142944 0.558305
vt 0.208808 0.495518
vt 0.226482 0.607022
vt 0.328713 0.413051
vt 0.329841 0.514748
vt 0.273027 0.600972
vt 0.273267 0.597875
vt 0.273533 0.595174
vt 0.238076 0.488203
vt 0.211066 0.493214
vt 0.206802 0.497036
vt 0.174690 0.527573
vt 0.159883 0.495764
vt 0.158658 0.542819
vt 0.113009 0.494494
vt 0.165856 0.453558
vt 0.106018 0.426984
vt 0.176218 0.441925
vt 0.135592 0.419099
vt 0.217249 0.466724
vt 0.254475 0.429349
vt 0.281646 0.465655
vt 0.322811 0.442731
vt 0.240441 0.488600
vt 0.283266 0.500757
vt 0.223146 0.546885
vt 0.205553 0.544113
vt 0.204306 0.591145
vt 0.098791 0.472238
vt 0.195143 0.374841
vt 0.298087 0.380087
vt 0.295004 0.381494
vt 0.292281 0.382644
vt 0.119719 0.350070
vt 0.118228 0.355437
vt 0.115849 0.352583
vt 0.458772 0.450248
vt 0.456109 0.465477
vt 0.455746 0.450328
vt 0.114424 0.358142
vt 0.113046 0.363982
vt 0.110729 0.361032
vt 0.426258 0.496504
vt 0.427970 0.510987
vt 0.425011 0.510885
vt 0.103852 0.367216
vt 0.098611 0.367345
vt 0.101641 0.364243
vt 0.457832 0.435156
vt 0.454805 0.435267
vt 0.425905 0.435388
vt 0.426975 0.419001
vt 0.428860 0.435235
vt 0.427289 0.466095
vt 0.430005 0.481488
vt 0.427043 0.481477
vt 0.104934 0.361142
vt 0.108438 0.358117
vt 0.109453 0.367068
vt 0.107184 0.364087
vt 0.426235 0.524908
vt 0.423284 0.524751
vt 0.452811 0.536671
vt 0.452049 0.523110
vt 0.455072 0.523221
vt 0.456821 0.509554
vt 0.455066 0.495360
vt 0.458093 0.495394
vt 0.423784 0.539316
vt 0.420838 0.539106
vt 0.419801 0.558178
vt 0.416890 0.557942
vt 0.446516 0.564113
vt 0.446947 0.550019
vt 0.449976 0.550219
vt 0.100786 0.370344
vt 0.095818 0.370485
vt 0.413864 0.584484
vt 0.410970 0.584272
vt 0.407393 0.615257
vt 0.404372 0.615178
vt 0.442605 0.578283
vt 0.443480 0.563869
vt 0.095270 0.376855
vt 0.090745 0.377157
vt 0.093216 0.373727
vt 0.456369 0.420065
vt 0.453325 0.420216
vt 0.454202 0.404521
vt 0.451155 0.404723
vt 0.419954 0.397065
vt 0.415669 0.364611
vt 0.422867 0.396757
vt 0.116786 0.361054
vt 0.451285 0.388171
vt 0.448243 0.388413
vt 0.447873 0.371444
vt 0.444833 0.371715
vt 0.412776 0.364931
vt 0.407348 0.326552
vt 0.127359 0.350056
vt 0.124877 0.355664
vt 0.122278 0.352853
vt 0.453093 0.465517
vt 0.452727 0.450407
vt 0.442175 0.495957
vt 0.450381 0.509429
vt 0.440922 0.510232
vt 0.429219 0.496560
vt 0.430937 0.511089
vt 0.429599 0.525043
vt 0.436816 0.537917
vt 0.427141 0.539495
vt 0.451784 0.435379
vt 0.450289 0.420370
vt 0.430249 0.466058
vt 0.432834 0.450510
vt 0.433215 0.466021
vt 0.432974 0.481500
vt 0.429866 0.450600
vt 0.431826 0.435081
vt 0.455860 0.480598
vt 0.453797 0.509482
vt 0.452047 0.495324
vt 0.450781 0.509410
vt 0.426738 0.539529
vt 0.431338 0.511070
vt 0.439182 0.524010
vt 0.449785 0.536516
vt 0.449034 0.522998
vt 0.446770 0.536360
vt 0.416752 0.584698
vt 0.433333 0.554084
vt 0.423125 0.558318
vt 0.443927 0.549816
vt 0.439530 0.578001
vt 0.440451 0.563618
vt 0.410425 0.615237
vt 0.451385 0.435380
vt 0.442842 0.450458
vt 0.441867 0.435230
vt 0.429933 0.418763
vt 0.425785 0.396444
vt 0.448116 0.404927
vt 0.445208 0.388654
vt 0.440170 0.419575
vt 0.447702 0.404840
vt 0.449887 0.420357
vt 0.418556 0.364289
vt 0.410423 0.326576
vt 0.441795 0.371990
vt 0.426906 0.450690
vt 0.141034 0.342912
vt 0.132881 0.342269
vt 0.141050 0.342144
vt 0.133113 0.341452
vt 0.141064 0.341374
vt 0.433234 0.450504
vt 0.432227 0.435078
vt 0.432187 0.496616
vt 0.433615 0.466013
vt 0.133943 0.346813
vt 0.130912 0.352449
vt 0.112090 0.355260
vt 0.426196 0.396531
vt 0.431723 0.376436
vt 0.436973 0.400708
vt 0.085086 0.391841
vt 0.083393 0.398811
vt 0.084292 0.391768
vt 0.082621 0.398484
vt 0.083493 0.391691
vt 0.448633 0.523021
vt 0.458888 0.480596
vt 0.452329 0.450412
vt 0.443217 0.465766
vt 0.452840 0.480599
vt 0.140903 0.343007
vt 0.139593 0.348206
vt 0.132643 0.343170
vt 0.128291 0.345283
vt 0.441428 0.372121
vt 0.444762 0.388412
vt 0.418996 0.364548
vt 0.426245 0.349473
vt 0.092355 0.380949
vt 0.088358 0.380827
vt 0.102974 0.373379
vt 0.097959 0.373502
vt 0.429197 0.525066
vt 0.439989 0.563867
vt 0.428440 0.574118
vt 0.106079 0.370226
vt 0.100102 0.376550
vt 0.442966 0.481041
vt 0.433374 0.481488
vt 0.424031 0.419237
vt 0.108054 0.336564
vt 0.106334 0.341823
vt 0.104080 0.338901
vt 0.430335 0.418773
vt 0.088930 0.386146
vt 0.086153 0.384446
vt 0.089490 0.391434
vt 0.085201 0.391716
vt 0.417189 0.584440
vt 0.423703 0.596000
vt 0.410981 0.614353
vt 0.436198 0.577304
vt 0.149270 0.342135
vt 0.149251 0.343130
vt 0.123836 0.347657
vt 0.149125 0.341268
vt 0.443506 0.549914
vt 0.459136 0.465436
vt 0.432587 0.496600
vt 0.446364 0.536395
vt 0.085193 0.384633
vt 0.086061 0.384450
vt 0.097327 0.380010
vt 0.422714 0.558418
vt 0.425958 0.598067
vt 0.436546 0.577450
vt 0.451648 0.495340
vt 0.452442 0.480611
vt 0.452695 0.465526
vt 0.120640 0.358321
vt 0.093959 0.384750
vt 0.407588 0.445170
vt 0.405153 0.459719
vt 0.404700 0.445254
vt 0.102487 0.344383
vt 0.101018 0.350105
vt 0.098776 0.347172
vt 0.377050 0.490158
vt 0.379140 0.504161
vt 0.376265 0.504157
vt 0.091956 0.353285
vt 0.086739 0.353486
vt 0.089729 0.350344
vt 0.406707 0.430772
vt 0.403813 0.430864
vt 0.375935 0.430838
vt 0.377085 0.414950
vt 0.378799 0.430700
vt 0.377417 0.460642
vt 0.380313 0.475521
vt 0.377445 0.475572
vt 0.093013 0.347236
vt 0.096538 0.344244
vt 0.097480 0.353110
vt 0.095245 0.350170
vt 0.377930 0.517787
vt 0.375039 0.517736
vt 0.404285 0.527800
vt 0.402831 0.514880
vt 0.405723 0.514843
vt 0.406830 0.501746
vt 0.404716 0.488266
vt 0.407603 0.488218
vt 0.376090 0.532159
vt 0.373182 0.532038
vt 0.372910 0.551972
vt 0.370025 0.551784
vt 0.400376 0.554653
vt 0.399582 0.541014
vt 0.402512 0.540974
vt 0.088959 0.356431
vt 0.084018 0.356687
vt 0.367932 0.580787
vt 0.365072 0.580589
vt 0.362425 0.614619
vt 0.359570 0.614290
vt 0.398004 0.568692
vt 0.397422 0.554698
vt 0.083661 0.363072
vt 0.079178 0.363513
vt 0.081517 0.360004
vt 0.405432 0.416381
vt 0.402528 0.416481
vt 0.403703 0.401509
vt 0.400778 0.401627
vt 0.370825 0.393597
vt 0.368104 0.362382
vt 0.373633 0.393387
vt 0.104736 0.347312
vt 0.401386 0.385719
vt 0.398444 0.385877
vt 0.398447 0.369261
vt 0.395539 0.369698
vt 0.365341 0.362544
vt 0.362432 0.325912
vt 0.115656 0.336938
vt 0.112856 0.342310
vt 0.110452 0.339437
vt 0.402272 0.459790
vt 0.401813 0.445339
vt 0.392392 0.489192
vt 0.400677 0.501859
vt 0.391631 0.502976
vt 0.379918 0.490132
vt 0.382022 0.504162
vt 0.381225 0.517795
vt 0.388868 0.530039
vt 0.379410 0.532223
vt 0.400922 0.430958
vt 0.399624 0.416585
vt 0.380288 0.460569
vt 0.382665 0.445492
vt 0.383160 0.460497
vt 0.383185 0.475471
vt 0.379793 0.445591
vt 0.381671 0.430562
vt 0.405140 0.474158
vt 0.403944 0.501787
vt 0.401832 0.488314
vt 0.401059 0.501827
vt 0.379014 0.532278
vt 0.382411 0.504130
vt 0.390497 0.516353
vt 0.401379 0.527838
vt 0.399939 0.514915
vt 0.398470 0.527871
vt 0.370791 0.580991
vt 0.386283 0.546535
vt 0.376205 0.552032
vt 0.396650 0.541047
vt 0.395022 0.568730
vt 0.394466 0.554737
vt 0.365397 0.614585
vt 0.400540 0.430956
vt 0.392323 0.445414
vt 0.391385 0.430762
vt 0.379955 0.414763
vt 0.376444 0.393169
vt 0.397856 0.401750
vt 0.395513 0.386038
vt 0.389886 0.415684
vt 0.397460 0.401656
vt 0.399239 0.416566
vt 0.370850 0.362209
vt 0.365672 0.326310
vt 0.392699 0.370132
vt 0.376928 0.445690
vt 0.383852 0.345044
vt 0.381621 0.346277
vt 0.379371 0.347514
vt 0.383052 0.445485
vt 0.382059 0.430560
vt 0.382791 0.490105
vt 0.383547 0.460483
vt 0.122554 0.334071
vt 0.119032 0.339475
vt 0.100241 0.341458
vt 0.376836 0.393265
vt 0.382888 0.374110
vt 0.387187 0.397488
vt 0.073894 0.379761
vt 0.072177 0.388288
vt 0.073074 0.379776
vt 0.071333 0.388047
vt 0.072253 0.379790
vt 0.399554 0.514955
vt 0.408027 0.474100
vt 0.401432 0.445345
vt 0.392802 0.460137
vt 0.402256 0.474216
vt 0.130307 0.330919
vt 0.128276 0.335758
vt 0.121460 0.330375
vt 0.116867 0.332309
vt 0.392348 0.370239
vt 0.395093 0.385795
vt 0.371253 0.362477
vt 0.379359 0.348106
vt 0.080889 0.367419
vt 0.076950 0.367255
vt 0.091181 0.359384
vt 0.086230 0.359635
vt 0.380832 0.517833
vt 0.394025 0.555032
vt 0.382516 0.567879
vt 0.094185 0.356232
vt 0.088442 0.362590
vt 0.392802 0.474830
vt 0.383572 0.475451
vt 0.374224 0.415135
vt 0.380343 0.414779
vt 0.077614 0.373168
vt 0.074889 0.370946
vt 0.078199 0.379117
vt 0.074009 0.379610
vt 0.371208 0.580686
vt 0.378759 0.591473
vt 0.365907 0.613598
vt 0.391658 0.568653
vt 0.130454 0.330826
vt 0.139284 0.330534
vt 0.139398 0.331390
vt 0.112286 0.334386
vt 0.130530 0.330006
vt 0.139146 0.329665
vt 0.396245 0.541182
vt 0.408042 0.459647
vt 0.383179 0.490079
vt 0.398081 0.527931
vt 0.073937 0.371239
vt 0.074803 0.370960
vt 0.085802 0.366146
vt 0.375804 0.552164
vt 0.073069 0.371515
vt 0.401450 0.488339
vt 0.401874 0.474235
vt 0.401891 0.459803
vt 0.108592 0.344748
vt 0.082586 0.371328
vt 0.094408 0.410074
vt 0.094439 0.410054
vt 0.094414 0.410102
vt 0.094436 0.410017
vt 0.094460 0.410017
vt 0.094447 0.410074
vt 0.094461 0.410039
vt 0.094516 0.409932
vt 0.094494 0.409925
vt 0.094522 0.409888
vt 0.094502 0.409982
vt 0.094485 0.409977
vt 0.094465 0.409969
vt 0.094476 0.410021
vt 0.094467 0.410094
vt 0.094465 0.410061
vt 0.094487 0.410033
vt 0.094443 0.410114
vt 0.159004 0.354519
vt 0.158967 0.354512
vt 0.159073 0.354512
vt 0.159024 0.354529
vt 0.158962 0.354537
vt 0.158913 0.354536
vt 0.158986 0.354540
vt 0.159043 0.354551
vt 0.159008 0.354546
vt 0.159066 0.354530
vt 0.158977 0.354565
vt 0.158964 0.354553
vt 0.158862 0.354561
vt 0.158866 0.354584
vt 0.158819 0.354585
vt 0.158918 0.354557
vt 0.158921 0.354575
vt 0.092544 0.409700
vt 0.092540 0.409663
vt 0.092571 0.409758
vt 0.092546 0.409724
vt 0.062747 0.328847
vt 0.062761 0.328945
vt 0.062647 0.329111
vt 0.062852 0.328756
vt 0.062833 0.328866
vt 0.062924 0.328797
vt 0.063049 0.328629
vt 0.062914 0.328936
vt 0.062810 0.328973
vt 0.062923 0.328706
vt 0.062557 0.329367
vt 0.062624 0.329408
vt 0.062694 0.329158
vt 0.062766 0.329179
vt 0.158858 0.352595
vt 0.158908 0.352615
vt 0.062725 0.617204
vt 0.062736 0.617105
vt 0.062838 0.617298
vt 0.062966 0.617450
vt 0.062908 0.617335
vt 0.062811 0.617184
vt 0.062597 0.616631
vt 0.062530 0.616672
vt 0.062471 0.616445
vt 0.062740 0.616865
vt 0.062668 0.616886
vt 0.062622 0.616933
vt 0.062785 0.617077
vt 0.062906 0.617251
vt 0.062891 0.617114
vt 0.063005 0.617454
vt 0.235272 0.487433
vt 0.235212 0.487399
vt 0.235249 0.487488
vt 0.235192 0.487434
vt 0.235109 0.487416
vt 0.235137 0.487456
vt 0.235122 0.487437
vt 0.235171 0.487544
vt 0.235239 0.487546
vt 0.235093 0.487475
vt 0.235172 0.487504
vt 0.235181 0.487468
vt 0.235024 0.487417
vt 0.235068 0.487436
vt 0.235020 0.487429
vt 0.235115 0.487464
vt 0.094249 0.469148
vt 0.094056 0.469003
vt 0.093810 0.468923
vt 0.093750 0.468879
vt 0.094187 0.469383
vt 0.093957 0.469068
vt 0.094172 0.469269
vt 0.093701 0.468864
vt 0.093942 0.469086
vt 0.093991 0.469053
vt 0.094194 0.469198
vt 0.328369 0.413604
vt 0.328221 0.413809
vt 0.328531 0.413374
vt 0.328492 0.413445
vt 0.328326 0.413608
vt 0.328355 0.413894
vt 0.328460 0.413628
vt 0.328402 0.413619
vt 0.328439 0.413620
vt 0.328504 0.413423
vt 0.328568 0.413336
vt 0.273113 0.601045
vt 0.273083 0.601292
vt 0.273125 0.601320
vt 0.273142 0.601548
vt 0.273135 0.601635
vt 0.273357 0.600978
vt 0.273192 0.601348
vt 0.273262 0.601052
vt 0.273163 0.601326
vt 0.273186 0.601069
vt 0.298098 0.379981
vt 0.298332 0.379886
vt 0.298075 0.379911
vt 0.298331 0.379838
vt 0.298551 0.379705
vt 0.298597 0.379682
vt 0.297905 0.379815
vt 0.298317 0.379769
vt 0.298017 0.379858
vt 0.298311 0.379747
vt 0.298636 0.379647
vt 0.298529 0.379713
vt 0.210838 0.493327
vt 0.210800 0.493385
vt 0.210935 0.493319
vt 0.210872 0.493348
vt 0.210898 0.493374
vt 0.210846 0.493423
vt 0.210931 0.493343
vt 0.211022 0.493265
vt 0.210954 0.493339
vt 0.210983 0.493293
vt 0.211013 0.493255
vt 0.210937 0.493294
vt 0.210882 0.493470
vt 0.210942 0.493436
vt 0.210922 0.493401
vt 0.210979 0.493339
vt 0.229940 0.612129
vt 0.229800 0.611923
vt 0.230002 0.612365
vt 0.229912 0.612176
vt 0.229669 0.611997
vt 0.229851 0.612245
vt 0.229745 0.611978
vt 0.229867 0.612230
vt 0.230024 0.612408
vt 0.230065 0.612504
vt 0.229882 0.612197
vt 0.229974 0.612329
vt 0.217925 0.469607
vt 0.217893 0.469546
vt 0.217943 0.469518
vt 0.217883 0.469695
vt 0.217889 0.469626
vt 0.217837 0.469566
vt 0.217865 0.469679
vt 0.217854 0.469636
vt 0.217887 0.469797
vt 0.217856 0.469702
vt 0.217882 0.469749
vt 0.217900 0.469794
vt 0.217904 0.469708
vt 0.217778 0.469574
vt 0.217778 0.469643
vt 0.217818 0.469643
vt 0.217844 0.469723
vt 0.106709 0.426999
vt 0.106978 0.427028
vt 0.106735 0.427047
vt 0.106453 0.426981
vt 0.106502 0.426984
vt 0.106979 0.426878
vt 0.106676 0.426913
vt 0.106958 0.426953
vt 0.106682 0.426934
vt 0.106351 0.426968
vt 0.261915 0.648198
vt 0.261713 0.648165
vt 0.261964 0.648310
vt 0.261765 0.648325
vt 0.261596 0.648201
vt 0.261772 0.648449
vt 0.261640 0.648382
vt 0.261807 0.649070
vt 0.261695 0.648611
vt 0.261993 0.648501
vt 0.261380 0.648648
vt 0.261553 0.648502
vt 0.261659 0.648463
vt 0.261477 0.648224
vt 0.261312 0.648345
vt 0.261503 0.648389
vt 0.261319 0.648466
vt 0.344326 0.366200
vt 0.344400 0.366391
vt 0.344397 0.366100
vt 0.344510 0.366268
vt 0.344488 0.366476
vt 0.344613 0.366200
vt 0.344622 0.366347
vt 0.345139 0.365849
vt 0.344789 0.366185
vt 0.344548 0.365978
vt 0.344989 0.366433
vt 0.344768 0.366361
vt 0.344681 0.366290
vt 0.344567 0.366568
vt 0.344756 0.366648
vt 0.344696 0.366462
vt 0.344860 0.366580
vt 0.221387 0.483619
vt 0.221413 0.483529
vt 0.221321 0.483639
vt 0.221356 0.483562
vt 0.221369 0.483478
vt 0.221299 0.483545
vt 0.221326 0.483519
vt 0.221190 0.483584
vt 0.221254 0.483651
vt 0.221205 0.483518
vt 0.221255 0.483587
vt 0.221308 0.483582
vt 0.221319 0.483432
vt 0.221228 0.483454
vt 0.221284 0.483487
vt 0.221262 0.483534
vt 0.324893 0.420102
vt 0.324938 0.420192
vt 0.324854 0.420212
vt 0.325027 0.420127
vt 0.324993 0.420195
vt 0.324917 0.420265
vt 0.324830 0.420308
vt 0.324962 0.420249
vt 0.325021 0.420243
vt 0.325068 0.420160
vt 0.325038 0.420327
vt 0.324968 0.420298
vt 0.324814 0.420400
vt 0.324887 0.420448
vt 0.326117 0.419895
vt 0.324902 0.420346
vt 0.324962 0.420393
vt 0.238120 0.488235
vt 0.238051 0.488252
vt 0.238158 0.488271
vt 0.238094 0.488279
vt 0.238033 0.488301
vt 0.238171 0.488377
vt 0.238191 0.488310
vt 0.236144 0.487729
vt 0.238122 0.488393
vt 0.238146 0.488333
vt 0.238022 0.488351
vt 0.238071 0.488402
vt 0.238073 0.488351
vt 0.273617 0.595117
vt 0.273608 0.595214
vt 0.273561 0.595053
vt 0.273637 0.595036
vt 0.273664 0.595148
vt 0.273667 0.595078
vt 0.273712 0.594852
vt 0.273627 0.594852
vt 0.274714 0.595810
vt 0.273746 0.594952
vt 0.273669 0.594952
vt 0.273593 0.594949
vt 0.273699 0.595037
vt 0.273714 0.595122
vt 0.273776 0.595061
vt 0.273711 0.595223
vt 0.208706 0.495397
vt 0.208636 0.495414
vt 0.208744 0.495432
vt 0.208680 0.495441
vt 0.208619 0.495463
vt 0.208690 0.495484
vt 0.208664 0.495476
vt 0.208757 0.495541
vt 0.208778 0.495472
vt 0.208708 0.495556
vt 0.208732 0.495496
vt 0.208697 0.495510
vt 0.208710 0.495465
vt 0.208608 0.495513
vt 0.208657 0.495564
vt 0.210283 0.493976
vt 0.208659 0.495514
vt 0.098768 0.472339
vt 0.098704 0.472282
vt 0.098852 0.472321
vt 0.098832 0.472393
vt 0.098734 0.472357
vt 0.098669 0.472314
vt 0.098787 0.472391
vt 0.098969 0.472532
vt 0.098999 0.472483
vt 0.097359 0.472981
vt 0.098861 0.472504
vt 0.098889 0.472452
vt 0.098922 0.472402
vt 0.098999 0.472482
vt 0.098635 0.472462
vt 0.098731 0.472397
vt 0.098753 0.472482
vt 0.098650 0.472358
vt 0.098810 0.472429
vt 0.226606 0.606868
vt 0.226626 0.606786
vt 0.226659 0.606950
vt 0.226579 0.606917
vt 0.226550 0.606805
vt 0.226550 0.606708
vt 0.226544 0.606856
vt 0.226522 0.606917
vt 0.226572 0.607006
vt 0.226439 0.606891
vt 0.226497 0.606835
vt 0.226475 0.606637
vt 0.226399 0.606676
vt 0.225988 0.608001
vt 0.226483 0.606745
vt 0.226415 0.606780
vt 0.292186 0.382599
vt 0.292276 0.382561
vt 0.292162 0.382680
vt 0.292104 0.382621
vt 0.292188 0.382544
vt 0.292259 0.382513
vt 0.292126 0.382575
vt 0.291908 0.382649
vt 0.291950 0.382722
vt 0.292239 0.381347
vt 0.291979 0.382573
vt 0.292015 0.382636
vt 0.292054 0.382704
vt 0.292074 0.382569
vt 0.292140 0.382516
vt 0.292059 0.382497
vt 0.217199 0.466746
vt 0.217219 0.466678
vt 0.217150 0.466762
vt 0.217174 0.466702
vt 0.217185 0.466639
vt 0.217132 0.466690
vt 0.217152 0.466671
vt 0.217050 0.466719
vt 0.217099 0.466771
vt 0.217062 0.466669
vt 0.217101 0.466720
vt 0.217106 0.466682
vt 0.217139 0.466716
vt 0.217147 0.466604
vt 0.217079 0.466621
vt 0.217663 0.468812
vt 0.217122 0.466648
vt 0.112475 0.426903
vt 0.112535 0.426822
vt 0.112596 0.426881
vt 0.112429 0.426776
vt 0.112507 0.426774
vt 0.112617 0.426806
vt 0.112701 0.426854
vt 0.112576 0.426775
vt 0.112535 0.426726
vt 0.112434 0.426724
vt 0.112598 0.426667
vt 0.112618 0.426745
vt 0.112799 0.426824
vt 0.112803 0.426740
vt 0.111877 0.425730
vt 0.112702 0.426778
vt 0.112705 0.426702
vt 0.084253 0.399045
vt 0.084279 0.399035
vt 0.084251 0.399067
vt 0.084283 0.399002
vt 0.084308 0.399005
vt 0.084280 0.399055
vt 0.084303 0.399028
vt 0.084372 0.398912
vt 0.084348 0.398904
vt 0.084378 0.398865
vt 0.084358 0.398968
vt 0.084338 0.398963
vt 0.084315 0.398953
vt 0.084325 0.399013
vt 0.084290 0.399074
vt 0.084300 0.399049
vt 0.084337 0.399033
vt 0.084254 0.399080
vt 0.149223 0.343158
vt 0.149187 0.343151
vt 0.149292 0.343151
vt 0.149244 0.343168
vt 0.149182 0.343175
vt 0.149133 0.343174
vt 0.149205 0.343178
vt 0.149262 0.343190
vt 0.149227 0.343184
vt 0.149285 0.343169
vt 0.149196 0.343203
vt 0.149184 0.343191
vt 0.149082 0.343198
vt 0.149086 0.343221
vt 0.149039 0.343221
vt 0.149137 0.343195
vt 0.149140 0.343212
vt 0.082600 0.398453
vt 0.082605 0.398418
vt 0.082612 0.398511
vt 0.082596 0.398475
vt 0.410734 0.615094
vt 0.410720 0.614997
vt 0.410832 0.614831
vt 0.410629 0.615186
vt 0.410648 0.615076
vt 0.410557 0.615145
vt 0.410432 0.615313
vt 0.410567 0.615007
vt 0.410670 0.614969
vt 0.410559 0.615236
vt 0.410923 0.614577
vt 0.410855 0.614535
vt 0.410787 0.614784
vt 0.410714 0.614764
vt 0.149096 0.341244
vt 0.149146 0.341265
vt 0.410728 0.326713
vt 0.410718 0.326811
vt 0.410614 0.326620
vt 0.410485 0.326468
vt 0.410544 0.326583
vt 0.410642 0.326733
vt 0.410861 0.327284
vt 0.410927 0.327242
vt 0.410988 0.327469
vt 0.410716 0.327051
vt 0.410788 0.327029
vt 0.410833 0.326982
vt 0.410669 0.326840
vt 0.410546 0.326667
vt 0.410563 0.326804
vt 0.410446 0.326465
vt 0.073013 0.388496
vt 0.073039 0.388483
vt 0.073008 0.388516
vt 0.073044 0.388447
vt 0.073070 0.388444
vt 0.073039 0.388505
vt 0.073064 0.388470
vt 0.073140 0.388329
vt 0.073113 0.388324
vt 0.073146 0.388271
vt 0.359485 0.613869
vt 0.359420 0.613883
vt 0.359450 0.613649
vt 0.073101 0.388392
vt 0.073078 0.388386
vt 0.359463 0.614060
vt 0.359410 0.614079
vt 0.359507 0.614212
vt 0.359522 0.614090
vt 0.359561 0.614390
vt 0.359494 0.614289
vt 0.359457 0.614153
vt 0.139385 0.331416
vt 0.139350 0.331414
vt 0.139430 0.331391
vt 0.139407 0.331419
vt 0.139347 0.331440
vt 0.139292 0.331439
vt 0.139372 0.331439
vt 0.359561 0.326121
vt 0.359501 0.326180
vt 0.359563 0.326056
vt 0.359510 0.326293
vt 0.359451 0.326314
vt 0.359493 0.326108
vt 0.359561 0.326021
vt 0.359451 0.326228
vt 0.139232 0.331465
vt 0.139236 0.331493
vt 0.139181 0.331489
vt 0.139297 0.331464
vt 0.359410 0.326480
vt 0.359473 0.326493
vt 0.359438 0.326687
vt 0.139351 0.331457
vt 0.071312 0.388011
vt 0.071317 0.387973
vt 0.365421 0.614692
vt 0.365513 0.614562
vt 0.365579 0.614519
vt 0.365686 0.614414
vt 0.365671 0.614311
vt 0.365775 0.614125
vt 0.365602 0.614398
vt 0.365513 0.614474
vt 0.365407 0.614658
vt 0.365525 0.614331
vt 0.365625 0.614282
vt 0.365856 0.613843
vt 0.365791 0.613801
vt 0.365730 0.614075
vt 0.365662 0.614058
vt 0.365855 0.326256
vt 0.365862 0.326410
vt 0.365776 0.326203
vt 0.365937 0.326504
vt 0.365920 0.326587
vt 0.365806 0.326358
vt 0.365867 0.326511
vt 0.366024 0.327010
vt 0.366086 0.326976
vt 0.366131 0.327186
vt 0.365907 0.326795
vt 0.365971 0.326780
vt 0.366013 0.326741
vt 0.365876 0.326607
vt 0.365790 0.326437
vt 0.365788 0.326565
vt 0.365729 0.326187
vt 0.142192 0.754925
vt 0.142335 0.754908
vt 0.142227 0.755002
vt 0.142460 0.754991
vt 0.142374 0.755018
vt 0.142328 0.754821
vt 0.142426 0.754867
vt 0.170089 0.736068
vt 0.170062 0.736066
vt 0.170091 0.736037
vt 0.170082 0.736100
vt 0.170044 0.736091
vt 0.170051 0.736044
vt 0.170093 0.736020
vt 0.170041 0.736070
vt 0.142521 0.754859
vt 0.142547 0.754971
vt 0.142628 0.754805
vt 0.142654 0.754870
vt 0.142412 0.754814
vt 0.142486 0.754784
vt 0.114950 0.372774
vt 0.118440 0.369755
vt 0.114937 0.372758
vt 0.118427 0.369738
vt 0.013939 0.478691
vt 0.014304 0.463469
vt 0.014007 0.478693
vt 0.111671 0.375870
vt 0.111658 0.375854
vt 0.014236 0.463465
vt 0.015112 0.448636
vt 0.123074 0.375632
vt 0.126793 0.372703
vt 0.123088 0.375649
vt 0.126807 0.372720
vt 0.123102 0.375666
vt 0.126835 0.372758
vt 0.123118 0.375686
vt 0.130619 0.369961
vt 0.130633 0.369978
vt 0.126820 0.372738
vt 0.130660 0.370017
vt 0.125792 0.364246
vt 0.122073 0.366916
vt 0.125779 0.364230
vt 0.122060 0.366900
vt 0.125767 0.364213
vt 0.015431 0.509201
vt 0.122047 0.366884
vt 0.014400 0.493990
vt 0.119496 0.378717
vt 0.116133 0.381874
vt 0.119510 0.378735
vt 0.116147 0.381891
vt 0.119525 0.378752
vt 0.116162 0.381908
vt 0.116179 0.381925
vt 0.119541 0.378770
vt 0.113034 0.385030
vt 0.110171 0.388220
vt 0.113048 0.385048
vt 0.110185 0.388238
vt 0.113063 0.385064
vt 0.110201 0.388254
vt 0.110221 0.388269
vt 0.113082 0.385080
vt 0.108653 0.378965
vt 0.108640 0.378949
vt 0.015044 0.448629
vt 0.016393 0.434449
vt 0.105866 0.382090
vt 0.105853 0.382073
vt 0.016325 0.434438
vt 0.018153 0.420758
vt 0.103254 0.385309
vt 0.103241 0.385292
vt 0.018086 0.420743
vt 0.020429 0.407288
vt 0.100751 0.388708
vt 0.100741 0.388687
vt 0.020364 0.407269
vt 0.023286 0.393722
vt 0.107373 0.391690
vt 0.103971 0.396419
vt 0.107387 0.391708
vt 0.103981 0.396441
vt 0.107403 0.391724
vt 0.103995 0.396458
vt 0.104015 0.396472
vt 0.107423 0.391738
vt 0.096037 0.395973
vt 0.095120 0.403068
vt 0.096016 0.395972
vt 0.095092 0.403108
vt 0.095995 0.395975
vt 0.095065 0.403134
vt 0.098307 0.392349
vt 0.098303 0.392318
vt 0.023224 0.393689
vt 0.026776 0.379813
vt 0.026721 0.379751
vt 0.030707 0.365670
vt 0.099525 0.402986
vt 0.099528 0.403016
vt 0.099536 0.403039
vt 0.099554 0.403054
vt 0.134823 0.367282
vt 0.134837 0.367299
vt 0.130646 0.369996
vt 0.134862 0.367338
vt 0.140814 0.364018
vt 0.140834 0.364032
vt 0.134850 0.367316
vt 0.140861 0.364069
vt 0.133673 0.359285
vt 0.129614 0.361726
vt 0.133655 0.359272
vt 0.129601 0.361711
vt 0.133640 0.359257
vt 0.019415 0.539945
vt 0.129589 0.361694
vt 0.017072 0.524365
vt 0.150692 0.354439
vt 0.150735 0.354415
vt 0.150763 0.354391
vt 0.142420 0.354713
vt 0.142419 0.354693
vt 0.142419 0.354672
vt 0.142425 0.354650
vt 0.149446 0.359687
vt 0.149477 0.359694
vt 0.140849 0.364048
vt 0.149499 0.359705
vt 0.149513 0.359724
vt 0.138074 0.356881
vt 0.138044 0.356874
vt 0.026525 0.573106
vt 0.138023 0.356862
vt 0.022588 0.556313
vt 0.020264 0.478611
vt 0.020538 0.463473
vt 0.020368 0.478609
vt 0.020642 0.463470
vt 0.020473 0.478606
vt 0.020747 0.463466
vt 0.021344 0.448712
vt 0.021448 0.448708
vt 0.021553 0.448703
vt 0.040467 0.493626
vt 0.040034 0.478079
vt 0.040363 0.493629
vt 0.039930 0.478081
vt 0.040258 0.493630
vt 0.039826 0.478084
vt 0.041570 0.509087
vt 0.041466 0.509089
vt 0.041361 0.509089
vt 0.020663 0.493804
vt 0.021698 0.508919
vt 0.020768 0.493802
vt 0.021803 0.508918
vt 0.020873 0.493801
vt 0.021908 0.508918
vt 0.041046 0.447424
vt 0.040258 0.462567
vt 0.040942 0.447428
vt 0.040155 0.462570
vt 0.040838 0.447434
vt 0.040050 0.462574
vt 0.044047 0.418932
vt 0.042303 0.432928
vt 0.043943 0.418937
vt 0.042199 0.432933
vt 0.043837 0.418945
vt 0.042094 0.432940
vt 0.022617 0.434601
vt 0.022722 0.434597
vt 0.022827 0.434590
vt 0.024374 0.420993
vt 0.024479 0.420988
vt 0.024585 0.420980
vt 0.026653 0.407616
vt 0.026759 0.407608
vt 0.026865 0.407595
vt 0.029516 0.394146
vt 0.029626 0.394126
vt 0.029737 0.394092
vt 0.050556 0.385575
vt 0.046501 0.404454
vt 0.050450 0.385596
vt 0.046397 0.404462
vt 0.050341 0.385631
vt 0.046291 0.404475
vt 0.049798 0.347415
vt 0.036942 0.366537
vt 0.049801 0.347561
vt 0.037035 0.366570
vt 0.049770 0.347759
vt 0.037123 0.366612
vt 0.049751 0.347334
vt 0.033021 0.380331
vt 0.033139 0.380277
vt 0.033264 0.380194
vt 0.056579 0.359322
vt 0.056467 0.359378
vt 0.056350 0.359463
vt 0.043597 0.525411
vt 0.043493 0.525410
vt 0.043388 0.525406
vt 0.047910 0.547651
vt 0.047805 0.547634
vt 0.047697 0.547603
vt 0.023343 0.523984
vt 0.025687 0.539449
vt 0.023448 0.523986
vt 0.025796 0.539466
vt 0.023554 0.523990
vt 0.025905 0.539494
vt 0.150786 0.352801
vt 0.158823 0.352597
vt 0.047490 0.594849
vt 0.047498 0.594706
vt 0.047473 0.594514
vt 0.032599 0.571883
vt 0.032694 0.571853
vt 0.032786 0.571816
vt 0.055114 0.579605
vt 0.055002 0.579549
vt 0.054885 0.579462
vt 0.028850 0.555667
vt 0.028965 0.555716
vt 0.029085 0.555793
vt 0.066111 0.617465
vt 0.063019 0.617419
vt 0.069120 0.617346
vt 0.069112 0.617382
vt 0.159064 0.353493
vt 0.069119 0.328697
vt 0.066102 0.328579
vt 0.069111 0.328660
vt 0.093423 0.409989
vt 0.066104 0.328614
vt 0.092573 0.409748
vt 0.271647 0.435722
vt 0.271601 0.435654
vt 0.271538 0.435604
vt 0.154902 0.464266
vt 0.154947 0.464114
vt 0.060324 0.436744
vt 0.154914 0.464187
vt 0.060391 0.436514
vt 0.191666 0.360148
vt 0.060078 0.436223
vt 0.059506 0.436381
vt 0.191705 0.360305
vt 0.060265 0.436261
vt 0.191782 0.360623
vt 0.060371 0.436314
vt 0.191744 0.360463
vt 0.237878 0.551217
vt 0.237959 0.551209
vt 0.238034 0.551178
vt 0.345139 0.518899
vt 0.344982 0.518853
vt 0.344665 0.518768
vt 0.344825 0.518810
vt 0.129267 0.571701
vt 0.129384 0.571588
vt 0.129617 0.571359
vt 0.059900 0.436821
vt 0.060077 0.436889
vt 0.129500 0.571475
vt 0.060196 0.436901
vt 0.274891 0.451108
vt 0.274866 0.451055
vt 0.274848 0.450997
vt 0.328606 0.413214
vt 0.273114 0.601814
vt 0.249182 0.540298
vt 0.249228 0.540255
vt 0.249277 0.540220
vt 0.328640 0.413203
vt 0.329735 0.514718
vt 0.329635 0.514685
vt 0.329539 0.514651
vt 0.273134 0.601843
vt 0.273144 0.601684
vt 0.273215 0.601353
vt 0.158383 0.479021
vt 0.158378 0.478960
vt 0.158366 0.478900
vt 0.093597 0.468769
vt 0.222959 0.546839
vt 0.223020 0.546847
vt 0.230052 0.612452
vt 0.223081 0.546864
vt 0.230155 0.612611
vt 0.230152 0.612648
vt 0.140176 0.560936
vt 0.140252 0.560862
vt 0.140325 0.560791
vt 0.093563 0.468772
vt 0.298772 0.379607
vt 0.256733 0.431329
vt 0.256673 0.431309
vt 0.256618 0.431283
vt 0.165906 0.453513
vt 0.165950 0.453469
vt 0.165987 0.453421
vt 0.106218 0.426993
vt 0.106405 0.426983
vt 0.106186 0.426971
vt 0.195168 0.374949
vt 0.195190 0.375052
vt 0.195210 0.375152
vt 0.298788 0.379575
vt 0.277091 0.453388
vt 0.277072 0.453332
vt 0.277045 0.453282
vt 0.279077 0.457069
vt 0.251947 0.539320
vt 0.251996 0.539287
vt 0.252043 0.539247
vt 0.255352 0.537127
vt 0.325749 0.513212
vt 0.325655 0.513178
vt 0.325560 0.513145
vt 0.319909 0.511936
vt 0.157928 0.485795
vt 0.157835 0.481886
vt 0.157824 0.481826
vt 0.157820 0.481767
vt 0.220057 0.547254
vt 0.220117 0.547269
vt 0.220176 0.547275
vt 0.216050 0.546893
vt 0.143017 0.558235
vt 0.143090 0.558165
vt 0.143164 0.558095
vt 0.147107 0.554426
vt 0.254430 0.429316
vt 0.254378 0.429289
vt 0.254320 0.429268
vt 0.250894 0.427458
vt 0.166963 0.450890
vt 0.166997 0.450843
vt 0.167039 0.450799
vt 0.169319 0.447535
vt 0.195952 0.378822
vt 0.195972 0.378920
vt 0.195994 0.379019
vt 0.197205 0.384176
vt 0.236700 0.487853
vt 0.236685 0.487906
vt 0.236670 0.487958
vt 0.236655 0.488011
vt 0.273491 0.597894
vt 0.273428 0.597889
vt 0.273658 0.595226
vt 0.273362 0.597884
vt 0.096693 0.470914
vt 0.096726 0.470865
vt 0.096659 0.470962
vt 0.228124 0.609206
vt 0.226620 0.606984
vt 0.228202 0.609157
vt 0.228068 0.609241
vt 0.228013 0.609277
vt 0.217430 0.468135
vt 0.217483 0.468122
vt 0.217536 0.468109
vt 0.292229 0.382471
vt 0.294933 0.381357
vt 0.294964 0.381412
vt 0.294899 0.381301
vt 0.326404 0.417261
vt 0.324979 0.420108
vt 0.326456 0.417300
vt 0.326514 0.417329
vt 0.328300 0.413829
vt 0.209800 0.494500
vt 0.209724 0.494421
vt 0.209686 0.494381
vt 0.209762 0.494460
vt 0.109930 0.426816
vt 0.109932 0.426880
vt 0.109935 0.426946
vt 0.104919 0.361122
vt 0.108422 0.358098
vt 0.104906 0.361106
vt 0.108409 0.358082
vt 0.459284 0.465435
vt 0.458968 0.480597
vt 0.459216 0.465435
vt 0.101626 0.364223
vt 0.101613 0.364207
vt 0.459035 0.480601
vt 0.458172 0.495397
vt 0.113062 0.364002
vt 0.116802 0.361074
vt 0.113076 0.364019
vt 0.116816 0.361092
vt 0.113090 0.364036
vt 0.116844 0.361130
vt 0.113106 0.364056
vt 0.120656 0.358341
vt 0.120670 0.358359
vt 0.116830 0.361109
vt 0.120696 0.358398
vt 0.115833 0.352564
vt 0.112074 0.355240
vt 0.115820 0.352547
vt 0.458920 0.450242
vt 0.457912 0.435152
vt 0.457979 0.435145
vt 0.112062 0.355224
vt 0.458852 0.450246
vt 0.109469 0.367089
vt 0.106095 0.370247
vt 0.109483 0.367106
vt 0.106108 0.370265
vt 0.109497 0.367123
vt 0.106123 0.370281
vt 0.106141 0.370299
vt 0.109514 0.367142
vt 0.102989 0.373400
vt 0.100117 0.376572
vt 0.103003 0.373418
vt 0.100131 0.376589
vt 0.103018 0.373434
vt 0.100147 0.376605
vt 0.100166 0.376621
vt 0.103036 0.373450
vt 0.098596 0.367325
vt 0.098583 0.367309
vt 0.458240 0.495405
vt 0.456901 0.509558
vt 0.095804 0.370464
vt 0.095791 0.370448
vt 0.456968 0.509569
vt 0.455152 0.523228
vt 0.093202 0.373705
vt 0.093189 0.373688
vt 0.455218 0.523242
vt 0.452891 0.536680
vt 0.090735 0.377131
vt 0.090724 0.377110
vt 0.452956 0.536700
vt 0.450055 0.550234
vt 0.097341 0.380032
vt 0.093970 0.384776
vt 0.097355 0.380050
vt 0.093980 0.384798
vt 0.097370 0.380065
vt 0.093994 0.384815
vt 0.420757 0.539094
vt 0.416811 0.557926
vt 0.423203 0.524741
vt 0.086129 0.384442
vt 0.085170 0.391765
vt 0.086107 0.384442
vt 0.085140 0.391806
vt 0.086085 0.384445
vt 0.085112 0.391833
vt 0.088355 0.380789
vt 0.088351 0.380758
vt 0.450118 0.550268
vt 0.446593 0.564139
vt 0.446648 0.564201
vt 0.442690 0.578283
vt 0.089492 0.391471
vt 0.089496 0.391503
vt 0.089505 0.391526
vt 0.404328 0.614999
vt 0.410893 0.584247
vt 0.124894 0.355683
vt 0.124909 0.355700
vt 0.120683 0.358377
vt 0.124933 0.355740
vt 0.130936 0.352464
vt 0.130955 0.352478
vt 0.124921 0.355718
vt 0.130982 0.352515
vt 0.123813 0.347642
vt 0.119702 0.350051
vt 0.123795 0.347629
vt 0.119689 0.350035
vt 0.123780 0.347613
vt 0.454281 0.404508
vt 0.456449 0.420058
vt 0.456516 0.420047
vt 0.140952 0.342983
vt 0.140995 0.342959
vt 0.141023 0.342936
vt 0.132640 0.343147
vt 0.132640 0.343127
vt 0.132640 0.343106
vt 0.132646 0.343084
vt 0.139629 0.348213
vt 0.139660 0.348220
vt 0.130970 0.352494
vt 0.139682 0.348231
vt 0.139695 0.348250
vt 0.128256 0.345275
vt 0.128226 0.345267
vt 0.447955 0.371442
vt 0.128205 0.345256
vt 0.451362 0.388146
vt 0.452999 0.465519
vt 0.452746 0.480600
vt 0.452895 0.465521
vt 0.452642 0.480603
vt 0.452790 0.465524
vt 0.452537 0.480607
vt 0.451952 0.495325
vt 0.451848 0.495329
vt 0.451744 0.495334
vt 0.432929 0.450507
vt 0.433310 0.466020
vt 0.433033 0.450506
vt 0.433414 0.466018
vt 0.433137 0.450505
vt 0.433518 0.466015
vt 0.431921 0.435077
vt 0.432025 0.435076
vt 0.432130 0.435077
vt 0.452633 0.450409
vt 0.451689 0.435381
vt 0.452529 0.450411
vt 0.451585 0.435382
vt 0.452424 0.450412
vt 0.451480 0.435381
vt 0.432282 0.496615
vt 0.433069 0.481499
vt 0.432386 0.496612
vt 0.433172 0.481496
vt 0.432490 0.496606
vt 0.433277 0.481492
vt 0.429292 0.525067
vt 0.431032 0.511089
vt 0.429396 0.525062
vt 0.431136 0.511085
vt 0.429501 0.525054
vt 0.431241 0.511078
vt 0.450687 0.509410
vt 0.450582 0.509414
vt 0.450477 0.509421
vt 0.448940 0.522998
vt 0.448835 0.523003
vt 0.448729 0.523011
vt 0.446674 0.536360
vt 0.446568 0.536367
vt 0.446462 0.536380
vt 0.443830 0.549819
vt 0.443721 0.549840
vt 0.443609 0.549874
vt 0.422809 0.558415
vt 0.426833 0.539531
vt 0.422915 0.558394
vt 0.426937 0.539524
vt 0.423024 0.558359
vt 0.427042 0.539510
vt 0.423626 0.596568
vt 0.436456 0.577427
vt 0.423623 0.596422
vt 0.436363 0.577394
vt 0.423653 0.596225
vt 0.436274 0.577353
vt 0.083469 0.391676
vt 0.440351 0.563632
vt 0.440232 0.563686
vt 0.440108 0.563769
vt 0.416848 0.584682
vt 0.416960 0.584626
vt 0.417077 0.584540
vt 0.430028 0.418759
vt 0.430132 0.418760
vt 0.430237 0.418766
vt 0.425880 0.396444
vt 0.425986 0.396462
vt 0.426094 0.396493
vt 0.450194 0.420372
vt 0.448020 0.404925
vt 0.450089 0.420369
vt 0.447912 0.404906
vt 0.449983 0.420364
vt 0.447802 0.404877
vt 0.149061 0.341246
vt 0.426178 0.348916
vt 0.426172 0.349060
vt 0.426200 0.349254
vt 0.426226 0.348837
vt 0.441703 0.372013
vt 0.441606 0.372043
vt 0.441512 0.372080
vt 0.418652 0.364302
vt 0.418764 0.364358
vt 0.418883 0.364445
vt 0.445109 0.388640
vt 0.444994 0.388589
vt 0.444874 0.388508
vt 0.407341 0.326480
vt 0.410432 0.326500
vt 0.404332 0.326623
vt 0.149293 0.342139
vt 0.404378 0.615251
vt 0.083392 0.398834
vt 0.407385 0.615330
vt 0.082615 0.398502
vt 0.092998 0.347216
vt 0.096524 0.344224
vt 0.092985 0.347200
vt 0.096511 0.344208
vt 0.408183 0.459645
vt 0.408104 0.474100
vt 0.408118 0.459645
vt 0.089714 0.350325
vt 0.089701 0.350308
vt 0.408168 0.474102
vt 0.407679 0.488219
vt 0.101033 0.350125
vt 0.376709 0.445703
vt 0.377269 0.460644
vt 0.377198 0.460644
vt 0.376780 0.445698
vt 0.377338 0.460643
vt 0.104752 0.347332
vt 0.375718 0.430864
vt 0.375787 0.430852
vt 0.376849 0.445693
vt 0.104065 0.338882
vt 0.100226 0.341439
vt 0.104053 0.338865
vt 0.407729 0.445164
vt 0.406783 0.430768
vt 0.406847 0.430762
vt 0.100214 0.341422
vt 0.407664 0.445167
vt 0.097495 0.353131
vt 0.094200 0.356252
vt 0.376832 0.490141
vt 0.377297 0.475569
vt 0.376902 0.490151
vt 0.377366 0.475572
vt 0.376971 0.490157
vt 0.377226 0.475564
vt 0.091196 0.359404
vt 0.088457 0.362610
vt 0.374822 0.517695
vt 0.376116 0.504144
vt 0.374891 0.517717
vt 0.376186 0.504154
vt 0.374960 0.517731
vt 0.376047 0.504128
vt 0.086724 0.353467
vt 0.086711 0.353450
vt 0.407744 0.488223
vt 0.406907 0.501748
vt 0.084002 0.356667
vt 0.083989 0.356651
vt 0.406971 0.501755
vt 0.405800 0.514845
vt 0.081502 0.359983
vt 0.081488 0.359966
vt 0.405864 0.514856
vt 0.404363 0.527804
vt 0.079167 0.363486
vt 0.079156 0.363466
vt 0.404426 0.527819
vt 0.402589 0.540982
vt 0.085816 0.366168
vt 0.082597 0.371355
vt 0.369821 0.551674
vt 0.373035 0.532008
vt 0.369882 0.551730
vt 0.373102 0.532029
vt 0.369947 0.551768
vt 0.372968 0.531976
vt 0.074865 0.370945
vt 0.073978 0.379667
vt 0.074846 0.370946
vt 0.073948 0.379716
vt 0.074826 0.370952
vt 0.073920 0.379749
vt 0.076947 0.367216
vt 0.076944 0.367185
vt 0.402650 0.541011
vt 0.400452 0.554672
vt 0.400506 0.554729
vt 0.398084 0.568684
vt 0.078202 0.379159
vt 0.364936 0.580493
vt 0.364996 0.580561
vt 0.364883 0.580391
vt 0.108607 0.344768
vt 0.374011 0.415181
vt 0.374078 0.415159
vt 0.375856 0.430843
vt 0.112873 0.342330
vt 0.370624 0.393688
vt 0.370685 0.393642
vt 0.374146 0.415144
vt 0.112265 0.334370
vt 0.108038 0.336545
vt 0.112247 0.334356
vt 0.405573 0.416365
vt 0.403780 0.401498
vt 0.403842 0.401473
vt 0.108025 0.336529
vt 0.405508 0.416376
vt 0.130362 0.330896
vt 0.130409 0.330874
vt 0.130441 0.330850
vt 0.121459 0.330350
vt 0.121460 0.330329
vt 0.121466 0.330308
vt 0.121474 0.330285
vt 0.119055 0.339492
vt 0.365158 0.362717
vt 0.365209 0.362627
vt 0.370749 0.393611
vt 0.365267 0.362568
vt 0.128314 0.335769
vt 0.116832 0.332299
vt 0.401520 0.385643
vt 0.398528 0.369261
vt 0.398598 0.369273
vt 0.116803 0.332290
vt 0.401462 0.385698
vt 0.402182 0.459793
vt 0.402165 0.474219
vt 0.402083 0.459796
vt 0.402066 0.474224
vt 0.401983 0.459800
vt 0.401966 0.474229
vt 0.401742 0.488317
vt 0.401642 0.488323
vt 0.401542 0.488331
vt 0.382757 0.445489
vt 0.383252 0.460494
vt 0.382857 0.445487
vt 0.383352 0.460491
vt 0.382958 0.445486
vt 0.383453 0.460487
vt 0.381763 0.430559
vt 0.381863 0.430558
vt 0.381964 0.430559
vt 0.401723 0.445341
vt 0.400831 0.430959
vt 0.401623 0.445343
vt 0.400731 0.430959
vt 0.401523 0.445344
vt 0.400631 0.430958
vt 0.382883 0.490102
vt 0.383277 0.475468
vt 0.382984 0.490096
vt 0.383377 0.475463
vt 0.383085 0.490088
vt 0.383478 0.475457
vt 0.380925 0.517831
vt 0.382114 0.504159
vt 0.381027 0.517822
vt 0.382215 0.504152
vt 0.381129 0.517809
vt 0.382317 0.504141
vt 0.400969 0.501830
vt 0.400869 0.501838
vt 0.400768 0.501849
vt 0.399848 0.514919
vt 0.399747 0.514928
vt 0.399646 0.514941
vt 0.398378 0.527877
vt 0.398277 0.527891
vt 0.398174 0.527910
vt 0.396556 0.541059
vt 0.396450 0.541089
vt 0.396343 0.541133
vt 0.375897 0.552157
vt 0.379108 0.532275
vt 0.376001 0.552129
vt 0.379210 0.532264
vt 0.376106 0.552084
vt 0.379314 0.532245
vt 0.392037 0.568763
vt 0.378721 0.592063
vt 0.391942 0.568752
vt 0.378706 0.591916
vt 0.391839 0.568728
vt 0.378722 0.591710
vt 0.391741 0.568694
vt 0.072228 0.379777
vt 0.394367 0.554761
vt 0.394252 0.554826
vt 0.394134 0.554922
vt 0.370884 0.580971
vt 0.370991 0.580906
vt 0.371102 0.580805
vt 0.380047 0.414760
vt 0.380147 0.414763
vt 0.380249 0.414770
vt 0.376535 0.393172
vt 0.376636 0.393192
vt 0.376739 0.393225
vt 0.399533 0.416585
vt 0.397763 0.401745
vt 0.399433 0.416582
vt 0.397660 0.401725
vt 0.399332 0.416575
vt 0.397556 0.401693
vt 0.379323 0.347586
vt 0.379311 0.347720
vt 0.379327 0.347901
vt 0.392612 0.370149
vt 0.392519 0.370174
vt 0.392429 0.370204
vt 0.370941 0.362227
vt 0.371044 0.362285
vt 0.371151 0.362373
vt 0.395418 0.386022
vt 0.395309 0.385970
vt 0.395198 0.385890
vt 0.362428 0.325836
vt 0.365701 0.326225
vt 0.139167 0.329663
vt 0.139305 0.330536
vt 0.359567 0.614357
vt 0.072176 0.388309
vt 0.362416 0.614689
vt 0.071328 0.388067
vt 0.093678 0.468834
vt 0.106320 0.426982
vt 0.230094 0.612526
vt 0.273131 0.601717
vt 0.298674 0.379643
vt 0.060351 0.436627
vt 0.069125 0.617273
vt 0.404328 0.326695
vt 0.423674 0.596648
vt 0.130602 0.329186
vt 0.094424 0.410118
vt 0.159059 0.354500
vt 0.094014 0.469024
vt 0.093792 0.468908
vt 0.273137 0.601569
vt 0.238124 0.488303
vt 0.238078 0.488314
vt 0.238111 0.488348
vt 0.112438 0.426827
vt 0.084268 0.399081
vt 0.149279 0.343139
vt 0.139419 0.331389
vt 0.170077 0.736130
vt 0.118414 0.369723
vt 0.030633 0.365681
vt 0.062803 0.328629
vt 0.150774 0.352777
vt 0.442765 0.578272
vt 0.119677 0.350018
vt 0.141053 0.341349
vt 0.398147 0.568664
vt 0.378776 0.592135
s 1
f 1232/1/1 1/2/2 201/3/3
f 1183/4/4 20/5/5 106/6/6
f 89/7/2 226/8/7 3/9/2
f 215/10/8 114/11/9 1193/12/10
f 4/13/2 1197/14/11 205/15/12
f 200/16/13 106/6/6 16/17/14
f 211/18/15 102/19/16 14/20/17
f 225/21/18 109/22/19 1188/23/20
f 3/9/2 1172/24/21 221/25/22
f 1187/26/23 4/13/2 88/27/2
f 1193/12/10 22/28/24 230/29/25
f 1203/30/26 19/31/27 236/32/28
f 1198/33/29 26/34/30 206/35/31
f 230/29/25 108/36/32 1208/37/33
f 1208/37/33 23/38/34 240/39/35
f 1218/40/36 18/41/37 246/42/38
f 90/43/39 235/44/40 1197/14/11
f 240/39/35 115/45/41 1223/46/42
f 1223/46/42 1335/47/43 252/48/44
f 268/49/45 113/50/46 1218/40/36
f 91/51/2 245/52/47 1202/53/48
f 1233/54/49 16/17/14 104/55/50
f 273/56/51 104/55/50 17/57/52
f 279/58/53 110/59/54 13/60/55
f 1/2/2 1177/61/56 89/7/2
f 1248/62/57 17/57/52 112/63/58
f 284/64/59 112/63/58 21/65/60
f 1243/66/61 1332/67/62 110/59/54
f 6/68/2 1227/69/63 93/70/2
f 106/6/6 327/71/64 1262/72/65
f 10/73/66 1278/74/67 97/75/66
f 24/76/68 1272/77/69 114/11/9
f 336/78/70 98/79/66 1288/80/71
f 104/55/50 307/81/72 1312/82/73
f 15/83/74 1257/84/75 332/85/76
f 15/83/74 1267/86/77 109/22/19
f 103/87/78 316/88/79 1257/84/75
f 116/89/80 327/71/64 20/5/5
f 117/90/81 311/91/82 26/34/30
f 19/31/27 1277/92/83 117/90/81
f 22/28/24 1287/93/84 108/36/32
f 1273/94/85 8/95/66 336/78/70
f 105/96/86 341/97/87 19/31/27
f 18/41/37 1282/98/88 105/96/86
f 23/38/34 1302/99/89 115/45/41
f 1288/80/71 11/100/90 346/101/91
f 113/50/46 351/102/92 18/41/37
f 25/103/93 1297/104/94 113/50/46
f 115/45/41 357/105/95 1335/47/43
f 306/106/96 96/107/66 7/108/97
f 14/20/17 1307/109/98 316/88/79
f 102/19/16 383/110/99 1307/109/98
f 112/63/58 379/111/100 1327/112/101
f 100/113/66 378/114/102 1313/115/103
f 13/60/55 1322/116/104 383/110/99
f 110/59/54 395/117/105 1322/116/104
f 21/65/60 1327/112/101 388/118/106
f 1178/119/107 14/20/17 103/87/78
f 1238/120/108 21/65/60 107/121/109
f 107/121/109 388/118/106 1317/122/110
f 7/108/97 1258/123/111 317/124/112
f 226/8/7 88/27/2 3/9/2
f 1188/23/20 24/76/68 215/10/8
f 109/22/19 322/125/113 24/76/68
f 96/107/66 331/126/114 1258/123/111
f 94/127/2 278/128/115 6/68/2
f 201/3/3 89/7/2 1182/129/116
f 16/17/14 1262/72/65 307/81/72
f 384/130/117 101/131/66 12/132/66
f 236/32/28 117/90/81 1198/33/29
f 1213/133/118 1336/134/119 111/135/120
f 111/135/120 356/136/121 1292/137/122
f 97/75/66 342/138/123 8/95/66
f 206/35/31 116/89/80 1173/139/124
f 225/21/18 103/87/78 15/83/74
f 1263/140/125 9/141/66 96/107/66
f 26/34/30 1252/142/126 116/89/80
f 1237/143/127 1242/144/128 94/127/2
f 283/145/129 94/127/2 1247/146/130
f 101/131/66 389/147/131 1328/148/132
f 1323/149/133 1318/150/134 101/131/66
f 5/151/135 1217/152/136 245/52/47
f 1192/153/137 2/154/2 90/43/39
f 114/11/9 337/155/138 22/28/24
f 11/100/90 1298/156/139 99/157/90
f 216/158/140 90/43/39 4/13/2
f 231/159/141 91/51/2 2/154/2
f 95/160/66 331/126/114 9/141/66
f 10/73/66 1268/161/142 95/160/66
f 1228/162/143 13/60/55 102/19/16
f 7/108/97 1313/115/103 306/106/96
f 1365/163/144 1455/164/145 410/165/146
f 1308/166/147 12/132/66 100/113/66
f 92/167/135 269/168/148 1217/152/136
f 1222/169/149 1212/170/150 92/167/135
f 1303/171/151 1293/172/152 358/173/153
f 99/157/90 373/174/154 1293/172/152
f 1238/175/108 1333/176/155 288/177/156
f 274/178/157 93/70/2 1232/1/1
f 17/57/52 1312/82/73 379/111/100
f 107/179/109 393/180/158 1333/176/155
f 246/42/38 105/96/86 1203/30/26
f 1247/146/130 6/68/2 274/178/157
f 12/132/66 1328/148/132 378/114/102
f 98/79/66 352/181/159 11/100/90
f 2/154/2 1202/53/48 235/44/40
f 1173/139/124 20/5/5 220/182/160
f 321/183/161 97/75/66 1273/94/85
f 8/95/66 1283/184/162 98/79/66
f 1213/133/118 25/185/93 268/186/45
f 1207/187/163 5/151/135 91/51/2
f 108/36/32 347/188/164 23/38/34
f 111/189/120 374/190/165 25/103/93
f 1182/129/116 3/9/2 221/25/22
f 88/27/2 205/15/12 1172/24/21
f 312/191/166 95/160/66 1253/192/167
f 1253/192/167 9/141/66 326/193/168
f 93/70/2 210/194/169 1/2/2
f 241/195/170 92/167/135 5/151/135
f 346/101/91 99/157/90 1303/171/151
f 317/124/112 100/113/66 7/108/97
f 456/196/171 130/197/172 34/198/173
f 504/199/174 136/200/175 1401/201/176
f 1491/202/177 1445/203/178 136/200/175
f 704/204/179 131/205/180 1441/206/181
f 480/207/182 127/208/183 1390/209/184
f 435/210/185 137/211/186 1365/163/144
f 138/212/187 666/213/188 1431/214/189
f 1441/206/181 1451/215/190 685/216/191
f 447/217/192 124/218/193 29/219/194
f 425/220/195 135/221/196 1464/222/197
f 1416/223/198 1421/224/199 615/225/200
f 135/221/196 632/226/201 1426/227/202
f 27/228/203 1358/229/204 124/218/193
f 31/230/205 1362/231/206 568/232/207
f 32/233/208 1362/231/206 127/208/183
f 437/234/209 134/235/210 1482/236/211
f 411/237/212 120/238/213 1371/239/214
f 33/240/215 1344/241/216 129/242/217
f 34/198/173 1349/243/218 531/244/219
f 412/245/220 122/246/221 1366/247/222
f 1376/248/223 1460/249/224 134/235/210
f 1357/250/225 1361/251/226 514/252/227
f 30/253/228 1343/254/229 550/255/230
f 456/196/171 128/256/231 1395/257/232
f 447/217/192 123/258/233 1370/259/234
f 27/228/203 1338/260/235 533/261/236
f 34/198/173 1339/262/237 128/256/231
f 1385/263/238 1485/264/239 466/265/240
f 1391/266/241 1465/267/242 119/268/243
f 35/269/244 1349/243/218 130/197/172
f 35/269/244 1344/241/216 570/270/245
f 481/271/246 119/268/243 1469/272/247
f 479/273/248 138/212/187 1385/263/238
f 28/274/249 1353/275/250 549/276/251
f 29/219/194 1353/275/250 123/258/233
f 427/277/252 125/278/253 1381/279/254
f 490/280/255 128/256/231 33/240/215
f 29/219/194 1358/229/204 513/281/256
f 1481/282/257 1411/283/258 137/211/186
f 1401/201/176 1472/284/259 491/285/260
f 1406/286/261 1477/287/262 139/288/263
f 1348/289/264 1357/250/225 532/290/265
f 28/274/249 1338/260/235 122/246/221
f 506/291/266 139/288/263 1490/292/267
f 1396/293/268 1473/294/269 118/295/270
f 30/253/228 1352/296/271 126/297/272
f 31/230/205 1343/254/229 125/278/253
f 464/298/273 135/221/196 1380/299/274
f 32/233/208 1352/296/271 515/300/275
f 569/301/276 121/302/277 1348/289/264
f 33/240/215 1339/262/237 551/303/278
f 136/200/175 703/304/279 1472/284/259
f 1490/292/267 1450/305/280 721/306/281
f 139/288/263 686/307/282 1450/305/280
f 120/238/213 600/308/283 1415/309/284
f 1482/236/211 1420/310/285 581/311/286
f 134/235/210 616/312/287 1420/310/285
f 1465/267/242 1435/313/288 119/268/243
f 1485/264/239 1431/214/189 633/314/289
f 119/268/243 667/315/290 1469/272/247
f 436/316/291 124/218/193 1375/317/292
f 445/318/293 120/238/213 1461/319/294
f 120/238/213 614/320/295 1461/319/294
f 137/211/186 598/321/296 1455/164/145
f 427/277/252 127/208/183 31/230/205
f 465/322/297 125/278/253 30/253/228
f 634/323/298 133/324/299 1425/325/300
f 1425/325/300 1436/326/301 651/327/302
f 490/280/255 129/242/217 1400/328/303
f 505/329/304 129/242/217 35/269/244
f 1451/215/190 1446/330/305 722/331/306
f 118/295/270 702/332/307 1440/333/308
f 412/245/220 123/258/233 28/274/249
f 436/316/291 122/246/221 27/228/203
f 1421/224/199 1410/334/309 582/335/310
f 599/336/311 132/337/312 1416/223/198
f 465/322/297 126/297/272 1386/338/313
f 480/207/182 126/297/272 32/233/208
f 1436/326/301 1430/339/314 668/340/315
f 135/221/196 650/341/316 1464/222/197
f 505/329/304 130/197/172 1405/342/317
f 454/343/318 118/295/270 1478/344/319
f 1478/344/319 1440/333/308 684/345/320
f 1554/346/321 36/347/322 738/348/323
f 1505/349/324 55/350/325 158/351/326
f 141/352/322 763/353/327 38/354/322
f 752/355/328 166/356/329 1515/357/330
f 39/358/322 1519/359/331 742/360/332
f 737/361/333 158/351/326 51/362/334
f 748/363/335 154/364/336 49/365/337
f 762/366/338 161/367/339 1510/368/340
f 38/354/322 1494/369/341 758/370/342
f 1509/371/343 39/358/322 140/372/322
f 1515/357/330 57/373/344 767/374/345
f 1525/375/346 54/376/347 773/377/348
f 1520/378/349 61/379/350 743/380/351
f 767/374/345 160/381/352 1530/382/353
f 1530/382/353 58/383/354 777/384/355
f 1540/385/356 53/386/357 783/387/358
f 142/388/322 772/389/359 1519/359/331
f 777/384/355 167/390/360 1545/391/361
f 1545/391/361 1657/392/362 789/393/363
f 804/394/364 165/395/365 1540/385/356
f 143/396/322 782/397/366 1524/398/367
f 1555/399/368 51/362/334 156/400/369
f 809/401/370 156/400/369 52/402/371
f 815/403/372 162/404/373 48/405/374
f 36/347/322 1499/406/375 141/352/322
f 1570/407/376 52/402/371 164/408/377
f 820/409/378 164/408/377 56/410/379
f 1565/411/380 1654/412/381 162/404/373
f 41/413/322 1549/414/382 145/415/322
f 158/351/326 862/416/383 1584/417/384
f 45/418/385 1600/419/386 149/420/385
f 59/421/387 1594/422/388 166/356/329
f 871/423/389 150/424/385 1610/425/390
f 156/400/369 842/426/391 1634/427/392
f 50/428/393 1579/429/394 867/430/395
f 50/428/393 1589/431/396 161/367/339
f 155/432/397 851/433/398 1579/429/394
f 168/434/399 862/416/383 55/350/325
f 169/435/400 846/436/401 61/379/350
f 54/376/347 1599/437/402 169/435/400
f 57/373/344 1609/438/403 160/381/352
f 1595/439/404 43/440/385 871/423/389
f 157/441/405 876/442/406 54/376/347
f 53/386/357 1604/443/407 157/441/405
f 58/383/354 1624/444/408 167/390/360
f 1610/425/390 46/445/409 881/446/410
f 165/395/365 886/447/411 53/386/357
f 60/448/412 1619/449/413 165/395/365
f 167/390/360 892/450/414 1657/392/362
f 841/451/415 148/452/385 42/453/385
f 49/365/337 1629/454/416 851/433/398
f 154/364/336 918/455/417 1629/454/416
f 164/408/377 914/456/418 1649/457/419
f 152/458/385 913/459/420 1635/460/421
f 48/405/374 1644/461/422 918/455/417
f 162/404/373 930/462/423 1644/461/422
f 56/410/379 1649/457/419 923/463/424
f 1500/464/425 49/365/337 155/432/397
f 1560/465/426 56/466/379 159/467/427
f 159/467/427 923/468/424 1639/469/428
f 42/453/385 1580/470/429 852/471/430
f 763/353/327 140/372/322 38/354/322
f 1510/368/340 59/421/387 752/355/328
f 161/367/339 857/472/431 59/421/387
f 148/452/385 866/473/432 1580/470/429
f 146/474/322 814/475/433 41/413/322
f 738/348/323 141/352/322 1504/476/434
f 51/362/334 1584/417/384 842/426/391
f 919/477/435 153/478/385 47/479/385
f 773/377/348 169/435/400 1520/378/349
f 1535/480/436 1658/481/437 163/482/438
f 163/482/438 891/483/439 1614/484/440
f 149/420/385 877/485/441 43/440/385
f 743/380/351 168/434/399 1495/486/442
f 762/366/338 155/432/397 50/428/393
f 1585/487/443 44/488/385 148/452/385
f 61/379/350 1574/489/444 168/434/399
f 1559/490/445 1564/491/446 146/474/322
f 819/492/447 146/474/322 1569/493/448
f 153/478/385 924/494/449 1650/495/450
f 1645/496/451 1640/497/452 153/478/385
f 40/498/453 1539/499/454 782/397/366
f 1514/500/455 37/501/322 142/388/322
f 166/356/329 872/502/456 57/373/344
f 46/445/409 1620/503/457 151/504/458
f 753/505/459 142/388/322 39/358/322
f 768/506/460 143/396/322 37/501/322
f 147/507/385 866/473/432 44/488/385
f 45/418/385 1590/508/461 147/507/385
f 1550/509/462 48/405/374 154/364/336
f 42/453/385 1635/460/421 841/451/415
f 1720/510/463 62/511/464 946/512/465
f 1630/513/466 47/479/385 152/458/385
f 144/514/467 805/515/468 1539/499/454
f 1544/516/469 1534/517/470 144/514/467
f 1625/518/471 1615/519/472 893/520/473
f 151/504/458 908/521/474 1615/519/472
f 1560/465/426 1655/522/475 824/523/476
f 810/524/477 145/415/322 1554/346/321
f 52/402/371 1634/427/392 914/456/418
f 159/467/427 928/525/478 1655/522/475
f 783/387/358 157/441/405 1525/375/346
f 1569/493/448 41/413/322 810/524/477
f 47/479/385 1650/495/450 913/459/420
f 150/424/385 887/526/479 46/445/409
f 37/501/322 1524/398/367 772/389/359
f 1495/486/442 55/350/325 757/527/480
f 856/528/481 149/420/385 1595/439/404
f 43/440/385 1605/529/482 150/424/385
f 1535/480/436 60/530/412 804/531/364
f 1529/532/483 40/498/453 143/396/322
f 160/381/352 882/533/484 58/383/354
f 163/534/438 909/535/485 60/448/412
f 1504/476/434 38/354/322 758/370/342
f 140/372/322 742/360/332 1494/369/341
f 847/536/486 147/507/385 1575/537/487
f 1575/537/487 44/488/385 861/538/488
f 145/415/322 747/539/489 36/347/322
f 778/540/490 144/514/467 40/498/453
f 881/446/410 151/504/458 1625/518/471
f 852/471/430 152/458/385 42/453/385
f 1671/541/491 81/542/492 188/543/493
f 171/544/464 971/545/494 64/546/464
f 960/547/495 196/548/496 1681/549/497
f 65/550/464 1685/551/498 950/552/499
f 945/553/500 188/543/493 77/554/501
f 956/555/502 184/556/503 75/557/504
f 970/558/505 191/559/506 1676/560/507
f 64/546/464 1660/561/508 966/562/509
f 1675/563/510 65/550/464 170/564/464
f 1681/549/497 83/565/511 975/566/512
f 1691/567/513 80/568/514 981/569/515
f 1686/570/516 87/571/517 951/572/518
f 975/566/512 190/573/519 1696/574/520
f 1696/574/520 84/575/521 985/576/522
f 1706/577/523 79/578/524 991/579/525
f 172/580/464 980/581/526 1685/551/498
f 985/576/522 197/582/527 1711/583/528
f 1711/583/528 1823/584/529 997/585/530
f 1012/586/531 195/587/532 1706/577/523
f 173/588/533 990/589/534 1690/590/535
f 1721/591/536 77/554/501 186/592/537
f 1017/593/538 186/592/537 78/594/539
f 1023/595/540 192/596/541 74/597/542
f 62/511/464 1665/598/543 171/544/464
f 1736/599/544 78/594/539 194/600/545
f 1028/601/546 194/600/545 82/602/547
f 1731/603/548 1820/604/549 192/596/541
f 67/605/464 1715/606/550 175/607/464
f 188/543/493 1071/608/551 1750/609/552
f 71/610/553 1766/611/554 179/612/553
f 85/613/555 1760/614/556 196/548/496
f 1080/615/557 180/616/558 1776/617/559
f 186/592/537 1051/618/560 1800/619/561
f 76/620/562 1745/621/563 1076/622/564
f 76/620/562 1755/623/565 191/559/506
f 185/624/566 1060/625/567 1745/621/563
f 198/626/568 1071/608/551 81/542/492
f 199/627/569 1055/628/570 87/571/517
f 80/568/514 1765/629/571 199/627/569
f 83/565/511 1775/630/572 190/573/519
f 1761/631/573 69/632/574 1080/615/557
f 187/633/575 1085/634/576 80/568/514
f 79/578/524 1770/635/577 187/633/575
f 84/575/521 1790/636/578 197/582/527
f 1776/617/559 72/637/579 1090/638/580
f 195/587/532 1095/639/581 79/578/524
f 86/640/582 1785/641/583 195/587/532
f 197/582/527 1101/642/584 1823/584/529
f 1050/643/585 178/644/553 68/645/553
f 75/557/504 1795/646/586 1060/625/567
f 184/556/503 1127/647/587 1795/646/586
f 194/600/545 1123/648/588 1815/649/589
f 182/650/553 1122/651/590 1801/652/591
f 74/597/542 1810/653/592 1127/647/587
f 192/596/541 1139/654/593 1810/653/592
f 82/602/547 1815/649/589 1132/655/594
f 1666/656/595 75/557/504 185/624/566
f 1726/657/596 82/602/547 189/658/597
f 189/658/597 1132/655/594 1805/659/598
f 68/645/553 1746/660/599 1061/661/600
f 971/545/494 170/564/464 64/546/464
f 1676/560/507 85/613/555 960/547/495
f 191/559/506 1066/662/601 85/613/555
f 178/644/553 1075/663/602 1746/660/599
f 176/664/464 1022/665/603 67/605/464
f 946/512/465 171/544/464 1670/666/604
f 77/554/501 1750/609/552 1051/618/560
f 1128/667/605 183/668/553 73/669/553
f 981/569/515 199/627/569 1686/570/516
f 1701/670/606 1824/671/607 193/672/608
f 193/672/608 1100/673/609 1780/674/610
f 179/612/553 1086/675/611 69/632/574
f 951/572/518 198/626/568 1661/676/612
f 970/558/505 185/624/566 76/620/562
f 1751/677/613 70/678/553 178/644/553
f 87/571/517 1740/679/614 198/626/568
f 1725/680/615 1730/681/616 176/664/464
f 1027/682/617 176/664/464 1735/683/618
f 183/668/553 1133/684/619 1816/685/620
f 1811/686/621 1806/687/622 183/668/553
f 66/688/623 1705/689/624 990/589/534
f 1680/690/625 63/691/626 172/580/464
f 196/548/496 1081/692/627 83/565/511
f 72/637/579 1786/693/628 181/694/629
f 961/695/630 172/580/464 65/550/464
f 976/696/631 173/588/533 63/691/626
f 177/697/553 1075/663/602 70/678/553
f 71/610/553 1756/698/632 177/697/553
f 1716/699/633 74/597/542 184/556/503
f 68/645/553 1801/652/591 1050/643/585
f 1796/700/634 73/669/553 182/650/553
f 174/701/635 1013/702/636 1705/689/624
f 1710/703/637 1700/704/638 174/701/635
f 1791/705/639 1781/706/640 1102/707/641
f 181/694/629 1117/708/642 1781/706/640
f 1726/709/596 1821/710/643 1032/711/644
f 1018/712/645 175/607/464 1720/510/463
f 78/594/539 1800/619/561 1123/648/588
f 189/713/597 1137/714/646 1821/710/643
f 991/579/525 187/633/575 1691/567/513
f 1735/683/618 67/605/464 1018/712/645
f 73/669/553 1816/685/620 1122/651/590
f 180/616/558 1096/715/647 72/637/579
f 63/691/626 1690/590/535 980/581/526
f 1661/676/612 81/542/492 965/716/648
f 1065/717/649 179/612/553 1761/631/573
f 69/632/574 1771/718/650 180/616/558
f 1701/670/606 86/719/582 1012/720/531
f 1695/721/651 66/688/623 173/588/533
f 190/573/519 1091/722/652 84/575/521
f 193/672/608 1118/723/653 86/719/582
f 1670/666/604 64/546/464 966/562/509
f 170/564/464 950/552/499 1660/561/508
f 1056/724/654 177/697/553 1741/725/655
f 1741/725/655 70/678/553 1070/726/656
f 175/607/464 955/727/657 62/511/464
f 986/728/658 174/701/635 66/688/623
f 1090/638/580 181/694/629 1791/705/639
f 1061/661/600 182/650/553 68/645/553
f 250/729/659 256/730/660 255/731/661
f 253/732/662 257/733/663 256/730/660
f 255/731/661 256/730/660 267/734/664
f 256/730/660 258/735/665 267/734/664
f 259/736/666 261/737/667 251/738/668
f 260/739/669 262/740/670 259/736/666
f 262/740/670 254/741/671 261/737/667
f 263/742/672 257/733/663 262/740/670
f 252/743/44 266/744/673 265/745/674
f 264/746/675 267/734/676 266/744/673
f 265/745/674 263/742/677 260/739/678
f 266/744/673 258/735/679 263/742/677
f 288/177/156 293/747/680 292/748/681
f 291/749/682 294/750/683 293/747/680
f 292/748/681 305/751/684 302/752/685
f 293/747/680 295/753/686 305/751/684
f 289/754/687 299/755/688 298/756/689
f 296/757/690 300/758/691 299/755/688
f 298/756/692 294/750/693 291/749/694
f 299/755/688 295/753/695 294/750/693
f 301/759/696 303/760/697 290/761/698
f 302/752/685 304/762/699 301/759/696
f 304/762/699 297/763/700 303/760/697
f 305/751/684 300/758/701 304/762/699
f 356/136/121 361/764/702 360/765/703
f 359/766/704 362/767/705 361/764/702
f 360/768/703 372/769/706 369/770/707
f 361/771/702 363/772/708 372/769/706
f 357/105/95 366/773/709 359/774/710
f 364/775/711 367/776/712 366/773/709
f 359/774/710 366/773/709 362/777/713
f 366/773/709 363/772/714 362/777/715
f 368/778/716 370/779/717 358/173/153
f 369/770/707 371/780/718 368/778/716
f 371/780/718 365/781/719 370/779/717
f 372/769/720 367/776/712 371/780/718
f 393/180/158 399/782/721 398/783/722
f 396/784/723 400/785/724 399/786/721
f 398/787/722 399/786/721 409/788/725
f 399/786/721 401/789/726 409/788/725
f 402/790/727 404/791/728 394/792/729
f 403/793/730 405/794/731 402/790/727
f 405/794/731 397/795/732 404/791/728
f 406/796/733 400/785/734 405/794/731
f 395/117/105 408/797/735 407/798/736
f 398/799/737 409/788/738 408/797/735
f 407/798/736 406/796/733 403/793/730
f 408/797/735 401/789/739 406/796/733
f 413/800/740 415/801/741 410/165/146
f 414/802/742 416/803/743 413/800/740
f 415/801/741 416/803/743 423/804/744
f 416/803/743 417/805/745 423/806/744
f 418/807/746 420/808/747 411/237/212
f 419/809/748 421/810/749 418/807/746
f 420/808/747 421/811/749 414/802/742
f 422/812/750 423/806/744 424/813/751
f 424/813/751 419/809/748 422/814/750
f 424/813/751 423/806/744 417/815/745
f 428/816/752 429/817/753 425/220/754
f 429/817/755 1171/818/756 432/819/757
f 426/820/758 430/821/759 431/822/760
f 434/823/761 1171/818/762 430/824/763
f 431/822/764 430/825/765 428/826/765
f 435/210/185 438/827/766 439/828/767
f 442/829/768 440/830/769 438/831/770
f 437/234/209 443/832/771 444/833/772
f 443/832/773 438/834/774 444/835/775
f 444/835/776 1827/836/777 442/837/778
f 445/318/293 448/838/779 449/839/780
f 449/840/781 450/841/782 1828/842/783
f 446/843/784 449/844/785 451/845/786
f 451/845/787 449/846/788 448/847/788
f 457/848/789 458/849/790 454/343/791
f 457/848/792 460/850/792 459/851/792
f 458/849/793 1170/852/794 462/853/795
f 455/854/796 459/855/797 460/856/798
f 459/857/799 463/858/800 1170/859/801
f 467/860/802 469/861/803 464/298/273
f 467/860/802 468/862/804 470/863/805
f 469/861/803 470/864/805 476/865/806
f 470/863/805 468/862/804 471/866/807
f 473/867/808 472/868/809 474/869/810
f 473/870/808 474/869/810 468/871/804
f 472/868/809 468/862/804 474/869/810
f 475/872/811 477/873/812 466/265/240
f 476/865/806 478/874/813 475/872/811
f 477/873/812 478/874/813 472/875/809
f 478/874/813 471/866/807 472/868/809
f 482/876/814 483/877/815 479/273/816
f 482/876/817 484/878/818 488/879/819
f 481/271/246 487/880/820 488/881/821
f 487/880/822 483/882/822 488/883/823
f 488/883/819 1829/884/824 486/885/825
f 488/886/819 484/887/818 1829/884/824
f 492/888/826 494/889/827 489/890/828
f 492/888/826 493/891/829 495/892/830
f 495/892/830 501/893/831 494/889/827
f 495/892/830 496/894/832 503/895/833
f 497/896/834 498/897/835 499/898/836
f 497/899/834 499/898/836 493/900/829
f 498/897/835 493/891/829 499/898/836
f 500/901/837 502/902/838 491/285/260
f 500/901/837 501/893/831 503/903/833
f 502/902/838 503/903/833 498/904/835
f 503/895/833 496/894/832 498/897/835
f 504/199/174 508/905/839 507/906/840
f 508/907/841 1826/908/841 509/909/841
f 506/291/266 512/910/842 508/911/843
f 512/910/844 507/912/845 508/913/844
f 508/913/846 1826/908/846 511/914/846
f 516/915/847 518/916/848 513/281/256
f 517/917/849 519/918/850 516/915/847
f 519/918/850 527/919/851 518/916/848
f 519/918/850 520/920/852 530/921/853
f 514/922/227 524/923/854 523/924/855
f 521/925/856 525/926/857 524/923/854
f 523/924/855 520/920/858 517/917/849
f 524/923/859 530/927/860 520/920/861
f 526/928/862 528/929/863 515/300/275
f 527/919/851 529/930/864 526/928/862
f 529/930/864 522/931/865 528/929/863
f 529/930/864 530/927/866 525/926/867
f 534/932/868 536/933/869 531/244/219
f 535/934/870 537/935/871 534/932/868
f 537/935/871 545/936/872 536/933/869
f 537/935/871 538/937/873 548/938/874
f 532/939/265 542/940/875 541/941/876
f 539/942/877 543/943/878 542/940/875
f 541/941/876 538/937/879 535/934/870
f 542/940/880 548/944/881 538/937/882
f 544/945/883 546/946/884 533/261/236
f 545/936/872 547/947/885 544/945/883
f 547/947/885 540/948/886 546/946/884
f 547/947/885 548/944/887 543/943/888
f 552/949/889 554/950/890 549/276/251
f 553/951/891 555/952/892 552/949/889
f 555/952/892 564/953/893 554/950/890
f 555/952/892 557/954/894 567/955/895
f 558/956/896 560/957/897 550/255/230
f 559/958/898 561/959/899 558/956/896
f 561/959/899 553/951/891 560/957/897
f 561/959/899 557/954/894 556/960/900
f 563/961/901 565/962/902 551/303/278
f 564/953/893 566/963/903 563/961/901
f 566/963/903 559/958/898 565/962/902
f 566/963/903 557/954/894 562/964/904
f 580/965/905 585/966/906 584/967/907
f 583/968/908 586/969/909 585/966/906
f 584/967/907 597/970/910 594/971/911
f 585/966/906 587/972/912 597/970/910
f 581/311/286 591/973/913 590/974/914
f 588/975/915 592/976/916 591/973/913
f 590/974/917 586/969/918 583/968/919
f 591/973/913 587/972/920 586/969/921
f 593/977/922 595/978/923 582/979/310
f 594/971/911 596/980/924 593/977/922
f 596/980/924 589/981/925 595/978/923
f 597/970/926 592/976/927 596/980/924
f 601/982/928 603/983/929 598/321/296
f 602/984/930 604/985/931 601/982/928
f 604/985/931 611/986/932 603/983/929
f 606/987/933 608/988/934 599/989/311
f 607/990/935 609/991/936 606/987/933
f 609/991/936 602/984/930 608/988/934
f 610/992/937 612/993/938 600/308/283
f 611/986/932 613/994/939 610/992/937
f 613/994/939 607/990/935 612/993/938
f 614/320/295 620/995/940 619/996/941
f 617/997/942 621/998/943 620/995/940
f 619/996/941 620/995/940 631/999/944
f 620/995/940 622/1000/945 631/999/944
f 623/1001/946 625/1002/947 615/1003/200
f 624/1004/948 626/1005/949 623/1001/946
f 626/1005/949 618/1006/950 625/1002/947
f 627/1007/951 621/998/943 626/1005/949
f 616/312/287 630/1008/952 629/1009/953
f 628/1010/954 631/999/955 630/1008/952
f 629/1009/953 627/1007/951 624/1004/948
f 630/1008/952 622/1000/945 627/1007/951
f 635/1011/956 637/1012/957 632/226/201
f 636/1013/958 638/1014/959 635/1011/956
f 638/1014/959 646/1015/960 637/1012/957
f 638/1014/959 639/1016/961 649/1017/962
f 640/1018/963 642/1019/964 633/314/289
f 641/1020/965 643/1021/966 640/1018/963
f 643/1021/966 636/1013/958 642/1019/964
f 643/1021/966 644/1022/967 639/1023/961
f 645/1024/968 647/1025/969 634/1026/298
f 646/1015/960 648/1027/970 645/1024/968
f 648/1027/970 641/1020/965 647/1025/969
f 649/1017/962 644/1022/967 648/1027/970
f 650/341/316 665/1028/971 655/1029/972
f 653/1030/973 656/1031/974 665/1028/971
f 655/1029/972 665/1032/971 663/1033/975
f 665/1028/976 656/1031/976 657/1034/977
f 658/1035/978 660/1036/979 651/1037/302
f 659/1038/980 661/1039/981 658/1035/978
f 661/1039/982 654/1040/983 660/1041/979
f 652/1042/984 665/1043/985 664/1044/986
f 662/1045/987 663/1033/988 665/1043/985
f 664/1044/986 656/1046/989 659/1038/980
f 666/213/188 671/1047/990 670/1048/991
f 669/1049/992 672/1050/993 671/1047/990
f 670/1048/991 683/1051/994 680/1052/995
f 671/1047/990 673/1053/996 683/1051/994
f 667/315/290 677/1054/997 676/1055/998
f 674/1056/999 678/1057/1000 677/1054/997
f 676/1055/998 677/1054/997 672/1050/1001
f 677/1054/997 673/1053/996 672/1050/1001
f 679/1058/1002 681/1059/1003 668/1060/315
f 680/1052/995 682/1061/1004 679/1058/1002
f 682/1061/1004 675/1062/1005 681/1059/1003
f 683/1051/994 678/1057/1000 682/1061/1004
f 684/345/320 690/1063/1006 689/1064/1007
f 687/1065/1008 691/1066/1009 690/1063/1006
f 689/1064/1010 701/1067/1011 698/1068/1012
f 690/1063/1006 692/1069/1013 701/1067/1011
f 693/1070/1014 695/1071/1015 685/1072/191
f 694/1073/1016 696/1074/1017 693/1070/1014
f 696/1074/1017 688/1075/1018 695/1071/1015
f 697/1076/1019 691/1066/1009 696/1074/1017
f 686/307/282 700/1077/1020 699/1078/1021
f 698/1068/1022 701/1067/1023 700/1077/1020
f 699/1078/1021 697/1076/1024 694/1073/1016
f 700/1077/1020 692/1069/1025 697/1076/1024
f 705/1079/1026 707/1080/1027 702/332/307
f 706/1081/1028 708/1082/1029 705/1079/1026
f 708/1082/1029 716/1083/1030 707/1080/1027
f 708/1082/1029 709/1084/1031 719/1085/1032
f 710/1086/1033 712/1087/1034 703/304/279
f 711/1088/1035 713/1089/1036 710/1086/1033
f 713/1089/1036 706/1081/1028 712/1087/1034
f 713/1089/1036 714/1090/1037 709/1091/1031
f 715/1092/1038 717/1093/1039 704/1094/179
f 716/1083/1030 718/1095/1040 715/1092/1038
f 718/1095/1040 711/1088/1035 717/1093/1039
f 719/1085/1032 714/1090/1037 718/1095/1040
f 720/1096/1041 725/1097/1042 724/1098/1043
f 723/1099/1044 726/1100/1045 725/1097/1042
f 724/1098/1043 736/1101/1046 733/1102/1047
f 725/1097/1042 727/1103/1048 736/1101/1046
f 721/306/281 730/1104/1049 723/1105/1050
f 728/1106/1051 731/1107/1052 730/1104/1049
f 723/1105/1050 730/1104/1049 726/1100/1053
f 730/1104/1049 727/1103/1048 726/1100/1053
f 732/1108/1054 734/1109/1055 722/1110/306
f 733/1102/1047 735/1111/1056 732/1108/1054
f 735/1111/1056 729/1112/1057 734/1109/1055
f 736/1101/1046 731/1107/1052 735/1111/1056
f 787/1113/1058 792/1114/1059 800/1115/1060
f 790/1116/1061 793/1117/1062 792/1114/1059
f 800/1115/1060 792/1114/1059 803/1118/1063
f 792/1114/1059 794/1119/1064 803/1118/1063
f 795/1120/1065 797/1121/1066 788/1122/1067
f 796/1123/1068 798/1124/1069 795/1120/1065
f 798/1124/1069 791/1125/1070 797/1121/1066
f 799/1126/1071 793/1117/1062 798/1124/1069
f 789/1127/363 802/1128/1072 801/1129/1073
f 800/1130/1074 803/1118/1075 802/1128/1072
f 801/1129/1073 799/1126/1076 796/1123/1077
f 802/1128/1072 794/1119/1078 799/1126/1076
f 824/523/476 829/1131/1079 828/1132/1080
f 827/1133/1081 830/1134/1082 829/1131/1079
f 828/1132/1080 840/1135/1083 837/1136/1084
f 829/1131/1079 831/1137/1085 840/1135/1083
f 825/1138/1086 834/1139/1087 827/1140/1088
f 832/1141/1089 835/1142/1090 834/1139/1087
f 827/1140/1088 834/1139/1087 830/1134/1091
f 834/1139/1087 831/1137/1092 830/1134/1093
f 836/1143/1094 838/1144/1095 826/1145/1096
f 837/1136/1084 839/1146/1097 836/1143/1094
f 839/1146/1097 833/1147/1098 838/1144/1095
f 840/1135/1083 835/1142/1099 839/1146/1097
f 891/483/439 896/1148/1100 895/1149/1101
f 894/1150/1102 897/1151/1103 896/1148/1100
f 895/1152/1101 907/1153/1104 904/1154/1105
f 896/1155/1100 898/1156/1106 907/1153/1104
f 892/450/414 901/1157/1107 894/1158/1108
f 899/1159/1109 902/1160/1110 901/1157/1107
f 894/1158/1108 901/1157/1107 897/1161/1111
f 901/1157/1107 898/1156/1112 897/1161/1111
f 903/1162/1113 905/1163/1114 893/520/473
f 904/1154/1105 906/1164/1115 903/1162/1113
f 906/1164/1115 900/1165/1116 905/1163/1114
f 907/1153/1117 902/1160/1110 906/1164/1115
f 928/525/478 933/1166/1118 941/1167/1119
f 931/1168/1120 934/1169/1121 933/1170/1118
f 941/1171/1119 933/1170/1118 944/1172/1122
f 933/1170/1118 935/1173/1123 944/1172/1124
f 936/1174/1125 938/1175/1126 929/1176/1127
f 937/1177/1128 939/1178/1129 936/1174/1125
f 939/1178/1129 932/1179/1130 938/1175/1126
f 940/1180/1131 934/1169/1132 939/1178/1129
f 930/462/423 943/1181/1133 942/1182/1134
f 941/1183/1135 944/1172/1136 943/1181/1133
f 942/1182/1134 940/1180/1131 937/1177/1128
f 943/1181/1133 935/1173/1137 940/1180/1131
f 995/1184/1138 1001/1185/1139 1000/1186/1140
f 998/1187/1141 1002/1188/1142 1001/1185/1139
f 1000/1186/1140 1001/1185/1139 1011/1189/1143
f 1001/1185/1139 1003/1190/1144 1011/1189/1143
f 1004/1191/1145 1006/1192/1146 996/1193/1147
f 1005/1194/1148 1007/1195/1149 1004/1196/1145
f 1007/1197/1149 999/1198/1150 1006/1192/1146
f 1008/1199/1151 1002/1200/1142 1007/1195/1149
f 997/585/1152 1010/1201/1153 1009/1202/1154
f 1000/1203/1155 1011/1204/1156 1010/1201/1157
f 1009/1202/1154 1008/1199/1158 1005/1194/1159
f 1010/1201/1153 1003/1205/1160 1008/1199/1158
f 1032/711/644 1037/1206/1161 1036/1207/1162
f 1035/1208/1163 1038/1209/1164 1037/1206/1161
f 1036/1207/1162 1049/1210/1165 1046/1211/1166
f 1037/1206/1161 1039/1212/1167 1049/1210/1165
f 1033/1213/1168 1043/1214/1169 1042/1215/1170
f 1040/1216/1171 1044/1217/1172 1043/1214/1169
f 1042/1215/1173 1038/1218/1174 1035/1219/1175
f 1043/1214/1169 1039/1220/1176 1038/1218/1174
f 1045/1221/1177 1047/1222/1178 1034/1223/1179
f 1046/1211/1166 1048/1224/1180 1045/1221/1177
f 1048/1225/1180 1041/1226/1181 1047/1227/1178
f 1049/1210/1165 1044/1228/1182 1048/1224/1180
f 1100/673/609 1105/1229/1183 1104/1230/1184
f 1103/1231/1185 1106/1232/1186 1105/1233/1183
f 1104/1234/1184 1116/1235/1187 1113/1236/1188
f 1105/1233/1183 1107/1237/1189 1116/1235/1187
f 1101/642/584 1110/1238/1190 1103/1239/1191
f 1108/1240/1192 1111/1241/1193 1110/1238/1190
f 1103/1239/1191 1110/1238/1190 1106/1232/1194
f 1110/1238/1190 1107/1237/1195 1106/1232/1194
f 1112/1242/1196 1114/1243/1197 1102/707/641
f 1113/1236/1188 1115/1244/1198 1112/1242/1196
f 1115/1244/1198 1109/1245/1199 1114/1243/1197
f 1116/1235/1200 1111/1241/1193 1115/1244/1198
f 1137/1246/646 1142/1247/1201 1150/1248/1202
f 1140/1249/1203 1143/1250/1204 1142/1247/1201
f 1150/1248/1202 1142/1247/1201 1153/1251/1205
f 1142/1247/1201 1144/1252/1206 1153/1251/1207
f 1145/1253/1208 1147/1254/1209 1138/1255/1210
f 1146/1256/1211 1148/1257/1212 1145/1253/1208
f 1148/1257/1212 1141/1258/1213 1147/1254/1209
f 1149/1259/1214 1143/1250/1215 1148/1257/1212
f 1139/654/593 1152/1260/1216 1151/1261/1217
f 1150/1262/1218 1153/1251/1219 1152/1260/1216
f 1151/1261/1217 1149/1259/1214 1146/1256/1211
f 1152/1260/1216 1144/1252/1220 1149/1259/1214
f 1156/1263/1221 1158/1264/1222 1155/1265/1223
f 1158/1264/1222 1167/1266/1224 1157/1267/1225
f 1158/1264/1222 1159/1268/1226 1160/1269/1227
f 1154/1270/1228 1164/1271/1229 1163/1272/1230
f 1161/1273/1231 1165/1274/1232 1164/1271/1229
f 1163/1272/1230 1159/1275/1233 1156/1276/1234
f 1164/1271/1229 1160/1277/1235 1159/1275/1233
f 1167/1266/1224 1169/1278/1236 1166/1279/1237
f 1169/1278/1236 1162/1280/1238 1168/1281/1239
f 1169/1278/1236 1160/1282/1227 1165/1283/1240
f 221/25/22 1174/1284/1241 224/1285/1242
f 224/1285/1242 1175/1286/1243 223/1287/1244
f 223/1288/1245 1176/1289/1246 222/1290/1247
f 1176/1289/1246 220/182/160 222/1290/1247
f 1172/24/21 207/1291/1248 1174/1284/1241
f 1174/1284/1241 208/1292/1249 1175/1286/1243
f 1175/1293/1250 209/1294/1251 1176/1289/1246
f 209/1294/1251 1173/139/124 1176/1289/1246
f 1177/61/56 229/1295/1252 226/8/7
f 1179/1296/1253 228/1297/1254 229/1295/1252
f 1180/1298/1255 227/1299/1256 228/1297/1257
f 227/1299/1256 1178/1300/107 225/1301/18
f 210/194/169 1179/1296/1253 1177/61/56
f 212/1302/1258 1180/1298/1259 1179/1296/1253
f 213/1303/1260 1181/1304/1261 1180/1298/1255
f 1181/1304/1261 211/1305/15 1178/1300/107
f 1182/129/116 204/1306/1262 201/3/3
f 1184/1307/1263 203/1308/1264 204/1306/1262
f 1185/1309/1265 202/1310/1266 203/1308/1267
f 202/1311/1266 1183/4/4 200/16/13
f 221/25/22 1184/1307/1263 1182/129/116
f 224/1285/1242 1185/1309/1268 1184/1307/1263
f 223/1287/1245 1186/1312/1269 1185/1309/1265
f 1186/1313/1269 220/182/160 1183/4/4
f 216/158/140 1189/1314/1270 219/1315/1271
f 219/1315/1271 1190/1316/1272 218/1317/1273
f 218/1317/1274 1191/1318/1275 217/1319/1276
f 1191/1318/1275 215/1320/8 217/1319/1276
f 1187/26/23 229/1295/1252 1189/1314/1270
f 1189/1314/1270 228/1297/1254 1190/1316/1272
f 1190/1316/1277 227/1299/1256 1191/1318/1275
f 227/1299/1256 1188/1321/20 1191/1318/1275
f 231/159/141 1194/1322/1278 234/1323/1279
f 234/1323/1279 1195/1324/1280 233/1325/1281
f 233/1325/1282 1196/1326/1283 232/1327/1284
f 1196/1326/1283 230/1328/25 232/1327/1284
f 1192/153/137 219/1315/1271 1194/1322/1278
f 1194/1322/1278 218/1317/1273 1195/1324/1280
f 1195/1324/1285 217/1319/1276 1196/1326/1283
f 217/1319/1276 1193/1329/10 1196/1326/1283
f 205/15/12 1199/1330/1286 207/1291/1248
f 207/1291/1248 1200/1331/1287 208/1292/1249
f 208/1332/1288 1201/1333/1289 209/1294/1251
f 1201/1333/1289 206/35/31 209/1294/1251
f 1197/14/11 237/1334/1290 1199/1330/1286
f 1199/1330/1286 238/1335/1291 1200/1331/1287
f 1200/1336/1292 239/1337/1293 1201/1333/1289
f 239/1337/1293 1198/33/29 1201/1333/1289
f 235/44/40 1204/1338/1294 237/1334/1290
f 237/1334/1290 1205/1339/1295 238/1335/1291
f 238/1340/1296 1206/1341/1297 239/1337/1293
f 1206/1341/1297 236/32/28 239/1337/1293
f 1202/53/48 247/1342/1298 1204/1338/1294
f 1204/1338/1294 248/1343/1299 1205/1339/1295
f 1205/1344/1300 249/1345/1301 1206/1341/1297
f 249/1345/1301 1203/30/26 1206/1341/1297
f 241/195/170 1209/1346/1302 244/1347/1303
f 244/1347/1303 1210/1348/1304 243/1349/1305
f 243/1349/1306 1211/1350/1307 242/1351/1308
f 1211/1350/1307 240/1352/35 242/1351/1308
f 1207/187/163 234/1323/1279 1209/1346/1302
f 1209/1346/1302 233/1325/1281 1210/1348/1304
f 1210/1348/1309 232/1327/1284 1211/1350/1307
f 232/1327/1284 1208/1353/33 1211/1350/1307
f 1212/170/150 272/1354/1310 269/168/148
f 1214/1355/1311 271/1356/1312 272/1354/1310
f 1215/1357/1313 270/1358/1314 271/1356/1312
f 1216/1359/1315 268/186/45 270/1358/1314
f 251/738/668 1214/1355/1311 1212/170/150
f 261/737/667 1215/1357/1313 1214/1355/1311
f 254/741/671 1216/1359/1315 1215/1357/1313
f 253/732/662 1213/133/118 1216/1359/1315
f 245/52/47 1219/1360/1316 247/1342/1298
f 247/1342/1298 1220/1361/1317 248/1343/1299
f 248/1362/1318 1221/1363/1319 249/1345/1301
f 249/1345/1301 1218/40/36 246/42/38
f 1217/152/136 272/1354/1310 1219/1360/1316
f 1219/1360/1320 271/1356/1312 1220/1361/1317
f 1220/1364/1321 270/1365/1314 1221/1363/1319
f 270/1365/1314 1218/40/36 1221/1363/1319
f 251/738/668 1224/1366/1322 259/736/666
f 259/736/666 1225/1367/1323 260/739/669
f 260/739/678 1226/1368/1324 265/745/674
f 265/745/674 1223/1369/42 252/743/44
f 1222/169/149 244/1347/1303 1224/1366/1322
f 1224/1366/1322 243/1349/1305 1225/1367/1323
f 1225/1367/1325 242/1351/1308 1226/1368/1324
f 1226/1368/1324 240/1352/35 1223/1369/42
f 1227/69/63 212/1302/1258 210/194/169
f 1229/1370/1326 213/1303/1327 212/1302/1258
f 1230/1371/1328 214/1372/1329 213/1303/1260
f 214/1372/1329 1228/1373/143 211/1305/15
f 278/128/115 1229/1370/1326 1227/69/63
f 280/1374/1330 1230/1371/1331 1229/1370/1326
f 281/1375/1332 1231/1376/1333 1230/1371/1328
f 1231/1376/1333 279/1377/53 1228/1373/143
f 1232/1/1 277/1378/1334 274/178/157
f 1234/1379/1335 276/1380/1336 277/1378/1334
f 1235/1381/1337 275/1382/1338 276/1380/1339
f 275/1383/1338 1233/54/49 273/56/51
f 201/3/3 1234/1379/1335 1232/1/1
f 204/1306/1262 1235/1381/1340 1234/1379/1335
f 203/1308/1267 1236/1384/1341 1235/1381/1337
f 1236/1385/1341 200/16/13 1233/54/49
f 290/761/698 1239/1386/1342 301/759/696
f 301/759/696 1240/1387/1343 302/752/685
f 302/752/685 1241/1388/1344 292/748/681
f 292/748/681 1238/175/108 288/177/156
f 1237/143/127 285/1389/1345 1239/1386/1342
f 1239/1386/1342 286/1390/1346 1240/1387/1343
f 1240/1387/1343 287/1391/1347 1241/1388/1344
f 1241/1388/1344 284/1392/59 1238/175/108
f 1242/144/128 280/1374/1330 278/128/115
f 1244/1393/1348 281/1375/1349 280/1374/1330
f 1245/1394/1350 282/1395/1351 281/1375/1332
f 1246/1396/1352 279/1377/53 282/1395/1351
f 290/761/698 1244/1393/1348 1242/144/128
f 303/760/697 1245/1394/1353 1244/1393/1348
f 297/763/1354 1246/1396/1352 1245/1394/1350
f 296/757/690 1243/1397/61 1246/1396/1352
f 1247/146/130 285/1389/1345 283/145/129
f 1249/1398/1355 286/1390/1346 285/1389/1345
f 1250/1399/1356 287/1391/1347 286/1390/1346
f 287/1400/1347 1248/62/57 284/64/59
f 274/178/157 1249/1398/1355 1247/146/130
f 277/1378/1334 1250/1399/1357 1249/1398/1355
f 276/1380/1339 1251/1401/1358 1250/1399/1356
f 275/1383/1338 1248/62/57 1251/1402/1358
f 1252/142/126 330/1403/1359 327/71/64
f 1254/1404/1360 329/1405/1361 330/1403/1359
f 1255/1406/1362 328/1407/1363 329/1405/1361
f 1256/1408/1364 326/193/168 328/1407/1363
f 311/91/82 1254/1404/1360 1252/142/126
f 313/1409/1365 1255/1406/1362 1254/1404/1360
f 314/1410/1366 1256/1408/1364 1255/1406/1362
f 315/1411/1367 1253/192/167 1256/1408/1364
f 332/85/76 1259/1412/1368 335/1413/1369
f 335/1413/1369 1260/1414/1370 334/1415/1371
f 334/1415/1371 1261/1416/1372 333/1417/1373
f 333/1417/1373 1258/123/111 331/126/114
f 1257/84/75 318/1418/1374 1259/1412/1368
f 1259/1412/1368 319/1419/1375 1260/1414/1370
f 1260/1414/1370 320/1420/1376 1261/1416/1372
f 1261/1416/1372 317/124/112 1258/123/111
f 307/81/72 1264/1421/1377 310/1422/1378
f 310/1422/1378 1265/1423/1379 309/1424/1380
f 309/1424/1380 1266/1425/1381 308/1426/1382
f 308/1426/1382 1263/140/125 306/106/96
f 1262/72/65 330/1403/1359 1264/1421/1377
f 1264/1421/1377 329/1405/1361 1265/1423/1379
f 1265/1423/1379 328/1407/1363 1266/1425/1381
f 1266/1425/1381 326/193/168 1263/140/125
f 1267/86/77 325/1427/1383 322/125/113
f 1269/1428/1384 324/1429/1385 325/1427/1383
f 1270/1430/1386 323/1431/1387 324/1429/1385
f 1271/1432/1388 321/183/161 323/1431/1387
f 332/85/76 1269/1428/1384 1267/86/77
f 335/1413/1369 1270/1430/1386 1269/1428/1384
f 334/1415/1371 1271/1432/1388 1270/1430/1386
f 333/1417/1373 1268/161/142 1271/1432/1388
f 1272/77/69 340/1433/1389 337/155/138
f 1274/1434/1390 339/1435/1391 340/1433/1389
f 1275/1436/1392 338/1437/1393 339/1435/1391
f 1276/1438/1394 336/78/70 338/1437/1393
f 322/125/113 1274/1434/1390 1272/77/69
f 325/1427/1383 1275/1436/1392 1274/1434/1390
f 324/1429/1385 1276/1438/1394 1275/1436/1392
f 323/1431/1387 1273/94/85 1276/1438/1394
f 1277/92/83 313/1409/1365 311/91/82
f 1279/1439/1395 314/1410/1366 313/1409/1365
f 1280/1440/1396 315/1411/1367 314/1410/1366
f 1281/1441/1397 312/191/166 315/1411/1367
f 341/97/87 1279/1439/1395 1277/92/83
f 343/1442/1398 1280/1440/1396 1279/1439/1395
f 344/1443/1399 1281/1441/1397 1280/1440/1396
f 345/1444/1400 1278/74/67 1281/1441/1397
f 1282/98/88 343/1442/1398 341/97/87
f 1284/1445/1401 344/1443/1399 343/1442/1398
f 1285/1446/1402 345/1444/1400 344/1443/1399
f 1286/1447/1403 342/138/123 345/1444/1400
f 351/102/92 1284/1445/1401 1282/98/88
f 353/1448/1404 1285/1446/1402 1284/1445/1401
f 354/1449/1405 1286/1447/1403 1285/1446/1402
f 355/1450/1406 1283/184/162 1286/1447/1403
f 1287/93/84 350/1451/1407 347/188/164
f 1289/1452/1408 349/1453/1409 350/1451/1407
f 1290/1454/1410 348/1455/1411 349/1453/1409
f 1291/1456/1412 346/101/91 348/1455/1411
f 337/155/138 1289/1452/1408 1287/93/84
f 340/1433/1389 1290/1454/1410 1289/1452/1408
f 339/1435/1391 1291/1456/1412 1290/1454/1410
f 338/1437/1393 1288/80/71 1291/1456/1412
f 374/190/165 1294/1457/1413 377/1458/1414
f 377/1458/1414 1295/1459/1415 376/1460/1416
f 376/1460/1416 1296/1461/1417 375/1462/1418
f 375/1462/1418 1293/172/152 373/174/154
f 1292/1463/122 360/768/703 1294/1457/1413
f 1294/1457/1413 369/770/707 1295/1459/1415
f 1295/1459/1415 368/778/716 1296/1461/1417
f 1296/1461/1417 358/173/153 1293/172/152
f 1297/104/94 353/1448/1404 351/102/92
f 1299/1464/1419 354/1449/1405 353/1448/1404
f 1300/1465/1420 355/1450/1406 354/1449/1405
f 1301/1466/1421 352/181/159 355/1450/1406
f 374/190/165 1299/1464/1419 1297/104/94
f 377/1458/1414 1300/1465/1420 1299/1464/1419
f 376/1460/1416 1301/1466/1421 1300/1465/1420
f 375/1462/1418 1298/156/139 1301/1466/1421
f 1302/99/89 364/775/711 357/105/95
f 1304/1467/1422 365/781/719 364/775/711
f 1305/1468/1423 370/779/717 365/781/719
f 1306/1469/1424 358/173/153 370/779/717
f 347/188/164 1304/1467/1422 1302/99/89
f 350/1451/1407 1305/1468/1423 1304/1467/1422
f 349/1453/1409 1306/1469/1424 1305/1468/1423
f 348/1455/1411 1303/171/151 1306/1469/1424
f 316/88/79 1309/1470/1425 318/1418/1374
f 318/1418/1374 1310/1471/1426 319/1419/1375
f 319/1419/1375 1311/1472/1427 320/1420/1376
f 320/1420/1376 1308/166/147 317/124/112
f 1307/109/98 385/1473/1428 1309/1470/1425
f 1309/1470/1425 386/1474/1429 1310/1471/1426
f 1310/1471/1426 387/1475/1430 1311/1472/1427
f 1311/1472/1427 384/130/117 1308/166/147
f 379/111/100 1314/1476/1431 382/1477/1432
f 382/1477/1432 1315/1478/1433 381/1479/1434
f 381/1479/1434 1316/1480/1435 380/1481/1436
f 380/1481/1436 1313/115/103 378/114/102
f 1312/82/73 310/1422/1378 1314/1476/1431
f 1314/1476/1431 309/1424/1380 1315/1478/1433
f 1315/1478/1433 308/1426/1382 1316/1480/1435
f 1316/1480/1435 306/106/96 1313/115/103
f 1317/1482/110 396/1483/723 393/180/158
f 1319/1484/1437 397/795/732 396/784/723
f 1320/1485/1438 404/791/728 397/795/732
f 1321/1486/1439 394/792/729 404/791/728
f 388/118/106 1319/1484/1437 1317/122/110
f 390/1487/1440 1320/1485/1438 1319/1484/1437
f 391/1488/1441 1321/1486/1439 1320/1485/1438
f 392/1489/1442 1318/150/134 1321/1486/1439
f 383/110/99 1324/1490/1443 385/1473/1428
f 385/1473/1428 1325/1491/1444 386/1474/1429
f 386/1474/1429 1326/1492/1445 387/1475/1430
f 387/1475/1430 1323/149/133 384/130/117
f 1322/116/104 407/798/736 1324/1490/1443
f 1324/1490/1443 403/793/730 1325/1491/1444
f 1325/1491/1444 402/790/727 1326/1492/1445
f 1326/1492/1445 394/792/729 1323/149/133
f 388/118/106 1329/1493/1446 390/1487/1440
f 390/1487/1440 1330/1494/1447 391/1488/1441
f 391/1488/1441 1331/1495/1448 392/1489/1442
f 392/1489/1442 1328/148/132 389/147/131
f 1327/112/101 382/1477/1432 1329/1493/1446
f 1329/1493/1446 381/1479/1434 1330/1494/1447
f 1330/1494/1447 380/1481/1436 1331/1495/1448
f 1331/1495/1448 378/114/102 1328/148/132
f 395/117/105 1334/1496/1449 398/1497/737
f 398/783/722 1333/176/155 393/180/158
f 1332/67/62 298/1498/1450 1334/1496/1449
f 1334/1496/1451 298/1498/1452 291/1499/1451
f 1334/1500/1453 288/177/156 1333/176/155
f 1335/47/43 264/1501/1454 252/48/44
f 264/1501/1455 1337/1502/1456 255/1503/1457
f 1337/1504/1458 250/729/659 255/731/661
f 357/105/95 1337/1505/1459 1335/47/43
f 359/1506/704 1336/134/119 1337/1504/1458
f 533/261/236 1340/1507/1460 544/945/883
f 544/945/883 1341/1508/1461 545/936/872
f 1341/1508/1461 536/933/869 545/936/872
f 1342/1509/1462 531/244/219 536/933/869
f 1338/260/235 554/950/890 1340/1507/1460
f 1340/1507/1460 564/953/893 1341/1508/1461
f 564/953/893 1342/1509/1462 1341/1508/1461
f 563/961/901 1339/262/237 1342/1509/1462
f 1343/254/229 558/956/896 550/255/230
f 1345/1510/1463 559/958/898 558/956/896
f 559/958/898 1347/1511/1464 565/962/902
f 565/962/902 1344/241/216 551/303/278
f 568/232/207 1345/1510/1463 1343/254/229
f 573/1512/1465 1346/1513/1466 1345/1510/1463
f 1346/1513/1466 577/1514/1467 1347/1511/1464
f 1347/1511/1464 570/270/245 1344/241/216
f 1348/1515/264 574/1516/1468 569/1517/276
f 1350/1518/1469 575/1519/1470 574/1516/1471
f 575/1519/1470 1351/1520/1472 579/1521/1473
f 1351/1520/1474 570/270/245 579/1521/1475
f 1348/1515/264 541/941/876 1350/1518/1476
f 1350/1518/1469 535/934/870 1351/1522/1472
f 1351/1522/1472 535/934/870 534/932/868
f 1351/1520/1474 531/244/219 1349/243/218
f 515/300/275 1354/1523/1477 526/928/862
f 526/928/862 1355/1524/1478 527/919/851
f 1355/1524/1478 518/916/848 527/919/851
f 1356/1525/1479 513/281/256 518/916/848
f 1352/296/271 560/957/897 1354/1523/1477
f 1354/1523/1477 553/951/891 1355/1524/1478
f 553/951/891 1356/1525/1479 1355/1524/1478
f 552/949/889 1353/275/250 1356/1525/1479
f 1357/1526/225 539/942/877 532/939/265
f 1359/1527/1480 540/948/886 539/942/877
f 540/948/886 1360/1528/1481 546/946/884
f 1360/1528/1482 533/261/236 546/946/884
f 1357/1526/225 523/924/855 1359/1527/1483
f 1359/1527/1480 517/917/849 1360/1529/1481
f 1360/1529/1481 517/917/849 516/915/847
f 1360/1528/1482 513/281/256 1358/229/204
f 1361/1530/226 521/925/856 514/922/227
f 1363/1531/1484 522/931/865 521/925/856
f 522/931/865 1364/1532/1485 528/929/863
f 1364/1532/1486 515/300/275 528/929/863
f 1361/1530/226 576/1533/1487 1363/1531/1488
f 1363/1531/1484 572/1534/1489 1364/1535/1485
f 1364/1535/1485 572/1534/1489 571/1536/1490
f 1364/1532/1486 568/232/207 1362/231/206
f 435/210/185 1367/1537/1491 438/831/766
f 438/831/766 1368/1538/1492 442/829/1493
f 442/829/1493 1369/1539/1494 441/1540/1495
f 441/1540/1495 1366/247/222 436/316/291
f 410/165/146 1367/1537/1491 1365/163/144
f 415/801/741 1368/1538/1492 1367/1537/1491
f 423/804/744 1369/1539/1494 1368/1538/1492
f 422/812/750 1366/247/222 1369/1539/1494
f 1370/259/234 452/1541/1496 447/217/192
f 1372/1542/1497 1828/842/1498 452/1541/1496
f 1373/1543/1499 449/839/780 1828/842/1498
f 1374/1544/1500 445/318/293 449/839/780
f 1370/259/234 422/814/750 1372/1542/1497
f 1372/1542/1497 419/809/748 1373/1543/1499
f 1373/1543/1499 418/807/746 1374/1544/1500
f 1374/1544/1500 411/237/212 1371/239/214
f 1375/317/292 441/1545/1495 436/316/291
f 1377/1546/1501 442/837/1502 441/1545/1495
f 1378/1547/1503 444/833/772 442/837/1502
f 1379/1548/1504 437/234/209 444/833/772
f 1375/317/292 452/1549/1496 1377/1546/1501
f 1377/1546/1501 453/1550/1505 1378/1547/1503
f 1378/1547/1503 449/1551/1506 1379/1548/1504
f 1379/1548/1504 446/843/784 1376/248/223
f 464/298/273 1382/1552/1507 467/860/802
f 467/860/802 1383/1553/1508 468/871/804
f 468/871/804 1384/1554/1509 473/870/1510
f 473/870/1510 1381/279/254 465/322/297
f 425/220/195 1382/1552/1507 1380/299/274
f 429/817/1511 1383/1553/1508 1382/1552/1507
f 432/819/1512 1384/1554/1509 1383/1553/1508
f 433/1555/1513 1381/279/254 1384/1554/1509
f 479/273/248 1387/1556/1514 482/876/1515
f 482/876/1515 1388/1557/1516 1829/1558/1517
f 1829/1558/1517 1389/1559/1518 485/1560/1519
f 485/1560/1519 1386/338/313 480/207/182
f 466/265/240 1387/1556/1514 1385/263/238
f 477/873/812 1388/1557/1516 1387/1556/1514
f 472/875/809 1389/1559/1518 1388/1557/1516
f 473/867/1510 1386/338/313 1389/1559/1518
f 1390/209/184 485/1561/1519 480/207/182
f 1392/1562/1520 486/885/1521 485/1561/1519
f 1393/1563/1522 488/881/821 486/885/1521
f 1394/1564/1523 481/271/246 488/881/821
f 1390/209/184 433/1565/1513 1392/1562/1520
f 1392/1562/1520 434/823/1524 1393/1563/1522
f 1393/1563/1522 430/824/759 1394/1564/1523
f 1394/1564/1523 426/820/758 1391/266/241
f 1395/257/232 461/1566/1525 456/196/171
f 1397/1567/1526 462/853/1527 461/1566/1525
f 1398/1568/1528 458/849/1529 462/853/1527
f 1399/1569/1530 454/343/318 458/849/1529
f 1395/257/232 497/899/1531 1397/1567/1526
f 1397/1567/1526 493/900/829 1398/1568/1528
f 1398/1568/1528 492/888/826 1399/1569/1530
f 1399/1569/1530 489/890/828 1396/293/268
f 1400/328/303 497/896/1531 490/280/255
f 1402/1570/1532 498/904/835 497/896/1531
f 1403/1571/1533 502/902/838 498/904/835
f 1404/1572/1534 491/285/260 502/902/838
f 1400/328/303 510/1573/1535 1402/1570/1532
f 1402/1570/1532 1826/1574/1536 1403/1571/1533
f 1403/1571/1533 508/907/839 1404/1572/1534
f 1404/1572/1534 504/199/174 1401/201/176
f 1405/342/317 510/1575/1535 505/329/304
f 1407/1576/1537 511/914/1538 510/1575/1535
f 1408/1577/1539 508/911/1540 511/914/1538
f 1409/1578/1541 506/291/266 508/911/843
f 1405/342/317 461/1579/1525 1407/1576/1537
f 1407/1576/1537 463/858/1542 1408/1577/1539
f 1408/1577/1539 459/857/797 1409/1578/1541
f 1409/1578/1541 455/854/796 1406/286/261
f 582/979/310 1412/1580/1543 593/977/922
f 593/977/922 1413/1581/1544 594/971/911
f 594/971/911 1414/1582/1545 584/967/907
f 584/967/907 1411/283/258 580/965/905
f 1410/1583/309 608/988/934 1412/1580/1543
f 1412/1580/1543 602/984/930 1413/1581/1544
f 1413/1581/1544 601/982/928 1414/1582/1545
f 601/982/928 1411/283/258 1414/1582/1545
f 1415/309/284 617/997/942 614/320/295
f 1417/1584/1546 618/1006/950 617/997/942
f 1418/1585/1547 625/1002/947 618/1006/950
f 1419/1586/1548 615/1003/200 625/1002/947
f 600/308/283 1417/1584/1546 1415/309/284
f 612/993/938 1418/1585/1547 1417/1584/1546
f 607/990/935 1419/1586/1548 1418/1585/1547
f 606/987/933 1416/1587/198 1419/1586/1548
f 1420/310/285 588/975/915 581/311/286
f 1422/1588/1549 589/981/925 588/975/915
f 1423/1589/1550 595/978/923 589/981/925
f 1424/1590/1551 582/979/310 595/978/923
f 1420/310/285 629/1009/953 1422/1588/1549
f 1422/1588/1549 624/1004/948 1423/1589/1550
f 1423/1589/1550 623/1001/946 1424/1590/1551
f 1424/1590/1551 615/1003/200 1421/1591/199
f 1425/1592/300 645/1024/968 634/1026/298
f 1427/1593/1552 646/1015/960 645/1024/968
f 1428/1594/1553 637/1012/957 646/1015/960
f 1429/1595/1554 632/226/201 637/1012/957
f 651/1037/302 1427/1593/1552 1425/1592/300
f 660/1041/979 1428/1594/1553 1427/1593/1552
f 654/1040/983 1429/1595/1554 1428/1594/1553
f 653/1030/973 1426/227/202 1429/1595/1554
f 668/1060/315 1432/1596/1555 679/1058/1002
f 679/1058/1002 1433/1597/1556 680/1052/995
f 680/1052/995 1434/1598/1557 670/1048/991
f 670/1048/991 1431/214/189 666/213/188
f 1430/1599/314 647/1025/969 1432/1596/1555
f 1432/1596/1555 641/1020/965 1433/1597/1556
f 1433/1597/1556 640/1018/963 1434/1598/1557
f 1434/1598/1557 633/314/289 1431/214/189
f 1435/313/288 674/1056/999 667/315/290
f 1437/1600/1558 675/1062/1005 674/1056/999
f 1438/1601/1559 681/1059/1003 675/1062/1005
f 1439/1602/1560 668/1060/315 681/1059/1003
f 1435/313/288 664/1044/986 1437/1600/1558
f 1437/1600/1558 659/1038/980 1438/1601/1559
f 1438/1601/1559 658/1035/978 1439/1602/1560
f 1439/1602/1560 651/1037/302 1436/1603/301
f 1440/333/308 687/1065/1008 684/345/320
f 1442/1604/1561 688/1075/1018 687/1065/1008
f 1443/1605/1562 695/1071/1015 688/1075/1018
f 1444/1606/1563 685/1072/191 695/1071/1015
f 702/332/307 1442/1604/1561 1440/333/308
f 707/1080/1027 1443/1605/1562 1442/1604/1561
f 716/1083/1030 1444/1606/1563 1443/1605/1562
f 715/1092/1038 1441/1607/181 1444/1606/1563
f 703/304/279 1447/1608/1564 710/1086/1033
f 710/1086/1033 1448/1609/1565 711/1088/1035
f 711/1088/1035 1449/1610/1566 717/1093/1039
f 717/1093/1039 1446/1611/305 704/1094/179
f 1445/203/178 724/1098/1043 1447/1608/1564
f 1447/1608/1564 733/1102/1047 1448/1609/1565
f 1448/1609/1565 732/1108/1054 1449/1610/1566
f 1449/1610/1566 722/1110/306 1446/1611/305
f 1450/305/280 728/1106/1051 721/306/281
f 1452/1612/1567 729/1112/1057 728/1106/1051
f 1453/1613/1568 734/1109/1055 729/1112/1057
f 1454/1614/1569 722/1110/306 734/1109/1055
f 1450/305/280 699/1078/1021 1452/1612/1567
f 1452/1612/1567 694/1073/1016 1453/1613/1568
f 1453/1613/1568 693/1070/1014 1454/1614/1569
f 1454/1614/1569 685/1072/191 1451/1615/190
f 1455/164/145 413/800/740 410/165/146
f 1457/1616/1570 414/802/1571 413/800/740
f 1458/1617/1572 420/808/747 414/802/1571
f 1459/1618/1573 411/237/212 420/808/747
f 598/321/296 1457/1616/1570 1455/164/145
f 603/983/929 1458/1617/1572 1457/1616/1570
f 611/986/932 1459/1618/1573 1458/1617/1572
f 610/992/937 1456/1619/1574 1459/1618/1573
f 616/312/287 1462/1620/1575 628/1010/1576
f 628/1010/954 1463/1621/1577 619/1622/1578
f 1463/1623/1579 614/320/295 619/996/941
f 1460/249/224 451/845/786 1462/1620/1575
f 1462/1620/1577 448/847/1580 1463/1621/1577
f 1463/1623/1579 445/318/293 1461/319/294
f 1464/222/197 428/816/1581 425/220/195
f 1466/1624/1582 431/822/1583 428/826/1584
f 431/822/760 1465/267/242 426/820/758
f 650/341/316 1466/1625/1585 1464/222/197
f 1466/1625/1585 655/1029/972 663/1033/1586
f 663/1033/1587 1467/1626/1588 1466/1624/1582
f 1467/1626/1589 652/1042/984 1465/267/242
f 666/213/188 1470/1627/1590 669/1049/1591
f 1470/1627/1592 676/1628/1593 669/1049/992
f 676/1055/998 1469/272/247 667/315/290
f 1468/1629/1594 483/877/1595 1470/1627/1590
f 1470/1627/1592 483/882/1596 1471/1630/1596
f 1471/1630/1596 483/882/1596 487/880/1596
f 487/880/820 1469/272/247 1471/1631/1597
f 491/285/260 1474/1632/1598 500/901/837
f 500/901/837 1475/1633/1599 501/893/1600
f 501/893/1600 1476/1634/1601 494/889/827
f 494/889/827 1473/294/269 489/890/828
f 1472/284/259 712/1087/1034 1474/1632/1598
f 1474/1632/1598 706/1081/1028 1475/1633/1599
f 1475/1633/1599 705/1079/1026 1476/1634/1601
f 1476/1634/1601 702/332/307 1473/294/269
f 1477/287/262 698/1635/1022 686/307/282
f 1479/1636/1602 689/1064/1010 698/1068/1012
f 1480/1637/1603 684/345/320 689/1064/1007
f 455/854/796 1479/1638/1604 1477/287/262
f 460/850/1605 1480/1637/1606 1479/1636/1602
f 457/848/1607 1478/344/319 1480/1637/1603
f 580/965/905 1483/1639/1608 583/1640/908
f 583/1640/919 1483/1639/1609 1484/1641/1610
f 583/968/919 1484/1642/1610 590/974/917
f 1484/1642/1611 581/311/286 590/974/914
f 1481/282/257 439/828/1612 1483/1639/1608
f 1483/1639/1609 439/1643/1613 1484/1641/1610
f 1484/1641/1610 439/1643/1613 443/832/1614
f 443/832/1615 1482/236/211 1484/1642/1611
f 1485/264/239 475/872/811 466/265/240
f 1487/1644/1616 476/865/1617 475/872/811
f 476/865/1617 1489/1645/1618 469/861/803
f 469/861/803 1486/1646/1619 464/298/273
f 633/314/289 1487/1644/1616 1485/264/239
f 642/1019/964 1488/1647/1620 1487/1644/1616
f 636/1013/958 1489/1645/1618 1488/1647/1620
f 635/1011/956 1486/1646/1619 1489/1645/1618
f 1490/292/267 512/910/842 506/291/266
f 1492/1648/1621 507/912/1622 512/910/1622
f 507/906/840 1491/202/177 504/199/174
f 721/306/281 1492/1648/1623 1490/292/267
f 1492/1648/1621 723/1099/1624 1493/1649/1625
f 1493/1650/1626 720/1096/1041 1491/202/177
f 758/370/342 1496/1651/1627 761/1652/1628
f 761/1652/1628 1497/1653/1629 760/1654/1630
f 760/1655/1631 1498/1656/1632 759/1657/1633
f 1498/1656/1632 757/527/480 759/1657/1633
f 1494/369/341 744/1658/1634 1496/1651/1627
f 1496/1651/1627 745/1659/1635 1497/1653/1629
f 1497/1660/1636 746/1661/1637 1498/1656/1632
f 746/1661/1637 1495/486/442 1498/1656/1632
f 1499/406/375 766/1662/1638 763/353/327
f 1501/1663/1639 765/1664/1640 766/1662/1638
f 1502/1665/1641 764/1666/1642 765/1664/1643
f 764/1666/1642 1500/1667/425 762/1668/338
f 747/539/489 1501/1663/1639 1499/406/375
f 749/1669/1644 1502/1665/1645 1501/1663/1639
f 750/1670/1646 1503/1671/1647 1502/1665/1641
f 1503/1671/1647 748/1672/335 1500/1667/425
f 1504/476/434 741/1673/1648 738/348/323
f 1506/1674/1649 740/1675/1650 741/1673/1648
f 1507/1676/1651 739/1677/1652 740/1678/1653
f 739/1677/1652 1505/349/324 737/361/333
f 758/370/342 1506/1674/1649 1504/476/434
f 761/1652/1628 1507/1679/1654 1506/1674/1649
f 760/1655/1631 1508/1680/1655 1507/1676/1651
f 1508/1680/1655 757/527/480 1505/349/324
f 753/505/459 1511/1681/1656 756/1682/1657
f 756/1682/1657 1512/1683/1658 755/1684/1659
f 755/1684/1660 1513/1685/1661 754/1686/1662
f 1513/1685/1661 752/1687/328 754/1686/1662
f 1509/371/343 766/1662/1638 1511/1681/1656
f 1511/1681/1656 765/1664/1640 1512/1683/1658
f 1512/1683/1663 764/1666/1642 1513/1685/1661
f 764/1666/1642 1510/1688/340 1513/1685/1661
f 768/506/460 1516/1689/1664 771/1690/1665
f 771/1690/1665 1517/1691/1666 770/1692/1667
f 770/1692/1668 1518/1693/1669 769/1694/1670
f 1518/1693/1669 767/1695/345 769/1694/1670
f 1514/500/455 756/1682/1657 1516/1689/1664
f 1516/1689/1664 755/1684/1659 1517/1691/1666
f 1517/1691/1671 754/1686/1662 1518/1693/1669
f 754/1686/1662 1515/1696/330 1518/1693/1669
f 742/360/332 1521/1697/1672 744/1658/1634
f 744/1658/1634 1522/1698/1673 745/1659/1635
f 745/1699/1674 1523/1700/1675 746/1661/1637
f 1523/1700/1675 743/380/351 746/1661/1637
f 1519/359/331 774/1701/1676 1521/1697/1672
f 1521/1697/1672 775/1702/1677 1522/1698/1673
f 1522/1703/1678 776/1704/1679 1523/1700/1675
f 776/1704/1679 1520/378/349 1523/1700/1675
f 772/389/359 1526/1705/1680 774/1701/1676
f 774/1701/1676 1527/1706/1681 775/1702/1677
f 775/1707/1682 1528/1708/1683 776/1704/1679
f 1528/1708/1683 773/377/348 776/1704/1679
f 1524/398/367 784/1709/1684 1526/1705/1680
f 1526/1705/1680 785/1710/1685 1527/1706/1681
f 1527/1711/1686 786/1712/1687 1528/1708/1683
f 786/1712/1687 1525/375/346 1528/1708/1683
f 778/540/490 1531/1713/1688 781/1714/1689
f 781/1714/1689 1532/1715/1690 780/1716/1691
f 780/1716/1692 1533/1717/1693 779/1718/1694
f 1533/1719/1693 777/384/355 779/1720/1694
f 1529/532/483 771/1690/1665 1531/1713/1688
f 1531/1713/1688 770/1692/1667 1532/1715/1690
f 1532/1715/1695 769/1694/1670 1533/1717/1693
f 769/1721/1670 1530/382/353 1533/1719/1693
f 1534/517/470 808/1722/1696 805/515/468
f 1536/1723/1697 807/1724/1698 808/1722/1696
f 1537/1725/1699 806/1726/1700 807/1724/1698
f 1538/1727/1701 804/531/364 806/1726/1700
f 788/1122/1067 1536/1723/1697 1534/517/470
f 797/1121/1066 1537/1725/1699 1536/1723/1697
f 791/1125/1070 1538/1727/1701 1537/1725/1699
f 790/1116/1061 1535/480/436 1538/1727/1701
f 782/397/366 1541/1728/1702 784/1709/1684
f 784/1709/1684 1542/1729/1703 785/1710/1685
f 785/1730/1704 1543/1731/1705 786/1712/1687
f 786/1712/1687 1540/385/356 783/387/358
f 1539/499/454 808/1722/1696 1541/1728/1702
f 1541/1728/1706 807/1724/1698 1542/1729/1703
f 1542/1732/1707 806/1733/1700 1543/1731/1705
f 806/1733/1700 1540/385/356 1543/1731/1705
f 788/1122/1067 1546/1734/1708 795/1120/1065
f 795/1120/1065 1547/1735/1709 796/1123/1068
f 796/1123/1077 1548/1736/1710 801/1129/1073
f 801/1737/1073 1545/391/361 789/393/363
f 1544/516/469 781/1714/1689 1546/1734/1708
f 1546/1734/1708 780/1716/1691 1547/1735/1709
f 1547/1735/1711 779/1718/1694 1548/1736/1710
f 1548/1738/1710 777/384/355 1545/391/361
f 1549/414/382 749/1669/1644 747/539/489
f 1551/1739/1712 750/1670/1713 749/1669/1644
f 1552/1740/1714 751/1741/1715 750/1670/1646
f 751/1741/1715 1550/1742/462 748/1672/335
f 814/475/433 1551/1739/1712 1549/414/382
f 816/1743/1716 1552/1740/1717 1551/1739/1712
f 817/1744/1718 1553/1745/1719 1552/1740/1714
f 1553/1745/1719 815/1746/372 1550/1742/462
f 1554/346/321 813/1747/1720 810/524/477
f 1556/1748/1721 812/1749/1722 813/1747/1720
f 1557/1750/1723 811/1751/1724 812/1749/1725
f 811/1752/1724 1555/399/368 809/401/370
f 738/348/323 1556/1748/1721 1554/346/321
f 741/1673/1648 1557/1750/1726 1556/1748/1721
f 740/1678/1653 1558/1753/1727 1557/1754/1723
f 1558/1753/1727 737/361/333 1555/399/368
f 826/1145/1096 1561/1755/1728 836/1143/1094
f 836/1143/1094 1562/1756/1729 837/1136/1084
f 837/1136/1084 1563/1757/1730 828/1132/1080
f 828/1132/1080 1560/465/426 824/523/476
f 1559/490/445 821/1758/1731 1561/1755/1728
f 1561/1755/1728 822/1759/1732 1562/1756/1729
f 1562/1756/1729 823/1760/1733 1563/1757/1730
f 1563/1757/1730 820/1761/378 1560/465/426
f 1564/491/446 816/1743/1716 814/475/433
f 1566/1762/1734 817/1744/1735 816/1743/1716
f 1567/1763/1736 818/1764/1737 817/1744/1718
f 1568/1765/1738 815/1746/372 818/1764/1737
f 826/1145/1096 1566/1762/1734 1564/491/446
f 838/1144/1095 1567/1763/1739 1566/1762/1734
f 833/1147/1740 1568/1765/1738 1567/1763/1736
f 832/1141/1089 1565/1766/380 1568/1765/1738
f 1569/493/448 821/1758/1731 819/492/447
f 1571/1767/1741 822/1759/1732 821/1758/1731
f 1572/1768/1742 823/1760/1733 822/1759/1732
f 823/1769/1733 1570/407/376 820/409/378
f 810/524/477 1571/1767/1741 1569/493/448
f 813/1747/1720 1572/1768/1743 1571/1767/1741
f 812/1749/1725 1573/1770/1744 1572/1768/1742
f 811/1752/1724 1570/407/376 1573/1771/1744
f 1574/489/444 865/1772/1745 862/416/383
f 1576/1773/1746 864/1774/1747 865/1772/1745
f 1577/1775/1748 863/1776/1749 864/1774/1747
f 1578/1777/1750 861/538/488 863/1776/1749
f 846/436/401 1576/1773/1746 1574/489/444
f 848/1778/1751 1577/1775/1748 1576/1773/1746
f 849/1779/1752 1578/1777/1750 1577/1775/1748
f 850/1780/1753 1575/537/487 1578/1777/1750
f 867/430/395 1581/1781/1754 870/1782/1755
f 870/1782/1755 1582/1783/1756 869/1784/1757
f 869/1784/1757 1583/1785/1758 868/1786/1759
f 868/1786/1759 1580/470/429 866/473/432
f 1579/429/394 853/1787/1760 1581/1781/1754
f 1581/1781/1754 854/1788/1761 1582/1783/1756
f 1582/1783/1756 855/1789/1762 1583/1785/1758
f 1583/1785/1758 852/471/430 1580/470/429
f 842/426/391 1586/1790/1763 845/1791/1764
f 845/1791/1764 1587/1792/1765 844/1793/1766
f 844/1793/1766 1588/1794/1767 843/1795/1768
f 843/1795/1768 1585/487/443 841/451/415
f 1584/417/384 865/1772/1745 1586/1790/1763
f 1586/1790/1763 864/1774/1747 1587/1792/1765
f 1587/1792/1765 863/1776/1749 1588/1794/1767
f 1588/1794/1767 861/538/488 1585/487/443
f 1589/431/396 860/1796/1769 857/472/431
f 1591/1797/1770 859/1798/1771 860/1796/1769
f 1592/1799/1772 858/1800/1773 859/1798/1771
f 1593/1801/1774 856/528/481 858/1800/1773
f 867/430/395 1591/1797/1770 1589/431/396
f 870/1782/1755 1592/1799/1772 1591/1797/1770
f 869/1784/1757 1593/1801/1774 1592/1799/1772
f 868/1786/1759 1590/508/461 1593/1801/1774
f 1594/422/388 875/1802/1775 872/502/456
f 1596/1803/1776 874/1804/1777 875/1802/1775
f 1597/1805/1778 873/1806/1779 874/1804/1777
f 1598/1807/1780 871/423/389 873/1806/1779
f 857/472/431 1596/1803/1776 1594/422/388
f 860/1796/1769 1597/1805/1778 1596/1803/1776
f 859/1798/1771 1598/1807/1780 1597/1805/1778
f 858/1800/1773 1595/439/404 1598/1807/1780
f 1599/437/402 848/1778/1751 846/436/401
f 1601/1808/1781 849/1779/1752 848/1778/1751
f 1602/1809/1782 850/1780/1753 849/1779/1752
f 1603/1810/1783 847/536/486 850/1780/1753
f 876/442/406 1601/1808/1781 1599/437/402
f 878/1811/1784 1602/1809/1782 1601/1808/1781
f 879/1812/1785 1603/1810/1783 1602/1809/1782
f 880/1813/1786 1600/419/386 1603/1810/1783
f 1604/443/407 878/1811/1784 876/442/406
f 1606/1814/1787 879/1812/1785 878/1811/1784
f 1607/1815/1788 880/1813/1786 879/1812/1785
f 1608/1816/1789 877/485/441 880/1813/1786
f 886/447/411 1606/1814/1787 1604/443/407
f 888/1817/1790 1607/1815/1788 1606/1814/1787
f 889/1818/1791 1608/1816/1789 1607/1815/1788
f 890/1819/1792 1605/529/482 1608/1816/1789
f 1609/438/403 885/1820/1793 882/533/484
f 1611/1821/1794 884/1822/1795 885/1820/1793
f 1612/1823/1796 883/1824/1797 884/1822/1795
f 1613/1825/1798 881/446/410 883/1824/1797
f 872/502/456 1611/1821/1794 1609/438/403
f 875/1802/1775 1612/1823/1796 1611/1821/1794
f 874/1804/1777 1613/1825/1798 1612/1823/1796
f 873/1806/1779 1610/425/390 1613/1825/1798
f 909/535/485 1616/1826/1799 912/1827/1800
f 912/1827/1800 1617/1828/1801 911/1829/1802
f 911/1829/1802 1618/1830/1803 910/1831/1804
f 910/1831/1804 1615/519/472 908/521/474
f 1614/484/440 895/1149/1101 1616/1832/1799
f 1616/1826/1799 904/1154/1105 1617/1828/1801
f 1617/1828/1801 903/1162/1113 1618/1830/1803
f 1618/1830/1803 893/520/473 1615/519/472
f 1619/449/413 888/1817/1790 886/447/411
f 1621/1833/1805 889/1818/1791 888/1817/1790
f 1622/1834/1806 890/1819/1792 889/1818/1791
f 1623/1835/1807 887/526/479 890/1819/1792
f 909/535/485 1621/1833/1805 1619/449/413
f 912/1827/1800 1622/1834/1806 1621/1833/1805
f 911/1829/1802 1623/1835/1807 1622/1834/1806
f 910/1831/1804 1620/503/457 1623/1835/1807
f 1624/444/408 899/1159/1109 892/450/414
f 1626/1836/1808 900/1165/1116 899/1159/1109
f 1627/1837/1809 905/1163/1114 900/1165/1116
f 1628/1838/1810 893/520/473 905/1163/1114
f 882/533/484 1626/1836/1808 1624/444/408
f 885/1820/1793 1627/1837/1809 1626/1836/1808
f 884/1822/1795 1628/1838/1810 1627/1837/1809
f 883/1824/1797 1625/518/471 1628/1838/1810
f 851/433/398 1631/1839/1811 853/1787/1760
f 853/1787/1760 1632/1840/1812 854/1788/1761
f 854/1788/1761 1633/1841/1813 855/1789/1762
f 855/1789/1762 1630/513/466 852/471/430
f 1629/454/416 920/1842/1814 1631/1839/1811
f 1631/1839/1811 921/1843/1815 1632/1840/1812
f 1632/1840/1812 922/1844/1816 1633/1841/1813
f 1633/1841/1813 919/477/435 1630/513/466
f 914/456/418 1636/1845/1817 917/1846/1818
f 917/1846/1818 1637/1847/1819 916/1848/1820
f 916/1848/1820 1638/1849/1821 915/1850/1822
f 915/1850/1822 1635/460/421 913/459/420
f 1634/427/392 845/1791/1764 1636/1845/1817
f 1636/1845/1817 844/1793/1766 1637/1847/1819
f 1637/1847/1819 843/1795/1768 1638/1849/1821
f 1638/1849/1821 841/451/415 1635/460/421
f 1639/469/428 931/1851/1120 928/525/478
f 1641/1852/1823 932/1179/1130 931/1168/1120
f 1642/1853/1824 938/1175/1126 932/1179/1130
f 1643/1854/1825 929/1176/1127 938/1175/1126
f 923/463/424 1641/1852/1823 1639/1855/428
f 925/1856/1826 1642/1853/1824 1641/1852/1823
f 926/1857/1827 1643/1854/1825 1642/1853/1824
f 927/1858/1828 1640/497/452 1643/1854/1825
f 918/455/417 1646/1859/1829 920/1842/1814
f 920/1842/1814 1647/1860/1830 921/1843/1815
f 921/1843/1815 1648/1861/1831 922/1844/1816
f 922/1844/1816 1645/496/451 919/477/435
f 1644/461/422 942/1182/1134 1646/1859/1829
f 1646/1859/1829 937/1177/1128 1647/1860/1830
f 1647/1860/1830 936/1174/1125 1648/1861/1831
f 1648/1861/1831 929/1176/1127 1645/496/451
f 923/463/424 1651/1862/1832 925/1856/1826
f 925/1856/1826 1652/1863/1833 926/1857/1827
f 926/1857/1827 1653/1864/1834 927/1858/1828
f 927/1858/1828 1650/495/450 924/494/449
f 1649/457/419 917/1846/1818 1651/1862/1832
f 1651/1862/1832 916/1848/1820 1652/1863/1833
f 1652/1863/1833 915/1850/1822 1653/1864/1834
f 1653/1864/1834 913/459/420 1650/495/450
f 930/462/423 1656/1865/1835 941/1866/1135
f 941/1167/1836 1655/522/475 928/525/478
f 1654/412/381 827/1867/1837 1656/1865/1835
f 1656/1868/1838 824/523/476 1655/522/475
f 1657/392/362 800/1869/1839 789/393/363
f 1659/1870/1840 787/1113/1058 800/1115/1060
f 892/450/414 1659/1871/1841 1657/392/362
f 894/1872/1102 1658/481/437 1659/1870/1840
f 966/562/509 1662/1873/1842 969/1874/1843
f 969/1874/1843 1663/1875/1844 968/1876/1845
f 968/1877/1846 1664/1878/1847 967/1879/1848
f 1664/1878/1847 965/716/648 967/1879/1848
f 1660/561/508 952/1880/1849 1662/1873/1842
f 1662/1873/1842 953/1881/1850 1663/1875/1844
f 1663/1882/1851 954/1883/1852 1664/1878/1847
f 954/1883/1852 1661/676/612 1664/1878/1847
f 1665/598/543 974/1884/1853 971/545/494
f 1667/1885/1854 973/1886/1855 974/1887/1853
f 1668/1888/1856 972/1889/1857 973/1886/1858
f 972/1889/1857 1666/656/595 970/558/505
f 955/727/657 1667/1890/1854 1665/598/543
f 957/1891/1859 1668/1888/1860 1667/1885/1854
f 958/1892/1861 1669/1893/1862 1668/1888/1856
f 1669/1893/1862 956/555/502 1666/656/595
f 1670/666/604 949/1894/1863 946/512/465
f 1672/1895/1864 948/1896/1865 949/1894/1863
f 1673/1897/1866 947/1898/1867 948/1899/1868
f 947/1898/1867 1671/541/491 945/553/500
f 966/562/509 1672/1895/1864 1670/666/604
f 969/1874/1843 1673/1900/1869 1672/1895/1864
f 968/1877/1846 1674/1901/1870 1673/1897/1866
f 1674/1901/1870 965/716/648 1671/541/491
f 961/695/630 1677/1902/1871 964/1903/1872
f 964/1904/1872 1678/1905/1873 963/1906/1874
f 963/1906/1875 1679/1907/1876 962/1908/1877
f 1679/1907/1876 960/547/495 962/1908/1877
f 1675/563/510 974/1884/1853 1677/1902/1871
f 1677/1909/1871 973/1886/1855 1678/1905/1873
f 1678/1905/1878 972/1889/1857 1679/1907/1876
f 972/1889/1857 1676/560/507 1679/1907/1876
f 976/696/631 1682/1910/1879 979/1911/1880
f 979/1912/1880 1683/1913/1881 978/1914/1882
f 978/1914/1883 1684/1915/1884 977/1916/1885
f 1684/1915/1884 975/566/512 977/1916/1885
f 1680/690/625 964/1903/1872 1682/1910/1879
f 1682/1917/1879 963/1906/1874 1683/1913/1881
f 1683/1913/1886 962/1908/1877 1684/1915/1884
f 962/1908/1877 1681/549/497 1684/1915/1884
f 950/552/499 1687/1918/1887 952/1880/1849
f 952/1880/1849 1688/1919/1888 953/1881/1850
f 953/1920/1889 1689/1921/1890 954/1883/1852
f 1689/1921/1890 951/572/518 954/1883/1852
f 1685/551/498 982/1922/1891 1687/1918/1887
f 1687/1918/1887 983/1923/1892 1688/1919/1888
f 1688/1924/1893 984/1925/1894 1689/1921/1890
f 984/1925/1894 1686/570/516 1689/1921/1890
f 980/581/526 1692/1926/1895 982/1922/1891
f 982/1922/1891 1693/1927/1896 983/1923/1892
f 983/1928/1897 1694/1929/1898 984/1925/1894
f 1694/1929/1898 981/569/515 984/1925/1894
f 1690/590/535 992/1930/1899 1692/1926/1895
f 1692/1926/1895 993/1931/1900 1693/1927/1896
f 1693/1932/1901 994/1933/1902 1694/1929/1898
f 994/1933/1902 1691/567/513 1694/1929/1898
f 986/728/658 1697/1934/1903 989/1935/1904
f 989/1936/1904 1698/1937/1905 988/1938/1906
f 988/1938/1907 1699/1939/1908 987/1940/1909
f 987/1940/1909 1696/574/520 985/576/522
f 1695/721/651 979/1911/1880 1697/1934/1903
f 1697/1941/1903 978/1914/1882 1698/1937/1905
f 1698/1937/1910 977/1916/1885 1699/1939/1908
f 977/1916/1885 1696/574/520 1699/1939/1908
f 1700/704/638 1016/1942/1911 1013/702/636
f 1702/1943/1912 1015/1944/1913 1016/1942/1911
f 1703/1945/1914 1014/1946/1915 1015/1944/1916
f 1704/1947/1917 1012/720/531 1014/1946/1915
f 996/1193/1147 1702/1943/1912 1700/704/638
f 1006/1192/1146 1703/1945/1914 1702/1943/1912
f 999/1198/1150 1704/1947/1917 1703/1945/1914
f 998/1187/1141 1701/670/606 1704/1947/1917
f 990/589/534 1707/1948/1918 992/1930/1899
f 992/1930/1899 1708/1949/1919 993/1931/1900
f 993/1950/1920 1709/1951/1921 994/1933/1902
f 994/1933/1902 1706/577/523 991/579/525
f 1705/689/624 1016/1942/1911 1707/1948/1918
f 1707/1948/1922 1015/1944/1913 1708/1949/1919
f 1708/1952/1923 1014/1953/1915 1709/1951/1921
f 1014/1953/1915 1706/577/523 1709/1951/1921
f 996/1193/1147 1712/1954/1924 1004/1191/1145
f 1004/1196/1145 1713/1955/1925 1005/1194/1148
f 1005/1194/1159 1714/1956/1926 1009/1202/1154
f 1009/1202/1154 1711/583/528 997/585/530
f 1710/703/637 989/1935/1904 1712/1954/1924
f 1712/1957/1924 988/1938/1906 1713/1955/1925
f 1713/1955/1927 987/1940/1909 1714/1956/1926
f 1714/1956/1926 985/576/522 1711/583/528
f 1715/606/550 957/1958/1859 955/727/657
f 1717/1959/1928 958/1892/1929 957/1891/1859
f 1718/1960/1930 959/1961/1931 958/1892/1861
f 959/1961/1931 1716/699/633 956/555/502
f 1022/665/603 1717/1962/1928 1715/606/550
f 1024/1963/1932 1718/1960/1933 1717/1959/1928
f 1025/1964/1934 1719/1965/1935 1718/1960/1930
f 1719/1965/1935 1023/595/540 1716/699/633
f 1720/510/463 1021/1966/1936 1018/712/645
f 1722/1967/1937 1020/1968/1938 1021/1966/1936
f 1723/1969/1939 1019/1970/1940 1020/1971/1941
f 1019/1970/1940 1721/591/536 1017/593/538
f 946/512/465 1722/1967/1937 1720/510/463
f 949/1894/1863 1723/1972/1942 1722/1967/1937
f 948/1899/1868 1724/1973/1943 1723/1969/1939
f 1724/1973/1943 945/553/500 1721/591/536
f 1034/1223/1179 1727/1974/1944 1045/1221/1177
f 1045/1221/1177 1728/1975/1945 1046/1211/1166
f 1046/1211/1166 1729/1976/1946 1036/1207/1162
f 1036/1207/1162 1726/709/596 1032/711/644
f 1725/680/615 1029/1977/1947 1727/1974/1944
f 1727/1974/1944 1030/1978/1948 1728/1975/1945
f 1728/1975/1945 1031/1979/1949 1729/1976/1946
f 1729/1976/1946 1028/1980/546 1726/709/596
f 1730/681/616 1024/1981/1932 1022/665/603
f 1732/1982/1950 1025/1964/1951 1024/1963/1932
f 1733/1983/1952 1026/1984/1953 1025/1964/1934
f 1734/1985/1954 1023/595/540 1026/1984/1953
f 1034/1223/1179 1732/1986/1950 1730/681/616
f 1047/1227/1178 1733/1983/1955 1732/1982/1950
f 1041/1226/1956 1734/1985/1954 1733/1983/1952
f 1040/1216/1171 1731/603/548 1734/1985/1954
f 1735/683/618 1029/1977/1947 1027/682/617
f 1737/1987/1957 1030/1978/1948 1029/1977/1947
f 1738/1988/1958 1031/1989/1949 1030/1990/1948
f 1031/1989/1949 1736/599/544 1028/601/546
f 1018/712/645 1737/1987/1957 1735/683/618
f 1021/1966/1936 1738/1991/1959 1737/1987/1957
f 1020/1971/1941 1739/1992/1960 1738/1988/1958
f 1019/1970/1940 1736/599/544 1739/1992/1960
f 1740/679/614 1074/1993/1961 1071/608/551
f 1742/1994/1962 1073/1995/1963 1074/1993/1961
f 1743/1996/1964 1072/1997/1965 1073/1995/1963
f 1744/1998/1966 1070/726/656 1072/1997/1965
f 1055/628/570 1742/1994/1962 1740/679/614
f 1057/1999/1967 1743/1996/1964 1742/1994/1962
f 1058/2000/1968 1744/1998/1966 1743/1996/1964
f 1059/2001/1969 1741/725/655 1744/1998/1966
f 1076/622/564 1747/2002/1970 1079/2003/1971
f 1079/2003/1971 1748/2004/1972 1078/2005/1973
f 1078/2005/1973 1749/2006/1974 1077/2007/1975
f 1077/2007/1975 1746/660/599 1075/663/602
f 1745/621/563 1062/2008/1976 1747/2002/1970
f 1747/2002/1970 1063/2009/1977 1748/2004/1972
f 1748/2004/1972 1064/2010/1978 1749/2006/1974
f 1749/2006/1974 1061/661/600 1746/660/599
f 1051/618/560 1752/2011/1979 1054/2012/1980
f 1054/2012/1980 1753/2013/1981 1053/2014/1982
f 1053/2014/1982 1754/2015/1983 1052/2016/1984
f 1052/2016/1984 1751/677/613 1050/643/585
f 1750/609/552 1074/1993/1961 1752/2011/1979
f 1752/2011/1979 1073/1995/1963 1753/2013/1981
f 1753/2013/1981 1072/1997/1965 1754/2015/1983
f 1754/2015/1983 1070/726/656 1751/677/613
f 1755/623/565 1069/2017/1985 1066/662/601
f 1757/2018/1986 1068/2019/1987 1069/2017/1985
f 1758/2020/1988 1067/2021/1989 1068/2019/1987
f 1759/2022/1990 1065/717/649 1067/2021/1989
f 1076/622/564 1757/2018/1986 1755/623/565
f 1079/2003/1971 1758/2020/1988 1757/2018/1986
f 1078/2005/1973 1759/2022/1990 1758/2020/1988
f 1077/2007/1975 1756/698/632 1759/2022/1990
f 1760/614/556 1084/2023/1991 1081/692/627
f 1762/2024/1992 1083/2025/1993 1084/2023/1991
f 1763/2026/1994 1082/2027/1995 1083/2025/1993
f 1764/2028/1996 1080/615/557 1082/2027/1995
f 1066/662/601 1762/2024/1992 1760/614/556
f 1069/2017/1985 1763/2026/1994 1762/2024/1992
f 1068/2019/1987 1764/2028/1996 1763/2026/1994
f 1067/2021/1989 1761/631/573 1764/2028/1996
f 1765/629/571 1057/1999/1967 1055/628/570
f 1767/2029/1997 1058/2000/1968 1057/1999/1967
f 1768/2030/1998 1059/2001/1969 1058/2000/1968
f 1769/2031/1999 1056/724/654 1059/2001/1969
f 1085/634/576 1767/2029/1997 1765/629/571
f 1087/2032/2000 1768/2030/1998 1767/2029/1997
f 1088/2033/2001 1769/2031/1999 1768/2030/1998
f 1089/2034/2002 1766/611/554 1769/2031/1999
f 1770/635/577 1087/2032/2000 1085/634/576
f 1772/2035/2003 1088/2033/2001 1087/2032/2000
f 1773/2036/2004 1089/2034/2002 1088/2033/2001
f 1774/2037/2005 1086/675/611 1089/2034/2002
f 1095/639/581 1772/2035/2003 1770/635/577
f 1097/2038/2006 1773/2036/2004 1772/2035/2003
f 1098/2039/2007 1774/2037/2005 1773/2036/2004
f 1099/2040/2008 1771/718/650 1774/2037/2005
f 1775/630/572 1094/2041/2009 1091/722/652
f 1777/2042/2010 1093/2043/2011 1094/2041/2009
f 1778/2044/2012 1092/2045/2013 1093/2043/2011
f 1779/2046/2014 1090/638/580 1092/2045/2013
f 1081/692/627 1777/2042/2010 1775/630/572
f 1084/2023/1991 1778/2044/2012 1777/2042/2010
f 1083/2025/1993 1779/2046/2014 1778/2044/2012
f 1082/2027/1995 1776/617/559 1779/2046/2014
f 1118/2047/653 1782/2048/2015 1121/2049/2016
f 1121/2049/2016 1783/2050/2017 1120/2051/2018
f 1120/2051/2018 1784/2052/2019 1119/2053/2020
f 1119/2053/2020 1781/706/640 1117/708/642
f 1780/674/610 1104/1230/1184 1782/2054/2015
f 1782/2048/2015 1113/1236/1188 1783/2050/2017
f 1783/2050/2017 1112/1242/1196 1784/2052/2019
f 1784/2052/2019 1102/707/641 1781/706/640
f 1785/641/583 1097/2038/2006 1095/639/581
f 1787/2055/2021 1098/2039/2007 1097/2038/2006
f 1788/2056/2022 1099/2040/2008 1098/2039/2007
f 1789/2057/2023 1096/715/647 1099/2040/2008
f 1118/2047/653 1787/2055/2021 1785/641/583
f 1121/2049/2016 1788/2056/2022 1787/2055/2021
f 1120/2051/2018 1789/2057/2023 1788/2056/2022
f 1119/2053/2020 1786/693/628 1789/2057/2023
f 1790/636/578 1108/1240/1192 1101/642/584
f 1792/2058/2024 1109/1245/1199 1108/1240/1192
f 1793/2059/2025 1114/1243/1197 1109/1245/1199
f 1794/2060/2026 1102/707/641 1114/1243/1197
f 1091/722/652 1792/2058/2024 1790/636/578
f 1094/2041/2009 1793/2059/2025 1792/2058/2024
f 1093/2043/2011 1794/2060/2026 1793/2059/2025
f 1092/2045/2013 1791/705/639 1794/2060/2026
f 1060/625/567 1797/2061/2027 1062/2008/1976
f 1062/2008/1976 1798/2062/2028 1063/2009/1977
f 1063/2009/1977 1799/2063/2029 1064/2010/1978
f 1064/2010/1978 1796/700/634 1061/661/600
f 1795/646/586 1129/2064/2030 1797/2061/2027
f 1797/2061/2027 1130/2065/2031 1798/2062/2028
f 1798/2062/2028 1131/2066/2032 1799/2063/2029
f 1799/2063/2029 1128/667/605 1796/700/634
f 1123/648/588 1802/2067/2033 1126/2068/2034
f 1126/2068/2034 1803/2069/2035 1125/2070/2036
f 1125/2070/2036 1804/2071/2037 1124/2072/2038
f 1124/2072/2038 1801/652/591 1122/651/590
f 1800/619/561 1054/2012/1980 1802/2067/2033
f 1802/2067/2033 1053/2014/1982 1803/2069/2035
f 1803/2069/2035 1052/2016/1984 1804/2071/2037
f 1804/2071/2037 1050/643/585 1801/652/591
f 1805/659/598 1140/1249/1203 1137/1246/646
f 1807/2073/2039 1141/1258/1213 1140/1249/1203
f 1808/2074/2040 1147/1254/1209 1141/1258/1213
f 1809/2075/2041 1138/1255/1210 1147/1254/1209
f 1132/655/594 1807/2073/2039 1805/659/598
f 1134/2076/2042 1808/2074/2040 1807/2073/2039
f 1135/2077/2043 1809/2075/2041 1808/2074/2040
f 1136/2078/2044 1806/687/622 1809/2075/2041
f 1127/647/587 1812/2079/2045 1129/2064/2030
f 1129/2064/2030 1813/2080/2046 1130/2065/2031
f 1130/2065/2031 1814/2081/2047 1131/2066/2032
f 1131/2066/2032 1811/686/621 1128/667/605
f 1810/653/592 1151/1261/1217 1812/2079/2045
f 1812/2079/2045 1146/1256/1211 1813/2080/2046
f 1813/2080/2046 1145/1253/1208 1814/2081/2047
f 1814/2081/2047 1138/1255/1210 1811/686/621
f 1132/655/594 1817/2082/2048 1134/2076/2042
f 1134/2076/2042 1818/2083/2049 1135/2077/2043
f 1135/2077/2043 1819/2084/2050 1136/2078/2044
f 1136/2078/2044 1816/685/620 1133/684/619
f 1815/649/589 1126/2068/2034 1817/2082/2048
f 1817/2082/2048 1125/2070/2036 1818/2083/2049
f 1818/2083/2049 1124/2072/2038 1819/2084/2050
f 1819/2084/2050 1122/651/590 1816/685/620
f 1139/654/593 1822/2085/2051 1150/2086/1218
f 1150/2087/1202 1821/710/643 1137/714/646
f 1820/604/549 1042/1215/2052 1822/2085/2051
f 1822/2085/2053 1042/1215/2053 1035/1219/2054
f 1822/2088/2055 1032/711/644 1821/710/643
f 1823/584/529 1000/2089/2056 997/585/2057
f 1825/2090/2058 995/1184/1138 1000/1186/1140
f 1101/642/584 1825/2091/2059 1823/584/529
f 1103/2092/1185 1824/671/607 1825/2090/2058
f 444/835/775 438/834/774 440/830/2060
f 433/1555/1513 432/819/2061 434/2093/1524
f 510/1573/1535 511/2094/1538 1826/1574/2062
f 485/1560/2063 486/2095/2064 1829/1558/2064
f 452/1541/2065 1828/842/2066 453/2096/2065
f 461/1566/2067 462/853/2068 463/2097/2068
f 463/2097/2069 462/853/795 1170/852/794
f 200/16/13 1183/4/4 106/6/6
f 1203/30/26 105/96/86 19/31/27
f 1198/33/29 117/90/81 26/34/30
f 1218/40/36 113/50/46 18/41/37
f 273/56/51 1233/54/49 104/55/50
f 284/64/59 1248/62/57 112/63/58
f 106/6/6 20/5/5 327/71/64
f 10/73/66 312/191/166 1278/74/67
f 336/78/70 8/95/66 98/79/66
f 104/55/50 16/17/14 307/81/72
f 116/89/80 1252/142/126 327/71/64
f 117/90/81 1277/92/83 311/91/82
f 19/31/27 341/97/87 1277/92/83
f 1273/94/85 97/75/66 8/95/66
f 105/96/86 1282/98/88 341/97/87
f 18/41/37 351/102/92 1282/98/88
f 1288/80/71 98/79/66 11/100/90
f 113/50/46 1297/104/94 351/102/92
f 25/103/93 374/190/165 1297/104/94
f 306/106/96 1263/140/125 96/107/66
f 112/63/58 17/57/52 379/111/100
f 100/113/66 12/132/66 378/114/102
f 21/65/60 112/63/58 1327/112/101
f 7/108/97 96/107/66 1258/123/111
f 96/107/66 9/141/66 331/126/114
f 16/17/14 106/6/6 1262/72/65
f 384/130/117 1323/149/133 101/131/66
f 97/75/66 1278/74/67 342/138/123
f 206/35/31 26/34/30 116/89/80
f 1263/140/125 326/193/168 9/141/66
f 26/34/30 311/91/82 1252/142/126
f 101/131/66 1318/150/134 389/147/131
f 1323/149/133 394/792/729 1318/150/134
f 11/100/90 352/181/159 1298/156/139
f 95/160/66 1268/161/142 331/126/114
f 10/73/66 321/183/161 1268/161/142
f 7/108/97 100/113/66 1313/115/103
f 1308/166/147 384/130/117 12/132/66
f 1303/171/151 99/157/90 1293/172/152
f 99/157/90 1298/156/139 373/174/154
f 17/57/52 104/55/50 1312/82/73
f 246/42/38 18/41/37 105/96/86
f 12/132/66 101/131/66 1328/148/132
f 98/79/66 1283/184/162 352/181/159
f 1173/139/124 116/89/80 20/5/5
f 321/183/161 10/73/66 97/75/66
f 8/95/66 342/138/123 1283/184/162
f 312/191/166 10/73/66 95/160/66
f 1253/192/167 95/160/66 9/141/66
f 346/101/91 11/100/90 99/157/90
f 317/124/112 1308/166/147 100/113/66
f 456/196/171 1405/342/317 130/197/172
f 704/204/179 1446/330/305 131/205/180
f 480/207/182 32/233/208 127/208/183
f 1441/206/181 131/205/180 1451/215/190
f 447/217/192 1375/317/292 124/218/193
f 1416/223/198 132/337/312 1421/224/199
f 27/228/203 533/261/236 1358/229/204
f 31/230/205 127/208/183 1362/231/206
f 32/233/208 515/300/275 1362/231/206
f 437/234/209 1376/248/223 134/235/210
f 33/240/215 551/303/278 1344/241/216
f 34/198/173 130/197/172 1349/243/218
f 412/245/220 28/274/249 122/246/221
f 1376/248/223 446/843/784 1460/249/224
f 30/253/228 125/278/253 1343/254/229
f 456/196/171 34/198/173 128/256/231
f 447/217/192 29/219/194 123/258/233
f 27/228/203 122/246/221 1338/260/235
f 34/198/173 531/244/219 1339/262/237
f 1391/266/241 426/820/758 1465/267/242
f 35/269/244 570/270/245 1349/243/218
f 35/269/244 129/242/217 1344/241/216
f 481/271/246 1391/266/241 119/268/243
f 28/274/249 123/258/233 1353/275/250
f 29/219/194 513/281/256 1353/275/250
f 427/277/252 31/230/205 125/278/253
f 490/280/255 1395/257/232 128/256/231
f 29/219/194 124/218/193 1358/229/204
f 1406/286/261 455/854/796 1477/287/262
f 28/274/249 549/276/251 1338/260/235
f 506/291/266 1406/286/261 139/288/263
f 1396/293/268 489/890/828 1473/294/269
f 30/253/228 550/255/230 1352/296/271
f 31/230/205 568/232/207 1343/254/229
f 32/233/208 126/297/272 1352/296/271
f 569/301/276 1361/251/226 121/302/277
f 33/240/215 128/256/231 1339/262/237
f 1490/292/267 139/288/263 1450/305/280
f 139/288/263 1477/287/262 686/307/282
f 1482/236/211 134/235/210 1420/310/285
f 134/235/210 1460/249/224 616/312/287
f 1465/267/242 652/1042/984 1435/313/288
f 119/268/243 1435/313/288 667/315/290
f 436/316/291 27/228/203 124/218/193
f 427/277/252 1390/209/184 127/208/183
f 465/322/297 1381/279/254 125/278/253
f 634/323/298 1430/339/314 133/324/299
f 1425/325/300 133/324/299 1436/326/301
f 490/280/255 33/240/215 129/242/217
f 505/329/304 1400/328/303 129/242/217
f 1451/215/190 131/205/180 1446/330/305
f 412/245/220 1370/259/234 123/258/233
f 436/316/291 1366/247/222 122/246/221
f 1421/224/199 132/337/312 1410/334/309
f 599/336/311 1410/334/309 132/337/312
f 465/322/297 30/253/228 126/297/272
f 480/207/182 1386/338/313 126/297/272
f 1436/326/301 133/324/299 1430/339/314
f 505/329/304 35/269/244 130/197/172
f 1505/349/324 757/527/480 55/350/325
f 737/361/333 1505/349/324 158/351/326
f 1525/375/346 157/441/405 54/376/347
f 1520/378/349 169/435/400 61/379/350
f 1540/385/356 165/395/365 53/386/357
f 804/394/364 60/448/412 165/395/365
f 1555/399/368 737/361/333 51/362/334
f 809/401/370 1555/399/368 156/400/369
f 1570/407/376 809/401/370 52/402/371
f 158/351/326 55/350/325 862/416/383
f 45/418/385 847/536/486 1600/419/386
f 871/423/389 43/440/385 150/424/385
f 156/400/369 51/362/334 842/426/391
f 168/434/399 1574/489/444 862/416/383
f 169/435/400 1599/437/402 846/436/401
f 54/376/347 876/442/406 1599/437/402
f 1595/439/404 149/420/385 43/440/385
f 157/441/405 1604/443/407 876/442/406
f 53/386/357 886/447/411 1604/443/407
f 1610/425/390 150/424/385 46/445/409
f 165/395/365 1619/449/413 886/447/411
f 60/448/412 909/535/485 1619/449/413
f 841/451/415 1585/487/443 148/452/385
f 164/408/377 52/402/371 914/456/418
f 152/458/385 47/479/385 913/459/420
f 56/410/379 164/408/377 1649/457/419
f 42/453/385 148/452/385 1580/470/429
f 148/452/385 44/488/385 866/473/432
f 51/362/334 158/351/326 1584/417/384
f 919/477/435 1645/496/451 153/478/385
f 773/377/348 54/376/347 169/435/400
f 149/420/385 1600/419/386 877/485/441
f 743/380/351 61/379/350 168/434/399
f 1585/487/443 861/538/488 44/488/385
f 61/379/350 846/436/401 1574/489/444
f 153/478/385 1640/497/452 924/494/449
f 1645/496/451 929/1176/1127 1640/497/452
f 46/445/409 887/526/479 1620/503/457
f 147/507/385 1590/508/461 866/473/432
f 45/418/385 856/528/481 1590/508/461
f 42/453/385 152/458/385 1635/460/421
f 1630/513/466 919/477/435 47/479/385
f 1625/518/471 151/504/458 1615/519/472
f 151/504/458 1620/503/457 908/521/474
f 52/402/371 156/400/369 1634/427/392
f 783/387/358 53/386/357 157/441/405
f 47/479/385 153/478/385 1650/495/450
f 150/424/385 1605/529/482 887/526/479
f 1495/486/442 168/434/399 55/350/325
f 856/528/481 45/418/385 149/420/385
f 43/440/385 877/485/441 1605/529/482
f 847/536/486 45/418/385 147/507/385
f 1575/537/487 147/507/385 44/488/385
f 881/446/410 46/445/409 151/504/458
f 852/471/430 1630/513/466 152/458/385
f 1671/541/491 965/716/648 81/542/492
f 945/553/500 1671/541/491 188/543/493
f 1691/567/513 187/633/575 80/568/514
f 1686/570/516 199/627/569 87/571/517
f 1706/577/523 195/587/532 79/578/524
f 1012/586/531 86/640/582 195/587/532
f 1721/591/536 945/553/500 77/554/501
f 1017/593/538 1721/591/536 186/592/537
f 1736/599/544 1017/593/538 78/594/539
f 1028/601/546 1736/599/544 194/600/545
f 188/543/493 81/542/492 1071/608/551
f 71/610/553 1056/724/654 1766/611/554
f 1080/615/557 69/632/574 180/616/558
f 186/592/537 77/554/501 1051/618/560
f 198/626/568 1740/679/614 1071/608/551
f 199/627/569 1765/629/571 1055/628/570
f 80/568/514 1085/634/576 1765/629/571
f 1761/631/573 179/612/553 69/632/574
f 187/633/575 1770/635/577 1085/634/576
f 79/578/524 1095/639/581 1770/635/577
f 1776/617/559 180/616/558 72/637/579
f 195/587/532 1785/641/583 1095/639/581
f 86/640/582 1118/2047/653 1785/641/583
f 1050/643/585 1751/677/613 178/644/553
f 194/600/545 78/594/539 1123/648/588
f 182/650/553 73/669/553 1122/651/590
f 82/602/547 194/600/545 1815/649/589
f 189/658/597 82/602/547 1132/655/594
f 68/645/553 178/644/553 1746/660/599
f 178/644/553 70/678/553 1075/663/602
f 77/554/501 188/543/493 1750/609/552
f 1128/667/605 1811/686/621 183/668/553
f 981/569/515 80/568/514 199/627/569
f 179/612/553 1766/611/554 1086/675/611
f 951/572/518 87/571/517 198/626/568
f 1751/677/613 1070/726/656 70/678/553
f 87/571/517 1055/628/570 1740/679/614
f 183/668/553 1806/687/622 1133/684/619
f 1811/686/621 1138/1255/1210 1806/687/622
f 72/637/579 1096/715/647 1786/693/628
f 177/697/553 1756/698/632 1075/663/602
f 71/610/553 1065/717/649 1756/698/632
f 68/645/553 182/650/553 1801/652/591
f 1796/700/634 1128/667/605 73/669/553
f 1791/705/639 181/694/629 1781/706/640
f 181/694/629 1786/693/628 1117/708/642
f 78/594/539 186/592/537 1800/619/561
f 991/579/525 79/578/524 187/633/575
f 73/669/553 183/668/553 1816/685/620
f 180/616/558 1771/718/650 1096/715/647
f 1661/676/612 198/626/568 81/542/492
f 1065/717/649 71/610/553 179/612/553
f 69/632/574 1086/675/611 1771/718/650
f 1056/724/654 71/610/553 177/697/553
f 1741/725/655 177/697/553 70/678/553
f 1090/638/580 72/637/579 181/694/629
f 1061/661/600 1796/700/634 182/650/553
f 1260/1414/1370 319/1419/1375 320/1420/1376
f 310/1422/1378 1264/1421/1377 1265/1423/1379
f 308/1426/1382 1266/1425/1381 1263/140/125
f 1276/1438/1394 1273/94/85 336/78/70
f 341/97/87 343/1442/1398 1279/1439/1395
f 344/1443/1399 345/1444/1400 1281/1441/1397
f 353/1448/1404 354/1449/1405 1285/1446/1402
f 1299/1464/1419 1300/1465/1420 354/1449/1405
f 1300/1465/1420 1301/1466/1421 355/1450/1406
f 348/1455/1411 346/101/91 1303/171/151
f 380/1481/1436 1316/1480/1435 1313/115/103
f 1315/1478/1433 309/1424/1380 308/1426/1382
f 391/1488/1441 1330/1494/1447 1331/1495/1448
f 533/261/236 1338/260/235 1340/1507/1460
f 544/945/883 1340/1507/1460 1341/1508/1461
f 1341/1508/1461 1342/1509/1462 536/933/869
f 1342/1509/1462 1339/262/237 531/244/219
f 1338/260/235 549/276/251 554/950/890
f 1340/1507/1460 554/950/890 564/953/893
f 564/953/893 563/961/901 1342/1509/1462
f 563/961/901 551/303/278 1339/262/237
f 1343/254/229 1345/1510/1463 558/956/896
f 1345/1510/1463 1346/1513/1466 559/958/898
f 559/958/898 1346/1513/1466 1347/1511/1464
f 565/962/902 1347/1511/1464 1344/241/216
f 568/232/207 573/1512/1465 1345/1510/1463
f 573/1512/1465 578/2098/2070 1346/1513/1466
f 1346/1513/1466 578/2098/2070 577/1514/1467
f 1347/1511/1464 577/1514/1467 570/270/245
f 1351/1520/1474 1349/243/218 570/270/245
f 1348/1515/264 532/939/265 541/941/876
f 1350/1518/1469 541/941/876 535/934/870
f 1351/1520/1474 534/932/868 531/244/219
f 515/300/275 1352/296/271 1354/1523/1477
f 526/928/862 1354/1523/1477 1355/1524/1478
f 1355/1524/1478 1356/1525/1479 518/916/848
f 1356/1525/1479 1353/275/250 513/281/256
f 1352/296/271 550/255/230 560/957/897
f 1354/1523/1477 560/957/897 553/951/891
f 553/951/891 552/949/889 1356/1525/1479
f 552/949/889 549/276/251 1353/275/250
f 1359/1527/1480 1360/1529/1481 540/948/886
f 1360/1528/1482 1358/229/204 533/261/236
f 1360/1528/1482 516/915/847 513/281/256
f 1361/1530/226 1363/1531/1488 521/925/856
f 1363/1531/1484 1364/1535/1485 522/931/865
f 1361/1530/226 569/1517/276 576/1533/1487
f 1363/1531/1484 576/1533/2071 572/1534/1489
f 441/1540/1495 1369/1539/1494 1366/247/222
f 422/812/750 412/245/220 1366/247/222
f 1370/259/234 1372/1542/1497 452/1541/1496
f 1370/259/234 412/245/220 422/814/750
f 1375/317/292 1377/1546/1501 441/1545/1495
f 1377/1546/1501 1378/1547/1503 442/837/1502
f 1378/1547/1503 1379/1548/1504 444/833/772
f 1379/1548/1504 1376/248/223 437/234/209
f 1375/317/292 447/217/192 452/1549/1496
f 1377/1546/1501 452/1549/1496 453/1550/1505
f 1378/1547/1503 453/1550/1505 449/1551/1506
f 1379/1548/1504 449/1551/785 446/843/784
f 464/298/273 1380/299/274 1382/1552/1507
f 473/870/1510 1384/1554/1509 1381/279/254
f 473/867/1510 465/322/297 1386/338/313
f 1390/209/184 1392/1562/1520 485/1561/1519
f 1392/1562/1520 1393/1563/1522 486/885/1521
f 1393/1563/1522 1394/1564/1523 488/881/821
f 1394/1564/1523 1391/266/241 481/271/246
f 1390/209/184 427/277/252 433/1565/1513
f 1393/1563/1522 434/823/1524 430/824/759
f 1394/1564/1523 430/824/759 426/820/758
f 1399/1569/1530 1396/293/268 454/343/318
f 1399/1569/1530 492/888/826 489/890/828
f 1404/1572/1534 1401/201/176 491/285/260
f 1402/1570/1532 510/1573/1535 1826/1574/1536
f 1405/342/317 1407/1576/1537 510/1575/1535
f 1407/1576/1537 1408/1577/1539 511/914/1538
f 1408/1577/1539 1409/1578/1541 508/911/1540
f 1409/1578/1541 1406/286/261 506/291/266
f 1405/342/317 456/196/171 461/1579/1525
f 1407/1576/1537 461/1579/1525 463/858/1542
f 1408/1577/1539 463/858/2072 459/857/797
f 1409/1578/1541 459/857/797 455/854/796
f 1420/310/285 1422/1588/1549 588/975/915
f 1422/1588/1549 1423/1589/1550 589/981/925
f 1423/1589/1550 1424/1590/1551 595/978/923
f 1424/1590/1551 1421/1591/199 582/979/310
f 1420/310/285 616/312/287 629/1009/953
f 1422/1588/1549 629/1009/953 624/1004/948
f 1423/1589/1550 624/1004/948 623/1001/946
f 1424/1590/1551 623/1001/946 615/1003/200
f 1435/313/288 1437/1600/1558 674/1056/999
f 1437/1600/1558 1438/1601/1559 675/1062/1005
f 1438/1601/1559 1439/1602/1560 681/1059/1003
f 1439/1602/1560 1436/1603/301 668/1060/315
f 1435/313/288 652/1042/984 664/1044/986
f 1437/1600/1558 664/1044/986 659/1038/980
f 1438/1601/1559 659/1038/980 658/1035/978
f 1439/1602/1560 658/1035/978 651/1037/302
f 1450/305/280 1452/1612/1567 728/1106/1051
f 1452/1612/1567 1453/1613/1568 729/1112/1057
f 1453/1613/1568 1454/1614/1569 734/1109/1055
f 1454/1614/1569 1451/1615/190 722/1110/306
f 1450/305/280 686/307/282 699/1078/1021
f 1452/1612/1567 699/1078/1021 694/1073/1016
f 1453/1613/1568 694/1073/1016 693/1070/1014
f 1454/1614/1569 693/1070/1014 685/1072/191
f 1576/1773/1746 1577/1775/1748 864/1774/1747
f 842/426/391 1584/417/384 1586/1790/1763
f 1584/417/384 862/416/383 865/1772/1745
f 1601/1808/1781 1602/1809/1782 849/1779/1752
f 1602/1809/1782 1603/1810/1783 850/1780/1753
f 1603/1810/1783 1600/419/386 847/536/486
f 878/1811/1784 879/1812/1785 1602/1809/1782
f 879/1812/1785 880/1813/1786 1603/1810/1783
f 880/1813/1786 877/485/441 1600/419/386
f 889/1818/1791 890/1819/1792 1608/1816/1789
f 1613/1825/1798 1610/425/390 881/446/410
f 1621/1833/1805 1622/1834/1806 889/1818/1791
f 1622/1834/1806 1623/1835/1807 890/1819/1792
f 910/1831/1804 908/521/474 1620/503/457
f 1628/1838/1810 1625/518/471 893/520/473
f 883/1824/1797 881/446/410 1625/518/471
f 1633/1841/1813 922/1844/1816 919/477/435
f 917/1846/1818 1636/1845/1817 1637/1847/1819
f 922/1844/1816 1648/1861/1831 1645/496/451
f 1651/1862/1832 917/1846/1818 916/1848/1820
f 1653/1864/1834 915/1850/1822 913/459/420
f 984/1925/1894 981/569/515 1686/570/516
f 983/1928/1897 1693/1932/1901 1694/1929/1898
f 1053/2014/1982 1753/2013/1981 1754/2015/1983
f 1087/2032/2000 1088/2033/2001 1768/2030/1998
f 1772/2035/2003 1773/2036/2004 1088/2033/2001
f 1095/639/581 1097/2038/2006 1772/2035/2003
f 1789/2057/2023 1786/693/628 1096/715/647
f 1123/648/588 1800/619/561 1802/2067/2033
f 1800/619/561 1051/618/560 1054/2012/1980
f 1132/655/594 1134/2076/2042 1807/2073/2039
f 1818/2083/2049 1125/2070/2036 1124/2072/2038
f 1232/1/1 93/70/2 1/2/2
f 1183/4/4 220/182/160 20/5/5
f 89/7/2 1177/61/56 226/8/7
f 215/10/8 24/76/68 114/11/9
f 4/13/2 90/43/39 1197/14/11
f 211/18/15 1228/162/143 102/19/16
f 225/21/18 15/83/74 109/22/19
f 3/9/2 88/27/2 1172/24/21
f 1187/26/23 216/158/140 4/13/2
f 1193/12/10 114/11/9 22/28/24
f 230/29/25 22/28/24 108/36/32
f 1208/37/33 108/36/32 23/38/34
f 90/43/39 2/154/2 235/44/40
f 240/39/35 23/38/34 115/45/41
f 1223/46/42 115/45/41 1335/47/43
f 268/49/45 25/103/93 113/50/46
f 91/51/2 5/151/135 245/52/47
f 1233/54/49 200/16/13 16/17/14
f 279/58/53 1243/66/61 110/59/54
f 1/2/2 210/194/169 1177/61/56
f 1248/62/57 273/56/51 17/57/52
f 1243/66/61 289/2099/687 1332/67/62
f 6/68/2 278/128/115 1227/69/63
f 24/76/68 322/125/113 1272/77/69
f 15/83/74 103/87/78 1257/84/75
f 15/83/74 332/85/76 1267/86/77
f 103/87/78 14/20/17 316/88/79
f 22/28/24 337/155/138 1287/93/84
f 23/38/34 347/188/164 1302/99/89
f 115/45/41 1302/99/89 357/105/95
f 14/20/17 102/19/16 1307/109/98
f 102/19/16 13/60/55 383/110/99
f 13/60/55 110/59/54 1322/116/104
f 110/59/54 1332/67/62 395/117/105
f 1178/119/107 211/18/15 14/20/17
f 1238/120/108 284/64/59 21/65/60
f 107/121/109 21/65/60 388/118/106
f 226/8/7 1187/26/23 88/27/2
f 1188/23/20 109/22/19 24/76/68
f 109/22/19 1267/86/77 322/125/113
f 94/127/2 1242/144/128 278/128/115
f 201/3/3 1/2/2 89/7/2
f 236/32/28 19/31/27 117/90/81
f 1213/133/118 250/729/659 1336/134/119
f 111/135/120 1336/134/119 356/136/121
f 225/21/18 1178/119/107 103/87/78
f 1237/143/127 290/761/698 1242/144/128
f 283/145/129 1237/143/127 94/127/2
f 5/151/135 92/167/135 1217/152/136
f 1192/153/137 231/159/141 2/154/2
f 114/11/9 1272/77/69 337/155/138
f 216/158/140 1192/153/137 90/43/39
f 231/159/141 1207/187/163 91/51/2
f 1228/162/143 279/58/53 13/60/55
f 1365/163/144 137/211/186 1455/164/145
f 92/167/135 1212/170/150 269/168/148
f 1222/169/149 251/738/668 1212/170/150
f 1238/175/108 107/179/109 1333/176/155
f 274/178/157 6/68/2 93/70/2
f 107/179/109 1317/1482/110 393/180/158
f 1247/146/130 94/127/2 6/68/2
f 2/154/2 91/51/2 1202/53/48
f 1213/133/118 111/135/120 25/185/93
f 1207/187/163 241/195/170 5/151/135
f 108/36/32 1287/93/84 347/188/164
f 111/189/120 1292/1463/122 374/190/165
f 1182/129/116 89/7/2 3/9/2
f 88/27/2 4/13/2 205/15/12
f 93/70/2 1227/69/63 210/194/169
f 241/195/170 1222/169/149 92/167/135
f 504/199/174 1491/202/177 136/200/175
f 1491/202/177 720/1096/1041 1445/203/178
f 435/210/185 1481/282/257 137/211/186
f 138/212/187 1468/1629/1594 666/213/188
f 425/220/195 1380/299/274 135/221/196
f 135/221/196 1486/1646/1619 632/226/201
f 411/237/212 1456/1619/1574 120/238/213
f 1357/250/225 121/302/277 1361/251/226
f 1385/263/238 138/212/187 1485/264/239
f 479/273/248 1468/1629/1594 138/212/187
f 1481/282/257 580/965/905 1411/283/258
f 1401/201/176 136/200/175 1472/284/259
f 1348/289/264 121/302/277 1357/250/225
f 464/298/273 1486/1646/1619 135/221/196
f 136/200/175 1445/203/178 703/304/279
f 120/238/213 1456/1619/1574 600/308/283
f 1485/264/239 138/212/187 1431/214/189
f 445/318/293 1371/239/214 120/238/213
f 120/238/213 1415/309/284 614/320/295
f 137/211/186 1411/283/258 598/321/296
f 118/295/270 1473/294/269 702/332/307
f 135/221/196 1426/227/202 650/341/316
f 454/343/318 1396/293/268 118/295/270
f 1478/344/319 118/295/270 1440/333/308
f 1554/346/321 145/415/322 36/347/322
f 141/352/322 1499/406/375 763/353/327
f 752/355/328 59/421/387 166/356/329
f 39/358/322 142/388/322 1519/359/331
f 748/363/335 1550/509/462 154/364/336
f 762/366/338 50/428/393 161/367/339
f 38/354/322 140/372/322 1494/369/341
f 1509/371/343 753/505/459 39/358/322
f 1515/357/330 166/356/329 57/373/344
f 767/374/345 57/373/344 160/381/352
f 1530/382/353 160/381/352 58/383/354
f 142/388/322 37/501/322 772/389/359
f 777/384/355 58/383/354 167/390/360
f 1545/391/361 167/390/360 1657/392/362
f 143/396/322 40/498/453 782/397/366
f 815/403/372 1565/411/380 162/404/373
f 36/347/322 747/539/489 1499/406/375
f 820/409/378 1570/407/376 164/408/377
f 1565/411/380 825/2100/1086 1654/412/381
f 41/413/322 814/475/433 1549/414/382
f 59/421/387 857/472/431 1594/422/388
f 50/428/393 155/432/397 1579/429/394
f 50/428/393 867/430/395 1589/431/396
f 155/432/397 49/365/337 851/433/398
f 57/373/344 872/502/456 1609/438/403
f 58/383/354 882/533/484 1624/444/408
f 167/390/360 1624/444/408 892/450/414
f 49/365/337 154/364/336 1629/454/416
f 154/364/336 48/405/374 918/455/417
f 48/405/374 162/404/373 1644/461/422
f 162/404/373 1654/412/381 930/462/423
f 1500/464/425 748/363/335 49/365/337
f 1560/465/426 820/1761/378 56/466/379
f 159/467/427 56/466/379 923/468/424
f 763/353/327 1509/371/343 140/372/322
f 1510/368/340 161/367/339 59/421/387
f 161/367/339 1589/431/396 857/472/431
f 146/474/322 1564/491/446 814/475/433
f 738/348/323 36/347/322 141/352/322
f 1535/480/436 787/1113/1058 1658/481/437
f 163/482/438 1658/481/437 891/483/439
f 762/366/338 1500/464/425 155/432/397
f 1559/490/445 826/1145/1096 1564/491/446
f 819/492/447 1559/490/445 146/474/322
f 40/498/453 144/514/467 1539/499/454
f 1514/500/455 768/506/460 37/501/322
f 166/356/329 1594/422/388 872/502/456
f 753/505/459 1514/500/455 142/388/322
f 768/506/460 1529/532/483 143/396/322
f 1550/509/462 815/403/372 48/405/374
f 1720/510/463 175/607/464 62/511/464
f 144/514/467 1534/517/470 805/515/468
f 1544/516/469 788/1122/1067 1534/517/470
f 1560/465/426 159/467/427 1655/522/475
f 810/524/477 41/413/322 145/415/322
f 159/467/427 1639/469/428 928/525/478
f 1569/493/448 146/474/322 41/413/322
f 37/501/322 143/396/322 1524/398/367
f 1535/480/436 163/482/438 60/530/412
f 1529/532/483 778/540/490 40/498/453
f 160/381/352 1609/438/403 882/533/484
f 163/534/438 1614/2101/440 909/535/485
f 1504/476/434 141/352/322 38/354/322
f 140/372/322 39/358/322 742/360/332
f 145/415/322 1549/414/382 747/539/489
f 778/540/490 1544/516/469 144/514/467
f 171/544/464 1665/598/543 971/545/494
f 960/547/495 85/613/555 196/548/496
f 65/550/464 172/580/464 1685/551/498
f 956/555/502 1716/699/633 184/556/503
f 970/558/505 76/620/562 191/559/506
f 64/546/464 170/564/464 1660/561/508
f 1675/563/510 961/695/630 65/550/464
f 1681/549/497 196/548/496 83/565/511
f 975/566/512 83/565/511 190/573/519
f 1696/574/520 190/573/519 84/575/521
f 172/580/464 63/691/626 980/581/526
f 985/576/522 84/575/521 197/582/527
f 1711/583/528 197/582/527 1823/584/529
f 173/588/533 66/688/623 990/589/534
f 1023/595/540 1731/603/548 192/596/541
f 62/511/464 955/727/657 1665/598/543
f 1731/603/548 1033/1213/1168 1820/604/549
f 67/605/464 1022/665/603 1715/606/550
f 85/613/555 1066/662/601 1760/614/556
f 76/620/562 185/624/566 1745/621/563
f 76/620/562 1076/622/564 1755/623/565
f 185/624/566 75/557/504 1060/625/567
f 83/565/511 1081/692/627 1775/630/572
f 84/575/521 1091/722/652 1790/636/578
f 197/582/527 1790/636/578 1101/642/584
f 75/557/504 184/556/503 1795/646/586
f 184/556/503 74/597/542 1127/647/587
f 74/597/542 192/596/541 1810/653/592
f 192/596/541 1820/604/549 1139/654/593
f 1666/656/595 956/555/502 75/557/504
f 1726/657/596 1028/601/546 82/602/547
f 971/545/494 1675/563/510 170/564/464
f 1676/560/507 191/559/506 85/613/555
f 191/559/506 1755/623/565 1066/662/601
f 176/664/464 1730/681/616 1022/665/603
f 946/512/465 62/511/464 171/544/464
f 1701/670/606 995/1184/1138 1824/671/607
f 193/672/608 1824/671/607 1100/673/609
f 970/558/505 1666/656/595 185/624/566
f 1725/680/615 1034/1223/1179 1730/681/616
f 1027/682/617 1725/680/615 176/664/464
f 66/688/623 174/701/635 1705/689/624
f 1680/690/625 976/696/631 63/691/626
f 196/548/496 1760/614/556 1081/692/627
f 961/695/630 1680/690/625 172/580/464
f 976/696/631 1695/721/651 173/588/533
f 1716/699/633 1023/595/540 74/597/542
f 174/701/635 1700/704/638 1013/702/636
f 1710/703/637 996/1193/1147 1700/704/638
f 1726/709/596 189/713/597 1821/710/643
f 1018/712/645 67/605/464 175/607/464
f 189/713/597 1805/2102/598 1137/714/646
f 1735/683/618 176/664/464 67/605/464
f 63/691/626 173/588/533 1690/590/535
f 1701/670/606 193/672/608 86/719/582
f 1695/721/651 986/728/658 66/688/623
f 190/573/519 1775/630/572 1091/722/652
f 193/672/608 1780/674/610 1118/723/653
f 1670/666/604 171/544/464 64/546/464
f 170/564/464 65/550/464 950/552/499
f 175/607/464 1715/606/550 955/727/657
f 986/728/658 1710/703/637 174/701/635
f 250/729/659 253/732/662 256/730/660
f 253/732/662 254/741/671 257/733/663
f 256/730/660 257/733/663 258/735/665
f 259/736/666 262/740/670 261/737/667
f 260/739/669 263/742/672 262/740/670
f 262/740/670 257/733/663 254/741/671
f 263/742/672 258/735/665 257/733/663
f 252/743/44 264/746/2073 266/744/673
f 264/746/675 255/2103/2074 267/734/676
f 265/745/674 266/744/673 263/742/677
f 266/744/673 267/734/676 258/735/679
f 288/177/156 291/2104/682 293/747/680
f 292/748/681 293/747/680 305/751/684
f 293/747/680 294/750/683 295/753/686
f 289/754/687 296/757/690 299/755/688
f 296/757/690 297/763/1354 300/758/691
f 298/756/692 299/755/688 294/750/693
f 299/755/688 300/758/691 295/753/695
f 301/759/696 304/762/699 303/760/697
f 302/752/685 305/751/684 304/762/699
f 304/762/699 300/758/701 297/763/700
f 305/751/684 295/753/686 300/758/701
f 356/136/121 359/1506/704 361/764/702
f 360/768/703 361/771/702 372/769/706
f 361/771/702 362/777/705 363/772/708
f 357/105/95 364/775/711 366/773/709
f 364/775/711 365/781/719 367/776/712
f 366/773/709 367/776/712 363/772/714
f 368/778/716 371/780/718 370/779/717
f 369/770/707 372/769/720 371/780/718
f 371/780/718 367/776/712 365/781/719
f 372/769/720 363/772/714 367/776/712
f 393/180/158 396/1483/723 399/782/721
f 396/784/723 397/795/732 400/785/724
f 399/786/721 400/785/724 401/789/726
f 402/790/727 405/794/731 404/791/728
f 403/793/730 406/796/733 405/794/731
f 405/794/731 400/785/734 397/795/732
f 406/796/733 401/789/739 400/785/734
f 395/117/105 398/1497/737 408/797/735
f 407/798/736 408/797/735 406/796/733
f 408/797/735 409/788/2075 401/789/739
f 413/800/740 416/803/743 415/801/741
f 414/802/742 421/811/749 416/803/743
f 416/803/743 421/811/749 417/805/745
f 418/807/746 421/810/749 420/808/747
f 419/809/748 417/815/745 421/810/749
f 424/813/751 417/815/745 419/809/748
f 428/816/752 430/2105/2076 429/817/753
f 429/817/755 430/2105/2077 1171/818/756
f 434/823/761 432/2106/2078 1171/818/762
f 442/829/768 1827/836/2079 440/830/769
f 443/832/773 439/1643/2080 438/834/774
f 444/835/776 440/830/2081 1827/836/777
f 449/1551/2082 453/1550/2083 1828/2107/2084
f 457/848/789 459/851/2085 458/849/790
f 458/849/793 459/851/2086 1170/852/794
f 467/860/802 470/863/805 469/861/803
f 472/868/809 471/866/807 468/862/804
f 475/872/811 478/874/813 477/873/812
f 476/865/806 470/864/805 478/874/813
f 478/874/813 470/864/805 471/866/807
f 482/876/814 488/879/2087 483/877/815
f 482/876/817 1829/884/824 484/878/818
f 492/888/826 495/892/830 494/889/827
f 495/892/830 503/895/833 501/893/831
f 495/892/830 493/891/829 496/894/832
f 498/897/835 496/894/832 493/891/829
f 500/901/837 503/903/833 502/902/838
f 516/915/847 519/918/850 518/916/848
f 517/917/849 520/920/852 519/918/850
f 519/918/850 530/921/853 527/919/851
f 514/922/227 521/925/856 524/923/854
f 521/925/856 522/931/865 525/926/857
f 523/924/855 524/923/854 520/920/858
f 524/923/859 525/926/2088 530/927/860
f 526/928/862 529/930/864 528/929/863
f 527/919/851 530/921/866 529/930/864
f 529/930/864 525/926/867 522/931/865
f 534/932/868 537/935/871 536/933/869
f 535/934/870 538/937/873 537/935/871
f 537/935/871 548/938/874 545/936/872
f 532/939/265 539/942/877 542/940/875
f 539/942/877 540/948/886 543/943/878
f 541/941/876 542/940/875 538/937/879
f 542/940/880 543/943/2089 548/944/881
f 544/945/883 547/947/885 546/946/884
f 545/936/872 548/938/887 547/947/885
f 547/947/885 543/943/888 540/948/886
f 552/949/889 555/952/892 554/950/890
f 553/951/891 556/960/900 555/952/892
f 555/952/892 567/955/895 564/953/893
f 555/952/892 556/960/900 557/954/894
f 558/956/896 561/959/899 560/957/897
f 559/958/898 562/964/904 561/959/899
f 561/959/899 556/960/900 553/951/891
f 561/959/899 562/964/904 557/954/894
f 563/961/901 566/963/903 565/962/902
f 564/953/893 567/955/895 566/963/903
f 566/963/903 562/964/904 559/958/898
f 566/963/903 567/955/895 557/954/894
f 580/965/905 583/1640/908 585/966/906
f 584/967/907 585/966/906 597/970/910
f 585/966/906 586/969/909 587/972/912
f 581/311/286 588/975/915 591/973/913
f 588/975/915 589/981/925 592/976/916
f 590/974/917 591/973/2090 586/969/918
f 591/973/913 592/976/916 587/972/920
f 593/977/922 596/980/924 595/978/923
f 594/971/911 597/970/926 596/980/924
f 596/980/924 592/976/927 589/981/925
f 597/970/926 587/972/2091 592/976/927
f 601/982/928 604/985/931 603/983/929
f 602/984/930 605/2108/2092 604/985/931
f 604/985/931 605/2109/2092 611/986/932
f 606/987/933 609/991/936 608/988/934
f 607/990/935 605/2110/2092 609/991/936
f 609/991/936 605/2108/2092 602/984/930
f 610/992/937 613/994/939 612/993/938
f 611/986/932 605/2109/2092 613/994/939
f 613/994/939 605/2110/2092 607/990/935
f 614/320/295 617/997/942 620/995/940
f 617/997/942 618/1006/950 621/998/943
f 620/995/940 621/998/943 622/1000/945
f 623/1001/946 626/1005/949 625/1002/947
f 624/1004/948 627/1007/951 626/1005/949
f 626/1005/949 621/998/943 618/1006/950
f 627/1007/951 622/1000/945 621/998/943
f 616/312/287 628/1010/1576 630/1008/952
f 628/1010/954 619/1622/1578 631/999/955
f 629/1009/953 630/1008/952 627/1007/951
f 630/1008/952 631/999/955 622/1000/945
f 635/1011/956 638/1014/959 637/1012/957
f 636/1013/958 639/1023/961 638/1014/959
f 638/1014/959 649/1017/962 646/1015/960
f 640/1018/963 643/1021/966 642/1019/964
f 641/1020/965 644/1022/967 643/1021/966
f 643/1021/966 639/1023/961 636/1013/958
f 645/1024/968 648/1027/970 647/1025/969
f 646/1015/960 649/1017/962 648/1027/970
f 648/1027/970 644/1022/967 641/1020/965
f 649/1017/962 639/1016/961 644/1022/967
f 650/341/316 653/1030/973 665/1028/971
f 653/1030/973 654/1040/983 656/1031/974
f 658/1035/978 661/1039/982 660/1036/979
f 659/1038/980 656/1046/989 661/1039/981
f 661/1039/982 656/1031/974 654/1040/983
f 652/1042/984 662/1045/987 665/1043/985
f 664/1044/986 665/1043/985 656/1046/989
f 666/213/188 669/1049/1591 671/1047/990
f 669/1049/992 676/1628/1593 672/1050/993
f 670/1048/991 671/1047/990 683/1051/994
f 671/1047/990 672/1050/993 673/1053/996
f 667/315/290 674/1056/999 677/1054/997
f 674/1056/999 675/1062/1005 678/1057/1000
f 677/1054/997 678/1057/1000 673/1053/996
f 679/1058/1002 682/1061/1004 681/1059/1003
f 680/1052/995 683/1051/994 682/1061/1004
f 682/1061/1004 678/1057/1000 675/1062/1005
f 683/1051/994 673/1053/996 678/1057/1000
f 684/345/320 687/1065/1008 690/1063/1006
f 687/1065/1008 688/1075/1018 691/1066/1009
f 689/1064/1010 690/1063/1006 701/1067/1011
f 690/1063/1006 691/1066/1009 692/1069/1013
f 693/1070/1014 696/1074/1017 695/1071/1015
f 694/1073/1016 697/1076/1019 696/1074/1017
f 696/1074/1017 691/1066/1009 688/1075/1018
f 697/1076/1019 692/1069/1013 691/1066/1009
f 686/307/282 698/1635/1022 700/1077/1020
f 699/1078/1021 700/1077/1020 697/1076/1024
f 700/1077/1020 701/1067/1023 692/1069/1025
f 705/1079/1026 708/1082/1029 707/1080/1027
f 706/1081/1028 709/1091/1031 708/1082/1029
f 708/1082/1029 719/1085/1032 716/1083/1030
f 710/1086/1033 713/1089/1036 712/1087/1034
f 711/1088/1035 714/1090/1037 713/1089/1036
f 713/1089/1036 709/1091/1031 706/1081/1028
f 715/1092/1038 718/1095/1040 717/1093/1039
f 716/1083/1030 719/1085/1032 718/1095/1040
f 718/1095/1040 714/1090/1037 711/1088/1035
f 719/1085/1032 709/1084/1031 714/1090/1037
f 720/1096/1041 723/2111/1044 725/1097/1042
f 724/1098/1043 725/1097/1042 736/1101/1046
f 725/1097/1042 726/1100/1045 727/1103/1048
f 721/306/281 728/1106/1051 730/1104/1049
f 728/1106/1051 729/1112/1057 731/1107/1052
f 730/1104/1049 731/1107/1052 727/1103/1048
f 732/1108/1054 735/1111/1056 734/1109/1055
f 733/1102/1047 736/1101/1046 735/1111/1056
f 735/1111/1056 731/1107/1052 729/1112/1057
f 736/1101/1046 727/1103/1048 731/1107/1052
f 787/1113/1058 790/1116/1061 792/1114/1059
f 790/1116/1061 791/1125/1070 793/1117/1062
f 792/1114/1059 793/1117/1062 794/1119/1064
f 795/1120/1065 798/1124/1069 797/1121/1066
f 796/1123/1068 799/1126/1071 798/1124/1069
f 798/1124/1069 793/1117/1062 791/1125/1070
f 799/1126/1071 794/1119/1064 793/1117/1062
f 789/1127/363 800/2112/1074 802/1128/1072
f 801/1129/1073 802/1128/1072 799/1126/1076
f 802/1128/1072 803/1118/2093 794/1119/1078
f 824/523/476 827/2113/1081 829/1131/1079
f 828/1132/1080 829/1131/1079 840/1135/1083
f 829/1131/1079 830/1134/1082 831/1137/1085
f 825/1138/1086 832/1141/1089 834/1139/1087
f 832/1141/1089 833/1147/1740 835/1142/1090
f 834/1139/1087 835/1142/1090 831/1137/1092
f 836/1143/1094 839/1146/1097 838/1144/1095
f 837/1136/1084 840/1135/1083 839/1146/1097
f 839/1146/1097 835/1142/1099 833/1147/1098
f 840/1135/1083 831/1137/1085 835/1142/1099
f 891/483/439 894/1872/1102 896/1148/1100
f 895/1152/1101 896/1155/1100 907/1153/1104
f 896/1155/1100 897/1161/2094 898/1156/1106
f 892/450/414 899/1159/1109 901/1157/1107
f 899/1159/1109 900/1165/1116 902/1160/1110
f 901/1157/1107 902/1160/1110 898/1156/1112
f 903/1162/1113 906/1164/1115 905/1163/1114
f 904/1154/1105 907/1153/1117 906/1164/1115
f 906/1164/1115 902/1160/1110 900/1165/1116
f 907/1153/1117 898/1156/1112 902/1160/1110
f 928/525/478 931/1851/1120 933/1166/1118
f 931/1168/1120 932/1179/1130 934/1169/1121
f 933/1170/1118 934/1169/1121 935/1173/1123
f 936/1174/1125 939/1178/1129 938/1175/1126
f 937/1177/1128 940/1180/1131 939/1178/1129
f 939/1178/1129 934/1169/1132 932/1179/1130
f 940/1180/1131 935/1173/1137 934/1169/1132
f 930/462/423 941/1866/1135 943/1181/1133
f 942/1182/1134 943/1181/1133 940/1180/1131
f 943/1181/1133 944/1172/1136 935/1173/1137
f 995/1184/1138 998/1187/1141 1001/1185/1139
f 998/1187/1141 999/1198/1150 1002/1188/1142
f 1001/1185/1139 1002/1188/1142 1003/1190/1144
f 1004/1191/1145 1007/1197/1149 1006/1192/1146
f 1005/1194/1148 1008/1199/1151 1007/1195/1149
f 1007/1197/1149 1002/1188/1142 999/1198/1150
f 1008/1199/1151 1003/1205/1144 1002/1200/1142
f 997/585/1152 1000/2089/2095 1010/1201/1153
f 1009/1202/1154 1010/1201/1153 1008/1199/1158
f 1010/1201/1153 1011/1204/2096 1003/1205/1160
f 1032/711/644 1035/2114/1163 1037/1206/1161
f 1036/1207/1162 1037/1206/1161 1049/1210/1165
f 1037/1206/1161 1038/1209/1164 1039/1212/1167
f 1033/1213/1168 1040/1216/1171 1043/1214/1169
f 1040/1216/1171 1041/1226/1956 1044/1217/1172
f 1042/1215/1173 1043/1214/1169 1038/1218/1174
f 1043/1214/1169 1044/1217/1172 1039/1220/1176
f 1045/1221/1177 1048/1224/1180 1047/1222/1178
f 1046/1211/1166 1049/1210/1165 1048/1224/1180
f 1048/1225/1180 1044/1217/1182 1041/1226/1181
f 1049/1210/1165 1039/1212/1167 1044/1228/1182
f 1100/673/609 1103/2092/1185 1105/1229/1183
f 1104/1234/1184 1105/1233/1183 1116/1235/1187
f 1105/1233/1183 1106/1232/2097 1107/1237/1189
f 1101/642/584 1108/1240/1192 1110/1238/1190
f 1108/1240/1192 1109/1245/1199 1111/1241/1193
f 1110/1238/1190 1111/1241/1193 1107/1237/1195
f 1112/1242/1196 1115/1244/1198 1114/1243/1197
f 1113/1236/1188 1116/1235/1200 1115/1244/1198
f 1115/1244/1198 1111/1241/1193 1109/1245/1199
f 1116/1235/1200 1107/1237/1195 1111/1241/1193
f 1137/1246/646 1140/1249/1203 1142/1247/1201
f 1140/1249/1203 1141/1258/1213 1143/1250/1204
f 1142/1247/1201 1143/1250/1204 1144/1252/1206
f 1145/1253/1208 1148/1257/1212 1147/1254/1209
f 1146/1256/1211 1149/1259/1214 1148/1257/1212
f 1148/1257/1212 1143/1250/1215 1141/1258/1213
f 1149/1259/1214 1144/1252/1220 1143/1250/1215
f 1139/654/593 1150/2086/1218 1152/1260/1216
f 1151/1261/1217 1152/1260/1216 1149/1259/1214
f 1152/1260/1216 1153/1251/1219 1144/1252/1220
f 1155/1265/1223 1158/1264/1222 1157/1267/1225
f 1156/1263/1221 1159/1268/2098 1158/1264/1222
f 1158/1264/1222 1160/1269/1227 1167/1266/1224
f 1154/1270/1228 1161/1273/1231 1164/1271/1229
f 1161/1273/1231 1162/2115/2099 1165/1274/1232
f 1163/1272/1230 1164/1271/1229 1159/1275/1233
f 1164/1271/1229 1165/1274/1232 1160/1277/1235
f 1166/1279/1237 1169/1278/1236 1168/1281/1239
f 1167/1266/1224 1160/1269/1227 1169/1278/1236
f 1169/1278/1236 1165/1283/2100 1162/1280/1238
f 221/25/22 1172/24/21 1174/1284/1241
f 224/1285/1242 1174/1284/1241 1175/1286/1243
f 223/1288/1245 1175/1293/1250 1176/1289/1246
f 1176/1289/1246 1173/139/124 220/182/160
f 1172/24/21 205/15/12 207/1291/1248
f 1174/1284/1241 207/1291/1248 208/1292/1249
f 1175/1293/1250 208/1332/1288 209/1294/1251
f 209/1294/1251 206/35/31 1173/139/124
f 1177/61/56 1179/1296/1253 229/1295/1252
f 1179/1296/1253 1180/1298/1259 228/1297/1254
f 1180/1298/1255 1181/1304/1261 227/1299/1256
f 227/1299/1256 1181/1304/1261 1178/1300/107
f 210/194/169 212/1302/1258 1179/1296/1253
f 212/1302/1258 213/1303/1327 1180/1298/1259
f 213/1303/1260 214/1372/1329 1181/1304/1261
f 1181/1304/1261 214/1372/1329 211/1305/15
f 1182/129/116 1184/1307/1263 204/1306/1262
f 1184/1307/1263 1185/1309/1268 203/1308/1264
f 1185/1309/1265 1186/1312/1269 202/1310/1266
f 202/1311/1266 1186/1313/1269 1183/4/4
f 221/25/22 224/1285/1242 1184/1307/1263
f 224/1285/1242 223/1287/1244 1185/1309/1268
f 223/1287/1245 222/2116/1247 1186/1312/1269
f 1186/1313/1269 222/1290/1247 220/182/160
f 216/158/140 1187/26/23 1189/1314/1270
f 219/1315/1271 1189/1314/1270 1190/1316/1272
f 218/1317/1274 1190/1316/1277 1191/1318/1275
f 1191/1318/1275 1188/1321/20 215/1320/8
f 1187/26/23 226/8/7 229/1295/1252
f 1189/1314/1270 229/1295/1252 228/1297/1254
f 1190/1316/1277 228/1297/1257 227/1299/1256
f 227/1299/1256 225/1301/18 1188/1321/20
f 231/159/141 1192/153/137 1194/1322/1278
f 234/1323/1279 1194/1322/1278 1195/1324/1280
f 233/1325/1282 1195/1324/1285 1196/1326/1283
f 1196/1326/1283 1193/1329/10 230/1328/25
f 1192/153/137 216/158/140 219/1315/1271
f 1194/1322/1278 219/1315/1271 218/1317/1273
f 1195/1324/1285 218/1317/1274 217/1319/1276
f 217/1319/1276 215/1320/8 1193/1329/10
f 205/15/12 1197/14/11 1199/1330/1286
f 207/1291/1248 1199/1330/1286 1200/1331/1287
f 208/1332/1288 1200/1336/1292 1201/1333/1289
f 1201/1333/1289 1198/33/29 206/35/31
f 1197/14/11 235/44/40 237/1334/1290
f 1199/1330/1286 237/1334/1290 238/1335/1291
f 1200/1336/1292 238/1340/1296 239/1337/1293
f 239/1337/1293 236/32/28 1198/33/29
f 235/44/40 1202/53/48 1204/1338/1294
f 237/1334/1290 1204/1338/1294 1205/1339/1295
f 238/1340/1296 1205/1344/1300 1206/1341/1297
f 1206/1341/1297 1203/30/26 236/32/28
f 1202/53/48 245/52/47 247/1342/1298
f 1204/1338/1294 247/1342/1298 248/1343/1299
f 1205/1344/1300 248/1362/1318 249/1345/1301
f 249/1345/1301 246/42/38 1203/30/26
f 241/195/170 1207/187/163 1209/1346/1302
f 244/1347/1303 1209/1346/1302 1210/1348/1304
f 243/1349/1306 1210/1348/1309 1211/1350/1307
f 1211/1350/1307 1208/1353/33 240/1352/35
f 1207/187/163 231/159/141 234/1323/1279
f 1209/1346/1302 234/1323/1279 233/1325/1281
f 1210/1348/1309 233/1325/1282 232/1327/1284
f 232/1327/1284 230/1328/25 1208/1353/33
f 1212/170/150 1214/1355/1311 272/1354/1310
f 1214/1355/1311 1215/1357/1313 271/1356/1312
f 1215/1357/1313 1216/1359/1315 270/1358/1314
f 1216/1359/1315 1213/133/118 268/186/45
f 251/738/668 261/737/667 1214/1355/1311
f 261/737/667 254/741/671 1215/1357/1313
f 254/741/671 253/732/662 1216/1359/1315
f 253/732/662 250/729/659 1213/133/118
f 245/52/47 1217/152/136 1219/1360/1316
f 247/1342/1298 1219/1360/1320 1220/1361/1317
f 248/1362/1318 1220/1364/1321 1221/1363/1319
f 249/1345/1301 1221/1363/1319 1218/40/36
f 1217/152/136 269/168/148 272/1354/1310
f 1219/1360/1320 272/1354/1310 271/1356/1312
f 1220/1364/1321 271/2117/1312 270/1365/1314
f 270/1365/1314 268/49/45 1218/40/36
f 251/738/668 1222/169/149 1224/1366/1322
f 259/736/666 1224/1366/1322 1225/1367/1323
f 260/739/678 1225/1367/1325 1226/1368/1324
f 265/745/674 1226/1368/1324 1223/1369/42
f 1222/169/149 241/195/170 244/1347/1303
f 1224/1366/1322 244/1347/1303 243/1349/1305
f 1225/1367/1325 243/1349/1306 242/1351/1308
f 1226/1368/1324 242/1351/1308 240/1352/35
f 1227/69/63 1229/1370/1326 212/1302/1258
f 1229/1370/1326 1230/1371/1331 213/1303/1327
f 1230/1371/1328 1231/1376/1333 214/1372/1329
f 214/1372/1329 1231/1376/1333 1228/1373/143
f 278/128/115 280/1374/1330 1229/1370/1326
f 280/1374/1330 281/1375/1349 1230/1371/1331
f 281/1375/1332 282/1395/1351 1231/1376/1333
f 1231/1376/1333 282/1395/1351 279/1377/53
f 1232/1/1 1234/1379/1335 277/1378/1334
f 1234/1379/1335 1235/1381/1340 276/1380/1336
f 1235/1381/1337 1236/1384/1341 275/1382/1338
f 275/1383/1338 1236/1385/1341 1233/54/49
f 201/3/3 204/1306/1262 1234/1379/1335
f 204/1306/1262 203/1308/1264 1235/1381/1340
f 203/1308/1267 202/1310/1266 1236/1384/1341
f 1236/1385/1341 202/1311/1266 200/16/13
f 290/761/698 1237/143/127 1239/1386/1342
f 301/759/696 1239/1386/1342 1240/1387/1343
f 302/752/685 1240/1387/1343 1241/1388/1344
f 292/748/681 1241/1388/1344 1238/175/108
f 1237/143/127 283/145/129 285/1389/1345
f 1239/1386/1342 285/1389/1345 286/1390/1346
f 1240/1387/1343 286/1390/1346 287/1391/1347
f 1241/1388/1344 287/1391/1347 284/1392/59
f 1242/144/128 1244/1393/1348 280/1374/1330
f 1244/1393/1348 1245/1394/1353 281/1375/1349
f 1245/1394/1350 1246/1396/1352 282/1395/1351
f 1246/1396/1352 1243/1397/61 279/1377/53
f 290/761/698 303/760/697 1244/1393/1348
f 303/760/697 297/763/700 1245/1394/1353
f 297/763/1354 296/757/690 1246/1396/1352
f 296/757/690 289/754/687 1243/1397/61
f 1247/146/130 1249/1398/1355 285/1389/1345
f 1249/1398/1355 1250/1399/1357 286/1390/1346
f 1250/1399/1356 1251/1401/1358 287/1391/1347
f 287/1400/1347 1251/1402/1358 1248/62/57
f 274/178/157 277/1378/1334 1249/1398/1355
f 277/1378/1334 276/1380/1336 1250/1399/1357
f 276/1380/1339 275/1382/1338 1251/1401/1358
f 275/1383/1338 273/56/51 1248/62/57
f 1252/142/126 1254/1404/1360 330/1403/1359
f 1254/1404/1360 1255/1406/1362 329/1405/1361
f 1255/1406/1362 1256/1408/1364 328/1407/1363
f 1256/1408/1364 1253/192/167 326/193/168
f 311/91/82 313/1409/1365 1254/1404/1360
f 313/1409/1365 314/1410/1366 1255/1406/1362
f 314/1410/1366 315/1411/1367 1256/1408/1364
f 315/1411/1367 312/191/166 1253/192/167
f 332/85/76 1257/84/75 1259/1412/1368
f 335/1413/1369 1259/1412/1368 1260/1414/1370
f 334/1415/1371 1260/1414/1370 1261/1416/1372
f 333/1417/1373 1261/1416/1372 1258/123/111
f 1257/84/75 316/88/79 318/1418/1374
f 1259/1412/1368 318/1418/1374 319/1419/1375
f 1261/1416/1372 320/1420/1376 317/124/112
f 307/81/72 1262/72/65 1264/1421/1377
f 309/1424/1380 1265/1423/1379 1266/1425/1381
f 1262/72/65 327/71/64 330/1403/1359
f 1264/1421/1377 330/1403/1359 329/1405/1361
f 1265/1423/1379 329/1405/1361 328/1407/1363
f 1266/1425/1381 328/1407/1363 326/193/168
f 1267/86/77 1269/1428/1384 325/1427/1383
f 1269/1428/1384 1270/1430/1386 324/1429/1385
f 1270/1430/1386 1271/1432/1388 323/1431/1387
f 1271/1432/1388 1268/161/142 321/183/161
f 332/85/76 335/1413/1369 1269/1428/1384
f 335/1413/1369 334/1415/1371 1270/1430/1386
f 334/1415/1371 333/1417/1373 1271/1432/1388
f 333/1417/1373 331/126/114 1268/161/142
f 1272/77/69 1274/1434/1390 340/1433/1389
f 1274/1434/1390 1275/1436/1392 339/1435/1391
f 1275/1436/1392 1276/1438/1394 338/1437/1393
f 322/125/113 325/1427/1383 1274/1434/1390
f 325/1427/1383 324/1429/1385 1275/1436/1392
f 324/1429/1385 323/1431/1387 1276/1438/1394
f 323/1431/1387 321/183/161 1273/94/85
f 1277/92/83 1279/1439/1395 313/1409/1365
f 1279/1439/1395 1280/1440/1396 314/1410/1366
f 1280/1440/1396 1281/1441/1397 315/1411/1367
f 1281/1441/1397 1278/74/67 312/191/166
f 343/1442/1398 344/1443/1399 1280/1440/1396
f 345/1444/1400 342/138/123 1278/74/67
f 1282/98/88 1284/1445/1401 343/1442/1398
f 1284/1445/1401 1285/1446/1402 344/1443/1399
f 1285/1446/1402 1286/1447/1403 345/1444/1400
f 1286/1447/1403 1283/184/162 342/138/123
f 351/102/92 353/1448/1404 1284/1445/1401
f 354/1449/1405 355/1450/1406 1286/1447/1403
f 355/1450/1406 352/181/159 1283/184/162
f 1287/93/84 1289/1452/1408 350/1451/1407
f 1289/1452/1408 1290/1454/1410 349/1453/1409
f 1290/1454/1410 1291/1456/1412 348/1455/1411
f 1291/1456/1412 1288/80/71 346/101/91
f 337/155/138 340/1433/1389 1289/1452/1408
f 340/1433/1389 339/1435/1391 1290/1454/1410
f 339/1435/1391 338/1437/1393 1291/1456/1412
f 338/1437/1393 336/78/70 1288/80/71
f 374/190/165 1292/1463/122 1294/1457/1413
f 377/1458/1414 1294/1457/1413 1295/1459/1415
f 376/1460/1416 1295/1459/1415 1296/1461/1417
f 375/1462/1418 1296/1461/1417 1293/172/152
f 1292/1463/122 356/2118/121 360/768/703
f 1294/1457/1413 360/768/703 369/770/707
f 1295/1459/1415 369/770/707 368/778/716
f 1296/1461/1417 368/778/716 358/173/153
f 1297/104/94 1299/1464/1419 353/1448/1404
f 1301/1466/1421 1298/156/139 352/181/159
f 374/190/165 377/1458/1414 1299/1464/1419
f 377/1458/1414 376/1460/1416 1300/1465/1420
f 376/1460/1416 375/1462/1418 1301/1466/1421
f 375/1462/1418 373/174/154 1298/156/139
f 1302/99/89 1304/1467/1422 364/775/711
f 1304/1467/1422 1305/1468/1423 365/781/719
f 1305/1468/1423 1306/1469/1424 370/779/717
f 1306/1469/1424 1303/171/151 358/173/153
f 347/188/164 350/1451/1407 1304/1467/1422
f 350/1451/1407 349/1453/1409 1305/1468/1423
f 349/1453/1409 348/1455/1411 1306/1469/1424
f 316/88/79 1307/109/98 1309/1470/1425
f 318/1418/1374 1309/1470/1425 1310/1471/1426
f 319/1419/1375 1310/1471/1426 1311/1472/1427
f 320/1420/1376 1311/1472/1427 1308/166/147
f 1307/109/98 383/110/99 385/1473/1428
f 1309/1470/1425 385/1473/1428 386/1474/1429
f 1310/1471/1426 386/1474/1429 387/1475/1430
f 1311/1472/1427 387/1475/1430 384/130/117
f 379/111/100 1312/82/73 1314/1476/1431
f 382/1477/1432 1314/1476/1431 1315/1478/1433
f 381/1479/1434 1315/1478/1433 1316/1480/1435
f 1312/82/73 307/81/72 310/1422/1378
f 1314/1476/1431 310/1422/1378 309/1424/1380
f 1316/1480/1435 308/1426/1382 306/106/96
f 1317/1482/110 1319/2119/1437 396/1483/723
f 1319/1484/1437 1320/1485/1438 397/795/732
f 1320/1485/1438 1321/1486/1439 404/791/728
f 1321/1486/1439 1318/150/134 394/792/729
f 388/118/106 390/1487/1440 1319/1484/1437
f 390/1487/1440 391/1488/1441 1320/1485/1438
f 391/1488/1441 392/1489/1442 1321/1486/1439
f 392/1489/1442 389/147/131 1318/150/134
f 383/110/99 1322/116/104 1324/1490/1443
f 385/1473/1428 1324/1490/1443 1325/1491/1444
f 386/1474/1429 1325/1491/1444 1326/1492/1445
f 387/1475/1430 1326/1492/1445 1323/149/133
f 1322/116/104 395/117/105 407/798/736
f 1324/1490/1443 407/798/736 403/793/730
f 1325/1491/1444 403/793/730 402/790/727
f 1326/1492/1445 402/790/727 394/792/729
f 388/118/106 1327/112/101 1329/1493/1446
f 390/1487/1440 1329/1493/1446 1330/1494/1447
f 392/1489/1442 1331/1495/1448 1328/148/132
f 1327/112/101 379/111/100 382/1477/1432
f 1329/1493/1446 382/1477/1432 381/1479/1434
f 1330/1494/1447 381/1479/1434 380/1481/1436
f 1331/1495/1448 380/1481/1436 378/114/102
f 395/117/105 1332/67/62 1334/1496/1449
f 398/783/722 1334/1500/1453 1333/176/155
f 1332/67/62 289/2099/687 298/1498/1450
f 1334/1500/1453 291/2104/682 288/177/156
f 1335/47/43 1337/1505/1459 264/1501/1454
f 1337/1504/1458 1336/134/119 250/729/659
f 357/105/95 359/774/710 1337/1505/1459
f 359/1506/704 356/136/121 1336/134/119
f 1348/1515/264 1350/1518/1476 574/1516/1468
f 1350/1518/1469 1351/1522/1472 575/1519/1470
f 1357/1526/225 1359/1527/1483 539/942/877
f 1357/1526/225 514/922/227 523/924/855
f 1359/1527/1480 523/924/855 517/917/849
f 1364/1532/1486 1362/231/206 515/300/275
f 1364/1532/1486 571/1536/2101 568/232/207
f 435/210/185 1365/163/144 1367/1537/1491
f 438/831/766 1367/1537/1491 1368/1538/1492
f 442/829/1493 1368/1538/1492 1369/1539/1494
f 410/165/146 415/801/741 1367/1537/1491
f 415/801/741 423/804/744 1368/1538/1492
f 423/804/744 422/812/750 1369/1539/1494
f 1372/1542/1497 1373/1543/1499 1828/842/1498
f 1373/1543/1499 1374/1544/1500 449/839/780
f 1374/1544/1500 1371/239/214 445/318/293
f 1372/1542/1497 422/814/750 419/809/748
f 1373/1543/1499 419/809/748 418/807/746
f 1374/1544/1500 418/807/746 411/237/212
f 467/860/802 1382/1552/1507 1383/1553/1508
f 468/871/804 1383/1553/1508 1384/1554/1509
f 425/220/195 429/817/1511 1382/1552/1507
f 429/817/1511 432/819/1512 1383/1553/1508
f 432/819/1512 433/1555/1513 1384/1554/1509
f 433/1555/1513 427/277/252 1381/279/254
f 479/273/248 1385/263/238 1387/1556/1514
f 482/876/1515 1387/1556/1514 1388/1557/1516
f 1829/1558/1517 1388/1557/1516 1389/1559/1518
f 485/1560/1519 1389/1559/1518 1386/338/313
f 466/265/240 477/873/812 1387/1556/1514
f 477/873/812 472/875/809 1388/1557/1516
f 472/875/809 473/867/1510 1389/1559/1518
f 1392/1562/1520 433/1565/1513 434/823/1524
f 1395/257/232 1397/1567/1526 461/1566/1525
f 1397/1567/1526 1398/1568/1528 462/853/1527
f 1398/1568/1528 1399/1569/1530 458/849/1529
f 1395/257/232 490/280/255 497/899/1531
f 1397/1567/1526 497/899/1531 493/900/829
f 1398/1568/1528 493/900/829 492/888/826
f 1400/328/303 1402/1570/1532 497/896/1531
f 1402/1570/1532 1403/1571/1533 498/904/835
f 1403/1571/1533 1404/1572/1534 502/902/838
f 1400/328/303 505/329/304 510/1573/1535
f 1403/1571/1533 1826/1574/1536 508/907/839
f 1404/1572/1534 508/907/839 504/199/174
f 582/979/310 1410/1583/309 1412/1580/1543
f 593/977/922 1412/1580/1543 1413/1581/1544
f 594/971/911 1413/1581/1544 1414/1582/1545
f 584/967/907 1414/1582/1545 1411/283/258
f 1410/1583/309 599/989/311 608/988/934
f 1412/1580/1543 608/988/934 602/984/930
f 1413/1581/1544 602/984/930 601/982/928
f 601/982/928 598/321/296 1411/283/258
f 1415/309/284 1417/1584/1546 617/997/942
f 1417/1584/1546 1418/1585/1547 618/1006/950
f 1418/1585/1547 1419/1586/1548 625/1002/947
f 1419/1586/1548 1416/1587/198 615/1003/200
f 600/308/283 612/993/938 1417/1584/1546
f 612/993/938 607/990/935 1418/1585/1547
f 607/990/935 606/987/933 1419/1586/1548
f 606/987/933 599/989/311 1416/1587/198
f 1425/1592/300 1427/1593/1552 645/1024/968
f 1427/1593/1552 1428/1594/1553 646/1015/960
f 1428/1594/1553 1429/1595/1554 637/1012/957
f 1429/1595/1554 1426/227/202 632/226/201
f 651/1037/302 660/1036/979 1427/1593/1552
f 660/1041/979 654/1040/983 1428/1594/1553
f 654/1040/983 653/1030/973 1429/1595/1554
f 653/1030/973 650/341/316 1426/227/202
f 668/1060/315 1430/1599/314 1432/1596/1555
f 679/1058/1002 1432/1596/1555 1433/1597/1556
f 680/1052/995 1433/1597/1556 1434/1598/1557
f 670/1048/991 1434/1598/1557 1431/214/189
f 1430/1599/314 634/1026/298 647/1025/969
f 1432/1596/1555 647/1025/969 641/1020/965
f 1433/1597/1556 641/1020/965 640/1018/963
f 1434/1598/1557 640/1018/963 633/314/289
f 1440/333/308 1442/1604/1561 687/1065/1008
f 1442/1604/1561 1443/1605/1562 688/1075/1018
f 1443/1605/1562 1444/1606/1563 695/1071/1015
f 1444/1606/1563 1441/1607/181 685/1072/191
f 702/332/307 707/1080/1027 1442/1604/1561
f 707/1080/1027 716/1083/1030 1443/1605/1562
f 716/1083/1030 715/1092/1038 1444/1606/1563
f 715/1092/1038 704/1094/179 1441/1607/181
f 703/304/279 1445/203/178 1447/1608/1564
f 710/1086/1033 1447/1608/1564 1448/1609/1565
f 711/1088/1035 1448/1609/1565 1449/1610/1566
f 717/1093/1039 1449/1610/1566 1446/1611/305
f 1445/203/178 720/1096/1041 724/1098/1043
f 1447/1608/1564 724/1098/1043 733/1102/1047
f 1448/1609/1565 733/1102/1047 732/1108/1054
f 1449/1610/1566 732/1108/1054 722/1110/306
f 1455/164/145 1457/1616/1570 413/800/740
f 1457/1616/1570 1458/1617/1572 414/802/1571
f 1458/1617/1572 1459/1618/1573 420/808/747
f 1459/1618/1573 1456/1619/1574 411/237/212
f 598/321/296 603/983/929 1457/1616/1570
f 603/983/929 611/986/932 1458/1617/1572
f 611/986/932 610/992/937 1459/1618/1573
f 610/992/937 600/308/283 1456/1619/1574
f 616/312/287 1460/249/224 1462/1620/1575
f 628/1010/954 1462/1620/1577 1463/1621/1577
f 1463/1623/1579 1461/319/294 614/320/295
f 1460/249/224 446/843/784 451/845/786
f 1462/1620/1577 451/845/1580 448/847/1580
f 1463/1623/1579 448/838/779 445/318/293
f 1464/222/197 1466/1625/1585 428/816/1581
f 1466/1624/1582 1467/1626/1588 431/822/1583
f 431/822/760 1467/1626/1589 1465/267/242
f 650/341/316 655/1029/972 1466/1625/1585
f 663/1033/1587 662/1045/2102 1467/1626/1588
f 1467/1626/1589 662/1045/987 652/1042/984
f 666/213/188 1468/1629/1594 1470/1627/1590
f 1470/1627/1592 1471/1630/1596 676/1628/1593
f 676/1055/998 1471/1631/1597 1469/272/247
f 1468/1629/1594 479/273/248 483/877/1595
f 487/880/820 481/271/246 1469/272/247
f 491/285/260 1472/284/259 1474/1632/1598
f 500/901/837 1474/1632/1598 1475/1633/1599
f 501/893/1600 1475/1633/1599 1476/1634/1601
f 494/889/827 1476/1634/1601 1473/294/269
f 1472/284/259 703/304/279 712/1087/1034
f 1474/1632/1598 712/1087/1034 706/1081/1028
f 1475/1633/1599 706/1081/1028 705/1079/1026
f 1476/1634/1601 705/1079/1026 702/332/307
f 1477/287/262 1479/1638/1604 698/1635/1022
f 1479/1636/1602 1480/1637/1606 689/1064/1010
f 1480/1637/1603 1478/344/319 684/345/320
f 455/854/796 460/856/798 1479/1638/1604
f 460/850/1605 457/848/2103 1480/1637/1606
f 457/848/1607 454/343/318 1478/344/319
f 580/965/905 1481/282/257 1483/1639/1608
f 1484/1642/1611 1482/236/211 581/311/286
f 1481/282/257 435/210/185 439/828/1612
f 443/832/1615 437/234/209 1482/236/211
f 1485/264/239 1487/1644/1616 475/872/811
f 1487/1644/1616 1488/1647/1620 476/865/1617
f 476/865/1617 1488/1647/1620 1489/1645/1618
f 469/861/803 1489/1645/1618 1486/1646/1619
f 633/314/289 642/1019/964 1487/1644/1616
f 642/1019/964 636/1013/958 1488/1647/1620
f 636/1013/958 635/1011/956 1489/1645/1618
f 635/1011/956 632/226/201 1486/1646/1619
f 1490/292/267 1492/1648/1623 512/910/842
f 1492/1648/1621 1493/1649/1625 507/912/1622
f 507/906/840 1493/1650/1626 1491/202/177
f 721/306/281 723/1105/1050 1492/1648/1623
f 1493/1650/1626 723/2111/1044 720/1096/1041
f 758/370/342 1494/369/341 1496/1651/1627
f 761/1652/1628 1496/1651/1627 1497/1653/1629
f 760/1655/1631 1497/1660/1636 1498/1656/1632
f 1498/1656/1632 1495/486/442 757/527/480
f 1494/369/341 742/360/332 744/1658/1634
f 1496/1651/1627 744/1658/1634 745/1659/1635
f 1497/1660/1636 745/1699/1674 746/1661/1637
f 746/1661/1637 743/380/351 1495/486/442
f 1499/406/375 1501/1663/1639 766/1662/1638
f 1501/1663/1639 1502/1665/1645 765/1664/1640
f 1502/1665/1641 1503/1671/1647 764/1666/1642
f 764/1666/1642 1503/1671/1647 1500/1667/425
f 747/539/489 749/1669/1644 1501/1663/1639
f 749/1669/1644 750/1670/1713 1502/1665/1645
f 750/1670/1646 751/1741/1715 1503/1671/1647
f 1503/1671/1647 751/1741/1715 748/1672/335
f 1504/476/434 1506/1674/1649 741/1673/1648
f 1506/1674/1649 1507/1679/1654 740/1675/1650
f 1507/1676/1651 1508/1680/1655 739/1677/1652
f 739/1677/1652 1508/1680/1655 1505/349/324
f 758/370/342 761/1652/1628 1506/1674/1649
f 761/1652/1628 760/1654/1630 1507/1679/1654
f 760/1655/1631 759/1657/1633 1508/1680/1655
f 1508/1680/1655 759/1657/1633 757/527/480
f 753/505/459 1509/371/343 1511/1681/1656
f 756/1682/1657 1511/1681/1656 1512/1683/1658
f 755/1684/1660 1512/1683/1663 1513/1685/1661
f 1513/1685/1661 1510/1688/340 752/1687/328
f 1509/371/343 763/353/327 766/1662/1638
f 1511/1681/1656 766/1662/1638 765/1664/1640
f 1512/1683/1663 765/1664/1643 764/1666/1642
f 764/1666/1642 762/1668/338 1510/1688/340
f 768/506/460 1514/500/455 1516/1689/1664
f 771/1690/1665 1516/1689/1664 1517/1691/1666
f 770/1692/1668 1517/1691/1671 1518/1693/1669
f 1518/1693/1669 1515/1696/330 767/1695/345
f 1514/500/455 753/505/459 756/1682/1657
f 1516/1689/1664 756/1682/1657 755/1684/1659
f 1517/1691/1671 755/1684/1660 754/1686/1662
f 754/1686/1662 752/1687/328 1515/1696/330
f 742/360/332 1519/359/331 1521/1697/1672
f 744/1658/1634 1521/1697/1672 1522/1698/1673
f 745/1699/1674 1522/1703/1678 1523/1700/1675
f 1523/1700/1675 1520/378/349 743/380/351
f 1519/359/331 772/389/359 774/1701/1676
f 1521/1697/1672 774/1701/1676 775/1702/1677
f 1522/1703/1678 775/1707/1682 776/1704/1679
f 776/1704/1679 773/377/348 1520/378/349
f 772/389/359 1524/398/367 1526/1705/1680
f 774/1701/1676 1526/1705/1680 1527/1706/1681
f 775/1707/1682 1527/1711/1686 1528/1708/1683
f 1528/1708/1683 1525/375/346 773/377/348
f 1524/398/367 782/397/366 784/1709/1684
f 1526/1705/1680 784/1709/1684 785/1710/1685
f 1527/1711/1686 785/1730/1704 786/1712/1687
f 786/1712/1687 783/387/358 1525/375/346
f 778/540/490 1529/532/483 1531/1713/1688
f 781/1714/1689 1531/1713/1688 1532/1715/1690
f 780/1716/1692 1532/1715/1695 1533/1717/1693
f 1533/1719/1693 1530/382/353 777/384/355
f 1529/532/483 768/506/460 771/1690/1665
f 1531/1713/1688 771/1690/1665 770/1692/1667
f 1532/1715/1695 770/1692/1668 769/1694/1670
f 769/1721/1670 767/374/345 1530/382/353
f 1534/517/470 1536/1723/1697 808/1722/1696
f 1536/1723/1697 1537/1725/1699 807/1724/1698
f 1537/1725/1699 1538/1727/1701 806/1726/1700
f 1538/1727/1701 1535/480/436 804/531/364
f 788/1122/1067 797/1121/1066 1536/1723/1697
f 797/1121/1066 791/1125/1070 1537/1725/1699
f 791/1125/1070 790/1116/1061 1538/1727/1701
f 790/1116/1061 787/1113/1058 1535/480/436
f 782/397/366 1539/499/454 1541/1728/1702
f 784/1709/1684 1541/1728/1706 1542/1729/1703
f 785/1730/1704 1542/1732/1707 1543/1731/1705
f 786/1712/1687 1543/1731/1705 1540/385/356
f 1539/499/454 805/515/468 808/1722/1696
f 1541/1728/1706 808/1722/1696 807/1724/1698
f 1542/1732/1707 807/2120/1698 806/1733/1700
f 806/1733/1700 804/394/364 1540/385/356
f 788/1122/1067 1544/516/469 1546/1734/1708
f 795/1120/1065 1546/1734/1708 1547/1735/1709
f 796/1123/1077 1547/1735/1711 1548/1736/1710
f 801/1737/1073 1548/1738/1710 1545/391/361
f 1544/516/469 778/540/490 781/1714/1689
f 1546/1734/1708 781/1714/1689 780/1716/1691
f 1547/1735/1711 780/1716/1692 779/1718/1694
f 1548/1738/1710 779/1720/1694 777/384/355
f 1549/414/382 1551/1739/1712 749/1669/1644
f 1551/1739/1712 1552/1740/1717 750/1670/1713
f 1552/1740/1714 1553/1745/1719 751/1741/1715
f 751/1741/1715 1553/1745/1719 1550/1742/462
f 814/475/433 816/1743/1716 1551/1739/1712
f 816/1743/1716 817/1744/1735 1552/1740/1717
f 817/1744/1718 818/1764/1737 1553/1745/1719
f 1553/1745/1719 818/1764/1737 815/1746/372
f 1554/346/321 1556/1748/1721 813/1747/1720
f 1556/1748/1721 1557/1750/1726 812/1749/1722
f 1557/1750/1723 1558/2121/1727 811/1751/1724
f 811/1752/1724 1558/1753/1727 1555/399/368
f 738/348/323 741/1673/1648 1556/1748/1721
f 741/1673/1648 740/1675/1650 1557/1750/1726
f 740/1678/1653 739/1677/1652 1558/1753/1727
f 1558/1753/1727 739/1677/1652 737/361/333
f 826/1145/1096 1559/490/445 1561/1755/1728
f 836/1143/1094 1561/1755/1728 1562/1756/1729
f 837/1136/1084 1562/1756/1729 1563/1757/1730
f 828/1132/1080 1563/1757/1730 1560/465/426
f 1559/490/445 819/492/447 821/1758/1731
f 1561/1755/1728 821/1758/1731 822/1759/1732
f 1562/1756/1729 822/1759/1732 823/1760/1733
f 1563/1757/1730 823/1760/1733 820/1761/378
f 1564/491/446 1566/1762/1734 816/1743/1716
f 1566/1762/1734 1567/1763/1739 817/1744/1735
f 1567/1763/1736 1568/1765/1738 818/1764/1737
f 1568/1765/1738 1565/1766/380 815/1746/372
f 826/1145/1096 838/1144/1095 1566/1762/1734
f 838/1144/1095 833/1147/1098 1567/1763/1739
f 833/1147/1740 832/1141/1089 1568/1765/1738
f 832/1141/1089 825/1138/1086 1565/1766/380
f 1569/493/448 1571/1767/1741 821/1758/1731
f 1571/1767/1741 1572/1768/1743 822/1759/1732
f 1572/1768/1742 1573/1770/1744 823/1760/1733
f 823/1769/1733 1573/1771/1744 1570/407/376
f 810/524/477 813/1747/1720 1571/1767/1741
f 813/1747/1720 812/1749/1722 1572/1768/1743
f 812/1749/1725 811/1751/1724 1573/1770/1744
f 811/1752/1724 809/401/370 1570/407/376
f 1574/489/444 1576/1773/1746 865/1772/1745
f 1577/1775/1748 1578/1777/1750 863/1776/1749
f 1578/1777/1750 1575/537/487 861/538/488
f 846/436/401 848/1778/1751 1576/1773/1746
f 848/1778/1751 849/1779/1752 1577/1775/1748
f 849/1779/1752 850/1780/1753 1578/1777/1750
f 850/1780/1753 847/536/486 1575/537/487
f 867/430/395 1579/429/394 1581/1781/1754
f 870/1782/1755 1581/1781/1754 1582/1783/1756
f 869/1784/1757 1582/1783/1756 1583/1785/1758
f 868/1786/1759 1583/1785/1758 1580/470/429
f 1579/429/394 851/433/398 853/1787/1760
f 1581/1781/1754 853/1787/1760 854/1788/1761
f 1582/1783/1756 854/1788/1761 855/1789/1762
f 1583/1785/1758 855/1789/1762 852/471/430
f 845/1791/1764 1586/1790/1763 1587/1792/1765
f 844/1793/1766 1587/1792/1765 1588/1794/1767
f 843/1795/1768 1588/1794/1767 1585/487/443
f 1586/1790/1763 865/1772/1745 864/1774/1747
f 1587/1792/1765 864/1774/1747 863/1776/1749
f 1588/1794/1767 863/1776/1749 861/538/488
f 1589/431/396 1591/1797/1770 860/1796/1769
f 1591/1797/1770 1592/1799/1772 859/1798/1771
f 1592/1799/1772 1593/1801/1774 858/1800/1773
f 1593/1801/1774 1590/508/461 856/528/481
f 867/430/395 870/1782/1755 1591/1797/1770
f 870/1782/1755 869/1784/1757 1592/1799/1772
f 869/1784/1757 868/1786/1759 1593/1801/1774
f 868/1786/1759 866/473/432 1590/508/461
f 1594/422/388 1596/1803/1776 875/1802/1775
f 1596/1803/1776 1597/1805/1778 874/1804/1777
f 1597/1805/1778 1598/1807/1780 873/1806/1779
f 1598/1807/1780 1595/439/404 871/423/389
f 857/472/431 860/1796/1769 1596/1803/1776
f 860/1796/1769 859/1798/1771 1597/1805/1778
f 859/1798/1771 858/1800/1773 1598/1807/1780
f 858/1800/1773 856/528/481 1595/439/404
f 1599/437/402 1601/1808/1781 848/1778/1751
f 876/442/406 878/1811/1784 1601/1808/1781
f 1604/443/407 1606/1814/1787 878/1811/1784
f 1606/1814/1787 1607/1815/1788 879/1812/1785
f 1607/1815/1788 1608/1816/1789 880/1813/1786
f 1608/1816/1789 1605/529/482 877/485/441
f 886/447/411 888/1817/1790 1606/1814/1787
f 888/1817/1790 889/1818/1791 1607/1815/1788
f 890/1819/1792 887/526/479 1605/529/482
f 1609/438/403 1611/1821/1794 885/1820/1793
f 1611/1821/1794 1612/1823/1796 884/1822/1795
f 1612/1823/1796 1613/1825/1798 883/1824/1797
f 872/502/456 875/1802/1775 1611/1821/1794
f 875/1802/1775 874/1804/1777 1612/1823/1796
f 874/1804/1777 873/1806/1779 1613/1825/1798
f 873/1806/1779 871/423/389 1610/425/390
f 909/535/485 1614/2101/440 1616/1826/1799
f 912/1827/1800 1616/1826/1799 1617/1828/1801
f 911/1829/1802 1617/1828/1801 1618/1830/1803
f 910/1831/1804 1618/1830/1803 1615/519/472
f 1614/484/440 891/483/439 895/1149/1101
f 1616/1826/1799 895/1152/1101 904/1154/1105
f 1617/1828/1801 904/1154/1105 903/1162/1113
f 1618/1830/1803 903/1162/1113 893/520/473
f 1619/449/413 1621/1833/1805 888/1817/1790
f 1623/1835/1807 1620/503/457 887/526/479
f 909/535/485 912/1827/1800 1621/1833/1805
f 912/1827/1800 911/1829/1802 1622/1834/1806
f 911/1829/1802 910/1831/1804 1623/1835/1807
f 1624/444/408 1626/1836/1808 899/1159/1109
f 1626/1836/1808 1627/1837/1809 900/1165/1116
f 1627/1837/1809 1628/1838/1810 905/1163/1114
f 882/533/484 885/1820/1793 1626/1836/1808
f 885/1820/1793 884/1822/1795 1627/1837/1809
f 884/1822/1795 883/1824/1797 1628/1838/1810
f 851/433/398 1629/454/416 1631/1839/1811
f 853/1787/1760 1631/1839/1811 1632/1840/1812
f 854/1788/1761 1632/1840/1812 1633/1841/1813
f 855/1789/1762 1633/1841/1813 1630/513/466
f 1629/454/416 918/455/417 920/1842/1814
f 1631/1839/1811 920/1842/1814 921/1843/1815
f 1632/1840/1812 921/1843/1815 922/1844/1816
f 914/456/418 1634/427/392 1636/1845/1817
f 916/1848/1820 1637/1847/1819 1638/1849/1821
f 915/1850/1822 1638/1849/1821 1635/460/421
f 1634/427/392 842/426/391 845/1791/1764
f 1636/1845/1817 845/1791/1764 844/1793/1766
f 1637/1847/1819 844/1793/1766 843/1795/1768
f 1638/1849/1821 843/1795/1768 841/451/415
f 1639/469/428 1641/2122/1823 931/1851/1120
f 1641/1852/1823 1642/1853/1824 932/1179/1130
f 1642/1853/1824 1643/1854/1825 938/1175/1126
f 1643/1854/1825 1640/497/452 929/1176/1127
f 923/463/424 925/1856/1826 1641/1852/1823
f 925/1856/1826 926/1857/1827 1642/1853/1824
f 926/1857/1827 927/1858/1828 1643/1854/1825
f 927/1858/1828 924/494/449 1640/497/452
f 918/455/417 1644/461/422 1646/1859/1829
f 920/1842/1814 1646/1859/1829 1647/1860/1830
f 921/1843/1815 1647/1860/1830 1648/1861/1831
f 1644/461/422 930/462/423 942/1182/1134
f 1646/1859/1829 942/1182/1134 937/1177/1128
f 1647/1860/1830 937/1177/1128 936/1174/1125
f 1648/1861/1831 936/1174/1125 929/1176/1127
f 923/463/424 1649/457/419 1651/1862/1832
f 925/1856/1826 1651/1862/1832 1652/1863/1833
f 926/1857/1827 1652/1863/1833 1653/1864/1834
f 927/1858/1828 1653/1864/1834 1650/495/450
f 1649/457/419 914/456/418 917/1846/1818
f 1652/1863/1833 916/1848/1820 915/1850/1822
f 930/462/423 1654/412/381 1656/1865/1835
f 941/1167/1836 1656/1868/1838 1655/522/475
f 1654/412/381 825/2100/1086 827/1867/1837
f 1656/1868/1838 827/2113/1081 824/523/476
f 1657/392/362 1659/1871/1841 800/1869/1839
f 1659/1870/1840 1658/481/437 787/1113/1058
f 892/450/414 894/1158/1108 1659/1871/1841
f 894/1872/1102 891/483/439 1658/481/437
f 966/562/509 1660/561/508 1662/1873/1842
f 969/1874/1843 1662/1873/1842 1663/1875/1844
f 968/1877/1846 1663/1882/1851 1664/1878/1847
f 1664/1878/1847 1661/676/612 965/716/648
f 1660/561/508 950/552/499 952/1880/1849
f 1662/1873/1842 952/1880/1849 953/1881/1850
f 1663/1882/1851 953/1920/1889 954/1883/1852
f 954/1883/1852 951/572/518 1661/676/612
f 1665/598/543 1667/1890/1854 974/1884/1853
f 1667/1885/1854 1668/1888/1860 973/1886/1855
f 1668/1888/1856 1669/1893/1862 972/1889/1857
f 972/1889/1857 1669/1893/1862 1666/656/595
f 955/727/657 957/1958/1859 1667/1890/1854
f 957/1891/1859 958/1892/1929 1668/1888/1860
f 958/1892/1861 959/1961/1931 1669/1893/1862
f 1669/1893/1862 959/1961/1931 956/555/502
f 1670/666/604 1672/1895/1864 949/1894/1863
f 1672/1895/1864 1673/1900/1869 948/1896/1865
f 1673/1897/1866 1674/1901/1870 947/1898/1867
f 947/1898/1867 1674/1901/1870 1671/541/491
f 966/562/509 969/1874/1843 1672/1895/1864
f 969/1874/1843 968/1876/1845 1673/1900/1869
f 968/1877/1846 967/1879/1848 1674/1901/1870
f 1674/1901/1870 967/1879/1848 965/716/648
f 961/695/630 1675/563/510 1677/1902/1871
f 964/1904/1872 1677/1909/1871 1678/1905/1873
f 963/1906/1875 1678/1905/1878 1679/1907/1876
f 1679/1907/1876 1676/560/507 960/547/495
f 1675/563/510 971/545/494 974/1884/1853
f 1677/1909/1871 974/1887/1853 973/1886/1855
f 1678/1905/1878 973/1886/1858 972/1889/1857
f 972/1889/1857 970/558/505 1676/560/507
f 976/696/631 1680/690/625 1682/1910/1879
f 979/1912/1880 1682/1917/1879 1683/1913/1881
f 978/1914/1883 1683/1913/1886 1684/1915/1884
f 1684/1915/1884 1681/549/497 975/566/512
f 1680/690/625 961/695/630 964/1903/1872
f 1682/1917/1879 964/1904/1872 963/1906/1874
f 1683/1913/1886 963/1906/1875 962/1908/1877
f 962/1908/1877 960/547/495 1681/549/497
f 950/552/499 1685/551/498 1687/1918/1887
f 952/1880/1849 1687/1918/1887 1688/1919/1888
f 953/1920/1889 1688/1924/1893 1689/1921/1890
f 1689/1921/1890 1686/570/516 951/572/518
f 1685/551/498 980/581/526 982/1922/1891
f 1687/1918/1887 982/1922/1891 983/1923/1892
f 1688/1924/1893 983/1928/1897 984/1925/1894
f 980/581/526 1690/590/535 1692/1926/1895
f 982/1922/1891 1692/1926/1895 1693/1927/1896
f 1694/1929/1898 1691/567/513 981/569/515
f 1690/590/535 990/589/534 992/1930/1899
f 1692/1926/1895 992/1930/1899 993/1931/1900
f 1693/1932/1901 993/1950/1920 994/1933/1902
f 994/1933/1902 991/579/525 1691/567/513
f 986/728/658 1695/721/651 1697/1934/1903
f 989/1936/1904 1697/1941/1903 1698/1937/1905
f 988/1938/1907 1698/1937/1910 1699/1939/1908
f 987/1940/1909 1699/1939/1908 1696/574/520
f 1695/721/651 976/696/631 979/1911/1880
f 1697/1941/1903 979/1912/1880 978/1914/1882
f 1698/1937/1910 978/1914/1883 977/1916/1885
f 977/1916/1885 975/566/512 1696/574/520
f 1700/704/638 1702/1943/1912 1016/1942/1911
f 1702/1943/1912 1703/1945/1914 1015/1944/1913
f 1703/1945/1914 1704/1947/1917 1014/1946/1915
f 1704/1947/1917 1701/670/606 1012/720/531
f 996/1193/1147 1006/1192/1146 1702/1943/1912
f 1006/1192/1146 999/1198/1150 1703/1945/1914
f 999/1198/1150 998/1187/1141 1704/1947/1917
f 998/1187/1141 995/1184/1138 1701/670/606
f 990/589/534 1705/689/624 1707/1948/1918
f 992/1930/1899 1707/1948/1922 1708/1949/1919
f 993/1950/1920 1708/1952/1923 1709/1951/1921
f 994/1933/1902 1709/1951/1921 1706/577/523
f 1705/689/624 1013/702/636 1016/1942/1911
f 1707/1948/1922 1016/1942/1911 1015/1944/1913
f 1708/1952/1923 1015/2123/2104 1014/1953/1915
f 1014/1953/1915 1012/586/531 1706/577/523
f 996/1193/1147 1710/703/637 1712/1954/1924
f 1004/1196/1145 1712/1957/1924 1713/1955/1925
f 1005/1194/1159 1713/1955/1927 1714/1956/1926
f 1009/1202/1154 1714/1956/1926 1711/583/528
f 1710/703/637 986/728/658 989/1935/1904
f 1712/1957/1924 989/1936/1904 988/1938/1906
f 1713/1955/1927 988/1938/1907 987/1940/1909
f 1714/1956/1926 987/1940/1909 985/576/522
f 1715/606/550 1717/1962/1928 957/1958/1859
f 1717/1959/1928 1718/1960/1933 958/1892/1929
f 1718/1960/1930 1719/1965/1935 959/1961/1931
f 959/1961/1931 1719/1965/1935 1716/699/633
f 1022/665/603 1024/1981/1932 1717/1962/1928
f 1024/1963/1932 1025/1964/1951 1718/1960/1933
f 1025/1964/1934 1026/1984/1953 1719/1965/1935
f 1719/1965/1935 1026/1984/1953 1023/595/540
f 1720/510/463 1722/1967/1937 1021/1966/1936
f 1722/1967/1937 1723/1972/1942 1020/1968/1938
f 1723/1969/1939 1724/1973/1943 1019/1970/1940
f 1019/1970/1940 1724/1973/1943 1721/591/536
f 946/512/465 949/1894/1863 1722/1967/1937
f 949/1894/1863 948/1896/1865 1723/1972/1942
f 948/1899/1868 947/1898/1867 1724/1973/1943
f 1724/1973/1943 947/1898/1867 945/553/500
f 1034/1223/1179 1725/680/615 1727/1974/1944
f 1045/1221/1177 1727/1974/1944 1728/1975/1945
f 1046/1211/1166 1728/1975/1945 1729/1976/1946
f 1036/1207/1162 1729/1976/1946 1726/709/596
f 1725/680/615 1027/682/617 1029/1977/1947
f 1727/1974/1944 1029/1977/1947 1030/1978/1948
f 1728/1975/1945 1030/1978/1948 1031/1979/1949
f 1729/1976/1946 1031/1979/1949 1028/1980/546
f 1730/681/616 1732/1986/1950 1024/1981/1932
f 1732/1982/1950 1733/1983/1955 1025/1964/1951
f 1733/1983/1952 1734/1985/1954 1026/1984/1953
f 1734/1985/1954 1731/603/548 1023/595/540
f 1034/1223/1179 1047/1222/1178 1732/1986/1950
f 1047/1227/1178 1041/1226/1181 1733/1983/1955
f 1041/1226/1956 1040/1216/1171 1734/1985/1954
f 1040/1216/1171 1033/1213/1168 1731/603/548
f 1735/683/618 1737/1987/1957 1029/1977/1947
f 1737/1987/1957 1738/1991/1959 1030/1978/1948
f 1738/1988/1958 1739/1992/1960 1031/1989/1949
f 1031/1989/1949 1739/1992/1960 1736/599/544
f 1018/712/645 1021/1966/1936 1737/1987/1957
f 1021/1966/1936 1020/1968/1938 1738/1991/1959
f 1020/1971/1941 1019/1970/1940 1739/1992/1960
f 1019/1970/1940 1017/593/538 1736/599/544
f 1740/679/614 1742/1994/1962 1074/1993/1961
f 1742/1994/1962 1743/1996/1964 1073/1995/1963
f 1743/1996/1964 1744/1998/1966 1072/1997/1965
f 1744/1998/1966 1741/725/655 1070/726/656
f 1055/628/570 1057/1999/1967 1742/1994/1962
f 1057/1999/1967 1058/2000/1968 1743/1996/1964
f 1058/2000/1968 1059/2001/1969 1744/1998/1966
f 1059/2001/1969 1056/724/654 1741/725/655
f 1076/622/564 1745/621/563 1747/2002/1970
f 1079/2003/1971 1747/2002/1970 1748/2004/1972
f 1078/2005/1973 1748/2004/1972 1749/2006/1974
f 1077/2007/1975 1749/2006/1974 1746/660/599
f 1745/621/563 1060/625/567 1062/2008/1976
f 1747/2002/1970 1062/2008/1976 1063/2009/1977
f 1748/2004/1972 1063/2009/1977 1064/2010/1978
f 1749/2006/1974 1064/2010/1978 1061/661/600
f 1051/618/560 1750/609/552 1752/2011/1979
f 1054/2012/1980 1752/2011/1979 1753/2013/1981
f 1052/2016/1984 1754/2015/1983 1751/677/613
f 1750/609/552 1071/608/551 1074/1993/1961
f 1752/2011/1979 1074/1993/1961 1073/1995/1963
f 1753/2013/1981 1073/1995/1963 1072/1997/1965
f 1754/2015/1983 1072/1997/1965 1070/726/656
f 1755/623/565 1757/2018/1986 1069/2017/1985
f 1757/2018/1986 1758/2020/1988 1068/2019/1987
f 1758/2020/1988 1759/2022/1990 1067/2021/1989
f 1759/2022/1990 1756/698/632 1065/717/649
f 1076/622/564 1079/2003/1971 1757/2018/1986
f 1079/2003/1971 1078/2005/1973 1758/2020/1988
f 1078/2005/1973 1077/2007/1975 1759/2022/1990
f 1077/2007/1975 1075/663/602 1756/698/632
f 1760/614/556 1762/2024/1992 1084/2023/1991
f 1762/2024/1992 1763/2026/1994 1083/2025/1993
f 1763/2026/1994 1764/2028/1996 1082/2027/1995
f 1764/2028/1996 1761/631/573 1080/615/557
f 1066/662/601 1069/2017/1985 1762/2024/1992
f 1069/2017/1985 1068/2019/1987 1763/2026/1994
f 1068/2019/1987 1067/2021/1989 1764/2028/1996
f 1067/2021/1989 1065/717/649 1761/631/573
f 1765/629/571 1767/2029/1997 1057/1999/1967
f 1767/2029/1997 1768/2030/1998 1058/2000/1968
f 1768/2030/1998 1769/2031/1999 1059/2001/1969
f 1769/2031/1999 1766/611/554 1056/724/654
f 1085/634/576 1087/2032/2000 1767/2029/1997
f 1088/2033/2001 1089/2034/2002 1769/2031/1999
f 1089/2034/2002 1086/675/611 1766/611/554
f 1770/635/577 1772/2035/2003 1087/2032/2000
f 1773/2036/2004 1774/2037/2005 1089/2034/2002
f 1774/2037/2005 1771/718/650 1086/675/611
f 1097/2038/2006 1098/2039/2007 1773/2036/2004
f 1098/2039/2007 1099/2040/2008 1774/2037/2005
f 1099/2040/2008 1096/715/647 1771/718/650
f 1775/630/572 1777/2042/2010 1094/2041/2009
f 1777/2042/2010 1778/2044/2012 1093/2043/2011
f 1778/2044/2012 1779/2046/2014 1092/2045/2013
f 1779/2046/2014 1776/617/559 1090/638/580
f 1081/692/627 1084/2023/1991 1777/2042/2010
f 1084/2023/1991 1083/2025/1993 1778/2044/2012
f 1083/2025/1993 1082/2027/1995 1779/2046/2014
f 1082/2027/1995 1080/615/557 1776/617/559
f 1118/2047/653 1780/2124/610 1782/2048/2015
f 1121/2049/2016 1782/2048/2015 1783/2050/2017
f 1120/2051/2018 1783/2050/2017 1784/2052/2019
f 1119/2053/2020 1784/2052/2019 1781/706/640
f 1780/674/610 1100/673/609 1104/1230/1184
f 1782/2048/2015 1104/1234/1184 1113/1236/1188
f 1783/2050/2017 1113/1236/1188 1112/1242/1196
f 1784/2052/2019 1112/1242/1196 1102/707/641
f 1785/641/583 1787/2055/2021 1097/2038/2006
f 1787/2055/2021 1788/2056/2022 1098/2039/2007
f 1788/2056/2022 1789/2057/2023 1099/2040/2008
f 1118/2047/653 1121/2049/2016 1787/2055/2021
f 1121/2049/2016 1120/2051/2018 1788/2056/2022
f 1120/2051/2018 1119/2053/2020 1789/2057/2023
f 1119/2053/2020 1117/708/642 1786/693/628
f 1790/636/578 1792/2058/2024 1108/1240/1192
f 1792/2058/2024 1793/2059/2025 1109/1245/1199
f 1793/2059/2025 1794/2060/2026 1114/1243/1197
f 1794/2060/2026 1791/705/639 1102/707/641
f 1091/722/652 1094/2041/2009 1792/2058/2024
f 1094/2041/2009 1093/2043/2011 1793/2059/2025
f 1093/2043/2011 1092/2045/2013 1794/2060/2026
f 1092/2045/2013 1090/638/580 1791/705/639
f 1060/625/567 1795/646/586 1797/2061/2027
f 1062/2008/1976 1797/2061/2027 1798/2062/2028
f 1063/2009/1977 1798/2062/2028 1799/2063/2029
f 1064/2010/1978 1799/2063/2029 1796/700/634
f 1795/646/586 1127/647/587 1129/2064/2030
f 1797/2061/2027 1129/2064/2030 1130/2065/2031
f 1798/2062/2028 1130/2065/2031 1131/2066/2032
f 1799/2063/2029 1131/2066/2032 1128/667/605
f 1126/2068/2034 1802/2067/2033 1803/2069/2035
f 1125/2070/2036 1803/2069/2035 1804/2071/2037
f 1124/2072/2038 1804/2071/2037 1801/652/591
f 1802/2067/2033 1054/2012/1980 1053/2014/1982
f 1803/2069/2035 1053/2014/1982 1052/2016/1984
f 1804/2071/2037 1052/2016/1984 1050/643/585
f 1805/659/598 1807/2073/2039 1140/1249/1203
f 1807/2073/2039 1808/2074/2040 1141/1258/1213
f 1808/2074/2040 1809/2075/2041 1147/1254/1209
f 1809/2075/2041 1806/687/622 1138/1255/1210
f 1134/2076/2042 1135/2077/2043 1808/2074/2040
f 1135/2077/2043 1136/2078/2044 1809/2075/2041
f 1136/2078/2044 1133/684/619 1806/687/622
f 1127/647/587 1810/653/592 1812/2079/2045
f 1129/2064/2030 1812/2079/2045 1813/2080/2046
f 1130/2065/2031 1813/2080/2046 1814/2081/2047
f 1131/2066/2032 1814/2081/2047 1811/686/621
f 1810/653/592 1139/654/593 1151/1261/1217
f 1812/2079/2045 1151/1261/1217 1146/1256/1211
f 1813/2080/2046 1146/1256/1211 1145/1253/1208
f 1814/2081/2047 1145/1253/1208 1138/1255/1210
f 1132/655/594 1815/649/589 1817/2082/2048
f 1134/2076/2042 1817/2082/2048 1818/2083/2049
f 1135/2077/2043 1818/2083/2049 1819/2084/2050
f 1136/2078/2044 1819/2084/2050 1816/685/620
f 1815/649/589 1123/648/588 1126/2068/2034
f 1817/2082/2048 1126/2068/2034 1125/2070/2036
f 1819/2084/2050 1124/2072/2038 1122/651/590
f 1139/654/593 1820/604/549 1822/2085/2051
f 1150/2087/1202 1822/2088/2055 1821/710/643
f 1820/604/549 1033/1213/1168 1042/1215/2052
f 1822/2088/2055 1035/2114/1163 1032/711/644
f 1823/584/529 1825/2091/2059 1000/2089/2056
f 1825/2090/2058 1824/671/607 995/1184/1138
f 1101/642/584 1103/1239/1191 1825/2091/2059
f 1103/2092/1185 1100/673/609 1824/671/607
