# Blender 5.2.2 LTS
# www.blender.org
o Satelite_Panel_Derecho
v 2.415403 -2.421284 -0.874638
v 2.417891 -2.421284 -0.882097
v 2.417891 -2.421284 -0.911932
v 2.412918 -2.421284 -0.869665
v 2.415403 -2.421284 -0.874638
v 2.415403 -2.421284 -0.919391
v 2.410431 -2.421284 -0.862206
v 2.412918 -2.421284 -0.869665
v 2.412918 -2.421284 -0.926849
v 2.405458 -2.421284 -0.857234
v 2.410431 -2.421284 -0.862206
v 2.410431 -2.421284 -0.931822
v 2.400486 -2.421284 -0.849775
v 2.405458 -2.421284 -0.857234
v 2.405458 -2.421284 -0.936794
v 2.393026 -2.421284 -0.847289
v 2.400486 -2.421284 -0.849775
v 2.400486 -2.421284 -0.944253
v 2.388054 -2.421284 -0.842316
v 2.393026 -2.421284 -0.847289
v 2.393026 -2.421284 -0.949226
v 2.380596 -2.421284 -0.839830
v 2.388054 -2.421284 -0.842316
v 2.388054 -2.421284 -0.951712
v 2.373137 -2.421284 -0.837344
v 2.380596 -2.421284 -0.839830
v 2.380596 -2.421284 -0.956684
v 2.365679 -2.421284 -0.834858
v 2.373137 -2.421284 -0.837344
v 2.373137 -2.421284 -0.959171
v 2.358219 -2.421284 -0.834858
v 2.365679 -2.421284 -0.834858
v 2.365679 -2.421284 -0.959171
v 2.350761 -2.421284 -0.834858
v 2.358219 -2.421284 -0.834858
v 2.358219 -2.421284 -0.959171
v 2.343302 -2.421284 -0.837344
v 2.350761 -2.421284 -0.834858
v 2.348274 -2.421284 -0.959171
v 2.338329 -2.421284 -0.837344
v 2.343302 -2.421284 -0.837344
v 2.343302 -2.421284 -0.959171
v 2.330872 -2.421284 -0.842316
v 2.338329 -2.421284 -0.837344
v 2.335844 -2.421284 -0.956684
v 2.323412 -2.421284 -0.844803
v 2.330872 -2.421284 -0.842316
v 2.328384 -2.421284 -0.951712
v 2.315952 -2.421284 -0.849775
v 2.323412 -2.421284 -0.844803
v 2.323412 -2.421284 -0.949226
v 2.310980 -2.421284 -0.854748
v 2.315952 -2.421284 -0.849775
v 2.315952 -2.421284 -0.944253
v 2.306007 -2.421284 -0.862206
v 2.310980 -2.421284 -0.854748
v 2.310980 -2.421284 -0.939281
v 2.303522 -2.421284 -0.869665
v 2.306007 -2.421284 -0.862206
v 2.306007 -2.421284 -0.931822
v 2.298550 -2.421284 -0.877124
v 2.303522 -2.421284 -0.869665
v 2.303522 -2.421284 -0.926849
v 2.296062 -2.421284 -0.882097
v 2.298550 -2.421284 -0.877124
v 2.298550 -2.421284 -0.919391
v 2.296062 -2.421284 -0.892042
v 2.296062 -2.421284 -0.882097
v 2.296062 -2.421284 -0.911932
v 2.296062 -2.421284 -0.897014
v 2.296062 -2.421284 -0.892042
v 2.296062 -2.421284 -0.904473
v 2.296062 -2.421284 -0.904473
v 2.296062 -2.421284 -0.892042
v 2.296062 -2.421284 -0.911932
v 2.296062 -2.421284 -0.911932
v 2.296062 -2.421284 -0.882097
v 2.298550 -2.421284 -0.919391
v 2.298550 -2.421284 -0.919391
v 2.298550 -2.421284 -0.877124
v 2.303522 -2.421284 -0.926849
v 2.303522 -2.421284 -0.926849
v 2.303522 -2.421284 -0.869665
v 2.306007 -2.421284 -0.931822
v 2.306007 -2.421284 -0.931822
v 2.306007 -2.421284 -0.862206
v 2.310980 -2.421284 -0.939281
v 2.310980 -2.421284 -0.939281
v 2.310980 -2.421284 -0.854748
v 2.315952 -2.421284 -0.944253
v 2.315952 -2.421284 -0.944253
v 2.315952 -2.421284 -0.849775
v 2.323412 -2.421284 -0.949226
v 2.323412 -2.421284 -0.949226
v 2.323412 -2.421284 -0.844803
v 2.328384 -2.421284 -0.951712
v 2.328384 -2.421284 -0.951712
v 2.330872 -2.421284 -0.842316
v 2.335844 -2.421284 -0.956684
v 2.335844 -2.421284 -0.956684
v 2.338329 -2.421284 -0.837344
v 2.343302 -2.421284 -0.959171
v 2.343302 -2.421284 -0.959171
v 2.343302 -2.421284 -0.837344
v 2.348274 -2.421284 -0.959171
v 2.348274 -2.421284 -0.959171
v 2.350761 -2.421284 -0.834858
v 2.358219 -2.421284 -0.959171
v 2.358219 -2.421284 -0.834858
v 2.365679 -2.421284 -0.959171
v 2.358219 -2.421284 -0.959171
v 2.365679 -2.421284 -0.834858
v 2.373137 -2.421284 -0.959171
v 2.365679 -2.421284 -0.959171
v 2.373137 -2.421284 -0.837344
v 2.380596 -2.421284 -0.956684
v 2.373137 -2.421284 -0.959171
v 2.380596 -2.421284 -0.839830
v 2.388054 -2.421284 -0.951712
v 2.380596 -2.421284 -0.956684
v 2.388054 -2.421284 -0.842316
v 2.393026 -2.421284 -0.949226
v 2.388054 -2.421284 -0.951712
v 2.393026 -2.421284 -0.847289
v 2.400486 -2.421284 -0.944253
v 2.393026 -2.421284 -0.949226
v 2.400486 -2.421284 -0.849775
v 2.405458 -2.421284 -0.936794
v 2.400486 -2.421284 -0.944253
v 2.405458 -2.421284 -0.857234
v 2.410431 -2.421284 -0.931822
v 2.405458 -2.421284 -0.936794
v 2.410431 -2.421284 -0.862206
v 2.412918 -2.421284 -0.926849
v 2.410431 -2.421284 -0.931822
v 2.412918 -2.421284 -0.869665
v 2.415403 -2.421284 -0.919391
v 2.412918 -2.421284 -0.926849
v 2.415403 -2.421284 -0.874638
v 2.417891 -2.421284 -0.911932
v 2.415403 -2.421284 -0.919391
v 2.417891 -2.421284 -0.882097
v 2.420376 -2.421284 -0.904473
v 2.417891 -2.421284 -0.911932
v 2.417891 -2.421284 -0.882097
v 2.420376 -2.421284 -0.889555
v 2.420376 -2.421284 -0.904473
v 2.420376 -2.421284 -0.889555
v 2.420376 -2.421284 -0.897014
v 2.420376 -2.421284 -0.904473
v 2.281145 -2.433715 -0.904473
v 2.296062 -2.421284 -0.911932
v 2.298550 -2.421284 -0.919391
v 2.420376 -2.421284 -0.904473
v 2.402973 -2.433715 -0.897014
v 2.417891 -2.421284 -0.911932
v 2.393026 -2.433715 -0.854748
v 2.412918 -2.421284 -0.869665
v 2.412918 -2.421284 -0.869665
v 2.400486 -2.421284 -0.849775
v 2.393026 -2.428742 -0.847289
v 2.405458 -2.421284 -0.857234
v 2.310980 -2.423770 -0.849775
v 2.315952 -2.421284 -0.849775
v 2.310980 -2.421284 -0.854748
v 2.328384 -2.431229 -0.949226
v 2.343302 -2.421284 -0.959171
v 2.348274 -2.421284 -0.959171
v 2.353247 -2.421284 -0.959171
v 2.348274 -2.421284 -0.959171
v 2.358219 -2.421284 -0.959171
v 2.325897 -2.426256 -0.949226
v 2.323412 -2.423770 -0.949226
v 2.335844 -2.421284 -0.956684
v 2.388054 -2.421284 -0.951712
v 2.370651 -2.431229 -0.944253
v 2.380596 -2.421284 -0.956684
v 2.420376 -2.421284 -0.889555
v 2.407946 -2.428742 -0.884583
v 2.420376 -2.421284 -0.897014
v 2.412918 -2.421284 -0.869665
v 2.412918 -2.421284 -0.869665
v 2.415403 -2.421284 -0.874638
v 2.365679 -2.421284 -0.834858
v 2.363192 -2.423770 -0.832371
v 2.373137 -2.421284 -0.837344
v 2.293577 -2.423770 -0.877124
v 2.298550 -2.421284 -0.877124
v 2.296062 -2.421284 -0.882097
v 2.420376 -2.421284 -0.897014
v 2.405458 -2.431229 -0.892042
v 2.420376 -2.421284 -0.904473
v 2.417891 -2.421284 -0.911932
v 2.397999 -2.433715 -0.904473
v 2.415403 -2.421284 -0.919391
v 2.415403 -2.421284 -0.919391
v 2.395514 -2.433715 -0.911932
v 2.412918 -2.421284 -0.926849
v 2.405458 -2.421284 -0.936794
v 2.383081 -2.433715 -0.926849
v 2.400486 -2.421284 -0.944253
v 2.388054 -2.433715 -0.921877
v 2.405458 -2.421284 -0.936794
v 2.410431 -2.421284 -0.931822
v 2.400486 -2.421284 -0.944253
v 2.378109 -2.433715 -0.934308
v 2.393026 -2.421284 -0.949226
v 2.393026 -2.421284 -0.949226
v 2.375624 -2.431229 -0.939281
v 2.388054 -2.421284 -0.951712
v 2.380596 -2.421284 -0.956684
v 2.365679 -2.428742 -0.949226
v 2.373137 -2.421284 -0.959171
v 2.373137 -2.421284 -0.959171
v 2.360706 -2.426256 -0.954198
v 2.365679 -2.421284 -0.959171
v 2.365679 -2.421284 -0.959171
v 2.355734 -2.423770 -0.956684
v 2.358219 -2.421284 -0.959171
v 2.328384 -2.431229 -0.949226
v 2.328384 -2.431229 -0.949226
v 2.343302 -2.421284 -0.959171
v 2.328384 -2.431229 -0.949226
v 2.325897 -2.428742 -0.949226
v 2.343302 -2.421284 -0.959171
v 2.325897 -2.428742 -0.949226
v 2.335844 -2.421284 -0.956684
v 2.343302 -2.421284 -0.959171
v 2.325897 -2.428742 -0.949226
v 2.325897 -2.426256 -0.949226
v 2.335844 -2.421284 -0.956684
v 2.323412 -2.423770 -0.949226
v 2.328384 -2.421284 -0.951712
v 2.335844 -2.421284 -0.956684
v 2.323412 -2.423770 -0.949226
v 2.323412 -2.423770 -0.949226
v 2.328384 -2.421284 -0.951712
v 2.301035 -2.433715 -0.934308
v 2.315952 -2.421284 -0.944253
v 2.323412 -2.421284 -0.949226
v 2.323412 -2.423770 -0.949226
v 2.323412 -2.421284 -0.949226
v 2.328384 -2.421284 -0.951712
v 2.301035 -2.431229 -0.931822
v 2.310980 -2.421284 -0.939281
v 2.315952 -2.421284 -0.944253
v 2.298550 -2.426256 -0.929336
v 2.306007 -2.421284 -0.931822
v 2.310980 -2.421284 -0.939281
v 2.298550 -2.423770 -0.926849
v 2.303522 -2.421284 -0.926849
v 2.306007 -2.421284 -0.931822
v 2.301035 -2.421284 -0.921877
v 2.298550 -2.421284 -0.919391
v 2.303522 -2.421284 -0.926849
v 2.283632 -2.431229 -0.899500
v 2.296062 -2.421284 -0.904473
v 2.296062 -2.421284 -0.911932
v 2.286118 -2.428742 -0.892042
v 2.296062 -2.421284 -0.897014
v 2.296062 -2.421284 -0.904473
v 2.288605 -2.426256 -0.884583
v 2.296062 -2.421284 -0.882097
v 2.296062 -2.421284 -0.892042
v 2.296062 -2.423770 -0.869665
v 2.303522 -2.421284 -0.869665
v 2.298550 -2.421284 -0.877124
v 2.301035 -2.423770 -0.862206
v 2.306007 -2.421284 -0.862206
v 2.303522 -2.421284 -0.869665
v 2.306007 -2.423770 -0.857234
v 2.310980 -2.421284 -0.854748
v 2.306007 -2.421284 -0.862206
v 2.315952 -2.423770 -0.844803
v 2.323412 -2.421284 -0.844803
v 2.315952 -2.421284 -0.849775
v 2.318439 -2.426256 -0.839830
v 2.330872 -2.421284 -0.842316
v 2.323412 -2.421284 -0.844803
v 2.323412 -2.426256 -0.834858
v 2.338329 -2.421284 -0.837344
v 2.330872 -2.421284 -0.842316
v 2.338329 -2.421284 -0.837344
v 2.328384 -2.428742 -0.829885
v 2.343302 -2.421284 -0.837344
v 2.358219 -2.421284 -0.834858
v 2.358219 -2.421284 -0.834858
v 2.365679 -2.421284 -0.834858
v 2.373137 -2.421284 -0.837344
v 2.365679 -2.428742 -0.829885
v 2.380596 -2.421284 -0.839830
v 2.380596 -2.421284 -0.839830
v 2.368164 -2.431229 -0.829885
v 2.388054 -2.421284 -0.842316
v 2.388054 -2.421284 -0.842316
v 2.390541 -2.421284 -0.844803
v 2.393026 -2.421284 -0.847289
v 2.393026 -2.421284 -0.847289
v 2.393026 -2.423770 -0.844803
v 2.400486 -2.421284 -0.849775
v 2.393026 -2.423770 -0.844803
v 2.393026 -2.426256 -0.847289
v 2.400486 -2.421284 -0.849775
v 2.405458 -2.421284 -0.857234
v 2.393026 -2.428742 -0.849775
v 2.410431 -2.421284 -0.862206
v 2.393026 -2.428742 -0.847289
v 2.393026 -2.428742 -0.849775
v 2.405458 -2.421284 -0.857234
v 2.393026 -2.426256 -0.847289
v 2.393026 -2.428742 -0.847289
v 2.400486 -2.421284 -0.849775
v 2.393026 -2.428742 -0.849775
v 2.393026 -2.431229 -0.849775
v 2.410431 -2.421284 -0.862206
v 2.393026 -2.431229 -0.849775
v 2.393026 -2.433715 -0.852261
v 2.410431 -2.421284 -0.862206
v 2.410431 -2.421284 -0.862206
v 2.393026 -2.433715 -0.852261
v 2.412918 -2.421284 -0.869665
v 2.393026 -2.433715 -0.852261
v 2.393026 -2.433715 -0.854748
v 2.412918 -2.421284 -0.869665
v 2.415403 -2.421284 -0.874638
v 2.412918 -2.423770 -0.874638
v 2.417891 -2.421284 -0.882097
v 2.417891 -2.421284 -0.882097
v 2.410431 -2.426256 -0.879610
v 2.420376 -2.421284 -0.889555
v 2.335844 -2.433715 -0.822426
v 2.358219 -2.421284 -0.834858
v 2.350761 -2.421284 -0.834858
v 2.417891 2.419466 -0.882097
v 2.415403 2.419466 -0.874638
v 2.417891 2.419466 -0.911932
v 2.415403 2.419466 -0.874638
v 2.412918 2.419466 -0.867179
v 2.415403 2.419466 -0.919391
v 2.412918 2.419466 -0.867179
v 2.410431 2.419466 -0.862206
v 2.412918 2.419466 -0.926849
v 2.410431 2.419466 -0.862206
v 2.405458 2.419466 -0.857234
v 2.407946 2.419466 -0.934308
v 2.405458 2.419466 -0.857234
v 2.400486 2.419466 -0.849775
v 2.405458 2.419466 -0.939281
v 2.400486 2.419466 -0.849775
v 2.393026 2.419466 -0.847289
v 2.400486 2.419466 -0.944253
v 2.393026 2.419466 -0.847289
v 2.388054 2.419466 -0.842316
v 2.393026 2.419466 -0.949226
v 2.388054 2.419466 -0.842316
v 2.380596 2.419466 -0.839830
v 2.388054 2.419466 -0.951712
v 2.380596 2.419466 -0.839830
v 2.373137 2.419466 -0.837344
v 2.380596 2.419466 -0.956684
v 2.373137 2.419466 -0.837344
v 2.365679 2.419466 -0.834858
v 2.373137 2.419466 -0.959171
v 2.365679 2.419466 -0.834858
v 2.358219 2.419466 -0.834858
v 2.365679 2.419466 -0.959171
v 2.358219 2.419466 -0.834858
v 2.348274 2.419466 -0.834858
v 2.358219 2.419466 -0.959171
v 2.348274 2.419466 -0.834858
v 2.340816 2.419466 -0.837344
v 2.348274 2.419466 -0.959171
v 2.340816 2.419466 -0.837344
v 2.335844 2.419466 -0.839830
v 2.343302 2.419466 -0.959171
v 2.335844 2.419466 -0.839830
v 2.328384 2.419466 -0.842316
v 2.335844 2.419466 -0.956684
v 2.328384 2.419466 -0.842316
v 2.323412 2.419466 -0.844803
v 2.328384 2.419466 -0.951712
v 2.323412 2.419466 -0.844803
v 2.315952 2.419466 -0.849775
v 2.323412 2.419466 -0.949226
v 2.315952 2.419466 -0.849775
v 2.310980 2.419466 -0.854748
v 2.315952 2.419466 -0.944253
v 2.310980 2.419466 -0.854748
v 2.306007 2.419466 -0.862206
v 2.310980 2.419466 -0.939281
v 2.306007 2.419466 -0.862206
v 2.303522 2.419466 -0.869665
v 2.306007 2.419466 -0.931822
v 2.303522 2.419466 -0.869665
v 2.298550 2.419466 -0.877124
v 2.303522 2.419466 -0.926849
v 2.298550 2.419466 -0.877124
v 2.296062 2.419466 -0.882097
v 2.298550 2.419466 -0.919391
v 2.296062 2.419466 -0.882097
v 2.296062 2.419466 -0.892042
v 2.296062 2.419466 -0.911932
v 2.296062 2.419466 -0.892042
v 2.296062 2.419466 -0.897014
v 2.296062 2.419466 -0.904473
v 2.296062 2.419466 -0.892042
v 2.296062 2.419466 -0.904473
v 2.296062 2.419466 -0.911932
v 2.296062 2.419466 -0.882097
v 2.296062 2.419466 -0.911932
v 2.298550 2.419466 -0.919391
v 2.298550 2.419466 -0.877124
v 2.298550 2.419466 -0.919391
v 2.303522 2.419466 -0.926849
v 2.303522 2.419466 -0.869665
v 2.303522 2.419466 -0.926849
v 2.306007 2.419466 -0.931822
v 2.306007 2.419466 -0.862206
v 2.306007 2.419466 -0.931822
v 2.310980 2.419466 -0.939281
v 2.310980 2.419466 -0.854748
v 2.310980 2.419466 -0.939281
v 2.315952 2.419466 -0.944253
v 2.315952 2.419466 -0.849775
v 2.315952 2.419466 -0.944253
v 2.323412 2.419466 -0.949226
v 2.323412 2.419466 -0.844803
v 2.323412 2.419466 -0.949226
v 2.328384 2.419466 -0.951712
v 2.328384 2.419466 -0.842316
v 2.328384 2.419466 -0.951712
v 2.335844 2.419466 -0.956684
v 2.335844 2.419466 -0.839830
v 2.335844 2.419466 -0.956684
v 2.343302 2.419466 -0.959171
v 2.340816 2.419466 -0.837344
v 2.343302 2.419466 -0.959171
v 2.348274 2.419466 -0.959171
v 2.348274 2.419466 -0.834858
v 2.348274 2.419466 -0.959171
v 2.358219 2.419466 -0.959171
v 2.365679 2.419466 -0.959171
v 2.358219 2.419466 -0.834858
v 2.358219 2.419466 -0.959171
v 2.373137 2.419466 -0.959171
v 2.365679 2.419466 -0.834858
v 2.365679 2.419466 -0.959171
v 2.380596 2.419466 -0.956684
v 2.373137 2.419466 -0.837344
v 2.373137 2.419466 -0.959171
v 2.388054 2.419466 -0.951712
v 2.380596 2.419466 -0.839830
v 2.380596 2.419466 -0.956684
v 2.393026 2.419466 -0.949226
v 2.388054 2.419466 -0.842316
v 2.388054 2.419466 -0.951712
v 2.400486 2.419466 -0.944253
v 2.393026 2.419466 -0.847289
v 2.393026 2.419466 -0.949226
v 2.405458 2.419466 -0.939281
v 2.400486 2.419466 -0.849775
v 2.400486 2.419466 -0.944253
v 2.407946 2.419466 -0.934308
v 2.405458 2.419466 -0.857234
v 2.405458 2.419466 -0.939281
v 2.412918 2.419466 -0.926849
v 2.410431 2.419466 -0.862206
v 2.407946 2.419466 -0.934308
v 2.415403 2.419466 -0.919391
v 2.412918 2.419466 -0.867179
v 2.412918 2.419466 -0.926849
v 2.417891 2.419466 -0.911932
v 2.415403 2.419466 -0.874638
v 2.415403 2.419466 -0.919391
v 2.420376 2.419466 -0.904473
v 2.417891 2.419466 -0.882097
v 2.417891 2.419466 -0.911932
v 2.420376 2.419466 -0.889555
v 2.417891 2.419466 -0.882097
v 2.420376 2.419466 -0.904473
v 2.420376 2.419466 -0.897014
v 2.420376 2.419466 -0.889555
v 2.420376 2.419466 -0.904473
v 2.296062 2.419466 -0.911932
v 2.281145 2.431898 -0.904473
v 2.298550 2.419466 -0.919391
v 2.402973 2.431898 -0.897014
v 2.420376 2.419466 -0.904473
v 2.417891 2.419466 -0.911932
v 1.828646 2.847104 -0.479322
v 2.393026 2.431898 -0.852261
v 2.412918 2.419466 -0.867179
v 2.393026 2.426925 -0.847289
v 2.400486 2.419466 -0.849775
v 2.405458 2.419466 -0.857234
v 2.415403 2.419466 -0.874638
v 1.957932 2.757598 -0.568828
v 2.412918 2.421953 -0.869665
v 2.412918 2.421953 -0.869665
v 1.828646 2.847104 -0.479322
v 2.412918 2.419466 -0.867179
v 2.417891 2.419466 -0.882097
v 1.873398 2.819755 -0.516616
v 2.412918 2.424439 -0.874638
v 2.412918 2.424439 -0.874638
v 1.957932 2.757598 -0.568828
v 2.415403 2.419466 -0.874638
v 2.315952 2.419466 -0.849775
v 2.310980 2.421953 -0.849775
v 2.310980 2.419466 -0.854748
v 2.343302 2.419466 -0.959171
v 2.328384 2.431898 -0.949226
v 2.348274 2.419466 -0.959171
v 2.348274 2.419466 -0.959171
v 2.353247 2.419466 -0.959171
v 2.358219 2.419466 -0.959171
v 2.323412 2.424439 -0.949226
v 2.325897 2.426925 -0.949226
v 2.335844 2.419466 -0.956684
v 2.370651 2.429411 -0.944253
v 2.388054 2.419466 -0.951712
v 2.380596 2.419466 -0.956684
v 2.407946 2.429411 -0.884583
v 2.420376 2.419466 -0.889555
v 2.420376 2.419466 -0.897014
v 2.412918 2.421953 -0.869665
v 2.412918 2.419466 -0.867179
v 2.415403 2.419466 -0.874638
v 2.363192 2.424439 -0.832371
v 2.365679 2.419466 -0.834858
v 2.373137 2.419466 -0.837344
v 2.348274 2.419466 -0.834858
v 2.330872 2.429411 -0.827399
v 2.340816 2.419466 -0.837344
v 2.298550 2.419466 -0.877124
v 2.293577 2.424439 -0.877124
v 2.296062 2.419466 -0.882097
v 2.296062 2.419466 -0.892042
v 2.286118 2.426925 -0.889555
v 2.296062 2.419466 -0.897014
v 2.405458 2.431898 -0.892042
v 2.420376 2.419466 -0.897014
v 2.420376 2.419466 -0.904473
v 2.397999 2.434384 -0.904473
v 2.417891 2.419466 -0.911932
v 2.415403 2.419466 -0.919391
v 2.393026 2.434384 -0.911932
v 2.415403 2.419466 -0.919391
v 2.412918 2.419466 -0.926849
v 2.390541 2.434384 -0.916904
v 2.412918 2.419466 -0.926849
v 2.407946 2.419466 -0.934308
v 2.383081 2.434384 -0.926849
v 2.405458 2.419466 -0.939281
v 2.400486 2.419466 -0.944253
v 2.378109 2.434384 -0.934308
v 2.400486 2.419466 -0.944253
v 2.393026 2.419466 -0.949226
v 2.373137 2.431898 -0.939281
v 2.393026 2.419466 -0.949226
v 2.388054 2.419466 -0.951712
v 2.365679 2.429411 -0.949226
v 2.380596 2.419466 -0.956684
v 2.373137 2.419466 -0.959171
v 2.360706 2.426925 -0.954198
v 2.373137 2.419466 -0.959171
v 2.365679 2.419466 -0.959171
v 2.355734 2.424439 -0.956684
v 2.365679 2.419466 -0.959171
v 2.358219 2.419466 -0.959171
v 2.328384 2.429411 -0.949226
v 2.328384 2.431898 -0.949226
v 2.343302 2.419466 -0.959171
v 2.325897 2.429411 -0.949226
v 2.328384 2.429411 -0.949226
v 2.343302 2.419466 -0.959171
v 2.335844 2.419466 -0.956684
v 2.325897 2.429411 -0.949226
v 2.343302 2.419466 -0.959171
v 2.325897 2.426925 -0.949226
v 2.325897 2.429411 -0.949226
v 2.335844 2.419466 -0.956684
v 2.328384 2.419466 -0.951712
v 2.323412 2.424439 -0.949226
v 2.335844 2.419466 -0.956684
v 2.323412 2.424439 -0.949226
v 2.323412 2.424439 -0.949226
v 2.328384 2.419466 -0.951712
v 2.315952 2.419466 -0.944253
v 2.301035 2.434384 -0.934308
v 2.323412 2.419466 -0.949226
v 2.323412 2.419466 -0.949226
v 2.323412 2.424439 -0.949226
v 2.328384 2.419466 -0.951712
v 2.310980 2.419466 -0.939281
v 2.301035 2.429411 -0.931822
v 2.315952 2.419466 -0.944253
v 2.306007 2.419466 -0.931822
v 2.298550 2.426925 -0.929336
v 2.310980 2.419466 -0.939281
v 2.303522 2.419466 -0.926849
v 2.298550 2.424439 -0.926849
v 2.306007 2.419466 -0.931822
v 2.298550 2.419466 -0.919391
v 2.301035 2.421953 -0.921877
v 2.303522 2.419466 -0.926849
v 2.296062 2.419466 -0.904473
v 2.281145 2.429411 -0.897014
v 2.296062 2.419466 -0.911932
v 2.296062 2.419466 -0.897014
v 2.283632 2.429411 -0.892042
v 2.296062 2.419466 -0.904473
v 2.286118 2.426925 -0.889555
v 2.283632 2.429411 -0.892042
v 2.296062 2.419466 -0.897014
v 2.296062 2.419466 -0.882097
v 2.288605 2.424439 -0.884583
v 2.296062 2.419466 -0.892042
v 2.303522 2.419466 -0.869665
v 2.296062 2.421953 -0.869665
v 2.298550 2.419466 -0.877124
v 2.306007 2.419466 -0.862206
v 2.301035 2.421953 -0.862206
v 2.303522 2.419466 -0.869665
v 2.310980 2.419466 -0.854748
v 2.306007 2.421953 -0.857234
v 2.306007 2.419466 -0.862206
v 2.323412 2.419466 -0.844803
v 2.315952 2.424439 -0.844803
v 2.315952 2.419466 -0.849775
v 2.328384 2.419466 -0.842316
v 2.318439 2.424439 -0.839830
v 2.323412 2.419466 -0.844803
v 2.335844 2.419466 -0.839830
v 2.323412 2.426925 -0.832371
v 2.328384 2.419466 -0.842316
v 2.358219 2.421953 -0.834858
v 2.358219 2.419466 -0.834858
v 2.365679 2.419466 -0.834858
v 2.365679 2.426925 -0.829885
v 2.373137 2.419466 -0.837344
v 2.380596 2.419466 -0.839830
v 2.368164 2.431898 -0.829885
v 2.380596 2.419466 -0.839830
v 2.388054 2.419466 -0.842316
v 2.390541 2.419466 -0.844803
v 2.388054 2.419466 -0.842316
v 2.393026 2.419466 -0.847289
v 2.393026 2.424439 -0.844803
v 2.393026 2.419466 -0.847289
v 2.400486 2.419466 -0.849775
v 2.393026 2.426925 -0.847289
v 2.393026 2.424439 -0.844803
v 2.400486 2.419466 -0.849775
v 2.393026 2.429411 -0.849775
v 2.405458 2.419466 -0.857234
v 2.410431 2.419466 -0.862206
v 2.393026 2.429411 -0.849775
v 2.393026 2.426925 -0.847289
v 2.405458 2.419466 -0.857234
v 2.393026 2.426925 -0.847289
v 2.393026 2.426925 -0.847289
v 2.400486 2.419466 -0.849775
v 2.393026 2.431898 -0.849775
v 2.393026 2.429411 -0.849775
v 2.410431 2.419466 -0.862206
v 2.393026 2.431898 -0.852261
v 2.393026 2.431898 -0.849775
v 2.410431 2.419466 -0.862206
v 2.393026 2.431898 -0.852261
v 2.410431 2.419466 -0.862206
v 2.412918 2.419466 -0.867179
v 2.412918 2.424439 -0.874638
v 2.415403 2.419466 -0.874638
v 2.417891 2.419466 -0.882097
v 2.410431 2.426925 -0.879610
v 2.417891 2.419466 -0.882097
v 2.420376 2.419466 -0.889555
v 2.358219 2.419466 -0.834858
v 2.335844 2.434384 -0.822426
v 2.348274 2.419466 -0.834858
v 4.876802 -2.001106 -0.772701
v 4.876802 1.999288 -0.772701
v 4.876802 -2.001106 -0.897014
v 4.876802 1.999288 -0.772701
v 4.876802 1.999288 -0.897014
v 4.876802 -2.001106 -0.897014
v 9.235218 -2.001106 -0.897014
v 4.876802 -2.001106 -0.772701
v 4.876802 -2.001106 -0.897014
v 9.235218 -2.001106 -0.772701
v 4.876802 -2.001106 -0.772701
v 9.235218 -2.001106 -0.897014
v 5.117970 0.271336 -0.897014
v 5.640085 0.271336 -0.897014
v 5.117970 -0.273154 -0.897014
v 5.640085 0.271336 -0.897014
v 5.640085 -0.273154 -0.897014
v 5.117970 -0.273154 -0.897014
v 5.640085 -0.273154 -0.897014
v 5.640085 0.271336 -0.897014
v 6.008051 -1.295007 -0.897014
v 5.640085 -0.273154 -0.897014
v 6.008051 -1.295007 -0.897014
v 5.640085 -1.295007 -0.897014
v 5.640085 0.271336 -0.897014
v 6.008051 1.295677 -0.897014
v 6.008051 -1.295007 -0.897014
v 5.640085 1.295677 -0.897014
v 6.008051 1.295677 -0.897014
v 5.640085 0.271336 -0.897014
v 8.725534 0.930197 -0.897014
v 9.235218 1.999288 -0.897014
v 9.235218 -2.001106 -0.897014
v 8.725534 -0.929527 -0.897014
v 8.725534 0.930197 -0.897014
v 9.235218 -2.001106 -0.897014
v 8.248173 -0.929527 -0.897014
v 8.725534 -0.929527 -0.897014
v 7.808105 -1.295007 -0.897014
v 7.808105 -1.295007 -0.897014
v 8.725534 -0.929527 -0.897014
v 9.235218 -2.001106 -0.897014
v 7.808105 -1.295007 -0.897014
v 9.235218 -2.001106 -0.897014
v 4.876802 -2.001106 -0.897014
v 6.008051 -1.295007 -0.897014
v 7.808105 -1.295007 -0.897014
v 4.876802 -2.001106 -0.897014
v 5.640085 -1.295007 -0.897014
v 6.008051 -1.295007 -0.897014
v 4.876802 -2.001106 -0.897014
v 5.117970 -1.295007 -0.897014
v 5.640085 -1.295007 -0.897014
v 4.876802 -2.001106 -0.897014
v 5.117970 -0.273154 -0.897014
v 5.117970 -1.295007 -0.897014
v 4.876802 -2.001106 -0.897014
v 5.117970 0.271336 -0.897014
v 5.117970 -0.273154 -0.897014
v 4.876802 -2.001106 -0.897014
v 4.876802 1.999288 -0.897014
v 5.117970 0.271336 -0.897014
v 4.876802 -2.001106 -0.897014
v 4.876802 1.999288 -0.897014
v 5.117970 1.295677 -0.897014
v 5.117970 0.271336 -0.897014
v 4.876802 1.999288 -0.897014
v 5.640085 1.295677 -0.897014
v 5.117970 1.295677 -0.897014
v 4.876802 1.999288 -0.897014
v 6.008051 1.295677 -0.897014
v 5.640085 1.295677 -0.897014
v 4.876802 1.999288 -0.897014
v 7.808105 1.295677 -0.897014
v 6.008051 1.295677 -0.897014
v 4.876802 1.999288 -0.897014
v 9.235218 1.999288 -0.897014
v 7.808105 1.295677 -0.897014
v 7.808105 1.295677 -0.897014
v 9.235218 1.999288 -0.897014
v 8.725534 0.930197 -0.897014
v 7.808105 1.295677 -0.897014
v 8.725534 0.930197 -0.897014
v 8.248173 0.930197 -0.897014
v 7.808105 1.295677 -0.897014
v 8.248173 0.930197 -0.897014
v 7.808105 -1.295007 -0.897014
v 8.248173 0.930197 -0.897014
v 8.248173 -0.929527 -0.897014
v 7.808105 -1.295007 -0.897014
v 5.117970 -0.273154 -0.897014
v 5.117970 -1.295007 -0.772701
v 5.117970 -1.295007 -0.897014
v 5.117970 -0.273154 -0.772701
v 5.117970 -1.295007 -0.772701
v 5.117970 -0.273154 -0.897014
v 5.640085 -1.295007 -0.772701
v 5.640085 -1.295007 -0.897014
v 5.117970 -1.295007 -0.897014
v 5.117970 -1.295007 -0.772701
v 5.640085 -1.295007 -0.772701
v 5.117970 -1.295007 -0.897014
v 5.640085 -0.273154 -0.772701
v 5.640085 -0.273154 -0.897014
v 5.640085 -1.295007 -0.897014
v 5.640085 -1.295007 -0.772701
v 5.640085 -0.273154 -0.772701
v 5.640085 -1.295007 -0.897014
v 5.640085 -0.273154 -0.897014
v 5.117970 -0.273154 -0.772701
v 5.117970 -0.273154 -0.897014
v 5.640085 -0.273154 -0.772701
v 5.117970 -0.273154 -0.772701
v 5.640085 -0.273154 -0.897014
v 5.117970 1.295677 -0.897014
v 5.117970 0.271336 -0.772701
v 5.117970 0.271336 -0.897014
v 5.117970 1.295677 -0.772701
v 5.117970 0.271336 -0.772701
v 5.117970 1.295677 -0.897014
v 5.640085 0.271336 -0.772701
v 5.640085 0.271336 -0.897014
v 5.117970 0.271336 -0.897014
v 5.117970 0.271336 -0.772701
v 5.640085 0.271336 -0.772701
v 5.117970 0.271336 -0.897014
v 5.640085 1.295677 -0.772701
v 5.640085 1.295677 -0.897014
v 5.640085 0.271336 -0.897014
v 5.640085 0.271336 -0.772701
v 5.640085 1.295677 -0.772701
v 5.640085 0.271336 -0.897014
v 5.640085 1.295677 -0.897014
v 5.117970 1.295677 -0.772701
v 5.117970 1.295677 -0.897014
v 5.640085 1.295677 -0.772701
v 5.117970 1.295677 -0.772701
v 5.640085 1.295677 -0.897014
v 6.008051 1.295677 -0.897014
v 6.008051 -1.295007 -0.772701
v 6.008051 -1.295007 -0.897014
v 6.008051 1.295677 -0.772701
v 6.008051 -1.295007 -0.772701
v 6.008051 1.295677 -0.897014
v 7.808105 -1.295007 -0.772701
v 7.808105 -1.295007 -0.897014
v 6.008051 -1.295007 -0.897014
v 6.008051 -1.295007 -0.772701
v 7.808105 -1.295007 -0.772701
v 6.008051 -1.295007 -0.897014
v 7.808105 1.295677 -0.772701
v 7.808105 1.295677 -0.897014
v 7.808105 -1.295007 -0.897014
v 7.808105 -1.295007 -0.772701
v 7.808105 1.295677 -0.772701
v 7.808105 -1.295007 -0.897014
v 7.808105 1.295677 -0.897014
v 6.008051 1.295677 -0.772701
v 6.008051 1.295677 -0.897014
v 7.808105 1.295677 -0.772701
v 6.008051 1.295677 -0.772701
v 7.808105 1.295677 -0.897014
v 8.248173 0.930197 -0.897014
v 8.248173 -0.929527 -0.772701
v 8.248173 -0.929527 -0.897014
v 8.248173 0.930197 -0.772701
v 8.248173 -0.929527 -0.772701
v 8.248173 0.930197 -0.897014
v 8.248173 -0.929527 -0.772701
v 8.725534 -0.929527 -0.897014
v 8.248173 -0.929527 -0.897014
v 8.248173 -0.929527 -0.772701
v 8.725534 -0.929527 -0.772701
v 8.725534 -0.929527 -0.897014
v 8.725534 0.930197 -0.772701
v 8.725534 0.930197 -0.897014
v 8.725534 -0.929527 -0.897014
v 8.725534 -0.929527 -0.772701
v 8.725534 0.930197 -0.772701
v 8.725534 -0.929527 -0.897014
v 8.725534 0.930197 -0.897014
v 8.725534 0.930197 -0.772701
v 8.248173 0.930197 -0.897014
v 8.725534 0.930197 -0.772701
v 8.248173 0.930197 -0.772701
v 8.248173 0.930197 -0.897014
v 8.725534 0.930197 -0.772701
v 8.725534 -0.929527 -0.772701
v 9.235218 -2.001106 -0.772701
v 7.808105 -1.295007 -0.772701
v 6.008051 -1.295007 -0.772701
v 4.876802 -2.001106 -0.772701
v 6.008051 1.295677 -0.772701
v 5.640085 0.271336 -0.772701
v 6.008051 -1.295007 -0.772701
v 6.008051 1.295677 -0.772701
v 5.640085 1.295677 -0.772701
v 5.640085 0.271336 -0.772701
v 5.117970 -1.295007 -0.772701
v 5.117970 -0.273154 -0.772701
v 4.876802 -2.001106 -0.772701
v 5.640085 -1.295007 -0.772701
v 5.117970 -1.295007 -0.772701
v 4.876802 -2.001106 -0.772701
v 9.235218 1.999288 -0.772701
v 7.808105 1.295677 -0.772701
v 8.725534 0.930197 -0.772701
v 9.235218 1.999288 -0.772701
v 8.725534 0.930197 -0.772701
v 9.235218 -2.001106 -0.772701
v 8.725534 0.930197 -0.772701
v 7.808105 1.295677 -0.772701
v 8.248173 0.930197 -0.772701
v 8.248173 0.930197 -0.772701
v 7.808105 1.295677 -0.772701
v 7.808105 -1.295007 -0.772701
v 8.248173 -0.929527 -0.772701
v 8.248173 0.930197 -0.772701
v 7.808105 -1.295007 -0.772701
v 8.248173 -0.929527 -0.772701
v 7.808105 -1.295007 -0.772701
v 9.235218 -2.001106 -0.772701
v 8.725534 -0.929527 -0.772701
v 8.248173 -0.929527 -0.772701
v 9.235218 -2.001106 -0.772701
v 9.235218 -2.001106 -0.772701
v 7.808105 -1.295007 -0.772701
v 4.876802 -2.001106 -0.772701
v 6.008051 -1.295007 -0.772701
v 5.640085 -1.295007 -0.772701
v 4.876802 -2.001106 -0.772701
v 6.008051 -1.295007 -0.772701
v 5.640085 -0.273154 -0.772701
v 5.640085 -1.295007 -0.772701
v 5.640085 0.271336 -0.772701
v 5.640085 -0.273154 -0.772701
v 6.008051 -1.295007 -0.772701
v 5.640085 0.271336 -0.772701
v 5.117970 0.271336 -0.772701
v 5.640085 -0.273154 -0.772701
v 5.640085 -0.273154 -0.772701
v 5.117970 0.271336 -0.772701
v 5.117970 -0.273154 -0.772701
v 5.117970 -0.273154 -0.772701
v 5.117970 0.271336 -0.772701
v 4.876802 -2.001106 -0.772701
v 5.117970 0.271336 -0.772701
v 4.876802 1.999288 -0.772701
v 4.876802 -2.001106 -0.772701
v 7.808105 1.295677 -0.772701
v 4.876802 1.999288 -0.772701
v 6.008051 1.295677 -0.772701
v 9.235218 1.999288 -0.772701
v 4.876802 1.999288 -0.772701
v 7.808105 1.295677 -0.772701
v 5.640085 1.295677 -0.772701
v 4.876802 1.999288 -0.772701
v 5.117970 1.295677 -0.772701
v 5.117970 1.295677 -0.772701
v 4.876802 1.999288 -0.772701
v 5.117970 0.271336 -0.772701
v 6.008051 1.295677 -0.772701
v 4.876802 1.999288 -0.772701
v 5.640085 1.295677 -0.772701
v 9.235218 1.519440 -0.775187
v 9.235218 -1.481477 -0.775187
v 9.235218 1.519440 -0.894528
v 9.235218 1.999288 -0.894528
v 9.235218 1.519440 -0.894528
v 9.235218 1.999288 -0.897014
v 9.235218 1.999288 -0.897014
v 9.235218 1.519440 -0.894528
v 9.235218 -2.001106 -0.897014
v 9.235218 1.519440 -0.894528
v 9.235218 -1.481477 -0.894528
v 9.235218 -2.001106 -0.897014
v 9.235218 1.999288 -0.772701
v 9.235218 -2.001106 -0.772701
v 9.235218 -1.481477 -0.775187
v 9.235218 -1.481477 -0.775187
v 9.235218 -2.001106 -0.772701
v 9.235218 -1.981216 -0.775187
v 9.235218 -1.981216 -0.775187
v 9.235218 -2.001106 -0.772701
v 9.235218 -2.001106 -0.897014
v 9.235218 -1.981216 -0.894528
v 9.235218 -1.981216 -0.775187
v 9.235218 -2.001106 -0.897014
v 9.235218 -1.481477 -0.894528
v 9.235218 -1.981216 -0.894528
v 9.235218 -2.001106 -0.897014
v 9.235218 1.519440 -0.894528
v 9.235218 -1.481477 -0.775187
v 9.235218 -1.481477 -0.894528
v 9.235218 1.519440 -0.775187
v 9.235218 1.999288 -0.772701
v 9.235218 -1.481477 -0.775187
v 9.235218 1.999288 -0.775187
v 9.235218 1.999288 -0.772701
v 9.235218 1.519440 -0.775187
v 9.297375 -1.481477 -0.790105
v 9.317266 -1.481477 -0.839830
v 9.314779 -1.481477 -0.847289
v 9.314779 -1.481477 -0.817454
v 9.314779 -1.481477 -0.822426
v 9.317266 -1.481477 -0.832371
v 9.312294 -1.481477 -0.809995
v 9.314779 -1.481477 -0.817454
v 9.317266 -1.481477 -0.832371
v 9.312294 -1.481477 -0.809995
v 9.317266 -1.481477 -0.832371
v 9.317266 -1.481477 -0.839830
v 9.307320 -1.481477 -0.802536
v 9.312294 -1.481477 -0.809995
v 9.317266 -1.481477 -0.839830
v 9.302347 -1.481477 -0.795077
v 9.307320 -1.481477 -0.802536
v 9.317266 -1.481477 -0.839830
v 9.297375 -1.481477 -0.790105
v 9.302347 -1.481477 -0.795077
v 9.317266 -1.481477 -0.839830
v 9.292402 -1.481477 -0.785132
v 9.297375 -1.481477 -0.790105
v 9.314779 -1.481477 -0.847289
v 9.292402 -1.481477 -0.785132
v 9.314779 -1.481477 -0.847289
v 9.314779 -1.481477 -0.854748
v 9.284945 -1.481477 -0.780160
v 9.292402 -1.481477 -0.785132
v 9.314779 -1.481477 -0.854748
v 9.284945 -1.481477 -0.780160
v 9.312294 -1.481477 -0.859720
v 9.307320 -1.481477 -0.867179
v 9.284945 -1.481477 -0.780160
v 9.314779 -1.481477 -0.854748
v 9.312294 -1.481477 -0.859720
v 9.279972 -1.481477 -0.777674
v 9.284945 -1.481477 -0.780160
v 9.307320 -1.481477 -0.867179
v 9.279972 -1.481477 -0.777674
v 9.307320 -1.481477 -0.867179
v 9.302347 -1.481477 -0.874638
v 9.279972 -1.481477 -0.777674
v 9.302347 -1.481477 -0.874638
v 9.297375 -1.481477 -0.879610
v 9.272512 -1.481477 -0.775187
v 9.279972 -1.481477 -0.777674
v 9.297375 -1.481477 -0.879610
v 9.272512 -1.481477 -0.775187
v 9.292402 -1.481477 -0.884583
v 9.284945 -1.481477 -0.889555
v 9.272512 -1.481477 -0.775187
v 9.297375 -1.481477 -0.879610
v 9.292402 -1.481477 -0.884583
v 9.265055 -1.481477 -0.772701
v 9.272512 -1.481477 -0.775187
v 9.284945 -1.481477 -0.889555
v 9.265055 -1.481477 -0.772701
v 9.284945 -1.481477 -0.889555
v 9.279972 -1.481477 -0.892042
v 9.265055 -1.481477 -0.772701
v 9.279972 -1.481477 -0.892042
v 9.272512 -1.481477 -0.894528
v 9.265055 -1.481477 -0.772701
v 9.272512 -1.481477 -0.894528
v 9.265055 -1.481477 -0.897014
v 9.265055 -1.481477 -0.772701
v 9.265055 -1.481477 -0.897014
v 9.257595 -1.481477 -0.897014
v 9.250137 -1.481477 -0.897014
v 9.265055 -1.481477 -0.772701
v 9.257595 -1.481477 -0.897014
v 9.242678 -1.481477 -0.897014
v 9.265055 -1.481477 -0.772701
v 9.250137 -1.481477 -0.897014
v 9.235218 -1.481477 -0.894528
v 9.265055 -1.481477 -0.772701
v 9.242678 -1.481477 -0.897014
v 9.257595 -1.481477 -0.772701
v 9.265055 -1.481477 -0.772701
v 9.235218 -1.481477 -0.894528
v 9.250137 -1.481477 -0.772701
v 9.257595 -1.481477 -0.772701
v 9.235218 -1.481477 -0.894528
v 9.242678 -1.481477 -0.772701
v 9.250137 -1.481477 -0.772701
v 9.235218 -1.481477 -0.894528
v 9.235218 -1.481477 -0.775187
v 9.242678 -1.481477 -0.772701
v 9.235218 -1.481477 -0.894528
v 9.240192 -1.531202 -0.894528
v 9.235218 -1.481477 -0.894528
v 9.242678 -1.481477 -0.897014
v 9.235218 -1.981216 -0.894528
v 9.240192 -1.931491 -0.894528
v 9.242678 -1.981216 -0.897014
v 9.240192 -1.931491 -0.894528
v 9.247650 -1.531202 -0.897014
v 9.247650 -1.931491 -0.897014
v 9.262568 -1.531202 -0.897014
v 9.270027 -1.931491 -0.894528
v 9.262568 -1.931491 -0.897014
v 9.270027 -1.531202 -0.894528
v 9.277485 -1.931491 -0.894528
v 9.270027 -1.931491 -0.894528
v 9.277485 -1.531202 -0.894528
v 9.277485 -1.931491 -0.894528
v 9.270027 -1.531202 -0.894528
v 9.282457 -1.531202 -0.889555
v 9.282457 -1.931491 -0.889555
v 9.277485 -1.931491 -0.894528
v 9.289917 -1.531202 -0.887069
v 9.294889 -1.931491 -0.882097
v 9.289917 -1.931491 -0.887069
v 9.294889 -1.531202 -0.882097
v 9.294889 -1.931491 -0.882097
v 9.289917 -1.531202 -0.887069
v 9.299862 -1.531202 -0.877124
v 9.299862 -1.931491 -0.877124
v 9.294889 -1.531202 -0.882097
v 9.304834 -1.531202 -0.869665
v 9.304834 -1.931491 -0.869665
v 9.299862 -1.531202 -0.877124
v 9.309807 -1.531202 -0.864693
v 9.309807 -1.931491 -0.864693
v 9.304834 -1.931491 -0.869665
v 9.317266 -1.531202 -0.842316
v 9.317266 -1.531202 -0.834858
v 9.317266 -1.931491 -0.842316
v 9.317266 -1.531202 -0.834858
v 9.317266 -1.931491 -0.827399
v 9.317266 -1.931491 -0.834858
v 9.317266 -1.531202 -0.827399
v 9.314779 -1.531202 -0.819940
v 9.317266 -1.931491 -0.827399
v 9.314779 -1.531202 -0.819940
v 9.312294 -1.931491 -0.812481
v 9.314779 -1.931491 -0.819940
v 9.312294 -1.531202 -0.812481
v 9.312294 -1.931491 -0.812481
v 9.314779 -1.531202 -0.819940
v 9.309807 -1.531202 -0.805022
v 9.309807 -1.931491 -0.805022
v 9.312294 -1.531202 -0.812481
v 9.304834 -1.531202 -0.800050
v 9.304834 -1.931491 -0.800050
v 9.309807 -1.931491 -0.805022
v 9.294889 -1.531202 -0.787619
v 9.294889 -1.931491 -0.787619
v 9.299862 -1.531202 -0.792591
v 9.299862 -1.531202 -0.792591
v 9.294889 -1.931491 -0.787619
v 9.299862 -1.931491 -0.792591
v 9.262568 -1.531202 -0.772701
v 9.262568 -1.931491 -0.772701
v 9.270027 -1.531202 -0.775187
v 9.250137 -1.981216 -0.772701
v 9.255110 -1.931491 -0.772701
v 9.247650 -1.931491 -0.772701
v 9.255110 -1.531202 -0.772701
v 9.255110 -1.931491 -0.772701
v 9.262568 -1.931491 -0.772701
v 9.247650 -1.531202 -0.772701
v 9.240192 -1.531202 -0.775187
v 9.240192 -1.931491 -0.775187
v 9.255110 -1.931491 -0.772701
v 9.257595 -1.981216 -0.772701
v 9.262568 -1.931491 -0.772701
v 9.257595 -1.981216 -0.772701
v 9.255110 -1.931491 -0.772701
v 9.250137 -1.981216 -0.772701
v 9.250137 -1.981216 -0.772701
v 9.247650 -1.931491 -0.772701
v 9.242678 -1.981216 -0.772701
v 9.242678 -1.981216 -0.772701
v 9.247650 -1.931491 -0.772701
v 9.240192 -1.931491 -0.775187
v 9.242678 -1.981216 -0.772701
v 9.240192 -1.931491 -0.775187
v 9.235218 -1.981216 -0.775187
v 9.255110 -1.931491 -0.772701
v 9.247650 -1.531202 -0.772701
v 9.247650 -1.931491 -0.772701
v 9.277485 -1.531202 -0.777674
v 9.270027 -1.531202 -0.775187
v 9.277485 -1.931491 -0.777674
v 9.277485 -1.531202 -0.777674
v 9.277485 -1.931491 -0.777674
v 9.282457 -1.531202 -0.780160
v 9.240192 -1.531202 -0.775187
v 9.242678 -1.481477 -0.772701
v 9.235218 -1.481477 -0.775187
v 9.247650 -1.531202 -0.772701
v 9.242678 -1.481477 -0.772701
v 9.240192 -1.531202 -0.775187
v 9.247650 -1.531202 -0.772701
v 9.250137 -1.481477 -0.772701
v 9.242678 -1.481477 -0.772701
v 9.255110 -1.531202 -0.772701
v 9.250137 -1.481477 -0.772701
v 9.247650 -1.531202 -0.772701
v 9.255110 -1.531202 -0.772701
v 9.257595 -1.481477 -0.772701
v 9.250137 -1.481477 -0.772701
v 9.257595 -1.481477 -0.772701
v 9.255110 -1.531202 -0.772701
v 9.262568 -1.531202 -0.772701
v 9.257595 -1.481477 -0.772701
v 9.262568 -1.531202 -0.772701
v 9.265055 -1.481477 -0.772701
v 9.240192 -1.531202 -0.775187
v 9.235218 -1.481477 -0.775187
v 9.235218 -1.981216 -0.775187
v 9.265055 -1.481477 -0.772701
v 9.262568 -1.531202 -0.772701
v 9.270027 -1.531202 -0.775187
v 9.265055 -1.481477 -0.772701
v 9.270027 -1.531202 -0.775187
v 9.272512 -1.481477 -0.775187
v 9.284945 -1.481477 -0.780160
v 9.289917 -1.531202 -0.782646
v 9.292402 -1.481477 -0.785132
v 9.292402 -1.481477 -0.785132
v 9.289917 -1.531202 -0.782646
v 9.294889 -1.531202 -0.787619
v 9.292402 -1.481477 -0.785132
v 9.294889 -1.531202 -0.787619
v 9.297375 -1.481477 -0.790105
v 9.294889 -1.531202 -0.787619
v 9.289917 -1.531202 -0.782646
v 9.294889 -1.931491 -0.787619
v 9.297375 -1.481477 -0.790105
v 9.294889 -1.531202 -0.787619
v 9.299862 -1.531202 -0.792591
v 9.297375 -1.481477 -0.790105
v 9.299862 -1.531202 -0.792591
v 9.302347 -1.481477 -0.795077
v 9.289917 -1.531202 -0.782646
v 9.289917 -1.931491 -0.782646
v 9.294889 -1.931491 -0.787619
v 9.302347 -1.481477 -0.795077
v 9.299862 -1.531202 -0.792591
v 9.304834 -1.531202 -0.800050
v 9.302347 -1.481477 -0.795077
v 9.304834 -1.531202 -0.800050
v 9.307320 -1.481477 -0.802536
v 9.307320 -1.481477 -0.802536
v 9.304834 -1.531202 -0.800050
v 9.309807 -1.531202 -0.805022
v 9.307320 -1.481477 -0.802536
v 9.309807 -1.531202 -0.805022
v 9.312294 -1.481477 -0.809995
v 9.309807 -1.531202 -0.805022
v 9.304834 -1.531202 -0.800050
v 9.309807 -1.931491 -0.805022
v 9.312294 -1.481477 -0.809995
v 9.309807 -1.531202 -0.805022
v 9.312294 -1.531202 -0.812481
v 9.312294 -1.481477 -0.809995
v 9.312294 -1.531202 -0.812481
v 9.314779 -1.481477 -0.817454
v 9.312294 -1.531202 -0.812481
v 9.309807 -1.931491 -0.805022
v 9.312294 -1.931491 -0.812481
v 9.314779 -1.481477 -0.817454
v 9.312294 -1.531202 -0.812481
v 9.314779 -1.531202 -0.819940
v 9.314779 -1.481477 -0.817454
v 9.314779 -1.531202 -0.819940
v 9.314779 -1.481477 -0.822426
v 9.314779 -1.481477 -0.822426
v 9.314779 -1.531202 -0.819940
v 9.317266 -1.531202 -0.827399
v 9.314779 -1.481477 -0.822426
v 9.317266 -1.531202 -0.827399
v 9.317266 -1.481477 -0.832371
v 9.317266 -1.481477 -0.832371
v 9.317266 -1.531202 -0.827399
v 9.317266 -1.531202 -0.834858
v 9.317266 -1.481477 -0.832371
v 9.317266 -1.531202 -0.834858
v 9.317266 -1.481477 -0.839830
v 9.314779 -1.481477 -0.854748
v 9.312294 -1.531202 -0.857234
v 9.312294 -1.481477 -0.859720
v 9.312294 -1.531202 -0.857234
v 9.312294 -1.931491 -0.857234
v 9.309807 -1.531202 -0.864693
v 9.312294 -1.481477 -0.859720
v 9.312294 -1.531202 -0.857234
v 9.309807 -1.531202 -0.864693
v 9.312294 -1.481477 -0.859720
v 9.309807 -1.531202 -0.864693
v 9.307320 -1.481477 -0.867179
v 9.307320 -1.481477 -0.867179
v 9.309807 -1.531202 -0.864693
v 9.304834 -1.531202 -0.869665
v 9.307320 -1.481477 -0.867179
v 9.304834 -1.531202 -0.869665
v 9.302347 -1.481477 -0.874638
v 9.302347 -1.481477 -0.874638
v 9.304834 -1.531202 -0.869665
v 9.299862 -1.531202 -0.877124
v 9.302347 -1.481477 -0.874638
v 9.299862 -1.531202 -0.877124
v 9.297375 -1.481477 -0.879610
v 9.304834 -1.531202 -0.869665
v 9.309807 -1.531202 -0.864693
v 9.304834 -1.931491 -0.869665
v 9.297375 -1.481477 -0.879610
v 9.299862 -1.531202 -0.877124
v 9.294889 -1.531202 -0.882097
v 9.297375 -1.481477 -0.879610
v 9.294889 -1.531202 -0.882097
v 9.292402 -1.481477 -0.884583
v 9.299862 -1.531202 -0.877124
v 9.304834 -1.931491 -0.869665
v 9.299862 -1.931491 -0.877124
v 9.292402 -1.481477 -0.884583
v 9.294889 -1.531202 -0.882097
v 9.289917 -1.531202 -0.887069
v 9.292402 -1.481477 -0.884583
v 9.289917 -1.531202 -0.887069
v 9.284945 -1.481477 -0.889555
v 9.294889 -1.531202 -0.882097
v 9.299862 -1.931491 -0.877124
v 9.294889 -1.931491 -0.882097
v 9.284945 -1.481477 -0.889555
v 9.289917 -1.531202 -0.887069
v 9.282457 -1.531202 -0.889555
v 9.284945 -1.481477 -0.889555
v 9.282457 -1.531202 -0.889555
v 9.279972 -1.481477 -0.892042
v 9.279972 -1.481477 -0.892042
v 9.282457 -1.531202 -0.889555
v 9.277485 -1.531202 -0.894528
v 9.279972 -1.481477 -0.892042
v 9.277485 -1.531202 -0.894528
v 9.272512 -1.481477 -0.894528
v 9.277485 -1.531202 -0.894528
v 9.282457 -1.531202 -0.889555
v 9.277485 -1.931491 -0.894528
v 9.272512 -1.481477 -0.894528
v 9.277485 -1.531202 -0.894528
v 9.270027 -1.531202 -0.894528
v 9.272512 -1.481477 -0.894528
v 9.270027 -1.531202 -0.894528
v 9.265055 -1.481477 -0.897014
v 9.235218 -1.481477 -0.894528
v 9.240192 -1.531202 -0.894528
v 9.240192 -1.931491 -0.894528
v 9.235218 -1.981216 -0.894528
v 9.235218 -1.481477 -0.894528
v 9.240192 -1.931491 -0.894528
v 9.240192 -1.931491 -0.894528
v 9.240192 -1.531202 -0.894528
v 9.247650 -1.531202 -0.897014
v 9.240192 -1.531202 -0.894528
v 9.242678 -1.481477 -0.897014
v 9.247650 -1.531202 -0.897014
v 9.247650 -1.531202 -0.897014
v 9.242678 -1.481477 -0.897014
v 9.250137 -1.481477 -0.897014
v 9.242678 -1.981216 -0.897014
v 9.240192 -1.931491 -0.894528
v 9.247650 -1.931491 -0.897014
v 9.250137 -1.981216 -0.897014
v 9.247650 -1.931491 -0.897014
v 9.255110 -1.931491 -0.897014
v 9.257595 -1.981216 -0.897014
v 9.250137 -1.981216 -0.897014
v 9.255110 -1.931491 -0.897014
v 9.262568 -1.931491 -0.897014
v 9.257595 -1.981216 -0.897014
v 9.255110 -1.931491 -0.897014
v 9.262568 -1.931491 -0.897014
v 9.265055 -1.981216 -0.897014
v 9.257595 -1.981216 -0.897014
v 9.262568 -1.531202 -0.897014
v 9.262568 -1.931491 -0.897014
v 9.255110 -1.931491 -0.897014
v 9.270027 -1.931491 -0.894528
v 9.265055 -1.981216 -0.897014
v 9.262568 -1.931491 -0.897014
v 9.270027 -1.931491 -0.894528
v 9.272512 -1.981216 -0.894528
v 9.265055 -1.981216 -0.897014
v 9.277485 -1.931491 -0.894528
v 9.272512 -1.981216 -0.894528
v 9.270027 -1.931491 -0.894528
v 9.277485 -1.931491 -0.894528
v 9.279972 -1.981216 -0.892042
v 9.272512 -1.981216 -0.894528
v 9.270027 -1.531202 -0.894528
v 9.270027 -1.931491 -0.894528
v 9.262568 -1.531202 -0.897014
v 9.282457 -1.931491 -0.889555
v 9.279972 -1.981216 -0.892042
v 9.277485 -1.931491 -0.894528
v 9.282457 -1.931491 -0.889555
v 9.284945 -1.981216 -0.889555
v 9.279972 -1.981216 -0.892042
v 9.289917 -1.931491 -0.887069
v 9.284945 -1.981216 -0.889555
v 9.282457 -1.931491 -0.889555
v 9.289917 -1.931491 -0.887069
v 9.292402 -1.981216 -0.884583
v 9.284945 -1.981216 -0.889555
v 9.289917 -1.531202 -0.887069
v 9.289917 -1.931491 -0.887069
v 9.282457 -1.931491 -0.889555
v 9.294889 -1.931491 -0.882097
v 9.292402 -1.981216 -0.884583
v 9.289917 -1.931491 -0.887069
v 9.294889 -1.931491 -0.882097
v 9.297375 -1.981216 -0.879610
v 9.292402 -1.981216 -0.884583
v 9.299862 -1.931491 -0.877124
v 9.297375 -1.981216 -0.879610
v 9.294889 -1.931491 -0.882097
v 9.299862 -1.931491 -0.877124
v 9.302347 -1.981216 -0.874638
v 9.297375 -1.981216 -0.879610
v 9.255110 -1.531202 -0.897014
v 9.262568 -1.531202 -0.897014
v 9.255110 -1.931491 -0.897014
v 9.247650 -1.531202 -0.897014
v 9.255110 -1.531202 -0.897014
v 9.255110 -1.931491 -0.897014
v 9.304834 -1.931491 -0.869665
v 9.302347 -1.981216 -0.874638
v 9.299862 -1.931491 -0.877124
v 9.304834 -1.931491 -0.869665
v 9.307320 -1.981216 -0.867179
v 9.302347 -1.981216 -0.874638
v 9.317266 -1.931491 -0.842316
v 9.314779 -1.981216 -0.847289
v 9.314779 -1.931491 -0.849775
v 9.317266 -1.931491 -0.842316
v 9.317266 -1.981216 -0.839830
v 9.314779 -1.981216 -0.847289
v 9.317266 -1.931491 -0.834858
v 9.317266 -1.981216 -0.839830
v 9.317266 -1.931491 -0.842316
v 9.317266 -1.931491 -0.834858
v 9.317266 -1.981216 -0.832371
v 9.317266 -1.981216 -0.839830
v 9.317266 -1.531202 -0.834858
v 9.317266 -1.931491 -0.834858
v 9.317266 -1.931491 -0.842316
v 9.317266 -1.931491 -0.827399
v 9.317266 -1.981216 -0.832371
v 9.317266 -1.931491 -0.834858
v 9.317266 -1.931491 -0.827399
v 9.314779 -1.981216 -0.822426
v 9.317266 -1.981216 -0.832371
v 9.317266 -1.531202 -0.842316
v 9.317266 -1.931491 -0.842316
v 9.314779 -1.931491 -0.849775
v 9.314779 -1.931491 -0.819940
v 9.314779 -1.981216 -0.822426
v 9.317266 -1.931491 -0.827399
v 9.314779 -1.931491 -0.819940
v 9.314779 -1.981216 -0.817454
v 9.314779 -1.981216 -0.822426
v 9.312294 -1.931491 -0.812481
v 9.314779 -1.981216 -0.817454
v 9.314779 -1.931491 -0.819940
v 9.312294 -1.931491 -0.812481
v 9.312294 -1.981216 -0.809995
v 9.314779 -1.981216 -0.817454
v 9.309807 -1.931491 -0.805022
v 9.312294 -1.981216 -0.809995
v 9.312294 -1.931491 -0.812481
v 9.309807 -1.931491 -0.805022
v 9.307320 -1.981216 -0.802536
v 9.312294 -1.981216 -0.809995
v 9.314779 -1.531202 -0.849775
v 9.317266 -1.531202 -0.842316
v 9.314779 -1.931491 -0.849775
v 9.314779 -1.531202 -0.849775
v 9.314779 -1.931491 -0.849775
v 9.312294 -1.931491 -0.857234
v 9.304834 -1.931491 -0.800050
v 9.307320 -1.981216 -0.802536
v 9.309807 -1.931491 -0.805022
v 9.304834 -1.931491 -0.800050
v 9.302347 -1.981216 -0.795077
v 9.307320 -1.981216 -0.802536
v 9.317266 -1.531202 -0.827399
v 9.317266 -1.931491 -0.827399
v 9.317266 -1.531202 -0.834858
v 9.314779 -1.531202 -0.819940
v 9.314779 -1.931491 -0.819940
v 9.317266 -1.931491 -0.827399
v 9.299862 -1.931491 -0.792591
v 9.302347 -1.981216 -0.795077
v 9.304834 -1.931491 -0.800050
v 9.299862 -1.931491 -0.792591
v 9.297375 -1.981216 -0.790105
v 9.302347 -1.981216 -0.795077
v 9.270027 -1.931491 -0.775187
v 9.272512 -1.981216 -0.775187
v 9.277485 -1.931491 -0.777674
v 9.270027 -1.931491 -0.775187
v 9.265055 -1.981216 -0.772701
v 9.272512 -1.981216 -0.775187
v 9.262568 -1.931491 -0.772701
v 9.265055 -1.981216 -0.772701
v 9.270027 -1.931491 -0.775187
v 9.262568 -1.931491 -0.772701
v 9.257595 -1.981216 -0.772701
v 9.265055 -1.981216 -0.772701
v 9.270027 -1.531202 -0.775187
v 9.262568 -1.931491 -0.772701
v 9.270027 -1.931491 -0.775187
v 9.270027 -1.531202 -0.775187
v 9.270027 -1.931491 -0.775187
v 9.277485 -1.931491 -0.777674
v 9.277485 -1.931491 -0.777674
v 9.279972 -1.981216 -0.777674
v 9.282457 -1.931491 -0.780160
v 9.277485 -1.931491 -0.777674
v 9.272512 -1.981216 -0.775187
v 9.279972 -1.981216 -0.777674
v 9.282457 -1.531202 -0.780160
v 9.282457 -1.931491 -0.780160
v 9.289917 -1.931491 -0.782646
v 9.282457 -1.531202 -0.780160
v 9.277485 -1.931491 -0.777674
v 9.282457 -1.931491 -0.780160
v 9.247650 -1.931491 -0.772701
v 9.247650 -1.531202 -0.772701
v 9.240192 -1.931491 -0.775187
v 9.240192 -1.931491 -0.775187
v 9.240192 -1.531202 -0.775187
v 9.235218 -1.981216 -0.775187
v 9.255110 -1.931491 -0.772701
v 9.255110 -1.531202 -0.772701
v 9.247650 -1.531202 -0.772701
v 9.262568 -1.531202 -0.772701
v 9.255110 -1.531202 -0.772701
v 9.262568 -1.931491 -0.772701
v 9.272512 -1.481477 -0.775187
v 9.270027 -1.531202 -0.775187
v 9.277485 -1.531202 -0.777674
v 9.272512 -1.481477 -0.775187
v 9.277485 -1.531202 -0.777674
v 9.279972 -1.481477 -0.777674
v 9.279972 -1.481477 -0.777674
v 9.277485 -1.531202 -0.777674
v 9.282457 -1.531202 -0.780160
v 9.279972 -1.481477 -0.777674
v 9.282457 -1.531202 -0.780160
v 9.284945 -1.481477 -0.780160
v 9.284945 -1.481477 -0.780160
v 9.282457 -1.531202 -0.780160
v 9.289917 -1.531202 -0.782646
v 9.289917 -1.531202 -0.782646
v 9.282457 -1.531202 -0.780160
v 9.289917 -1.931491 -0.782646
v 9.282457 -1.931491 -0.780160
v 9.284945 -1.981216 -0.780160
v 9.289917 -1.931491 -0.782646
v 9.282457 -1.931491 -0.780160
v 9.279972 -1.981216 -0.777674
v 9.284945 -1.981216 -0.780160
v 9.299862 -1.531202 -0.792591
v 9.299862 -1.931491 -0.792591
v 9.304834 -1.931491 -0.800050
v 9.294889 -1.931491 -0.787619
v 9.297375 -1.981216 -0.790105
v 9.299862 -1.931491 -0.792591
v 9.294889 -1.931491 -0.787619
v 9.292402 -1.981216 -0.785132
v 9.297375 -1.981216 -0.790105
v 9.289917 -1.931491 -0.782646
v 9.292402 -1.981216 -0.785132
v 9.294889 -1.931491 -0.787619
v 9.289917 -1.931491 -0.782646
v 9.284945 -1.981216 -0.780160
v 9.292402 -1.981216 -0.785132
v 9.304834 -1.531202 -0.800050
v 9.299862 -1.531202 -0.792591
v 9.304834 -1.931491 -0.800050
v 9.317266 -1.481477 -0.839830
v 9.317266 -1.531202 -0.834858
v 9.317266 -1.531202 -0.842316
v 9.317266 -1.481477 -0.839830
v 9.317266 -1.531202 -0.842316
v 9.314779 -1.481477 -0.847289
v 9.314779 -1.481477 -0.847289
v 9.317266 -1.531202 -0.842316
v 9.314779 -1.531202 -0.849775
v 9.314779 -1.481477 -0.847289
v 9.314779 -1.531202 -0.849775
v 9.314779 -1.481477 -0.854748
v 9.314779 -1.481477 -0.854748
v 9.314779 -1.531202 -0.849775
v 9.312294 -1.531202 -0.857234
v 9.312294 -1.531202 -0.857234
v 9.314779 -1.531202 -0.849775
v 9.312294 -1.931491 -0.857234
v 9.314779 -1.931491 -0.849775
v 9.314779 -1.981216 -0.854748
v 9.312294 -1.931491 -0.857234
v 9.314779 -1.931491 -0.849775
v 9.314779 -1.981216 -0.847289
v 9.314779 -1.981216 -0.854748
v 9.309807 -1.931491 -0.864693
v 9.307320 -1.981216 -0.867179
v 9.304834 -1.931491 -0.869665
v 9.309807 -1.931491 -0.864693
v 9.312294 -1.981216 -0.859720
v 9.307320 -1.981216 -0.867179
v 9.312294 -1.931491 -0.857234
v 9.312294 -1.981216 -0.859720
v 9.309807 -1.931491 -0.864693
v 9.312294 -1.931491 -0.857234
v 9.314779 -1.981216 -0.854748
v 9.312294 -1.981216 -0.859720
v 9.309807 -1.531202 -0.864693
v 9.312294 -1.931491 -0.857234
v 9.309807 -1.931491 -0.864693
v 9.282457 -1.531202 -0.889555
v 9.289917 -1.531202 -0.887069
v 9.282457 -1.931491 -0.889555
v 9.265055 -1.481477 -0.897014
v 9.270027 -1.531202 -0.894528
v 9.262568 -1.531202 -0.897014
v 9.265055 -1.481477 -0.897014
v 9.262568 -1.531202 -0.897014
v 9.257595 -1.481477 -0.897014
v 9.257595 -1.481477 -0.897014
v 9.262568 -1.531202 -0.897014
v 9.255110 -1.531202 -0.897014
v 9.250137 -1.481477 -0.897014
v 9.257595 -1.481477 -0.897014
v 9.255110 -1.531202 -0.897014
v 9.247650 -1.531202 -0.897014
v 9.250137 -1.481477 -0.897014
v 9.255110 -1.531202 -0.897014
v 9.247650 -1.931491 -0.897014
v 9.247650 -1.531202 -0.897014
v 9.255110 -1.931491 -0.897014
v 9.242678 -1.981216 -0.897014
v 9.247650 -1.931491 -0.897014
v 9.250137 -1.981216 -0.897014
v 9.272512 -1.981216 -0.775187
v 9.265055 -1.981216 -0.772701
v 9.284945 -1.981216 -0.889555
v 9.284945 -1.981216 -0.780160
v 9.279972 -1.981216 -0.777674
v 9.307320 -1.981216 -0.867179
v 9.314779 -1.981216 -0.817454
v 9.312294 -1.981216 -0.809995
v 9.317266 -1.981216 -0.832371
v 9.314779 -1.981216 -0.822426
v 9.314779 -1.981216 -0.817454
v 9.317266 -1.981216 -0.832371
v 9.317266 -1.981216 -0.832371
v 9.312294 -1.981216 -0.809995
v 9.317266 -1.981216 -0.839830
v 9.312294 -1.981216 -0.809995
v 9.307320 -1.981216 -0.802536
v 9.317266 -1.981216 -0.839830
v 9.302347 -1.981216 -0.795077
v 9.297375 -1.981216 -0.790105
v 9.317266 -1.981216 -0.839830
v 9.307320 -1.981216 -0.802536
v 9.302347 -1.981216 -0.795077
v 9.317266 -1.981216 -0.839830
v 9.317266 -1.981216 -0.839830
v 9.297375 -1.981216 -0.790105
v 9.314779 -1.981216 -0.847289
v 9.297375 -1.981216 -0.790105
v 9.292402 -1.981216 -0.785132
v 9.314779 -1.981216 -0.847289
v 9.314779 -1.981216 -0.847289
v 9.292402 -1.981216 -0.785132
v 9.314779 -1.981216 -0.854748
v 9.292402 -1.981216 -0.785132
v 9.284945 -1.981216 -0.780160
v 9.314779 -1.981216 -0.854748
v 9.314779 -1.981216 -0.854748
v 9.284945 -1.981216 -0.780160
v 9.312294 -1.981216 -0.859720
v 9.312294 -1.981216 -0.859720
v 9.284945 -1.981216 -0.780160
v 9.307320 -1.981216 -0.867179
v 9.307320 -1.981216 -0.867179
v 9.279972 -1.981216 -0.777674
v 9.302347 -1.981216 -0.874638
v 9.302347 -1.981216 -0.874638
v 9.279972 -1.981216 -0.777674
v 9.297375 -1.981216 -0.879610
v 9.279972 -1.981216 -0.777674
v 9.272512 -1.981216 -0.775187
v 9.297375 -1.981216 -0.879610
v 9.297375 -1.981216 -0.879610
v 9.272512 -1.981216 -0.775187
v 9.292402 -1.981216 -0.884583
v 9.292402 -1.981216 -0.884583
v 9.272512 -1.981216 -0.775187
v 9.284945 -1.981216 -0.889555
v 9.284945 -1.981216 -0.889555
v 9.265055 -1.981216 -0.772701
v 9.279972 -1.981216 -0.892042
v 9.279972 -1.981216 -0.892042
v 9.265055 -1.981216 -0.772701
v 9.272512 -1.981216 -0.894528
v 9.272512 -1.981216 -0.894528
v 9.265055 -1.981216 -0.772701
v 9.265055 -1.981216 -0.897014
v 9.265055 -1.981216 -0.897014
v 9.265055 -1.981216 -0.772701
v 9.257595 -1.981216 -0.897014
v 9.265055 -1.981216 -0.772701
v 9.250137 -1.981216 -0.897014
v 9.257595 -1.981216 -0.897014
v 9.265055 -1.981216 -0.772701
v 9.242678 -1.981216 -0.897014
v 9.250137 -1.981216 -0.897014
v 9.265055 -1.981216 -0.772701
v 9.235218 -1.981216 -0.894528
v 9.242678 -1.981216 -0.897014
v 9.265055 -1.981216 -0.772701
v 9.257595 -1.981216 -0.772701
v 9.235218 -1.981216 -0.894528
v 9.257595 -1.981216 -0.772701
v 9.250137 -1.981216 -0.772701
v 9.235218 -1.981216 -0.894528
v 9.250137 -1.981216 -0.772701
v 9.242678 -1.981216 -0.772701
v 9.235218 -1.981216 -0.894528
v 9.242678 -1.981216 -0.772701
v 9.235218 -1.981216 -0.775187
v 9.235218 -1.981216 -0.894528
v 4.876802 1.999288 -0.772701
v 9.235218 1.999288 -0.772701
v 9.220301 1.999288 -0.782646
v 9.227760 1.999288 -0.892042
v 9.235218 1.999288 -0.894528
v 9.235218 1.999288 -0.897014
v 9.220301 1.999288 -0.887069
v 9.227760 1.999288 -0.892042
v 9.235218 1.999288 -0.897014
v 9.220301 1.999288 -0.887069
v 9.235218 1.999288 -0.897014
v 4.876802 1.999288 -0.897014
v 9.215328 1.999288 -0.884583
v 9.220301 1.999288 -0.887069
v 4.876802 1.999288 -0.897014
v 9.210356 1.999288 -0.879610
v 9.215328 1.999288 -0.884583
v 4.876802 1.999288 -0.897014
v 9.205383 1.999288 -0.872151
v 9.210356 1.999288 -0.879610
v 4.876802 1.999288 -0.897014
v 9.200411 1.999288 -0.867179
v 9.205383 1.999288 -0.872151
v 4.876802 1.999288 -0.897014
v 9.197926 1.999288 -0.859720
v 9.200411 1.999288 -0.867179
v 4.876802 1.999288 -0.897014
v 9.195438 1.999288 -0.852261
v 9.197926 1.999288 -0.859720
v 4.876802 1.999288 -0.897014
v 9.192953 1.999288 -0.847289
v 9.195438 1.999288 -0.852261
v 4.876802 1.999288 -0.897014
v 9.192953 1.999288 -0.839830
v 9.192953 1.999288 -0.847289
v 4.876802 1.999288 -0.897014
v 9.192953 1.999288 -0.832371
v 9.192953 1.999288 -0.839830
v 4.876802 1.999288 -0.897014
v 4.876802 1.999288 -0.772701
v 9.192953 1.999288 -0.832371
v 4.876802 1.999288 -0.897014
v 4.876802 1.999288 -0.772701
v 9.192953 1.999288 -0.824913
v 9.192953 1.999288 -0.832371
v 4.876802 1.999288 -0.772701
v 9.195438 1.999288 -0.817454
v 9.192953 1.999288 -0.824913
v 4.876802 1.999288 -0.772701
v 9.197926 1.999288 -0.809995
v 9.195438 1.999288 -0.817454
v 4.876802 1.999288 -0.772701
v 9.200411 1.999288 -0.802536
v 9.197926 1.999288 -0.809995
v 4.876802 1.999288 -0.772701
v 9.205383 1.999288 -0.797564
v 9.200411 1.999288 -0.802536
v 4.876802 1.999288 -0.772701
v 9.210356 1.999288 -0.790105
v 9.205383 1.999288 -0.797564
v 4.876802 1.999288 -0.772701
v 9.215328 1.999288 -0.785132
v 9.210356 1.999288 -0.790105
v 4.876802 1.999288 -0.772701
v 9.220301 1.999288 -0.782646
v 9.215328 1.999288 -0.785132
v 9.235218 1.999288 -0.772701
v 9.227760 1.999288 -0.777674
v 9.220301 1.999288 -0.782646
v 9.235218 1.999288 -0.772701
v 9.235218 1.999288 -0.775187
v 9.227760 1.999288 -0.777674
v 9.317266 2.019179 -0.842316
v 9.314779 2.019179 -0.849775
v 9.192953 2.019179 -0.849775
v 9.314779 2.019179 -0.849775
v 9.312294 2.019179 -0.857234
v 9.195438 2.019179 -0.857234
v 9.312294 2.019179 -0.857234
v 9.309807 2.019179 -0.864693
v 9.197926 2.019179 -0.864693
v 9.309807 2.019179 -0.864693
v 9.304834 2.019179 -0.869665
v 9.202898 2.019179 -0.869665
v 9.309807 2.019179 -0.805022
v 9.312294 2.019179 -0.812481
v 9.195438 2.019179 -0.812481
v 9.304834 2.019179 -0.800050
v 9.309807 2.019179 -0.805022
v 9.197926 2.019179 -0.805022
v 9.299862 2.019179 -0.792591
v 9.304834 2.019179 -0.800050
v 9.202898 2.019179 -0.800050
v 9.294889 2.019179 -0.787619
v 9.299862 2.019179 -0.792591
v 9.207870 2.019179 -0.792591
v 9.289917 2.019179 -0.782646
v 9.294889 2.019179 -0.787619
v 9.212843 2.019179 -0.787619
v 9.282457 2.019179 -0.780160
v 9.289917 2.019179 -0.782646
v 9.217815 2.019179 -0.782646
v 9.277485 2.019179 -0.777674
v 9.282457 2.019179 -0.780160
v 9.225273 2.019179 -0.780160
v 9.270027 2.019179 -0.775187
v 9.277485 2.019179 -0.777674
v 9.232733 2.019179 -0.777674
v 9.262568 2.019179 -0.772701
v 9.270027 2.019179 -0.775187
v 9.240192 2.019179 -0.775187
v 9.190466 2.019179 -0.834858
v 9.317266 2.019179 -0.834858
v 9.317266 2.019179 -0.842316
v 9.190466 2.019179 -0.834858
v 9.317266 2.019179 -0.842316
v 9.192953 2.019179 -0.842316
v 9.192953 2.019179 -0.842316
v 9.317266 2.019179 -0.842316
v 9.192953 2.019179 -0.849775
v 9.192953 2.019179 -0.849775
v 9.314779 2.019179 -0.849775
v 9.195438 2.019179 -0.857234
v 9.195438 2.019179 -0.857234
v 9.312294 2.019179 -0.857234
v 9.197926 2.019179 -0.864693
v 9.197926 2.019179 -0.864693
v 9.309807 2.019179 -0.864693
v 9.202898 2.019179 -0.869665
v 9.202898 2.019179 -0.869665
v 9.304834 2.019179 -0.869665
v 9.207870 2.019179 -0.877124
v 9.304834 2.019179 -0.869665
v 9.299862 2.019179 -0.877124
v 9.207870 2.019179 -0.877124
v 9.207870 2.019179 -0.877124
v 9.299862 2.019179 -0.877124
v 9.212843 2.019179 -0.882097
v 9.212843 2.019179 -0.882097
v 9.294889 2.019179 -0.882097
v 9.217815 2.019179 -0.887069
v 9.299862 2.019179 -0.877124
v 9.294889 2.019179 -0.882097
v 9.212843 2.019179 -0.882097
v 9.217815 2.019179 -0.887069
v 9.289917 2.019179 -0.887069
v 9.225273 2.019179 -0.889555
v 9.294889 2.019179 -0.882097
v 9.289917 2.019179 -0.887069
v 9.217815 2.019179 -0.887069
v 9.225273 2.019179 -0.889555
v 9.282457 2.019179 -0.889555
v 9.232733 2.019179 -0.894528
v 9.289917 2.019179 -0.887069
v 9.282457 2.019179 -0.889555
v 9.225273 2.019179 -0.889555
v 9.232733 2.019179 -0.894528
v 9.277485 2.019179 -0.894528
v 9.240192 2.019179 -0.894528
v 9.282457 2.019179 -0.889555
v 9.277485 2.019179 -0.894528
v 9.232733 2.019179 -0.894528
v 9.240192 2.019179 -0.894528
v 9.270027 2.019179 -0.894528
v 9.247650 2.019179 -0.897014
v 9.277485 2.019179 -0.894528
v 9.270027 2.019179 -0.894528
v 9.240192 2.019179 -0.894528
v 9.247650 2.019179 -0.897014
v 9.262568 2.019179 -0.897014
v 9.255110 2.019179 -0.897014
v 9.270027 2.019179 -0.894528
v 9.262568 2.019179 -0.897014
v 9.247650 2.019179 -0.897014
v 9.255110 2.019179 -0.772701
v 9.262568 2.019179 -0.772701
v 9.247650 2.019179 -0.772701
v 9.247650 2.019179 -0.772701
v 9.262568 2.019179 -0.772701
v 9.240192 2.019179 -0.775187
v 9.240192 2.019179 -0.775187
v 9.270027 2.019179 -0.775187
v 9.232733 2.019179 -0.777674
v 9.232733 2.019179 -0.777674
v 9.277485 2.019179 -0.777674
v 9.225273 2.019179 -0.780160
v 9.225273 2.019179 -0.780160
v 9.282457 2.019179 -0.780160
v 9.217815 2.019179 -0.782646
v 9.217815 2.019179 -0.782646
v 9.289917 2.019179 -0.782646
v 9.212843 2.019179 -0.787619
v 9.212843 2.019179 -0.787619
v 9.294889 2.019179 -0.787619
v 9.207870 2.019179 -0.792591
v 9.207870 2.019179 -0.792591
v 9.299862 2.019179 -0.792591
v 9.202898 2.019179 -0.800050
v 9.202898 2.019179 -0.800050
v 9.304834 2.019179 -0.800050
v 9.197926 2.019179 -0.805022
v 9.197926 2.019179 -0.805022
v 9.309807 2.019179 -0.805022
v 9.195438 2.019179 -0.812481
v 9.195438 2.019179 -0.812481
v 9.312294 2.019179 -0.812481
v 9.192953 2.019179 -0.819940
v 9.312294 2.019179 -0.812481
v 9.314779 2.019179 -0.819940
v 9.192953 2.019179 -0.819940
v 9.192953 2.019179 -0.819940
v 9.314779 2.019179 -0.819940
v 9.192953 2.019179 -0.827399
v 9.314779 2.019179 -0.819940
v 9.317266 2.019179 -0.827399
v 9.192953 2.019179 -0.827399
v 9.192953 2.019179 -0.827399
v 9.317266 2.019179 -0.827399
v 9.190466 2.019179 -0.834858
v 9.317266 2.019179 -0.827399
v 9.317266 2.019179 -0.834858
v 9.190466 2.019179 -0.834858
v 9.192953 1.999288 -0.824913
v 9.192953 2.019179 -0.827399
v 9.192953 1.999288 -0.832371
v 9.192953 1.999288 -0.832371
v 9.190466 2.019179 -0.834858
v 9.192953 1.999288 -0.839830
v 9.192953 1.999288 -0.839830
v 9.192953 2.019179 -0.842316
v 9.192953 1.999288 -0.847289
v 9.192953 1.999288 -0.847289
v 9.192953 2.019179 -0.849775
v 9.195438 1.999288 -0.852261
v 9.195438 1.999288 -0.852261
v 9.195438 2.019179 -0.857234
v 9.197926 1.999288 -0.859720
v 9.197926 1.999288 -0.859720
v 9.197926 2.019179 -0.864693
v 9.200411 1.999288 -0.867179
v 9.200411 1.999288 -0.867179
v 9.202898 2.019179 -0.869665
v 9.205383 1.999288 -0.872151
v 9.205383 1.999288 -0.872151
v 9.207870 2.019179 -0.877124
v 9.210356 1.999288 -0.879610
v 9.210356 1.999288 -0.879610
v 9.212843 2.019179 -0.882097
v 9.215328 1.999288 -0.884583
v 9.215328 1.999288 -0.884583
v 9.217815 2.019179 -0.887069
v 9.220301 1.999288 -0.887069
v 9.220301 1.999288 -0.887069
v 9.225273 2.019179 -0.889555
v 9.227760 1.999288 -0.892042
v 9.227760 1.999288 -0.892042
v 9.232733 2.019179 -0.894528
v 9.235218 1.999288 -0.894528
v 9.235218 1.519440 -0.894528
v 9.240192 1.569165 -0.894528
v 9.242678 1.519440 -0.897014
v 9.240192 1.569165 -0.894528
v 9.240192 2.019179 -0.894528
v 9.247650 1.569165 -0.897014
v 9.270027 2.019179 -0.894528
v 9.277485 1.569165 -0.894528
v 9.270027 1.569165 -0.894528
v 9.282457 2.019179 -0.889555
v 9.289917 2.019179 -0.887069
v 9.282457 1.569165 -0.889555
v 9.289917 2.019179 -0.887069
v 9.294889 1.569165 -0.882097
v 9.289917 1.569165 -0.887069
v 9.294889 2.019179 -0.882097
v 9.299862 1.569165 -0.877124
v 9.294889 1.569165 -0.882097
v 9.304834 2.019179 -0.869665
v 9.304834 1.569165 -0.869665
v 9.299862 1.569165 -0.877124
v 9.309807 2.019179 -0.864693
v 9.309807 1.569165 -0.864693
v 9.304834 1.569165 -0.869665
v 9.317266 2.019179 -0.842316
v 9.317266 1.569165 -0.834858
v 9.317266 1.569165 -0.842316
v 9.317266 2.019179 -0.834858
v 9.317266 1.569165 -0.827399
v 9.317266 1.569165 -0.834858
v 9.314779 2.019179 -0.819940
v 9.312294 1.569165 -0.812481
v 9.314779 1.569165 -0.819940
v 9.309807 2.019179 -0.805022
v 9.309807 1.569165 -0.805022
v 9.312294 1.569165 -0.812481
v 9.304834 2.019179 -0.800050
v 9.304834 1.569165 -0.800050
v 9.309807 2.019179 -0.805022
v 9.309807 2.019179 -0.805022
v 9.304834 1.569165 -0.800050
v 9.309807 1.569165 -0.805022
v 9.304834 2.019179 -0.800050
v 9.299862 1.569165 -0.792591
v 9.304834 1.569165 -0.800050
v 9.294889 2.019179 -0.787619
v 9.294889 1.569165 -0.787619
v 9.299862 1.569165 -0.792591
v 9.289917 2.019179 -0.782646
v 9.289917 1.569165 -0.782646
v 9.294889 2.019179 -0.787619
v 9.250137 1.519440 -0.772701
v 9.255110 1.569165 -0.772701
v 9.247650 1.569165 -0.772701
v 9.255110 2.019179 -0.772701
v 9.255110 1.569165 -0.772701
v 9.262568 2.019179 -0.772701
v 9.255110 1.569165 -0.772701
v 9.257595 1.519440 -0.772701
v 9.262568 1.569165 -0.772701
v 9.257595 1.519440 -0.772701
v 9.255110 1.569165 -0.772701
v 9.250137 1.519440 -0.772701
v 9.250137 1.519440 -0.772701
v 9.247650 1.569165 -0.772701
v 9.242678 1.519440 -0.772701
v 9.242678 1.519440 -0.772701
v 9.247650 1.569165 -0.772701
v 9.240192 1.569165 -0.775187
v 9.242678 1.519440 -0.772701
v 9.240192 1.569165 -0.775187
v 9.235218 1.519440 -0.775187
v 9.255110 2.019179 -0.772701
v 9.247650 2.019179 -0.772701
v 9.247650 1.569165 -0.772701
v 9.282457 2.019179 -0.780160
v 9.282457 1.569165 -0.780160
v 9.289917 2.019179 -0.782646
v 9.282457 2.019179 -0.780160
v 9.277485 1.569165 -0.777674
v 9.282457 1.569165 -0.780160
v 9.247650 1.569165 -0.772701
v 9.240192 2.019179 -0.775187
v 9.240192 1.569165 -0.775187
v 9.262568 2.019179 -0.772701
v 9.262568 1.569165 -0.772701
v 9.270027 1.569165 -0.775187
v 9.262568 2.019179 -0.772701
v 9.255110 1.569165 -0.772701
v 9.262568 1.569165 -0.772701
v 9.255110 1.569165 -0.772701
v 9.255110 2.019179 -0.772701
v 9.247650 1.569165 -0.772701
v 9.240192 1.569165 -0.775187
v 9.240192 2.019179 -0.775187
v 9.235218 1.519440 -0.775187
v 9.317266 2.019179 -0.827399
v 9.317266 1.569165 -0.827399
v 9.317266 2.019179 -0.834858
v 9.312294 2.019179 -0.857234
v 9.312294 1.569165 -0.857234
v 9.309807 2.019179 -0.864693
v 9.299862 2.019179 -0.877124
v 9.304834 2.019179 -0.869665
v 9.299862 1.569165 -0.877124
v 9.299862 2.019179 -0.877124
v 9.299862 1.569165 -0.877124
v 9.294889 2.019179 -0.882097
v 9.304834 2.019179 -0.869665
v 9.309807 2.019179 -0.864693
v 9.304834 1.569165 -0.869665
v 9.277485 2.019179 -0.894528
v 9.282457 2.019179 -0.889555
v 9.277485 1.569165 -0.894528
v 9.277485 2.019179 -0.894528
v 9.277485 1.569165 -0.894528
v 9.270027 2.019179 -0.894528
v 9.240192 2.019179 -0.894528
v 9.247650 2.019179 -0.897014
v 9.247650 1.569165 -0.897014
v 9.235218 1.519440 -0.894528
v 9.235218 1.999288 -0.894528
v 9.240192 2.019179 -0.894528
v 9.235218 1.999288 -0.894528
v 9.232733 2.019179 -0.894528
v 9.240192 2.019179 -0.894528
v 9.227760 1.999288 -0.892042
v 9.225273 2.019179 -0.889555
v 9.232733 2.019179 -0.894528
v 9.220301 1.999288 -0.887069
v 9.217815 2.019179 -0.887069
v 9.225273 2.019179 -0.889555
v 9.215328 1.999288 -0.884583
v 9.212843 2.019179 -0.882097
v 9.217815 2.019179 -0.887069
v 9.210356 1.999288 -0.879610
v 9.207870 2.019179 -0.877124
v 9.212843 2.019179 -0.882097
v 9.205383 1.999288 -0.872151
v 9.202898 2.019179 -0.869665
v 9.207870 2.019179 -0.877124
v 9.200411 1.999288 -0.867179
v 9.197926 2.019179 -0.864693
v 9.202898 2.019179 -0.869665
v 9.197926 1.999288 -0.859720
v 9.195438 2.019179 -0.857234
v 9.197926 2.019179 -0.864693
v 9.195438 1.999288 -0.852261
v 9.192953 2.019179 -0.849775
v 9.195438 2.019179 -0.857234
v 9.192953 1.999288 -0.847289
v 9.192953 2.019179 -0.842316
v 9.192953 2.019179 -0.849775
v 9.192953 1.999288 -0.839830
v 9.190466 2.019179 -0.834858
v 9.192953 2.019179 -0.842316
v 9.192953 1.999288 -0.832371
v 9.192953 2.019179 -0.827399
v 9.190466 2.019179 -0.834858
v 9.192953 1.999288 -0.824913
v 9.192953 2.019179 -0.819940
v 9.192953 2.019179 -0.827399
v 9.195438 1.999288 -0.817454
v 9.192953 2.019179 -0.819940
v 9.192953 1.999288 -0.824913
v 9.195438 1.999288 -0.817454
v 9.195438 2.019179 -0.812481
v 9.192953 2.019179 -0.819940
v 9.270027 2.019179 -0.775187
v 9.270027 1.569165 -0.775187
v 9.277485 2.019179 -0.777674
v 9.299862 2.019179 -0.792591
v 9.299862 1.569165 -0.792591
v 9.304834 2.019179 -0.800050
v 9.312294 2.019179 -0.812481
v 9.312294 1.569165 -0.812481
v 9.314779 2.019179 -0.819940
v 9.317266 2.019179 -0.827399
v 9.314779 2.019179 -0.819940
v 9.317266 1.569165 -0.827399
v 9.312294 2.019179 -0.812481
v 9.309807 2.019179 -0.805022
v 9.312294 1.569165 -0.812481
v 9.299862 2.019179 -0.792591
v 9.294889 2.019179 -0.787619
v 9.299862 1.569165 -0.792591
v 9.197926 1.999288 -0.809995
v 9.197926 2.019179 -0.805022
v 9.195438 2.019179 -0.812481
v 9.197926 1.999288 -0.809995
v 9.195438 2.019179 -0.812481
v 9.195438 1.999288 -0.817454
v 9.200411 1.999288 -0.802536
v 9.202898 2.019179 -0.800050
v 9.197926 2.019179 -0.805022
v 9.200411 1.999288 -0.802536
v 9.197926 2.019179 -0.805022
v 9.197926 1.999288 -0.809995
v 9.205383 1.999288 -0.797564
v 9.207870 2.019179 -0.792591
v 9.202898 2.019179 -0.800050
v 9.205383 1.999288 -0.797564
v 9.202898 2.019179 -0.800050
v 9.200411 1.999288 -0.802536
v 9.210356 1.999288 -0.790105
v 9.212843 2.019179 -0.787619
v 9.207870 2.019179 -0.792591
v 9.210356 1.999288 -0.790105
v 9.207870 2.019179 -0.792591
v 9.205383 1.999288 -0.797564
v 9.215328 1.999288 -0.785132
v 9.217815 2.019179 -0.782646
v 9.212843 2.019179 -0.787619
v 9.215328 1.999288 -0.785132
v 9.212843 2.019179 -0.787619
v 9.210356 1.999288 -0.790105
v 9.220301 1.999288 -0.782646
v 9.225273 2.019179 -0.780160
v 9.217815 2.019179 -0.782646
v 9.220301 1.999288 -0.782646
v 9.217815 2.019179 -0.782646
v 9.215328 1.999288 -0.785132
v 9.227760 1.999288 -0.777674
v 9.232733 2.019179 -0.777674
v 9.225273 2.019179 -0.780160
v 9.227760 1.999288 -0.777674
v 9.225273 2.019179 -0.780160
v 9.220301 1.999288 -0.782646
v 9.235218 1.999288 -0.775187
v 9.240192 2.019179 -0.775187
v 9.232733 2.019179 -0.777674
v 9.235218 1.999288 -0.775187
v 9.232733 2.019179 -0.777674
v 9.227760 1.999288 -0.777674
v 9.240192 2.019179 -0.775187
v 9.235218 1.999288 -0.775187
v 9.235218 1.519440 -0.775187
v 9.270027 2.019179 -0.775187
v 9.262568 2.019179 -0.772701
v 9.270027 1.569165 -0.775187
v 9.235218 1.519440 -0.894528
v 9.240192 2.019179 -0.894528
v 9.240192 1.569165 -0.894528
v 9.242678 1.519440 -0.897014
v 9.240192 1.569165 -0.894528
v 9.247650 1.569165 -0.897014
v 9.250137 1.519440 -0.897014
v 9.247650 1.569165 -0.897014
v 9.255110 1.569165 -0.897014
v 9.257595 1.519440 -0.897014
v 9.250137 1.519440 -0.897014
v 9.255110 1.569165 -0.897014
v 9.262568 1.569165 -0.897014
v 9.257595 1.519440 -0.897014
v 9.255110 1.569165 -0.897014
v 9.262568 1.569165 -0.897014
v 9.265055 1.519440 -0.897014
v 9.257595 1.519440 -0.897014
v 9.270027 1.569165 -0.894528
v 9.265055 1.519440 -0.897014
v 9.262568 1.569165 -0.897014
v 9.270027 1.569165 -0.894528
v 9.272512 1.519440 -0.894528
v 9.265055 1.519440 -0.897014
v 9.270027 2.019179 -0.894528
v 9.270027 1.569165 -0.894528
v 9.262568 1.569165 -0.897014
v 9.277485 1.569165 -0.894528
v 9.272512 1.519440 -0.894528
v 9.270027 1.569165 -0.894528
v 9.277485 1.569165 -0.894528
v 9.279972 1.519440 -0.892042
v 9.272512 1.519440 -0.894528
v 9.282457 1.569165 -0.889555
v 9.279972 1.519440 -0.892042
v 9.277485 1.569165 -0.894528
v 9.282457 1.569165 -0.889555
v 9.284945 1.519440 -0.889555
v 9.279972 1.519440 -0.892042
v 9.289917 1.569165 -0.887069
v 9.284945 1.519440 -0.889555
v 9.282457 1.569165 -0.889555
v 9.289917 1.569165 -0.887069
v 9.292402 1.519440 -0.884583
v 9.284945 1.519440 -0.889555
v 9.289917 2.019179 -0.887069
v 9.289917 1.569165 -0.887069
v 9.282457 1.569165 -0.889555
v 9.294889 1.569165 -0.882097
v 9.292402 1.519440 -0.884583
v 9.289917 1.569165 -0.887069
v 9.294889 1.569165 -0.882097
v 9.297375 1.519440 -0.879610
v 9.292402 1.519440 -0.884583
v 9.294889 2.019179 -0.882097
v 9.294889 1.569165 -0.882097
v 9.289917 2.019179 -0.887069
v 9.299862 1.569165 -0.877124
v 9.297375 1.519440 -0.879610
v 9.294889 1.569165 -0.882097
v 9.299862 1.569165 -0.877124
v 9.302347 1.519440 -0.874638
v 9.297375 1.519440 -0.879610
v 9.282457 2.019179 -0.889555
v 9.282457 1.569165 -0.889555
v 9.277485 1.569165 -0.894528
v 9.304834 1.569165 -0.869665
v 9.302347 1.519440 -0.874638
v 9.299862 1.569165 -0.877124
v 9.304834 1.569165 -0.869665
v 9.307320 1.519440 -0.867179
v 9.302347 1.519440 -0.874638
v 9.314779 2.019179 -0.849775
v 9.317266 1.569165 -0.842316
v 9.314779 1.569165 -0.849775
v 9.314779 2.019179 -0.849775
v 9.314779 1.569165 -0.849775
v 9.312294 1.569165 -0.857234
v 9.317266 1.569165 -0.842316
v 9.314779 1.519440 -0.847289
v 9.314779 1.569165 -0.849775
v 9.317266 1.569165 -0.842316
v 9.317266 1.519440 -0.839830
v 9.314779 1.519440 -0.847289
v 9.317266 2.019179 -0.842316
v 9.317266 1.569165 -0.842316
v 9.314779 2.019179 -0.849775
v 9.317266 1.569165 -0.834858
v 9.317266 1.519440 -0.839830
v 9.317266 1.569165 -0.842316
v 9.317266 1.569165 -0.834858
v 9.317266 1.519440 -0.832371
v 9.317266 1.519440 -0.839830
v 9.317266 1.569165 -0.827399
v 9.317266 1.519440 -0.832371
v 9.317266 1.569165 -0.834858
v 9.317266 1.569165 -0.827399
v 9.314779 1.519440 -0.822426
v 9.317266 1.519440 -0.832371
v 9.314779 1.569165 -0.819940
v 9.314779 1.519440 -0.822426
v 9.317266 1.569165 -0.827399
v 9.314779 1.569165 -0.819940
v 9.314779 1.519440 -0.817454
v 9.314779 1.519440 -0.822426
v 9.312294 1.569165 -0.812481
v 9.314779 1.519440 -0.817454
v 9.314779 1.569165 -0.819940
v 9.312294 1.569165 -0.812481
v 9.312294 1.519440 -0.809995
v 9.314779 1.519440 -0.817454
v 9.317266 2.019179 -0.834858
v 9.317266 1.569165 -0.834858
v 9.317266 2.019179 -0.842316
v 9.309807 1.569165 -0.805022
v 9.312294 1.519440 -0.809995
v 9.312294 1.569165 -0.812481
v 9.309807 1.569165 -0.805022
v 9.307320 1.519440 -0.802536
v 9.312294 1.519440 -0.809995
v 9.304834 1.569165 -0.800050
v 9.307320 1.519440 -0.802536
v 9.309807 1.569165 -0.805022
v 9.304834 1.569165 -0.800050
v 9.302347 1.519440 -0.795077
v 9.307320 1.519440 -0.802536
v 9.299862 1.569165 -0.792591
v 9.302347 1.519440 -0.795077
v 9.304834 1.569165 -0.800050
v 9.299862 1.569165 -0.792591
v 9.297375 1.519440 -0.790105
v 9.302347 1.519440 -0.795077
v 9.270027 1.569165 -0.775187
v 9.272512 1.519440 -0.775187
v 9.277485 1.569165 -0.777674
v 9.270027 1.569165 -0.775187
v 9.265055 1.519440 -0.772701
v 9.272512 1.519440 -0.775187
v 9.262568 1.569165 -0.772701
v 9.265055 1.519440 -0.772701
v 9.270027 1.569165 -0.775187
v 9.262568 1.569165 -0.772701
v 9.257595 1.519440 -0.772701
v 9.265055 1.519440 -0.772701
v 9.277485 1.569165 -0.777674
v 9.279972 1.519440 -0.777674
v 9.282457 1.569165 -0.780160
v 9.277485 1.569165 -0.777674
v 9.272512 1.519440 -0.775187
v 9.279972 1.519440 -0.777674
v 9.247650 1.569165 -0.772701
v 9.247650 2.019179 -0.772701
v 9.240192 2.019179 -0.775187
v 9.277485 2.019179 -0.777674
v 9.270027 1.569165 -0.775187
v 9.277485 1.569165 -0.777674
v 9.277485 2.019179 -0.777674
v 9.277485 1.569165 -0.777674
v 9.282457 2.019179 -0.780160
v 9.289917 2.019179 -0.782646
v 9.282457 1.569165 -0.780160
v 9.289917 1.569165 -0.782646
v 9.282457 1.569165 -0.780160
v 9.284945 1.519440 -0.780160
v 9.289917 1.569165 -0.782646
v 9.282457 1.569165 -0.780160
v 9.279972 1.519440 -0.777674
v 9.284945 1.519440 -0.780160
v 9.314779 2.019179 -0.819940
v 9.314779 1.569165 -0.819940
v 9.317266 1.569165 -0.827399
v 9.294889 1.569165 -0.787619
v 9.297375 1.519440 -0.790105
v 9.299862 1.569165 -0.792591
v 9.294889 1.569165 -0.787619
v 9.292402 1.519440 -0.785132
v 9.297375 1.519440 -0.790105
v 9.289917 1.569165 -0.782646
v 9.292402 1.519440 -0.785132
v 9.294889 1.569165 -0.787619
v 9.289917 1.569165 -0.782646
v 9.284945 1.519440 -0.780160
v 9.292402 1.519440 -0.785132
v 9.294889 2.019179 -0.787619
v 9.289917 1.569165 -0.782646
v 9.294889 1.569165 -0.787619
v 9.312294 2.019179 -0.857234
v 9.314779 2.019179 -0.849775
v 9.312294 1.569165 -0.857234
v 9.314779 1.569165 -0.849775
v 9.314779 1.519440 -0.854748
v 9.312294 1.569165 -0.857234
v 9.314779 1.569165 -0.849775
v 9.314779 1.519440 -0.847289
v 9.314779 1.519440 -0.854748
v 9.309807 1.569165 -0.864693
v 9.307320 1.519440 -0.867179
v 9.304834 1.569165 -0.869665
v 9.309807 1.569165 -0.864693
v 9.312294 1.519440 -0.859720
v 9.307320 1.519440 -0.867179
v 9.312294 1.569165 -0.857234
v 9.312294 1.519440 -0.859720
v 9.309807 1.569165 -0.864693
v 9.312294 1.569165 -0.857234
v 9.314779 1.519440 -0.854748
v 9.312294 1.519440 -0.859720
v 9.309807 2.019179 -0.864693
v 9.312294 1.569165 -0.857234
v 9.309807 1.569165 -0.864693
v 9.262568 2.019179 -0.897014
v 9.270027 2.019179 -0.894528
v 9.262568 1.569165 -0.897014
v 9.262568 2.019179 -0.897014
v 9.262568 1.569165 -0.897014
v 9.255110 2.019179 -0.897014
v 9.255110 2.019179 -0.897014
v 9.262568 1.569165 -0.897014
v 9.255110 1.569165 -0.897014
v 9.247650 2.019179 -0.897014
v 9.255110 2.019179 -0.897014
v 9.255110 1.569165 -0.897014
v 9.247650 1.569165 -0.897014
v 9.247650 2.019179 -0.897014
v 9.255110 1.569165 -0.897014
v 9.242678 1.519440 -0.897014
v 9.247650 1.569165 -0.897014
v 9.250137 1.519440 -0.897014
v 9.272512 1.519440 -0.775187
v 9.265055 1.519440 -0.772701
v 9.284945 1.519440 -0.889555
v 9.284945 1.519440 -0.780160
v 9.279972 1.519440 -0.777674
v 9.307320 1.519440 -0.867179
v 9.314779 1.519440 -0.817454
v 9.312294 1.519440 -0.809995
v 9.317266 1.519440 -0.832371
v 9.314779 1.519440 -0.822426
v 9.314779 1.519440 -0.817454
v 9.317266 1.519440 -0.832371
v 9.317266 1.519440 -0.832371
v 9.312294 1.519440 -0.809995
v 9.317266 1.519440 -0.839830
v 9.312294 1.519440 -0.809995
v 9.307320 1.519440 -0.802536
v 9.317266 1.519440 -0.839830
v 9.302347 1.519440 -0.795077
v 9.297375 1.519440 -0.790105
v 9.317266 1.519440 -0.839830
v 9.307320 1.519440 -0.802536
v 9.302347 1.519440 -0.795077
v 9.317266 1.519440 -0.839830
v 9.317266 1.519440 -0.839830
v 9.297375 1.519440 -0.790105
v 9.314779 1.519440 -0.847289
v 9.297375 1.519440 -0.790105
v 9.292402 1.519440 -0.785132
v 9.314779 1.519440 -0.847289
v 9.314779 1.519440 -0.847289
v 9.292402 1.519440 -0.785132
v 9.314779 1.519440 -0.854748
v 9.292402 1.519440 -0.785132
v 9.284945 1.519440 -0.780160
v 9.314779 1.519440 -0.854748
v 9.314779 1.519440 -0.854748
v 9.284945 1.519440 -0.780160
v 9.312294 1.519440 -0.859720
v 9.312294 1.519440 -0.859720
v 9.284945 1.519440 -0.780160
v 9.307320 1.519440 -0.867179
v 9.307320 1.519440 -0.867179
v 9.279972 1.519440 -0.777674
v 9.302347 1.519440 -0.874638
v 9.302347 1.519440 -0.874638
v 9.279972 1.519440 -0.777674
v 9.297375 1.519440 -0.879610
v 9.279972 1.519440 -0.777674
v 9.272512 1.519440 -0.775187
v 9.297375 1.519440 -0.879610
v 9.297375 1.519440 -0.879610
v 9.272512 1.519440 -0.775187
v 9.292402 1.519440 -0.884583
v 9.292402 1.519440 -0.884583
v 9.272512 1.519440 -0.775187
v 9.284945 1.519440 -0.889555
v 9.284945 1.519440 -0.889555
v 9.265055 1.519440 -0.772701
v 9.279972 1.519440 -0.892042
v 9.279972 1.519440 -0.892042
v 9.265055 1.519440 -0.772701
v 9.272512 1.519440 -0.894528
v 9.272512 1.519440 -0.894528
v 9.265055 1.519440 -0.772701
v 9.265055 1.519440 -0.897014
v 9.265055 1.519440 -0.897014
v 9.265055 1.519440 -0.772701
v 9.257595 1.519440 -0.897014
v 9.265055 1.519440 -0.772701
v 9.250137 1.519440 -0.897014
v 9.257595 1.519440 -0.897014
v 9.265055 1.519440 -0.772701
v 9.242678 1.519440 -0.897014
v 9.250137 1.519440 -0.897014
v 9.265055 1.519440 -0.772701
v 9.235218 1.519440 -0.894528
v 9.242678 1.519440 -0.897014
v 9.265055 1.519440 -0.772701
v 9.257595 1.519440 -0.772701
v 9.235218 1.519440 -0.894528
v 9.257595 1.519440 -0.772701
v 9.250137 1.519440 -0.772701
v 9.235218 1.519440 -0.894528
v 9.250137 1.519440 -0.772701
v 9.242678 1.519440 -0.772701
v 9.235218 1.519440 -0.894528
v 9.242678 1.519440 -0.772701
v 9.235218 1.519440 -0.775187
v 9.235218 1.519440 -0.894528
v 4.391981 1.347888 -0.772701
v 2.420376 0.209181 -0.772701
v 2.880335 0.199235 -0.772701
v 4.391981 1.347888 -0.772701
v 4.876802 1.999288 -0.772701
v 2.420376 0.209181 -0.772701
v 4.391981 -1.347219 -0.772701
v 2.420376 -0.208511 -0.772701
v 4.876802 -2.001106 -0.772701
v 2.820663 0.137079 -0.772701
v 2.420376 0.209181 -0.772701
v 2.808233 0.112216 -0.772701
v 2.808233 0.112216 -0.772701
v 2.420376 0.209181 -0.772701
v 2.795801 0.084867 -0.772701
v 2.795801 0.084867 -0.772701
v 2.420376 0.209181 -0.772701
v 2.788343 0.057519 -0.772701
v 2.788343 0.057519 -0.772701
v 2.420376 0.209181 -0.772701
v 2.783371 0.027683 -0.772701
v 2.783371 0.027683 -0.772701
v 2.420376 0.209181 -0.772701
v 2.780884 0.000335 -0.772701
v 2.780884 0.000335 -0.772701
v 2.420376 0.209181 -0.772701
v 2.420376 -0.208511 -0.772701
v 2.783371 -0.029501 -0.772701
v 2.780884 0.000335 -0.772701
v 2.420376 -0.208511 -0.772701
v 2.788343 -0.056849 -0.772701
v 2.783371 -0.029501 -0.772701
v 2.420376 -0.208511 -0.772701
v 2.795801 -0.084198 -0.772701
v 2.788343 -0.056849 -0.772701
v 2.420376 -0.208511 -0.772701
v 2.808233 -0.111547 -0.772701
v 2.795801 -0.084198 -0.772701
v 2.420376 -0.208511 -0.772701
v 2.820663 -0.136410 -0.772701
v 2.808233 -0.111547 -0.772701
v 2.420376 -0.208511 -0.772701
v 2.838068 -0.158786 -0.772701
v 2.820663 -0.136410 -0.772701
v 2.420376 -0.208511 -0.772701
v 2.857958 -0.181163 -0.772701
v 2.838068 -0.158786 -0.772701
v 2.420376 -0.208511 -0.772701
v 2.880335 -0.198566 -0.772701
v 2.857958 -0.181163 -0.772701
v 2.420376 -0.208511 -0.772701
v 2.880335 -0.198566 -0.772701
v 2.420376 -0.208511 -0.772701
v 4.391981 -1.347219 -0.772701
v 4.404413 -1.354678 -0.772701
v 4.391981 -1.347219 -0.772701
v 4.876802 -2.001106 -0.772701
v 4.416843 -1.362137 -0.772701
v 4.404413 -1.354678 -0.772701
v 4.876802 -2.001106 -0.772701
v 4.429276 -1.367109 -0.772701
v 4.416843 -1.362137 -0.772701
v 4.876802 -2.001106 -0.772701
v 4.444193 -1.372082 -0.772701
v 4.429276 -1.367109 -0.772701
v 4.876802 -2.001106 -0.772701
v 4.459110 -1.372082 -0.772701
v 4.444193 -1.372082 -0.772701
v 4.876802 -2.001106 -0.772701
v 4.474028 -1.372082 -0.772701
v 4.459110 -1.372082 -0.772701
v 4.876802 -2.001106 -0.772701
v 4.488945 -1.372082 -0.772701
v 4.474028 -1.372082 -0.772701
v 4.876802 -2.001106 -0.772701
v 4.501377 -1.367109 -0.772701
v 4.488945 -1.372082 -0.772701
v 4.876802 -2.001106 -0.772701
v 4.516294 -1.362137 -0.772701
v 4.501377 -1.367109 -0.772701
v 4.876802 -2.001106 -0.772701
v 4.528727 -1.357164 -0.772701
v 4.516294 -1.362137 -0.772701
v 4.876802 -2.001106 -0.772701
v 4.541157 -1.349705 -0.772701
v 4.528727 -1.357164 -0.772701
v 4.876802 -2.001106 -0.772701
v 4.553589 -1.339761 -0.772701
v 4.541157 -1.349705 -0.772701
v 4.876802 -2.001106 -0.772701
v 4.563534 -1.329816 -0.772701
v 4.553589 -1.339761 -0.772701
v 4.876802 -2.001106 -0.772701
v 4.570992 -1.317384 -0.772701
v 4.563534 -1.329816 -0.772701
v 4.876802 -2.001106 -0.772701
v 4.578451 -1.304952 -0.772701
v 4.570992 -1.317384 -0.772701
v 4.876802 -2.001106 -0.772701
v 4.583424 -1.290035 -0.772701
v 4.578451 -1.304952 -0.772701
v 4.876802 -2.001106 -0.772701
v 4.588396 -1.277604 -0.772701
v 4.583424 -1.290035 -0.772701
v 4.876802 -2.001106 -0.772701
v 4.590883 -1.262686 -0.772701
v 4.588396 -1.277604 -0.772701
v 4.876802 -2.001106 -0.772701
v 4.590883 -1.247768 -0.772701
v 4.590883 -1.262686 -0.772701
v 4.876802 -2.001106 -0.772701
v 4.590883 1.248438 -0.772701
v 4.590883 -1.247768 -0.772701
v 4.876802 -2.001106 -0.772701
v 4.876802 1.999288 -0.772701
v 4.590883 1.248438 -0.772701
v 4.876802 -2.001106 -0.772701
v 4.876802 1.999288 -0.772701
v 4.590883 1.263355 -0.772701
v 4.590883 1.248438 -0.772701
v 4.876802 1.999288 -0.772701
v 4.588396 1.275786 -0.772701
v 4.590883 1.263355 -0.772701
v 4.876802 1.999288 -0.772701
v 4.583424 1.290704 -0.772701
v 4.588396 1.275786 -0.772701
v 4.876802 1.999288 -0.772701
v 4.578451 1.303136 -0.772701
v 4.583424 1.290704 -0.772701
v 4.876802 1.999288 -0.772701
v 4.570992 1.318053 -0.772701
v 4.578451 1.303136 -0.772701
v 4.876802 1.999288 -0.772701
v 4.563534 1.327998 -0.772701
v 4.570992 1.318053 -0.772701
v 4.876802 1.999288 -0.772701
v 4.553589 1.340429 -0.772701
v 4.563534 1.327998 -0.772701
v 4.876802 1.999288 -0.772701
v 4.541157 1.347888 -0.772701
v 4.553589 1.340429 -0.772701
v 4.876802 1.999288 -0.772701
v 4.528727 1.355346 -0.772701
v 4.541157 1.347888 -0.772701
v 4.876802 1.999288 -0.772701
v 4.516294 1.362805 -0.772701
v 4.528727 1.355346 -0.772701
v 4.876802 1.999288 -0.772701
v 4.501377 1.367779 -0.772701
v 4.516294 1.362805 -0.772701
v 4.876802 1.999288 -0.772701
v 4.488945 1.370265 -0.772701
v 4.501377 1.367779 -0.772701
v 4.876802 1.999288 -0.772701
v 4.474028 1.372751 -0.772701
v 4.488945 1.370265 -0.772701
v 4.474028 1.372751 -0.772701
v 4.876802 1.999288 -0.772701
v 4.459110 1.372751 -0.772701
v 4.459110 1.372751 -0.772701
v 4.876802 1.999288 -0.772701
v 4.444193 1.370265 -0.772701
v 4.444193 1.370265 -0.772701
v 4.876802 1.999288 -0.772701
v 4.429276 1.367779 -0.772701
v 4.429276 1.367779 -0.772701
v 4.876802 1.999288 -0.772701
v 4.416843 1.362805 -0.772701
v 4.416843 1.362805 -0.772701
v 4.876802 1.999288 -0.772701
v 4.404413 1.355346 -0.772701
v 4.404413 1.355346 -0.772701
v 4.876802 1.999288 -0.772701
v 4.391981 1.347888 -0.772701
v 2.857958 0.179345 -0.772701
v 2.420376 0.209181 -0.772701
v 2.838068 0.159455 -0.772701
v 2.838068 0.159455 -0.772701
v 2.420376 0.209181 -0.772701
v 2.820663 0.137079 -0.772701
v 2.880335 0.199235 -0.772701
v 2.420376 0.209181 -0.772701
v 2.857958 0.179345 -0.772701
v 2.420376 0.209181 -0.897014
v 2.780884 0.000335 -0.897014
v 2.420376 -0.208511 -0.897014
v 4.876802 1.999288 -0.897014
v 4.391981 1.347888 -0.897014
v 2.420376 0.209181 -0.897014
v 4.876802 1.999288 -0.897014
v 4.404413 1.355346 -0.897014
v 4.391981 1.347888 -0.897014
v 4.876802 1.999288 -0.897014
v 4.416843 1.362805 -0.897014
v 4.404413 1.355346 -0.897014
v 4.876802 1.999288 -0.897014
v 4.429276 1.367779 -0.897014
v 4.416843 1.362805 -0.897014
v 4.876802 1.999288 -0.897014
v 4.444193 1.370265 -0.897014
v 4.429276 1.367779 -0.897014
v 4.876802 1.999288 -0.897014
v 4.459110 1.372751 -0.897014
v 4.444193 1.370265 -0.897014
v 4.876802 1.999288 -0.897014
v 4.474028 1.372751 -0.897014
v 4.459110 1.372751 -0.897014
v 4.474028 1.372751 -0.897014
v 4.876802 1.999288 -0.897014
v 4.488945 1.370265 -0.897014
v 4.488945 1.370265 -0.897014
v 4.876802 1.999288 -0.897014
v 4.501377 1.367779 -0.897014
v 4.501377 1.367779 -0.897014
v 4.876802 1.999288 -0.897014
v 4.516294 1.362805 -0.897014
v 4.516294 1.362805 -0.897014
v 4.876802 1.999288 -0.897014
v 4.528727 1.355346 -0.897014
v 4.528727 1.355346 -0.897014
v 4.876802 1.999288 -0.897014
v 4.541157 1.347888 -0.897014
v 4.541157 1.347888 -0.897014
v 4.876802 1.999288 -0.897014
v 4.553589 1.340429 -0.897014
v 4.553589 1.340429 -0.897014
v 4.876802 1.999288 -0.897014
v 4.563534 1.327998 -0.897014
v 4.563534 1.327998 -0.897014
v 4.876802 1.999288 -0.897014
v 4.570992 1.318053 -0.897014
v 4.570992 1.318053 -0.897014
v 4.876802 1.999288 -0.897014
v 4.578451 1.303136 -0.897014
v 4.578451 1.303136 -0.897014
v 4.876802 1.999288 -0.897014
v 4.583424 1.290704 -0.897014
v 4.583424 1.290704 -0.897014
v 4.876802 1.999288 -0.897014
v 4.588396 1.275786 -0.897014
v 4.588396 1.275786 -0.897014
v 4.876802 1.999288 -0.897014
v 4.590883 1.263355 -0.897014
v 4.590883 1.263355 -0.897014
v 4.876802 1.999288 -0.897014
v 4.590883 1.248438 -0.897014
v 4.590883 1.248438 -0.897014
v 4.876802 1.999288 -0.897014
v 4.876802 -2.001106 -0.897014
v 4.590883 -1.247768 -0.897014
v 4.590883 1.248438 -0.897014
v 4.876802 -2.001106 -0.897014
v 4.590883 -1.262686 -0.897014
v 4.590883 -1.247768 -0.897014
v 4.876802 -2.001106 -0.897014
v 4.588396 -1.277604 -0.897014
v 4.590883 -1.262686 -0.897014
v 4.876802 -2.001106 -0.897014
v 4.583424 -1.290035 -0.897014
v 4.588396 -1.277604 -0.897014
v 4.876802 -2.001106 -0.897014
v 4.578451 -1.304952 -0.897014
v 4.583424 -1.290035 -0.897014
v 4.876802 -2.001106 -0.897014
v 4.570992 -1.317384 -0.897014
v 4.578451 -1.304952 -0.897014
v 4.876802 -2.001106 -0.897014
v 4.563534 -1.329816 -0.897014
v 4.570992 -1.317384 -0.897014
v 4.876802 -2.001106 -0.897014
v 4.553589 -1.339761 -0.897014
v 4.563534 -1.329816 -0.897014
v 4.876802 -2.001106 -0.897014
v 4.541157 -1.349705 -0.897014
v 4.553589 -1.339761 -0.897014
v 4.876802 -2.001106 -0.897014
v 4.528727 -1.357164 -0.897014
v 4.541157 -1.349705 -0.897014
v 4.876802 -2.001106 -0.897014
v 4.516294 -1.362137 -0.897014
v 4.528727 -1.357164 -0.897014
v 4.876802 -2.001106 -0.897014
v 4.501377 -1.367109 -0.897014
v 4.516294 -1.362137 -0.897014
v 4.876802 -2.001106 -0.897014
v 4.488945 -1.372082 -0.897014
v 4.501377 -1.367109 -0.897014
v 4.876802 -2.001106 -0.897014
v 4.474028 -1.372082 -0.897014
v 4.488945 -1.372082 -0.897014
v 4.876802 -2.001106 -0.897014
v 4.459110 -1.372082 -0.897014
v 4.474028 -1.372082 -0.897014
v 4.876802 -2.001106 -0.897014
v 4.444193 -1.372082 -0.897014
v 4.459110 -1.372082 -0.897014
v 4.876802 -2.001106 -0.897014
v 4.429276 -1.367109 -0.897014
v 4.444193 -1.372082 -0.897014
v 4.876802 -2.001106 -0.897014
v 4.416843 -1.362137 -0.897014
v 4.429276 -1.367109 -0.897014
v 4.876802 -2.001106 -0.897014
v 4.404413 -1.354678 -0.897014
v 4.416843 -1.362137 -0.897014
v 4.876802 -2.001106 -0.897014
v 4.391981 -1.347219 -0.897014
v 4.404413 -1.354678 -0.897014
v 4.876802 -2.001106 -0.897014
v 2.420376 -0.208511 -0.897014
v 4.391981 -1.347219 -0.897014
v 4.876802 -2.001106 -0.897014
v 2.420376 -0.208511 -0.897014
v 2.880335 -0.198566 -0.897014
v 4.391981 -1.347219 -0.897014
v 2.857958 -0.181163 -0.897014
v 2.880335 -0.198566 -0.897014
v 2.420376 -0.208511 -0.897014
v 2.838068 -0.158786 -0.897014
v 2.857958 -0.181163 -0.897014
v 2.420376 -0.208511 -0.897014
v 2.820663 -0.136410 -0.897014
v 2.838068 -0.158786 -0.897014
v 2.420376 -0.208511 -0.897014
v 2.808233 -0.111547 -0.897014
v 2.820663 -0.136410 -0.897014
v 2.420376 -0.208511 -0.897014
v 2.795801 -0.084198 -0.897014
v 2.808233 -0.111547 -0.897014
v 2.420376 -0.208511 -0.897014
v 2.788343 -0.056849 -0.897014
v 2.795801 -0.084198 -0.897014
v 2.420376 -0.208511 -0.897014
v 2.783371 -0.029501 -0.897014
v 2.788343 -0.056849 -0.897014
v 2.420376 -0.208511 -0.897014
v 2.780884 0.000335 -0.897014
v 2.783371 -0.029501 -0.897014
v 2.420376 -0.208511 -0.897014
v 2.420376 0.209181 -0.897014
v 2.783371 0.027683 -0.897014
v 2.780884 0.000335 -0.897014
v 2.420376 0.209181 -0.897014
v 2.788343 0.057519 -0.897014
v 2.783371 0.027683 -0.897014
v 2.420376 0.209181 -0.897014
v 2.795801 0.084867 -0.897014
v 2.788343 0.057519 -0.897014
v 2.420376 0.209181 -0.897014
v 2.808233 0.112216 -0.897014
v 2.795801 0.084867 -0.897014
v 2.420376 0.209181 -0.897014
v 2.820663 0.137079 -0.897014
v 2.808233 0.112216 -0.897014
v 2.420376 0.209181 -0.897014
v 2.838068 0.159455 -0.897014
v 2.820663 0.137079 -0.897014
v 2.420376 0.209181 -0.897014
v 2.857958 0.179345 -0.897014
v 2.838068 0.159455 -0.897014
v 2.420376 0.209181 -0.897014
v 2.880335 0.199235 -0.897014
v 2.857958 0.179345 -0.897014
v 2.420376 0.209181 -0.897014
v 4.391981 1.347888 -0.897014
v 2.880335 0.199235 -0.897014
v 4.876802 1.999288 -0.897014
v 4.876802 -2.001106 -0.772701
v 4.876802 -2.001106 -0.897014
v 4.876802 1.999288 -0.772701
v 4.876802 -2.001106 -0.772701
v 4.876802 1.999288 -0.897014
v 4.876802 1.999288 -0.772701
v 4.876802 1.999288 -0.897014
v 2.420376 0.209181 -0.897014
v 2.420376 0.209181 -0.772701
v 4.876802 1.999288 -0.772701
v 2.420376 0.209181 -0.897014
v 2.420376 0.209181 -0.772701
v 2.420376 0.209181 -0.897014
v 2.420376 -0.208511 -0.897014
v 2.420376 -0.208511 -0.772701
v 2.420376 0.209181 -0.772701
v 2.420376 -0.208511 -0.897014
v 2.420376 -0.208511 -0.772701
v 2.420376 -0.208511 -0.897014
v 4.876802 -2.001106 -0.897014
v 4.876802 -2.001106 -0.772701
v 2.420376 -0.208511 -0.772701
v 4.876802 -2.001106 -0.897014
v 2.820663 0.137079 -0.897014
v 2.808233 0.112216 -0.772701
v 2.808233 0.112216 -0.897014
v 2.808233 0.112216 -0.897014
v 2.795801 0.084867 -0.772701
v 2.795801 0.084867 -0.897014
v 2.795801 0.084867 -0.897014
v 2.788343 0.057519 -0.772701
v 2.788343 0.057519 -0.897014
v 2.788343 0.057519 -0.897014
v 2.783371 0.027683 -0.772701
v 2.783371 0.027683 -0.897014
v 2.783371 0.027683 -0.897014
v 2.780884 0.000335 -0.772701
v 2.780884 0.000335 -0.897014
v 2.780884 0.000335 -0.897014
v 2.783371 -0.029501 -0.772701
v 2.783371 -0.029501 -0.897014
v 2.783371 -0.029501 -0.897014
v 2.788343 -0.056849 -0.772701
v 2.788343 -0.056849 -0.897014
v 2.788343 -0.056849 -0.897014
v 2.795801 -0.084198 -0.772701
v 2.795801 -0.084198 -0.897014
v 2.795801 -0.084198 -0.897014
v 2.808233 -0.111547 -0.772701
v 2.808233 -0.111547 -0.897014
v 2.808233 -0.111547 -0.897014
v 2.820663 -0.136410 -0.772701
v 2.820663 -0.136410 -0.897014
v 2.820663 -0.136410 -0.897014
v 2.838068 -0.158786 -0.772701
v 2.838068 -0.158786 -0.897014
v 2.838068 -0.158786 -0.897014
v 2.857958 -0.181163 -0.772701
v 2.857958 -0.181163 -0.897014
v 2.857958 -0.181163 -0.897014
v 2.880335 -0.198566 -0.772701
v 2.880335 -0.198566 -0.897014
v 2.857958 -0.181163 -0.772701
v 2.880335 -0.198566 -0.772701
v 2.857958 -0.181163 -0.897014
v 2.838068 -0.158786 -0.772701
v 2.857958 -0.181163 -0.772701
v 2.838068 -0.158786 -0.897014
v 2.820663 -0.136410 -0.772701
v 2.838068 -0.158786 -0.772701
v 2.820663 -0.136410 -0.897014
v 2.808233 -0.111547 -0.772701
v 2.820663 -0.136410 -0.772701
v 2.808233 -0.111547 -0.897014
v 2.795801 -0.084198 -0.772701
v 2.808233 -0.111547 -0.772701
v 2.795801 -0.084198 -0.897014
v 2.788343 -0.056849 -0.772701
v 2.795801 -0.084198 -0.772701
v 2.788343 -0.056849 -0.897014
v 2.783371 -0.029501 -0.772701
v 2.788343 -0.056849 -0.772701
v 2.783371 -0.029501 -0.897014
v 2.780884 0.000335 -0.772701
v 2.783371 -0.029501 -0.772701
v 2.780884 0.000335 -0.897014
v 2.783371 0.027683 -0.772701
v 2.780884 0.000335 -0.772701
v 2.783371 0.027683 -0.897014
v 2.788343 0.057519 -0.772701
v 2.783371 0.027683 -0.772701
v 2.788343 0.057519 -0.897014
v 2.795801 0.084867 -0.772701
v 2.788343 0.057519 -0.772701
v 2.795801 0.084867 -0.897014
v 2.808233 0.112216 -0.772701
v 2.795801 0.084867 -0.772701
v 2.808233 0.112216 -0.897014
v 2.820663 0.137079 -0.772701
v 2.808233 0.112216 -0.772701
v 2.820663 0.137079 -0.897014
v 2.838068 0.159455 -0.897014
v 2.820663 0.137079 -0.772701
v 2.820663 0.137079 -0.897014
v 2.838068 0.159455 -0.772701
v 2.820663 0.137079 -0.772701
v 2.838068 0.159455 -0.897014
v 2.857958 0.179345 -0.897014
v 2.838068 0.159455 -0.772701
v 2.838068 0.159455 -0.897014
v 2.857958 0.179345 -0.772701
v 2.838068 0.159455 -0.772701
v 2.857958 0.179345 -0.897014
v 2.880335 0.199235 -0.772701
v 2.857958 0.179345 -0.772701
v 2.857958 0.179345 -0.897014
v 2.880335 0.199235 -0.897014
v 2.880335 0.199235 -0.772701
v 2.857958 0.179345 -0.897014
v 2.880335 -0.198566 -0.897014
v 4.391981 -1.347219 -0.772701
v 4.391981 -1.347219 -0.897014
v 2.880335 -0.198566 -0.772701
v 4.391981 -1.347219 -0.772701
v 2.880335 -0.198566 -0.897014
v 4.501377 -1.367109 -0.772701
v 4.511322 -1.364623 -0.834858
v 4.496405 -1.369595 -0.834858
v 4.488945 -1.372082 -0.772701
v 4.496405 -1.369595 -0.834858
v 4.481487 -1.372082 -0.834858
v 4.474028 -1.372082 -0.772701
v 4.481487 -1.372082 -0.834858
v 4.466570 -1.372082 -0.834858
v 4.451653 -1.372082 -0.834858
v 4.459110 -1.372082 -0.772701
v 4.466570 -1.372082 -0.834858
v 4.436733 -1.369595 -0.834858
v 4.444193 -1.372082 -0.772701
v 4.451653 -1.372082 -0.834858
v 4.421816 -1.364623 -0.834858
v 4.429276 -1.367109 -0.772701
v 4.436733 -1.369595 -0.834858
v 4.409386 -1.359650 -0.834858
v 4.416843 -1.362137 -0.772701
v 4.421816 -1.364623 -0.834858
v 4.516294 -1.362137 -0.772701
v 4.523754 -1.359650 -0.834858
v 4.511322 -1.364623 -0.834858
v 4.501377 -1.367109 -0.772701
v 4.516294 -1.362137 -0.772701
v 4.511322 -1.364623 -0.834858
v 4.488945 -1.372082 -0.772701
v 4.501377 -1.367109 -0.772701
v 4.496405 -1.369595 -0.834858
v 4.474028 -1.372082 -0.772701
v 4.488945 -1.372082 -0.772701
v 4.481487 -1.372082 -0.834858
v 4.459110 -1.372082 -0.772701
v 4.474028 -1.372082 -0.772701
v 4.466570 -1.372082 -0.834858
v 4.444193 -1.372082 -0.772701
v 4.459110 -1.372082 -0.772701
v 4.451653 -1.372082 -0.834858
v 4.429276 -1.367109 -0.772701
v 4.444193 -1.372082 -0.772701
v 4.436733 -1.369595 -0.834858
v 4.416843 -1.362137 -0.772701
v 4.429276 -1.367109 -0.772701
v 4.421816 -1.364623 -0.834858
v 4.404413 -1.354678 -0.772701
v 4.416843 -1.362137 -0.772701
v 4.409386 -1.359650 -0.834858
v 4.396954 -1.349705 -0.834858
v 4.404413 -1.354678 -0.772701
v 4.409386 -1.359650 -0.834858
v 4.391981 -1.347219 -0.772701
v 4.404413 -1.354678 -0.772701
v 4.396954 -1.349705 -0.834858
v 4.391981 -1.347219 -0.897014
v 4.396954 -1.349705 -0.834858
v 4.404413 -1.354678 -0.897014
v 4.404413 -1.354678 -0.897014
v 4.409386 -1.359650 -0.834858
v 4.416843 -1.362137 -0.897014
v 4.416843 -1.362137 -0.897014
v 4.421816 -1.364623 -0.834858
v 4.429276 -1.367109 -0.897014
v 4.429276 -1.367109 -0.897014
v 4.436733 -1.369595 -0.834858
v 4.444193 -1.372082 -0.897014
v 4.444193 -1.372082 -0.897014
v 4.451653 -1.372082 -0.834858
v 4.459110 -1.372082 -0.897014
v 4.459110 -1.372082 -0.897014
v 4.466570 -1.372082 -0.834858
v 4.474028 -1.372082 -0.897014
v 4.481487 -1.372082 -0.834858
v 4.488945 -1.372082 -0.897014
v 4.474028 -1.372082 -0.897014
v 4.496405 -1.369595 -0.834858
v 4.501377 -1.367109 -0.897014
v 4.488945 -1.372082 -0.897014
v 4.511322 -1.364623 -0.834858
v 4.516294 -1.362137 -0.897014
v 4.501377 -1.367109 -0.897014
v 4.523754 -1.359650 -0.834858
v 4.528727 -1.357164 -0.897014
v 4.516294 -1.362137 -0.897014
v 4.538671 -1.349705 -0.834858
v 4.541157 -1.349705 -0.897014
v 4.528727 -1.357164 -0.897014
v 4.548616 -1.342247 -0.834858
v 4.553589 -1.339761 -0.897014
v 4.541157 -1.349705 -0.897014
v 4.561047 -1.329816 -0.834858
v 4.563534 -1.329816 -0.897014
v 4.553589 -1.339761 -0.897014
v 4.570992 -1.319870 -0.834858
v 4.570992 -1.317384 -0.897014
v 4.563534 -1.329816 -0.897014
v 4.578451 -1.304952 -0.834858
v 4.578451 -1.304952 -0.897014
v 4.570992 -1.317384 -0.897014
v 4.583424 -1.292521 -0.834858
v 4.583424 -1.290035 -0.897014
v 4.578451 -1.304952 -0.897014
v 4.588396 -1.277604 -0.834858
v 4.588396 -1.277604 -0.897014
v 4.583424 -1.290035 -0.897014
v 4.528727 -1.357164 -0.772701
v 4.538671 -1.349705 -0.834858
v 4.523754 -1.359650 -0.834858
v 4.516294 -1.362137 -0.772701
v 4.528727 -1.357164 -0.772701
v 4.523754 -1.359650 -0.834858
v 4.541157 -1.349705 -0.772701
v 4.548616 -1.342247 -0.834858
v 4.538671 -1.349705 -0.834858
v 4.528727 -1.357164 -0.772701
v 4.541157 -1.349705 -0.772701
v 4.538671 -1.349705 -0.834858
v 4.553589 -1.339761 -0.772701
v 4.561047 -1.329816 -0.834858
v 4.548616 -1.342247 -0.834858
v 4.541157 -1.349705 -0.772701
v 4.553589 -1.339761 -0.772701
v 4.548616 -1.342247 -0.834858
v 4.563534 -1.329816 -0.772701
v 4.570992 -1.319870 -0.834858
v 4.561047 -1.329816 -0.834858
v 4.553589 -1.339761 -0.772701
v 4.563534 -1.329816 -0.772701
v 4.561047 -1.329816 -0.834858
v 4.570992 -1.317384 -0.772701
v 4.578451 -1.304952 -0.834858
v 4.570992 -1.319870 -0.834858
v 4.563534 -1.329816 -0.772701
v 4.570992 -1.317384 -0.772701
v 4.570992 -1.319870 -0.834858
v 4.578451 -1.304952 -0.772701
v 4.583424 -1.292521 -0.834858
v 4.578451 -1.304952 -0.834858
v 4.570992 -1.317384 -0.772701
v 4.578451 -1.304952 -0.772701
v 4.578451 -1.304952 -0.834858
v 4.583424 -1.290035 -0.772701
v 4.588396 -1.277604 -0.834858
v 4.583424 -1.292521 -0.834858
v 4.578451 -1.304952 -0.772701
v 4.583424 -1.290035 -0.772701
v 4.583424 -1.292521 -0.834858
v 4.588396 -1.277604 -0.772701
v 4.590883 -1.262686 -0.772701
v 4.588396 -1.277604 -0.834858
v 4.583424 -1.290035 -0.772701
v 4.588396 -1.277604 -0.772701
v 4.588396 -1.277604 -0.834858
v 4.590883 -1.262686 -0.772701
v 4.590883 -1.247768 -0.772701
v 4.590883 -1.247768 -0.897014
v 4.590883 -1.262686 -0.772701
v 4.590883 -1.262686 -0.897014
v 4.588396 -1.277604 -0.897014
v 4.590883 -1.262686 -0.772701
v 4.590883 -1.247768 -0.897014
v 4.590883 -1.262686 -0.897014
v 4.588396 -1.277604 -0.834858
v 4.590883 -1.262686 -0.772701
v 4.588396 -1.277604 -0.897014
v 4.583424 -1.292521 -0.834858
v 4.588396 -1.277604 -0.834858
v 4.583424 -1.290035 -0.897014
v 4.578451 -1.304952 -0.834858
v 4.583424 -1.292521 -0.834858
v 4.578451 -1.304952 -0.897014
v 4.570992 -1.319870 -0.834858
v 4.578451 -1.304952 -0.834858
v 4.570992 -1.317384 -0.897014
v 4.561047 -1.329816 -0.834858
v 4.570992 -1.319870 -0.834858
v 4.563534 -1.329816 -0.897014
v 4.548616 -1.342247 -0.834858
v 4.561047 -1.329816 -0.834858
v 4.553589 -1.339761 -0.897014
v 4.538671 -1.349705 -0.834858
v 4.548616 -1.342247 -0.834858
v 4.541157 -1.349705 -0.897014
v 4.523754 -1.359650 -0.834858
v 4.538671 -1.349705 -0.834858
v 4.528727 -1.357164 -0.897014
v 4.511322 -1.364623 -0.834858
v 4.523754 -1.359650 -0.834858
v 4.516294 -1.362137 -0.897014
v 4.496405 -1.369595 -0.834858
v 4.511322 -1.364623 -0.834858
v 4.501377 -1.367109 -0.897014
v 4.481487 -1.372082 -0.834858
v 4.496405 -1.369595 -0.834858
v 4.488945 -1.372082 -0.897014
v 4.466570 -1.372082 -0.834858
v 4.481487 -1.372082 -0.834858
v 4.474028 -1.372082 -0.897014
v 4.451653 -1.372082 -0.834858
v 4.466570 -1.372082 -0.834858
v 4.459110 -1.372082 -0.897014
v 4.436733 -1.369595 -0.834858
v 4.451653 -1.372082 -0.834858
v 4.444193 -1.372082 -0.897014
v 4.421816 -1.364623 -0.834858
v 4.436733 -1.369595 -0.834858
v 4.429276 -1.367109 -0.897014
v 4.409386 -1.359650 -0.834858
v 4.421816 -1.364623 -0.834858
v 4.416843 -1.362137 -0.897014
v 4.396954 -1.349705 -0.834858
v 4.409386 -1.359650 -0.834858
v 4.404413 -1.354678 -0.897014
v 4.391981 -1.347219 -0.772701
v 4.396954 -1.349705 -0.834858
v 4.391981 -1.347219 -0.897014
v 4.590883 1.248438 -0.772701
v 4.590883 1.248438 -0.897014
v 4.590883 -1.247768 -0.897014
v 4.590883 -1.247768 -0.772701
v 4.590883 1.248438 -0.772701
v 4.590883 -1.247768 -0.897014
v 4.541157 1.347888 -0.772701
v 4.533699 1.352860 -0.834858
v 4.546129 1.345402 -0.834858
v 4.553589 1.340429 -0.772701
v 4.546129 1.345402 -0.834858
v 4.556074 1.335457 -0.834858
v 4.563534 1.327998 -0.772701
v 4.556074 1.335457 -0.834858
v 4.566019 1.323025 -0.834858
v 4.570992 1.318053 -0.772701
v 4.566019 1.323025 -0.834858
v 4.575964 1.310594 -0.834858
v 4.578451 1.303136 -0.772701
v 4.575964 1.310594 -0.834858
v 4.580936 1.298163 -0.834858
v 4.583424 1.290704 -0.772701
v 4.580936 1.298163 -0.834858
v 4.585911 1.283245 -0.834858
v 4.588396 1.275786 -0.772701
v 4.585911 1.283245 -0.834858
v 4.590883 1.268327 -0.834858
v 4.528727 1.355346 -0.772701
v 4.518782 1.360319 -0.834858
v 4.533699 1.352860 -0.834858
v 4.541157 1.347888 -0.772701
v 4.528727 1.355346 -0.772701
v 4.533699 1.352860 -0.834858
v 4.553589 1.340429 -0.772701
v 4.541157 1.347888 -0.772701
v 4.546129 1.345402 -0.834858
v 4.563534 1.327998 -0.772701
v 4.553589 1.340429 -0.772701
v 4.556074 1.335457 -0.834858
v 4.570992 1.318053 -0.772701
v 4.563534 1.327998 -0.772701
v 4.566019 1.323025 -0.834858
v 4.578451 1.303136 -0.772701
v 4.570992 1.318053 -0.772701
v 4.575964 1.310594 -0.834858
v 4.583424 1.290704 -0.772701
v 4.578451 1.303136 -0.772701
v 4.580936 1.298163 -0.834858
v 4.588396 1.275786 -0.772701
v 4.583424 1.290704 -0.772701
v 4.585911 1.283245 -0.834858
v 4.590883 1.263355 -0.772701
v 4.588396 1.275786 -0.772701
v 4.590883 1.268327 -0.834858
v 4.590883 1.263355 -0.772701
v 4.590883 1.268327 -0.834858
v 4.590883 1.253410 -0.834858
v 4.590883 1.248438 -0.772701
v 4.590883 1.263355 -0.772701
v 4.590883 1.253410 -0.834858
v 4.590883 1.253410 -0.834858
v 4.590883 1.263355 -0.897014
v 4.590883 1.248438 -0.897014
v 4.590883 1.268327 -0.834858
v 4.588396 1.275786 -0.897014
v 4.590883 1.263355 -0.897014
v 4.585911 1.283245 -0.834858
v 4.583424 1.290704 -0.897014
v 4.588396 1.275786 -0.897014
v 4.580936 1.298163 -0.834858
v 4.578451 1.303136 -0.897014
v 4.583424 1.290704 -0.897014
v 4.575964 1.310594 -0.834858
v 4.570992 1.318053 -0.897014
v 4.578451 1.303136 -0.897014
v 4.566019 1.323025 -0.834858
v 4.563534 1.327998 -0.897014
v 4.570992 1.318053 -0.897014
v 4.556074 1.335457 -0.834858
v 4.553589 1.340429 -0.897014
v 4.563534 1.327998 -0.897014
v 4.546129 1.345402 -0.834858
v 4.541157 1.347888 -0.897014
v 4.553589 1.340429 -0.897014
v 4.533699 1.352860 -0.834858
v 4.528727 1.355346 -0.897014
v 4.541157 1.347888 -0.897014
v 4.518782 1.360319 -0.834858
v 4.516294 1.362805 -0.897014
v 4.528727 1.355346 -0.897014
v 4.506350 1.367779 -0.834858
v 4.501377 1.367779 -0.897014
v 4.516294 1.362805 -0.897014
v 4.491432 1.370265 -0.834858
v 4.488945 1.370265 -0.897014
v 4.501377 1.367779 -0.897014
v 4.476515 1.372751 -0.834858
v 4.474028 1.372751 -0.897014
v 4.488945 1.370265 -0.897014
v 4.474028 1.372751 -0.897014
v 4.461597 1.372751 -0.834858
v 4.459110 1.372751 -0.897014
v 4.459110 1.372751 -0.897014
v 4.446680 1.370265 -0.834858
v 4.444193 1.370265 -0.897014
v 4.444193 1.370265 -0.897014
v 4.431761 1.367779 -0.834858
v 4.429276 1.367779 -0.897014
v 4.429276 1.367779 -0.897014
v 4.416843 1.362805 -0.834858
v 4.416843 1.362805 -0.897014
v 4.516294 1.362805 -0.772701
v 4.506350 1.367779 -0.834858
v 4.518782 1.360319 -0.834858
v 4.528727 1.355346 -0.772701
v 4.516294 1.362805 -0.772701
v 4.518782 1.360319 -0.834858
v 4.501377 1.367779 -0.772701
v 4.491432 1.370265 -0.834858
v 4.506350 1.367779 -0.834858
v 4.516294 1.362805 -0.772701
v 4.501377 1.367779 -0.772701
v 4.506350 1.367779 -0.834858
v 4.488945 1.370265 -0.772701
v 4.476515 1.372751 -0.834858
v 4.491432 1.370265 -0.834858
v 4.501377 1.367779 -0.772701
v 4.488945 1.370265 -0.772701
v 4.491432 1.370265 -0.834858
v 4.474028 1.372751 -0.772701
v 4.461597 1.372751 -0.834858
v 4.476515 1.372751 -0.834858
v 4.488945 1.370265 -0.772701
v 4.474028 1.372751 -0.772701
v 4.476515 1.372751 -0.834858
v 4.461597 1.372751 -0.834858
v 4.459110 1.372751 -0.772701
v 4.446680 1.370265 -0.834858
v 4.474028 1.372751 -0.772701
v 4.459110 1.372751 -0.772701
v 4.461597 1.372751 -0.834858
v 4.446680 1.370265 -0.834858
v 4.444193 1.370265 -0.772701
v 4.431761 1.367779 -0.834858
v 4.459110 1.372751 -0.772701
v 4.444193 1.370265 -0.772701
v 4.446680 1.370265 -0.834858
v 4.431761 1.367779 -0.834858
v 4.429276 1.367779 -0.772701
v 4.416843 1.362805 -0.834858
v 4.444193 1.370265 -0.772701
v 4.429276 1.367779 -0.772701
v 4.431761 1.367779 -0.834858
v 4.416843 1.362805 -0.834858
v 4.416843 1.362805 -0.772701
v 4.404413 1.355346 -0.772701
v 4.429276 1.367779 -0.772701
v 4.416843 1.362805 -0.772701
v 4.416843 1.362805 -0.834858
v 4.404413 1.355346 -0.772701
v 4.391981 1.347888 -0.772701
v 4.391981 1.347888 -0.897014
v 4.416843 1.362805 -0.897014
v 4.404413 1.355346 -0.772701
v 4.404413 1.355346 -0.897014
v 4.404413 1.355346 -0.897014
v 4.404413 1.355346 -0.772701
v 4.391981 1.347888 -0.897014
v 4.416843 1.362805 -0.834858
v 4.404413 1.355346 -0.772701
v 4.416843 1.362805 -0.897014
v 4.431761 1.367779 -0.834858
v 4.416843 1.362805 -0.834858
v 4.429276 1.367779 -0.897014
v 4.446680 1.370265 -0.834858
v 4.431761 1.367779 -0.834858
v 4.444193 1.370265 -0.897014
v 4.461597 1.372751 -0.834858
v 4.446680 1.370265 -0.834858
v 4.459110 1.372751 -0.897014
v 4.476515 1.372751 -0.834858
v 4.461597 1.372751 -0.834858
v 4.474028 1.372751 -0.897014
v 4.491432 1.370265 -0.834858
v 4.476515 1.372751 -0.834858
v 4.488945 1.370265 -0.897014
v 4.506350 1.367779 -0.834858
v 4.491432 1.370265 -0.834858
v 4.501377 1.367779 -0.897014
v 4.518782 1.360319 -0.834858
v 4.506350 1.367779 -0.834858
v 4.516294 1.362805 -0.897014
v 4.533699 1.352860 -0.834858
v 4.518782 1.360319 -0.834858
v 4.528727 1.355346 -0.897014
v 4.546129 1.345402 -0.834858
v 4.533699 1.352860 -0.834858
v 4.541157 1.347888 -0.897014
v 4.556074 1.335457 -0.834858
v 4.546129 1.345402 -0.834858
v 4.553589 1.340429 -0.897014
v 4.566019 1.323025 -0.834858
v 4.556074 1.335457 -0.834858
v 4.563534 1.327998 -0.897014
v 4.575964 1.310594 -0.834858
v 4.566019 1.323025 -0.834858
v 4.570992 1.318053 -0.897014
v 4.580936 1.298163 -0.834858
v 4.575964 1.310594 -0.834858
v 4.578451 1.303136 -0.897014
v 4.585911 1.283245 -0.834858
v 4.580936 1.298163 -0.834858
v 4.583424 1.290704 -0.897014
v 4.590883 1.268327 -0.834858
v 4.585911 1.283245 -0.834858
v 4.588396 1.275786 -0.897014
v 4.590883 1.253410 -0.834858
v 4.590883 1.268327 -0.834858
v 4.590883 1.263355 -0.897014
v 4.590883 1.248438 -0.772701
v 4.590883 1.253410 -0.834858
v 4.590883 1.248438 -0.897014
v 4.391981 1.347888 -0.897014
v 2.880335 0.199235 -0.772701
v 2.880335 0.199235 -0.897014
v 4.391981 1.347888 -0.772701
v 2.880335 0.199235 -0.772701
v 4.391981 1.347888 -0.897014
v 20.366211 2.019179 -0.772701
v 20.366211 -1.981216 -0.772701
v 20.366211 2.019179 -0.897014
v 20.366211 2.019179 -0.897014
v 20.366211 -1.981216 -0.772701
v 20.366211 -1.981216 -0.897014
v 9.287430 2.019179 -0.772701
v 20.366211 2.019179 -0.772701
v 9.287430 2.019179 -0.897014
v 20.366211 2.019179 -0.772701
v 20.366211 2.019179 -0.897014
v 9.287430 2.019179 -0.897014
v 9.287430 -1.981216 -0.772701
v 9.287430 2.019179 -0.772701
v 9.287430 -1.981216 -0.897014
v 9.287430 2.019179 -0.772701
v 9.287430 2.019179 -0.897014
v 9.287430 -1.981216 -0.897014
v 20.366211 -1.981216 -0.772701
v 9.287430 -1.981216 -0.772701
v 20.366211 -1.981216 -0.897014
v 20.366211 -1.981216 -0.897014
v 9.287430 -1.981216 -0.772701
v 9.287430 -1.981216 -0.897014
v 9.287430 2.019710 -0.897498
v 20.366211 2.019710 -0.897498
v 9.287430 -1.980684 -0.897498
v 20.366211 2.019710 -0.897498
v 20.366211 -1.980684 -0.897498
v 9.287430 -1.980684 -0.897498
v 20.366211 -1.980684 -0.773185
v 9.287430 2.019710 -0.773185
v 9.287430 -1.980684 -0.773185
v 20.366211 2.019710 -0.773185
v 9.287430 2.019710 -0.773185
v 20.366211 -1.980684 -0.773185
vn -0.0000 1.0000 -0.0000
vn -0.0003 1.0000 -0.0000
vn 0.4507 0.2953 0.8424
vn -0.0001 1.0000 0.0020
vn 0.4508 0.2953 0.8424
vn -1.0000 -0.0000 -0.0000
vn -0.0000 -0.0000 -0.0000
vn -0.0020 1.0000 -0.0000
vn -0.6619 0.7238 -0.1949
vn -0.6461 0.7488 -0.1479
vn -0.6740 0.6962 -0.2468
vn 0.5585 -0.8264 -0.0712
vn 0.5394 -0.8352 -0.1073
vn 0.5233 -0.8409 -0.1381
vn 0.0925 -0.0608 -0.9939
vn -0.0000 -0.0000 -1.0000
vn 0.8098 -0.5667 -0.1521
vn 0.6602 -0.2432 0.7107
vn 0.6796 -0.3398 0.6501
vn 0.6937 -0.3865 0.6078
vn -0.3722 0.8475 0.3784
vn -0.3538 0.8452 0.4007
vn -0.3897 0.8509 0.3523
vn -0.1830 -0.5103 -0.8403
vn -0.2174 -0.4713 -0.8548
vn -0.1176 -0.5765 -0.8086
vn -0.0572 0.7777 -0.6261
vn -0.0000 -0.0000 1.0000
vn -0.3803 -0.2807 -0.8813
vn -0.4330 -0.2047 -0.8779
vn -0.3364 -0.3303 -0.8819
vn 0.2680 -0.8225 -0.5016
vn 0.2419 -0.8126 -0.5303
vn 0.2158 -0.8014 -0.5578
vn 0.6262 -0.7748 0.0873
vn 0.6089 -0.7922 0.0395
vn 0.5907 -0.8069 -0.0000
vn 0.0116 -0.3800 -0.9249
vn 0.0822 -0.9799 0.1820
vn 0.0870 0.6005 0.7949
vn 0.1361 0.5564 0.8197
vn 0.1958 0.5001 0.8435
vn -0.5173 0.8424 0.1508
vn -0.4997 0.8468 0.1826
vn -0.5338 0.8371 0.1196
vn 0.5908 -0.8068 -0.0000
vn 0.5786 -0.8151 -0.0278
vn 0.5233 -0.8409 -0.1382
vn 0.5086 -0.8448 -0.1665
vn 0.4930 -0.8478 -0.1954
vn 0.4757 -0.8514 -0.2211
vn 0.4584 -0.8527 -0.2505
vn 0.4012 -0.8522 -0.3359
vn 0.3809 -0.8494 -0.3654
vn 0.3659 -0.8475 -0.3846
vn 0.4208 -0.8539 -0.3063
vn 0.4432 -0.8526 -0.2770
vn 0.3382 -0.8424 -0.4196
vn 0.3163 -0.8363 -0.4479
vn 0.3163 -0.8363 -0.4478
vn 0.2941 -0.8291 -0.4755
vn 0.2680 -0.8226 -0.5016
vn 0.2157 -0.8014 -0.5579
vn 0.1896 -0.7892 -0.5842
vn 0.1573 -0.7712 -0.6169
vn 0.1572 -0.7711 -0.6169
vn 0.1158 -0.7482 -0.6533
vn 0.0755 -0.7237 -0.6860
vn 0.0340 -0.6967 -0.7166
vn -0.0196 -0.6548 -0.7555
vn -0.1641 0.5956 -0.7863
vn -0.2146 0.8436 0.4922
vn -0.2366 -0.4550 -0.8585
vn -0.3015 -0.3807 -0.8742
vn -0.2175 -0.4711 -0.8548
vn -0.3016 -0.3808 -0.8741
vn -0.3364 -0.3304 -0.8819
vn -0.2175 -0.4712 -0.8548
vn -0.3016 -0.3807 -0.8741
vn -0.3803 -0.2806 -0.8813
vn -0.4331 -0.2047 -0.8778
vn -0.4453 -0.1728 -0.8786
vn -0.3365 -0.3303 -0.8818
vn -0.4271 0.7608 -0.4887
vn -0.3822 0.7543 0.5339
vn -0.6118 0.1247 -0.7811
vn -0.6465 0.2185 -0.7309
vn -0.5547 0.0027 -0.8320
vn -0.4862 -0.1179 -0.8659
vn -0.4452 -0.1728 -0.8786
vn -0.6713 0.3001 -0.6777
vn -0.6878 0.3686 -0.6253
vn -0.6465 0.2186 -0.7309
vn -0.6999 0.4434 -0.5600
vn -0.7021 0.5216 -0.4848
vn -0.7000 0.5838 -0.4114
vn -0.6955 0.6233 -0.3576
vn -0.7021 0.5215 -0.4848
vn -0.6850 0.6623 -0.3037
vn -0.6955 0.6233 -0.3575
vn -0.6349 0.7648 -0.1092
vn -0.6135 0.7876 -0.0570
vn -0.5986 0.8009 -0.0166
vn -0.5824 0.8126 0.0222
vn -0.6135 0.7876 -0.0571
vn -0.5460 0.8320 0.0982
vn -0.5675 0.8216 0.0537
vn -0.4853 0.8500 0.2049
vn -0.4658 0.8525 0.2374
vn -0.4997 0.8468 0.1825
vn -0.4453 0.8537 0.2702
vn -0.4295 0.8529 0.2966
vn -0.4658 0.8524 0.2374
vn -0.4096 0.8533 0.3227
vn -0.3897 0.8509 0.3522
vn -0.4296 0.8529 0.2967
vn -0.3289 0.8396 0.4323
vn -0.3069 0.8330 0.4603
vn -0.3537 0.8452 0.4007
vn -0.2875 0.8281 0.4813
vn -0.2616 0.8190 0.5107
vn -0.3069 0.8330 0.4604
vn -0.2355 0.8087 0.5391
vn -0.2027 0.7954 0.5712
vn -0.2026 0.7954 0.5713
vn -0.1702 0.7780 0.6048
vn -0.1316 0.7568 0.6402
vn 0.0454 -0.7700 0.6364
vn 0.0870 -0.7949 0.6005
vn 0.2586 0.4321 0.8640
vn 0.3339 0.3370 0.8803
vn 0.3989 0.2520 0.8817
vn 0.4500 0.2918 0.8440
vn 0.4483 0.5594 0.6972
vn 0.5108 0.1334 0.8493
vn 0.2112 0.9596 -0.1857
vn 0.5792 -0.0508 0.8136
vn 0.6212 -0.1507 0.7690
vn 0.6602 -0.2431 0.7107
vn 0.6212 -0.1508 0.7690
vn 0.6516 -0.2361 0.7209
vn 0.6601 -0.2432 0.7107
vn 0.6937 -0.3866 0.6077
vn 0.6946 -0.4188 0.5849
vn 0.7052 -0.5113 0.4912
vn 0.6795 -0.3398 0.6502
vn 0.6946 -0.4187 0.5850
vn 0.6937 -0.3864 0.6078
vn 0.6796 -0.3398 0.6502
vn 0.6946 -0.4187 0.5849
vn 0.7019 -0.4780 0.5281
vn 0.7051 -0.5113 0.4912
vn 0.7034 -0.5501 0.4501
vn 0.7051 -0.5113 0.4913
vn 0.7034 -0.5501 0.4500
vn 0.7026 -0.5833 0.4076
vn 0.6988 -0.6066 0.3791
vn 0.6805 -0.6805 0.2716
vn 0.6661 -0.7130 0.2190
vn 0.6507 -0.7420 0.1613
vn 0.6507 -0.7420 0.1612
vn 0.6386 -0.7603 0.1188
vn 0.6262 -0.7747 0.0874
vn -0.0605 0.7144 0.6971
vn -0.0111 0.6801 0.7330
vn -0.1064 0.7419 0.6621
vn -0.0000 -1.0000 -0.0000
vn -0.0000 -1.0000 0.0020
vn 0.4333 -0.3543 0.8287
vn -0.0000 -1.0000 -0.0020
vn -0.6461 -0.7488 -0.1480
vn -0.6640 -0.7200 -0.2017
vn -0.6740 -0.6962 -0.2468
vn 0.5438 0.8331 -0.1012
vn 0.5585 0.8264 -0.0712
vn 0.5280 0.8389 -0.1320
vn 0.6973 0.6014 0.3900
vn 0.7037 0.5469 0.4536
vn 0.7004 0.5979 0.3899
vn 0.6796 0.3398 0.6501
vn 0.6602 0.2433 0.7106
vn 0.6937 0.3865 0.6077
vn 0.6805 0.6806 0.2715
vn 0.6796 0.6829 0.2679
vn 0.6895 0.6472 0.3251
vn 0.6895 0.6472 0.3253
vn 0.7003 0.5979 0.3899
vn 0.6542 0.7367 0.1712
vn 0.6681 0.7089 0.2259
vn 0.6682 0.7089 0.2259
vn 0.6682 0.7089 0.2258
vn 0.6797 0.6828 0.2680
vn 0.6806 0.6805 0.2715
vn -0.3506 -0.8450 0.4038
vn -0.3722 -0.8475 0.3784
vn -0.3897 -0.8509 0.3523
vn -0.2174 0.4713 -0.8548
vn -0.1643 0.5320 -0.8307
vn -0.1084 0.5828 -0.8053
vn -0.0572 0.7777 0.6261
vn -0.4330 0.2047 -0.8779
vn -0.3692 0.2966 -0.8807
vn -0.3364 0.3303 -0.8819
vn 0.2419 0.8126 -0.5303
vn 0.2680 0.8226 -0.5016
vn 0.2158 0.8014 -0.5578
vn 0.6090 0.7922 0.0395
vn 0.6237 0.7774 0.0812
vn 0.5903 0.8072 -0.0055
vn 0.6895 0.6472 0.3252
vn 0.7003 0.5980 0.3898
vn 0.1454 -0.5460 0.8250
vn 0.0961 -0.5911 0.8008
vn 0.2052 -0.4888 0.8479
vn -0.0971 -0.7382 0.6675
vn -0.1253 -0.7546 0.6442
vn -0.1702 -0.7780 0.6047
vn -0.5022 -0.8459 0.1794
vn -0.5149 -0.8433 0.1539
vn -0.5315 -0.8381 0.1227
vn -0.5675 -0.8216 0.0536
vn -0.5842 -0.8113 0.0194
vn -0.5908 -0.8068 -0.0000
vn 0.5761 0.8166 -0.0363
vn 0.5086 0.8447 -0.1666
vn 0.4930 0.8478 -0.1954
vn 0.4783 0.8507 -0.2180
vn 0.4931 0.8478 -0.1954
vn 0.4585 0.8527 -0.2506
vn 0.4432 0.8526 -0.2770
vn 0.4584 0.8527 -0.2506
vn 0.4185 0.8525 -0.3131
vn 0.3809 0.8494 -0.3653
vn 0.4012 0.8522 -0.3359
vn 0.3595 0.8474 -0.3908
vn 0.3382 0.8423 -0.4197
vn 0.3595 0.8473 -0.3908
vn 0.3163 0.8363 -0.4479
vn 0.2941 0.8291 -0.4755
vn 0.3163 0.8363 -0.4478
vn 0.2679 0.8226 -0.5016
vn 0.1896 0.7891 -0.5842
vn 0.2157 0.8014 -0.5579
vn 0.1573 0.7712 -0.6169
vn 0.1126 0.7470 -0.6552
vn 0.1573 0.7711 -0.6170
vn 0.0695 0.7211 -0.6893
vn 0.0369 0.6980 -0.7151
vn -0.0111 0.6626 -0.7489
vn -0.2273 0.4668 -0.8547
vn -0.1643 0.5319 -0.8307
vn -0.2175 0.4712 -0.8548
vn -0.2890 0.3924 -0.8732
vn -0.2273 0.4667 -0.8547
vn -0.2174 0.4712 -0.8548
vn -0.3364 0.3304 -0.8819
vn -0.2890 0.3925 -0.8732
vn -0.3693 0.2966 -0.8807
vn -0.4452 0.1728 -0.8786
vn -0.4331 0.2046 -0.8778
vn 0.6694 0.6622 0.3368
vn 0.6924 0.6998 -0.1754
vn -0.6424 -0.2047 -0.7386
vn -0.5952 -0.0899 -0.7985
vn -0.5547 -0.0026 -0.8320
vn -0.5547 -0.0027 -0.8321
vn -0.4978 0.1030 -0.8612
vn -0.4487 0.1730 -0.8768
vn -0.6900 -0.3830 -0.6141
vn -0.6713 -0.3001 -0.6777
vn -0.6423 -0.2048 -0.7385
vn -0.7021 -0.5216 -0.4848
vn -0.7007 -0.4538 -0.5506
vn -0.6900 -0.3831 -0.6141
vn -0.6972 -0.6150 -0.3683
vn -0.7011 -0.5748 -0.4220
vn -0.6740 -0.6963 -0.2468
vn -0.6849 -0.6623 -0.3037
vn -0.6972 -0.6151 -0.3683
vn -0.6148 -0.7864 -0.0600
vn -0.6299 -0.7706 -0.0967
vn -0.6461 -0.7488 -0.1479
vn -0.5999 -0.7998 -0.0194
vn -0.5843 -0.8113 0.0193
vn -0.5999 -0.7998 -0.0195
vn -0.5908 -0.8068 -0.0001
vn -0.5315 -0.8381 0.1226
vn -0.5460 -0.8320 0.0982
vn -0.5655 -0.8228 0.0565
vn -0.4658 -0.8525 0.2374
vn -0.4836 -0.8493 0.2116
vn -0.5021 -0.8460 0.1794
vn -0.4317 -0.8542 0.2898
vn -0.4509 -0.8527 0.2638
vn -0.4658 -0.8524 0.2374
vn -0.3897 -0.8509 0.3522
vn -0.4096 -0.8533 0.3227
vn -0.4317 -0.8542 0.2899
vn -0.3066 -0.8351 0.4567
vn -0.3290 -0.8395 0.4324
vn -0.2549 -0.8177 0.5161
vn -0.2812 -0.8248 0.4905
vn -0.3065 -0.8352 0.4567
vn -0.1995 -0.7920 0.5770
vn -0.2288 -0.8071 0.5442
vn 0.0367 -0.6417 0.7660
vn -0.0196 -0.6871 0.7263
vn 0.0961 -0.5912 0.8008
vn 0.2678 -0.4199 0.8672
vn 0.3344 -0.3406 0.8787
vn 0.3989 -0.2520 0.8817
vn 0.3345 -0.3406 0.8787
vn 0.5264 -0.0560 0.8484
vn 0.6154 0.1344 0.7766
vn 0.5792 0.0509 0.8136
vn 0.6601 0.2433 0.7107
vn 0.6516 0.2361 0.7209
vn 0.6153 0.1344 0.7767
vn 0.6601 0.2432 0.7107
vn 0.6957 0.4294 0.5759
vn 0.6937 0.3865 0.6078
vn 0.7052 0.5047 0.4980
vn 0.6957 0.4294 0.5758
vn -0.3321 -0.8512 0.4064
vn -0.3414 -0.9113 -0.2302
vn 0.7022 0.4882 0.5183
vn 0.7036 0.5470 0.4535
vn 0.7052 0.5048 0.4979
vn 0.6374 0.7618 0.1156
vn -0.0605 -0.7144 0.6971
vn -0.0970 -0.7382 0.6676
vn 0.0020 -0.0000 -1.0000
vn 0.0039 -0.0000 -1.0000
vn 1.0000 -0.0000 -0.0000
vn 0.0038 0.0001 -1.0000
vn 0.0036 -0.0000 -1.0000
vn 0.0003 1.0000 -0.0000
vn -0.2145 -0.0000 -0.9767
vn -0.2732 -0.0000 -0.9620
vn -0.1878 -0.0000 -0.9822
vn -0.2702 -0.0000 -0.9628
vn -0.2172 -0.0000 -0.9761
vn -0.1877 -0.0000 -0.9822
vn -0.1198 -0.0000 -0.9928
vn -0.1222 -0.0000 -0.9925
vn 0.1198 -0.0000 -0.9928
vn 0.2227 -0.0000 -0.9749
vn 0.2560 -0.0000 -0.9667
vn 0.3530 -0.0000 -0.9356
vn 0.2226 -0.0000 -0.9749
vn 0.4494 -0.0000 -0.8933
vn 0.4810 -0.0000 -0.8767
vn 0.3532 -0.0000 -0.9356
vn 0.5691 -0.0000 -0.8223
vn 0.6483 -0.0000 -0.7614
vn 0.6775 -0.0000 -0.7355
vn 0.7614 -0.0000 -0.6483
vn 0.7355 -0.0000 -0.6775
vn 0.8223 -0.0000 -0.5691
vn 0.8853 -0.0000 -0.4650
vn 0.8223 -0.0000 -0.5690
vn 0.9903 -0.0000 -0.1392
vn 0.9947 -0.0000 -0.1031
vn 0.9928 -0.0000 0.1197
vn 0.9928 -0.0000 0.1198
vn 0.9710 -0.0000 0.2392
vn 0.9412 -0.0000 0.3380
vn 0.9710 -0.0000 0.2393
vn 0.9285 -0.0000 0.3713
vn 0.9412 -0.0000 0.3378
vn 0.9710 -0.0000 0.2391
vn 0.8852 -0.0000 0.4652
vn 0.9284 -0.0000 0.3715
vn 0.8328 -0.0000 0.5535
vn 0.8135 -0.0000 0.5815
vn 0.6631 -0.0000 0.7486
vn 0.7487 -0.0000 0.6629
vn 0.7486 -0.0000 0.6630
vn 0.6630 -0.0000 0.7486
vn 0.1198 -0.0000 0.9928
vn 0.2392 -0.0000 0.9710
vn -0.0666 -0.0000 0.9978
vn -0.0179 -0.0000 0.9998
vn -0.1221 -0.0000 0.9925
vn 0.0179 -0.0000 0.9998
vn 0.1197 -0.0000 0.9928
vn -0.1197 -0.0000 0.9928
vn -0.2336 -0.0000 0.9723
vn -0.2037 -0.0000 0.9790
vn 0.0535 -0.0000 0.9986
vn -0.1877 -0.0000 0.9822
vn -0.1878 -0.0000 0.9822
vn -0.1222 -0.0000 0.9925
vn -0.2731 -0.0000 0.9620
vn 0.3530 -0.0000 0.9356
vn 0.4651 -0.0000 0.8853
vn -0.2337 -0.0000 0.9723
vn -0.2703 -0.0000 0.9628
vn -0.1198 -0.0000 0.9928
vn 0.1747 -0.0000 0.9846
vn -0.2702 -0.0000 0.9628
vn 0.2934 -0.0000 0.9560
vn 0.5126 -0.0000 0.8586
vn 0.5815 -0.0000 0.8136
vn 0.6122 -0.0000 0.7907
vn 0.5815 -0.0000 0.8135
vn 0.7029 -0.0000 0.7113
vn 0.7030 -0.0000 0.7112
vn 0.7487 -0.0000 0.6630
vn 0.7859 -0.0000 0.6183
vn 0.5535 -0.0000 0.8329
vn 0.8329 -0.0000 0.5535
vn 0.8549 -0.0000 0.5189
vn 0.8549 -0.0000 0.5188
vn 0.8329 -0.0000 0.5534
vn 0.8853 -0.0000 0.4650
vn 0.8548 -0.0000 0.5189
vn 0.9113 -0.0000 0.4118
vn 0.8853 -0.0000 0.4651
vn 0.9113 -0.0000 0.4116
vn 0.9114 -0.0000 0.4115
vn 0.9542 -0.0000 0.2992
vn 0.9285 -0.0000 0.3714
vn 0.9412 -0.0000 0.3379
vn 0.9542 -0.0000 0.2993
vn 0.9832 -0.0000 0.1825
vn 0.9981 -0.0000 0.0623
vn 0.9981 -0.0000 0.0622
vn 0.9981 -0.0000 -0.0622
vn 0.9542 -0.0000 -0.2992
vn 0.9345 -0.0000 -0.3560
vn 0.9114 -0.0000 -0.4115
vn 0.9345 -0.0000 -0.3561
vn 0.8853 -0.0000 -0.4651
vn 0.9113 -0.0000 -0.4116
vn 0.9113 -0.0000 -0.4118
vn 0.8852 -0.0000 -0.4652
vn 0.8548 -0.0000 -0.5189
vn 0.8549 -0.0000 -0.5188
vn 0.8549 -0.0000 -0.5189
vn 0.7859 -0.0000 -0.6183
vn 0.7859 -0.0000 -0.6184
vn 0.7029 -0.0000 -0.7113
vn 0.8222 -0.0000 -0.5691
vn 0.7030 -0.0000 -0.7112
vn 0.7615 -0.0000 -0.6482
vn 0.6122 -0.0000 -0.7907
vn 0.6123 -0.0000 -0.7907
vn 0.5126 -0.0000 -0.8586
vn 0.7356 -0.0000 -0.6774
vn 0.6484 -0.0000 -0.7613
vn 0.5125 -0.0000 -0.8587
vn 0.5690 -0.0000 -0.8223
vn 0.4493 -0.0000 -0.8934
vn 0.4054 -0.0000 -0.9141
vn 0.3531 0.0001 -0.9356
vn 0.3531 -0.0000 -0.9356
vn 0.2934 -0.0000 -0.9560
vn 0.1747 -0.0000 -0.9846
vn -0.2731 -0.0000 -0.9620
vn -0.2144 -0.0000 -0.9767
vn -0.2171 -0.0000 -0.9761
vn -0.1197 -0.0000 -0.9928
vn -0.0666 -0.0000 -0.9978
vn -0.1221 -0.0000 -0.9925
vn 0.0535 -0.0000 -0.9986
vn 0.1197 -0.0000 -0.9928
vn 0.1746 -0.0000 -0.9846
vn 0.1748 -0.0000 -0.9846
vn 0.1198 -0.0001 -0.9928
vn 0.4055 -0.0000 -0.9141
vn 0.3532 -0.0001 -0.9356
vn 0.4809 -0.0000 -0.8768
vn 0.4808 -0.0000 -0.8768
vn 0.5691 0.0001 -0.8223
vn 0.7860 -0.0000 -0.6182
vn 0.9947 -0.0000 -0.1032
vn 0.9832 -0.0000 -0.1825
vn 0.9749 -0.0000 -0.2226
vn 0.9981 -0.0000 -0.0623
vn 0.9903 -0.0000 -0.1393
vn 0.9749 -0.0000 -0.2227
vn 0.9114 -0.0000 0.4116
vn 0.9667 -0.0000 -0.2560
vn 0.9667 -0.0000 -0.2561
vn 0.9344 -0.0000 -0.3561
vn 0.8136 -0.0000 0.5815
vn 0.7860 -0.0000 0.6182
vn 0.1746 -0.0000 0.9846
vn 0.3531 -0.0000 0.9356
vn 0.4055 -0.0000 0.9141
vn 0.4652 -0.0000 0.8852
vn 0.4054 -0.0000 0.9141
vn 0.5534 -0.0000 0.8329
vn 0.4651 -0.0000 0.8852
vn 0.3532 -0.0000 0.9356
vn -0.2036 -0.0000 0.9790
vn 0.5125 -0.0000 0.8587
vn 0.6630 -0.0000 0.7487
vn 0.9903 0.0001 -0.1392
vn 0.9903 0.0001 -0.1393
vn 0.9542 -0.0000 -0.2993
vn 0.9344 -0.0000 -0.3562
vn 0.9114 -0.0000 -0.4116
vn 0.0003 -1.0000 -0.0000
vn -0.0003 -1.0000 -0.0001
vn 0.0003 -1.0000 0.0001
vn 0.1495 0.9600 -0.2367
vn 0.1788 0.9554 -0.2349
vn 0.2141 0.9488 -0.2325
vn -0.0000 1.0000 0.0001
vn -0.0000 1.0000 -0.0001
vn -0.0000 1.0000 -0.0002
vn -0.9841 -0.0022 0.1777
vn -0.9928 0.0022 0.1200
vn -0.9982 -0.0020 0.0602
vn -0.9982 -0.0021 0.0602
vn -1.0000 0.0020 -0.0000
vn -0.9982 -0.0021 -0.0602
vn -0.9982 -0.0020 -0.0602
vn -0.9928 0.0022 -0.1200
vn -0.9841 -0.0022 -0.1777
vn -0.9841 -0.0023 -0.1776
vn -0.9715 0.0024 -0.2369
vn -0.9558 -0.0025 -0.2941
vn -0.9353 0.0025 -0.3539
vn -0.9137 -0.0026 -0.4063
vn -0.9137 -0.0026 -0.4065
vn -0.8863 0.0027 -0.4631
vn -0.8579 -0.0027 -0.5138
vn -0.8580 -0.0027 -0.5137
vn -0.8236 0.0027 -0.5672
vn -0.7897 -0.0028 -0.6135
vn -0.7500 0.0027 -0.6614
vn -0.7099 -0.0028 -0.7043
vn -0.6644 0.0028 -0.7474
vn -0.6227 -0.0028 -0.7824
vn -0.6227 -0.0027 -0.7825
vn -0.5703 0.0027 -0.8214
vn -0.5232 -0.0027 -0.8522
vn -0.4693 0.0027 -0.8830
vn -0.4157 -0.0026 -0.9095
vn -0.4158 -0.0026 -0.9095
vn -0.3570 0.0025 -0.9341
vn -0.2818 -0.0000 -0.9595
vn -0.1393 -0.0000 -0.9903
vn 0.2391 -0.0000 -0.9710
vn 0.4462 -0.0000 -0.8950
vn 0.6482 -0.0000 -0.7614
vn 0.6776 -0.0000 -0.7355
vn 0.7487 -0.0000 -0.6629
vn 0.8114 -0.0000 -0.5845
vn 0.8330 -0.0000 -0.5533
vn 0.8329 -0.0000 -0.5534
vn 0.9949 -0.0000 -0.1007
vn 0.9998 -0.0000 -0.0179
vn 0.9998 -0.0000 0.0199
vn 0.9709 -0.0000 0.2394
vn 0.9344 -0.0000 0.3562
vn 0.8852 0.0001 0.4652
vn 0.8113 -0.0000 0.5847
vn 0.8328 -0.0000 0.5536
vn 0.8852 -0.0001 0.4652
vn 0.8114 -0.0000 0.5845
vn 0.8330 -0.0000 0.5533
vn 0.6631 -0.0000 0.7485
vn 0.5503 -0.0000 0.8350
vn -0.0199 -0.0000 0.9998
vn -0.2145 -0.0000 0.9767
vn -0.2146 -0.0000 0.9767
vn -0.2732 -0.0000 0.9620
vn 0.4461 -0.0000 0.8950
vn 0.4809 -0.0000 0.8768
vn 0.4464 -0.0000 0.8949
vn 0.3715 -0.0000 0.9284
vn 0.4810 -0.0000 0.8767
vn -0.2172 -0.0000 0.9761
vn -0.2144 -0.0000 0.9767
vn -0.2171 -0.0000 0.9761
vn 0.7486 -0.0000 -0.6630
vn 0.8113 -0.0000 -0.5846
vn 0.7486 -0.0000 -0.6631
vn 0.6774 -0.0000 -0.7356
vn 0.8113 -0.0000 -0.5847
vn 0.8328 -0.0000 -0.5535
vn 0.3560 -0.0000 -0.9345
vn 0.4461 -0.0000 -0.8950
vn 0.3561 -0.0000 -0.9345
vn -0.1008 -0.0000 -0.9949
vn -0.2817 -0.0000 -0.9595
vn -0.3569 0.0025 -0.9341
vn -0.4158 -0.0026 -0.9094
vn -0.4694 0.0027 -0.8830
vn -0.4693 0.0026 -0.8830
vn -0.6226 -0.0027 -0.7825
vn -0.6643 0.0028 -0.7475
vn -0.7099 -0.0027 -0.7043
vn -0.7500 0.0028 -0.6614
vn -0.7896 -0.0028 -0.6136
vn -0.8235 0.0027 -0.5673
vn -0.7499 0.0027 -0.6615
vn -0.8864 0.0026 -0.4630
vn -0.8235 0.0027 -0.5672
vn -0.9558 -0.0024 -0.2940
vn -0.9353 0.0025 -0.3538
vn -0.9841 -0.0023 -0.1777
vn -0.9928 0.0021 0.1201
vn -1.0000 0.0020 0.0001
vn -0.9841 -0.0023 0.1777
vn -0.9715 0.0024 0.2369
vn -0.9558 -0.0024 0.2940
vn -0.9558 -0.0025 0.2941
vn -0.9353 0.0024 0.3538
vn -0.9715 0.0023 0.2369
vn 0.3349 -0.0000 0.9423
vn 0.8113 -0.0000 0.5846
vn 0.9345 -0.0000 0.3560
vn 0.7486 -0.0000 0.6631
vn 0.6629 -0.0000 0.7487
vn -0.9137 -0.0026 0.4063
vn -0.8864 0.0026 0.4630
vn -0.9353 0.0025 0.3539
vn -0.8580 -0.0027 0.5137
vn -0.8236 0.0028 0.5672
vn -0.8863 0.0027 0.4630
vn -0.8579 -0.0027 0.5138
vn -0.8863 0.0027 0.4631
vn -0.9137 -0.0026 0.4065
vn -0.7896 -0.0027 0.6136
vn -0.7499 0.0028 0.6615
vn -0.8235 0.0027 0.5673
vn -0.7897 -0.0027 0.6135
vn -0.8236 0.0027 0.5672
vn -0.8579 -0.0027 0.5137
vn -0.7099 -0.0027 0.7043
vn -0.6644 0.0028 0.7474
vn -0.7500 0.0028 0.6614
vn -0.7099 -0.0028 0.7043
vn -0.7500 0.0027 0.6614
vn -0.7897 -0.0028 0.6135
vn -0.6226 -0.0028 0.7825
vn -0.5703 0.0027 0.8215
vn -0.6643 0.0027 0.7475
vn -0.6228 -0.0028 0.7824
vn -0.5232 -0.0027 0.8522
vn -0.4694 0.0026 0.8830
vn -0.5703 0.0027 0.8214
vn -0.6227 -0.0028 0.7825
vn -0.4157 -0.0026 0.9095
vn -0.3569 0.0025 0.9341
vn -0.4693 0.0027 0.8830
vn -0.5232 -0.0026 0.8522
vn -0.2817 -0.0000 0.9595
vn -0.2818 -0.0000 0.9595
vn -0.3570 0.0025 0.9341
vn -0.4158 -0.0026 0.9095
vn -0.1392 -0.0000 -0.9903
vn -0.0179 -0.0000 -0.9998
vn 0.2392 -0.0000 -0.9710
vn 0.4463 -0.0000 -0.8949
vn 0.3532 -0.0000 -0.9355
vn 0.8329 -0.0000 -0.5535
vn 0.9710 -0.0000 -0.2391
vn 0.9709 -0.0000 -0.2394
vn 0.9710 -0.0000 -0.2392
vn 0.9344 -0.0000 0.3561
vn 0.9345 -0.0000 0.3561
vn 0.2393 -0.0000 0.9710
vn 0.3714 -0.0000 0.9285
vn 0.4808 -0.0000 0.8768
vn 0.5814 -0.0000 0.8136
vn 0.0199 -0.0000 -0.9998
vn -0.1007 -0.0000 -0.9949
vn -0.0000 -1.0000 -0.0001
vn -0.5877 0.8091 -0.0000
vn -0.5877 -0.8091 -0.0000
vn 0.8491 -0.5283 -0.0000
vn 0.8869 -0.4619 -0.0000
vn 0.9041 -0.4273 -0.0000
vn 0.9344 -0.3561 -0.0000
vn 0.9474 -0.3200 -0.0000
vn 0.9474 -0.3199 -0.0000
vn 0.9689 -0.2476 -0.0000
vn 0.9779 -0.2091 -0.0000
vn 0.9779 -0.2090 -0.0000
vn 0.9909 -0.1343 -0.0000
vn 0.9954 -0.0962 -0.0000
vn 0.9954 -0.0961 -0.0000
vn 0.9998 -0.0200 -0.0000
vn 0.9998 0.0199 -0.0000
vn 0.9998 0.0200 -0.0000
vn 0.9954 0.0961 -0.0000
vn 0.9909 0.1343 -0.0000
vn 0.9779 0.2090 -0.0000
vn 0.9689 0.2476 -0.0000
vn 0.9474 0.3199 -0.0000
vn 0.9345 0.3561 -0.0000
vn 0.9344 0.3561 -0.0000
vn 0.9041 0.4273 -0.0000
vn 0.8869 0.4619 -0.0000
vn 0.8491 0.5283 -0.0000
vn 0.8287 0.5597 -0.0000
vn 0.7836 0.6213 -0.0000
vn 0.7589 0.6512 -0.0000
vn 0.7057 0.7085 -0.0000
vn 0.6775 0.7355 -0.0000
vn 0.6775 0.7356 -0.0000
vn 0.6061 0.7954 -0.0000
vn 0.7835 0.6214 -0.0000
vn 0.8490 0.5283 -0.0000
vn 0.9474 0.3200 -0.0000
vn 0.9779 0.2091 -0.0000
vn 0.9954 0.0962 -0.0000
vn 0.9998 -0.0199 -0.0000
vn 0.9689 -0.2475 -0.0000
vn 0.9345 -0.3561 -0.0000
vn 0.8287 -0.5597 -0.0000
vn 0.7836 -0.6213 -0.0000
vn 0.8490 -0.5283 -0.0000
vn 0.7589 -0.6512 -0.0000
vn 0.6917 -0.7222 -0.0000
vn 0.7835 -0.6214 -0.0000
vn 0.6062 -0.7953 -0.0000
vn -0.2876 0.9578 -0.0000
vn -0.3500 0.9367 -0.0000
vn -0.2337 0.9723 -0.0000
vn -0.1721 0.9851 -0.0000
vn -0.2336 0.9723 -0.0000
vn -0.1174 0.9931 -0.0000
vn -0.0536 0.9986 -0.0021
vn -0.1173 0.9931 -0.0000
vn 0.0020 1.0000 -0.0000
vn 0.1221 0.9925 -0.0000
vn 0.0644 0.9979 -0.0000
vn 0.2391 0.9710 -0.0000
vn 0.1803 0.9836 -0.0023
vn 0.1222 0.9925 -0.0000
vn 0.3530 0.9356 -0.0000
vn 0.2963 0.9551 -0.0000
vn 0.2392 0.9710 -0.0000
vn 0.4619 0.8869 -0.0000
vn 0.4064 0.9137 -0.0026
vn -0.3970 0.9178 -0.0026
vn -0.4588 0.8886 -0.0000
vn 0.1803 0.9836 -0.0000
vn 0.2964 0.9551 -0.0000
vn 0.3531 0.9356 -0.0000
vn 0.5105 0.8598 -0.0027
vn 0.4620 0.8869 -0.0000
vn 0.5441 0.8391 -0.0000
vn 0.5106 0.8598 -0.0027
vn 0.5105 0.8599 -0.0027
vn 0.5440 0.8391 -0.0000
vn 0.5105 0.8599 0.0027
vn 0.5105 0.8598 0.0027
vn 0.4064 0.9137 0.0026
vn 0.1803 0.9836 0.0023
vn 0.1802 0.9836 0.0023
vn -0.0536 0.9986 0.0021
vn -0.3970 0.9178 0.0026
vn -0.4587 0.8886 -0.0000
vn -0.5030 0.8643 -0.0000
vn -0.5597 0.8287 -0.0000
vn -0.6013 0.7990 0.0027
vn -0.5031 0.8643 -0.0000
vn -0.6542 0.7563 -0.0000
vn -0.6917 0.7222 -0.0000
vn -0.7408 0.6717 -0.0000
vn -0.7714 0.6364 -0.0000
vn -0.8158 0.5784 -0.0000
vn -0.8411 0.5409 -0.0000
vn -0.7714 0.6363 -0.0000
vn -0.8785 0.4778 -0.0000
vn -0.8996 0.4367 -0.0000
vn -0.9297 0.3683 -0.0000
vn -0.9444 0.3289 -0.0000
vn -0.9667 0.2560 -0.0000
vn -0.9789 0.2041 -0.0000
vn -0.4588 0.8885 -0.0000
vn -0.6013 0.7990 -0.0028
vn -0.6542 0.7564 -0.0000
vn -0.6013 0.7990 -0.0027
vn -0.8157 0.5784 -0.0000
vn -0.8785 0.4777 -0.0000
vn -0.9723 0.2337 -0.0000
vn -0.9928 0.1198 -0.0000
vn -0.9723 0.2336 -0.0000
vn -0.9928 0.1197 -0.0000
vn -0.9931 0.1174 -0.0000
vn -0.9790 0.2037 -0.0000
vn -0.9931 0.1173 -0.0000
vn -0.6918 0.7221 -0.0000
vn 0.5106 0.8598 0.0027
vn 0.5441 0.8390 -0.0000
vn -0.5890 -0.8082 -0.0027
vn -0.5346 -0.8451 -0.0000
vn -0.6334 -0.7739 -0.0000
vn -0.6803 -0.7329 -0.0000
vn -0.6334 -0.7738 -0.0000
vn -0.7194 -0.6946 -0.0000
vn -0.7614 -0.6483 -0.0000
vn -0.7195 -0.6945 -0.0000
vn -0.7977 -0.6031 -0.0000
vn -0.8329 -0.5534 -0.0000
vn -0.7977 -0.6030 -0.0000
vn -0.8643 -0.5030 -0.0000
vn -0.8928 -0.4504 -0.0026
vn -0.9182 -0.3961 -0.0000
vn -0.9398 -0.3417 -0.0025
vn -0.9182 -0.3960 -0.0000
vn -0.9586 -0.2847 -0.0000
vn -0.9735 -0.2286 -0.0024
vn -0.9855 -0.1696 -0.0000
vn -0.4904 -0.8715 -0.0000
vn -0.4305 -0.9026 -0.0000
vn -0.5889 -0.8082 -0.0027
vn -0.5890 -0.8081 -0.0027
vn -0.6804 -0.7329 -0.0000
vn -0.8329 -0.5535 -0.0000
vn -0.8929 -0.4503 -0.0026
vn -0.9735 -0.2287 -0.0024
vn -0.9398 -0.3418 -0.0025
vn -0.9936 -0.1128 -0.0022
vn -0.9855 -0.1695 -0.0000
vn -0.9973 -0.0733 -0.0000
vn -0.9936 -0.1128 0.0022
vn -0.9735 -0.2286 0.0024
vn -0.9936 -0.1129 0.0022
vn -0.9398 -0.3417 0.0025
vn -0.8929 -0.4503 0.0026
vn -0.8928 -0.4504 0.0026
vn -0.5890 -0.8081 0.0027
vn -0.5889 -0.8082 0.0027
vn -0.3838 -0.9234 -0.0000
vn -0.3199 -0.9474 -0.0000
vn -0.2709 -0.9626 0.0024
vn -0.3837 -0.9235 -0.0000
vn -0.2037 -0.9790 -0.0000
vn -0.1568 -0.9876 -0.0000
vn -0.0869 -0.9962 -0.0000
vn -0.0386 -0.9993 -0.0000
vn 0.0323 -0.9995 -0.0000
vn 0.0801 -0.9968 -0.0000
vn 0.1517 -0.9884 -0.0000
vn 0.1957 -0.9807 -0.0000
vn 0.2702 -0.9628 -0.0000
vn 0.3110 -0.9504 -0.0000
vn 0.3806 -0.9247 -0.0000
vn 0.4304 -0.9026 -0.0000
vn -0.3200 -0.9474 -0.0000
vn -0.2708 -0.9626 -0.0024
vn -0.2709 -0.9626 -0.0024
vn 0.2703 -0.9628 -0.0000
vn 0.3807 -0.9247 -0.0000
vn 0.4024 -0.9155 -0.0000
vn 0.5062 -0.8624 -0.0000
vn 0.4023 -0.9155 -0.0000
vn 0.6061 -0.7954 -0.0000
vn 0.4305 -0.9026 -0.0000
vn 0.5094 -0.8605 -0.0000
vn 0.5093 -0.8606 -0.0000
vn -0.2708 -0.9626 0.0024
vn -0.5890 -0.8082 0.0027
vn -0.9735 -0.2287 0.0024
vt 0.812454 0.615995
vt 0.812454 0.615751
vt 0.812454 0.614774
vt 0.812210 0.615995
vt 0.812210 0.616239
vt 0.812210 0.614530
vt 0.811966 0.616483
vt 0.812210 0.614286
vt 0.811722 0.616728
vt 0.811966 0.614041
vt 0.811722 0.614041
vt 0.811477 0.616972
vt 0.811722 0.613797
vt 0.811233 0.616972
vt 0.811477 0.613797
vt 0.810989 0.616972
vt 0.811233 0.613797
vt 0.810745 0.616972
vt 0.810989 0.613553
vt 0.810745 0.613553
vt 0.810501 0.616972
vt 0.810256 0.616972
vt 0.810501 0.613797
vt 0.810012 0.616728
vt 0.810256 0.613797
vt 0.810012 0.613797
vt 0.809768 0.616483
vt 0.809524 0.616483
vt 0.809768 0.614041
vt 0.809524 0.616239
vt 0.809524 0.614286
vt 0.809280 0.615995
vt 0.809280 0.614530
vt 0.809280 0.615751
vt 0.809280 0.614774
vt 0.809280 0.615507
vt 0.809280 0.615018
vt 0.809280 0.615263
vt 0.812454 0.615018
vt 0.812454 0.615507
vt 0.812454 0.615263
vt 0.808791 0.615018
vt 0.254701 0.700977
vt 0.254457 0.701221
vt 0.254701 0.700733
vt 0.879365 0.115873
vt 0.879854 0.115629
vt 0.456654 0.723443
vt 0.456410 0.723443
vt 0.624176 0.723199
vt 0.624420 0.723443
vt 0.624664 0.723443
vt 0.624908 0.723443
vt 0.623932 0.723443
vt 0.624176 0.723443
vt 0.253968 0.699756
vt 0.253480 0.700000
vt 0.253724 0.699512
vt 0.254701 0.701221
vt 0.254457 0.701465
vt 0.879854 0.115385
vt 0.455678 0.723443
vt 0.455922 0.723443
vt 0.809035 0.615751
vt 0.254212 0.700977
vt 0.254701 0.700488
vt 0.254212 0.700733
vt 0.254701 0.700244
vt 0.254457 0.700000
vt 0.253968 0.700244
vt 0.254212 0.700000
vt 0.253968 0.700488
vt 0.254457 0.700244
vt 0.253724 0.700244
vt 0.254212 0.699756
vt 0.253724 0.700000
vt 0.253480 0.699756
vt 0.253480 0.699512
vt 0.253236 0.699756
vt 0.623932 0.723199
vt 0.623199 0.723199
vt 0.623687 0.723443
vt 0.720879 0.699756
vt 0.721123 0.699756
vt 0.721123 0.699512
vt 0.721123 0.700000
vt 0.808791 0.615263
vt 0.809035 0.615507
vt 0.809280 0.616239
vt 0.809768 0.616728
vt 0.809768 0.616972
vt 0.810012 0.616972
vt 0.810012 0.617216
vt 0.455433 0.723443
vt 0.456166 0.723443
vt 0.455678 0.723199
vt 0.879854 0.115873
vt 0.879609 0.116117
vt 0.879609 0.115873
vt 0.254701 0.701709
vt 0.254701 0.701465
vt 0.254457 0.701709
vt 0.810256 0.617216
vt 0.939927 0.615751
vt 0.939683 0.615995
vt 0.939927 0.614774
vt 0.939683 0.614774
vt 0.939683 0.616239
vt 0.939683 0.614530
vt 0.939438 0.616483
vt 0.939683 0.614286
vt 0.939438 0.614286
vt 0.939194 0.616728
vt 0.939438 0.614041
vt 0.938950 0.616728
vt 0.939194 0.614041
vt 0.938950 0.616972
vt 0.938950 0.613797
vt 0.938706 0.616972
vt 0.938462 0.616972
vt 0.938706 0.613797
vt 0.938217 0.616972
vt 0.938462 0.613553
vt 0.937973 0.616972
vt 0.938217 0.613553
vt 0.937729 0.616972
vt 0.937973 0.613553
vt 0.937973 0.613797
vt 0.937485 0.616728
vt 0.937729 0.613797
vt 0.937241 0.616728
vt 0.937485 0.613797
vt 0.937241 0.616483
vt 0.937241 0.613797
vt 0.936996 0.616483
vt 0.937241 0.614041
vt 0.936996 0.616239
vt 0.936996 0.614286
vt 0.936752 0.615995
vt 0.936752 0.614530
vt 0.936752 0.615751
vt 0.936752 0.614774
vt 0.936508 0.615507
vt 0.936752 0.615018
vt 0.936508 0.615263
vt 0.936508 0.615018
vt 0.939927 0.615018
vt 0.939927 0.615507
vt 0.939927 0.615263
vt 0.936264 0.615263
vt 0.321612 0.701221
vt 0.322100 0.700977
vt 0.322100 0.700733
vt 0.299634 0.126129
vt 0.288889 0.115873
vt 0.288401 0.115629
vt 0.422711 0.699756
vt 0.422955 0.699512
vt 0.423199 0.699512
vt 0.288401 0.115385
vt 0.297192 0.123687
vt 0.322100 0.701465
vt 0.307937 0.710989
vt 0.321856 0.701709
vt 0.310134 0.709768
vt 0.322100 0.701709
vt 0.590720 0.699512
vt 0.590476 0.699756
vt 0.590965 0.699512
vt 0.591209 0.699512
vt 0.590232 0.699756
vt 0.590476 0.699512
vt 0.320879 0.700000
vt 0.321368 0.699756
vt 0.321123 0.699512
vt 0.321856 0.701465
vt 0.322100 0.701221
vt 0.421978 0.699756
vt 0.421978 0.699512
vt 0.422222 0.699512
vt 0.937485 0.617216
vt 0.936508 0.615751
vt 0.936264 0.615507
vt 0.321612 0.700977
vt 0.322100 0.700488
vt 0.321368 0.700733
vt 0.321856 0.700244
vt 0.321368 0.700488
vt 0.321123 0.700244
vt 0.321612 0.700000
vt 0.320635 0.699756
vt 0.320879 0.699512
vt 0.320635 0.699512
vt 0.591453 0.699512
vt 0.590232 0.699512
vt 0.589988 0.699512
vt 0.589744 0.700000
vt 0.589744 0.699756
vt 0.624908 0.699756
vt 0.625153 0.699756
vt 0.624908 0.699512
vt 0.624908 0.700000
vt 0.625153 0.700000
vt 0.936752 0.616239
vt 0.937241 0.616972
vt 0.937485 0.616972
vt 0.421734 0.699512
vt 0.422466 0.699512
vt 0.422222 0.699756
vt 0.422711 0.699512
vt 0.288645 0.116117
vt 0.288401 0.115873
vt 0.937729 0.617216
vt 0.697192 0.197192
vt 0.802930 0.197192
vt 0.697192 0.192308
vt 0.802930 0.192308
vt 0.932601 0.110501
vt 0.819048 0.115385
vt 0.819048 0.110501
vt 0.932601 0.115385
vt 0.604151 0.526374
vt 0.617827 0.526374
vt 0.604151 0.511966
vt 0.617827 0.511966
vt 0.627350 0.484860
vt 0.617827 0.484860
vt 0.627350 0.553480
vt 0.617827 0.553480
vt 0.698169 0.543712
vt 0.711600 0.572039
vt 0.711600 0.466300
vt 0.698169 0.494628
vt 0.685714 0.494628
vt 0.674237 0.484860
vt 0.597802 0.466300
vt 0.604151 0.484860
vt 0.597802 0.572039
vt 0.604151 0.553480
vt 0.674237 0.553480
vt 0.685714 0.543712
vt 0.495238 0.209157
vt 0.466422 0.214041
vt 0.466422 0.209157
vt 0.495238 0.214041
vt 0.992674 0.197192
vt 0.992674 0.192308
vt 0.978266 0.192308
vt 0.978266 0.197192
vt 0.524054 0.214041
vt 0.524054 0.209157
vt 0.997558 0.103419
vt 0.983150 0.108059
vt 0.983150 0.103419
vt 0.997558 0.108059
vt 0.437607 0.214041
vt 0.437607 0.209157
vt 0.624908 0.214041
vt 0.624908 0.209157
vt 0.610501 0.209157
vt 0.610501 0.214041
vt 0.408547 0.214041
vt 0.408547 0.209157
vt 0.379731 0.209157
vt 0.379731 0.214041
vt 0.596093 0.209157
vt 0.581685 0.214041
vt 0.581685 0.209157
vt 0.596093 0.214041
vt 0.658608 0.197192
vt 0.591453 0.201831
vt 0.591453 0.197192
vt 0.658608 0.201831
vt 0.848596 0.206715
vt 0.848596 0.201831
vt 0.800488 0.201831
vt 0.800488 0.206715
vt 0.726007 0.201831
vt 0.726007 0.197192
vt 0.752381 0.201831
vt 0.704274 0.206715
vt 0.704274 0.201831
vt 0.752381 0.206715
vt 0.653968 0.206715
vt 0.653968 0.201831
vt 0.697192 0.214041
vt 0.711600 0.209157
vt 0.697192 0.209157
vt 0.711600 0.214041
vt 0.947009 0.201831
vt 0.947009 0.197192
vt 0.896703 0.197192
vt 0.896703 0.201831
vt 0.754823 0.209157
vt 0.754823 0.214041
vt 0.740415 0.209157
vt 0.740415 0.214041
vt 0.164591 0.543712
vt 0.164591 0.494628
vt 0.177778 0.466300
vt 0.140659 0.484860
vt 0.093529 0.484860
vt 0.064225 0.466300
vt 0.093529 0.553480
vt 0.084005 0.526374
vt 0.084005 0.553480
vt 0.070330 0.484860
vt 0.070330 0.511966
vt 0.084005 0.484860
vt 0.177778 0.572039
vt 0.140659 0.553480
vt 0.152137 0.543712
vt 0.152137 0.494628
vt 0.084005 0.511966
vt 0.070330 0.526374
vt 0.064225 0.572039
vt 0.070330 0.553480
vt 0.578755 0.196947
vt 0.499390 0.196947
vt 0.578755 0.192308
vt 0.591453 0.192308
vt 0.485470 0.192308
vt 0.499390 0.192308
vt 0.485470 0.197192
vt 0.486203 0.196947
vt 0.486203 0.192308
vt 0.591453 0.196947
vt 0.999512 0.100244
vt 1.000000 0.098291
vt 1.000000 0.098046
vt 1.000000 0.099267
vt 1.000000 0.099023
vt 1.000000 0.098779
vt 0.999756 0.099512
vt 0.999756 0.099756
vt 0.999512 0.100000
vt 0.999267 0.100488
vt 1.000000 0.097802
vt 0.999023 0.100733
vt 0.999756 0.097558
vt 0.999756 0.097314
vt 0.999512 0.097070
vt 0.999512 0.096825
vt 0.998779 0.100977
vt 0.999267 0.096581
vt 0.999023 0.096581
vt 0.998535 0.100977
vt 0.999023 0.096337
vt 0.998779 0.096337
vt 0.998535 0.096093
vt 0.998291 0.096093
vt 0.998046 0.096093
vt 0.997802 0.096093
vt 0.997558 0.096337
vt 0.998291 0.100977
vt 0.998046 0.100977
vt 0.997802 0.100977
vt 0.997558 0.100733
vt 0.995360 0.176435
vt 0.995116 0.177900
vt 0.995360 0.177900
vt 0.995116 0.163492
vt 0.995360 0.164957
vt 0.995360 0.163492
vt 0.995604 0.176435
vt 0.995604 0.164957
vt 0.996093 0.176435
vt 0.996581 0.164957
vt 0.996093 0.164957
vt 0.996581 0.176435
vt 0.996825 0.164957
vt 0.996825 0.176435
vt 0.997070 0.176435
vt 0.997070 0.164957
vt 0.997314 0.176435
vt 0.997558 0.164957
vt 0.997314 0.164957
vt 0.997558 0.176435
vt 0.666911 0.209402
vt 0.655189 0.209402
vt 0.666911 0.209157
vt 0.666911 0.209646
vt 0.655189 0.209646
vt 0.666911 0.210134
vt 0.655189 0.210134
vt 0.666911 0.211111
vt 0.666911 0.211599
vt 0.655189 0.211111
vt 0.655189 0.211844
vt 0.655189 0.211599
vt 0.666911 0.211844
vt 0.666911 0.212332
vt 0.655189 0.212576
vt 0.655189 0.212332
vt 0.666911 0.212576
vt 0.666911 0.213065
vt 0.655189 0.213065
vt 0.666911 0.213309
vt 0.655189 0.213309
vt 0.666911 0.214041
vt 0.655189 0.214041
vt 0.666911 0.213553
vt 0.655189 0.213553
vt 0.998535 0.176435
vt 0.998535 0.164957
vt 0.998779 0.176435
vt 0.998046 0.163492
vt 0.998291 0.164957
vt 0.998046 0.164957
vt 0.998291 0.176435
vt 0.998046 0.176435
vt 0.997802 0.176435
vt 0.997802 0.164957
vt 0.998535 0.163492
vt 0.997802 0.163492
vt 0.997558 0.163492
vt 0.999267 0.176435
vt 0.999267 0.164957
vt 0.999512 0.176435
vt 0.997802 0.177900
vt 0.997558 0.177900
vt 0.998046 0.177900
vt 0.998535 0.177900
vt 0.998779 0.177900
vt 0.999023 0.177900
vt 0.999512 0.177900
vt 0.999756 0.176435
vt 0.999756 0.177900
vt 1.000000 0.176435
vt 1.000000 0.177900
vt 1.000000 0.164957
vt 0.668376 0.213797
vt 0.668376 0.213553
vt 0.999756 0.164957
vt 0.668376 0.213309
vt 0.668376 0.212820
vt 0.668376 0.212576
vt 0.668376 0.212088
vt 0.668376 0.211844
vt 0.668376 0.211355
vt 0.668376 0.210623
vt 0.666911 0.210378
vt 0.668376 0.210134
vt 0.655189 0.210378
vt 0.668376 0.209890
vt 0.668376 0.209646
vt 0.668376 0.209157
vt 0.997314 0.177900
vt 0.997070 0.177900
vt 0.655189 0.209157
vt 0.996825 0.177900
vt 0.996581 0.177900
vt 0.996337 0.177900
vt 0.995849 0.177900
vt 0.995849 0.163492
vt 0.995849 0.164957
vt 0.996093 0.163492
vt 0.996337 0.163492
vt 0.996581 0.163492
vt 0.996825 0.163492
vt 0.997070 0.163492
vt 0.997314 0.163492
vt 0.653968 0.209157
vt 0.653968 0.209646
vt 0.995849 0.176435
vt 0.653968 0.209890
vt 0.653968 0.210867
vt 0.655189 0.210867
vt 0.653968 0.211355
vt 0.653968 0.211844
vt 0.653968 0.212088
vt 0.653968 0.212576
vt 0.653968 0.212820
vt 0.653968 0.213309
vt 0.666911 0.210867
vt 0.653968 0.213553
vt 0.653968 0.213797
vt 0.998779 0.164957
vt 0.999023 0.163492
vt 0.998779 0.163492
vt 0.999267 0.163492
vt 0.999512 0.164957
vt 0.999267 0.177900
vt 0.999512 0.163492
vt 0.999756 0.163492
vt 1.000000 0.163492
vt 0.668376 0.210867
vt 0.653968 0.210623
vt 0.653968 0.210134
vt 0.996093 0.177900
vt 0.998779 0.108059
vt 0.998535 0.108059
vt 0.999023 0.103663
vt 0.999023 0.107814
vt 0.999023 0.108059
vt 0.999756 0.104396
vt 1.000000 0.106593
vt 0.999756 0.106838
vt 1.000000 0.105861
vt 1.000000 0.106105
vt 1.000000 0.105617
vt 0.999756 0.107082
vt 0.999512 0.107326
vt 0.999512 0.107570
vt 1.000000 0.105372
vt 0.999267 0.107570
vt 1.000000 0.105128
vt 0.999756 0.104884
vt 0.999512 0.104396
vt 0.999512 0.104151
vt 0.999267 0.103907
vt 0.998779 0.103419
vt 0.998535 0.103419
vt 0.998291 0.103419
vt 0.998046 0.103419
vt 0.997802 0.103419
vt 0.998291 0.108059
vt 0.998046 0.108059
vt 0.997802 0.108059
vt 0.549695 0.163492
vt 0.663492 0.163492
vt 0.663004 0.163004
vt 0.663248 0.158852
vt 0.663492 0.158852
vt 0.663492 0.158608
vt 0.663004 0.159096
vt 0.549695 0.158608
vt 0.662759 0.159341
vt 0.662759 0.159585
vt 0.662515 0.159829
vt 0.662515 0.160073
vt 0.662515 0.160317
vt 0.662271 0.160562
vt 0.662271 0.160806
vt 0.662271 0.161294
vt 0.662271 0.161538
vt 0.662515 0.161783
vt 0.662515 0.162027
vt 0.662515 0.162271
vt 0.662759 0.162515
vt 0.662759 0.162759
vt 0.663248 0.163248
vt 0.663492 0.163248
vt 0.793162 0.211355
vt 0.793162 0.210867
vt 0.788523 0.210867
vt 0.793162 0.210623
vt 0.788523 0.210623
vt 0.792918 0.210378
vt 0.788767 0.210378
vt 0.792918 0.210134
vt 0.788767 0.210134
vt 0.792918 0.212576
vt 0.793162 0.212332
vt 0.788523 0.212332
vt 0.792918 0.212820
vt 0.788767 0.212576
vt 0.792674 0.213065
vt 0.788767 0.212820
vt 0.792430 0.213309
vt 0.789011 0.213065
vt 0.792186 0.213553
vt 0.789255 0.213309
vt 0.791941 0.213553
vt 0.789499 0.213553
vt 0.791697 0.213797
vt 0.789744 0.213553
vt 0.791453 0.213797
vt 0.789988 0.213797
vt 0.791209 0.214041
vt 0.790232 0.213797
vt 0.788523 0.211599
vt 0.793162 0.211599
vt 0.788523 0.211355
vt 0.789011 0.209890
vt 0.792674 0.209890
vt 0.789255 0.209646
vt 0.792430 0.209646
vt 0.789499 0.209646
vt 0.792186 0.209646
vt 0.789744 0.209402
vt 0.791941 0.209402
vt 0.789988 0.209402
vt 0.791697 0.209402
vt 0.790232 0.209157
vt 0.791453 0.209157
vt 0.790476 0.209157
vt 0.791209 0.209157
vt 0.790965 0.209157
vt 0.790965 0.214041
vt 0.790476 0.214041
vt 0.788523 0.212088
vt 0.793162 0.212088
vt 0.788523 0.211844
vt 0.793162 0.211844
vt 0.838828 0.212088
vt 0.841270 0.211844
vt 0.838828 0.211844
vt 0.841270 0.211599
vt 0.838828 0.211355
vt 0.841270 0.211111
vt 0.838828 0.210867
vt 0.841270 0.210867
vt 0.838828 0.210623
vt 0.841270 0.210378
vt 0.838828 0.210134
vt 0.841270 0.210134
vt 0.838828 0.209890
vt 0.841270 0.209646
vt 0.838828 0.209646
vt 0.841270 0.209402
vt 0.838828 0.209402
vt 0.997558 0.083639
vt 0.997558 0.084127
vt 0.997802 0.083639
vt 0.997802 0.084127
vt 0.998046 0.084127
vt 0.998046 0.083639
vt 0.998291 0.084127
vt 0.998291 0.083639
vt 0.998291 0.069719
vt 0.998291 0.071184
vt 0.998535 0.069719
vt 0.998535 0.071184
vt 0.999267 0.084127
vt 0.999512 0.071184
vt 0.999267 0.071184
vt 0.999512 0.084127
vt 0.999756 0.084127
vt 1.000000 0.071184
vt 0.999756 0.071184
vt 0.684249 0.209402
vt 0.684249 0.209157
vt 0.697192 0.209646
vt 0.684249 0.209646
vt 0.697192 0.210134
vt 0.684249 0.210134
vt 0.697192 0.211111
vt 0.684249 0.211599
vt 0.684249 0.211111
vt 0.697192 0.211599
vt 0.684249 0.211844
vt 0.697192 0.212332
vt 0.684249 0.212576
vt 0.684249 0.212332
vt 0.697192 0.213065
vt 0.684249 0.213065
vt 0.697192 0.213309
vt 0.684249 0.213309
vt 0.684249 0.213553
vt 0.684249 0.214041
vt 0.994872 0.084127
vt 0.994872 0.071184
vt 0.995116 0.084127
vt 0.993895 0.069719
vt 0.993895 0.071184
vt 0.993895 0.084127
vt 0.994139 0.084127
vt 0.994139 0.069719
vt 0.994139 0.071184
vt 0.993651 0.069719
vt 0.993651 0.071184
vt 0.993407 0.069719
vt 0.994628 0.071184
vt 0.993651 0.084127
vt 0.994383 0.071184
vt 0.697192 0.211844
vt 0.697192 0.210378
vt 0.684249 0.210378
vt 0.697192 0.209402
vt 0.998535 0.084127
vt 0.841270 0.209157
vt 0.841270 0.212332
vt 0.838828 0.212576
vt 0.841270 0.212576
vt 0.994383 0.084127
vt 0.994628 0.084127
vt 0.697192 0.213553
vt 0.697192 0.212576
vt 0.838828 0.212820
vt 0.841270 0.213065
vt 0.838828 0.213065
vt 0.841270 0.213309
vt 0.838828 0.213553
vt 0.841270 0.213553
vt 0.838828 0.213797
vt 0.841270 0.214041
vt 0.992918 0.083639
vt 0.992918 0.084127
vt 0.992674 0.083639
vt 0.993162 0.083639
vt 0.993162 0.084127
vt 0.993407 0.084127
vt 0.993407 0.083639
vt 0.998779 0.069719
vt 0.998779 0.071184
vt 0.999023 0.071184
vt 0.999023 0.069719
vt 0.999267 0.069719
vt 0.999512 0.069719
vt 0.999756 0.069719
vt 1.000000 0.069719
vt 1.000000 0.084127
vt 0.682784 0.209157
vt 0.682784 0.209646
vt 0.682784 0.209890
vt 0.697192 0.210867
vt 0.684249 0.210867
vt 0.682784 0.210867
vt 0.682784 0.211355
vt 0.682784 0.211844
vt 0.682784 0.212088
vt 0.682784 0.212576
vt 0.682784 0.212820
vt 0.682784 0.213309
vt 0.682784 0.213553
vt 0.682784 0.213797
vt 0.994383 0.069719
vt 0.994628 0.069719
vt 0.994872 0.069719
vt 0.995116 0.071184
vt 0.995116 0.069719
vt 0.682784 0.210623
vt 0.682784 0.210134
vt 0.999023 0.084127
vt 0.998779 0.084127
vt 0.998779 0.201831
vt 0.998535 0.201831
vt 0.999023 0.197436
vt 0.999023 0.201587
vt 0.999023 0.201831
vt 0.999756 0.198168
vt 1.000000 0.200122
vt 0.999756 0.200610
vt 1.000000 0.199634
vt 1.000000 0.199878
vt 1.000000 0.199389
vt 0.999756 0.200855
vt 0.999512 0.201099
vt 0.999512 0.201343
vt 1.000000 0.199145
vt 0.999267 0.201343
vt 1.000000 0.198901
vt 0.999756 0.198413
vt 0.999512 0.197924
vt 0.999267 0.197680
vt 0.998779 0.197192
vt 0.998535 0.197192
vt 0.998291 0.197192
vt 0.998046 0.197192
vt 0.997802 0.197192
vt 0.997558 0.197192
vt 0.998291 0.201831
vt 0.998046 0.201831
vt 0.997802 0.201831
vt 0.997558 0.201831
vt 0.051526 0.554945
vt 0.000000 0.524664
vt 0.011966 0.524420
vt 0.051526 0.483639
vt 0.000000 0.513675
vt 0.010501 0.522711
vt 0.010012 0.522222
vt 0.009768 0.521490
vt 0.009524 0.520757
vt 0.009524 0.520024
vt 0.009524 0.519292
vt 0.009524 0.518559
vt 0.009524 0.517827
vt 0.009768 0.517094
vt 0.010012 0.516361
vt 0.010501 0.515629
vt 0.010989 0.515140
vt 0.011477 0.514408
vt 0.011966 0.513919
vt 0.051770 0.483394
vt 0.052015 0.483150
vt 0.052503 0.483150
vt 0.052747 0.482906
vt 0.053236 0.482906
vt 0.053480 0.482906
vt 0.053968 0.482906
vt 0.054457 0.483150
vt 0.054701 0.483150
vt 0.054945 0.483394
vt 0.055433 0.483639
vt 0.055678 0.483883
vt 0.055922 0.484127
vt 0.056166 0.484371
vt 0.056410 0.484860
vt 0.056410 0.485104
vt 0.056654 0.485348
vt 0.056654 0.485836
vt 0.056654 0.486325
vt 0.056654 0.552259
vt 0.056654 0.552503
vt 0.056654 0.552991
vt 0.056410 0.553480
vt 0.056410 0.553724
vt 0.056166 0.553968
vt 0.055922 0.554457
vt 0.055678 0.554701
vt 0.055433 0.554945
vt 0.054945 0.555189
vt 0.054701 0.555189
vt 0.054457 0.555433
vt 0.053968 0.555433
vt 0.053480 0.555433
vt 0.053236 0.555433
vt 0.052747 0.555433
vt 0.052503 0.555433
vt 0.052015 0.555189
vt 0.051770 0.555189
vt 0.011477 0.523932
vt 0.010989 0.523443
vt 0.533578 0.524664
vt 0.543101 0.519292
vt 0.533578 0.513675
vt 0.585104 0.554945
vt 0.585348 0.555189
vt 0.585836 0.555189
vt 0.586081 0.555433
vt 0.586569 0.555433
vt 0.586813 0.555433
vt 0.587302 0.555433
vt 0.587546 0.555433
vt 0.588034 0.555433
vt 0.588278 0.555189
vt 0.588767 0.555189
vt 0.589011 0.554945
vt 0.589255 0.554701
vt 0.589499 0.554457
vt 0.589744 0.553968
vt 0.589988 0.553724
vt 0.590232 0.553480
vt 0.590232 0.552991
vt 0.590232 0.552503
vt 0.590232 0.552259
vt 0.590232 0.486325
vt 0.590232 0.485836
vt 0.590232 0.485348
vt 0.590232 0.485104
vt 0.589988 0.484860
vt 0.589744 0.484371
vt 0.589499 0.484127
vt 0.589255 0.483883
vt 0.589011 0.483639
vt 0.588767 0.483394
vt 0.588278 0.483150
vt 0.588034 0.483150
vt 0.587546 0.482906
vt 0.587302 0.482906
vt 0.586813 0.482906
vt 0.586569 0.482906
vt 0.586081 0.483150
vt 0.585836 0.483150
vt 0.585348 0.483394
vt 0.585104 0.483639
vt 0.545543 0.513919
vt 0.545055 0.514408
vt 0.544567 0.515140
vt 0.544078 0.515629
vt 0.543834 0.516361
vt 0.543590 0.517094
vt 0.543346 0.517827
vt 0.543101 0.518559
vt 0.543101 0.520024
vt 0.543346 0.520757
vt 0.543590 0.521490
vt 0.543834 0.522222
vt 0.544078 0.522711
vt 0.544567 0.523443
vt 0.545055 0.523932
vt 0.545543 0.524420
vt 0.908669 0.192308
vt 0.908669 0.197192
vt 0.485470 0.158608
vt 0.485470 0.163492
vt 0.766789 0.214041
vt 0.766789 0.209157
vt 0.754823 0.115385
vt 0.754823 0.110501
vt 0.998779 0.184982
vt 0.998046 0.189866
vt 0.998046 0.184982
vt 0.997558 0.189866
vt 0.997558 0.184982
vt 0.996825 0.189866
vt 0.996825 0.184982
vt 0.995849 0.189866
vt 0.995849 0.184982
vt 0.995116 0.189866
vt 0.995116 0.184982
vt 0.994383 0.189866
vt 0.994383 0.184982
vt 0.993651 0.189866
vt 0.993651 0.184982
vt 0.992918 0.189866
vt 0.992918 0.184982
vt 0.992186 0.189866
vt 0.992186 0.184982
vt 0.991453 0.189866
vt 0.991453 0.184982
vt 0.990965 0.189866
vt 0.990965 0.184982
vt 0.990476 0.189866
vt 0.990476 0.184982
vt 0.334066 0.209157
vt 0.334799 0.214041
vt 0.334799 0.209157
vt 0.334066 0.214041
vt 0.998779 0.189866
vt 0.999512 0.184982
vt 0.999512 0.189866
vt 1.000000 0.184982
vt 1.000000 0.189866
vt 0.942857 0.206715
vt 0.942369 0.206715
vt 0.942369 0.201831
vt 0.942857 0.201831
vt 0.375580 0.214041
vt 0.375580 0.209157
vt 0.378510 0.214041
vt 0.378755 0.211599
vt 0.378266 0.211599
vt 0.378022 0.214041
vt 0.378022 0.211599
vt 0.377778 0.214041
vt 0.377534 0.211599
vt 0.377045 0.211599
vt 0.377289 0.214041
vt 0.376801 0.211599
vt 0.376801 0.214041
vt 0.376313 0.211599
vt 0.376557 0.214041
vt 0.375824 0.211599
vt 0.376068 0.214041
vt 0.378755 0.214041
vt 0.378999 0.211599
vt 0.375824 0.214041
vt 0.375580 0.211599
vt 0.375824 0.209157
vt 0.376068 0.209157
vt 0.376557 0.209157
vt 0.376801 0.209157
vt 0.377289 0.209157
vt 0.377778 0.209157
vt 0.378022 0.209157
vt 0.378510 0.209157
vt 0.378755 0.209157
vt 0.379243 0.209157
vt 0.379487 0.211599
vt 0.379487 0.209157
vt 0.379731 0.211599
vt 0.920879 0.187424
vt 0.921123 0.184982
vt 0.920635 0.184982
vt 0.921368 0.187424
vt 0.921368 0.184982
vt 0.921612 0.187424
vt 0.921612 0.184982
vt 0.921856 0.187424
vt 0.922100 0.184982
vt 0.922344 0.187424
vt 0.922344 0.184982
vt 0.379243 0.214041
vt 0.379487 0.214041
vt 0.920635 0.189866
vt 0.920635 0.187424
vt 0.921123 0.189866
vt 0.921368 0.189866
vt 0.921612 0.189866
vt 0.922100 0.189866
vt 0.922344 0.189866
vt 0.922833 0.189866
vt 0.923077 0.189866
vt 0.923077 0.184982
vt 0.922833 0.184982
vt 0.988034 0.189866
vt 0.988034 0.184982
vt 0.987546 0.206715
vt 0.987302 0.204273
vt 0.987790 0.204273
vt 0.987790 0.206715
vt 0.988034 0.204273
vt 0.989988 0.189866
vt 0.990232 0.187424
vt 0.989988 0.187424
vt 0.989744 0.189866
vt 0.989744 0.187424
vt 0.989499 0.189866
vt 0.989255 0.187424
vt 0.989011 0.189866
vt 0.989011 0.187424
vt 0.988767 0.189866
vt 0.988523 0.187424
vt 0.987302 0.206715
vt 0.987057 0.204273
vt 0.988278 0.189866
vt 0.988278 0.187424
vt 0.988278 0.184982
vt 0.988767 0.184982
vt 0.989011 0.184982
vt 0.989499 0.184982
vt 0.989744 0.184982
vt 0.989988 0.184982
vt 0.987546 0.201831
vt 0.987790 0.201831
vt 0.987302 0.201831
vt 0.986813 0.201831
vt 0.986569 0.204273
vt 0.986569 0.201831
vt 0.986325 0.204273
vt 0.986081 0.201831
vt 0.985836 0.204273
vt 0.985836 0.201831
vt 0.985348 0.204273
vt 0.985348 0.201831
vt 0.985104 0.204273
vt 0.984860 0.201831
vt 0.984615 0.204273
vt 0.984615 0.201831
vt 0.984127 0.204273
vt 0.984127 0.201831
vt 0.986813 0.206715
vt 0.986569 0.206715
vt 0.986081 0.206715
vt 0.985836 0.206715
vt 0.985348 0.206715
vt 0.984860 0.206715
vt 0.984615 0.206715
vt 0.984127 0.206715
vt 0.983883 0.206715
vt 0.983639 0.206715
vt 0.983639 0.201831
vt 0.983883 0.201831
vt 0.971184 0.004762
vt 0.865446 0.004762
vt 0.971184 -0.000122
vt 0.865446 -0.000122
vt 0.577045 0.115385
vt 0.288401 0.110501
vt 0.577045 0.110501
vt 0.841270 0.163492
vt 0.947009 0.163492
vt 0.841270 0.158608
vt 0.947009 0.158608
vt 0.577045 0.004762
vt 0.288401 0.004762
vt 0.577045 -0.000122
vt 0.288401 -0.000122
vt 0.576923 0.110683
vt 0.865385 0.110471
vt 0.576923 0.004808
vt 0.865385 0.004808
vt 0.288462 0.110683
vt 0.000000 0.216346
vt 0.000000 0.110683
vt 0.288462 0.216346
s 0
f 1/1/1 2/2/1 3/3/1
f 4/4/2 5/1/2 6/3/2
f 7/5/1 8/4/1 9/6/1
f 10/7/1 11/5/1 12/8/1
f 13/7/1 14/7/1 15/8/1
f 16/9/1 17/7/1 18/10/1
s 1
f 19/9/3 20/9/4 21/11/1
f 22/12/1 23/9/5 24/13/1
s 0
f 25/14/1 26/12/1 27/15/1
f 28/16/1 29/14/1 30/17/1
f 31/18/1 32/16/1 33/19/1
f 34/18/1 35/18/1 36/20/1
f 37/21/1 38/18/1 39/20/1
f 40/22/1 41/21/1 42/23/1
f 43/24/1 44/22/1 45/25/1
f 46/24/1 47/24/1 48/26/1
f 49/27/1 50/24/1 51/26/1
f 52/28/1 53/27/1 54/29/1
f 55/30/1 56/28/1 57/31/1
f 58/32/1 59/30/1 60/31/1
f 61/32/1 62/32/1 63/33/1
f 64/34/1 65/32/1 66/35/1
s 1
f 67/36/6 68/34/6 69/37/6
f 70/38/7 71/36/7 72/37/7
f 73/37/6 74/36/6 75/37/6
s 0
f 76/37/1 77/34/1 78/35/1
f 79/35/1 80/32/1 81/33/1
f 82/33/1 83/32/1 84/31/1
f 85/31/1 86/30/1 87/31/1
f 88/31/1 89/28/1 90/29/1
f 91/29/1 92/27/1 93/26/1
f 94/26/1 95/24/1 96/26/1
f 97/26/1 98/24/1 99/25/1
f 100/25/1 101/22/1 102/23/1
s 1
f 103/23/1 104/21/8 105/20/1
s 0
f 106/20/1 107/18/1 108/20/1
f 109/18/1 110/19/1 111/20/1
f 112/16/1 113/17/1 114/19/1
f 115/14/1 116/15/1 117/17/1
f 118/12/1 119/13/1 120/15/1
s 1
f 121/9/5 122/11/1 123/13/1
s 0
f 124/9/1 125/10/1 126/11/1
f 127/7/1 128/8/1 129/10/1
f 130/7/1 131/8/1 132/8/1
f 133/5/1 134/6/1 135/8/1
f 136/4/1 137/3/1 138/6/1
f 139/1/1 140/3/1 141/3/1
f 142/2/1 143/39/1 144/3/1
f 145/2/1 146/40/1 147/39/1
f 148/40/7 149/41/7 150/39/7
s 1
f 151/42/9 152/37/10 153/35/11
f 154/43/12 155/44/13 156/45/14
f 157/46/15 158/47/16 159/47/17
f 160/48/18 161/49/19 162/48/20
f 163/28/21 164/27/22 165/28/23
f 166/50/24 167/51/25 168/52/26
f 169/52/27 170/52/28 171/53/28
f 172/54/29 173/54/30 174/55/31
f 175/56/32 176/57/33 177/58/34
f 178/59/35 179/60/36 180/59/37
f 181/47/16 182/47/38 183/61/39
f 184/62/40 185/62/41 186/63/42
f 187/64/43 188/32/44 189/34/45
f 190/59/46 191/44/47 192/43/12
f 193/45/48 194/65/49 195/66/50
f 196/66/50 197/67/51 198/68/52
f 199/69/53 200/70/54 201/71/55
f 202/72/56 203/69/53 204/73/57
f 205/71/55 206/74/58 207/75/59
f 208/75/60 209/76/61 210/56/62
f 211/58/63 212/77/64 213/78/65
f 214/78/66 215/79/67 216/78/68
f 217/53/68 218/52/69 219/53/70
f 220/50/16 221/80/71 222/51/72
f 223/80/73 224/54/74 225/51/75
f 226/54/76 227/55/77 228/51/78
f 229/54/79 230/54/80 231/55/31
f 232/54/81 233/54/82 234/55/83
f 235/54/16 236/54/84 237/54/85
f 238/81/86 239/82/87 240/54/88
f 241/54/89 242/54/88 243/54/90
f 244/81/91 245/82/92 246/82/93
f 247/83/94 248/84/95 249/85/92
f 250/86/96 251/86/97 252/84/98
f 253/33/99 254/35/11 255/33/100
f 256/87/101 257/37/102 258/37/10
f 259/88/103 260/38/104 261/37/105
f 262/64/106 263/34/45 264/36/107
f 265/32/108 266/32/109 267/32/110
f 268/89/111 269/30/112 270/32/113
f 271/28/114 272/28/115 273/30/116
f 274/90/117 275/24/118 276/27/119
f 277/91/120 278/24/121 279/24/122
f 280/92/123 281/22/124 282/24/121
f 283/22/125 284/93/126 285/21/127
f 286/94/28 287/94/128 288/62/129
f 289/63/42 290/62/130 291/95/131
f 292/95/131 293/96/132 294/95/133
f 295/95/134 296/49/135 297/49/136
f 298/49/137 299/49/138 300/48/139
f 301/49/140 302/49/141 303/48/142
f 304/97/143 305/98/144 306/47/145
f 307/98/146 308/98/147 309/97/148
f 310/49/141 311/49/149 312/48/18
f 313/98/150 314/98/151 315/47/152
f 316/98/151 317/99/153 318/47/154
f 319/47/154 320/99/155 321/47/156
f 322/99/153 323/46/157 324/47/156
f 325/100/158 326/100/159 327/101/160
f 328/101/161 329/102/162 330/59/163
f 331/103/164 332/18/165 333/18/166
s 0
f 334/104/167 335/105/167 336/106/167
f 337/105/167 338/105/167 339/107/167
f 340/105/167 341/108/167 342/109/167
f 343/108/167 344/110/167 345/111/167
f 346/110/167 347/110/167 348/112/167
s 1
f 349/110/167 350/113/168 351/114/167
f 352/113/168 353/115/169 354/116/167
f 355/115/169 356/117/167 357/118/167
s 0
f 358/117/167 359/119/167 360/118/167
f 361/119/167 362/120/167 363/121/167
f 364/120/167 365/122/167 366/123/167
f 367/122/167 368/124/167 369/125/167
f 370/124/167 371/126/167 372/127/167
f 373/126/167 374/126/167 375/128/167
f 376/126/167 377/129/167 378/130/167
f 379/129/167 380/131/167 381/132/167
f 382/131/167 383/133/167 384/134/167
f 385/133/167 386/135/167 387/136/167
f 388/135/167 389/137/167 390/138/167
f 391/137/167 392/139/167 393/138/167
f 394/139/167 395/139/167 396/140/167
f 397/139/167 398/141/167 399/142/167
s 1
f 400/141/167 401/143/167 402/144/167
f 403/143/7 404/145/7 405/146/7
f 406/143/1 407/146/1 408/144/1
s 0
f 409/141/167 410/144/167 411/142/167
f 412/139/167 413/142/167 414/140/167
f 415/139/167 416/140/167 417/138/167
f 418/137/167 419/138/167 420/138/167
f 421/135/167 422/138/167 423/136/167
f 424/133/167 425/136/167 426/134/167
f 427/131/167 428/134/167 429/132/167
f 430/129/167 431/132/167 432/130/167
f 433/126/167 434/130/167 435/128/167
f 436/126/167 437/128/167 438/127/167
f 439/124/167 440/127/167 441/125/167
s 1
f 442/123/170 443/122/170 444/125/167
s 0
f 445/121/167 446/120/167 447/123/167
f 448/118/167 449/119/167 450/121/167
f 451/118/167 452/117/167 453/118/167
s 1
f 454/116/167 455/115/169 456/118/167
f 457/114/167 458/113/168 459/116/167
s 0
f 460/112/167 461/110/167 462/114/167
f 463/111/167 464/110/167 465/112/167
f 466/109/167 467/108/167 468/111/167
f 469/107/167 470/105/167 471/109/167
f 472/106/167 473/105/167 474/107/167
f 475/147/167 476/104/167 477/106/167
f 478/148/167 479/104/167 480/147/167
s 1
f 481/149/7 482/148/7 483/147/7
f 484/144/171 485/150/172 486/142/173
f 487/151/174 488/152/175 489/153/176
f 490/154/177 491/155/178 492/156/179
f 493/157/180 494/158/181 495/159/182
f 496/160/183 497/161/184 498/156/185
f 499/156/186 500/154/177 501/156/187
f 502/162/188 503/163/189 504/164/190
f 505/164/191 506/165/192 507/166/193
f 508/133/194 509/135/195 510/135/196
f 511/167/197 512/168/198 513/169/199
f 514/169/16 515/169/200 516/170/16
f 517/171/201 518/171/202 519/172/203
f 520/173/204 521/174/205 522/175/206
f 523/176/207 524/177/208 525/177/209
f 526/156/210 527/156/211 528/160/183
f 529/178/212 530/179/213 531/180/214
f 532/124/215 533/181/216 534/126/217
f 535/139/218 536/182/219 537/141/220
f 538/143/221 539/183/222 540/145/223
f 541/151/224 542/177/209 543/152/175
f 544/184/225 545/153/176 546/185/226
f 547/186/227 548/185/228 549/187/229
f 550/188/230 551/187/231 552/187/232
f 553/189/233 554/190/234 555/190/235
f 556/189/236 557/190/237 558/174/238
f 559/173/239 560/174/240 561/174/241
f 562/191/242 563/175/243 564/192/244
f 565/191/245 566/192/246 567/193/247
f 568/170/248 569/194/247 570/170/249
f 571/168/250 572/168/251 573/167/252
f 574/171/253 575/168/254 576/167/255
f 577/172/256 578/171/257 579/167/252
f 580/171/258 581/171/257 582/172/203
f 583/172/259 584/171/260 585/172/256
f 586/195/28 587/171/261 588/172/262
f 589/196/263 590/197/264 591/195/265
f 592/195/266 593/195/267 594/172/268
f 595/196/269 596/198/270 597/196/271
f 598/199/272 599/200/273 600/201/274
f 601/202/275 602/203/276 603/199/272
f 604/142/277 605/140/278 606/140/279
f 607/146/280 608/150/281 609/144/282
f 610/145/223 611/183/283 612/146/280
f 613/183/284 614/183/285 615/145/286
f 616/141/287 617/182/288 618/143/289
f 619/139/290 620/139/291 621/139/292
f 622/137/293 623/204/294 624/139/295
f 625/135/296 626/135/297 627/137/298
f 628/131/299 629/131/300 630/133/194
f 631/129/301 632/205/302 633/131/303
f 634/126/304 635/206/305 636/129/301
f 637/179/306 638/207/307 639/179/308
f 640/178/309 641/180/214 642/208/310
f 643/209/311 644/208/312 645/210/169
f 646/210/313 647/210/169 648/210/168
f 649/210/314 650/210/315 651/158/316
f 652/157/317 653/210/318 654/158/319
f 655/211/320 656/212/321 657/156/322
f 658/211/323 659/211/180 660/212/321
f 661/157/28 662/157/324 663/158/325
f 664/211/326 665/211/323 666/156/322
f 667/155/178 668/211/326 669/156/322
f 670/155/327 671/156/328 672/156/211
f 673/164/190 674/166/193 675/162/188
f 676/164/329 677/162/188 678/177/208
f 679/122/307 680/213/330 681/124/331
s 0
f 682/214/6 683/215/6 684/216/6
f 685/215/6 686/217/6 687/216/6
f 688/218/167 689/219/167 690/220/167
f 691/221/167 692/219/167 693/218/167
f 694/222/16 695/223/16 696/224/16
f 697/223/16 698/225/16 699/224/16
f 700/225/16 701/223/16 702/226/16
f 703/225/16 704/226/16 705/227/16
f 706/223/16 707/228/16 708/226/16
f 709/229/16 710/228/16 711/223/16
s 1
f 712/230/16 713/231/332 714/232/333
f 715/233/16 716/230/16 717/232/333
s 0
f 718/234/16 719/233/16 720/235/16
s 1
f 721/235/16 722/233/16 723/232/333
f 724/235/16 725/232/333 726/236/16
s 0
f 727/226/16 728/235/16 729/236/16
f 730/227/16 731/226/16 732/236/16
f 733/237/16 734/227/16 735/236/16
f 736/224/16 737/237/16 738/236/16
f 739/222/16 740/224/16 741/236/16
f 742/238/16 743/222/16 744/236/16
f 745/238/16 746/239/16 747/222/16
f 748/238/16 749/229/16 750/239/16
f 751/238/16 752/228/16 753/229/16
f 754/238/16 755/240/16 756/228/16
s 1
f 757/238/16 758/231/332 759/240/16
f 760/240/16 761/231/332 762/230/16
s 0
f 763/240/16 764/230/16 765/241/16
f 766/240/16 767/241/16 768/235/16
f 769/241/16 770/234/16 771/235/16
f 772/242/334 773/243/334 774/244/334
f 775/245/334 776/243/334 777/242/334
f 778/246/1 779/247/1 780/248/1
f 781/249/1 782/246/1 783/248/1
f 784/250/6 785/251/6 786/242/6
f 787/245/6 788/250/6 789/242/6
f 790/252/167 791/253/167 792/254/167
f 793/255/167 794/253/167 795/252/167
f 796/244/334 797/256/334 798/257/334
f 799/243/334 800/256/334 801/244/334
f 802/258/1 803/259/1 804/260/1
f 805/261/1 806/258/1 807/260/1
f 808/262/6 809/263/6 810/264/6
f 811/265/6 812/262/6 813/264/6
f 814/266/167 815/267/167 816/268/167
f 817/269/167 818/267/167 819/266/167
f 820/270/334 821/271/334 822/272/334
f 823/273/334 824/271/334 825/270/334
f 826/274/1 827/275/1 828/276/1
f 829/277/1 830/274/1 831/276/1
f 832/278/6 833/279/6 834/270/6
f 835/273/6 836/278/6 837/270/6
f 838/280/167 839/281/167 840/282/167
f 841/283/167 842/281/167 843/280/167
f 844/282/334 845/284/334 846/285/334
f 847/281/334 848/284/334 849/282/334
f 850/286/1 851/287/1 852/288/1
f 853/286/1 854/289/1 855/287/1
f 856/290/6 857/291/6 858/292/6
f 859/293/6 860/290/6 861/292/6
f 862/294/167 863/295/167 864/296/167
f 865/295/167 866/297/167 867/296/167
f 868/298/28 869/299/28 870/300/28
f 871/301/28 872/302/28 873/303/28
f 874/304/28 875/305/28 876/302/28
f 877/304/28 878/306/28 879/305/28
f 880/307/28 881/308/28 882/303/28
f 883/309/28 884/307/28 885/303/28
f 886/310/28 887/311/28 888/298/28
f 889/310/28 890/298/28 891/300/28
f 892/298/28 893/311/28 894/312/28
f 895/312/28 896/311/28 897/301/28
f 898/313/28 899/312/28 900/301/28
f 901/313/28 902/301/28 903/300/28
f 904/299/28 905/313/28 906/300/28
f 907/300/28 908/301/28 909/303/28
f 910/302/28 911/309/28 912/303/28
f 913/302/28 914/314/28 915/309/28
f 916/305/28 917/314/28 918/302/28
f 919/305/28 920/315/28 921/314/28
f 922/314/28 923/315/28 924/308/28
f 925/308/28 926/315/28 927/303/28
f 928/315/28 929/316/28 930/303/28
f 931/311/28 932/316/28 933/304/28
f 934/310/28 935/316/28 936/311/28
f 937/306/28 938/316/28 939/317/28
f 940/317/28 941/316/28 942/315/28
f 943/304/28 944/316/28 945/306/28
f 946/318/334 947/319/334 948/320/334
s 1
f 949/321/334 950/320/334 951/321/332
f 952/321/332 953/320/334 954/322/333
f 955/320/334 956/323/334 957/322/335
s 0
f 958/272/334 959/324/334 960/319/334
f 961/319/334 962/324/334 963/325/334
s 1
f 964/325/334 965/324/334 966/322/333
f 967/326/334 968/325/334 969/322/333
f 970/323/334 971/326/334 972/322/336
s 0
f 973/320/334 974/319/334 975/323/334
f 976/318/334 977/272/334 978/319/334
f 979/327/334 980/272/334 981/318/334
f 982/328/1 983/329/1 984/330/1
s 1
f 985/331/337 986/332/337 987/333/337
s 0
f 988/334/1 989/331/1 990/333/1
f 991/334/1 992/333/1 993/329/1
f 994/335/1 995/334/1 996/329/1
f 997/336/1 998/335/1 999/329/1
f 1000/328/1 1001/336/1 1002/329/1
f 1003/337/1 1004/328/1 1005/330/1
f 1006/337/1 1007/330/1 1008/338/1
f 1009/339/1 1010/337/1 1011/338/1
f 1012/339/1 1013/340/1 1014/341/1
f 1015/339/1 1016/338/1 1017/340/1
f 1018/339/1 1019/339/1 1020/341/1
f 1021/339/1 1022/341/1 1023/342/1
f 1024/339/1 1025/342/1 1026/343/1
f 1027/344/1 1028/339/1 1029/343/1
f 1030/344/1 1031/345/1 1032/346/1
f 1033/344/1 1034/343/1 1035/345/1
f 1036/347/1 1037/344/1 1038/346/1
f 1039/347/1 1040/346/1 1041/348/1
f 1042/347/1 1043/348/1 1044/349/1
f 1045/347/1 1046/349/1 1047/350/1
f 1048/347/1 1049/350/1 1050/351/1
f 1051/352/1 1052/347/1 1053/351/1
f 1054/353/1 1055/347/1 1056/352/1
f 1057/354/1 1058/347/1 1059/353/1
f 1060/355/1 1061/347/1 1062/354/1
f 1063/356/1 1064/355/1 1065/354/1
f 1066/357/1 1067/356/1 1068/354/1
f 1069/358/1 1070/357/1 1071/354/1
s 1
f 1072/359/338 1073/360/339 1074/361/340
f 1075/362/341 1076/363/342 1077/364/343
f 1078/363/342 1079/365/344 1080/366/345
f 1081/367/346 1082/368/347 1083/369/346
f 1084/370/348 1085/371/349 1086/368/350
f 1087/372/349 1088/371/349 1089/370/348
f 1090/373/351 1091/374/352 1092/371/353
f 1093/375/354 1094/376/355 1095/377/354
f 1096/378/356 1097/376/355 1098/375/354
f 1099/379/357 1100/380/358 1101/381/356
f 1102/382/359 1103/383/359 1104/379/357
f 1105/384/360 1106/385/360 1107/383/361
f 1108/386/362 1109/387/334 1110/388/363
f 1111/387/334 1112/389/364 1113/390/334
f 1114/391/365 1115/392/366 1116/389/365
f 1117/392/366 1118/393/367 1119/394/368
f 1120/395/369 1121/393/370 1122/392/371
f 1123/396/372 1124/397/372 1125/395/373
f 1126/398/374 1127/399/375 1128/397/372
f 1129/400/376 1130/401/376 1131/402/377
f 1132/402/378 1133/401/379 1134/403/378
f 1135/404/380 1136/405/380 1137/406/381
f 1138/407/382 1139/408/383 1140/409/384
f 1141/410/385 1142/408/383 1143/405/386
f 1144/411/387 1145/412/388 1146/413/389
f 1147/408/383 1148/414/390 1149/405/386
f 1150/414/390 1151/408/383 1152/407/382
f 1153/407/382 1154/409/384 1155/415/391
f 1156/415/392 1157/409/393 1158/413/389
f 1159/415/392 1160/413/389 1161/416/394
f 1162/408/383 1163/411/387 1164/409/384
f 1165/417/395 1166/406/381 1167/418/395
f 1168/417/395 1169/418/395 1170/419/396
f 1171/412/397 1172/420/392 1173/421/398
f 1174/411/399 1175/420/392 1176/412/388
f 1177/411/387 1178/422/382 1179/420/391
f 1180/410/385 1181/422/382 1182/411/387
f 1183/410/385 1184/423/390 1185/422/382
f 1186/423/390 1187/410/385 1188/404/386
f 1189/423/390 1190/404/386 1191/424/400
f 1192/412/388 1193/421/401 1194/416/394
f 1195/424/400 1196/404/380 1197/406/381
f 1198/424/400 1199/406/381 1200/425/402
f 1201/426/403 1202/427/404 1203/428/405
f 1204/428/405 1205/427/406 1206/429/379
f 1207/428/405 1208/429/379 1209/430/407
f 1210/429/379 1211/427/406 1212/431/379
f 1213/432/408 1214/400/376 1215/402/409
f 1216/432/407 1217/402/378 1218/433/410
f 1219/427/406 1220/434/411 1221/431/379
f 1222/433/410 1223/402/378 1224/398/412
f 1225/433/410 1226/398/412 1227/435/413
f 1228/435/414 1229/398/415 1230/396/416
f 1231/435/417 1232/396/372 1233/436/418
f 1234/396/416 1235/398/415 1236/397/419
f 1237/436/420 1238/396/419 1239/395/369
f 1240/436/421 1241/395/369 1242/437/422
f 1243/395/423 1244/397/419 1245/393/424
f 1246/437/425 1247/395/423 1248/392/366
f 1249/437/422 1250/392/371 1251/438/426
f 1252/438/426 1253/392/366 1254/391/365
f 1255/438/426 1256/391/365 1257/439/427
f 1258/439/428 1259/391/364 1260/387/334
f 1261/439/428 1262/387/334 1263/440/429
f 1264/441/430 1265/442/431 1266/443/432
f 1267/442/433 1268/444/433 1269/384/434
f 1270/443/435 1271/442/433 1272/384/434
f 1273/443/436 1274/384/437 1275/445/438
f 1276/445/439 1277/384/360 1278/382/359
f 1279/445/440 1280/382/359 1281/446/441
f 1282/446/441 1283/382/359 1284/379/357
f 1285/446/442 1286/379/357 1287/447/443
f 1288/382/444 1289/384/437 1290/383/444
f 1291/447/445 1292/379/446 1293/381/356
f 1294/421/443 1295/378/356 1296/448/447
f 1297/379/357 1298/383/359 1299/380/358
f 1300/448/448 1301/378/356 1302/375/354
f 1303/448/448 1304/375/354 1305/449/449
f 1306/381/356 1307/380/450 1308/450/451
f 1309/449/452 1310/375/453 1311/373/454
f 1312/449/452 1313/373/454 1314/451/455
f 1315/451/455 1316/373/454 1317/372/456
f 1318/451/455 1319/372/457 1320/452/458
f 1321/372/349 1322/373/454 1323/371/349
f 1324/452/458 1325/372/349 1326/370/348
f 1327/452/458 1328/370/348 1329/453/459
f 1330/360/460 1331/359/461 1332/363/462
f 1333/362/341 1334/360/460 1335/363/462
f 1336/363/342 1337/359/338 1338/365/344
f 1339/359/338 1340/361/343 1341/365/344
f 1342/365/463 1343/361/343 1344/454/464
f 1345/364/340 1346/363/342 1347/366/345
f 1348/455/464 1349/366/465 1350/456/16
f 1351/457/466 1352/455/464 1353/456/16
f 1354/369/467 1355/457/466 1356/456/16
f 1357/369/467 1358/458/468 1359/457/466
f 1360/367/467 1361/369/467 1362/456/16
f 1363/368/350 1364/458/459 1365/369/346
f 1366/368/347 1367/459/458 1368/458/469
f 1369/371/349 1370/459/458 1371/368/350
f 1372/371/349 1373/460/455 1374/459/458
f 1375/370/348 1376/368/347 1377/367/470
f 1378/374/352 1379/460/471 1380/371/472
f 1381/374/473 1382/461/452 1383/460/455
f 1384/377/453 1385/461/452 1386/374/474
f 1387/377/354 1388/462/448 1389/461/449
f 1390/375/453 1391/377/453 1392/374/473
f 1393/376/355 1394/462/447 1395/377/475
f 1396/376/355 1397/416/443 1398/462/447
f 1399/380/358 1400/463/443 1401/450/355
f 1402/380/450 1403/464/476 1404/463/445
f 1405/465/16 1406/367/467 1407/456/16
f 1408/365/463 1409/465/16 1410/456/16
f 1411/383/359 1412/464/441 1413/380/358
f 1414/383/359 1415/466/440 1416/464/441
f 1417/388/477 1418/467/478 1419/468/479
f 1420/388/477 1421/469/480 1422/467/478
f 1423/390/334 1424/469/429 1425/388/363
f 1426/390/334 1427/470/428 1428/469/429
f 1429/387/334 1430/390/334 1431/388/363
f 1432/389/364 1433/470/428 1434/390/334
f 1435/389/365 1436/471/426 1437/470/427
f 1438/386/481 1439/388/363 1440/468/482
f 1441/394/366 1442/471/426 1443/389/365
f 1444/394/371 1445/472/422 1446/471/426
f 1447/393/367 1448/472/425 1449/394/366
f 1450/393/370 1451/473/483 1452/472/422
f 1453/397/419 1454/473/420 1455/393/424
f 1456/397/372 1457/474/417 1458/473/418
f 1459/475/484 1460/386/481 1461/468/482
f 1462/475/485 1463/468/482 1464/444/486
f 1465/399/487 1466/474/414 1467/397/416
f 1468/399/375 1469/476/410 1470/474/413
f 1471/391/364 1472/389/364 1473/387/334
f 1474/392/366 1475/394/366 1476/389/365
f 1477/403/378 1478/476/410 1479/399/375
f 1480/403/377 1481/477/408 1482/476/488
f 1483/478/381 1484/479/402 1485/418/395
f 1486/478/381 1487/480/400 1488/479/402
f 1489/405/380 1490/480/400 1491/478/381
f 1492/405/386 1493/414/390 1494/480/489
f 1495/406/381 1496/405/380 1497/478/381
f 1498/406/381 1499/478/381 1500/418/490
f 1501/418/490 1502/481/491 1503/482/492
f 1504/418/395 1505/479/402 1506/481/493
f 1507/419/396 1508/482/396 1509/434/494
f 1510/419/495 1511/418/496 1512/482/495
f 1513/409/393 1514/411/399 1515/413/389
f 1516/413/497 1517/412/388 1518/416/394
f 1519/408/383 1520/410/385 1521/411/387
f 1522/404/386 1523/410/385 1524/405/386
f 1525/425/402 1526/406/381 1527/417/490
f 1528/425/402 1529/417/395 1530/483/493
f 1531/483/493 1532/417/395 1533/419/396
f 1534/483/493 1535/419/396 1536/426/498
f 1537/426/498 1538/419/396 1539/427/404
f 1540/427/404 1541/419/396 1542/434/494
f 1543/482/396 1544/484/498 1545/434/494
f 1546/482/396 1547/481/493 1548/484/498
f 1549/402/378 1550/403/378 1551/399/375
f 1552/401/499 1553/477/407 1554/403/378
f 1555/431/379 1556/485/405 1557/486/407
f 1558/434/494 1559/485/405 1560/431/379
f 1561/434/411 1562/484/498 1563/485/405
f 1564/398/412 1565/402/378 1566/399/375
f 1567/440/429 1568/387/334 1569/386/500
f 1570/440/480 1571/386/481 1572/487/478
f 1573/487/478 1574/386/501 1575/475/484
f 1576/487/478 1577/475/484 1578/441/430
f 1579/441/502 1580/475/485 1581/442/486
f 1582/442/431 1583/475/484 1584/444/431
f 1585/468/482 1586/488/502 1587/444/503
f 1588/468/479 1589/467/478 1590/488/430
f 1591/385/360 1592/466/439 1593/383/361
f 1594/385/437 1595/489/436 1596/466/438
f 1597/444/433 1598/489/435 1599/385/434
f 1600/444/431 1601/488/430 1602/489/504
f 1603/384/437 1604/444/503 1605/385/437
f 1606/373/454 1607/375/453 1608/374/473
f 1609/453/459 1610/370/348 1611/367/346
f 1612/453/459 1613/367/467 1614/490/466
f 1615/490/466 1616/367/467 1617/465/16
f 1618/454/464 1619/490/466 1620/465/16
f 1621/365/463 1622/454/464 1623/465/16
f 1624/366/465 1625/365/463 1626/456/16
f 1627/364/343 1628/366/465 1629/455/464
s 0
f 1630/491/167 1631/492/167 1632/493/167
f 1633/494/167 1634/495/167 1635/496/167
f 1636/497/167 1637/498/167 1638/499/167
s 1
f 1639/500/505 1640/497/506 1641/499/507
s 0
f 1642/499/167 1643/498/167 1644/501/167
f 1645/498/167 1646/502/167 1647/501/167
f 1648/503/167 1649/504/167 1650/501/167
f 1651/502/167 1652/503/167 1653/501/167
f 1654/501/167 1655/504/167 1656/505/167
f 1657/504/167 1658/506/167 1659/505/167
f 1660/505/167 1661/506/167 1662/507/167
f 1663/506/167 1664/494/167 1665/507/167
f 1666/507/167 1667/494/167 1668/508/167
f 1669/508/167 1670/494/167 1671/496/167
f 1672/496/167 1673/495/167 1674/509/167
f 1675/509/167 1676/495/167 1677/510/167
f 1678/495/167 1679/491/167 1680/510/167
f 1681/510/167 1682/491/167 1683/511/167
f 1684/511/167 1685/491/167 1686/493/167
f 1687/493/167 1688/492/167 1689/493/167
f 1690/493/167 1691/492/167 1692/512/167
f 1693/512/167 1694/492/167 1695/513/167
f 1696/513/167 1697/492/167 1698/514/167
f 1699/492/167 1700/515/167 1701/514/167
f 1702/492/167 1703/516/167 1704/515/167
f 1705/492/167 1706/252/167 1707/516/167
f 1708/492/167 1709/517/167 1710/252/167
f 1711/517/167 1712/518/167 1713/252/167
f 1714/518/167 1715/519/167 1716/252/167
f 1717/519/167 1718/255/167 1719/252/167
f 1720/520/1 1721/521/1 1722/522/1
f 1723/523/1 1724/524/1 1725/525/1
s 1
f 1726/526/508 1727/523/509 1728/525/510
s 0
f 1729/526/1 1730/525/1 1731/527/1
f 1732/526/1 1733/526/1 1734/527/1
f 1735/528/1 1736/526/1 1737/527/1
f 1738/529/511 1739/528/511 1740/527/511
f 1741/530/1 1742/529/1 1743/527/1
f 1744/531/1 1745/530/1 1746/527/1
f 1747/532/1 1748/531/1 1749/527/1
f 1750/533/1 1751/532/1 1752/527/1
f 1753/534/1 1754/533/1 1755/527/1
f 1756/535/1 1757/534/1 1758/527/1
f 1759/520/1 1760/535/1 1761/527/1
f 1762/520/1 1763/536/1 1764/535/1
f 1765/520/1 1766/537/1 1767/536/1
f 1768/520/1 1769/538/1 1770/537/1
f 1771/520/1 1772/539/1 1773/538/1
f 1774/520/1 1775/540/1 1776/539/1
f 1777/520/1 1778/541/1 1779/540/1
f 1780/520/1 1781/522/1 1782/541/1
f 1783/520/511 1784/522/511 1785/522/511
f 1786/521/28 1787/542/28 1788/522/28
f 1789/521/1 1790/543/1 1791/542/1
f 1792/544/1 1793/545/1 1794/546/1
f 1795/545/1 1796/547/1 1797/548/1
f 1798/547/1 1799/549/1 1800/550/1
f 1801/549/1 1802/551/1 1803/552/1
f 1804/553/1 1805/554/1 1806/555/1
f 1807/556/1 1808/553/1 1809/557/1
f 1810/558/1 1811/556/1 1812/559/1
f 1813/560/1 1814/558/1 1815/561/1
f 1816/562/1 1817/560/1 1818/563/1
f 1819/564/1 1820/562/1 1821/565/1
f 1822/566/512 1823/564/512 1824/567/512
f 1825/568/1 1826/566/1 1827/569/1
f 1828/570/1 1829/568/1 1830/571/1
f 1831/572/1 1832/573/1 1833/544/1
f 1834/572/1 1835/544/1 1836/574/1
f 1837/574/1 1838/544/1 1839/546/1
f 1840/546/1 1841/545/1 1842/548/1
f 1843/548/1 1844/547/1 1845/550/1
f 1846/550/1 1847/549/1 1848/552/1
f 1849/552/1 1850/551/1 1851/575/1
f 1852/551/1 1853/576/1 1854/575/1
f 1855/575/1 1856/576/1 1857/577/1
f 1858/577/1 1859/578/1 1860/579/1
f 1861/576/1 1862/578/1 1863/577/1
f 1864/579/1 1865/580/1 1866/581/1
f 1867/578/1 1868/580/1 1869/579/1
f 1870/581/1 1871/582/1 1872/583/1
f 1873/580/1 1874/582/1 1875/581/1
f 1876/583/28 1877/584/28 1878/585/28
f 1879/582/1 1880/584/1 1881/583/1
f 1882/585/512 1883/586/512 1884/587/512
s 1
f 1885/584/16 1886/586/16 1887/585/16
s 0
f 1888/587/28 1889/588/28 1890/589/28
f 1891/586/511 1892/588/511 1893/587/511
s 1
f 1894/590/16 1895/570/16 1896/591/16
s 0
f 1897/591/513 1898/570/513 1899/571/513
f 1900/571/1 1901/568/1 1902/569/1
f 1903/569/511 1904/566/511 1905/567/511
f 1906/567/1 1907/564/1 1908/565/1
f 1909/565/1 1910/562/1 1911/563/1
f 1912/563/1 1913/560/1 1914/561/1
f 1915/561/1 1916/558/1 1917/559/1
f 1918/559/1 1919/556/1 1920/557/1
f 1921/557/1 1922/553/1 1923/555/1
f 1924/555/1 1925/554/1 1926/592/1
f 1927/554/1 1928/593/1 1929/592/1
f 1930/592/1 1931/593/1 1932/594/1
f 1933/593/1 1934/595/1 1935/594/1
f 1936/594/1 1937/595/1 1938/572/1
f 1939/595/1 1940/573/1 1941/572/1
s 1
f 1942/596/514 1943/597/515 1944/598/516
f 1945/598/517 1946/599/518 1947/600/519
f 1948/600/520 1949/601/521 1950/602/522
f 1951/602/523 1952/603/524 1953/604/525
f 1954/604/525 1955/605/526 1956/606/527
f 1957/606/528 1958/607/529 1959/608/530
f 1960/608/531 1961/609/532 1962/610/533
f 1963/610/533 1964/611/534 1965/612/535
f 1966/613/535 1967/614/536 1968/615/537
f 1969/615/538 1970/616/539 1971/615/540
f 1972/615/540 1973/617/541 1974/618/542
f 1975/618/543 1976/619/544 1977/620/545
f 1978/621/339 1979/622/338 1980/623/340
f 1981/622/338 1982/619/342 1983/624/546
f 1984/625/547 1985/626/349 1986/627/547
f 1987/628/548 1988/629/453 1989/626/473
f 1990/629/354 1991/630/549 1992/631/453
f 1993/288/550 1994/632/551 1995/633/451
f 1996/634/552 1997/635/553 1998/632/551
f 1999/636/360 2000/637/360 2001/635/554
f 2002/638/555 2003/639/556 2004/640/362
f 2005/641/557 2006/642/364 2007/639/556
f 2008/643/558 2009/644/559 2010/645/558
f 2011/646/372 2012/647/560 2013/644/559
f 2014/648/561 2015/649/562 2016/646/563
f 2017/646/416 2018/649/415 2019/647/416
f 2020/648/564 2021/650/377 2022/649/565
f 2023/286/566 2024/651/566 2025/650/377
f 2026/652/567 2027/653/404 2028/654/499
f 2029/655/382 2030/656/385 2031/656/387
f 2032/657/568 2033/656/385 2034/658/386
f 2035/656/385 2036/659/390 2037/660/386
f 2038/659/390 2039/656/385 2040/655/382
f 2041/655/382 2042/656/387 2043/661/391
f 2044/661/391 2045/656/399 2046/662/569
f 2047/661/392 2048/662/570 2049/663/571
f 2050/657/568 2051/657/387 2052/656/387
f 2053/652/572 2054/653/573 2055/652/567
f 2056/652/574 2057/664/575 2058/653/576
f 2059/656/399 2060/665/577 2061/662/569
f 2062/658/380 2063/660/380 2064/666/381
f 2065/658/386 2066/656/385 2067/660/386
f 2068/656/385 2069/657/568 2070/656/387
f 2071/662/578 2072/665/579 2073/663/394
f 2074/667/364 2075/642/364 2076/641/557
f 2077/668/431 2078/669/431 2079/636/360
f 2080/670/580 2081/634/581 2082/632/580
f 2083/670/582 2084/632/582 2085/288/583
f 2086/634/584 2087/636/437 2088/635/585
f 2089/628/586 2090/628/587 2091/626/349
f 2092/628/588 2093/626/349 2094/625/547
f 2095/619/342 2096/671/589 2097/624/546
f 2098/621/460 2099/620/590 2100/619/462
f 2101/620/590 2102/619/591 2103/619/462
f 2104/618/592 2105/617/593 2106/619/544
f 2107/615/540 2108/616/539 2109/617/594
f 2110/615/595 2111/614/596 2112/616/539
f 2113/612/597 2114/611/598 2115/672/536
f 2116/610/599 2117/609/600 2118/611/601
f 2119/608/531 2120/607/602 2121/609/603
f 2122/606/527 2123/605/526 2124/607/602
f 2125/604/604 2126/603/524 2127/605/605
f 2128/602/606 2129/601/521 2130/603/524
f 2131/600/519 2132/599/518 2133/601/521
f 2134/598/517 2135/597/607 2136/599/608
f 2137/596/609 2138/673/610 2139/597/515
f 2140/674/611 2141/673/610 2142/596/609
f 2143/674/612 2144/675/613 2145/673/614
f 2146/676/381 2147/666/381 2148/677/615
f 2149/678/378 2150/650/378 2151/648/616
f 2152/679/617 2153/644/617 2154/643/371
f 2155/667/364 2156/643/371 2157/642/364
f 2158/679/617 2159/646/416 2160/644/617
f 2161/678/618 2162/286/619 2163/650/618
f 2164/680/620 2165/681/621 2166/675/622
f 2167/680/620 2168/675/622 2169/674/612
f 2170/682/623 2171/683/624 2172/681/625
f 2173/682/626 2174/681/627 2175/680/628
f 2176/684/629 2177/685/630 2178/683/631
f 2179/684/632 2180/683/633 2181/682/634
f 2182/686/635 2183/687/636 2184/685/637
f 2185/686/638 2186/685/639 2187/684/640
f 2188/688/641 2189/689/642 2190/689/643
f 2191/688/644 2192/689/636 2193/690/638
f 2194/691/645 2195/692/646 2196/689/647
f 2197/691/645 2198/689/647 2199/688/648
f 2200/691/649 2201/693/650 2202/692/651
f 2203/691/649 2204/692/651 2205/691/652
f 2206/694/653 2207/665/579 2208/693/650
f 2209/694/654 2210/693/655 2211/691/656
f 2212/665/579 2213/694/653 2214/663/394
f 2215/676/381 2216/658/380 2217/666/381
f 2218/621/460 2219/619/462 2220/622/461
f 2221/623/343 2222/622/461 2223/624/546
f 2224/695/464 2225/624/657 2226/696/658
f 2227/695/466 2228/695/464 2229/696/658
f 2230/697/467 2231/695/466 2232/696/658
f 2233/697/467 2234/698/468 2235/695/466
f 2236/627/659 2237/698/459 2238/697/346
f 2239/627/659 2240/699/458 2241/698/459
f 2242/625/659 2243/627/659 2244/697/346
f 2245/626/349 2246/699/458 2247/627/547
f 2248/626/349 2249/700/455 2250/699/458
f 2251/626/473 2252/700/455 2253/626/349
f 2254/626/473 2255/701/452 2256/700/455
f 2257/631/453 2258/701/452 2259/626/474
f 2260/631/354 2261/701/448 2262/701/449
f 2263/629/453 2264/631/453 2265/626/473
f 2266/630/355 2267/701/448 2268/631/354
f 2269/630/355 2270/702/443 2271/701/447
f 2272/703/583 2273/630/549 2274/629/453
f 2275/632/551 2276/704/445 2277/633/451
f 2278/632/580 2279/705/442 2280/704/443
f 2281/628/660 2282/626/352 2283/626/661
f 2284/635/662 2285/705/441 2286/632/580
f 2287/635/662 2288/706/440 2289/705/441
f 2290/707/663 2291/640/500 2292/708/663
f 2293/707/664 2294/708/664 2295/669/503
f 2296/640/481 2297/709/478 2298/708/665
f 2299/640/481 2300/710/480 2301/709/478
f 2302/638/555 2303/640/362 2304/707/663
f 2305/639/556 2306/710/429 2307/640/362
f 2308/639/556 2309/711/428 2310/710/429
f 2311/642/364 2312/711/428 2313/639/556
f 2314/642/365 2315/712/426 2316/711/427
f 2317/645/366 2318/712/426 2319/642/365
f 2320/645/371 2321/713/422 2322/712/426
f 2323/644/666 2324/713/425 2325/645/366
f 2326/644/617 2327/714/421 2328/713/422
f 2329/641/557 2330/639/556 2331/638/555
f 2332/647/419 2333/714/420 2334/644/667
f 2335/647/372 2336/715/417 2337/714/418
f 2338/649/415 2339/715/414 2340/647/416
f 2341/649/412 2342/716/410 2343/715/413
f 2344/650/378 2345/716/410 2346/649/412
f 2347/650/378 2348/717/407 2349/716/410
f 2350/666/668 2351/718/402 2352/664/669
f 2353/666/381 2354/718/400 2355/718/402
f 2356/660/380 2357/718/400 2358/666/381
f 2359/660/386 2360/659/390 2361/718/489
f 2362/664/669 2363/719/493 2364/653/573
f 2365/664/669 2366/718/402 2367/719/493
f 2368/656/399 2369/657/399 2370/665/577
f 2371/677/615 2372/666/381 2373/664/669
f 2374/677/615 2375/664/669 2376/652/572
f 2377/652/567 2378/653/573 2379/653/404
f 2380/653/670 2381/720/498 2382/653/671
f 2383/653/573 2384/719/493 2385/720/498
f 2386/643/371 2387/645/371 2388/642/364
f 2389/651/376 2390/717/408 2391/650/409
f 2392/721/379 2393/722/405 2394/722/407
f 2395/653/406 2396/722/405 2397/721/379
f 2398/653/406 2399/720/403 2400/722/405
f 2401/654/499 2402/653/404 2403/721/499
f 2404/668/431 2405/707/663 2406/669/431
f 2407/708/665 2408/723/502 2409/669/486
f 2410/708/663 2411/709/478 2412/723/430
f 2413/637/360 2414/706/439 2415/635/554
f 2416/637/437 2417/724/436 2418/706/438
f 2419/669/433 2420/724/504 2421/637/434
f 2422/669/431 2423/723/430 2424/724/432
f 2425/636/437 2426/669/503 2427/637/437
f 2428/725/346 2429/625/659 2430/697/346
f 2431/725/467 2432/697/467 2433/726/672
f 2434/726/672 2435/697/467 2436/696/658
f 2437/671/673 2438/726/672 2439/696/658
f 2440/624/657 2441/671/673 2442/696/658
f 2443/623/343 2444/624/657 2445/695/464
s 0
f 2446/727/167 2447/728/167 2448/729/167
f 2449/730/167 2450/731/167 2451/732/167
f 2452/733/674 2453/734/674 2454/735/674
s 1
f 2455/736/505 2456/733/506 2457/735/507
s 0
f 2458/735/167 2459/734/167 2460/737/167
f 2461/734/167 2462/738/167 2463/737/167
f 2464/739/167 2465/740/167 2466/737/167
f 2467/738/167 2468/739/167 2469/737/167
f 2470/737/167 2471/740/167 2472/741/167
f 2473/740/167 2474/742/167 2475/741/167
f 2476/741/167 2477/742/167 2478/743/167
f 2479/742/167 2480/730/167 2481/743/167
f 2482/743/167 2483/730/167 2484/744/167
f 2485/744/167 2486/730/167 2487/732/167
f 2488/732/167 2489/731/167 2490/745/167
f 2491/745/167 2492/731/167 2493/745/167
f 2494/731/167 2495/727/167 2496/745/167
f 2497/745/167 2498/727/167 2499/746/167
f 2500/746/167 2501/727/167 2502/729/167
f 2503/729/167 2504/728/167 2505/729/167
f 2506/729/167 2507/728/167 2508/747/167
f 2509/747/167 2510/728/167 2511/748/167
f 2512/748/167 2513/728/167 2514/749/167
f 2515/728/167 2516/750/167 2517/749/167
f 2518/728/167 2519/751/167 2520/750/167
f 2521/728/167 2522/752/167 2523/751/167
f 2524/728/167 2525/753/167 2526/752/167
f 2527/753/167 2528/754/167 2529/752/167
f 2530/754/167 2531/755/167 2532/752/167
f 2533/755/167 2534/756/167 2535/752/167
f 2536/757/28 2537/758/28 2538/759/28
f 2539/757/28 2540/316/28 2541/758/28
f 2542/760/28 2543/761/28 2544/303/28
f 2545/762/28 2546/758/28 2547/763/28
f 2548/763/28 2549/758/28 2550/764/28
f 2551/764/28 2552/758/28 2553/765/28
f 2554/765/28 2555/758/28 2556/766/28
f 2557/766/28 2558/758/28 2559/767/28
f 2560/767/28 2561/758/28 2562/761/28
f 2563/768/28 2564/767/28 2565/761/28
f 2566/769/28 2567/768/28 2568/761/28
f 2569/770/28 2570/769/28 2571/761/28
f 2572/771/28 2573/770/28 2574/761/28
f 2575/772/28 2576/771/28 2577/761/28
f 2578/773/28 2579/772/28 2580/761/28
f 2581/774/28 2582/773/28 2583/761/28
f 2584/775/28 2585/774/28 2586/761/28
f 2587/775/28 2588/761/28 2589/760/28
f 2590/776/28 2591/760/28 2592/303/28
f 2593/777/28 2594/776/28 2595/303/28
f 2596/778/28 2597/777/28 2598/303/28
f 2599/779/28 2600/778/28 2601/303/28
f 2602/780/28 2603/779/28 2604/303/28
f 2605/781/28 2606/780/28 2607/303/28
f 2608/782/28 2609/781/28 2610/303/28
f 2611/783/28 2612/782/28 2613/303/28
f 2614/784/28 2615/783/28 2616/303/28
f 2617/785/28 2618/784/28 2619/303/28
f 2620/786/28 2621/785/28 2622/303/28
f 2623/787/28 2624/786/28 2625/303/28
f 2626/788/28 2627/787/28 2628/303/28
f 2629/789/28 2630/788/28 2631/303/28
f 2632/790/28 2633/789/28 2634/303/28
f 2635/791/28 2636/790/28 2637/303/28
f 2638/792/28 2639/791/28 2640/303/28
f 2641/793/28 2642/792/28 2643/303/28
f 2644/794/28 2645/793/28 2646/303/28
f 2647/795/28 2648/794/28 2649/303/28
f 2650/316/28 2651/795/28 2652/303/28
f 2653/316/28 2654/796/28 2655/795/28
f 2656/316/28 2657/797/28 2658/796/28
f 2659/316/28 2660/798/28 2661/797/28
f 2662/316/28 2663/799/28 2664/798/28
f 2665/316/28 2666/800/28 2667/799/28
f 2668/316/28 2669/801/28 2670/800/28
f 2671/316/28 2672/802/28 2673/801/28
f 2674/316/28 2675/803/28 2676/802/28
f 2677/316/28 2678/804/28 2679/803/28
f 2680/316/28 2681/805/28 2682/804/28
f 2683/316/28 2684/806/28 2685/805/28
f 2686/316/28 2687/807/28 2688/806/28
f 2689/316/28 2690/808/28 2691/807/28
f 2692/808/28 2693/316/28 2694/809/28
f 2695/809/28 2696/316/28 2697/810/28
f 2698/810/28 2699/316/28 2700/811/28
f 2701/811/28 2702/316/28 2703/812/28
f 2704/812/28 2705/316/28 2706/813/28
f 2707/813/28 2708/316/28 2709/757/28
f 2710/814/28 2711/758/28 2712/815/28
f 2713/815/28 2714/758/28 2715/762/28
f 2716/759/28 2717/758/28 2718/814/28
f 2719/816/16 2720/817/16 2721/818/16
f 2722/238/16 2723/819/16 2724/816/16
f 2725/238/16 2726/820/16 2727/819/16
f 2728/238/16 2729/821/16 2730/820/16
f 2731/238/16 2732/822/16 2733/821/16
f 2734/238/16 2735/823/16 2736/822/16
f 2737/238/16 2738/824/16 2739/823/16
f 2740/238/16 2741/825/16 2742/824/16
f 2743/825/16 2744/238/16 2745/826/16
f 2746/826/16 2747/238/16 2748/827/16
f 2749/827/16 2750/238/16 2751/828/16
f 2752/828/16 2753/238/16 2754/829/16
f 2755/829/16 2756/238/16 2757/830/16
f 2758/830/16 2759/238/16 2760/831/16
f 2761/831/16 2762/238/16 2763/832/16
f 2764/832/16 2765/238/16 2766/833/16
f 2767/833/16 2768/238/16 2769/834/16
f 2770/834/16 2771/238/16 2772/835/16
f 2773/835/16 2774/238/16 2775/836/16
f 2776/836/16 2777/238/16 2778/837/16
f 2779/837/16 2780/238/16 2781/838/16
f 2782/838/16 2783/238/16 2784/236/16
f 2785/839/16 2786/838/16 2787/236/16
f 2788/840/16 2789/839/16 2790/236/16
f 2791/841/16 2792/840/16 2793/236/16
f 2794/842/16 2795/841/16 2796/236/16
f 2797/843/16 2798/842/16 2799/236/16
f 2800/844/16 2801/843/16 2802/236/16
f 2803/845/16 2804/844/16 2805/236/16
f 2806/846/16 2807/845/16 2808/236/16
f 2809/847/16 2810/846/16 2811/236/16
f 2812/848/16 2813/847/16 2814/236/16
f 2815/849/16 2816/848/16 2817/236/16
f 2818/850/16 2819/849/16 2820/236/16
f 2821/851/16 2822/850/16 2823/236/16
f 2824/852/16 2825/851/16 2826/236/16
f 2827/853/16 2828/852/16 2829/236/16
f 2830/854/16 2831/853/16 2832/236/16
f 2833/855/16 2834/854/16 2835/236/16
f 2836/856/16 2837/855/16 2838/236/16
f 2839/857/16 2840/856/16 2841/236/16
f 2842/858/16 2843/857/16 2844/236/16
f 2845/818/16 2846/858/16 2847/236/16
f 2848/818/16 2849/859/16 2850/858/16
f 2851/860/16 2852/859/16 2853/818/16
f 2854/861/16 2855/860/16 2856/818/16
f 2857/862/16 2858/861/16 2859/818/16
f 2860/863/16 2861/862/16 2862/818/16
f 2863/864/16 2864/863/16 2865/818/16
f 2866/865/16 2867/864/16 2868/818/16
f 2869/866/16 2870/865/16 2871/818/16
f 2872/817/16 2873/866/16 2874/818/16
f 2875/816/16 2876/867/16 2877/817/16
f 2878/816/16 2879/868/16 2880/867/16
f 2881/816/16 2882/869/16 2883/868/16
f 2884/816/16 2885/870/16 2886/869/16
f 2887/816/16 2888/871/16 2889/870/16
f 2890/816/16 2891/872/16 2892/871/16
f 2893/816/16 2894/873/16 2895/872/16
f 2896/816/16 2897/874/16 2898/873/16
f 2899/816/16 2900/819/16 2901/874/16
f 2902/875/334 2903/215/334 2904/217/334
f 2905/876/334 2906/215/334 2907/875/334
s 1
f 2908/520/675 2909/527/675 2910/877/675
f 2911/878/675 2912/520/675 2913/877/675
s 0
f 2914/879/6 2915/880/6 2916/294/6
f 2917/295/6 2918/879/6 2919/294/6
s 1
f 2920/881/676 2921/882/676 2922/220/676
f 2923/219/676 2924/881/676 2925/220/676
f 2926/883/677 2927/884/678 2928/885/679
f 2929/885/679 2930/886/680 2931/887/681
f 2932/887/682 2933/888/683 2934/889/684
f 2935/889/685 2936/890/686 2937/891/687
f 2938/891/688 2939/892/689 2940/893/690
f 2941/893/691 2942/894/692 2943/895/693
f 2944/895/693 2945/896/694 2946/897/695
f 2947/897/695 2948/898/696 2949/899/697
f 2950/899/698 2951/900/699 2952/901/700
f 2953/901/700 2954/902/701 2955/903/702
f 2956/903/702 2957/904/703 2958/905/704
f 2959/905/704 2960/906/705 2961/907/706
f 2962/908/707 2963/909/708 2964/910/708
f 2965/911/705 2966/909/708 2967/908/707
f 2968/904/709 2969/906/705 2970/905/704
f 2971/902/710 2972/904/709 2973/903/702
f 2974/900/699 2975/902/701 2976/901/700
f 2977/898/711 2978/900/699 2979/899/698
f 2980/896/712 2981/898/696 2982/897/695
f 2983/894/713 2984/896/694 2985/895/693
f 2986/892/714 2987/894/692 2988/893/691
f 2989/890/686 2990/892/689 2991/891/688
f 2992/888/715 2993/890/686 2994/889/685
f 2995/886/716 2996/888/683 2997/887/682
f 2998/884/678 2999/886/680 3000/885/679
f 3001/912/717 3002/884/678 3003/883/677
f 3004/913/718 3005/912/717 3006/883/719
f 3007/914/720 3008/912/717 3009/913/718
f 3010/915/721 3011/914/720 3012/913/722
f 3013/916/721 3014/914/720 3015/915/721
f 3016/917/723 3017/918/721 3018/919/721
f 3019/920/723 3020/917/723 3021/919/721
f 3022/910/708 3023/921/708 3024/922/708
f 3025/909/708 3026/921/708 3027/910/708
f 3028/923/724 3029/924/725 3030/925/726
f 3031/926/727 3032/925/728 3033/927/729
f 3034/928/730 3035/927/731 3036/929/732
f 3037/930/733 3038/931/734 3039/929/732
f 3040/932/735 3041/933/736 3042/930/737
f 3043/934/738 3044/935/739 3045/932/740
f 3046/936/741 3047/937/742 3048/934/738
f 3049/938/743 3050/939/744 3051/924/725
f 3052/923/724 3053/938/743 3054/924/725
f 3055/926/727 3056/923/724 3057/925/726
f 3058/928/730 3059/926/727 3060/927/731
f 3061/931/734 3062/928/730 3063/929/732
f 3064/933/745 3065/931/734 3066/930/733
f 3067/935/739 3068/933/736 3069/932/740
f 3070/937/742 3071/935/746 3072/934/747
f 3073/940/748 3074/937/742 3075/936/749
f 3076/941/750 3077/940/751 3078/936/749
f 3079/921/708 3080/940/752 3081/941/753
f 3082/922/708 3083/941/753 3084/942/754
f 3085/942/755 3086/936/749 3087/943/756
f 3088/943/756 3089/934/747 3090/944/746
f 3091/944/739 3092/932/740 3093/945/757
f 3094/945/758 3095/930/733 3096/946/734
f 3097/946/734 3098/929/732 3099/947/759
f 3100/927/731 3101/948/727 3102/947/759
f 3103/925/726 3104/949/724 3105/948/727
f 3106/924/725 3107/950/760 3108/949/724
f 3109/939/761 3110/951/762 3111/950/760
f 3112/952/763 3113/953/764 3114/951/765
f 3115/954/766 3116/264/767 3117/953/764
f 3118/955/768 3119/956/769 3120/957/767
f 3121/958/770 3122/959/771 3123/956/772
f 3124/960/773 3125/961/774 3126/959/771
f 3127/962/775 3128/963/776 3129/961/774
f 3130/964/777 3131/965/778 3132/963/776
f 3133/966/762 3134/952/763 3135/939/779
f 3136/938/743 3137/966/762 3138/939/761
f 3139/967/780 3140/954/781 3141/952/763
f 3142/966/765 3143/967/782 3144/952/763
f 3145/968/767 3146/955/768 3147/969/766
f 3148/967/782 3149/265/767 3150/954/766
f 3151/970/769 3152/958/783 3153/955/768
f 3154/968/767 3155/970/769 3156/955/768
f 3157/971/771 3158/960/784 3159/958/770
f 3160/970/772 3161/971/771 3162/958/770
f 3163/972/774 3164/962/775 3165/960/784
f 3166/971/771 3167/972/774 3168/960/773
f 3169/973/776 3170/964/777 3171/962/775
f 3172/972/774 3173/973/776 3174/962/775
f 3175/974/785 3176/975/786 3177/964/777
f 3178/973/776 3179/974/787 3180/964/777
f 3181/975/788 3182/976/6 3183/977/6
f 3184/975/786 3185/978/789 3186/965/790
f 3187/975/788 3188/977/6 3189/978/791
f 3190/964/777 3191/975/786 3192/965/790
f 3193/962/775 3194/964/777 3195/963/776
f 3196/960/784 3197/962/775 3198/961/774
f 3199/958/770 3200/960/784 3201/959/771
f 3202/955/768 3203/958/783 3204/956/769
f 3205/969/766 3206/955/768 3207/957/792
f 3208/952/763 3209/954/781 3210/953/764
f 3211/939/779 3212/952/763 3213/951/762
f 3214/924/725 3215/939/744 3216/950/760
f 3217/925/726 3218/924/725 3219/949/724
f 3220/927/729 3221/925/728 3222/948/727
f 3223/929/732 3224/927/731 3225/947/759
f 3226/930/733 3227/929/732 3228/946/734
f 3229/932/735 3230/930/737 3231/945/757
f 3232/934/738 3233/932/740 3234/944/739
f 3235/936/741 3236/934/738 3237/943/756
f 3238/941/750 3239/936/749 3240/942/793
f 3241/921/708 3242/941/794 3243/922/708
s 0
f 3244/979/6 3245/980/6 3246/977/6
f 3247/976/6 3248/979/6 3249/977/6
s 1
f 3250/981/795 3251/982/796 3252/983/797
f 3253/984/798 3254/983/799 3255/985/800
f 3256/986/801 3257/987/802 3258/988/803
f 3259/989/804 3260/988/805 3261/990/806
f 3262/991/807 3263/990/806 3264/992/808
f 3265/993/809 3266/992/810 3267/994/811
f 3268/995/812 3269/994/811 3270/996/813
f 3271/997/814 3272/998/815 3273/982/796
f 3274/981/816 3275/997/814 3276/982/796
f 3277/984/798 3278/981/817 3279/983/799
f 3280/986/801 3281/906/818 3282/987/802
f 3283/989/819 3284/986/801 3285/988/803
f 3286/991/807 3287/989/804 3288/990/806
f 3289/993/809 3290/991/820 3291/992/810
f 3292/995/821 3293/993/822 3294/994/811
f 3295/999/823 3296/995/812 3297/996/813
f 3298/999/823 3299/996/824 3300/1000/825
f 3301/979/6 3302/999/823 3303/1000/825
f 3304/1000/825 3305/1001/826 3306/980/6
f 3307/996/813 3308/1002/827 3309/1001/828
f 3310/994/811 3311/1003/829 3312/1002/827
f 3313/992/810 3314/1004/830 3315/1003/829
f 3316/990/806 3317/1005/804 3318/1004/831
f 3319/988/803 3320/1006/801 3321/1005/819
f 3322/987/802 3323/907/818 3324/1006/801
f 3325/983/799 3326/1007/832 3327/1008/798
f 3328/982/796 3329/1009/814 3330/1007/833
f 3331/998/815 3332/1010/834 3333/1009/814
f 3334/1011/835 3335/1012/836 3336/1010/837
f 3337/1013/838 3338/1014/839 3339/1012/836
f 3340/1015/840 3341/1016/841 3342/1014/839
f 3343/1016/841 3344/1017/842 3345/1018/843
f 3346/1018/843 3347/1019/844 3348/1020/845
f 3349/1020/845 3350/1021/846 3351/1022/847
f 3352/1022/847 3353/1023/848 3354/1024/849
f 3355/1025/834 3356/1011/850 3357/998/815
f 3358/997/814 3359/1025/834 3360/998/815
f 3361/1026/851 3362/1013/838 3363/1011/835
f 3364/1025/837 3365/1026/852 3366/1011/835
f 3367/1027/839 3368/1015/840 3369/1013/838
f 3370/1026/852 3371/1027/839 3372/1013/838
f 3373/1028/841 3374/1017/842 3375/1015/840
f 3376/1027/839 3377/1028/841 3378/1015/840
f 3379/1017/842 3380/1029/843 3381/1019/844
f 3382/1028/841 3383/1029/843 3384/1017/842
f 3385/1019/844 3386/1030/845 3387/1021/853
f 3388/1029/843 3389/1030/845 3390/1019/844
f 3391/1021/853 3392/1031/847 3393/1023/848
f 3394/1030/845 3395/1031/847 3396/1021/846
f 3397/1023/854 3398/1032/855 3399/1033/856
f 3400/1031/847 3401/1032/857 3402/1023/848
f 3403/1033/856 3404/1034/858 3405/1035/858
f 3406/1024/859 3407/1033/856 3408/1036/860
f 3409/1036/861 3410/1033/856 3411/1035/858
f 3412/1023/854 3413/1033/856 3414/1024/859
f 3415/1021/853 3416/1023/848 3417/1022/847
f 3418/1019/844 3419/1021/853 3420/1020/845
f 3421/1017/842 3422/1019/844 3423/1018/843
f 3424/1015/840 3425/1017/842 3426/1016/841
f 3427/1013/838 3428/1015/840 3429/1014/839
f 3430/1011/835 3431/1013/838 3432/1012/862
f 3433/998/815 3434/1011/850 3435/1010/834
f 3436/982/796 3437/998/815 3438/1009/814
f 3439/983/797 3440/982/796 3441/1007/863
f 3442/985/800 3443/983/799 3444/1008/798
f 3445/988/803 3446/987/802 3447/1006/801
f 3448/990/806 3449/988/805 3450/1005/804
f 3451/992/808 3452/990/806 3453/1004/831
f 3454/994/811 3455/992/810 3456/1003/829
f 3457/996/813 3458/994/811 3459/1002/864
f 3460/1000/825 3461/996/824 3462/1001/826
f 3463/979/6 3464/1000/825 3465/980/6
f 3466/1035/723 3467/917/723 3468/920/723
f 3469/1034/723 3470/917/723 3471/1035/723
s 0
f 3472/1037/334 3473/1038/334 3474/1039/334
f 3475/1039/334 3476/1038/334 3477/1040/334
f 3478/160/1 3479/1041/1 3480/1042/1
f 3481/1041/1 3482/1043/1 3483/1042/1
f 3484/1044/6 3485/1045/6 3486/1046/6
f 3487/1045/6 3488/1047/6 3489/1046/6
f 3490/1048/167 3491/1049/167 3492/1050/167
f 3493/1050/167 3494/1049/167 3495/1051/167
f 3496/1052/16 3497/1053/16 3498/1054/16
f 3499/1053/16 3500/1055/16 3501/1054/16
f 3502/1056/28 3503/1057/28 3504/1058/28
f 3505/1059/28 3506/1057/28 3507/1056/28
